model,V,U,light,Nt_cm3,nodes,iterations,scaled_residual,J_Acm2,pair_source_Acm2,photo_Acm2,bim_Acm2,expected_particle_output_Acm2,electron_out_Acm2,hole_out_Acm2,electron_cycle_error_Acm2,hole_cycle_error_Acm2,Jn_left_Acm2,Jn_right_Acm2,Jp_left_Acm2,Jp_right_Acm2,nonlocal_mean_Acm2,nonlocal_max_Acm2,total_current_spread_Acm2,nonlocal_boundary_error_Acm2,budget_Acm2,error_Acm2,gate_passed,relative_error,field_mean_bulk_Vcm,field_center_Vcm,field_min_bulk_Vcm,field_max_bulk_Vcm,field_max_Vcm,f_mean,f_min,f_max,f_center,n_mean_cm3,p_mean_cm3,trap_charge_Ccm2,trap_abs_charge_Ccm2,carrier_charge_Ccm2,carrier_abs_charge_Ccm2,poisson_charge_Ccm2,field_jump_charge_Ccm2,charge_relative_error,I_Acm2,DD_I_Acm2,excess_I_Acm2,I_per_Nt,excess_per_Nt,pair_per_Nt,normalized_pair_vs_Nt15,normalized_excess_vs_Nt15,excess_slope_Acm2V,excess_curvature_Acm2V2,log_excess_slope_perV,log_excess_curvature_perV2
PF,0.0,0.0,0.0,100000000000000.0,81,4,5.2533511308909e-15,0.0,0.0,0.0,0.0,0.0,0.0,0.0,0.0,0.0,0.0,0.0,-0.0,-0.0,0.0,0.0,0.0,0.0,1e-17,0.0,True,0.0,116082.48702055846,115973.6476416513,115973.6476416513,116961.71773755726,191077.03782772005,0.4999999999999999,2.097431319041081e-10,0.9999999997902569,0.5,1.4687126328509614e+16,1.4687126328509602e+16,-4.669280145030985e-27,7.41095809390407e-11,-2.05078609152e-23,4.6474456965042685e-08,-1.53808956864e-23,1.4430683732405306e-22,3.430561772341302e-15,-0.0,-0.0,0.0,-0.0,0.0,0.0,,,2.5235336933813413e-11,-1.442953999706887e-11,,
PF,-0.25,0.25,0.0,100000000000000.0,81,11,6.022907055509431e-15,-8.555502334215078e-12,8.555499397812297e-12,0.0,-2.2435082358201817e-19,8.555499622163121e-12,8.55549962216313e-12,8.555499622163123e-12,9.693522803355793e-27,1.6155871338926322e-27,-1.3560259757026456e-18,-8.555500978189107e-12,-8.555500978189099e-12,-1.3560259757026446e-18,-7.522852467891933e-13,3.651506493205837e-12,4.52364397489937e-26,8.066879747144961e-28,8.555500978189107e-20,4.52364397489937e-26,True,5.2874098038579894e-15,141996.73135341104,141946.59811750078,141946.59811750078,142348.79070550122,205694.4138714254,0.5,2.2510383106024977e-10,0.9999999997748962,0.4999999999999999,1.24664290317497e+16,1.2466429031749666e+16,4.669280145030985e-27,6.295225842207309e-11,-5.1269652288e-23,3.9447507075449204e-08,-4.99879109808e-23,-1.8038354665506632e-23,8.086354057595617e-16,8.555502334215078e-12,1.9413261460580053e-12,6.6141761881570724e-12,8.555502334215078e-26,6.614176188157073e-26,8.555499397812297e-26,1.0039878639361812,1.005641087537549,3.247458318457483e-11,7.23435100031602e-11,4.909845498630921,-13.168937988301355
PF,-0.5,0.5,0.0,100000000000000.0,81,9,6.087281349130721e-15,-2.1274520266332175e-11,2.127451703541001e-11,0.0,-2.252415810942722e-19,2.127451726065159e-11,2.127451726065153e-11,2.1274517260651595e-11,-6.139231108792002e-26,3.2311742677852644e-27,-1.50284030758527e-18,-2.1274518763491837e-11,-2.12745187634919e-11,-1.5028403075852703e-18,-1.967479533114009e-12,6.1530042752798506e-12,1.6802106192483375e-25,1.3064990791224284e-28,2.1274518763491902e-19,1.6802106192483375e-25,True,7.89776087500348e-15,167650.0509291988,167623.96566212212,167623.96566212212,167803.63391033327,222003.79536336003,0.5000000000000001,2.435740848320606e-10,0.999999999756426,0.5,1.0634503007863024e+16,1.0634503007863096e+16,-2.2901707378009118e-26,5.350011726334106e-11,1.127932350336e-22,3.365074566093431e-08,1.1151149372639999e-22,-6.133040586272255e-22,2.1505170509461153e-14,2.1274520266332175e-11,3.0818359411496544e-12,1.819268432518252e-11,2.1274520266332177e-25,1.819268432518252e-25,2.127451703541001e-25,1.003775835726603,1.004507256390916,6.14070919353935e-11,1.591165600033891e-10,3.375372805781778,-2.6469578285829183
PF,-0.75,0.75,0.0,100000000000000.0,81,9,1.2632016996309479e-14,-4.304860448359688e-11,4.304860094993587e-11,0.0,-2.25909502650541e-19,4.304860117584537e-11,4.304860117584547e-11,4.304860117584538e-11,9.693522803355793e-26,6.462348535570529e-27,-1.6538757250498253e-18,-4.30486028297212e-11,-4.304860282972111e-11,-1.6538757250498068e-18,-4.104372047665762e-12,1.008589625414149e-11,3.877409121342317e-25,1.3336288270034402e-27,4.30486028297212e-19,3.877409121342317e-25,True,9.007049861012712e-15,193128.39585242287,193112.96511026612,193112.96511026612,193206.27343352005,239708.43246605177,0.5000000000000002,2.6534394390535646e-10,0.999999999734656,0.5,9111984225189298.0,9111984225189312.0,-1.3563147087947147e-26,4.651011902885495e-11,1.9226119607999998e-23,2.8833041224503175e-08,2.17896022224e-23,3.0665202931361275e-22,9.86381068396684e-15,4.304860448359688e-11,3.923110452738258e-12,3.912549403085862e-11,4.3048604483596885e-25,3.912549403085862e-25,4.304860094993587e-25,1.0034282198455937,1.0037666512587513,1.0960282884359197e-10,2.7280483230338713e-10,2.8013148858170904,-0.8748056609032089
PF,-1.0,1.0,0.0,100000000000000.0,81,8,1.0933788214057372e-14,-8.044009413727155e-11,8.04400902935164e-11,0.0,-2.264336939260421e-19,8.044009051995009e-11,8.044009051995041e-11,8.044009051995012e-11,3.2311742677852644e-25,2.5849394142282115e-26,-1.808660644015527e-18,-8.044009232861105e-11,-8.044009232861076e-11,-1.808660644015516e-18,-7.812839699895505e-12,1.647837966331507e-11,8.142559154818866e-25,4.837435084579437e-27,8.044009232861105e-19,8.142559154818866e-25,True,1.0122513437149187e-14,218486.70150050294,218476.716141085,218476.716141085,218534.21795644157,258561.54236745473,0.5,2.906691671478688e-10,0.9999999997093308,0.4999999999999999,7838441773649120.0,7838441773649131.0,-1.7787733885832325e-26,4.112828276001744e-11,2.05078609152e-23,2.4803172306860984e-08,2.05078609152e-23,6.764382999564987e-22,2.6401646392556687e-14,8.044009413727155e-11,4.5708272018398026e-12,7.586926693543174e-11,8.044009413727155e-25,7.586926693543174e-25,8.04400902935164e-25,1.0030753950555187,1.003237591135478,1.9060187238915148e-10,4.5842932265366826e-10,2.5122408596798818,-0.26899546968362387
PF,-1.25,1.25,0.0,100000000000000.0,81,8,9.401639705239505e-15,-1.4430396522039735e-10,1.443039610601781e-10,0.0,-2.268538012646791e-19,1.443039612870319e-10,1.4430396128703176e-10,1.4430396128703192e-10,-1.2924697071141057e-25,2.5849394142282115e-26,-1.966682753371118e-18,-1.4430396325371452e-10,-1.4430396325371467e-10,-1.9666827533711135e-18,-1.4175155748892421e-11,2.687115985177607e-11,1.809457589959748e-24,1.1084013228780124e-28,1.4430396325371467e-18,1.809457589959748e-24,True,1.2539209243881727e-14,243760.65181098395,243753.82011626635,243753.82011626635,243794.62006983435,278360.8496766488,0.5000000000000002,3.1987159662432146e-10,0.9999999996801284,0.5,6766854129692156.0,6766854129692185.0,-1.7565387212259422e-26,3.685100095807423e-11,4.4860945752e-23,2.141234875499443e-08,4.7424428366399997e-23,1.4430683732405306e-22,4.516830933499316e-15,1.4430396522039735e-10,5.085614681022706e-12,1.3921835053937465e-10,1.4430396522039735e-24,1.3921835053937466e-24,1.4430396106017811e-24,1.0027569685638256,1.0028368336236353,3.266126570980788e-10,7.669956181524758e-10,2.346046019311973,0.005367784546550958
PF,-1.5,1.5,0.0,100000000000000.0,81,7,1.83701065765919e-13,-2.526348616618936e-10,2.526348571797032e-10,0.0,-2.2719551575356394e-19,2.526348574068987e-10,2.526348574068993e-10,2.526348574068988e-10,5.686866711302065e-25,1.0339757656912846e-25,-2.127497272877816e-18,-2.5263485953439655e-10,-2.526348595343961e-10,-2.1274972728778085e-18,-2.4989043028885954e-11,4.376237508389936e-11,1.6901367865989738e-21,3.725913373048083e-27,2.5263485953439654e-18,1.6901367865989738e-21,True,6.690037905750135e-12,268973.93182073144,268969.1045319629,268969.1045319629,269000.7347539911,298941.90506945865,0.4999999999999999,3.533409609973422e-10,0.9999999996466591,0.5,5860245920997118.0,5860245920997135.0,2.2012320683717502e-26,3.3366925738076554e-11,2.9480050065599996e-23,1.8543569440681324e-08,2.69165674512e-23,-4.689972213031724e-22,2.6695133091960673e-14,2.526348616618936e-10,5.5049424360377765e-12,2.4712991922585584e-10,2.526348616618936e-24,2.4712991922585584e-24,2.5263485717970324e-24,1.002480775095444,1.0025209487405813,5.539808537918153e-10,1.2781971731884843e-09,2.2416583776144225,0.14713455724816438
PF,-1.75,1.75,0.0,100000000000000.0,81,7,1.2145760454921692e-14,-4.352260400170328e-10,4.3522603520810347e-10,0.0,-2.2747575863964877e-19,4.352260354355792e-10,4.352260354355776e-10,4.352260354355792e-10,-1.6026624368214911e-24,0.0,-2.2907271769481875e-18,-4.352260377263048e-10,-4.352260377263064e-10,-2.2907271769481832e-18,-4.323289621744842e-11,7.120653233689953e-11,1.4010371625116906e-23,1.2811463908728563e-26,4.352260377263064e-18,1.4010371625116906e-23,True,3.2191023538732725e-14,294142.6306296218,294139.1591637839,294139.1591637839,294164.83110301074,320171.45276781026,0.4999999999999999,3.9153813017033346e-10,0.999999999608462,0.4999999999999982,5089331114804545.0,5089331114804593.0,1.4007840435092957e-26,3.047256972800141e-11,7.17775132032e-23,1.6104164604032085e-08,7.434099581759999e-23,3.0665202931361275e-22,1.439828060484356e-14,4.352260400170328e-10,5.8532989570187235e-12,4.2937274106001406e-10,4.352260400170328e-24,4.2937274106001405e-24,4.352260352081035e-24,1.0022442915656649,1.002264851369442,9.3259609423867e-10,2.1229032540397516e-09,2.1719965080603933,0.22662778657622784
PF,-2.0,2.0,0.0,100000000000000.0,81,7,1.1457150613914977e-14,-7.413092197960532e-10,7.413092146562386e-10,0.0,-2.277046869714603e-19,7.413092148839434e-10,7.413092148839406e-10,7.413092148839435e-10,-2.7917345673664684e-24,1.0339757656912846e-25,-2.4560555765156526e-18,-7.413092173399962e-10,-7.41309217339999e-10,-2.4560555765156495e-18,-7.382949363028472e-11,1.1578372638237834e-10,6.617444900424222e-24,9.185694835810612e-26,7.41309217339999e-18,6.617444900424222e-24,True,8.926699878586767e-15,319277.92786735506,319275.4105588165,319275.4105588165,319296.67079400126,341941.49874065974,0.4999999999999999,4.3499986915580603e-10,0.9999999995650002,0.49999999999999994,4430762599619901.0,4430762599619935.5,1.2229067046509723e-26,2.8029115175163668e-11,5.63966175168e-23,1.4020257006871815e-08,5.575574686319999e-23,-1.2626848265854642e-22,1.2957041729085109e-14,7.413092197960532e-10,6.147390070953525e-12,7.351618297250996e-10,7.413092197960532e-24,7.351618297250997e-24,7.413092146562387e-24,1.0020421824625747,1.0020528554203525,1.5609985783236378e-09,3.5157673754305042e-09,2.1233400799757853,0.27373092719728476
PF,-2.25,2.25,0.0,100000000000000.0,81,7,1.3141095031192647e-14,-1.2520843878701325e-09,1.2520843823958196e-09,0.0,-2.278849471747562e-19,1.2520843826237046e-09,1.2520843826236959e-09,1.2520843826237044e-09,-8.68539643180679e-24,-2.0679515313825692e-25,-2.623216187181614e-18,-1.252084385246912e-09,-1.2520843852469205e-09,-2.623216187181623e-18,-1.2489889644400614e-10,1.8817182127927788e-10,1.406207041340147e-23,4.9929716037297335e-27,1.2520843852469206e-17,1.406207041340147e-23,True,1.1230928665106166e-14,344387.75861334207,344385.9296490004,344385.9296490004,344403.6450993124,364164.30357989075,0.5000000000000001,4.843451165875277e-10,0.9999999995156549,0.5,3865804986024767.0,3865804986024819.0,-2.4235787419446542e-26,2.5938341254447767e-11,8.13905730072e-23,1.2232562277855368e-08,8.20314436608e-23,-1.172493053257931e-21,1.0233914698771322e-13,1.2520843878701325e-09,6.399036052819394e-12,1.2456853518173132e-09,1.2520843878701326e-23,1.2456853518173131e-23,1.2520843823958196e-23,1.001868872357137,1.00187447954339,2.6011138656021164e-09,5.808484608836538e-09,2.088098621218743,0.30272679363986565
PF,-2.5,2.5,0.0,100000000000000.0,81,7,1.363264874926929e-14,-2.10125192573916e-09,2.101251919927188e-09,0.0,-2.280065297523346e-19,2.1012519201551946e-09,2.1012519201551892e-09,2.101251920155194e-09,-5.37667398159468e-24,-8.271806125530277e-25,-2.7919842451227833e-18,-2.1012519229471736e-09,-2.101251922947178e-09,-2.7919842451227868e-18,-2.0981170543759097e-10,3.056966388856784e-10,3.639594695233322e-23,1.4252026171156776e-26,2.1012519229471782e-17,3.639594695233322e-23,True,1.732107728486212e-14,369477.8661854286,369476.541462074,369476.541462074,369491.2745038597,386768.29620817525,0.5000000000000001,5.402828141315079e-10,0.9999999994597172,0.5,3379321284064392.0,3379321284064413.5,-1.2896107067228435e-26,2.4128632578284975e-11,3.3966144640799997e-23,1.0693182456862464e-08,3.3966144640799997e-23,2.5253696531709284e-22,2.0394184584540834e-14,2.10125192573916e-09,6.616855425829189e-12,2.094635070313331e-09,2.10125192573916e-23,2.094635070313331e-23,2.101251919927188e-23,1.001719458443858,1.001722434344356,4.31874105592308e-09,9.576082048533776e-09,2.061810726427421,0.3206550984886407
PF,-2.75,2.75,0.0,100000000000000.0,81,6,1.111824976510076e-12,-3.5086243478172916e-09,3.5086243416649096e-09,0.0,-2.2803192726169095e-19,3.5086243418929413e-09,3.5086243418929666e-09,3.508624341892942e-09,2.5229008682867344e-23,8.271806125530277e-25,-2.962168694241638e-18,-3.508624344855135e-09,-3.5086243448551107e-09,-2.9621686942416258e-18,-3.505503941478085e-10,4.964682266287642e-10,1.002464320256077e-19,5.247038479817806e-26,3.508624344855135e-17,1.002464320256077e-19,True,2.8571434890886472e-11,394552.4823422669,394551.5301975213,394551.5301975213,394563.6884894466,409694.80383514345,0.5000000000000002,6.036213302828672e-10,0.9999999993963786,0.5000000000000027,2958996956638507.0,2958996956638495.5,-1.867712058012394e-26,2.2546554175444362e-11,-1.73035076472e-23,9.363150667993754e-09,-1.73035076472e-23,8.478026692788117e-22,9.217281955182839e-14,3.5086243478172916e-09,6.807278857783662e-12,3.501817068959508e-09,3.5086243478172915e-23,3.501817068959508e-23,3.50862434166491e-23,1.001589642406183,1.0015912356685819,7.1491745608525255e-09,1.5760342160707482e-08,2.0415614008577423,0.33264539704324925
PF,-3.0,3.0,0.0,100000000000000.0,81,6,8.717398389945763e-14,-5.8349674315405855e-09,5.834967425045499e-09,0.0,-2.2785783548246147e-19,5.8349674252733565e-09,5.83496742527339e-09,5.834967425273358e-09,3.3914405114674135e-23,1.6543612251060553e-24,-3.133605798021383e-18,-5.834967428406996e-09,-5.834967428406964e-09,-3.133605798021368e-18,-5.831937281573085e-10,8.060889936757516e-10,1.1337337475651797e-20,7.086142826469351e-25,5.834967428406996e-17,1.1337337475651797e-20,True,1.9429992737332214e-12,419614.775835236,419614.0996858322,419614.0996858322,419624.00328929484,432895.4647471264,0.5000000000000002,6.75279553138086e-10,0.9999999993247205,0.5000000000000001,2594744239788111.0,2594744239788106.5,-3.5353121098091746e-26,2.115283553750472e-11,-7.6904478432e-24,8.21054621087542e-09,-7.6904478432e-24,-8.658410239443182e-22,1.042495079514804e-13,5.8349674315405855e-09,6.9750324471782985e-12,5.827992399093407e-09,5.834967431540586e-23,5.827992399093407e-23,5.834967425045499e-23,1.0014761865137085,1.00147704618524,1.1805844248708287e-08,2.5901495568022823e-08,2.0257137347236047,0.34080942242061685
PF,-3.25,3.25,0.0,100000000000000.0,81,6,2.300771646899221e-14,-9.67214439458416e-09,9.672144387744664e-09,0.0,-2.2721855096155506e-19,9.672144387971883e-09,9.672144387971813e-09,9.672144387971884e-09,-6.948317145445432e-23,1.6543612251060553e-24,-3.3061540751789726e-18,-9.672144391277968e-09,-9.672144391278039e-09,-3.306154075178985e-18,-9.669316654417915e-10,1.3085314981674716e-09,1.7271531190107218e-21,2.238762291421955e-25,9.67214439127804e-17,1.7271531190107218e-21,True,1.7856982372680467e-13,444667.15585659916,444666.6843052611,444666.6843052611,444674.5930672087,456330.184806788,0.5000000000000002,7.562997255597545e-10,0.9999999992437003,0.5,2278243495925899.0,2278243495925934.0,-1.867712058012394e-26,1.9914414551239284e-11,5.63966175168e-23,7.209043265111837e-09,5.63966175168e-23,-3.968438026411459e-22,6.269789357841562e-14,9.67214439458416e-09,7.124095083831499e-12,9.665020299500327e-09,9.67214439458416e-23,9.665020299500327e-23,9.672144387744664e-23,1.0013772086330224,1.001377675514647,1.9457990395092905e-08,4.2501341827238393e-08,2.013238440492346,0.3443104604010552
PF,-3.5,3.5,0.0,100000000000000.0,81,6,1.582795463620779e-14,-1.598998576504074e-08,1.5989985757855867e-08,0.0,-2.25443961799833e-19,1.598998575808131e-08,1.5989985758081397e-08,1.5989985758081314e-08,8.602678370551488e-23,3.308722450212111e-24,-3.4796903103301536e-18,-1.5989985761561087e-08,-1.5989985761561005e-08,-3.479690310330145e-18,-1.5987531812031704e-09,2.123774154439223e-09,3.6065074707312007e-22,2.3128625940353254e-24,1.5989985761561087e-16,3.6065074707312007e-22,True,2.255478850644768e-14,469711.47883851995,469711.15770332085,469711.15770332085,469717.2920457158,479965.5362364354,0.5000000000000001,8.478621785422467e-10,0.9999999991521379,0.5000000000000036,2002588432011541.8,2002588432011539.0,-2.957210758519624e-26,1.8805286095340036e-11,-4.8065299019999996e-24,6.336788254405653e-09,-4.8065299019999996e-24,1.8038354665506633e-22,2.913812450813212e-14,1.598998576504074e-08,7.257596525744833e-12,1.5982728168514992e-08,1.5989985765040738e-22,1.5982728168514993e-22,1.5989985757855867e-22,1.001288374607208,1.0012886296380428,3.200717849943303e-08,6.967789201609358e-08,2.0026104531068256,0.3491257387249549
PF,-3.75,3.75,0.0,100000000000000.0,81,6,2.3295690330904313e-14,-2.637310919569531e-08,2.637310918816623e-08,0.0,-2.2085747936047007e-19,2.6373109188387088e-08,2.6373109188387098e-08,2.6373109188387098e-08,9.926167350636332e-24,9.926167350636332e-24,-3.654106467098077e-18,-2.6373109192041205e-08,-2.6373109192041205e-08,-3.654106467098077e-18,-2.6371295501145337e-09,3.4463844465426576e-09,4.400600858782107e-22,1.872042771843869e-24,2.6373109192041206e-16,4.400600858782107e-22,True,1.6685938797501004e-14,494749.19085419737,494748.97883093054,494748.97883093054,494753.5506873031,503773.50459003623,0.4999999999999999,9.513021099963067e-10,0.999999999048698,0.500000000000004,1762010330024005.8,1762010330024014.5,9.78325363720778e-27,1.7811990362962658e-11,1.34582837256e-23,5.57552722911607e-09,1.34582837256e-23,-9.199560879408383e-22,1.668796275515766e-13,2.637310919569531e-08,7.377156641892134e-12,2.636573203905342e-08,2.637310919569531e-22,2.636573203905342e-22,2.637310918816623e-22,1.0012110017991565,1.0012111419009688,5.258198313929313e-08,1.14085946691805e-07,1.9943304840316098,0.34969993598583216
PF,-4.0,4.0,0.0,100000000000000.0,81,6,2.458730948833431e-14,-4.341963678828971e-08,4.3419636780422e-08,0.0,-2.0925828762439586e-19,4.341963678063126e-08,4.34196367806309e-08,4.341963678063128e-08,-3.5734202462290796e-22,1.9852334701272664e-23,-3.829307325231346e-18,-4.341963678446021e-08,-4.341963678446059e-08,-3.829307325231352e-18,-4.34188813302293e-09,5.591820057032411e-09,1.0257039595657543e-21,3.542214612633179e-24,4.341963678446059e-16,1.0257039595657543e-21,True,2.3623043293923694e-14,519781.43772799487,519781.303156881,519781.303156881,519784.51378886437,527730.4601686076,0.4999999999999999,1.0681282929019034e-09,0.9999999989318716,0.5,1551662896219363.2,1551662896219390.8,2.8905067564477526e-27,1.6907974884215995e-11,4.38996397716e-23,4.9099250645848675e-09,4.35792044448e-23,6.493807679582388e-22,1.2295962775084734e-13,4.341963678828971e-08,7.485971070765387e-12,4.341215081721894e-08,4.34196367882897e-22,4.341215081721895e-22,4.3419636780422e-22,1.0011396313643641,1.0011397086445042,8.62668677446001e-08,1.8652512223291207e-07,1.9871594961469476,0.34780807923914914
PF,-4.25,4.25,0.0,100000000000000.0,81,6,2.176476136500341e-14,-7.13620365483557e-08,7.136203654016477e-08,0.0,-1.8016564773134692e-19,7.136203654034493e-08,7.136203654034557e-08,7.136203654034496e-08,6.352747104407253e-22,2.6469779601696886e-23,-4.005208613650741e-18,-7.136203654435078e-08,-7.136203654435017e-08,-4.005208613650717e-18,-7.136299768664863e-09,9.071341018099197e-09,1.3234889800848443e-21,3.564960357571436e-24,7.136203654435078e-16,1.3234889800848443e-21,True,1.8546121217579174e-14,544809.1277290129,544809.0469024187,544809.0469024187,544811.1509103315,551816.4128913174,0.5000000000000001,1.200044242839194e-09,0.9999999987999558,0.49999999999999606,1367452350303608.8,1367452350303600.0,-2.356874739872783e-26,1.608960579339678e-11,-1.31378483988e-23,4.327027811917781e-09,-1.24969777452e-23,1.4069916639095174e-21,3.268363425500715e-13,7.13620365483557e-08,7.584477103280311e-12,7.135445207125241e-08,7.13620365483557e-22,7.135445207125242e-22,7.136203654016477e-22,1.0010781154235242,1.0010781582240573,1.412922168021435e-07,3.0485128501193484e-07,1.9801457750814668,0.35137399463511443
PF,-4.5,4.5,0.0,100000000000000.0,81,6,2.3337288101623666e-14,-1.1709955875467803e-07,1.1709955874620661e-07,0.0,-1.0742472694956647e-19,1.1709955874631404e-07,1.1709955874631507e-07,1.1709955874631403e-07,1.0323214044661785e-21,-1.3234889800848443e-23,-4.181735607453238e-18,-1.1709955875049681e-07,-1.1709955875049576e-07,-4.181735607453215e-18,-1.1710327486053585e-08,1.4712869236341812e-08,2.276401045745932e-21,8.803366046094726e-25,1.1709955875049681e-15,2.276401045745932e-21,True,1.9439877229565343e-14,569832.9937901127,569832.9469526407,569832.9469526407,569834.246500367,576014.346128827,0.5,1.3489709385534104e-09,0.9999999986510292,0.5,1205903632387630.2,1205903632387623.5,6.225706860041314e-27,1.534951183976099e-11,-1.1215236438e-23,3.8158393357894185e-09,-1.08948011112e-23,1.4430683732405307e-21,3.795070349013751e-13,1.1709955875467803e-07,7.673562371596011e-12,1.1709188519230644e-07,1.1709955875467803e-21,1.1709188519230643e-21,1.170995587462066e-21,1.001020072960867,1.001020096804643,2.313681646466898e-07,4.963074498118145e-07,1.97595387815903,0.3342215178394121
PF,-4.75,4.75,0.0,100000000000000.0,81,6,2.434497624360924e-14,-1.919347143308165e-07,1.9193471432217412e-07,0.0,7.45744857200117e-20,1.9193471432209955e-07,1.9193471432209825e-07,1.9193471432209944e-07,-1.2970192004831474e-21,-1.0587911840678754e-22,-4.35882190551954e-18,-1.9193471432645709e-07,-1.9193471432645828e-07,-4.358821905519543e-18,-1.919428349177557e-08,2.3854244720604295e-08,3.494010907423989e-21,2.7453390501127145e-23,1.919347143264583e-15,3.494010907423989e-21,True,1.8204163429660197e-14,594853.6396370534,594853.6143391792,594853.6143391792,594854.3307513443,600309.6828025898,0.5000000000000001,1.51707066358622e-09,0.9999999984829293,0.5,1064053581243480.9,1064053581243494.6,-1.467488045581167e-26,1.46505458558831e-11,2.2430472876e-23,3.3669832967609134e-09,2.33917788564e-23,2.886136746481061e-22,7.84300992287362e-14,1.919347143308165e-07,7.757697494013306e-12,1.9192695663332248e-07,1.919347143308165e-21,1.9192695663332248e-21,1.9193471432217412e-21,1.0009675269843152,1.000967540251274,3.7849972328579877e-07,7.96157503177148e-07,1.9721029808695638,0.2590416244754197
PF,-5.0,5.0,0.0,100000000000000.0,81,6,2.3041224034398203e-14,-3.1389552589975375e-07,3.138955258912101e-07,0.0,5.276291599933925e-19,3.1389552589068245e-07,3.138955258906795e-07,3.1389552589068245e-07,-2.964615315390051e-21,0.0,-4.536407676753979e-18,-3.138955258952159e-07,-3.1389552589521884e-07,-4.536407676753996e-18,-3.139106430557275e-08,3.8639548781001e-08,5.399835038746165e-21,1.5595562321346093e-23,3.1389552589521885e-15,5.399835038746165e-21,True,1.7202650542233847e-14,619871.5396311518,619871.5271496518,619871.5271496518,619871.867252968,624690.0028801087,0.5,1.7067714708979056e-09,0.9999999982932284,0.5,939364397239481.9,939364397239498.8,2.2234667357290406e-27,1.4028915762921466e-11,2.65961321244e-23,2.9724293204605213e-09,2.75574381048e-23,2.1646025598607956e-22,6.325311789031857e-14,3.1389552589975375e-07,7.832526044293736e-12,3.1388769337370946e-07,3.1389552589975377e-21,3.1388769337370946e-21,3.138955258912101e-21,1.0009213471431986,1.0009213545636,6.396352104887388e-07,8.99083070397892e-07,2.0377836531717723,-1.2882158621227857
PF,-5.25,5.25,0.0,100000000000000.0,81,6,2.7137635642283457e-14,-5.102296484141403e-07,5.102296484063485e-07,0.0,1.6383994348938532e-18,5.102296484047101e-07,5.102296484047126e-07,5.102296484047101e-07,2.541098841762901e-21,0.0,-4.714438548601534e-18,-5.102296484094271e-07,-5.102296484094246e-07,-4.714438548601526e-18,-5.102557420743479e-08,6.226569688316737e-08,9.105604182983729e-21,1.8664106085604688e-23,5.102296484094272e-15,9.105604182983729e-21,True,1.7846089915333684e-14,644887.1010031931,644887.0948633889,644887.0948633889,644887.2403511952,649144.5457784196,0.5,1.9207867097159184e-09,0.9999999980792132,0.5,829655290137676.8,829655290137675.4,-6.670400207187122e-28,1.3462191874630795e-11,-2.2430472876e-24,2.6252767085072515e-09,-2.5634826144e-24,-1.0823012799303978e-22,4.00443645211242e-14,5.102296484141403e-07,7.900749060908169e-12,5.102217476650794e-07,5.102296484141403e-21,5.1022174766507935e-21,5.102296484063485e-21,1.0008666927213545,1.0008666967799904,8.927206115364356e-07,5.097568099053665e-07,1.7496718154837194,-2.0622627083548375
PF,-5.5,5.5,0.0,100000000000000.0,81,5,1.3244652306289018e-12,-7.445525498756482e-07,7.445525498693469e-07,0.0,3.4960917695852985e-18,7.445525498658508e-07,7.445525498658743e-07,7.445525498658505e-07,2.3505164286306834e-20,-3.1763735522036263e-22,-4.892868020158554e-18,-7.445525498707672e-07,-7.445525498707434e-07,-4.892868020158541e-18,-7.44591201141625e-08,9.009601000942714e-08,9.23448024590847e-17,7.627862818434374e-24,7.445525498707672e-15,9.23448024590847e-17,True,1.2402724626369635e-10,669900.6712122113,669900.6677638426,669900.6677638426,669900.7282526352,673663.9861589283,0.5,2.1622065313293994e-09,0.9999999978377935,0.5,733045577943802.1,733045577943781.6,-1.3340800414374244e-26,1.29044841218539e-11,-3.22037503434e-23,2.319574466738562e-09,-3.2524185670199996e-23,-7.936876052822918e-22,3.2633227136168983e-13,7.445525498756482e-07,7.967895505026432e-12,7.445445819801432e-07,7.445525498756483e-21,7.445445819801432e-21,7.445525498693469e-21,1.0006806539938111,1.0006806550064171,8.944085933725478e-07,2.549572620003497e-07,1.2012827908757806,-1.1006465013150297
PF,-5.75,5.75,0.0,100000000000000.0,81,5,1.097432335164543e-12,-9.5902826054557e-07,9.59028260540991e-07,0.0,5.5711381390674534e-18,9.590282605354198e-07,9.590282605354335e-07,9.5902826053542e-07,1.376428539288238e-20,2.117582368135751e-22,-5.0716523160056216e-18,-9.590282605405051e-07,-9.590282605404916e-07,-5.0716523160056e-18,-9.590776700735046e-08,1.1515663614107321e-07,4.368106557343064e-17,3.39561310368375e-23,9.59028260540991e-15,4.368106557343064e-17,True,4.5547214165294786e-11,694912.5198669276,694912.517491737,694912.517491737,694912.5438039872,698240.3454275028,0.5000000000000001,2.434596884922767e-09,0.999999997565403,0.5,647908043129033.4,647908043129006.5,-8.004480248624545e-27,1.23912916315505e-11,-4.27781161278e-23,2.0501736570066794e-09,-4.27781161278e-23,7.936876052822918e-22,4.0554616631018296e-13,9.5902826054557e-07,8.029670087219373e-12,9.590202308754828e-07,9.590282605455699e-21,9.590202308754829e-21,9.590282605409909e-21,1.00061646429435,1.0006164646729003,9.253550079927696e-07,5.23897763153541e-07,0.964896232843826,-0.3847403696218351
PF,-6.0,6.0,0.0,100000000000000.0,81,5,6.634774539203001e-13,-1.2210578615025861e-06,1.2210578615006835e-06,0.0,8.605025957649153e-18,1.2210578614920785e-06,1.2210578614920895e-06,1.2210578614920797e-06,1.1011428314305904e-20,1.2705494208814505e-21,-5.250750573241195e-18,-1.2210578614973402e-06,-1.2210578614973305e-06,-5.250750573241187e-18,-1.2211199909261424e-07,1.4566123399104024e-07,2.3845036256392622e-17,7.790583882825e-24,1.2210578615006835e-14,2.3845036256392622e-17,True,1.9528178809714233e-11,719922.8730778941,719922.8710609233,719922.8710609233,719922.8843047837,722866.6933122767,0.5000000000000001,2.7417751109442336e-09,0.999999997258225,0.5,572831532678095.8,572831532678076.4,-1.912181392726975e-26,1.1951959263834201e-11,-3.06015737094e-23,1.8126088978033124e-09,-3.06015737094e-23,-7.215341866202653e-23,2.2773598379393536e-14,1.2210578615025861e-06,8.082563294032122e-12,1.2210497789392922e-06,1.2210578615025862e-20,1.2210497789392922e-20,1.2210578615006834e-20,1.000570993889159,1.000570993998516,1.1639285914829884e-06,1.0106006552233872e-06,0.9532196078804223,-0.08097859895338078
PF,-6.25,6.25,0.0,100000000000000.0,81,5,3.106005953300661e-14,-1.5462064312904737e-06,1.5462064312927086e-06,0.0,1.31047058614053e-17,1.546206431279604e-06,1.5462064312796226e-06,1.546206431279604e-06,1.8634724839594607e-20,0.0,-5.430128696699466e-18,-1.5462064312850527e-06,-1.546206431285034e-06,-5.430128696699444e-18,-1.546283933838227e-07,1.8332965040511539e-07,4.785736151986797e-20,1.2216596834249999e-23,1.5462064312927088e-14,4.785736151986797e-20,True,3.095146970760996e-14,744931.9412540724,744931.93929065,744931.93929065,744931.947790644,747536.9062309209,0.5,3.0880578596070766e-09,0.9999999969119422,0.5,506589376917815.7,506589376917795.9,-2.0233547295134268e-26,1.1542031067545697e-11,-3.1242444363e-23,1.6029986264031143e-09,-3.14026620264e-23,3.246903839791194e-22,2.205535678819982e-13,1.5462064312904737e-06,8.13193051393275e-12,1.5461982993599598e-06,1.5462064312904737e-20,1.5461982993599598e-20,1.5462064312927087e-20,1.0005305462571015,1.0005305462420298,1.4473160216047316e-06,1.2678680783781907e-06,0.9360481266884333,-0.05619549084166109
PF,-6.5,6.5,0.0,100000000000000.0,81,5,4.280886818275187e-14,-1.9501915385274097e-06,1.950191538535993e-06,0.0,1.978844164081404e-17,1.9501915385162047e-06,1.950191538516175e-06,1.9501915385162043e-06,-2.964615315390051e-20,-4.235164736271502e-22,-5.609756110274848e-18,-1.950191538521785e-06,-1.9501915385218142e-06,-5.609756110274881e-18,-1.9502877367527813e-07,2.2978417591873165e-07,7.326834993749698e-20,1.0734583447799999e-23,1.9501915385359932e-14,7.326834993749698e-20,True,3.7569822496768423e-14,769939.9060446437,769939.9039902542,769939.9039902542,769939.9110145109,772245.6373392248,0.5,3.4782416135025086e-09,0.9999999965217583,0.5,448112707526024.7,448112707526022.75,-1.467488045581167e-26,1.1117117100676195e-11,-3.1242444363e-24,1.4179606111557628e-09,-3.1242444363e-24,-2.344986106515862e-21,1.6387203283525041e-12,1.9501915385274097e-06,8.183120422064514e-12,1.9501833554069877e-06,1.9501915385274097e-20,1.9501833554069876e-20,1.950191538535993e-20,1.000495782937028,1.0004957828735082,1.7959348588478106e-06,1.542774468067938e-06,0.9209056440095671,-0.056975196414466245
PF,-6.75,6.75,0.0,100000000000000.0,81,5,2.848383687604182e-14,-2.450149011513912e-06,2.450149011531976e-06,0.0,2.9646591677362014e-17,2.4501490115023296e-06,2.4501490115023355e-06,2.450149011502331e-06,5.929230630780102e-21,1.2705494208814505e-21,-5.7896055952251995e-18,-2.450149011508125e-06,-2.4501490115081203e-06,-5.7896055952251956e-18,-2.4502678348739985e-07,2.869214187483188e-07,8.004461351553138e-20,1.58615486766e-23,2.450149011531976e-14,8.004461351553138e-20,True,3.2669283843060147e-14,794946.9081252499,794946.9058937418,794946.9058937418,794946.912774833,796988.2950093847,0.5000000000000001,3.917618286073322e-09,0.9999999960823818,0.5,396468210529661.56,396468210529651.9,-1.3563147087947147e-26,1.0697427804976566e-11,-1.5461004518099998e-23,1.254541556219537e-09,-1.5461004518099998e-23,-3.246903839791194e-22,2.4440347608926114e-13,2.450149011513912e-06,8.233711063337769e-12,2.4501407778028484e-06,2.450149011513912e-20,2.4501407778028485e-20,2.450149011531976e-20,1.0004686570045096,1.000468656937005,2.2153351529411114e-06,1.8540780145214096e-06,0.904166476069878,-0.06079396146398286
PF,-7.0,7.0,0.0,100000000000000.0,81,5,3.863936201392229e-14,-3.0647933076256078e-06,3.0647933076576963e-06,0.0,4.400705749738808e-17,3.064793307613689e-06,3.0647933076136456e-06,3.0647933076136917e-06,-4.362219678359647e-20,2.541098841762901e-21,-5.96965299142681e-18,-3.064793307619615e-06,-3.064793307619661e-06,-5.969652991426844e-18,-3.0649392119443e-07,3.5699730094319266e-07,1.0206747014414319e-19,1.140749763408e-22,3.064793307657696e-14,1.0206747014414319e-19,True,3.330321489841331e-14,819953.0594105665,819953.0569340077,819953.0569340077,819953.0642793436,821760.9050230124,0.5,4.411972236930181e-09,0.9999999955880278,0.5,350839690045703.0,350839690045701.9,-6.670400207187122e-28,1.0333092212449013e-11,-2.0027207925e-24,1.1101587639786429e-09,-2.0027207925e-24,-1.6956053385576234e-21,1.5114775522439345e-12,3.0647933076256078e-06,8.277686644119828e-12,3.0647850299389636e-06,3.0647933076256077e-20,3.064785029938964e-20,3.064793307657696e-20,1.0004474628637299,1.0004474628198912,2.716197902597544e-06,2.2324029152061785e-06,0.8862604965972567,-0.0570532631483881
PF,-7.25,7.25,0.0,100000000000000.0,81,5,5.659846760538527e-14,-3.8170145505726515e-06,3.817014550625059e-06,0.0,6.474228620247122e-17,3.817014550560317e-06,3.8170145505603865e-06,3.817014550560318e-06,6.945670167485263e-20,8.470329472543003e-22,-6.149876706175935e-18,-3.817014550566536e-06,-3.817014550566467e-06,-6.149876706175904e-18,-3.8171926778452805e-07,4.4269890968303035e-07,1.3129010682441655e-19,8.84401501968e-23,3.817014550625059e-14,1.3129010682441655e-19,True,3.4396019476246695e-14,844958.4633679836,844958.4605804433,844958.4605804433,844958.4687367775,846559.9394169579,0.5000000000000001,4.967541623594278e-09,0.9999999950324584,0.5,310512458264636.56,310512458264622.56,-9.116213616489067e-27,1.003487225855101e-11,-2.2190146380899998e-23,9.82550735510008e-10,-2.2270255212599998e-23,2.8139833278190348e-21,2.857429744777663e-12,3.8170145505726515e-06,8.31378022568566e-12,3.817006236792426e-06,3.8170145505726517e-20,3.8170062367924257e-20,3.817014550625059e-20,1.0004286621966514,1.0004286621922118,3.321122497637941e-06,2.7112455675451227e-06,0.8700856879995055,-0.046742283002594975
PF,-7.5,7.5,0.0,100000000000000.0,81,5,4.743335495700508e-14,-4.7365216658474256e-06,4.736521665929376e-06,0.0,9.461732558111172e-17,4.736521665834759e-06,4.736521665834772e-06,4.73652166583476e-06,1.2705494208814505e-20,8.470329472543003e-22,-6.33025733604295e-18,-4.736521665841102e-06,-4.73652166584109e-06,-6.330257336042947e-18,-4.7367382111117394e-07,5.472231656054257e-07,1.6178329292557136e-19,1.40991543792e-22,4.736521665929376e-14,1.6178329292557136e-19,True,3.415656136217147e-14,869963.2197264477,869963.2165567906,869963.2165567906,869963.2257896464,871382.2411549413,0.5000000000000001,5.5909252626823435e-09,0.9999999944090747,0.5,274859854101007.03,274859854100999.84,-7.782133575051642e-27,9.767213622315565e-12,-1.13754541014e-23,8.697345075873285e-10,-1.13754541014e-23,2.5614463625019417e-21,2.9253035321404768e-12,4.7365216658474256e-06,8.346316457863213e-12,4.736513319530968e-06,4.736521665847426e-20,4.736513319530968e-20,4.736521665929376e-20,1.0004102597592828,1.0004102598019018,4.060108949752906e-06,3.30365207104196e-06,0.8571936096983166,-0.03729481233310816
PF,-7.75,7.75,0.0,100000000000000.0,81,5,4.5539047908380983e-14,-5.860607982177248e-06,5.860607982301879e-06,0.0,1.3769894678509788e-16,5.86060798216418e-06,5.860607982164274e-06,5.8606079821641785e-06,9.402065714522734e-20,-1.6940658945086007e-21,-6.510777465330962e-18,-5.860607982170785e-06,-5.86060798217069e-06,-6.5107774653309324e-18,-5.860870547956496e-07,6.743670046413875e-07,2.498747194400186e-19,2.255864700672e-22,5.860607982301879e-14,2.498747194400186e-19,True,4.263631353514878e-14,894967.4177858736,894967.4141538573,894967.4141538573,894967.4247188959,896225.0208838186,0.5000000000000001,6.2889048490986e-09,0.9999999937110953,0.5,243331655627127.6,243331655627117.06,-1.423018710866586e-26,9.487046209412097e-12,-1.65024193302e-23,7.699689865116567e-10,-1.65024193302e-23,3.6076709331013264e-23,6.745574216361912e-14,5.860607982177248e-06,8.380552204131163e-12,5.860599601625044e-06,5.860607982177249e-20,5.860599601625045e-20,5.860607982301879e-20,1.0003923478069872,1.0003923479005679,4.962498175527095e-06,3.998141140224357e-06,0.846756051061922,-0.034788969072452214
PF,-8.0,8.0,0.0,100000000000000.0,81,5,4.173105720918565e-14,-7.233213517909786e-06,7.233213518096113e-06,0.0,1.9975983542063037e-16,7.233213517896353e-06,7.233213517896444e-06,7.23321351789636e-06,9.063252535621014e-20,6.776263578034403e-21,-6.691421537316588e-18,-7.233213517903136e-06,-7.233213517903052e-06,-6.691421537316566e-18,-7.233531287525504e-07,8.286317380851645e-07,2.515687853345272e-19,2.5634826144e-23,7.233213518096114e-14,2.515687853345272e-19,True,3.477967084825442e-14,919971.1306293032,919971.1264428175,919971.1264428175,919971.1386165249,921085.8559749796,0.5000000000000001,7.068137675046424e-09,0.9999999929318625,0.5,215444195326330.25,215444195326322.06,-1.200672037293682e-26,9.17805124110729e-12,-1.293757631955e-23,6.817236734336232e-10,-1.28975219037e-23,-3.6076709331013267e-22,5.034963211446634e-13,7.233213517909786e-06,8.418568611103117e-12,7.233205099341174e-06,7.233213517909786e-20,7.233205099341174e-20,7.233213518096114e-20,1.0003763273321016,1.0003763274799438,6.050938328349944e-06,4.7760208276746e-06,0.8365500832958663,-0.039524958990964754
PF,-8.25,8.25,0.0,100000000000000.0,81,5,4.640995668240199e-14,-8.903054406577895e-06,8.903054406852786e-06,0.0,2.886176379104765e-16,8.903054406564168e-06,8.903054406564133e-06,8.90305440656417e-06,-3.5575383784680614e-20,1.6940658945086007e-21,-6.872175729239594e-18,-8.903054406571006e-06,-8.903054406571043e-06,-6.872175729239603e-18,-8.90343806579752e-07,1.0153438762636447e-06,3.3203691532368573e-19,4.10157218304e-23,8.903054406852787e-14,3.3203691532368573e-19,True,3.729471933453681e-14,944974.4141964642,944974.409349058,944974.409349058,944974.4234444353,945962.6653870572,0.5000000000000001,7.934658296148928e-09,0.9999999920653417,0.5,190771912431749.66,190771912431746.22,-1.1339680352218107e-26,8.862381378192886e-12,-5.4474005556e-24,6.036519383481587e-10,-5.3672917238999996e-24,-6.493807679582388e-22,1.0514132806156602e-12,8.903054406577895e-06,8.457885122272973e-12,8.903045948692773e-06,8.903054406577896e-20,8.903045948692774e-20,8.903054406852786e-20,1.0003634844093516,1.0003634846156204,7.342110214864814e-06,5.641589020502548e-06,0.8246739663230481,-0.04641761189962901
PF,-8.5,8.5,0.0,100000000000000.0,81,5,4.3299105215143144e-14,-1.0923277604703634e-05,1.0923277605104144e-05,0.0,4.145605297264967e-16,1.0923277604689584e-05,1.092327760468947e-05,1.0923277604689587e-05,-1.1350241493207625e-19,3.3881317890172014e-21,-7.053027781331008e-18,-1.0923277604696523e-05,-1.092327760469664e-05,-7.053027781331029e-18,-1.092373917650447e-06,1.2407950417079484e-06,3.2526065174565133e-19,0.0,1.0923277605104144e-13,3.2526065174565133e-19,True,2.9776836541594993e-14,969977.3123451271,969977.3067134317,969977.3067134317,969977.3230906033,970853.6484054662,0.49999999999999983,8.893108212547306e-09,0.9999999911068918,0.5,168940101008980.6,168940101008978.88,2.2234667357290406e-27,8.582500597258111e-12,-2.6836458619499998e-24,5.345680744604277e-10,-2.6435914461e-24,-1.4069916639095174e-21,2.5855170615978093e-12,1.0923277604703634e-05,8.493680690117306e-12,1.0923269111022944e-05,1.0923277604703633e-19,1.0923269111022944e-19,1.0923277605104143e-19,1.0003536838731693,1.0003536841429483,8.85865331477483e-06,6.638392951231077e-06,0.8109892033910746,-0.04997398105709994
PF,-8.75,8.75,0.0,100000000000000.0,81,4,6.507139718880194e-13,-1.3354789573267172e-05,1.335478957384375e-05,0.0,5.912733799450006e-16,1.3354789573252477e-05,1.3354789573252557e-05,1.3354789573252852e-05,7.962109704190423e-20,3.7438856268640075e-19,-7.233966787253264e-18,-1.335478957325979e-05,-1.3354789573260085e-05,-7.233966787253305e-18,-1.3355342497814252e-06,1.5124038537486073e-06,3.79259002133113e-16,4.10157218304e-23,1.335478957384375e-13,3.79259002133113e-16,True,2.8398725418775382e-11,994979.8646488553,994979.8580897494,994979.8580897494,994979.8771654135,995757.207551975,0.4999999999999999,9.945596215688205e-09,0.9999999900544037,0.49999999999999994,149618633592142.94,149618633592143.53,-6.892746880760025e-27,8.368436405224361e-12,1.00136039625e-24,4.734274330157528e-10,1.00136039625e-24,-3.3551339677842337e-21,6.9657326744879404e-12,1.3354789573267172e-05,8.522782439008407e-12,1.3354781050484733e-05,1.3354789573267173e-19,1.3354781050484733e-19,1.335478957384375e-19,1.0003457062395658,1.0003457065786199,1.0641397289990242e-05,7.829834529725871e-06,0.7968230441040436,-0.048632474763118605
PF,-9.0,9.0,0.0,100000000000000.0,81,4,4.949351875759891e-13,-1.627113451480152e-05,1.627113451562389e-05,0.0,8.374352974383442e-16,1.6271134514786456e-05,1.6271134514786588e-05,1.6271134514786788e-05,1.3213713977167085e-19,3.3203691532368573e-19,-7.414983017993717e-18,-1.6271134514794005e-05,-1.6271134514794205e-05,-7.414983017993746e-18,-1.6271794069026414e-06,1.8389032367169303e-06,2.0876990457566191e-16,1.4765659858943999e-21,1.627113451562389e-13,2.0876990457566191e-16,True,1.2830691331031441e-11,1019982.1102830357,1019982.1026304861,1019982.1026304861,1019982.1248876547,1020671.9012702479,0.5,1.1090088382071675e-08,0.9999999889099117,0.5,132516479323010.2,132516479323009.27,4.446933471458081e-28,8.223399201850252e-12,-1.5220678023e-24,4.1930907045672583e-10,-1.5220678023e-24,-3.968438026411459e-22,9.246315662044379e-13,1.627113451480152e-05,8.545449182950401e-12,1.6271125969352337e-05,1.627113451480152e-19,1.6271125969352336e-19,1.627113451562389e-19,1.0003384620097493,1.0003384624244123,1.2748427044792229e-05,9.267699562858215e-06,0.783499990646294,-0.04429274955211626
PF,-9.25,9.25,0.0,100000000000000.0,81,4,3.1151979954135486e-13,-1.9761717509630126e-05,1.976171751079356e-05,0.0,1.1787991150133926e-15,1.976171750961476e-05,1.9761717509614802e-05,1.9761717509615063e-05,4.0657581468206416e-20,3.015437292225309e-19,-7.596067803541041e-18,-1.9761717509622398e-05,-1.976171750962266e-05,-7.596067803541069e-18,-1.9762501367934187e-06,2.230556273222362e-06,9.60230430325365e-17,8.20314436608e-23,1.9761717510793561e-13,9.60230430325365e-17,True,4.85904339944593e-12,1044984.0869439606,1044984.0780054345,1044984.0780054345,1044984.104004108,1045596.4335471053,0.5,1.231825226172734e-08,0.9999999876817478,0.5,117376912268152.17,117376912268151.44,-8.004480248624545e-27,8.133184746104984e-12,-1.1615780596499999e-24,3.714005834457988e-10,-1.1615780596499999e-24,4.689972213031724e-22,1.238730784114199e-12,1.9761717509630126e-05,8.564272971147642e-12,1.9761708945357155e-05,1.9761717509630126e-19,1.9761708945357154e-19,1.976171751079356e-19,1.000331460937117,1.0003314614347338,1.5246966652545196e-05,1.0984987317365609e-05,0.7715408973335447,-0.03940302012881769
PF,-9.5,9.5,0.0,100000000000000.0,81,4,1.433816720549582e-13,-2.3933419718087515e-05,2.3933419719722325e-05,0.0,1.6507181427816386e-15,2.3933419718071607e-05,2.3933419718072038e-05,2.3933419718071885e-05,4.3029273720518457e-19,2.778268066994105e-19,-7.777213436754267e-18,-2.3933419718079813e-05,-2.393341971807966e-05,-7.777213436754256e-18,-2.393434848615427e-06,2.6994051457887442e-06,7.487771253728015e-17,2.1328175351808e-21,2.3933419719722325e-13,7.487771253728015e-17,True,3.1285839388667554e-12,1069985.828729816,1069985.8182821914,1069985.8182821914,1069985.848671312,1070529.6528834302,0.5000000000000001,1.3612768303468423e-08,0.9999999863872315,0.5,103973339986898.64,103973339986895.44,-1.0005600310780683e-26,8.080049097586951e-12,-5.08691081295e-24,3.2898490979347346e-10,-5.106938020875e-24,2.3810628158468755e-21,7.078883793446599e-12,2.3933419718087515e-05,8.582461922119674e-12,2.393341113562559e-05,2.3933419718087514e-19,2.3933411135625592e-19,2.3933419719722325e-19,1.0003246041593645,1.0003246047486036,1.820983053769551e-05,1.3010474638720755e-05,0.760853955773552,-0.03528736271921418
PF,-9.75,9.75,0.0,100000000000000.0,81,4,5.482690017644395e-14,-2.8912171025797355e-05,2.8912171028082657e-05,0.0,2.3013853963331656e-15,2.8912171025781272e-05,2.891217102578136e-05,2.891217102578152e-05,8.809142651444724e-20,2.473336205982557e-19,-7.958413076473551e-18,-2.891217102578932e-05,-2.8912171025789478e-05,-7.958413076473563e-18,-2.8913268731597895e-06,3.259557790840047e-06,6.016644430936746e-17,3.5273520774144e-21,2.891217102808266e-13,6.016644430936746e-17,True,2.0810074847346205e-12,1094987.3652908984,1094987.3530758687,1094987.3530758687,1094987.3886067963,1095470.5442828485,0.5,1.494431979082781e-08,0.9999999850556802,0.5,92105673868186.69,92105673868185.12,2.0011200621561364e-27,8.049754745457027e-12,-2.463346574775e-24,2.914288439801011e-10,-2.44331936685e-24,4.329205119721591e-22,1.4536372789717007e-12,2.8912171025797355e-05,8.602762219660063e-12,2.8912162423035135e-05,2.8912171025797356e-19,2.8912162423035136e-19,2.891217102808266e-19,1.000317925166938,1.0003179258580794,2.1717339438417717e-05,1.5381526090424392e-05,0.7511489151401176,-0.03221584933165256
PF,-10.0,10.0,0.0,100000000000000.0,81,4,5.909568885253228e-14,-3.4845270804503004e-05,3.48452708076827e-05,0.0,3.1961489439242133e-15,3.484527080448655e-05,3.484527080448667e-05,3.4845270804486775e-05,1.2197274440461925e-19,2.236166980751353e-19,-8.139660651826928e-18,-3.484527080449481e-05,-3.484527080449491e-05,-8.13966065182693e-18,-3.4846565395117183e-06,3.927516862143674e-06,4.807759008615409e-17,5.742201056256e-22,3.48452708076827e-13,4.807759008615409e-17,True,1.3797450549746889e-12,1119988.7220667722,1119988.70778557,1119988.70778557,1119988.7493273693,1120418.2153018962,0.5,1.6268819048512836e-08,0.9999999837311809,0.5,81597161868815.97,81597161868814.4,-3.112853430020657e-27,8.032800257514527e-12,-2.5034009906249998e-24,2.581730148969207e-10,-2.5034009906249998e-24,-2.0202957225367427e-21,7.579114785628478e-12,3.4845270804503004e-05,8.626813408991713e-12,3.4845262177689595e-05,3.4845270804503005e-19,3.4845262177689594e-19,3.4845270807682696e-19,1.0003114695351734,1.0003114703403502,2.5860715764748903e-05,1.8147540357191623e-05,0.7421587369001564,-0.02999592268178164
PF,-10.25,10.25,0.0,100000000000000.0,81,4,5.1353822123306864e-14,-4.1904507621238904e-05,4.1904507625645285e-05,0.0,4.42329040978557e-15,4.1904507621222e-05,4.190450762122232e-05,4.190450762122221e-05,3.2526065174565133e-19,2.1006417091906648e-19,-8.320950773739836e-18,-4.1904507621230644e-05,-4.190450762123053e-05,-8.320950773739833e-18,-4.190603150900712e-06,4.722559115156477e-06,3.8563716022593786e-17,1.3945345422336e-21,4.1904507625645287e-13,3.8563716022593786e-17,True,9.202760802514011e-13,1144989.9209058878,1144989.9042133112,1144989.9042133112,1144989.952770163,1145371.8808806315,0.4999999999999999,1.752590824503312e-08,0.9999999824740917,0.5,72291616637015.47,72291616637013.55,4.446933471458081e-28,8.023406813745073e-12,-3.0441356046e-24,2.287231138608031e-10,-3.0641628125249998e-24,-1.803835466550663e-21,7.605389436029297e-12,4.1904507621238904e-05,8.654622954775067e-12,4.190449896661595e-05,4.1904507621238903e-19,4.1904498966615945e-19,4.1904507625645287e-19,1.0003052639056136,1.000305264839058,3.0745087386767206e-05,2.1369173183910536e-05,0.7336941890478369,-0.028357785031034588
PF,-10.5,10.5,0.0,100000000000000.0,81,4,5.305815552900685e-14,-5.028996487443043e-05,5.028996488051531e-05,0.0,6.101725950949379e-15,5.028996487441358e-05,5.028996487441309e-05,5.028996487441376e-05,-4.946672411965114e-19,1.7618285302889447e-19,-8.502278655668299e-18,-5.028996487442159e-05,-5.028996487442226e-05,-8.50227865566832e-18,-5.029175555846245e-06,5.667169468926973e-06,3.0669368954183707e-17,1.9687546478592e-21,5.028996488051531e-13,3.0669368954183707e-17,True,6.098506735300278e-13,1169990.9806829873,1169990.9611806092,1169990.9611806092,1169991.0179115466,1170330.849466936,0.5,1.8640239590118256e-08,0.9999999813597604,0.5,64050984929374.45,64050984929374.0,-4.224586797885177e-27,8.018228491845644e-12,-7.00952277375e-25,2.026422020827542e-10,-7.209794852999999e-25,7.215341866202653e-23,3.458767723534359e-13,5.028996487443043e-05,8.684405162243725e-12,5.028995619002526e-05,5.028996487443043e-19,5.028995619002527e-19,5.028996488051531e-19,1.0002993165697422,1.000299317647999,3.649208360483004e-05,2.5117571864084932e-05,0.7256336328260322,-0.0270891333913984
PF,-10.75,10.75,0.0,100000000000000.0,81,4,5.2327218236899927e-14,-6.023446107467823e-05,6.023446108305185e-05,0.0,8.39122172126986e-15,6.023446107466063e-05,6.0234461074660886e-05,6.023446107466084e-05,2.574980159653073e-19,2.1006417091906648e-19,-8.6836400431665e-18,-6.023446107466957e-05,-6.023446107466952e-05,-8.683640043166498e-18,-6.02365618533519e-06,6.78753896174197e-06,2.4767243377715742e-17,2.1328175351808e-21,6.023446108305186e-13,2.4767243377715742e-17,True,4.1118062538264316e-13,1194991.9178040891,1194991.8950325404,1194991.8950325404,1194991.9612738925,1195294.5110521114,0.49999999999999983,1.952713264533059e-08,0.9999999804728673,0.5,56753213606095.28,56753213606093.94,-1.3340800414374244e-27,8.015378767806777e-12,-2.1629384559e-24,1.7954395630045975e-10,-2.1629384559e-24,-1.6595286292266101e-21,8.834595108538837e-12,6.023446107467823e-05,8.71325949155325e-12,6.0234452361418736e-05,6.023446107467822e-19,6.023445236141874e-19,6.023446108305185e-19,1.0002936242589309,1.0002936255011752,4.324237903525333e-05,2.9474604630859983e-05,0.7179010904887194,-0.026050646637571007
PF,-11.0,11.0,0.0,100000000000000.0,81,4,5.424322690785543e-14,-7.200864726013975e-05,7.20086472716283e-05,0.0,1.150589950511342e-14,7.200864726012239e-05,7.200864726012151e-05,7.200864726012254e-05,-8.809142651444724e-19,1.4907779871675686e-19,-8.865031151625285e-18,-7.200864726013037e-05,-7.20086472601314e-05,-8.865031151625313e-18,-7.2011108046586395e-06,8.114134925925757e-06,1.9041300654276672e-17,1.4765659858943999e-21,7.20086472716283e-13,1.9041300654276672e-17,True,2.644307506909524e-13,1219992.7465992048,1219992.7200294135,1219992.7200294135,1219992.7973202877,1220262.3269822511,0.5,2.0103415789604456e-08,0.9999999798965843,0.5,50290374248852.55,50290374248852.24,2.2234667357290406e-28,8.013809182198015e-12,-5.00680198125e-25,1.5908673254210963e-10,-5.00680198125e-25,-5.772273492962122e-22,3.4504038874477113e-12,7.200864726013975e-05,8.738518095978835e-12,7.200863852162165e-05,7.200864726013975e-19,7.200863852162165e-19,7.20086472716283e-19,1.0002881778237238,1.0002881792520308,5.115843392610708e-05,3.453385536114338e-05,0.710448565289094,-0.02515782357907448
PF,-11.25,11.25,0.0,100000000000000.0,81,4,6.192702798855452e-14,-8.592682927244271e-05,8.592682928815575e-05,0.0,1.57320459381582e-14,8.592682927242371e-05,8.59268292724254e-05,8.59268292724238e-05,1.6940658945086007e-18,9.486769009248164e-20,-9.046448611978252e-18,-8.592682927243446e-05,-8.592682927243286e-05,-9.046448611978219e-18,-8.592970752481304e-06,9.682353735157278e-06,1.485356976305141e-17,1.640628873216e-22,8.592682928815576e-13,1.485356976305141e-17,True,1.7286300316330703e-13,1244993.4796287392,1244993.4486520002,1244993.4486520002,1244993.538763154,1245233.821245705,0.49999999999999983,2.030229157516065e-08,0.9999999796977085,0.5,44567013746357.52,44567013746355.516,8.893866942916162e-28,8.01294158305347e-12,-3.184326060075e-24,1.4096834469490482e-10,-3.184326060075e-24,-7.936876052822918e-22,5.3040992129137425e-12,8.592682927244271e-05,8.758815769497714e-12,8.592682051362694e-05,8.592682927244271e-19,8.592682051362693e-19,8.592682928815576e-19,1.0002829657916976,1.0002829674312292,6.042756621166601e-05,4.0402081648908944e-05,0.7032445265687789,-0.024361119506169704
PF,-11.5,11.5,0.0,100000000000000.0,81,4,5.5323676673843047e-14,-0.00010235360840359603,0.00010235360842503007,0.0,2.1451543715952326e-14,0.00010235360840357852,0.00010235360840357646,0.0001023536084035787,-2.0599841277224584e-18,1.7618285302889447e-19,-9.227889424390763e-18,-0.00010235360840358569,-0.00010235360840358793,-9.2278894243908e-18,-1.0235697018318608e-05,1.1533264985760085e-05,1.1668725881375241e-17,1.8046917605376e-21,1.0235360842503007e-12,1.1668725881375241e-17,True,1.1400404989065058e-13,1269994.12792785,1269994.0918445769,1269994.0918445769,1269994.196811169,1270208.5729624315,0.5,2.008845513947218e-08,0.9999999799115448,0.5,39498702600289.56,39498702600289.68,-2.6681600828748487e-27,8.012458507927913e-12,1.702312673625e-25,1.2492146847107477e-10,1.8024487132499998e-25,-2.8139833278190348e-21,2.115941768730999e-11,0.00010235360840359603,8.774226608860044e-12,0.00010235359962936942,1.0235360840359603e-18,1.0235359962936941e-18,1.0235360842503007e-18,1.0002779763221548,1.0002779782014115,7.126543605125743e-05,4.7200979690479466e-05,0.6962670224527059,-0.02363173626996906
PF,-11.75,11.75,0.0,100000000000000.0,81,4,6.05032150231658e-14,-0.00012171145137413647,0.00012171145140328948,0.0,2.9172634670773826e-14,0.00012171145137411684,0.00012171145137411843,0.0001217114513741169,1.599198204416119e-18,6.776263578034403e-20,-9.40935091951308e-18,-0.00012171145137412784,-0.00012171145137412631,-9.409350919513056e-18,-1.217153725462194e-05,1.3714462279541474e-05,1.123504501238104e-17,1.08281505632256e-20,1.2171145140328948e-12,1.123504501238104e-17,True,9.230885740696534e-14,1294994.7012062182,1294994.6592131916,1294994.6592131916,1294994.7813718624,1295186.209861755,0.5000000000000001,1.9468038844516354e-08,0.9999999805319613,0.5000000000000001,35010756457609.297,35010756457607.977,-4.446933471458081e-27,8.012186033254145e-12,-2.102856832125e-24,1.1070959323006093e-10,-2.1128704360875e-24,2.886136746481061e-22,2.44726148031983e-12,0.00012171145137413647,8.785733794649614e-12,0.00012171144258840268,1.2171145137413647e-18,1.2171144258840269e-18,1.2171145140328948e-18,1.0002731981809119,1.000273200332244,8.392000515934216e-05,5.506920391587359e-05,0.6894997164986236,-0.022952779053840966
PF,-12.0,12.0,0.0,100000000000000.0,81,4,6.67910669624527e-14,-0.00014448931576069039,0.0001444893158002407,0.0,3.957022720761059e-14,0.00014448931576067046,0.00014448931576067187,0.00014448931576067052,1.4094628242311558e-18,5.421010862427522e-20,-9.59083072596438e-18,-0.00014448931576068147,-0.00014448931576068011,-9.590830725964365e-18,-1.4449388335505842e-05,1.628103512102321e-05,9.568084172184577e-18,5.5781381689344e-21,1.444893158002407e-12,9.568084172184577e-18,True,6.622001162641424e-14,1319995.2080148682,1319995.1591908175,1319995.1591908175,1319995.3012216242,1320166.402586807,0.5000000000000002,1.8488985418738628e-08,0.9999999815110147,0.5,31037109594724.17,31037109594723.125,-4.89162681860389e-27,8.01202898534686e-12,-1.6522446538125e-24,9.812345429837584e-11,-1.6522446538125e-24,-2.308909397184849e-21,2.172093850375957e-11,0.00014448931576069039,8.794635283721615e-12,0.0001444893069660551,1.444893157606904e-18,1.4448930696605508e-18,1.444893158002407e-18,1.0002686211735408,1.000268623633387,9.867603105772818e-05,6.416464039413558e-05,0.6829296446200698,-0.022314083279499297
PF,-12.25,12.25,0.0,100000000000000.0,81,4,5.351342338760873e-14,-0.0001712524725312782,0.00017125247258479906,0.0,5.3538605356766153e-14,0.00017125247253126045,0.0001712524725312568,0.00017125247253126053,-3.6591823321385775e-18,8.131516293641283e-20,-9.772326741972216e-18,-0.00017125247253126658,-0.00017125247253127032,-9.772326741972812e-18,-1.7125778628168373e-05,1.9296673857847058e-05,7.101524229780054e-18,7.546892816793599e-21,1.7125247258479905e-12,7.101524229780054e-18,True,4.146815589050017e-14,1344995.6558877171,1344995.5991770003,1344995.5991770003,1344995.764150875,1345148.8597010553,0.5000000000000002,1.7231257017309125e-08,0.9999999827687429,0.5,27519321847799.445,27519321847801.074,-2.2234667357290406e-27,8.011935311390725e-12,2.583509822325e-24,8.697788718642356e-11,2.583509822325e-24,-7.215341866202653e-23,7.859492227030492e-13,0.0001712524725312782,8.802192692995566e-12,0.0001712524637290855,1.712524725312782e-18,1.712524637290855e-18,1.7125247258479905e-18,1.0002642363000733,1.0002642391095977,0.00011586016087507326,7.466695530690019e-05,0.6765459506518947,-0.021709278185270797
PF,-12.5,12.5,0.0,100000000000000.0,81,4,6.404078235164912e-14,-0.00020265368439116046,0.0002026536844634026,0.0,7.226022274517625e-14,0.00020265368439114238,0.00020265368439113864,0.00020265368439114249,-3.74049749507499e-18,1.0842021724855044e-19,-9.953837109152185e-18,-0.00020265368439114858,-0.00020265368439115243,-9.95383710915222e-18,-2.026598584753527e-05,2.2834928600828652e-05,1.0272815584300155e-17,1.640628873216e-21,2.0265368446340262e-12,1.0272815584300155e-17,True,5.069148193136025e-14,1369996.0514630415,1369995.9856572584,1369995.9856572584,1369996.1770895754,1370133.3232990436,0.5,1.579064621521131e-08,0.9999999842093539,0.5,24405702867842.754,24405702867844.113,-5.558666839322601e-27,8.011876545871074e-12,2.1529248519375e-24,7.710905264315116e-11,2.14791804995625e-24,-1.803835466550663e-21,2.1187335878843318e-11,0.00020265368439116046,8.809513378216932e-12,0.0002026536755816471,2.0265368439116044e-18,2.0265367558164707e-18,2.026536844634026e-18,1.000260035777498,1.0002600389831513,0.00013584669663686138,8.678044983790071e-05,0.670339169753327,-0.02113414418510995
PF,-12.75,12.75,0.0,100000000000000.0,81,4,8.64638829087696e-14,-0.00023944591770547029,0.00023944591780274442,0.0,9.72953214967953e-14,0.0002394459177054491,0.00023944591770545093,0.0002394459177054491,1.8431436932253575e-18,0.0,-1.013536018723987e-17,-0.00023944591770546107,-0.00023944591770545923,-1.0135360187239855e-17,-2.3945308271017147e-05,2.6980641164283398e-05,1.2414114874959026e-17,6.562515492864e-21,2.394459178027444e-12,1.2414114874959026e-17,True,5.184517234152965e-14,1394996.4005884964,1394996.3243056445,1394996.3243056445,1394996.5462167526,1395119.5651409074,0.4999999999999999,1.4262057432520843e-08,0.9999999857379425,0.5,21650539636451.543,21650539636452.086,0.0,8.011837118889922e-12,8.5616313879375e-25,6.837198799509473e-11,8.511563368125e-25,1.5873752105645836e-21,2.0733289422295197e-11,0.00023944591770547029,8.817551707694058e-12,0.0002394459088879186,2.3944591770547028e-18,2.3944590888791858e-18,2.394459178027444e-18,1.0002560130074882,1.000256016661549,0.0001590641127629975,0.00010073725843781417,0.6643008164213542,-0.020585699529703405
PF,-13.0,13.0,0.0,100000000000000.0,81,4,8.213252149107845e-14,-0.0002824967871532683,0.0002824967872839441,0.0,1.3069846577406885e-13,0.00028249678715324566,0.00028249678715324973,0.0002824967871532457,4.065758146820642e-18,5.421010862427522e-20,-1.0316894529709455e-17,-0.00028249678715326003,-0.000282496787153256,-1.031689452970943e-17,-2.8250509229130237e-05,3.18315723986706e-05,2.2768245622195593e-17,7.2187670421504e-21,2.8249678728394412e-12,2.2768245622195593e-17,True,8.05964763036781e-14,1419996.7084123623,1419996.620073416,1419996.620073416,1419996.877056848,1420107.383244471,0.5,1.2727039078707709e-08,0.9999999872729609,0.5,19213414956552.13,19213414956552.457,7.11509355433293e-27,8.011808509201764e-12,5.2070740605e-25,6.063844583911356e-11,5.106938020875e-25,4.473511957045645e-21,6.500624283719006e-11,0.0002824967871532683,8.827133226227344e-12,0.00028249677832613507,2.8249678715326833e-18,2.824967783261351e-18,2.824967872839441e-18,1.000252162528565,1.0002521666899524,0.0001860024163132713,0.00011680093174861069,0.6584231417270763,-0.020061692748432558
PF,-13.25,13.25,0.0,100000000000000.0,81,4,8.25562862933885e-14,-0.00033280495623494026,0.00033280495641009253,0.0,1.7516980096349145e-13,0.00033280495623492275,0.0003328049562349155,0.00033280495623492297,-7.26415455565288e-18,2.168404344971009e-19,-1.0498438860803552e-17,-0.000332804956234926,-0.0003328049562349335,-1.0498438860803593e-17,-3.32814571844903e-05,3.750025001040668e-05,2.293087594806842e-17,3.9375092957184e-21,3.328049564100925e-12,2.293087594806842e-17,True,6.890184628083569e-14,1444996.9794630532,1444996.8772654955,1444996.8772654955,1444997.1745649357,1445096.598878081,0.5,1.1247467591103113e-08,0.9999999887525324,0.5000000000000001,17058606173110.133,17058606173111.139,2.445813409301945e-27,8.011786048133548e-12,1.5921630300375e-24,5.37949860278452e-11,1.5821494260749999e-24,-1.4430683732405306e-22,2.353415838398155e-12,0.00033280495623494026,8.838943965890592e-12,0.0003328049473959963,3.3280495623494028e-18,3.328049473959963e-18,3.328049564100925e-18,1.0002484799715403,1.0002484847064612,0.0002172214513440836,0.0001352704497090216,0.6526989849270997,-0.019560319456150776
PF,-13.5,13.5,0.0,100000000000000.0,81,4,8.758681983188932e-14,-0.00039151874355991236,0.00039151874379414974,0.0,2.342510413723526e-13,0.0003915187435598987,0.00039151874355988314,0.0003915187435598988,-1.555830117516699e-17,1.0842021724855044e-19,-1.0679992054656494e-17,-0.0003915187435598938,-0.0003915187435599095,-1.067999205465656e-17,-3.9152986392226505e-05,4.411606713190664e-05,2.959871930885427e-17,3.281257746432e-20,3.915187437941498e-12,2.959871930885427e-17,True,7.55997504027968e-14,1469997.2177185118,1469997.0996065552,1469997.0996065552,1469997.4432024874,1470087.0539059301,0.5,9.864672473668125e-09,0.9999999901353275,0.4999999999999999,15154554716615.47,15154554716616.67,-8.893866942916162e-28,8.011767172919093e-12,1.8925711489125e-24,4.774129111391714e-11,1.902584752875e-24,6.493807679582388e-22,1.156927773325685e-11,0.00039151874355991236,8.853458017934615e-12,0.00039151873470645435,3.915187435599123e-18,3.915187347064544e-18,3.915187437941497e-18,1.0002449620265237,1.0002449674094225,0.0002533602606403897,0.00015648471495011227,0.6471216781755015,-0.01908006293512371
PF,-13.75,13.75,0.0,100000000000000.0,81,4,6.800422740795117e-14,-0.00045995721476903046,0.0004599572150815841,0.0,3.1257897624781526e-13,0.00045995721476900514,0.00045995721476901213,0.00045995721476900536,6.993104012531504e-18,2.168404344971009e-19,-1.0861553116851868e-17,-0.000459957214769023,-0.0004599572147690162,-1.0861553116851843e-17,-4.5997006127639974e-05,5.1827658061902425e-05,4.060337135958214e-17,2.23125526757376e-20,4.599572150815841e-12,4.060337135958214e-17,True,8.8276409257718e-14,1494997.4266667974,1494997.2902978281,1494997.2902978281,1494997.6870051157,1495078.6084437645,0.5,8.602032849594995e-09,0.9999999913979671,0.5,13473398226246.889,13473398226247.113,-3.557546777166465e-27,8.011750472221166e-12,3.6048974264999997e-25,4.238867909558253e-11,3.32952331753125e-25,6.493807679582388e-22,1.2815480517686324e-11,0.00045995721476903046,8.870809098565453e-12,0.00045995720589822137,4.599572147690305e-18,4.5995720589822135e-18,4.599572150815841e-18,1.0002416064245891,1.0002416125391798,0.00029514763118812905,0.0001808275816926328,0.6416849815663913,-0.018619603032332788
PF,-14.0,14.0,0.0,100000000000000.0,81,4,5.416374654459659e-14,-0.0005396340733134223,0.0005396340737296217,0.0,4.162128223514215e-13,0.0005396340733134088,0.0005396340733133914,0.0005396340733134089,-1.745565497701662e-17,1.0842021724855044e-19,-1.1043121168445893e-17,-0.0005396340733134024,-0.00053963407331342,-1.1043121168445945e-17,-5.3964889803719774e-05,6.080557926713989e-05,3.7621815385247004e-17,2.88750681686016e-20,5.396340737296217e-12,3.7621815385247004e-17,True,6.97172717898037e-14,1519997.609358967,1519997.452065848,1519997.452065848,1519997.9096434575,1520071.1387884384,0.4999999999999999,7.469060307906482e-09,0.9999999925309396,0.49999999999999994,11990558024799.371,11990558024800.205,-4.002240124312273e-27,8.011735164548645e-12,1.32179572305e-24,3.7658790511009e-11,1.31678892106875e-24,-1.4430683732405307e-21,3.1431488729377686e-11,0.0005396340733134223,8.890656602296192e-12,0.0005396340644227657,5.3963407331342225e-18,5.396340644227657e-18,5.396340737296217e-18,1.0002384119348542,1.0002384188748839,0.0003434139641977749,0.00020873348104081028,0.636383035909931,-0.018177762887757798
PF,-14.25,14.25,0.0,100000000000000.0,81,4,7.656720492784323e-14,-0.0006322847004742373,0.0006322847010272806,0.0,5.530562374341957e-13,0.0006322847004742244,0.0006322847004742053,0.0006322847004742243,-1.9081958235744878e-17,-1.0842021724855044e-19,-1.1224695432234206e-17,-0.0006322847004742166,-0.0006322847004742356,-1.1224695432234257e-17,-6.323017901740701e-05,7.12453729920488e-05,5.2475385148298415e-17,1.3125030985728e-21,6.322847010272806e-12,5.2475385148298415e-17,True,8.299328619376844e-14,1544997.7684551748,1544997.5872038167,1544997.5872038167,1544998.1144781832,1545064.5355893336,0.5000000000000001,6.46557889988256e-09,0.9999999935344213,0.5000000000000001,10684375604570.0,10684375604570.713,3.335200103593561e-27,8.01172081321291e-12,1.1315372477625e-24,3.348242972692906e-11,1.1390474507343749e-24,2.1646025598607956e-22,5.148727302124076e-12,0.0006322847004742373,8.912138271248916e-12,0.000632284691562099,6.322847004742373e-18,6.32284691562099e-18,6.322847010272806e-18,1.0002353783766686,1.0002353862474926,0.00039910462642787957,0.00024069370988943754,0.6312103262248316,-0.01775347672614247
PF,-14.5,14.5,0.0,100000000000000.0,81,4,8.630281262602127e-14,-0.0007398967363581435,0.0007398967370915348,0.0,7.334004886002031e-13,0.0007398967363581343,0.0007398967363581067,0.0007398967363581347,-2.7538735181131813e-17,4.336808689942018e-19,-1.1406275220946277e-17,-0.0007398967363581181,-0.0007398967363581461,-1.140627522094634e-17,-7.39916416986627e-05,8.337100599840658e-05,5.5402731014009277e-17,4.20000991543296e-20,7.398967370915349e-12,5.5402731014009277e-17,True,7.487900437538386e-14,1569997.9062647594,1569997.6976064853,1569997.6976064853,1569998.3046101169,1570058.7022337231,0.5,5.585281784470309e-09,0.9999999944147183,0.5,9535792560106.045,9535792560106.762,-1.7787733885832325e-27,8.011707170530539e-12,1.1340406487531249e-24,2.979854271565999e-11,1.12653044578125e-24,-1.803835466550663e-21,4.726787911961379e-11,0.0007398967363581435,8.933993983875628e-12,0.0007398967274241495,7.398967363581435e-18,7.398967274241495e-18,7.398967370915348e-18,1.0002325066464117,1.0002325155660285,0.0004632949571584709,0.0002772634576480265,0.6261616520069898,-0.017345769506927455
PF,-14.75,14.75,0.0,100000000000000.0,81,4,8.0105505290807e-14,-0.0008647446395805077,0.000864744640551116,0.0,9.706224503572582e-13,0.0008647446395804936,0.0008647446395804753,0.0008647446395804938,-1.8323016715005025e-17,2.168404344971009e-19,-1.1587859927049965e-17,-0.0008647446395804869,-0.0008647446395805054,-1.1587859927050005e-17,-8.647672813406765e-05,9.743876392136349e-05,6.071532165918825e-17,9.712522929438719e-20,8.64744640551116e-12,6.071532165918825e-17,True,7.021185077307142e-14,1594998.0247810052,1594997.7847990908,1594997.7847990908,1594998.4829261217,1595053.5534212948,0.5,4.818432971044435e-09,0.999999995181567,0.49999999999999994,8528069085218.223,8528069085218.707,1.7787733885832325e-27,8.011694092648418e-12,7.510202971875e-25,2.6553315760400615e-11,7.6353730214062495e-25,-2.0924491411987693e-21,5.98111120943758e-11,0.0008647446395805077,8.954856865951964e-12,0.0008647446306256508,8.647446395805076e-18,8.647446306256508e-18,8.647446405511161e-18,1.000229798758428,1.0002298088590678,0.0005372071245947183,0.00031906965269651007,0.6212321020207363,-0.016953743355856643
PF,-15.0,15.0,0.0,100000000000000.0,81,4,9.876216074506897e-14,-0.0010094287144293559,0.0010094287157113892,0.0,1.282080173621563e-12,0.001009428714429309,0.0010094287144293559,0.0010094287144293093,4.683753385137379e-17,2.168404344971009e-19,-1.1769449013893394e-17,-0.0010094287144293676,-0.001009428714429321,-1.1769449013893316e-17,-0.00010094547374493502,0.00011374164904842473,8.998878031629687e-17,3.41250805628928e-20,1.0094287157113891e-11,8.998878031629687e-17,True,8.914822702748038e-14,1619998.1257111407,1619997.8499607753,1619997.8499607753,1619998.652141561,1620049.0139064589,0.4999999999999999,4.153755266943637e-09,0.9999999958462448,0.5000000000000002,7646536750601.535,7646536750601.394,-1.3340800414374244e-27,8.01168149296073e-12,-2.22802688165625e-25,2.3699381412472476e-11,-2.3531969311875e-25,1.8759888852126896e-21,5.825406684116024e-11,0.0010094287144293559,8.97359026274239e-12,0.0010094287054557656,1.009428714429356e-17,1.0094287054557656e-17,1.0094287157113892e-17,1.0002272578998452,1.000227269329579,0.0006222290469275081,0.00036681971896463826,0.6164170322921086,-0.01657656797149276
PF,-15.25,15.25,0.0,100000000000000.0,81,4,7.697917542225868e-14,-0.0011769191510203844,0.0011769191527106159,0.0,1.6902601990189283e-12,0.0011769191510203557,0.0011769191510203642,0.0011769191510203564,8.456776945386935e-18,6.505213034913027e-19,-1.195104200796649e-17,-0.0011769191510203761,-0.0011769191510203683,-1.1951042007966477e-17,-0.00011769490317167078,0.00013261434301048647,7.28583859910259e-17,2.88750681686016e-20,1.176919152710616e-11,7.28583859910259e-17,True,6.190602457545401e-14,1644998.2105020692,1644997.8939431135,1644997.8939431135,1644998.8148398944,1645045.0173892933,0.5000000000000001,3.579657605961857e-09,0.9999999964203424,0.5,6878381805957.577,6878381805957.745,2.2234667357290406e-28,8.01166931661634e-12,2.691156064921875e-25,2.1195119680770754e-11,2.6536050500624997e-25,-3.3190572584532203e-21,1.1147298192537642e-10,0.0011769191510203844,8.989512230937955e-12,0.001176919142030872,1.1769191510203844e-17,1.176919142030872e-17,1.1769191527106158e-17,1.0002248884992375,1.000224901423605,0.0007199356169456839,0.00042131134233059286,0.6117120465076088,-0.016213473452425853
PF,-15.5,15.5,0.0,100000000000000.0,81,4,9.846236014042608e-14,-0.0013706056868858251,0.0013706056891100479,0.0,2.224245183899184e-12,0.0013706056868858028,0.0013706056868857987,0.0013706056868858028,-4.119968255444917e-18,0.0,-1.2132638492112192e-17,-0.0013706056868858108,-0.001370605686885815,-1.2132638492112195e-17,-0.00013706399650940384,0.0001544388029671462,1.0169816377914032e-16,0.0,1.3706056891100479e-11,1.0169816377914032e-16,True,7.41994321103207e-14,1669998.2803622521,1669997.917283837,1669997.917283837,1669998.9735100544,1670041.5055383286,0.4999999999999999,3.084974777601063e-09,0.9999999969150252,0.5,6212455716031.922,6212455716032.136,-6.670400207187122e-28,8.011657526553852e-12,3.3670743323906247e-25,1.9004043892781867e-11,3.27945529771875e-25,6.4938076795823874e-21,2.3467815327211355e-10,0.0013706056868858251,9.002431624507965e-12,0.0013706056778833935,1.3706056868858251e-17,1.3706056778833936e-17,1.3706056891100478e-17,1.0002226963093925,1.00022271091358,0.0008321124951845096,0.0004834433567283956,0.6071129783071736,-0.015863744664521617
PF,-15.75,15.75,0.0,100000000000000.0,81,4,9.693041543845696e-14,-0.0015943535682221561,0.0015943535711436933,0.0,2.921588517714764e-12,0.0015943535682221047,0.0015943535682221574,0.0015943535682221058,5.2692225582795515e-17,1.0842021724855044e-18,-1.2314238099566554e-17,-0.0015943535682221698,-0.0015943535682221182,-1.2314238099566497e-17,-0.00015943928551832672,0.00017965056773557782,1.4029576111962427e-16,8.40001983086592e-20,1.5943535711436933e-11,1.4029576111962427e-16,True,8.799538801106993e-14,1694998.3362801077,1694997.9202162384,1694997.9202162384,1694999.130582076,1695038.4271308111,0.5000000000000001,2.659370674551362e-09,0.9999999973406293,0.5000000000000001,5639110051617.009,5639110051616.992,2.2234667357290406e-28,8.01164609583883e-12,-2.7537410896875e-26,1.7094261953770162e-11,-4.2557816840625e-26,-9.379944426063448e-22,3.6276721448717536e-11,0.0015943535682221561,9.01253667235619e-12,0.0015943535592096195,1.5943535682221562e-17,1.5943535592096197e-17,1.5943535711436933e-17,1.000220688504628,1.0002207049955856,0.0009607827653517692,0.0005542278709922566,0.6026158751312758,-0.015526716654691686
PF,-16.0,16.0,0.0,100000000000000.0,81,4,1.1920797913713929e-13,-0.0018525665663524427,0.0018525665701831482,0.0,3.830705341661429e-12,0.001852566566352443,0.0018525665663523933,0.0018525665663524419,-4.96564594998361e-17,-1.0842021724855044e-18,-1.2495840508694526e-17,-0.0018525665663524059,-0.0018525665663524545,-1.2495840508694568e-17,-0.00018526115536523032,0.00020874585903155144,1.5157146371347352e-16,1.732504090116096e-19,1.8525665701831483e-11,1.5157146371347352e-16,True,8.181701330089794e-14,1719998.379039228,1719997.9026743153,1719997.9026743153,1719999.2884615299,1720035.7372970262,0.5,2.2935217540799975e-09,0.9999999977064782,0.49999999999999994,5150053221432.425,5150053221432.71,3.779893450739369e-27,8.011635003447503e-12,4.5812238128437495e-25,1.5438004868406375e-11,4.6563258425625e-25,5.050739306341857e-22,2.0758988468018686e-11,0.0018525665663524427,9.020230707246363e-12,0.001852566557332212,1.8525665663524426e-17,1.852566557332212e-17,1.8525665701831484e-17,1.0002188737933808,1.0002188924022406,0.001108236777433087,0.0006348037695970508,0.5982169833773762,-0.015201770838069173
PF,-16.25,16.25,0.0,100000000000000.0,81,4,9.631992872110362e-14,-0.002150257890592098,0.002150257895606023,0.0,5.01391791715754e-12,0.002150257890592105,0.0021502578905920407,0.002150257890592105,-6.418476861114186e-17,0.0,-1.2677445438396636e-17,-0.0021502578905920533,-0.0021502578905921175,-1.2677445438396689e-17,-0.0002150309360161311,0.00024228957264821059,1.4268100589909238e-16,1.732504090116096e-19,2.150257895606023e-11,1.4268100589909238e-16,True,6.635529914372413e-14,1744998.4092306658,1744997.8642938363,1744997.8642938363,1744999.4495631673,1745033.3968577923,0.5,1.9791643174186355e-09,0.9999999980208357,0.5,4738226854906.228,4738226854906.493,-2.2234667357290406e-28,8.011624231936457e-12,4.18067965434375e-25,1.4011215396272164e-11,4.20571366425e-25,0.0,1.8281904154479536e-14,0.002150257890592098,9.025989799562619e-12,0.0021502578815661083,2.150257890592098e-17,2.1502578815661083e-17,2.150257895606023e-17,1.0002172625469192,1.0002172835316907,0.001277065538687905,0.0007264517336498227,0.5939127346705844,-0.014888331795141319
PF,-16.5,16.5,0.0,100000000000000.0,81,4,1.204684104268396e-13,-0.002493129933466311,0.0024931299400175913,0.0,6.551329032750487e-12,0.0024931299334662624,0.002493129933466306,0.0024931299334662637,4.380176776841438e-17,1.3010426069826053e-18,-1.285905264403813e-17,-0.002493129933466319,-0.0024931299334662767,-1.28590526440381e-17,-0.00024931887687609577,0.00028092426508637434,2.0079424234431542e-16,8.92502107029504e-20,2.4931299400175913e-11,2.0079424234431542e-16,True,8.053902009732338e-14,1769998.4272625153,1769997.8044095417,1769997.8044095417,1769999.6163442621,1770031.3717448325,0.5000000000000001,1.7090624295965073e-09,0.9999999982909374,0.5,4397699934608.481,4397699934608.5254,3.112853430020657e-27,8.011613766145032e-12,6.88435272421875e-26,1.279319060608611e-11,7.259862872812499e-26,7.936876052822918e-21,3.6196072144469897e-10,0.002493129933466311,9.03027154067973e-12,0.002493129924436039,2.493129933466311e-17,2.4931299244360393e-17,2.4931299400175913e-17,1.000215866945335,1.0002158905939669,0.0014701980510027851,0.0008306109427747045,0.589699733091669,-0.014585864594183096
PF,-16.75,16.75,0.0,100000000000000.0,81,4,1.0899401448059438e-13,-0.002887663889009987,0.0028876638975557025,0.0,8.545741871188864e-12,0.0028876638890099606,0.0028876638890099606,0.0028876638890099615,0.0,8.673617379884035e-19,-1.3040661913931148e-17,-0.0028876638890099737,-0.0028876638890099745,-1.3040661913931151e-17,-0.00028877310875053774,0.00032538025297004845,2.185751579730777e-16,1.155002726744064e-19,2.8876638975557026e-11,2.185751579730777e-16,True,7.569272800691703e-14,1794998.4333669494,1794997.7220482652,1794997.7220482652,1794999.791338074,1795029.6324954515,0.5,1.4769335106094856e-09,0.9999999985230664,0.5,4123579035081.796,4123579035081.903,-2.0011200621561364e-27,8.011603592464204e-12,1.6960541711484375e-25,1.1766272887704445e-11,1.6897956686718748e-25,2.8139833278190348e-21,1.3361043333009126e-10,0.002887663889009987,9.033471520494463e-12,0.0028876638799765156,2.887663889009987e-17,2.8876638799765156e-17,2.887663897555702e-17,1.000214701142038,1.000214727775501,0.0016909430350282514,0.000948897633910482,0.5855747432218473,-0.01429387260587034
PF,-17.0,17.0,0.0,100000000000000.0,81,4,1.32278087868294e-13,-0.0033412204006430207,0.0033412204117719627,0.0,1.1128900670233738e-11,0.003341220400643062,0.003341220400642926,0.003341220400643063,-1.3574211199518516e-16,1.3010426069826053e-18,-1.3222273066228338e-17,-0.003341220400642939,-0.0033412204006430762,-1.3222273066228408e-17,-0.00033412970877867005,0.00037648695564213957,3.0270924655795284e-16,4.20000991543296e-20,3.341220411771963e-11,3.0270924655795284e-16,True,9.059840694478933e-14,1819998.4276048597,1819997.615918254,1819997.615918254,1819999.9771878482,1820028.1538138094,0.4999999999999999,1.277354816764912e-09,0.9999999987226451,0.5,3911933256084.1377,3911933256084.36,-4.446933471458081e-28,8.011593698416724e-12,3.5110198893515623e-25,1.0915584688561758e-11,3.536053899257812e-25,2.1646025598607956e-22,1.0598596512727376e-11,0.0033412204006430207,9.035911942576407e-12,0.003341220391607109,3.341220400643021e-17,3.341220391607109e-17,3.341220411771963e-17,1.0002137814482825,1.00021381142431,0.0019430355274611955,0.001083125709509752,0.5815346788682221,-0.014011895802965024
PF,-17.25,17.25,0.0,100000000000000.0,81,4,1.208449344928197e-13,-0.00386215252288775,0.0038621525373572028,0.0,1.4469396312906383e-11,0.0038621525228878066,0.003862152522887644,0.0038621525228878023,-1.6263032587282567e-16,-4.336808689942018e-18,-1.3403885946277112e-17,-0.0038621525228876574,-0.0038621525228878157,-1.3403885946277182e-17,-0.00038622399676745074,0.00043518562575448706,3.2742905609062234e-16,3.15000743657472e-20,3.862152537357203e-11,3.2742905609062234e-16,True,8.47789031954382e-14,1844998.4098682003,1844997.4843944048,1844997.4843944048,1845000.1766817402,1845026.9141921469,0.5,1.1056647753143263e-09,0.9999999988943353,0.49999999999999967,3759732646405.14,3759732646405.3345,0.0,8.011584072409127e-12,3.0604077110390622e-25,1.0228802873392529e-11,3.104217228375e-25,-4.906432469017804e-21,2.464646987237845e-10,0.00386215252288775,9.037847429494264e-12,0.0038621525138499025,3.86215252288775e-17,3.8621525138499023e-17,3.862152537357203e-17,1.0002131265393392,1.0002131602564786,0.0022306888880415827,0.0012353296050948703,0.5775765923386513,-0.013739509570787622
PF,-17.5,17.5,0.0,100000000000000.0,81,4,1.2118020740622324e-13,-0.004459932422079019,0.004459932440861681,0.0,1.8782668023471868e-11,0.004459932422079013,0.004459932422078966,0.0044599324220790165,-4.683753385137379e-17,3.469446951953614e-18,-1.3585500424302648e-17,-0.00445993242207898,-0.00445993242207903,-1.3585500424302664e-17,-0.0004460032054427429,0.0005025436285680462,4.111294638065033e-16,1.5750037182873599e-19,4.4599324408616816e-11,4.111294638065033e-16,True,9.218289049398045e-14,1869998.3798801133,1869997.3254994547,1869997.3254994547,1870000.392789156,1870025.8955860534,0.5000000000000001,9.578671292515907e-10,0.9999999990421329,0.49999999999999994,3664799102556.709,3664799102556.8086,-3.779893450739369e-27,8.011574703578848e-12,1.5708841216171873e-25,9.69596917252693e-12,1.6084351364765624e-25,-1.0101478612683714e-21,5.152508395108919e-11,0.004459932422079019,9.039477776114269e-12,0.004459932413039542,4.459932422079019e-17,4.4599324130395414e-17,4.459932440861681e-17,1.0002127576841724,1.0002127955861564,0.002558652807525999,0.0014077896443732366,0.5736976641272061,-0.013476324089849834
PF,-17.75,17.75,0.0,100000000000000.0,81,4,1.0484592934735677e-13,-0.005145293396352183,0.005145293420695809,0.0,2.4343640753526342e-11,0.0051452933963521685,0.00514529339635214,0.005145293396352171,-2.862293735361732e-17,2.6020852139652106e-18,-1.376711639348205e-17,-0.005145293396352154,-0.005145293396352185,-1.3767116393482063e-17,-0.0005145406826481137,0.0005797704481937988,4.0939474033052647e-16,1.470003470401536e-19,5.1452934206958096e-11,4.0939474033052647e-16,True,7.956684038345147e-14,1894998.3371928832,1894997.1368809175,1894997.1368809175,1895000.6286988242,1895025.0831390524,0.5000000000000002,8.305420625103141e-10,0.9999999991694579,0.5,3625768897511.7563,3625768897511.8354,6.670400207187122e-28,8.011565581695009e-12,1.27673450521875e-25,9.309333693301095e-12,1.301768515125e-25,1.8759888852126896e-21,9.627400341052917e-11,0.005145293396352183,9.040962223897897e-12,0.005145293387311221,5.145293396352183e-17,5.145293387311221e-17,5.1452934206958093e-17,1.0002126990006692,1.0002127415812867,0.0029322779672594414,0.001603060128783933,0.5698951928554192,-0.013221984394680752
PF,-18.0,18.0,0.0,100000000000000.0,81,4,1.0025164746259221e-13,-0.005930388965762079,0.005930388997264684,0.0,3.1502672705284265e-11,0.005930388965762011,0.005930388965762084,0.005930388965762018,7.28583859910259e-17,6.938893903907228e-18,-1.3948733768284286e-17,-0.005930388965762098,-0.005930388965762032,-1.3948733768284268e-17,-0.0005930518005786245,0.0006682356182670117,5.074066167232161e-16,1.365003222515712e-19,5.930388997264684e-11,5.074066167232161e-16,True,8.556042731045988e-14,1919998.2811837373,1919996.9157835285,1919996.9157835285,1920000.8878590893,1920024.464951687,0.5,7.20766158928226e-10,0.9999999992792338,0.5,3642066150695.5522,3642066150695.5894,7.559786901478738e-27,8.011556697089414e-12,5.976869865117187e-26,9.063228928667086e-12,5.757822278437499e-26,6.421654260920361e-21,3.2870341232121495e-10,0.005930388965762079,9.042432465628887e-12,0.005930388956719646,5.930388965762078e-17,5.930388956719646e-17,5.930388997264684e-17,1.0002129777386113,1.000213025547054,0.0033575880650610138,0.0018240004268526774,0.5661665852889084,-0.012976171261501246
PF,-18.25,18.25,0.0,100000000000000.0,81,4,1.2987131276024772e-13,-0.006828970970556407,0.0068289710112619155,0.0,4.0705655012885574e-11,0.0068289709705562605,0.006828970970556498,0.0068289709705562605,2.3765711620882257e-16,0.0,-1.4130352483149397e-17,-0.006828970970556512,-0.006828970970556274,-1.4130352483149336e-17,-0.0006829117658543807,0.0007694887956914958,5.672545766444159e-16,8.40001983086592e-20,6.828971011261916e-11,5.672545766444159e-16,True,8.306589319370882e-14,1944998.211048491,1944996.6590171286,1944996.6590171286,1945001.1740208773,1945024.0318918475,0.4999999999999999,6.260416810875483e-10,0.9999999993739582,0.5,3713886693735.667,3713886693735.6533,1.3340800414374244e-27,8.011548040605235e-12,-1.9714282801171875e-26,8.953972113484694e-12,-2.37823094109375e-26,-2.5253696531709286e-21,1.2777894761024176e-10,0.006828970970556407,9.044003723270503e-12,0.006828970961512404,6.828970970556408e-17,6.828970961512403e-17,6.828971011261915e-17,1.0002136245928357,1.000213678239619,0.0038413599908530514,0.002073809345958806,0.562509346210825,-0.012738603158022332
PF,-18.5,18.5,0.0,100000000000000.0,81,4,1.1189511495573305e-13,-0.007856588820511733,0.007856588873031213,0.0,5.251931357308897e-11,0.0078565888205119,0.007856588820511509,0.0078565888205119,-3.903127820947816e-16,0.0,-1.431197249138815e-17,-0.007856588820511523,-0.007856588820511913,-1.431197249138823e-17,-0.0007856755447271105,0.000885282219243139,7.025630077706069e-16,7.770018343550975e-19,7.856588873031213e-11,7.025630077706069e-16,True,8.942341506276953e-14,1969998.1257930053,1969996.362919467,1969996.362919467,1970001.4912838198,1970023.7774429198,0.5000000000000001,5.442348881486943e-10,0.9999999994557651,0.5000000000000001,3842191918884.2847,3842191918884.426,-5.1139734921767935e-27,8.011539603556504e-12,2.2248976304179687e-25,8.979794157945235e-12,2.215509876703125e-25,4.329205119721591e-22,2.1453257108586475e-11,0.007856588820511733,9.045783753701339e-12,0.00785658881146595,7.856588820511733e-17,7.856588811465949e-17,7.856588873031213e-17,1.0002146740491886,1.0002147342126984,0.004391213008359169,0.0023560630832409474,0.5589210678749801,-0.012509039611979633
PF,-18.75,18.75,0.0,100000000000000.0,81,4,1.0819247640223518e-13,-0.009030812261770358,0.009030812329433119,0.0,6.766302080522349e-11,0.009030812261770098,0.009030812261770563,0.009030812261770098,4.649058915617843e-16,0.0,-1.449359376437377e-17,-0.009030812261770577,-0.009030812261770112,-1.4493593764373686e-17,-0.0009031001400661629,0.0010175958200923701,8.864436962241484e-16,3.360007932346368e-19,9.030812329433118e-11,8.864436962241484e-16,True,9.81576921197954e-14,1994998.0242224068,1994996.0233137533,1994996.0233137533,1995001.8441458468,1995023.697587339,0.5,4.735227159501118e-10,0.9999999995264772,0.49999999999999994,4028712320092.709,4028712320092.6875,-2.2234667357290406e-28,8.011531377694183e-12,-3.473468874492187e-26,9.140793734024475e-12,-3.7551014859374997e-26,3.3190572584532203e-21,1.5988255186058276e-10,0.009030812261770358,9.047879976797871e-12,0.009030812252722478,9.030812261770358e-17,9.030812252722477e-17,9.030812329433119e-17,1.0002161647660306,1.0002162321998131,0.005015707875248927,0.0026747570606413355,0.5553994186665617,-0.012287286499590544
PF,-19.0,19.0,0.0,100000000000000.0,81,4,1.403030067427877e-13,-0.010371480270373117,0.010371480357421883,0.0,8.704874425730041e-11,0.010371480270373138,0.010371480270373037,0.010371480270373141,-1.0061396160665481e-16,3.469446951953614e-18,-1.4675216290944926e-17,-0.010371480270373051,-0.010371480270373155,-1.467521629094494e-17,-0.0010371694810473297,0.0011686652787635371,7.927686285214008e-16,2.10000495771648e-20,1.0371480357421883e-10,7.927686285214008e-16,True,7.64373648891975e-14,2019997.9049279862,2019995.6354605746,2019995.6354605746,2020002.2375569972,2020023.7907231157,0.4999999999999999,4.123469704829077e-10,0.9999999995876531,0.4999999999999999,4275960551701.5347,4275960551701.583,5.558666839322601e-27,8.011523355176797e-12,7.729250558554687e-26,9.438915408902283e-12,7.7605430709375e-26,-3.607670933101326e-21,1.6747556014287603e-10,0.010371480270373117,9.050404874129265e-12,0.010371480261322712,1.0371480270373117e-16,1.0371480261322713e-16,1.0371480357421883e-16,1.0002181399942602,1.0002182155347328,0.005724456911634566,0.0030343519461128836,0.5519421304769957,-0.012073204052214292
PF,-19.25,19.25,0.0,100000000000000.0,81,4,1.378626668159442e-13,-0.011900978943673188,0.011900979055504222,0.0,1.1183115353244129e-10,0.011900978943673068,0.011900978943673242,0.011900978943673073,1.734723475976807e-16,5.204170427930421e-18,-1.48568400770429e-17,-0.011900978943673257,-0.011900978943673089,-1.4856840077042872e-17,-0.0011901222126647797,0.0013410133526956713,9.957312752106873e-16,4.830011402747903e-19,1.1900979055504223e-10,9.957312752106873e-16,True,8.366801341022107e-14,2044997.7662716869,2044995.1940036188,2044995.1940036188,2045002.6769778589,2045024.0576117858,0.5000000000000001,3.593751440229808e-10,0.9999999996406249,0.5,4587253937549.648,4587253937549.63,1.3340800414374244e-27,8.011515528544353e-12,-3.066666213515625e-26,9.87795101221523e-12,-2.941496163984375e-26,7.215341866202653e-22,3.203111600155627e-11,0.011900978943673188,9.053479624830074e-12,0.011900978934619708,1.190097894367319e-16,1.1900978934619708e-16,1.190097905550422e-16,1.0002206480388807,1.0002207326142414,0.006528246102267814,0.0034398241409334535,0.5485469840869374,-0.011866718747987837
PF,-19.5,19.5,0.0,100000000000000.0,81,4,1.1311507974545903e-13,-0.0136445515407973,0.013644551684267456,0.0,1.4347039411268853e-10,0.013644551540797063,0.013644551540797486,0.013644551540797054,4.2327252813834093e-16,-8.673617379884035e-18,-1.5038465145562755e-17,-0.013644551540797502,-0.01364455154079707,-1.5038465145562696e-17,-0.0013644827001882906,0.0015374848302808707,1.2073675392798577e-15,8.40001983086592e-20,1.3644551684267456e-10,1.2073675392798577e-15,True,8.848715349673128e-14,2069997.6063680516,2069994.6929088356,2069994.6929088356,2070003.1684431224,2070024.5013565116,0.5000000000000001,3.134669936043651e-10,0.9999999996865329,0.5,4966746464435.761,4966746464435.716,-4.446933471458081e-28,8.011507890694607e-12,-7.197277848046874e-26,1.0463563693993594e-11,-7.197277848046874e-26,3.751977770425379e-21,1.5812899711594742e-10,0.0136445515407973,9.057235686325198e-12,0.013644551531740065,1.36445515407973e-16,1.3644551531740065e-16,1.3644551684267457e-16,1.000223742765194,1.0002238374048011,0.007439170385586426,0.0038967209568560035,0.5452117915551397,-0.011667840924135364
PF,-19.75,19.75,0.0,100000000000000.0,81,4,1.1937759533214566e-13,-0.015630644118319645,0.015630644302130313,0.0,1.8381063705698022e-10,0.015630644118319676,0.015630644118319555,0.015630644118319683,-1.214306433183765e-16,6.938893903907228e-18,-1.5220091536413192e-17,-0.01563064411831957,-0.015630644118319697,-1.5220091536413208e-17,-0.0015630955931847609,0.0017612855006894493,1.3461454173580023e-15,0.0,1.5630644302130313e-10,1.3461454173580023e-15,True,8.612219633035441e-14,2094997.4230634924,2094994.1253965748,2094994.1253965748,2095003.7186310766,2095025.1274089739,0.5,2.7364608863943393e-10,0.999999999726354,0.5,5419470388181.503,5419470388181.539,4.89162681860389e-27,8.011500434861419e-12,5.88299232796875e-26,1.1203334378141284e-11,6.508842575625e-26,-3.607670933101326e-21,1.433898851784551e-10,0.015630644118319645,9.061813742395783e-12,0.01563064410925783,1.5630644118319644e-16,1.5630644109257831e-16,1.5630644302130312e-16,1.0002274841525922,1.0002275899976403,0.008470783332765845,0.0044112205915720695,0.5419343741406477,-0.011476690985828875
PF,-20.0,20.0,0.0,100000000000000.0,81,4,1.2921920369763274e-13,-0.01789129051073575,0.01789129074591361,0.0,2.3517825224805757e-10,0.017891290510735357,0.01789129051073608,0.017891290510735368,7.216449660063518e-16,1.0408340855860843e-17,-1.5401719306780652e-17,-0.017891290510736093,-0.017891290510735382,-1.5401719306780584e-17,-0.0017891643240676388,0.0020160255632261917,1.7208456881689926e-15,6.300014873149439e-19,1.789129074591361e-10,1.7208456881689926e-15,True,9.61834287200344e-14,2119997.2139127166,2119993.483865841,2119993.483865841,2120004.334939395,2120025.943604702,0.4999999999999999,2.3907561714853963e-10,0.9999999997609245,0.5000000000000001,5951387666870.165,5951387666870.193,8.893866942916162e-28,8.011493154594702e-12,4.3653054774023433e-26,1.2106830541159423e-11,4.443536758359375e-26,-1.4430683732405306e-22,5.377520641111359e-12,0.01789129051073575,9.067359197547766e-12,0.01789129050166839,1.7891290510735749e-16,1.7891290501668392e-16,1.789129074591361e-16,1.0002319388985488,1.0002320572136219,0.009638262434407012,0.004990196790924904,0.5387125335373784,-0.011293538830739747
PF,-20.25,20.25,0.0,100000000000000.0,81,4,1.285997552091367e-13,-0.020462540704822778,0.02046254100532667,0.0,3.0050435972163044e-10,0.02046254070482231,0.020462540704823173,0.020462540704822323,8.638922910364499e-16,1.3877787807814457e-17,-1.5583348531594783e-17,-0.020462540704823187,-0.020462540704822337,-1.5583348531594715e-17,-0.0020462939460880055,0.002305767934007442,1.6896206656014101e-15,5.040011898519552e-19,2.046254100532667e-10,1.6896206656014101e-15,True,8.257140035353281e-14,2144996.976152136,2144992.7598103574,2144992.7598103574,2145005.0255681393,2145026.9602264077,0.5000000000000001,2.090378260254283e-10,0.9999999997909622,0.5,6569451511483.399,6569451511483.393,1.5564267150103284e-27,8.01148604374188e-12,-6.2585024765625e-27,1.3185697443304313e-11,-6.2585024765625e-27,1.4430683732405307e-21,5.0108160517005505e-11,0.020462540704822778,9.074013308164386e-12,0.020462540695748765,2.046254070482278e-16,2.0462540695748766e-16,2.046254100532667e-16,1.0002371810747026,1.0002373132603788,0.010958591160781211,0.0056412876781275,0.5355440130197485,-0.011118864101136883
PF,-20.5,20.5,0.0,100000000000000.0,81,4,1.0730365350170848e-13,-0.02338493692952837,0.023384937313005952,0.0,3.8347762381794724e-10,0.023384936929528328,0.023384936929528376,0.023384936929528297,4.85722573273506e-17,-3.122502256758253e-17,-1.5764979304194452e-17,-0.023384936929528394,-0.023384936929528314,-1.5764979304194442e-17,-0.002338538742935218,0.0026350819388231525,2.0088097851811426e-15,1.2180028754755583e-18,2.338493731300595e-10,2.0088097851811426e-15,True,8.59018674411373e-14,2169996.7066700524,2169991.943725698,2169991.943725698,2170005.799610365,2170028.190094854,0.5,1.8291655333475042e-10,0.9999999998170834,0.5,7281678403685.566,7281678403685.563,4.89162681860389e-27,8.011479096430673e-12,-2.6598635525390625e-27,1.4453772099985136e-11,-4.38095173359375e-27,-2.597523071832955e-21,8.364822242482435e-11,0.02338493692952837,9.081899280197684e-12,0.02338493692044647,2.338493692952837e-16,2.338493692044647e-16,2.338493731300595e-16,1.0002432928354086,1.0002434404422504,0.01245075878744236,0.006372967475380721,0.5324264431329776,-0.010953450120274655
PF,-20.75,20.75,0.0,100000000000000.0,81,4,1.537673735544241e-13,-0.02670404198622989,0.02670404247496502,0.0,4.887345089772003e-10,0.02670404198623051,0.02670404198622919,0.026704041986230526,-1.321859288694327e-15,1.3877787807814457e-17,-1.59466117371942e-17,-0.026704041986229207,-0.026704041986230543,-1.5946611737194288e-17,-0.002670455062437349,0.0030091029043888165,2.6020852139652106e-15,5.040011898519552e-19,2.670404247496502e-10,2.6020852139652106e-15,True,9.744162204672419e-14,2194996.401973445,2194991.0250067078,2194991.0250067078,2195006.6671513068,2195029.64868758,0.4999999999999999,1.601823864660579e-10,0.9999999998398175,0.4999999999999998,8097230963618.6,8097230963618.6,-2.2234667357290406e-28,8.011472307052928e-12,4.2244891716796875e-27,1.5927220386133663e-11,-3.12925123828125e-27,-8.369796564795077e-21,2.488526538525271e-10,0.02670404198622989,9.091103434461331e-12,0.026704041977138788,2.6704041986229893e-16,2.670404197713879e-16,2.670404247496502e-16,1.000250365176376,1.0002505299201712,0.014135978579058406,0.0071946184313101125,0.529357263262249,-0.010798533910367891
PF,-21.0,21.0,0.0,100000000000000.0,81,4,1.1507285286107629e-13,-0.030471024399563076,0.030471025021658264,0.0,6.220958587100457e-10,0.030471024399562407,0.030471024399563704,0.030471024399562386,1.2975731600306517e-15,-2.0816681711721685e-17,-1.6128245963551852e-17,-0.03047102439956372,-0.030471024399562403,-1.6128245963551778e-17,-0.0030471598323855826,0.003433598166957638,2.8033131371785203e-15,4.20000991543296e-19,3.0471025021658267e-10,2.8033131371785203e-15,True,9.199930541181253e-14,2219996.05815116,2219989.991834808,2219989.991834808,2220007.6393765234,2220031.3542852984,0.5000000000000001,1.4038004769689702e-10,0.99999999985962,0.49999999999999994,9026512038018.982,9026512038019.037,1.1117333678645203e-27,8.011465670249719e-12,8.652379673847656e-26,1.762469767963756e-11,9.38775371484375e-26,4.906432469017804e-21,1.3414808988420383e-10,0.030471024399563076,9.101652979801717e-12,0.030471024390461423,3.0471024399563076e-16,3.0471024390461425e-16,3.0471025021658263e-16,1.0002584987360363,1.0002586825147928,0.016037924105741758,0.008116597566740893,0.5263336046805906,-0.010656052624523737
PF,-21.25,21.25,0.0,100000000000000.0,81,4,1.318842836631781e-13,-0.034743304727806575,0.03474330551866761,0.0,7.908606358528545e-10,0.03474330472780698,0.03474330472780613,0.03474330472780696,-8.465450562766819e-16,-1.3877787807814457e-17,-1.630988213783488e-17,-0.034743304727806144,-0.03474330472780698,-1.6309882137834917e-17,-0.003474395192386788,0.003915039990705863,3.094746681142624e-15,4.20000991543296e-19,3.474330551866761e-10,3.094746681142624e-15,True,8.907461840324356e-14,2244995.6708333557,2244988.831054549,2244988.831054549,2245008.728689541,2245033.3281462416,0.5000000000000001,1.2311766813422045e-10,0.9999999998768823,0.5,10081270284222.94,10081270284222.945,-6.225706860041314e-27,8.011459180897229e-12,1.1421767019726562e-26,1.9567533302988647e-11,1.87755074296875e-27,2.0202957225367427e-21,5.0619200422833583e-11,0.034743304727806575,9.113493922449942e-12,0.03474330471869308,3.4743304727806577e-16,3.474330471869308e-16,3.474330551866761e-16,1.0002678046226705,1.0002680095344074,0.018182981846710022,0.009150287515192757,0.5233521103974591,-0.01052906194628056
PF,-21.5,21.5,0.0,100000000000000.0,81,4,1.6574100761419378e-13,-0.03958526654478197,0.03958526754895174,0.0,1.0041700085562759e-09,0.03958526654478173,0.039585266544782144,0.03958526654478175,4.163336342344337e-16,2.0816681711721685e-17,-1.6491520437695262e-17,-0.03958526654478216,-0.03958526654478176,-1.6491520437695247e-17,-0.003958599592939503,0.004460685795807898,3.3931191190106347e-15,3.360007932346368e-19,3.958526754895174e-10,3.3931191190106347e-15,True,8.571671556380546e-14,2269995.2351471647,2269987.528039323,2269987.528039323,2270009.948839357,2270035.59470732,0.4999999999999999,1.0805766253212073e-10,0.9999999998919424,0.4999999999999999,11274717277630.912,11274717277630.887,6.00336018646841e-27,8.011452834093758e-12,-3.7863939983203126e-26,2.1779938580838004e-11,-4.0993191221484375e-26,3.3190572584532203e-21,7.597271886048477e-11,0.03958526654478197,9.126474599156593e-12,0.03958526653565549,3.958526654478197e-16,3.9585266535655495e-16,3.958526754895174e-16,1.0002784052324258,1.0002786335956777,0.02060051503865859,0.010308109758214307,0.5204086480029928,-0.010422474251820746
PF,-21.75,21.75,0.0,100000000000000.0,81,4,1.150597673341688e-13,-0.04506903360770156,0.04506903488116026,0.0,1.2734576848781786e-09,0.04506903360770257,0.045069033607700475,0.04506903360770259,-2.095545958979983e-15,2.0816681711721685e-17,-1.6673161065500937e-17,-0.04506903360770049,-0.045069033607702605,-1.667316106550101e-17,-0.004506985513181294,0.005078665871765014,4.2674197509029455e-15,0.0,4.5069034881160257e-10,4.2674197509029455e-15,True,9.468629097906001e-14,2294994.7456687167,2294986.0665465635,2294986.0665465635,2295011.315057332,2295038.181811328,0.4999999999999999,9.490896189168819e-11,0.9999999999050909,0.5,12621655625583.543,12621655625583.67,1.045029365792649e-26,8.011446625147332e-12,2.0496595610742187e-25,2.42892373237515e-11,2.0840813246953124e-25,2.0202957225367427e-21,4.212891639906203e-11,0.04506903360770156,9.140341188739148e-12,0.045069033598561216,4.506903360770156e-16,4.506903359856122e-16,4.506903488116026e-16,1.0002904349877113,1.0002906893629933,0.023323127298528118,0.011603454815536637,0.5174978346833842,-0.010344421041934115
PF,-22.0,22.0,0.0,100000000000000.0,81,4,1.4285598887802301e-13,-0.0512753103225854,0.051275311935589825,0.0,1.6130053985871782e-09,0.05127531032258443,0.05127531032258633,0.05127531032258441,1.9012569296705806e-15,-2.0816681711721685e-17,-1.6854804250174826e-17,-0.051275310322586344,-0.05127531032258442,-1.6854804250174764e-17,-0.005127623508455053,0.005778078255998072,5.35682609381638e-15,1.680003966173184e-18,5.127531193558983e-10,5.35682609381638e-15,True,1.0447183823172894e-13,2319994.196372073,2319984.4285640977,2319984.4285640977,2320012.8442019974,2320041.120955949,0.5000000000000001,8.342039900781059e-11,0.9999999999165797,0.5,14138616426686.543,14138616426686.596,6.670400207187122e-28,8.01144054956442e-12,7.400679178535155e-26,2.7126115401705163e-11,7.040815286132813e-26,-1.4430683732405306e-22,2.736996510649105e-12,0.0512753103225854,9.154750173886652e-12,0.05127531031343065,5.12753103225854e-16,5.127531031343064e-16,5.127531193558983e-16,1.000304040852293,1.0003043240659624,0.02638690119198281,0.013050429412506004,0.5146122184475836,-0.010308905877435603
PF,-22.25,22.25,0.0,100000000000000.0,81,4,1.2304929919100821e-13,-0.058294273054479206,0.058294275095104535,0.0,2.040625395314557e-09,0.05829427305447914,0.05829427305447916,0.0582942730544792,2.0816681711721685e-17,6.245004513516506e-17,-1.7036450249072918e-17,-0.05829427305447917,-0.05829427305447921,-1.7036450249072918e-17,-0.005829531342400209,0.006569089379969144,4.378442053365461e-15,2.3520055526424576e-18,5.829427509510453e-10,4.378442053365461e-15,True,7.510929754632383e-14,2344993.580576524,2344982.5941518866,2344982.5941518866,2345014.554907969,2345044.447556205,0.4999999999999999,7.337507542828435e-11,0.9999999999266249,0.5000000000000001,15844001996593.154,15844001996593.195,6.4480535336142175e-27,8.011434603039271e-12,7.525849228066406e-26,3.0324881505848744e-11,7.510202971874999e-26,-1.1544546985924245e-21,1.9855502484586302e-11,0.058294273054479206,9.16929867209905e-12,0.05829427304530991,5.82942730544792e-16,5.829427304530991e-16,5.829427509510453e-16,1.0003193823202807,1.0003196974895814,0.029831557863157915,0.014663185832692771,0.5117407989627212,-0.010341314695420323
PF,-22.5,22.5,0.0,100000000000000.0,81,4,1.31200823245673e-13,-0.06622647854288004,0.06622648112137351,0.0,2.578493680222275e-09,0.06622647854287983,0.06622647854288016,0.06622647854287983,3.3306690738754696e-16,0.0,-1.7218099349881543e-17,-0.06622647854288018,-0.06622647854287984,-1.721809934988154e-17,-0.006622764829542593,0.0074630366845436615,5.287437154777308e-15,1.0080023797039103e-18,6.622648112137351e-10,5.287437154777308e-15,True,7.98387150464329e-14,2369992.8908955553,2369980.5412889393,2369980.5412889393,2370016.4677298386,2370048.201201229,0.4999999999999999,6.458556829101722e-11,0.9999999999354146,0.5000000000000001,17758224483274.086,17758224483273.87,-6.00336018646841e-27,8.011428781444277e-12,-3.423400854679687e-25,3.3923721170115445e-11,-3.5235368943046873e-25,-4.906432469017804e-21,7.64142202608707e-11,0.06622647854288004,9.183567916793819e-12,0.06622647853369647,6.622647854288004e-16,6.622647853369647e-16,6.622648112137351e-16,1.0003366302070253,1.000336980767519,0.03370041692765649,0.01645423409903987,0.5088662068980385,-0.01049080744140174
PF,-22.75,22.75,0.0,100000000000000.0,81,4,1.1169810699549983e-13,-0.07518370578041104,0.07518370903456674,0.0,3.2541558768701112e-09,0.07518370578041086,0.07518370578041114,0.07518370578041086,2.7755575615628914e-16,0.0,-1.7399751872094802e-17,-0.07518370578041116,-0.07518370578041088,-1.73997518720948e-17,-0.007518502024053611,0.008472523775774883,7.16093850883226e-15,6.720015864692736e-19,7.518370903456674e-10,7.16093850883226e-15,True,9.524587973625936e-14,2394992.1191952154,2394978.2457483336,2394978.2457483336,2395018.6052597184,2395052.4258616692,0.4999999999999999,5.6889865181032164e-11,0.9999999999431101,0.49999999999999944,19903818683858.707,19903818683858.74,6.892746880760025e-27,8.011423080821484e-12,3.6299314364062496e-26,3.796490280170435e-11,3.7238089735546873e-26,6.060887167610228e-21,8.537243595002269e-11,0.07518370578041104,9.197170408281481e-12,0.07518370577121387,7.518370578041105e-16,7.518370577121387e-16,7.518370903456673e-16,1.0003559626417062,1.0003563523751327,0.03803987094302999,0.018430034224418496,0.5059589781166998,-0.010861130044493628
PF,-23.0,23.0,0.0,100000000000000.0,81,4,1.2702095187382409e-13,-0.08528952134690256,0.08528952544861533,0.0,4.101713529155045e-09,0.0852895213469018,0.08528952134690324,0.08528952134690182,1.429412144204889e-15,1.3877787807814457e-17,-1.758140816742792e-17,-0.08528952134690325,-0.08528952134690183,-1.758140816742789e-17,-0.008529099753539616,0.009611484428375798,7.618905506490137e-15,2.0160047594078206e-18,8.528952544861533e-10,7.618905506490137e-15,True,8.932990852528925e-14,2419991.2565807058,2419975.681056158,2419975.681056158,2420020.992166741,2420057.1699422826,0.5,5.014795154870038e-11,0.9999999999498519,0.5,22305476347107.406,22305476347107.31,-1.156202702579101e-26,8.011417497376006e-12,-1.5255099786621093e-25,4.249483566853251e-11,-1.6960541711484375e-25,-7.215341866202653e-22,9.178529314469182e-12,0.08528952134690256,9.209789846758274e-12,0.08528952133769277,8.528952134690256e-16,8.5289521337692765e-16,8.528952544861533e-16,1.0003775540838942,1.0003779871455525,0.04289765102748619,0.020578301501029572,0.5029650812277222,-0.011698025933785716
PF,-23.25,23.25,0.0,100000000000000.0,81,4,1.1464769879571167e-13,-0.09667900265741146,0.09667900782055511,0.0,5.163145541428426e-09,0.09667900265740957,0.0966790026574134,0.09667900265740946,3.83026943495679e-15,-1.1102230246251565e-16,-1.7763068617010273e-17,-0.09667900265741342,-0.09667900265740947,-1.7763068617010205e-17,-0.009668065942784876,0.010895151597505313,8.93729534823251e-15,6.720015864692736e-19,9.66790078205551e-10,8.93729534823251e-15,True,9.244297753676713e-14,2444990.2934610876,2444972.818682345,2444972.818682345,2445023.655020954,2445062.48589962,0.5,4.423903937118962e-11,0.9999999999557608,0.4999999999999995,24989862155112.793,24989862155112.562,-6.670400207187122e-28,8.011412027474025e-12,-3.5016321356367187e-25,4.7563714737083616e-11,-3.482856628207031e-25,6.926728191554546e-21,7.954220555008588e-11,0.09667900265741146,9.221205686610799e-12,0.09667900264819025,9.667900265741146e-16,9.667900264819025e-16,9.667900782055511e-16,1.0004015450738606,1.000402026015244,0.04831792398246948,0.022824955791109602,0.4997768146026065,-0.013686760401066783
PF,-23.5,23.5,0.0,100000000000000.0,81,4,1.1234412429220054e-13,-0.10949590047627998,0.10949590696580785,0.0,6.4895256920217684e-09,0.10949590047628216,0.10949590047627779,0.10949590047628212,-4.371503159461554e-15,-4.163336342344337e-17,-1.7944733619356175e-17,-0.1094959004762778,-0.10949590047628213,-1.7944733619356237e-17,-0.010949775859830257,0.012339737339933947,1.021405182655144e-14,8.736020624100557e-18,1.0949590696580786e-09,1.021405182655144e-14,True,9.328249894985544e-14,2469989.2198427795,2469969.6289104195,2469969.6289104195,2470026.6214864682,2470068.42858184,0.4999999999999999,3.905959416192524e-11,0.9999999999609405,0.5,27984789445013.664,27984789445013.777,-8.671520269343258e-27,8.011406667653276e-12,1.814965718203125e-25,5.3223952584513536e-11,1.8368704768710936e-25,-2.308909397184849e-21,2.3912654842911557e-11,0.10949590047627998,9.23129951694716e-12,0.10949590046704868,1.0949590047627997e-15,1.0949590046704868e-15,1.0949590696580786e-15,1.0004279503415097,1.0004284841158473,0.05432804344178532,0.024844529432030582,0.49616509120480373,-0.019280623185309986
PF,-23.75,23.75,0.0,100000000000000.0,81,4,1.3827920868144083e-13,-0.12388096686789248,0.12388097500898788,0.0,8.14109564882287e-09,0.12388096686789224,0.12388096686789256,0.12388096686789234,3.191891195797325e-16,9.71445146547012e-17,-1.8126403546689574e-17,-0.12388096686789257,-0.12388096686789235,-1.812640354668957e-17,-0.012388304891141603,0.013961114714627064,1.1352030426792226e-14,7.39201745116201e-18,1.2388097500898789e-09,1.1352030426792226e-14,True,9.163659251122787e-14,2494988.026400193,2494966.0840125605,2494966.0840125605,2495029.9173730123,2495075.049221117,0.5000000000000001,3.452293822339792e-11,0.999999999965477,0.5,31316219917639.387,31316219917639.113,-1.5564267150103284e-27,8.011401414682581e-12,-4.540543546746093e-25,5.95244880978474e-11,-4.449795260835937e-25,5.19504614366591e-21,4.8508263231598585e-11,0.12388096686789248,9.240045801106516e-12,0.12388096685865244,1.2388096686789248e-15,1.2388096685865243e-15,1.2388097500898788e-15,1.0004563231519072,1.000456915062503,0.06091829324882103,0.02475561116162983,0.49174860992430336,-0.04198284041787592
PF,-24.0,24.0,0.0,100000000000000.0,81,4,1.3429972465764841e-13,-0.1399211047052816,0.13992111488612557,0.0,1.0180844923861134e-08,0.13992110470528066,0.13992110470528246,0.13992110470528066,1.8041124150158794e-15,0.0,-1.8308078562077197e-17,-0.1399211047052825,-0.13992110470528069,-1.830807856207718e-17,-0.013992343408164336,0.015769070275879024,1.2934098236883074e-14,3.696008725581005e-18,1.3992111488612557e-09,1.2934098236883074e-14,True,9.243850184734058e-14,2519986.708971545,2519962.171583714,2519962.171583714,2520033.554249835,2520082.3702577967,0.5,3.056442291844878e-11,0.9999999999694354,0.5,34995669385625.723,34995669385625.773,-4.446933471458081e-28,8.011396265887121e-12,7.259862872812499e-26,6.648691819795083e-11,9.043536078632812e-26,1.4430683732405306e-22,1.2144728035262828e-12,0.1399211047052816,9.247492700429721e-12,0.1399211046960341,1.399211047052816e-15,1.3992110469603412e-15,1.3992111488612557e-15,1.0004840893409754,1.0004847447522667,0.06834959335467444,0.004465706868894526,0.48848666184531436,-0.20670332678008677
PF,-24.25,24.25,0.0,100000000000000.0,81,4,1.1757777528288824e-13,-0.157325756742864,0.15732576936242743,0.0,1.2619565981804995e-08,0.15732575674286145,0.15732575674286642,0.1573257567428615,4.9682480351975755e-15,5.551115123125783e-17,-1.8489757469619096e-17,-0.15732575674286645,-0.15732575674286153,-1.8489757469619047e-17,-0.01573283514268058,0.017730679747582488,1.3239409568654992e-14,3.360007932346368e-19,1.5732576936242743e-09,1.3239409568654992e-14,True,8.415283537025454e-14,2544985.296832868,2544957.978385682,2544957.978385682,2545037.451552858,2545090.2270749994,0.5000000000000001,2.7182952237785615e-11,0.9999999999728171,0.5,38940986430128.35,38940986430128.484,-2.6681600828748487e-27,8.011391221951435e-12,2.187346615558594e-25,7.39554401036097e-11,1.990203787546875e-25,6.205194004934281e-21,4.72825250886889e-11,0.157325756742864,9.253739229065066e-12,0.15732575673361027,1.5732575674286401e-15,1.5732575673361026e-15,1.5732576936242742e-15,1.0004925887149865,1.0004933112792394,0.06821578352872754,-0.06171322513655397,0.4335957757014511,-0.5802692617290418
PF,-24.5,24.5,0.0,100000000000000.0,81,4,1.4883990040968982e-13,-0.17200543941194657,0.17200545420377536,0.0,1.4791825353498864e-08,0.17200543941195,0.172005439411943,0.17200543941195007,-7.022160630754115e-15,5.551115123125783e-17,-1.8671425635286582e-17,-0.17200543941194302,-0.1720054394119501,-1.867142563528665e-17,-0.017200824973222662,0.01938312257460939,1.6209256159527285e-14,5.0400118985195516e-18,1.7200545420377537e-09,1.6209256159527285e-14,True,9.423687309545506e-14,2569984.1497586407,2569954.5712774494,2569954.5712774494,2570040.618180471,2570096.605313239,0.5000000000000002,2.4868460376764616e-11,0.9999999999751316,0.5,42144053500482.37,42144053500482.14,-4.669280145030985e-27,8.011386314125707e-12,-3.7238089735546874e-25,8.002033569319721e-11,-3.548570904210937e-25,-8.658410239443182e-22,6.1222313169846564e-12,0.17200543941194657,9.258913608634444e-12,0.17200543940268764,1.7200543941194658e-15,1.7200543940268764e-15,1.7200545420377535e-15,1.0003060195494888,1.00030679392984,0.03728793000204267,-0.10049713284435263,0.2167834350560662,-0.6312622366675515
PF,-24.75,24.75,0.0,100000000000000.0,81,4,1.2507950375037013e-13,-0.1759082939349609,0.17590830910851737,0.0,1.5173556110324412e-08,0.17590829393496127,0.17590829393496044,0.1759082939349613,-8.326672684688674e-16,2.7755575615628914e-17,-1.8853055018411603e-17,-0.17590829393496046,-0.17590829393496132,-1.885305501841161e-17,-0.017591114052359125,0.019821281860380062,1.740274591099933e-14,2.6880063458770943e-18,1.7590830910851737e-09,1.740274591099933e-14,True,9.893077819458557e-14,2594983.9574946295,2594953.99799151,2594953.99799151,2595041.1525071682,2595097.645209381,0.5,2.4320961504041636e-11,0.9999999999756791,0.4999999999999999,42675796052957.33,42675796052957.49,7.559786901478738e-27,8.011381496071244e-12,2.835101621882812e-25,8.102017971680714e-11,3.091700223421875e-25,5.19504614366591e-21,3.6314044878621246e-11,0.1759082939349609,9.263155614623356e-12,0.17590829392569776,1.759082939349609e-15,1.7590829392569777e-15,1.7590830910851738e-15,1.0001416457061343,1.0001424222074138,0.005996686571308474,-0.07273592409465329,0.03408984555237302,-0.41464986434638834
PF,-25.0,25.0,0.0,100000000000000.0,81,4,1.1827146017857233e-13,-0.1767176122358723,0.1767176272584506,0.0,1.5022581664503502e-08,0.17671761223586896,0.17671761223587554,0.17671761223586893,6.5780714209040525e-15,-2.7755575615628914e-17,-1.90346734948251e-17,-0.17671761223587557,-0.17671761223586896,-1.9034673494825038e-17,-0.017672044455849405,0.01991225819808688,1.7819079545233762e-14,7.728018244396645e-18,1.7671762725845062e-09,1.7819079545233762e-14,True,1.0083362832375091e-13,2619984.034298295,2619954.223980969,2619954.223980969,2620040.9444060996,2620097.1838322575,0.5000000000000002,2.4210136416303427e-11,0.9999999999757899,0.5,42455977098904.46,42455977098904.41,-2.0011200621561364e-27,8.01137674554322e-12,-8.042175682382812e-26,8.059415935300684e-11,-8.136053219531249e-26,-3.896284607749432e-21,2.736966996971907e-11,0.1767176122358723,9.26660384896592e-12,0.17671761222660567,1.7671761223587229e-15,1.7671761222660568e-15,1.767176272584506e-15,1.0001194897448404,1.0001202549666,0.001268245357143094,-0.01821198070113811,0.007176677758167184,-0.10310846926801868
PF,-25.25,25.25,0.0,100000000000000.0,81,4,1.6627868411668165e-13,-0.17703307962029835,0.17703309441288917,0.0,1.479259507546049e-08,0.1770330796202941,0.1770330796203025,0.1770330796202941,8.409939411535561e-15,0.0,-1.921629035389336e-17,-0.17703307962030254,-0.17703307962029413,-1.9216290353893285e-17,-0.01770358900661481,0.01994774852285192,1.6958656701149266e-14,3.360007932346368e-19,1.7703309441288918e-09,1.6958656701149266e-14,True,9.579370883952963e-14,2644984.151531506,2644954.5702239946,2644954.5702239946,2645040.624425988,2645096.499848508,0.5000000000000001,2.416714114032846e-11,0.9999999999758329,0.5,42123650791555.52,42123650791555.41,1.5564267150103284e-27,8.011372082085482e-12,-1.965169777640625e-25,7.995563653116253e-11,-1.940135767734375e-25,4.329205119721591e-22,3.065143254251226e-12,0.17703307962029835,9.269387640900782e-12,0.17703307961102896,1.7703307962029835e-15,1.7703307961102895e-15,1.7703309441288916e-15,1.0001133126041375,1.000114064758264,0.0008194273640677041,-0.0035751390796693316,0.0046286680764302465,-0.020216176235615696
PF,-25.5,25.5,0.0,100000000000000.0,81,4,1.2699921913939125e-13,-0.1771989888231793,0.17719900336726527,0.0,1.4544088084784857e-08,0.1771989888231772,0.17719898882318127,0.17719898882317728,4.08006961549745e-15,8.326672684688674e-17,-1.9397906816751558e-17,-0.1771989888231813,-0.1771989888231773,-1.9397906816749315e-17,-0.01772017754394789,0.01996641970908267,1.7069679003611782e-14,3.024007139111731e-18,1.7719900336726527e-09,1.7069679003611782e-14,True,9.633055874604957e-14,2669984.2790781334,2669954.9472733396,2669954.9472733396,2670040.2756531434,2670095.7613436743,0.5,2.4144576198889638e-11,0.9999999999758554,0.5,41762961468762.28,41762961468762.414,6.670400207187122e-28,8.011367505382966e-12,2.005850043738281e-25,7.926422826781486e-11,2.1091153346015623e-25,-1.0101478612683714e-21,7.208514379746052e-12,0.1771989888231793,9.271622678019417e-12,0.1771989888139077,1.771989888231793e-15,1.771989888139077e-15,1.7719900336726526e-15,1.0001103520215013,1.0001110908423143,0.0004970359914726052,-0.0012725258950046503,0.0028049595248796065,-0.007189206153884971
PF,-25.75,25.75,0.0,100000000000000.0,81,4,1.0639604545078676e-13,-0.17730102454118388,0.1773010388331341,0.0,1.4291942198513e-08,0.17730102454119193,0.1773010245411757,0.17730102454119198,-1.6237011735142914e-14,5.551115123125783e-17,-1.9579523182580882e-17,-0.17730102454117572,-0.177301024541192,-1.9579523182578805e-17,-0.01773037867718527,0.01997790429595504,2.475797344914099e-14,4.704011105284915e-18,1.7730103883313411e-09,2.475797344914099e-14,True,1.3963806197684955e-13,2694984.4095134623,2694955.333065231,2694955.333065231,2695039.918598596,2695095.009497436,0.5000000000000001,2.413071648811015e-11,0.9999999999758693,0.5,41394619697581.91,41394619697582.35,-1.7787733885832325e-27,8.011363013386692e-12,7.309930892625e-25,7.855913244299788e-11,7.441359444632812e-25,-5.19504614366591e-21,3.738077835948761e-11,0.17730102454118388,9.273409323900057e-12,0.17730102453191046,1.7730102454118388e-15,1.7730102453191046e-15,1.7730103883313412e-15,1.0001084240229314,1.0001091496134922,0.0003272671761159751,-0.0006061467982541036,0.001845827890617033,-0.003422150992851479
PF,-26.0,26.0,0.0,100000000000000.0,81,4,1.4259983685604971e-13,-0.1773700636285146,0.17737007766987226,0.0,1.4041352290151916e-08,0.17737006362851995,0.17737006362850932,0.17737006362851981,-1.0630385460785874e-14,-1.3877787807814457e-16,-1.9761139555693586e-17,-0.17737006362850935,-0.17737006362851984,-1.9761139555693688e-17,-0.01773728014120273,0.01998567526935251,2.1010970741031088e-14,0.0,1.7737007766987225e-09,2.1010970741031088e-14,True,1.1845837255671433e-13,2719984.540214107,2719955.7197930845,2719955.7197930845,2720039.5605308074,2720094.258667132,0.5,2.4121347878341267e-11,0.9999999999758786,0.5,41025915051582.8,41025915051582.336,0.0,8.01135860386174e-12,-7.475781208253906e-25,7.785408609572157e-11,-7.316189395101563e-25,-4.1848982823975385e-21,3.035753004413156e-11,0.1773700636285146,9.274832685345906e-12,0.17737006361923977,1.773700636285146e-15,1.7737006361923977e-15,1.7737007766987225e-15,1.0001069303372239,1.0001076429250957,0.0002307627717857419,-0.0003383263450997265,0.0013010243503160726,-0.0019091529098839118
PF,-26.25,26.25,0.0,100000000000000.0,81,4,1.7706744598393313e-13,-0.17741987653461339,0.1774198903290981,0.0,1.3794493870951006e-08,0.17741987653460423,0.17741987653462252,0.17741987653460414,1.8290924330699454e-14,-8.326672684688674e-17,-1.9942755979890646e-17,-0.17741987653462254,-0.17741987653460417,-1.9942755979890482e-17,-0.017742259002287906,0.019991282025181727,2.6395552410463097e-14,2.6880063458770943e-18,1.774198903290981e-09,2.6395552410463097e-14,True,1.4877448273416073e-13,2744984.670052052,2744956.1040917984,2744956.1040917984,2745039.2045914927,2745093.514879802,0.4999999999999999,2.4114593788878596e-11,0.9999999999758854,0.4999999999999999,40659960082077.57,40659960082077.516,1.5564267150103284e-27,8.011354274591937e-12,-8.386393318593749e-26,7.715491044005797e-11,-7.88571312046875e-26,5.4836598183140165e-21,4.0123463114740254e-11,0.17741987653461339,9.275963697764335e-12,0.17741987652533742,1.7741987653461338e-15,1.7741987652533742e-15,1.774198903290981e-15,1.0001056553754468,1.0001063552363814,0.00017122719809925524,-0.00020880674107370822,0.0009650959151400503,-0.0011778386719444667
PF,-26.5,26.5,0.0,100000000000000.0,81,4,1.4344000190020842e-13,-0.17745751645524258,0.17745753000760087,0.0,1.3552362813981992e-08,0.17745751645523805,0.17745751645524704,0.17745751645523802,8.992806499463768e-15,-2.7755575615628914e-17,-2.0124372475416064e-17,-0.17745751645524707,-0.17745751645523805,-2.0124372475415984e-17,-0.01774602059035396,0.019995518340501055,2.0261570199409107e-14,4.032009518815641e-18,1.7745753000760086e-09,2.0261570199409107e-14,True,1.1417701011921705e-13,2769984.7984842844,2769956.4843346635,2769956.4843346635,2770038.8523059604,2770092.7809216417,0.5,2.4109493998565656e-11,0.9999999999758905,0.5,40298235824012.984,40298235824012.984,6.00336018646841e-27,8.011350023421104e-12,-1.7523806934375e-26,7.646434053198472e-11,-4.6938768574218746e-27,3.751977770425379e-21,2.7684388713061197e-11,0.17745751645524258,9.27686071116663e-12,0.17745751644596572,1.7745751645524258e-15,1.7745751644596571e-15,1.7745753000760087e-15,1.0001045062972476,1.000105193725506,0.00013204497799990111,-0.0001382078683594412,0.0007440934632943973,-0.0007793759595781608
PF,-26.75,26.75,0.0,100000000000000.0,81,4,1.304929393925247e-13,-0.17748696556069768,0.17748697887612305,0.0,1.3315421258249039e-08,0.1774869655607018,0.17748696556069354,0.17748696556070173,-8.243405957841787e-15,-5.551115123125783e-17,-2.0305989051932997e-17,-0.17748696556069357,-0.17748696556070176,-2.0305989051933068e-17,-0.017748963127753866,0.01999883244813646,2.0261570199409107e-14,1.680003966173184e-18,1.7748697887612306e-09,2.0261570199409107e-14,True,1.1415806572239116e-13,2794984.9252335234,2794956.8596854988,2794956.8596854988,2795038.5044637225,2795092.0581206493,0.49999999999999983,2.4105506764882098e-11,0.9999999999758945,0.5,39941484270886.37,39941484270886.25,6.670400207187122e-28,8.011345848262454e-12,-1.8619044867773437e-25,7.578371773658362e-11,-1.77741470334375e-25,1.4430683732405307e-21,1.0738587073362757e-11,0.17748696556069768,9.277571239828132e-12,0.1774869655514201,1.7748696556069768e-15,1.774869655514201e-15,1.7748697887612304e-15,1.0001034377513622,1.000104113046702,0.0001049260366229321,-9.633690085963931e-05,0.0005911760128240728,-0.0005431324509724831
PF,-27.0,27.0,0.0,100000000000000.0,81,4,1.5395214672066222e-13,-0.17751064090317947,0.17751065398704677,0.0,1.3083864208246368e-08,0.17751064090318255,0.17751064090317636,0.17751064090318247,-6.189493362285248e-15,-8.326672684688674e-17,-2.048760571383176e-17,-0.1775106409031764,-0.1775106409031825,-2.048760571383182e-17,-0.017751328322499167,0.020001496445056076,2.040034807748725e-14,5.0400118985195516e-18,1.7751065398704676e-09,2.040034807748725e-14,True,1.149246404048283e-13,2819985.0501565007,2819957.229707349,2819957.229707349,2820038.161481982,2820091.3470804496,0.5000000000000001,2.4102303447524384e-11,0.9999999999758977,0.5,39590076340574.05,39590076340574.26,4.89162681860389e-27,8.011341747099809e-12,3.42965935715625e-25,7.511368695460772e-11,3.6862579586953126e-25,-9.95717177535966e-21,7.470797635995487e-11,0.17751064090317947,9.278133674331194e-12,0.17751064089390134,1.7751064090317947e-15,1.7751064089390135e-15,1.7751065398704677e-15,1.0001024253783266,1.0001030888397395,8.53925970555891e-05,-6.988794540518928e-05,0.00048105621514052513,-0.00039394271629342295
PF,-27.25,27.25,0.0,100000000000000.0,81,4,1.9323740547716838e-13,-0.177530094008232,0.17753010686596787,0.0,1.2857743159947042e-08,0.17753009400822473,0.17753009400823921,0.1775300940082247,1.4488410471358293e-14,-2.7755575615628914e-17,-2.0669222462698798e-17,-0.17753009400823924,-0.17753009400822473,-2.0669222462698666e-17,-0.017753271328554567,0.020003685009394232,3.2862601528904634e-14,6.048014278223462e-18,1.7753010686596788e-09,3.2862601528904634e-14,True,1.8511001941611697e-13,2844985.173182877,2844957.5941811535,2844957.5941811535,2845037.8235744014,2845090.6480190465,0.4999999999999999,2.409967318192913e-11,0.9999999999759004,0.5,39244182334390.05,39244182334389.84,7.337440227905835e-27,8.011337717986088e-12,-3.3076185588632813e-25,7.445451918075215e-11,-3.02911519865625e-25,2.453216234508902e-21,1.8560317403551514e-11,0.177530094008232,9.278578848453983e-12,0.17753009399895342,1.77530094008232e-15,1.7753009399895343e-15,1.7753010686596787e-15,1.000101455073656,1.0001021069954525,7.086193573552224e-05,-5.2340747394907794e-05,0.0003991544990447647,-0.0002949867883001086
PF,-27.5,27.5,0.0,100000000000000.0,81,4,1.8450758165762087e-13,-0.17754636624434417,0.17754637888137548,0.0,1.2637028677167325e-08,0.1775463662443468,0.17754636624434145,0.17754636624434678,-5.35682609381638e-15,-2.7755575615628914e-17,-2.0850839298577518e-17,-0.17754636624434147,-0.1775463662443468,-2.085083929857756e-17,-0.017754896283382705,0.02000551539238437,2.603472992745992e-14,2.0160047594078206e-18,1.7754637888137549e-09,2.603472992745992e-14,True,1.4663622030193346e-13,2869985.2942842804,2869957.9530134755,2869957.9530134755,2870037.4908366655,2870089.960939752,0.5000000000000001,2.4097474489103923e-11,0.9999999999759026,0.4999999999999999,38903858136743.86,38903858136743.72,5.3363201657496974e-27,8.011333759041133e-12,-2.115373837078125e-25,7.380627428359376e-11,-2.215509876703125e-25,4.617818794369698e-21,3.5221359399437697e-11,0.17754636624434417,9.278931413960534e-12,0.17754636623506523,1.7754636624434416e-15,1.7754636623506523e-15,1.7754637888137547e-15,1.0001005181495453,1.000101158819949,5.9761965011451146e-05,-4.0232146145458e-05,0.0003365992009790185,-0.00022671408505109698
PF,-27.75,27.75,0.0,100000000000000.0,81,4,3.1141695243632363e-13,-0.1775601824828035,0.1775601949044502,0.0,1.2421644292200525e-08,0.17756018248280592,0.17756018248280095,0.17756018248280597,-4.9682480351975755e-15,5.551115123125783e-17,-2.1032456220587772e-17,-0.17756018248280098,-0.177560182482806,-2.1032456220587812e-17,-0.01775627567423751,0.020007069214811782,3.2834845953289005e-14,2.0160047594078206e-18,1.7756019490445021e-09,3.2834845953289005e-14,True,1.849223356110771e-13,2894985.413457515,2894958.306186723,2894958.306186723,2895037.1632930846,2895089.2857226054,0.5000000000000001,2.4095608919296057e-11,0.9999999999759044,0.5,38569091873668.586,38569091873668.2,3.557546777166465e-27,8.011329868449172e-12,-6.189658949320312e-25,7.316888884955506e-11,-6.064488899789062e-25,-2.886136746481061e-22,2.2144954090075943e-12,0.1775601824828035,9.279211012871594e-12,0.1775601824735243,1.775601824828035e-15,1.7756018247352429e-15,1.7756019490445022e-15,1.0000996089650274,1.0001002386651838,5.109215243281895e-05,-3.160212671227125e-05,0.0002877455503878929,-0.00017806260283894374
PF,-28.0,28.0,0.0,100000000000000.0,81,4,1.7521741313020798e-13,-0.1775720628047131,0.17757207501620248,0.0,1.2211485882826526e-08,0.1775720628047166,0.17757206280470966,0.17757206280471644,-6.938893903907228e-15,-1.6653345369377348e-16,-2.1214073227350004e-17,-0.1775720628047097,-0.17757206280471646,-2.1214073227350062e-17,-0.017757461509058315,0.020008405040964145,3.216871213851391e-14,2.6880063458770943e-18,1.7757207501620248e-09,3.216871213851391e-14,True,1.8115862043949587e-13,2919985.530714922,2919958.6537303403,2919958.6537303403,2920036.8409233876,2920088.6221764507,0.4999999999999999,2.4094005855684768e-11,0.999999999975906,0.5,38239830565740.67,38239830565740.414,-6.670400207187122e-28,8.011326044456248e-12,-4.258910935300781e-25,7.254222614794266e-11,-4.0930606196718746e-25,-8.94702391409129e-21,6.934630250571856e-11,0.1775720628047131,9.279433257067313e-12,0.17757206279543367,1.7757206280471311e-15,1.7757206279543366e-15,1.7757207501620248e-15,1.0000987236844145,1.0000993426878029,4.419148171747045e-05,-2.528279266550415e-05,0.00024886505806028653,-0.0001424423976552351
PF,-28.25,28.25,0.0,100000000000000.0,81,4,1.657729778461838e-13,-0.17758239003388188,0.17758240204030618,0.0,1.2006433230552436e-08,0.17758239003387294,0.1775823900338907,0.17758239003387294,1.7763568394002505e-14,0.0,-2.1395690317178817e-17,-0.17758239003389073,-0.17758239003387297,-2.139569031717866e-17,-0.017758492069861586,0.020009565980894418,2.9781732635569824e-14,3.360007932346368e-18,1.7758240204030618e-09,2.9781732635569824e-14,True,1.6770655365282318e-13,2944985.6460786024,2944958.99570353,2944958.99570353,2945036.5236788196,2945087.9700693134,0.49999999999999983,2.4092613330737124e-11,0.9999999999759074,0.5,37915996024472.01,37915996024471.83,8.22682692219745e-27,8.011322285367681e-12,-3.007210439988281e-25,7.192610575691374e-11,-3.0165981937031247e-25,5.6279666556380696e-21,4.3974671672984905e-11,0.17758239003388188,9.279610534987283e-12,0.17758239002460227,1.7758239003388187e-15,1.7758239002460227e-15,1.7758240204030618e-15,1.0000978595896706,1.0000984681620098,3.860916843873019e-05,-2.0547908724855013e-05,0.00021741552432863007,-0.00011575642694417584
PF,-28.5,28.5,0.0,100000000000000.0,81,4,1.9406861455475159e-13,-0.17759145220781614,0.17759146401417591,0.0,1.180635715213311e-08,0.17759145220781877,0.1775914522078136,0.17759145220781858,-5.162537064506978e-15,-1.942890293094024e-16,-2.1577307488246658e-17,-0.17759145220781364,-0.1775914522078186,-2.1577307488246705e-17,-0.01775939615991642,0.020010584471793977,2.7394753132625738e-14,3.024007139111731e-18,1.7759146401417592e-09,2.7394753132625738e-14,True,1.5425715016595055e-13,2969985.7595768245,2969959.332184516,2969959.332184516,2970036.211492257,2970087.329147219,0.49999999999999983,2.4091392252433997e-11,0.9999999999759086,0.4999999999999995,37597494668133.92,37597494668133.586,8.893866942916162e-28,8.011318589545756e-12,-5.269659085265625e-25,7.13203217141382e-11,-5.363536622414062e-25,-3.030443583805114e-21,2.3861101791028333e-11,0.17759145220781614,9.279752668812012e-12,0.1775914521985364,1.7759145220781614e-15,1.775914521985364e-15,1.7759146401417591e-15,1.0000970146813772,1.0000976130803094,3.402930767965051e-05,-1.692933533808949e-05,0.00019161568452972513,-9.536413874380253e-05
PF,-28.75,28.75,0.0,100000000000000.0,81,4,1.6829880490304317e-13,-0.17759947020230954,0.17759948181344162,0.0,1.1611124017151203e-08,0.17759947020231762,0.17759947020230143,0.17759947020231756,-1.6181500583911657e-14,-5.551115123125783e-17,-2.1758924738618656e-17,-0.17759947020230146,-0.1775994702023176,-2.17589247386188e-17,-0.017760195866235517,0.020011485388135488,3.200217868482014e-14,3.696008725581005e-18,1.7759948181344163e-09,3.200217868482014e-14,True,1.8019297330178388e-13,2994985.8712417153,2994959.663263657,2994959.663263657,2995035.9042846756,2995086.699145361,0.5000000000000002,2.4090312649829664e-11,0.9999999999759097,0.5,37284223753629.164,37284223753629.29,-6.225706860041314e-27,8.011314955407218e-12,2.0590473147890625e-25,7.072465392189385e-11,1.990203787546875e-25,-6.349500842258334e-21,5.0398546683009025e-11,0.17759947020230954,9.27986744555213e-12,0.17759947019302968,1.7759947020230954e-15,1.775994701930297e-15,1.7759948181344162e-15,1.0000961874377408,1.0000967759133244,3.0225221280488768e-05,-1.4115870277719988e-05,0.00017018756445409165,-7.95104524758262e-05
PF,-29.0,29.0,0.0,100000000000000.0,81,4,1.9378949896993427e-13,-0.17760661622909374,0.17760662764968915,0.0,1.1420598666135563e-08,0.1776066162290905,0.17760661622909693,0.17760661622909046,6.439293542825908e-15,-2.7755575615628914e-17,-2.194054206635375e-17,-0.17760661622909696,-0.1776066162290905,-2.194054206635369e-17,-0.017760908409378114,0.020012288124380967,3.499978085130806e-14,2.0160047594078206e-18,1.7760662764968916e-09,3.499978085130806e-14,True,1.9706348414171534e-13,3019985.981107759,3019959.9890388455,3019959.9890388455,3020035.6019695126,3020086.0797954593,0.5000000000000001,2.4089351159612905e-11,0.9999999999759107,0.5,36976075420288.56,36976075420289.01,7.559786901478738e-27,8.011311381421158e-12,7.234828862906249e-25,7.013887544868817e-11,7.147209828234375e-25,3.607670933101326e-21,2.8852264889833367e-11,0.17760661622909374,9.279961043687963e-12,0.17760661621981377,1.7760661622909374e-15,1.7760661621981378e-15,1.7760662764968915e-15,1.0000953766639322,1.000095955458713,2.703085354344159e-05,-1.1895048126542296e-05,0.0001521950821358311,-6.699729065718258e-05
PF,-29.25,29.25,0.0,100000000000000.0,81,4,1.9213117107074604e-13,-0.17761302654025957,0.17761303777489884,0.0,1.1234646320138288e-08,0.17761302654025252,0.17761302654026637,0.1776130265402527,1.3850032232198828e-14,1.942890293094024e-16,-2.212215946950856e-17,-0.1776130265402664,-0.17761302654025274,-2.2122159469508435e-17,-0.017761547413913233,0.020013008025474593,2.7755575615628914e-14,6.384015071458099e-18,1.7761303777489884e-09,2.7755575615628914e-14,True,1.5626992231733267e-13,3044986.089210773,3044960.3096124707,3044960.3096124707,3045035.3044555387,3045085.4708304056,0.5,2.4088489300208693e-11,0.9999999999759115,0.5,36672939357356.72,36672939357356.63,1.1117333678645203e-27,8.011307866106863e-12,-1.5082990968515623e-25,6.956275726204562e-11,-1.4331970671328124e-25,1.4430683732405307e-21,1.1633601899626269e-11,0.17761302654025957,9.280038374431295e-12,0.17761302653097952,1.7761302654025956e-15,1.7761302653097952e-15,1.7761303777489884e-15,1.0000945813950124,1.000095150743899,2.4322315221869673e-05,-1.0118389571989184e-05,0.0001369399288831292,-5.6987488281668884e-05
PF,-29.5,29.5,0.0,100000000000000.0,81,4,2.4493822643363865e-13,-0.1776188103507847,0.1776188214039162,0.0,1.105313383777134e-08,0.17761881035078236,0.17761881035078697,0.1776188103507823,4.6074255521944e-15,-5.551115123125783e-17,-2.2303776946188337e-17,-0.177618810350787,-0.17761881035078234,-2.230377694618829e-17,-0.017762123800680117,0.02001365739153566,3.2834845953289005e-14,6.720015864692736e-19,1.776188214039162e-09,3.2834845953289005e-14,True,1.8486129844663554e-13,3069986.195587225,3069960.625089273,3069960.625089273,3070035.011648871,3070084.871986982,0.5000000000000002,2.4087712259888062e-11,0.9999999999759123,0.5,36374704583569.96,36374704583569.875,-3.779893450739369e-27,8.011304408031796e-12,-1.5302038555195311e-25,6.899607131418758e-11,-1.5740133728554687e-25,1.1544546985924245e-21,9.378570203523367e-12,0.1776188103507847,9.280103353849287e-12,0.1776188103415046,1.776188103507847e-15,1.7761881034150458e-15,1.7761882140391618e-15,1.0000938008316815,1.0000943609623585,2.2005661843960134e-05,-8.67997283510169e-06,0.0001238926316511761,-4.8883894435306086e-05
PF,-29.75,29.75,0.0,100000000000000.0,81,4,2.881403195924875e-13,-0.17762405623017052,0.17762406710610742,0.0,1.087593054087168e-08,0.17762405623017688,0.17762405623016408,0.1776240562301769,-1.2795320358804929e-14,2.7755575615628914e-17,-2.2485394494509626e-17,-0.1776240562301641,-0.17762405623017694,-2.2485394494509743e-17,-0.017762646425963084,0.020014246197601872,3.0558888752807434e-14,7.728018244396645e-18,1.7762406710610744e-09,3.0558888752807434e-14,True,1.7204250105675403e-13,3094986.3002737598,3094960.9355749176,3094960.9355749176,3095034.723454418,3095084.2830077647,0.4999999999999999,2.4087008028771377e-11,0.999999999975913,0.5,36081260641453.78,36081260641454.07,2.6681600828748487e-27,8.011301005809609e-12,4.440407507121094e-25,6.843859255047871e-11,4.380951733593749e-25,-8.081182890146971e-21,6.614347530830167e-11,0.17762405623017052,9.280159119466766e-12,0.17762405622089036,1.7762405623017052e-15,1.7762405622089036e-15,1.7762406710610742e-15,1.0000930342967325,1.0000935854299415,1.9996822567805343e-05,-7.390741371421893e-06,0.00011257947258527653,-4.162157289081471e-05
PF,-30.0,30.0,0.0,100000000000000.0,81,4,2.1664964591093237e-13,-0.17762883676284855,0.17762884746575483,0.0,1.0702908749645917e-08,0.17762883676284608,0.1776288367628509,0.1776288367628461,4.829470157119431e-15,2.7755575615628914e-17,-2.266701211265842e-17,-0.17762883676285093,-0.17762883676284613,-2.2667012112658374e-17,-0.01776312254753757,0.020014782618438434,2.7144952952085077e-14,1.680003966173184e-18,1.7762884746575483e-09,2.7144952952085077e-14,True,1.52818381357332e-13,3119986.403306869,3119961.2411749484,3119961.2411749484,3120034.4397767736,3120083.7036420433,0.4999999999999999,2.4086366766039364e-11,0.9999999999759137,0.5,35792498398744.664,35792498398744.81,-4.446933471458081e-27,8.011297658098319e-12,2.3250336700429687e-25,6.78901002018847e-11,2.265577896515625e-25,5.916580330286175e-21,4.878684055122854e-11,0.17762883676284855,9.280208202505444e-12,0.17762883675356833,1.7762883676284855e-15,1.7762883675356833e-15,1.7762884746575484e-15,1.0000922812048678,1.000092823554506,1.83102911579205e-05,-6.101509907656865e-06,0.00010308174895793022,-3.436039708440383e-05
PF,0.0,0.0,0.0,1000000000000000.0,81,4,4.77305717305826e-15,0.0,0.0,0.0,0.0,0.0,0.0,0.0,0.0,0.0,0.0,0.0,-0.0,-0.0,0.0,0.0,0.0,0.0,1e-17,0.0,True,0.0,115996.23104944325,115484.13059960838,115484.13059960838,117314.91729037913,191398.3624871474,0.5,2.1006925765610734e-10,0.9999999997899308,0.49999999999999994,1.4635223901860534e+16,1.463522390186055e+16,5.336320165749698e-26,7.408984998651131e-10,2.3071343529599998e-23,4.6310222175905126e-08,2.5634826144e-23,-1.7136436932231301e-22,4.186918240474745e-15,-0.0,-0.0,0.0,-0.0,0.0,0.0,,,2.508560088035227e-10,-1.4348746898043777e-10,,
PF,-0.25,0.25,0.0,1000000000000000.0,81,9,5.218878100499428e-15,-8.521517041267042e-11,8.521516748489431e-11,0.0,-2.2384309100167815e-19,8.52151677087374e-11,8.52151677087375e-11,8.521516770873747e-11,1.0339757656912846e-25,7.754818242684634e-26,-1.3519664688986999e-18,-8.521516906070397e-11,-8.521516906070394e-11,-1.3519664688987022e-18,-7.489881069106579e-12,3.62574754273859e-11,1.7577588016751838e-24,3.791408660986904e-27,8.521516906070397e-19,1.7577588016751838e-24,True,2.0627299353510934e-14,141908.88812356364,141589.37646321236,141589.37646321236,142681.64819054087,206039.4325140502,0.5,2.2547967159629238e-10,0.9999999997745203,0.5,1.24250458918971e+16,1.242504589189707e+16,1.423018710866586e-25,6.29144603946141e-10,-4.35792044448e-23,3.931655845342641e-08,-4.22974631376e-23,5.411506399651989e-23,2.413589441525866e-15,8.521517041267042e-11,1.9444427051807995e-11,6.577074336086243e-11,8.521517041267043e-26,6.577074336086243e-26,8.521516748489431e-26,1.0,1.0,3.231963888077389e-10,7.222105090141675e-10,4.913984125653965,-13.166514027436905
PF,-0.5,0.5,0.0,1000000000000000.0,81,8,1.5309846028386316e-14,-2.1194490444920243e-10,2.1194490122398725e-10,0.0,-2.249305483686914e-19,2.119449014489178e-10,2.1194490144891782e-10,2.119449014489179e-10,2.5849394142282115e-26,1.0339757656912846e-25,-1.5001422978136558e-18,-2.119449029490601e-10,-2.119449029490602e-10,-1.500142297813654e-18,-1.9606341926681488e-11,6.120631786668923e-11,7.752233303270406e-23,1.2925577467613607e-27,2.119449029490602e-18,7.752233303270406e-23,True,3.6576644191031163e-13,167565.5752639501,167363.71673217264,167363.71673217264,168099.84683646561,222355.21179299612,0.5000000000000001,2.4398831147360284e-10,0.9999999997560116,0.49999999999999833,1.0602241981224578e+16,1.0602241981224594e+16,-8.671520269343258e-26,5.346896451759243e-10,2.69165674512e-23,3.354866213108755e-08,2.9480050065599996e-23,7.215341866202653e-23,1.2520296969662263e-15,2.1194490444920243e-10,3.0834372798621545e-11,1.811105316505809e-10,2.1194490444920245e-25,1.811105316505809e-25,2.1194490122398725e-25,1.0,1.0,6.119612633106062e-10,1.587908487008772e-09,3.378938031562249,-2.6496012962964315
PF,-0.75,0.75,0.0,1000000000000000.0,81,8,9.067675780551616e-15,-4.2901525443189664e-10,4.290152509021536e-10,0.0,-2.257001874521161e-19,4.290152511278538e-10,4.290152511278548e-10,4.2901525112785396e-10,9.822769774067204e-25,1.550963648536927e-25,-1.6520211436163222e-18,-4.290152527798759e-10,-4.290152527798751e-10,-1.6520211436163193e-18,-4.092800398494284e-11,1.0045223229231457e-10,3.5878959069487575e-23,2.425879395388267e-26,4.290152527798759e-18,3.5878959069487575e-23,True,8.363096378742685e-14,193049.1671642222,192914.3963390927,192914.3963390927,193464.04652913986,240056.83575479366,0.5000000000000001,2.657913203788722e-10,0.9999999997342087,0.4999999999999992,9086897801189542.0,9086897801189572.0,-8.449173595770355e-26,4.6490059662455024e-10,4.6142687059199996e-23,2.8753660281186707e-08,4.87061696736e-23,3.4272873864462603e-22,1.0062869632537079e-14,4.2901525443189664e-10,3.9228504874176574e-11,3.897867495577201e-10,4.290152544318967e-25,3.8978674955772006e-25,4.290152509021536e-25,1.0,1.0,1.0928650942692326e-09,2.722522892110515e-09,2.8037512704299865,-0.8763740808096623
PF,-1.0,1.0,0.0,1000000000000000.0,81,8,1.009154765231271e-14,-8.019346409583194e-10,8.019346371173243e-10,0.0,-2.2627274096977957e-19,8.019346373435971e-10,8.019346373435973e-10,8.019346373435971e-10,2.0679515313825692e-25,0.0,-1.8073610736469208e-18,-8.019346391509584e-10,-8.019346391509582e-10,-1.80736107364692e-18,-7.794652383250139e-11,1.6425643246287597e-10,8.375203702099405e-24,3.742946337663954e-27,8.019346391509583e-18,8.375203702099405e-24,True,1.0443748521658302e-14,218413.24638006347,218319.93666517048,218319.93666517048,218756.18823242772,258901.78077776334,0.5000000000000001,2.9114774813148655e-10,0.9999999997088522,0.5000000000000017,7818847059600280.0,7818847059600321.0,-1.7120693865113614e-25,4.111800949710346e-10,6.02418414384e-23,2.4741168774415976e-08,6.408706536e-23,3.246903839791194e-22,1.0360993319461056e-14,8.019346409583194e-10,4.5690381315278274e-11,7.562442596430411e-10,8.019346409583194e-25,7.5624425964304105e-25,8.0193463711732425e-25,1.0,1.0,1.9012313237983895e-09,4.5757032901424295e-09,2.51404397396127,-0.26985442858851716
PF,-1.25,1.25,0.0,1000000000000000.0,81,7,6.863602326289459e-13,-1.4390721381255786e-09,1.4390721339673556e-09,0.0,-2.2669266067554583e-19,1.4390721341940481e-09,1.4390721341940483e-09,1.4390721341940492e-09,2.0679515313825692e-25,1.0339757656912846e-24,-1.9657649497556972e-18,-1.4390721361598133e-09,-1.4390721361598141e-09,-1.965764949755697e-18,-1.4147471134105612e-10,2.6801096394159924e-10,1.9735081849443273e-20,1.0646517180785623e-25,1.439072136159814e-17,1.9735081849443273e-20,True,1.3713754407132528e-11,243692.908081916,243626.76249080908,243626.76249080908,243984.45683127613,278690.1775456237,0.5000000000000001,3.203813566983928e-10,0.9999999996796187,0.5,6751442157590382.0,6751442157590419.0,-1.1339680352218106e-25,3.6848369068824555e-10,6.02418414384e-23,2.1363580667054494e-08,6.02418414384e-23,-5.050739306341857e-22,2.601298075966845e-14,1.4390721381255786e-09,5.0826853632734535e-11,1.388245284492844e-09,1.4390721381255786e-24,1.388245284492844e-24,1.4390721339673556e-24,1.0,1.0,3.258828886327963e-09,7.656693242038121e-09,2.3474445926308216,0.0048788168734148485
PF,-1.5,1.5,0.0,1000000000000000.0,81,7,1.085932843117959e-14,-2.520096782951551e-09,2.520096778470893e-09,0.0,-2.2695458293110076e-19,2.520096778697848e-09,2.5200967786978487e-09,2.5200967786978483e-09,8.271806125530277e-25,4.1359030627651384e-25,-2.1268511503308583e-18,-2.5200967808247e-09,-2.5200967808246996e-09,-2.1268511503308525e-18,-2.494753487662393e-10,4.3667477733334093e-10,9.926167350636332e-23,1.4480150644391473e-25,2.5200967808247e-17,9.926167350636332e-23,True,3.938804027751664e-14,268911.58995899954,268863.98621811037,268863.98621811037,269162.0546300495,299258.9913972381,0.5,3.5388311200616426e-10,0.9999999996461169,0.5,5848030315912275.0,5848030315912299.0,-2.4458134093019445e-26,3.3370029836967405e-10,3.58887566016e-23,1.8504915611520835e-08,3.7170497908799996e-23,-7.034958319547587e-22,3.9316387850945833e-14,2.520096782951551e-09,5.50119432151521e-11,2.465084839736399e-09,2.520096782951551e-24,2.465084839736399e-24,2.520096778470893e-24,1.0,1.0,5.528640809550531e-09,1.276151688052128e-08,2.242779120795587,0.1468495934288594
PF,-1.75,1.75,0.0,1000000000000000.0,81,7,1.1001512652264612e-14,-4.342514488259572e-09,4.342514483452045e-09,0.0,-2.269756466139369e-19,4.342514483679021e-09,4.342514483679004e-09,4.342514483679023e-09,-1.737079286361358e-23,1.6543612251060553e-24,-2.290279684181104e-18,-4.342514485969283e-09,-4.342514485969302e-09,-2.2902796841811095e-18,-4.3171098890217583e-10,7.107595601284033e-10,5.2112378590840744e-23,2.4789312734911805e-26,4.3425144859693023e-17,5.2112378590840744e-23,True,1.200050771487723e-14,294085.2913460525,294050.7191556847,294050.7191556847,294300.88338905195,320475.81131687993,0.4999999999999997,3.92114757089905e-10,0.9999999996078852,0.49999999999999734,5079574540021259.0,5079574540021308.0,3.6687201139529168e-25,3.047991487449201e-10,7.690447843199999e-23,1.6073291878858967e-08,7.690447843199999e-23,3.968438026411459e-22,1.953459188391431e-14,4.342514488259572e-09,5.848975693888724e-11,4.2840247313206845e-09,4.342514488259572e-24,4.2840247313206846e-24,4.3425144834520455e-24,1.0,1.0,9.308826241003637e-09,2.1197469801146663e-08,2.1729160835478885,0.2264626382813013
PF,-2.0,2.0,0.0,1000000000000000.0,81,7,1.224798806472305e-14,-7.3979841182861156e-09,7.397984113148109e-09,0.0,-2.265023483181654e-19,7.3979841133746116e-09,7.397984113374591e-09,7.397984113374615e-09,-2.0679515313825692e-23,3.308722450212111e-24,-2.455756523598299e-18,-7.397984115830347e-09,-7.397984115830371e-09,-2.455756523598304e-18,-7.373774734256535e-10,1.1560166923902526e-09,1.5633713577252223e-22,3.755567798614396e-25,7.397984115830371e-17,1.5633713577252223e-22,True,2.113239678873986e-14,319225.1750422033,319199.9563104835,319199.9563104835,319410.2830666541,342233.1479246998,0.5,4.356137326276486e-10,0.9999999995643863,0.5,4422913020317231.0,4422913020317210.5,5.781013512895505e-26,2.803957328110178e-10,-3.3966144640799997e-23,1.399541858082227e-08,-3.46070152944e-23,3.968438026411459e-22,3.0222501363366897e-14,7.3979841182861156e-09,6.142671267196094e-11,7.336557405614154e-09,7.397984118286116e-24,7.336557405614154e-24,7.39798411314811e-24,1.0,1.0,1.558364322384898e-08,3.5108916799385054e-08,2.124108401567731,0.27363914566212433
PF,-2.25,2.25,0.0,1000000000000000.0,81,7,1.0930677776589248e-14,-1.2497487620292153e-08,1.2497487614821195e-08,0.0,-2.2486609699499223e-19,1.249748761504606e-08,1.2497487615046123e-08,1.2497487615046064e-08,6.28657265540301e-23,3.308722450212111e-24,-2.6230300950574385e-18,-1.2497487617669153e-08,-1.2497487617669093e-08,-2.6230300950574308e-18,-1.2476275517357202e-09,1.8791513052276186e-09,2.150669592637872e-22,4.131360332337284e-25,1.2497487617669152e-16,2.150669592637872e-22,True,1.7208815551032995e-14,344339.1925428323,344320.7894692968,344320.7894692968,344497.25104930985,364443.557143941,0.5,4.849995453118391e-10,0.9999999995150004,0.49999999999999734,3859446720453551.0,3859446720453539.0,-7.11509355433293e-26,2.5951069441531665e-10,-1.98669902616e-23,1.2212442806909742e-08,-1.66626369936e-23,4.509588666376658e-22,3.7493845916830895e-14,1.2497487620292153e-08,6.394053178819908e-11,1.2433547088503953e-08,1.2497487620292153e-23,1.2433547088503954e-23,1.2497487614821195e-23,1.0,1.0,2.597056687936019e-08,5.800945819772884e-08,2.0887496298922255,0.30268484235312254
PF,-2.5,2.5,0.0,1000000000000000.0,81,6,4.429005296324263e-13,-2.0976451069172863e-08,2.0976451063368795e-08,0.0,-2.2036562862897454e-19,2.097645106358916e-08,2.097645106358901e-08,2.0976451063589172e-08,-1.4889251025954498e-22,1.3234889800848443e-23,-2.791885429708675e-18,-2.0976451066380897e-08,-2.097645106638106e-08,-2.7918854297086865e-18,-2.096095216074544e-09,3.0533121725448303e-09,2.7439897024099076e-19,6.0861163346778575e-25,2.0976451066381058e-16,2.7439897024099076e-19,True,1.3081286694905687e-11,369433.1175410561,369419.73313866864,369419.73313866864,369566.96428203274,387035.6328516778,0.5000000000000001,5.409816505220548e-10,0.9999999994590184,0.5000000000000001,3374138920653147.0,3374138920653193.5,-1.3563147087947147e-25,2.414300383488054e-10,7.17775132032e-23,1.0676783880179407e-08,7.17775132032e-23,-7.395725412857719e-22,7.431160976130673e-14,2.0976451069172863e-08,6.611704351729974e-11,2.0910334025655563e-08,2.0976451069172863e-23,2.0910334025655564e-23,2.0976451063368795e-23,1.0,1.0,4.312483610495188e-08,9.56441148352837e-08,2.0623695466576777,0.32064366545274403
PF,-2.75,2.75,0.0,1000000000000000.0,81,6,2.817835956229804e-14,-3.503055736329506e-08,3.503055735716193e-08,0.0,-2.087193527987461e-19,3.503055735737065e-08,3.50305573573709e-08,3.5030557357370644e-08,2.514629062161204e-22,-6.617444900424222e-24,-2.962138181201203e-18,-3.503055736033304e-08,-3.5030557360332784e-08,-2.9621381812011844e-18,-3.5024972814747403e-09,4.959437150994678e-09,2.7144758981540156e-20,3.6744040860846745e-25,3.503055736033304e-16,2.7144758981540156e-20,True,7.748880128375464e-13,394511.21656876215,394501.5509850301,394501.5509850301,394623.26219500636,409950.78622233274,0.5,6.043689108933554e-10,0.9999999993956311,0.4999999999999982,2954749130629572.5,2954749130629566.0,-1.8232427232978133e-25,2.2562089647700545e-10,-1.08948011112e-23,9.349709228387981e-09,-1.2817413072e-23,2.344986106515862e-22,2.5828459082075997e-14,3.503055736329506e-08,6.802030972373615e-11,3.496253705357132e-08,3.503055736329506e-23,3.4962537053571324e-23,3.503055735716193e-23,1.0,1.0,7.139513060268655e-08,1.5742213568930115e-07,2.042046619594322,0.33264035069222686
PF,-3.0,3.0,0.0,1000000000000000.0,81,6,2.1473716360376863e-14,-5.826366621859989e-08,5.8263666212153395e-08,0.0,-1.7919957421567476e-19,5.8263666212332596e-08,5.8263666212332635e-08,5.826366621233263e-08,3.970466940254533e-23,3.3087224502121107e-23,-3.1336293051714973e-18,-5.8263666215466267e-08,-5.826366621546626e-08,-3.1336293051714965e-18,-5.827457938011554e-09,8.053305549283777e-09,2.9977025398921723e-21,2.73469605104764e-24,5.826366621546627e-16,2.9977025398921723e-21,True,5.1450633552758185e-14,419576.6894304091,419569.78350194165,419569.78350194165,419669.0379771657,433140.70384670346,0.5000000000000001,6.760807594366833e-10,0.9999999993239193,0.5,2591244431171814.0,2591244431171822.0,-1.912181392726975e-25,2.1169173453426125e-10,1.1535671764799999e-23,8.199471692220455e-09,1.08948011112e-23,-3.4272873864462603e-22,4.204216683916933e-14,5.826366621859989e-08,6.96974073025193e-11,5.819396881129737e-08,5.826366621859989e-23,5.819396881129737e-23,5.82636662121534e-23,1.0,1.0,1.179087725154908e-07,2.5873402733725076e-07,2.0261338919472496,0.340844035745949
PF,-3.25,3.25,0.0,1000000000000000.0,81,6,2.2383899907631554e-14,-9.658842147626636e-08,9.658842146954878e-08,0.0,-1.0496274676359172e-19,9.658842146965375e-08,9.658842146965409e-08,9.658842146965376e-08,3.441071348220595e-22,1.3234889800848443e-23,-3.3062207862484098e-18,-9.658842147296031e-08,-9.658842147295998e-08,-3.3062207862483986e-18,-9.662621886425601e-09,1.3074276770739714e-08,2.0778776987332055e-21,1.4543610733592193e-24,9.658842147296032e-16,2.0778776987332055e-21,True,2.1512699628442548e-14,444631.98046701064,444627.1229483241,444627.1229483241,444706.46732233977,456565.28353922,0.5000000000000002,7.571599321080648e-10,0.9999999992428401,0.5,2275346678357220.0,2275346678357220.0,-2.7570987523040102e-25,1.9931337768643104e-10,0.0,7.199876743093367e-09,6.408706536e-25,-1.623451919895597e-22,2.2027553949873914e-14,9.658842147626636e-08,7.118791068784311e-11,9.651723356557851e-08,9.658842147626637e-23,9.651723356557851e-23,9.658842146954878e-23,1.0,1.0,1.9434837164034257e-07,4.24575565891708e-07,2.013613159646695,0.3443232464617578
PF,-3.5,3.5,0.0,1000000000000000.0,81,6,2.3937481060276097e-14,-1.5969411174695021e-07,1.596941117400721e-07,0.0,8.112455043356086e-20,1.5969411173999096e-07,1.5969411173999028e-07,1.5969411173999096e-07,-6.88214269644119e-22,0.0,-3.47979198563954e-18,-1.5969411174347007e-07,-1.5969411174347076e-07,-3.479791985639535e-18,-1.5977523854081065e-08,2.1221583576896504e-08,2.779326858178173e-21,6.1523964123094664e-24,1.5969411174347076e-15,2.779326858178173e-21,True,1.7404065984867525e-14,469678.9793354174,469675.6297537377,469675.6297537377,469737.24626545276,480191.0659048332,0.5,8.487872473083862e-10,0.9999999991512126,0.5000000000000046,2000180961014883.2,2000180961014905.5,1.0227946984353587e-25,1.8822516715116952e-10,3.46070152944e-23,6.3291700959193985e-09,3.46070152944e-23,-4.1488215730665253e-22,6.89676073139931e-14,1.5969411174695021e-07,7.252317170983119e-11,1.596215885752404e-07,1.5969411174695022e-22,1.596215885752404e-22,1.596941117400721e-22,1.0,1.0,3.197119476162619e-07,6.960999895853938e-07,2.0029367610607394,0.349183197911759
PF,-3.75,3.75,0.0,1000000000000000.0,81,6,1.9669343401089207e-14,-2.6341209936218493e-07,2.6341209935542333e-07,0.0,5.465847199135268e-19,2.6341209935487673e-07,2.634120993548761e-07,2.634120993548768e-07,-6.352747104407253e-22,5.293955920339377e-23,-3.6542369405921284e-18,-2.6341209935853035e-07,-2.6341209935853104e-07,-3.654236940592123e-18,-2.6356259119811905e-08,3.4440054814929075e-08,5.61159327555974e-21,1.7028602925916993e-24,2.6341209935853106e-15,5.61159327555974e-21,True,2.1303475767534057e-14,494719.140121269,494716.88581142994,494716.88581142994,494762.8870891583,503990.08502413525,0.5000000000000001,9.522988163671425e-10,0.9999999990477012,0.5000000000000001,1760001595720280.5,1760001595720296.0,-3.224026766807109e-25,1.7829464886774388e-10,2.43530848368e-23,5.569170672963713e-09,2.3071343529599998e-23,-2.0202957225367427e-21,3.5552488358343614e-13,2.6341209936218493e-07,7.371911809762865e-11,2.633383802440873e-07,2.6341209936218493e-22,2.633383802440873e-22,2.6341209935542334e-22,1.0,1.0,5.252622949067402e-07,1.1397963186590243e-06,1.9946287146593544,0.34971378811098397
PF,-4.0,4.0,0.0,1000000000000000.0,81,6,2.16249963479918e-14,-4.337021072859205e-07,4.3370210727997297e-07,0.0,1.7108472148313687e-18,4.337021072782621e-07,4.33702107278261e-07,4.3370210727826207e-07,-1.1117307432712692e-21,-5.293955920339377e-23,-3.8294626850835834e-18,-4.337021072820905e-07,-4.3370210728209156e-07,-3.829462685083588e-18,-4.3396333644215385e-08,5.5883051868287874e-08,8.258571235729428e-21,5.150982232053808e-24,4.3370210728209155e-15,8.258571235729428e-21,True,1.9042036220400078e-14,519753.65986175503,519752.1845760722,519752.1845760722,519784.57879058126,527938.5604225908,0.4999999999999999,1.0692035334363484e-09,0.9999999989307965,0.499999999999996,1549981807172241.2,1549981807172254.0,1.534192047653038e-25,1.692545621547512e-10,2.0828296241999998e-23,4.90460508543228e-09,1.98669902616e-23,-2.1646025598607956e-22,4.6577405804040844e-14,4.337021072859205e-07,7.480789533957375e-11,4.3362729939058097e-07,4.337021072859206e-22,4.33627299390581e-22,4.337021072799729e-22,1.0,1.0,8.617990703366413e-07,1.863600913992409e-06,1.9874188538125073,0.3478683044616302
PF,-4.25,4.25,0.0,1000000000000000.0,81,6,2.6643832008151402e-14,-7.128518288536683e-07,7.128518288502768e-07,0.0,4.6200984405544225e-18,7.128518288456567e-07,7.128518288456585e-07,7.128518288456566e-07,1.7999450129153882e-21,-1.0587911840678754e-22,-4.005387758343834e-18,-7.128518288496639e-07,-7.12851828849662e-07,-4.005387758343829e-18,-7.132893386238515e-08,9.066125077563785e-08,1.164670302474663e-20,2.646329540933496e-23,7.128518288502768e-15,1.164670302474663e-20,True,1.6338182148639525e-14,544783.4379188961,544782.5044649069,544782.5044649069,544803.8404134152,552016.5838109397,0.5,1.2012061717887118e-09,0.9999999987987939,0.499999999999996,1366041002011302.0,1366041002011305.0,-1.3340800414374244e-26,1.6107173237760708e-10,4.4860945752e-24,4.322561070394977e-09,5.1269652288e-24,1.4430683732405306e-22,3.1041757910993776e-14,7.128518288536683e-07,7.57934855872051e-11,7.127760353680811e-07,7.128518288536683e-22,7.127760353680811e-22,7.128518288502769e-22,1.0,1.0,1.4115701809485784e-06,3.045944121754981e-06,1.9803838946684515,0.3514333490194135
PF,-4.5,4.5,0.0,1000000000000000.0,81,6,2.3323535269246923e-14,-1.1698023037589206e-06,1.169802303762438e-06,0.0,1.1885235976304369e-17,1.169802303750553e-06,1.1698023037505605e-06,1.1698023037505527e-06,7.623296525288703e-21,-2.117582368135751e-22,-4.1819418078465856e-18,-1.1698023037547426e-06,-1.1698023037547347e-06,-4.181941807846574e-18,-1.1705199341621972e-07,1.4705087073555726e-07,2.1811098391798234e-20,6.634575890379141e-23,1.1698023037624381e-14,2.1811098391798234e-20,True,1.8645114923818447e-14,569809.2162794595,569808.6271263564,569808.6271263564,569821.9222220674,576207.1276456625,0.5000000000000003,1.3502287211588336e-09,0.9999999986497713,0.5,1204715279704943.8,1204715279704939.0,-4.180117463170596e-25,1.5366903393020094e-10,-7.370012516399999e-24,3.812077738346221e-09,-7.0495771896e-24,9.379944426063448e-22,2.3830156873139763e-13,1.1698023037589206e-06,7.668520165565396e-11,1.1697256185572648e-06,1.1698023037589205e-21,1.169725618557265e-21,1.1698023037624381e-21,1.0,1.0,2.3115821883430325e-06,4.959058491678849e-06,1.9761747128306288,0.3342392593981809
PF,-4.75,4.75,0.0,1000000000000000.0,81,6,2.162890548745689e-14,-1.9174919180274913e-06,1.9174919180488225e-06,0.0,3.005584551808669e-17,1.917491918018767e-06,1.9174919180187783e-06,1.9174919180187677e-06,1.1434944787933055e-20,8.470329472543003e-22,-4.359064291109678e-18,-1.9174919180231375e-06,-1.917491918023127e-06,-4.3590642911096745e-18,-1.9186551486058816e-07,2.384264831228546e-07,4.446922973085077e-20,1.441658562481125e-22,1.9174919180488226e-14,4.446922973085077e-20,True,2.319135184470619e-14,594831.678710469,594831.3093060876,594831.3093060876,594838.7737775379,600495.2803887727,0.5000000000000002,1.5184322440848252e-09,0.9999999984815677,0.49999999999999556,1063052114206953.8,1063052114206950.9,-1.689834719154071e-25,1.466781643281716e-10,-4.8065299019999996e-24,3.3638122969359114e-09,-3.5247885948e-24,6.854574772892521e-22,1.9626369148971345e-13,1.9174919180274913e-06,7.752729567166316e-11,1.9174143907318195e-06,1.9174919180274913e-21,1.9174143907318195e-21,1.9174919180488225e-21,1.0,1.0,3.7816908248694364e-06,7.95567669574693e-06,1.9722866601757791,0.2592545103190109
PF,-5.0,5.0,0.0,1000000000000000.0,81,5,1.1807309159797546e-12,-3.136065853530788e-06,3.1360658535970067e-06,0.0,7.528427274217535e-17,3.1360658535217224e-06,3.1360658535217033e-06,3.1360658535217258e-06,-1.9058241313221758e-20,3.3881317890172014e-21,-4.536695869751462e-18,-3.13606585352624e-06,-3.1360658535262625e-06,-4.5366958697514744e-18,-3.1379341569972635e-07,3.8622209365915675e-07,2.597693348133697e-16,2.446273380018937e-22,3.1360658535970066e-14,2.597693348133697e-16,True,8.28328698886917e-11,619851.1842778735,619850.9472141112,619850.9472141112,619854.6485011711,624869.0872588299,0.5,1.70824913145616e-09,0.999999998291751,0.5,938517909901974.9,938517909901987.9,8.671520269343258e-26,1.4046129637675856e-10,2.05078609152e-23,2.9697475135010964e-09,1.90659019446e-23,-1.0823012799303979e-21,3.5411316835276913e-13,3.136065853530788e-06,7.827625940522602e-11,3.135987577271383e-06,3.136065853530788e-21,3.1359875772713827e-21,3.1360658535970066e-21,1.0,1.0,6.390807616530536e-06,8.989772423206136e-06,2.0378931545676484,-1.2863605391543733
PF,-5.25,5.25,0.0,1000000000000000.0,81,5,6.968321197379633e-13,-5.09787818996497e-06,5.097878190141736e-06,0.0,1.8617930292237482e-16,5.097878189955557e-06,5.097878189955526e-06,5.097878189955555e-06,-3.049318610115481e-20,-1.6940658945086007e-21,-4.714774819083314e-18,-5.097878189960241e-06,-5.09787818996027e-06,-4.714774819083326e-18,-5.100849172117543e-07,6.224048661798458e-07,8.964234384086986e-17,3.89028513943125e-23,5.0978781901417365e-14,8.964234384086986e-17,True,1.7584245934753794e-11,644868.1872639272,644868.0177328363,644868.0177328363,644869.7700705886,649317.5605748576,0.5000000000000001,1.9223925101259033e-09,0.9999999980776075,0.5000000000000044,828938944639942.6,828938944639953.9,-2.4458134093019447e-25,1.3479134201920415e-10,1.7623942974e-23,2.6230048182814732e-09,1.66626369936e-23,-1.4791450825715438e-21,5.423912875457181e-13,5.09787818996497e-06,7.89594922648587e-11,5.097799230472705e-06,5.09787818996497e-21,5.097799230472705e-21,5.097878190141737e-21,1.0,1.0,8.922757245856777e-06,5.1004551236994955e-06,1.7503155464656057,-2.0630835240027734
PF,-5.5,5.5,0.0,1000000000000000.0,81,5,2.0846143535662498e-13,-7.4404611187549485e-06,7.440461119116945e-06,0.0,3.717578745972376e-16,7.440461118745187e-06,7.440461118745138e-06,7.440461118745187e-06,-4.912791094074942e-20,0.0,-4.8932675555964064e-18,-7.4404611187500315e-06,-7.440461118750081e-06,-4.893267555596418e-18,-7.444692758362955e-07,9.007644456038647e-07,5.3647678747298366e-17,5.7530157485355e-22,7.440461119116945e-14,5.3647678747298366e-17,True,7.2102626286777e-12,669883.1520133226,669883.0155036397,669883.0155036397,669883.9129425567,673830.8955037695,0.5,2.1639494632799277e-09,0.9999999978360505,0.5,732440359231355.4,732440359231345.9,-9.116213616489066e-26,1.2921691659932546e-10,-1.50604603596e-23,2.317652052248224e-09,-1.4740025032799998e-23,-4.329205119721591e-22,1.7090375571214232e-13,7.4404611187549485e-06,7.963186222272544e-11,7.440381486892726e-06,7.440461118754949e-21,7.440381486892726e-21,7.440461119116946e-21,1.0,1.0,8.94147184244791e-06,2.5512647189935923e-06,1.2017491116819163,-1.1013065847809251
PF,-5.75,5.75,0.0,1000000000000000.0,81,5,5.197863282987982e-14,-9.584374180374836e-06,9.584374180943666e-06,0.0,5.790444501246178e-16,9.58437418036462e-06,9.584374180364761e-06,9.584374180364624e-06,1.4060746924421386e-19,3.3881317890172014e-21,-5.07212218136249e-18,-9.584374180369833e-06,-9.584374180369696e-06,-5.072122181362466e-18,-9.589685849983099e-07,1.1513825291941998e-06,3.212795968935561e-17,6.455169658386e-22,9.584374180943666e-14,3.212795968935561e-17,True,3.3521186759626626e-12,694896.2638926071,694896.1464284107,694896.1464284107,694896.6800351158,698401.5426006069,0.5,2.436490949953454e-09,0.999999997563509,0.5,647396016905215.0,647396016905188.1,-5.781013512895505e-26,1.240762468343989e-10,-4.26178984644e-23,2.0485442778498586e-09,-4.2457680801e-23,3.6076709331013264e-23,3.614714153149176e-14,9.584374180374836e-06,8.025024262540652e-11,9.58429393013221e-06,9.584374180374835e-21,9.58429393013221e-21,9.584374180943666e-21,1.0,1.0,9.249733488803856e-06,5.2358115649867425e-06,0.9650928442129133,-0.3851134014504799
PF,-6.0,6.0,0.0,1000000000000000.0,81,5,5.0276884456217895e-14,-1.2203610427155041e-05,1.2203610428026755e-05,0.0,8.82123944747003e-16,1.2203610427144631e-05,1.2203610427144453e-05,1.2203610427144623e-05,-1.7787691892340307e-19,-8.470329472543003e-21,-5.25127569594468e-18,-1.2203610427149705e-05,-1.2203610427149874e-05,-5.2512756959447115e-18,-1.2210197765995757e-06,1.4564339004882184e-06,1.819426770702237e-17,4.639903532064e-22,1.2203610428026756e-13,1.819426770702237e-17,True,1.4908922088530047e-12,719907.6648083322,719907.5578985052,719907.5578985052,719907.9411969791,723022.9479988068,0.49999999999999983,2.7438408017507606e-09,0.9999999972561592,0.4999999999999999,572397221402488.2,572397221402485.5,3.557546777166465e-26,1.1967419134178339e-10,-4.005441585e-24,1.8112232427293586e-09,-4.3258769118e-24,-2.0924491411987693e-21,1.0814192257741134e-12,1.2203610427155041e-05,8.077995138295445e-11,1.2203529647203659e-05,1.2203610427155041e-20,1.2203529647203658e-20,1.2203610428026754e-20,1.0,1.0,1.1634710916014538e-05,1.0102777241273382e-05,0.9533889991147388,-0.08109360017507805
PF,-6.25,6.25,0.0,1000000000000000.0,81,5,3.161753826123268e-14,-1.545386532120158e-05,1.5453865322522474e-05,0.0,1.3316658553182158e-15,1.545386532119081e-05,1.5453865321190637e-05,1.54538653211908e-05,-1.7279472123987727e-19,-1.0164395367051604e-20,-5.430696287379059e-18,-1.5453865321196068e-05,-1.545386532119623e-05,-5.430696287379089e-18,-1.546199334774479e-06,1.833123979218196e-06,4.506215279392878e-19,6.995103184043999e-22,1.5453865322522474e-13,4.506215279392878e-19,True,2.915914682409919e-14,744917.6691671214,744917.5685626948,744917.5685626948,744917.8879448489,747688.4709278267,0.4999999999999999,3.0903116547342143e-09,0.9999999969096884,0.5,506221524988959.3,506221524988954.56,-6.892746880760026e-26,1.1556567265195167e-10,-7.370012516399999e-24,1.601820623970279e-09,-7.209794853e-24,-2.0202957225367427e-21,1.1721694094592908e-12,1.545386532120158e-05,8.127465302002492e-11,1.545378404654856e-05,1.545386532120158e-20,1.5453784046548562e-20,1.5453865322522474e-20,1.0,1.0,1.446782790389443e-05,1.2674700009831107e-05,0.9361996945418469,-0.05630181267307088
PF,-6.5,6.5,0.0,1000000000000000.0,81,5,3.608809719147201e-14,-1.949225145769385e-05,1.9492251459681964e-05,0.0,1.99943825134901e-15,1.9492251457682526e-05,1.949225145768273e-05,1.9492251457682522e-05,2.0328790734103208e-19,-3.3881317890172014e-21,-5.610354687228941e-18,-1.949225145768834e-05,-1.9492251457688133e-05,-5.6103546872289226e-18,-1.9502252163728757e-06,2.297678507504071e-06,7.250602028496811e-19,2.5634826144e-24,1.9492251459681965e-13,7.250602028496811e-19,True,3.719735528496569e-14,769926.5719716738,769926.4752648958,769926.4752648958,769926.7660920031,772392.2537440028,0.5000000000000001,3.480692820541824e-09,0.9999999965193072,0.49999999999999994,447803119717636.6,447803119717619.9,-5.781013512895505e-26,1.1130884475246363e-10,-2.6435914461e-23,1.4169637583617593e-09,-2.63558056293e-23,2.886136746481061e-22,2.0609250938539041e-13,1.949225145769385e-05,8.178751396332463e-11,1.9492169670179886e-05,1.949225145769385e-20,1.9492169670179887e-20,1.9492251459681963e-20,1.0,1.0,1.7952852611118148e-05,1.542237902697316e-05,0.9210289523891912,-0.05708538478119429
PF,-6.75,6.75,0.0,1000000000000000.0,81,5,3.7286686624867567e-14,-2.4490012696354897e-05,2.449001269932769e-05,0.0,2.984379448401512e-15,2.4490012696343313e-05,2.449001269634332e-05,2.4490012696343316e-05,6.776263578034403e-21,3.3881317890172014e-21,-5.790225874951066e-18,-2.449001269634911e-05,-2.4490012696349107e-05,-5.790225874951065e-18,-2.450227850194303e-06,2.869066821618786e-06,7.521652571618187e-19,8.71584088896e-22,2.4490012699327694e-13,7.521652571618187e-19,True,3.071314279810346e-14,794934.4814488249,794934.3870169194,794934.3870169194,794934.6647781717,797129.9724965633,0.5000000000000001,3.920279372168354e-09,0.9999999960797207,0.5000000000000001,396209385915890.56,396209385915881.44,-2.0678240642280078e-25,1.0710739006177171e-10,-1.4419589706e-23,1.2537014436426457e-09,-1.44996985377e-23,-1.1905314079234377e-21,8.642003232855709e-13,2.4490012696354897e-05,8.229409620079247e-11,2.4489930402258697e-05,2.4490012696354898e-20,2.4489930402258698e-20,2.449001269932769e-20,1.0,1.0,2.2145286881748777e-05,1.8534421922468096e-05,0.9042609153232353,-0.06086973049054478
PF,-7.0,7.0,0.0,1000000000000000.0,81,5,3.2787827305807633e-14,-3.063422539394472e-05,3.063422539835207e-05,0.0,4.419169634663207e-15,3.06342253939329e-05,3.063422539393264e-05,3.063422539393291e-05,-2.574980159653073e-19,6.776263578034403e-21,-5.970289063721771e-18,-3.063422539393861e-05,-3.0634225393938877e-05,-5.970289063721795e-18,-3.0649201128414804e-06,3.569843164821277e-06,9.215718466126788e-19,7.023942363456e-22,3.063422539835207e-13,9.215718466126788e-19,True,3.008307977854905e-14,819941.4047763791,819941.3113396813,819941.3113396813,819941.5838213682,821898.2750525896,0.5000000000000001,4.414867852450422e-09,0.9999999955851321,0.5,350624300672050.9,350624300672046.6,-7.11509355433293e-26,1.0346125770332345e-10,-6.7291418628e-24,1.1094514402806658e-09,-6.7291418628e-24,-2.5253696531709284e-22,2.026543390054315e-13,3.063422539394472e-05,8.273441445874405e-11,3.063414265953026e-05,3.063422539394472e-20,3.063414265953026e-20,3.063422539835207e-20,1.0,1.0,2.7152225275633353e-05,2.2317336253800706e-05,0.8863386704633732,-0.057084378582474504
PF,-7.25,7.25,0.0,1000000000000000.0,81,5,4.155478725905562e-14,-3.815379041216077e-05,3.815379041863916e-05,0.0,6.490944154664827e-15,3.815379041214822e-05,3.8153790412148715e-05,3.815379041214822e-05,4.946672411965114e-19,0.0,-6.150525481581415e-18,-3.815379041215487e-05,-3.8153790412154373e-05,-6.1505254815813925e-18,-3.817198963602742e-06,4.426876797344517e-06,1.1993986533120893e-18,1.2919952376576e-21,3.8153790418639163e-13,1.1993986533120893e-18,True,3.1435897722134326e-14,844947.420716695,844947.3271410071,844947.3271410071,844947.5991660159,846693.7679268287,0.5000000000000002,4.97070257962368e-09,0.9999999950292975,0.5000000000000001,310334437744365.56,310334437744353.3,-1.8010080559405229e-25,1.0047590726359268e-10,-1.95465549348e-23,9.819561232459195e-10,-1.97868814299e-23,1.8399121758816765e-21,1.718019468132379e-12,3.815379041216077e-05,8.309605563510023e-11,3.815370731610513e-05,3.815379041216077e-20,3.815370731610513e-20,3.8153790418639165e-20,1.0,1.0,3.319981708786265e-05,2.710540925349129e-05,0.870159662671853,-0.04675122052156533
PF,-7.5,7.5,0.0,1000000000000000.0,81,5,4.552587016878151e-14,-4.734579257636101e-05,4.734579258582444e-05,0.0,9.476062378591886e-15,4.734579257634838e-05,4.734579257634832e-05,4.734579257634838e-05,-6.098637220230962e-20,0.0,-6.3309170254503624e-18,-4.7345792576354646e-05,-4.734579257635471e-05,-6.330917025450366e-18,-4.736783447726861e-06,5.4721391150475535e-06,1.8973538018496328e-18,7.17775132032e-22,4.734579258582444e-13,1.8973538018496328e-18,True,4.0074390948472784e-14,869952.7016747333,869952.6068707329,869952.6068707329,869952.8821783958,871512.8589486199,0.5000000000000001,5.594374668782003e-09,0.9999999944056254,0.5000000000000001,274715056154917.62,274715056154911.75,-6.00336018646841e-26,9.779512273043384e-11,-9.3727333089e-24,8.692384225700592e-10,-9.5329509723e-24,-1.2987615359164776e-21,1.3331207048382193e-12,4.734579257636101e-05,8.342230976731198e-11,4.734570915405124e-05,4.734579257636101e-20,4.734570915405124e-20,4.734579258582444e-20,1.0,1.0,4.058791073149045e-05,3.302818283397696e-05,0.8572669299223593,-0.03731047274047394
PF,-7.75,7.75,0.0,1000000000000000.0,81,5,5.271308916481078e-14,-5.858309486045065e-05,5.858309487421837e-05,0.0,1.378095950186673e-14,5.858309486043741e-05,5.85830948604378e-05,5.858309486043745e-05,3.9302328752599536e-19,4.0657581468206416e-20,-6.511446440331015e-18,-5.858309486044431e-05,-5.858309486044396e-05,-6.51144644033101e-18,-5.8609739596905465e-06,6.743611033723012e-06,2.7647155398380363e-18,4.10157218304e-21,5.858309487421837e-13,2.7647155398380363e-18,True,4.719306048569227e-14,894957.4267205197,894957.3295829581,894957.3295829581,894957.6116049265,896352.231934813,0.5000000000000002,6.29264940912047e-09,0.9999999937073506,0.5,243217510889951.75,243217510889944.2,-1.1117333678645204e-25,9.498892758334105e-11,-1.17759982599e-23,7.695619906857058e-10,-1.1936215923299999e-23,-1.4430683732405306e-22,1.5310009605267602e-13,5.858309486045065e-05,8.376561219435973e-11,5.858301109483845e-05,5.858309486045064e-20,5.858301109483845e-20,5.858309487421837e-20,1.0,1.0,4.960954986666318e-05,3.997042898233643e-05,0.8468248548431835,-0.03482529907917353
PF,-8.0,8.0,0.0,1000000000000000.0,81,5,4.858780424316241e-14,-7.230492484152155e-05,7.230492486149021e-05,0.0,1.9982489944887568e-14,7.230492484150772e-05,7.230492484150862e-05,7.230492484150772e-05,9.0801931945661e-19,0.0,-6.692098011057065e-18,-7.230492484151532e-05,-7.230492484151441e-05,-6.692098011057044e-18,-7.233709056838703e-06,8.28630216476476e-06,3.0357660829594124e-18,2.1328175351808e-21,7.230492486149021e-13,3.0357660829594124e-18,True,4.198560594281551e-14,919961.7073084778,919961.6066720005,919961.6066720005,919961.898882125,921209.2714336547,0.5000000000000002,7.072169553186377e-09,0.9999999929278305,0.5,215358964713966.34,215358964713958.03,-1.156202702579101e-25,9.189538518845319e-11,-1.31378483988e-23,6.813986837089384e-10,-1.32980660622e-23,3.6076709331013267e-22,4.836910767679714e-13,7.230492484152155e-05,8.414659626561346e-11,7.230484069492529e-05,7.230492484152155e-20,7.230484069492529e-20,7.230492486149021e-20,1.0,1.0,6.0490809947119016e-05,4.774573160686301e-05,0.8366080246597454,-0.039573635534821516
PF,-8.25,8.25,0.0,1000000000000000.0,81,5,4.8432785917662023e-14,-8.899819458347705e-05,8.899819461232584e-05,0.0,2.886178656225999e-14,8.899819458346405e-05,8.899819458346256e-05,8.899819458346404e-05,-1.4907779871675686e-18,-1.3552527156068805e-20,-6.8728580973845555e-18,-8.899819458346943e-05,-8.899819458347091e-05,-6.872858097384585e-18,-8.903694932587455e-06,1.0153480422902435e-05,3.5101045334218206e-18,1.8046917605376e-21,8.899819461232584e-13,3.5101045334218206e-18,True,3.944017683405555e-14,944965.5644273032,944965.4590289143,944965.4590289143,944965.7651315216,946082.1850829433,0.5000000000000001,7.938966087707625e-09,0.9999999920610338,0.5,190714099317198.53,190714099317198.2,-1.534192047653038e-25,8.873677311496535e-11,-5.607618219e-25,6.034023821294829e-10,-6.408706536e-25,-9.019177332753315e-22,1.3020221087805034e-12,8.899819458347705e-05,8.454036928283184e-11,8.899811004310777e-05,8.899819458347705e-20,8.899811004310777e-20,8.899819461232584e-20,1.0,1.0,7.33983982076133e-05,5.639818678047085e-05,0.8247186167443502,-0.04645984795138014
PF,-8.5,8.5,0.0,1000000000000000.0,81,5,5.3834364831580506e-14,-0.00010919415579764408,0.00010919415583907683,0.0,4.1446870916157135e-14,0.00010919415579762996,0.00010919415579763002,0.00010919415579762996,5.421010862427522e-20,0.0,-7.053715033405204e-18,-0.00010919415579763706,-0.00010919415579763701,-7.053715033405204e-18,-1.0924070089031822e-05,1.240805935798869e-05,3.889575293791747e-18,3.9375092957184e-21,1.0919415583907682e-12,3.889575293791747e-18,True,3.562072772029986e-14,969968.9678099692,969968.8562533951,969968.8562533951,969969.1803157325,970969.7141997296,0.5000000000000001,8.897686213107304e-09,0.9999999911023137,0.4999999999999999,168908341879588.03,168908341879584.03,-8.004480248624546e-26,8.593732274296336e-11,-6.408706536e-24,5.34387573412335e-10,-6.44876095185e-24,1.2987615359164776e-21,2.1037738155367026e-12,0.00010919415579764408,8.489879554140565e-11,0.00010919407089884854,1.0919415579764408e-19,1.0919407089884854e-19,1.0919415583907682e-19,1.0,1.0,8.855900616589081e-05,6.636385098192225e-05,0.8110239451364265,-0.049999267644825984
PF,-8.75,8.75,0.0,1000000000000000.0,81,4,3.5338701803863837e-13,-0.00013350174329367694,0.00013350174335276756,0.0,5.910532228793156e-14,0.00013350174329366222,0.00013350174329366236,0.0001335017432936626,1.3552527156068805e-19,3.7947076036992655e-19,-7.234658482982377e-18,-0.0001335017432936696,-0.00013350174329366984,-7.23465848298238e-18,-1.335574215861131e-05,1.5124220675900978e-05,1.4051260155412137e-16,4.5937608450048e-21,1.3350174335276756e-12,1.4051260155412137e-16,True,1.0525151059850072e-12,994971.9041073412,994971.7848268094,994971.7848268094,994972.1313979359,995870.6444211765,0.4999999999999999,9.950439165679849e-09,0.9999999900495607,0.49999999999999994,149611994139830.47,149611994139827.4,-6.225706860041314e-26,8.379629085065855e-11,-4.8065299019999996e-24,4.733107257618768e-10,-4.8065299019999996e-24,6.854574772892521e-22,1.238778655422866e-12,0.00013350174329367694,8.519029262706809e-11,0.00013350165810338432,1.3350174329367694e-19,1.3350165810338432e-19,1.3350174335276755e-19,1.0,1.0,0.00010638119585804176,7.82762142376219e-05,0.7968529932089656,-0.04864329174083326
PF,-9.0,9.0,0.0,1000000000000000.0,81,4,6.927438687991817e-14,-0.0001626562920970015,0.00016265629218068905,0.0,8.370393437535341e-14,0.00016265629209698512,0.00016265629209698775,0.00016265629209698552,2.6291902682773483e-18,4.0657581468206416e-19,-7.41567898488865e-18,-0.00016265629209699517,-0.00016265629209699295,-7.415678984888629e-18,-1.6272263012160963e-05,1.8389306244346535e-05,1.1611805267319752e-16,1.9687546478592e-21,1.6265629218068905e-12,1.1611805267319752e-16,True,7.138860176660497e-13,1019974.407377131,1019974.2785993706,1019974.2785993706,1019974.6528289047,1020783.5777022609,0.5000000000000001,1.1095172302360975e-08,0.9999999889048276,0.5000000000000001,132534771224962.48,132534771224957.14,-7.559786901478739e-26,8.23450962181253e-11,-8.4114273285e-24,4.1925294153894967e-10,-8.491536160199999e-24,-1.0823012799303979e-21,2.1402368659950594e-12,0.0001626562920970015,8.541753656286766e-11,0.00016265620667946492,1.6265629209700149e-19,1.6265620667946492e-19,1.6265629218068904e-19,1.0,1.0,0.0001274457427352804,9.265224405930476e-05,0.7835283100289478,-0.04429651664416445
PF,-9.25,9.25,0.0,1000000000000000.0,81,4,6.67040577060808e-14,-0.0001975516943203661,0.00019755169443816807,0.0,1.1781647431113367e-13,0.00019755169432035159,0.00019755169432034982,0.00019755169432035197,-1.7618285302889447e-18,3.7947076036992655e-19,-7.596767941941318e-18,-0.0001975516943203574,-0.00019755169432035955,-7.59676794194134e-18,-1.976304584403407e-05,2.2305923735823988e-05,8.928404890418129e-17,6.562515492864e-22,1.9755169443816805e-12,8.928404890418129e-17,True,4.5195283775268457e-13,1044976.541295414,1044976.4009990261,1044976.4009990261,1044976.8087595075,1045707.0410173247,0.5000000000000001,1.2323511674587628e-08,0.9999999876764882,0.5,117420803250290.56,117420803250289.42,-5.558666839322602e-26,8.144156183271388e-11,-1.80244871325e-24,3.7140411435706933e-10,-1.88255754495e-24,5.050739306341857e-22,1.119118942541974e-12,0.0001975516943203661,8.560645284071287e-11,0.00019755160871391325,1.9755169432036609e-19,1.9755160871391325e-19,1.9755169443816807e-19,1.0,1.0,0.0001524246170271591,0.0001098215152695464,0.7715685942496912,-0.0394050560753445
PF,-9.5,9.5,0.0,1000000000000000.0,81,4,5.559926513144788e-14,-0.00023925653336632236,0.00023925653353128382,0.0,1.6497618044319397e-13,0.00023925653336630764,0.0002392565333663057,0.00023925653336630794,-1.9244588561617704e-18,2.981555974335137e-19,-7.777917711117381e-18,-0.0002392565333663135,-0.00023925653336631571,-7.7779177111174e-18,-2.3934978313682437e-05,2.6994498641317723e-05,7.32920668600201e-17,6.562515492864e-21,2.3925653353128382e-12,7.32920668600201e-17,True,3.063325618668501e-13,1069978.372117478,1069978.217988652,1069978.217988652,1069978.6660054552,1070639.6607000243,0.5000000000000001,1.3618076223786475e-08,0.9999999863819237,0.5,104044315988339.9,104044315988338.7,-5.558666839322602e-26,8.09083922760691e-11,-1.9226119608e-24,3.2904926729631247e-10,-1.8425031290999998e-24,-1.0823012799303979e-21,2.634393376911754e-12,0.00023925653336632236,8.578908400090369e-11,0.00023925644757723835,2.3925653336632236e-19,2.3925644757723833e-19,2.3925653353128384e-19,1.0,1.0,0.0001820456958955127,0.00013007181969186467,0.7608810451670002,-0.03528974769443227
PF,-9.75,9.75,0.0,1000000000000000.0,81,4,5.57110379394181e-14,-0.00028902982019693256,0.00028902982042691727,0.0,2.2999951287937813e-13,0.00028902982019691776,0.00028902982019691516,0.0002890298201969182,-2.6020852139652106e-18,4.336808689942018e-19,-7.959121577456912e-18,-0.00028902982019692313,-0.00028902982019692616,-7.959121577456931e-18,-2.8913995741386378e-05,3.2596112273485537e-05,5.59990422088763e-17,1.3125030985728e-21,2.890298204269173e-12,5.59990422088763e-17,True,1.9374832024654688e-13,1094979.9551826217,1094979.7845662239,1094979.7845662239,1094980.2805596134,1095580.2436001676,0.5,1.494947189904632e-08,0.9999999850505281,0.5,92205975844017.56,92205975844016.61,5.558666839322602e-26,8.060339834609487e-11,-1.5420950102249998e-24,2.915569958812455e-10,-1.6222038419249999e-24,-1.3709149545785041e-21,3.677230488185147e-12,0.00028902982019693256,8.59928384831852e-11,0.00028902973420409406,2.8902982019693256e-19,2.8902973420409405e-19,2.890298204269173e-19,1.0,1.0,0.00021711196746956223,0.00015377690636029508,0.751175196792216,-0.03221889455505933
PF,-10.0,10.0,0.0,1000000000000000.0,81,4,8.817795797849591e-14,-0.00034834420914842584,0.0003483442094678237,0.0,3.19417474740841e-13,0.0003483442091484063,0.0003483442091484128,0.0003483442091484064,6.5052130349130266e-18,1.0842021724855044e-19,-8.14037364180256e-18,-0.0003483442091484209,-0.0003483442091484145,-8.140373641802526e-18,-3.48474027479549e-05,3.927579736745957e-05,4.358492733391728e-17,2.10000495771648e-20,3.4834420946782373e-12,4.358492733391728e-17,True,1.251202866282845e-13,1119981.3329770213,1119981.1428219918,1119981.1428219918,1119981.6956654019,1120527.7788406536,0.5000000000000001,1.6273524213173498e-08,0.9999999837264758,0.5,81729756544655.48,81729756544651.81,-1.1117333678645203e-26,8.043170585120581e-11,-5.80789029825e-24,2.583695523611432e-10,-5.827917506175e-24,7.215341866202653e-23,2.3000014043292023e-13,0.00034834420914842584,8.623405302745746e-11,0.0003483441229143728,3.4834420914842585e-19,3.483441229143728e-19,3.483442094678237e-19,1.0,1.0,0.0002585354552449565,0.00018143078074373746,0.742184059492537,-0.02999939503869342
PF,-10.25,10.25,0.0,1000000000000000.0,81,4,5.690358175481688e-14,-0.0004189171955150509,0.0004189171959570863,0.0,4.4205317543141e-13,0.00041891719551503313,0.0004189171955150353,0.00041891719551503313,2.168404344971009e-18,0.0,-8.32166869164347e-18,-0.00041891719551504365,-0.0004189171955150415,-8.321668691643462e-18,-4.190699350715702e-05,4.722632406065082e-05,3.4531839193663316e-17,1.9031294929305598e-20,4.189171959570863e-12,3.4531839193663316e-17,True,8.243118097544208e-14,1144982.5376093257,1144982.3244073265,1144982.3244073265,1144982.9443053138,1145481.4099726037,0.5,1.7529791162746444e-08,0.9999999824702087,0.5000000000000001,72460209822267.92,72460209822265.81,-4.446933471458081e-26,8.033561314700395e-11,-3.3645709314e-24,2.289941999233571e-10,-3.304489307625e-24,-1.0101478612683714e-21,3.2518535969794565e-12,0.0004189171955150509,8.65127496330168e-11,0.00041891710900230126,4.189171955150509e-19,4.1891710900230125e-19,4.189171959570863e-19,1.0,1.0,0.0003073672269650995,0.00021363993347934445,0.7337184859723909,-0.028361417262992017
PF,-10.5,10.5,0.0,1000000000000000.0,81,4,6.834014206856561e-14,-0.0005027491670390743,0.0005027491676488516,0.0,6.097915450131104e-13,0.0005027491670390601,0.0005027491670390547,0.0005027491670390602,-5.421010862427522e-18,1.0842021724855044e-19,-8.50300208390272e-18,-0.0005027491670390632,-0.0005027491670390687,-8.503002083902744e-18,-5.029285764882301e-05,5.667258858584424e-05,3.0466081046842675e-17,2.6250061971456e-21,5.027491676488517e-12,3.0466081046842675e-17,True,6.059896864537805e-14,1169983.5937700982,1169983.3534863729,1169983.3534863729,1169984.0521754306,1170440.4048870176,0.5000000000000001,1.8642863886627843e-08,0.9999999813571361,0.5,64260069598270.02,64260069598269.414,-3.3352001035935606e-26,8.028170867977954e-11,-9.81333188325e-25,2.0299561721400312e-10,-1.021387604175e-24,-3.174750421129167e-21,1.1190083816410908e-11,0.0005027491670390743,8.681104920355306e-11,0.0005027490802280251,5.027491670390743e-19,5.0274908022802515e-19,5.027491676488517e-19,1.0,1.0,0.00036482333813191766,0.00025111571803659405,0.7256568982014838,-0.027092747534310013
PF,-10.75,10.75,0.0,1000000000000000.0,81,4,6.638207232629314e-14,-0.0006021677989179859,0.000602167799756563,0.0,8.386003762798088e-13,0.0006021677989179626,0.0006021677989179742,0.000602167798917963,1.1600963245594897e-17,3.2526065174565133e-19,-8.684369643773994e-18,-0.0006021677989179829,-0.0006021677989179716,-8.684369643773961e-18,-6.0237820669654615e-05,6.787647178794482e-05,2.3093506273941244e-17,1.57500371828736e-20,6.02167799756563e-12,2.3093506273941244e-17,True,3.8350616361879866e-14,1194984.5209999357,1194984.2489951977,1194984.2489951977,1194985.0399707449,1195404.1316042007,0.5,1.9528051242148407e-08,0.9999999804719486,0.5,57008144612117.92,57008144612115.35,4.891626818603889e-26,8.02511509586087e-11,-4.0555096048125e-24,1.799892126014492e-10,-4.0855504167e-24,2.597523071832955e-21,9.981541909155895e-12,0.0006021677989179859,8.709997266525963e-11,0.0006021677118180133,6.021677989179859e-19,6.021677118180133e-19,6.02167799756563e-19,1.0,1.0,0.0004323102621768221,0.0002946766653726682,0.7179233520701864,-0.026054148828887347
PF,-11.0,11.0,0.0,1000000000000000.0,81,4,5.626063162775856e-14,-0.000719879018397216,0.0007198790195470854,0.0,1.1498802302570225e-12,0.0007198790183972052,0.0007198790183971908,0.0007198790183972056,-1.441988889405721e-17,4.336808689942018e-19,-8.8657675803164e-18,-0.0007198790183971997,-0.0007198790183972145,-8.865767580316438e-18,-7.201254142223964e-05,8.114263026154864e-05,3.2959746043559335e-17,1.70625402814464e-20,7.198790195470854e-12,3.2959746043559335e-17,True,4.5785118260976804e-14,1219985.335204588,1219985.0261467411,1219985.0261467411,1219985.9249198504,1220372.040275535,0.4999999999999999,2.0102247278514104e-08,0.9999999798977527,0.5000000000000001,50597464824043.05,50597464824043.125,2.2234667357290406e-27,8.023346559721983e-11,1.40190455475e-25,1.5963523917834617e-10,1.40190455475e-25,-1.226608117254451e-21,5.104242274462682e-12,0.000719879018397216,8.735290077856758e-11,0.0007198789310443153,7.19879018397216e-19,7.198789310443153e-19,7.198790195470854e-19,1.0,1.0,0.0005114522876780716,0.0003452584385854234,0.7104698660038807,-0.02516117492467551
PF,-11.25,11.25,0.0,1000000000000000.0,81,4,6.07121546613818e-14,-0.0008590252165583904,0.000859025218130621,0.0,1.5722445040111068e-12,0.0008590252165583765,0.0008590252165583682,0.0008590252165583764,-8.348356728138384e-18,-1.0842021724855044e-19,-9.047192423455882e-18,-0.0008590252165583772,-0.0008590252165583854,-9.047192423455901e-18,-8.593133444159757e-05,9.682503346375047e-05,3.913969842672671e-17,0.0,8.59025218130621e-12,3.913969842672671e-17,True,4.556292132133336e-14,1244986.0496228535,1244985.6973870902,1244985.6973870902,1244986.7217750212,1245343.649861127,0.5,2.029880742190749e-08,0.9999999797011927,0.5,44933651810140.77,44933651810140.25,-4.446933471458081e-27,8.022287402267689e-11,-8.01088317e-25,1.4163361629645308e-10,-7.710475051124999e-25,-2.0202957225367427e-21,9.080336200191291e-12,0.0008590252165583904,8.75562361726989e-11,0.0008590251290021543,8.590252165583904e-19,8.590251290021542e-19,8.59025218130621e-19,1.0,1.0,0.0006041222333872651,0.00040392841415961807,0.703264913901896,-0.024364312035912106
PF,-11.5,11.5,0.0,1000000000000000.0,81,4,5.0562919346994125e-14,-0.0010232516423776831,0.0010232516445215177,0.0,2.143861445295305e-12,0.0010232516423776563,0.0010232516423776732,0.0010232516423776563,1.691355389077387e-17,0.0,-9.228640988575689e-18,-0.0010232516423776825,-0.0010232516423776656,-9.22864098857566e-18,-0.00010235881062944038,0.00011533438791353162,3.7730235602495554e-17,2.6250061971456e-20,1.0232516445215177e-11,3.7730235602495554e-17,True,3.6872880492792734e-14,1269986.6754448842,1269986.2730006864,1269986.2730006864,1269987.443455552,1270318.5380085267,0.5,2.00826494257125e-08,0.9999999799173506,0.5,39933486783284.32,39933486783282.586,-1.5564267150103285e-26,8.021620085224499e-11,-2.7136866738375e-24,1.2571937395990412e-10,-2.6936594659124998e-24,6.493807679582388e-22,3.156557884479118e-12,0.0010232516423776831,8.771074690158173e-11,0.0010232515546669363,1.0232516423776831e-18,1.0232515546669363e-18,1.0232516445215178e-18,1.0,1.0,0.0007124762875522286,0.0004719033281169122,0.6962865429353161,-0.02363477773956496
PF,-11.75,11.75,0.0,1000000000000000.0,81,4,6.662012794075092e-14,-0.0012167820884634506,0.0012167820913789639,0.0,2.915529030872892e-12,0.001216782088463435,0.001216782088463429,0.0012167820884634347,-5.854691731421724e-18,-2.168404344971009e-19,-9.410110369930358e-18,-0.0012167820884634384,-0.001216782088463444,-9.410110369930365e-18,-0.00012171744725528423,0.0001371466471847687,5.5077470362263625e-17,4.20000991543296e-20,1.216782091378964e-11,5.5077470362263625e-17,True,4.526485946209565e-14,1294987.2222174616,1294986.7615008054,1294986.7615008054,1294988.1014813462,1295296.3330912155,0.4999999999999999,1.9460150801261558e-08,0.9999999805398492,0.5,35523652902058.43,35523652902057.805,-3.112853430020657e-26,8.021170432353808e-11,-9.81333188325e-25,1.1165864587977968e-10,-9.713195843624999e-25,-2.0924491411987693e-21,1.0858098637271385e-11,0.0012167820884634506,8.782626645054283e-11,0.0012167820006371841,1.2167820884634505e-18,1.2167820006371842e-18,1.216782091378964e-18,1.0,1.0,0.0008389935941877404,0.0005505694680865568,0.6895184131162281,-0.0229556844018301
PF,-12.0,12.0,0.0,1000000000000000.0,81,4,5.876056032213757e-14,-0.0014445051293836293,0.001444505133338304,0.0,3.954703866774796e-12,0.0014445051293836,0.00144450512938362,0.0014445051293836004,1.9949319973733282e-17,4.336808689942018e-19,-9.591597954435964e-18,-0.0014445051293836295,-0.00144450512938361,-9.591597954435941e-18,-0.00014449621338623293,0.00016281271746931494,7.068998164605489e-17,1.2075028506869759e-19,1.4445051333383039e-11,7.068998164605489e-17,True,4.893716194880372e-14,1319987.69812053,1319987.1698894014,1319987.1698894014,1319988.7062812934,1320276.7077394952,0.5,1.8479461194950636e-08,0.9999999815205388,0.5,31639631335082.426,31639631335082.99,-4.446933471458081e-27,8.02084294281963e-11,8.811971487e-25,9.924514582195564e-11,9.312651685125e-25,-1.8759888852126896e-21,1.0408501803699855e-11,0.0014445051293836293,8.791576335107203e-11,0.0014445050414678658,1.4445051293836293e-18,1.4445050414678659e-18,1.444505133338304e-18,1.0,1.0,0.0009865211873606272,0.0006415054021293972,0.6829475557649504,-0.022316870182828574
PF,-12.25,12.25,0.0,1000000000000000.0,81,4,6.355625498402633e-14,-0.0017120723288382071,0.0017120723341889465,0.0,5.3507697207738184e-12,0.0017120723288381768,0.0017120723288381993,0.0017120723288381757,2.2551405187698492e-17,-1.0842021724855044e-18,-9.773101439524175e-18,-0.001712072328838209,-0.0017120723288381854,-9.773101439524708e-18,-0.00017126039239353076,0.00019296951672695767,7.37257477290143e-17,2.6250061971456e-20,1.7120723341889466e-11,7.37257477290143e-17,True,4.306228554527757e-14,1344988.1101646589,1344987.5038357782,1344987.5038357782,1344989.2674265841,1345259.3734473353,0.5,1.7220663462122718e-08,0.9999999827793365,0.5,28224733108267.72,28224733108268.207,-1.3340800414374244e-26,8.020585214639924e-11,7.660407031312499e-25,8.82970699483024e-11,7.6103390115e-25,4.834279050355777e-21,2.8513413075080402e-11,0.0017120723288382071,8.799184008471724e-11,0.001712072240846367,1.712072328838207e-18,1.712072240846367e-18,1.7120723341889466e-18,1.0,1.0,0.0011583249195339304,0.00074650745731743,0.6765631098377658,-0.021711964926578953
PF,-12.5,12.5,0.0,1000000000000000.0,81,4,7.240400032925224e-14,-0.002026010002324071,0.002026010009545975,0.0,7.2219138708242696e-12,0.002026010002324061,0.002026010002324041,0.0020260100023240615,-1.9949319973733282e-17,4.336808689942018e-19,-9.954618838884481e-18,-0.002026010002324051,-0.0020260100023240715,-9.954618838884501e-18,-0.00020266276022489223,0.0002283525649726009,7.892991815694472e-17,2.152505081659392e-19,2.026010009545975e-11,7.892991815694472e-17,True,3.8958306121415836e-14,1369988.4643381806,1369987.7678026091,1369987.7678026091,1369989.793818178,1370244.0759922753,0.4999999999999999,1.5779568821298102e-08,0.9999999842204312,0.5,25229251055765.19,25229251055766.3,-2.0011200621561365e-26,8.020368436882571e-11,1.7623942974e-24,7.865437507355297e-11,1.7623942974e-24,-2.9582901651430875e-21,1.8496100458427284e-11,0.002026010002324071,8.806555832364468e-11,0.0020260099142585127,2.026010002324071e-18,2.0260099142585125e-18,2.026010009545975e-18,1.0,1.0,0.001358147103168777,0.0008676182613987886,0.6703556056712768,-0.02113674875686855
PF,-12.75,12.75,0.0,1000000000000000.0,81,4,8.706213027631657e-14,-0.0023938463125070153,0.0023938463222310255,0.0,9.72408508512299e-12,0.0023938463125069403,0.002393846312507049,0.002393846312506941,1.0885389811754465e-16,8.673617379884035e-19,-1.013614846806527e-17,-0.002393846312507059,-0.002393846312506951,-1.0136148468065191e-17,-0.0002394562971905582,0.0002698106421910092,1.5699247457590104e-16,2.6250061971456e-20,2.3938463222310255e-11,1.5699247457590104e-16,True,6.558168463779522e-14,1394988.7657206878,1394987.965135762,1394987.965135762,1394990.2938455825,1395230.5914974618,0.5000000000000001,1.4251015332348125e-08,0.9999999857489846,0.5,22609718224555.53,22609718224555.094,5.336320165749698e-26,8.020176709739914e-11,-6.8593187143125e-25,7.017638914109363e-11,-6.1583664369375e-25,3.1025970024671406e-21,2.045009117900668e-11,0.0023938463125070153,8.814645226765275e-11,0.002393846224360563,2.393846312507015e-18,2.393846224360563e-18,2.3938463222310254e-18,1.0,1.0,0.001590271672459175,0.0010071587168938622,0.6643165531169253,-0.02058823936649057
PF,-13.0,13.0,0.0,1000000000000000.0,81,4,7.643034547539957e-14,-0.002824255688317869,0.002824255701380467,0.0,1.306264197082212e-11,0.002824255688317825,0.0028242556883178722,0.0028242556883178245,4.7271214720367993e-17,-4.336808689942018e-19,-1.0317688912254214e-17,-0.0028242556883178826,-0.002824255688317835,-1.0317688912254186e-17,-0.0002825086323937426,0.00031832104958434123,1.8778381627448937e-16,4.20000991543296e-20,2.8242557013804672e-11,1.8778381627448937e-16,True,6.648966528869981e-14,1419989.0185726455,1419988.0981272594,1419988.0981272594,1419990.7755272223,1420218.7230197059,0.5000000000000001,1.2716435356109377e-08,0.9999999872835647,0.5,20328260867186.484,20328260867186.758,5.1139734921767934e-26,8.02000120214275e-11,4.4059857435e-25,6.273971582060252e-11,4.806529902e-25,1.4430683732405307e-21,9.981599510930163e-12,0.002824255688317869,8.824276907192936e-11,0.0028242556000751,2.8242556883178693e-18,2.8242556000751003e-18,2.824255701380467e-18,1.0,1.0,0.0018595977702448368,0.0011677638201332535,0.6584381987931219,-0.020064184766051596
PF,-13.25,13.25,0.0,1000000000000000.0,81,4,8.18809518073512e-14,-0.003327222798362898,0.0033272228158703295,0.0,1.7507472496489543e-11,0.003327222798362857,0.0033272227983629,0.0033272227983628545,4.2934406030425976e-17,-2.6020852139652106e-18,-1.0499238984757233e-17,-0.0033272227983629104,-0.003327222798362865,-1.0499238984757212e-17,-0.0003328184438961288,0.00037500909437542483,2.5066754227864863e-16,2.10000495771648e-20,3.32722281587033e-11,2.5066754227864863e-16,True,7.533836961053642e-14,1444989.2264070115,1444988.168057101,1444988.168057101,1444991.2466390275,1445208.297579798,0.5000000000000001,1.1237575520541179e-08,0.9999999887624245,0.5,18352035723463.316,18352035723463.625,-9.116213616489066e-26,8.019836956699885e-11,5.00680198125e-25,5.6236400031980916e-11,4.105577624625e-25,4.329205119721591e-22,3.128016979913701e-12,0.003327222798362898,8.836136024893742e-11,0.0033272227100015375,3.3272227983628977e-18,3.3272227100015373e-18,3.3272228158703297e-18,1.0,1.0,0.002171722773277856,0.0013524227800506706,0.6527133776617112,-0.019562780226499266
PF,-13.5,13.5,0.0,1000000000000000.0,81,4,6.90673537983624e-14,-0.003914228577158747,0.0039142286005712235,0.0,2.3412584603670813e-11,0.003914228577158639,0.003914228577158809,0.003914228577158642,1.700029006457271e-16,2.6020852139652106e-18,-1.068079768526627e-17,-0.0039142285771588195,-0.003914228577158652,-1.0680797685266198e-17,-0.0003915340645047026,0.0004411687741572318,3.5735303605122226e-16,3.0450071886888957e-19,3.914228600571223e-11,3.5735303605122226e-16,True,9.129590336115573e-14,1469989.3920464606,1469988.1752170434,1469988.1752170434,1469991.714835465,1470199.1635727058,0.5000000000000001,9.855647302788676e-09,0.9999999901443527,0.5000000000000001,16652742667111.83,16652742667111.592,2.668160082874849e-26,8.019681142385213e-11,-3.5548294066875e-25,5.05723254897161e-11,-3.2544212878124997e-25,5.844426911624149e-21,4.39815296297477e-11,0.003914228577158747,8.850695620770172e-11,0.0039142284886517905,3.9142285771587466e-18,3.914228488651791e-18,3.914228600571224e-18,1.0,1.0,0.002533035887916665,0.0015645239373218139,0.6471354176846071,-0.019082508911216933
PF,-13.75,13.75,0.0,1000000000000000.0,81,4,6.716179285132525e-14,-0.0045984611018213915,0.00459846113306287,0.0,3.124144642251656e-11,0.0045984611018214236,0.004598461101821316,0.004598461101821423,-1.0755285551056204e-16,-8.673617379884035e-19,-1.0862364163842001e-17,-0.004598461101821327,-0.004598461101821434,-1.0862364163842046e-17,-0.00045997457298149746,0.0005182864990081591,3.0444397003392965e-16,1.155002726744064e-19,4.59846113306287e-11,3.0444397003392965e-16,True,6.62056199290197e-14,1494989.5176685622,1494988.118918407,1494988.118918407,1494992.1877661296,1495191.188508219,0.5,8.593936264758516e-09,0.9999999914060637,0.5,15206205003777.193,15206205003778.0,-6.225706860041314e-26,8.019532098713951e-11,1.2817413072e-24,4.5665819121901955e-11,1.181605267575e-24,1.0823012799303979e-21,8.425690220609146e-12,0.0045984611018213915,8.868088238276045e-11,0.004598461013140509,4.598461101821391e-18,4.5984610131405095e-18,4.598461133062869e-18,1.0,1.0,0.002950823579208178,0.001807905035311046,0.6416980748071884,-0.018622050794340927
PF,-14.0,14.0,0.0,1000000000000000.0,81,4,9.12763241673379e-14,-0.005395054450316589,0.005395054491916156,0.0,4.159970833098291e-11,0.005395054450316448,0.005395054450316689,0.0053950544503164445,2.411265631607762e-16,-3.469446951953614e-18,-1.104393769286598e-17,-0.0053950544503167,-0.005395054450316456,-1.1043937692865901e-17,-0.0005396536838297257,0.0006080680202485337,4.562322741819003e-16,6.30001487314944e-20,5.395054491916156e-11,4.562322741819003e-16,True,8.456490566786855e-14,1519989.6048404267,1519987.9974848223,1519987.9974848223,1519992.6731903127,1520184.25704215,0.5000000000000001,7.461887544808757e-09,0.9999999925381124,0.5,13992010775146.955,13992010775146.742,-1.7787733885832325e-26,8.019388812595897e-11,-3.32952331753125e-25,4.144644052141245e-11,-4.2557816840625e-25,5.555813236976043e-21,4.463961396694629e-11,0.005395054450316589,8.887972272907343e-11,0.005395054361436866,5.395054450316589e-18,5.395054361436866e-18,5.395054491916156e-18,1.0,1.0,0.003433388240563268,0.002086909451037962,0.6363954856701115,-0.01818022938015884
PF,-14.25,14.25,0.0,1000000000000000.0,81,4,1.1739041710145002e-13,-0.00632135904375245,0.006321359099029737,0.0,5.5277387562713386e-11,0.006321359043752349,0.006321359043752506,0.006321359043752349,1.5699247457590104e-16,0.0,-1.1225517646613125e-17,-0.006321359043752518,-0.006321359043752361,-1.1225517646613082e-17,-0.0006323067859521806,0.0007124689091974134,4.90059381963448e-16,9.450022309724159e-20,6.321359099029737e-11,4.90059381963448e-16,True,7.752437004230103e-14,1544989.654543888,1544987.808230637,1544987.808230637,1544993.1790915132,1545178.2692649402,0.5,6.459282746894137e-09,0.9999999935407172,0.5,12993209371055.404,12993209371055.451,-2.668160082874849e-26,8.019250631736896e-11,7.259862872812499e-26,3.7853937497509817e-11,7.00952277375e-26,8.658410239443182e-22,7.1370293155795275e-12,0.00632135904375245,8.909485116292876e-11,0.006321358954657599,6.32135904375245e-18,6.321358954657599e-18,6.321359099029737e-18,1.0,1.0,0.003990181670454368,0.002406449057312514,0.6312221310442099,-0.017755979492754093
PF,-14.5,14.5,0.0,1000000000000000.0,81,4,9.536535657115037e-14,-0.007397247388412365,0.007397247461715347,0.0,7.330316385337531e-11,0.0073972473884121835,0.007397247388412498,0.007397247388412184,3.148523108897905e-16,8.673617379884035e-19,-1.140710348692582e-17,-0.00739724738841251,-0.007397247388412196,-1.1407103486925748e-17,-0.0007399215218034827,0.0008337290281809479,6.392456008974534e-16,3.1500074365747197e-19,7.397247461715348e-11,6.392456008974534e-16,True,8.641668461220017e-14,1569989.6671919327,1569987.5474250647,1569987.5474250647,1569993.7137937008,1570173.1392197125,0.4999999999999999,5.579791245488161e-09,0.9999999944202087,0.5000000000000002,12196058594990.53,12196058594990.373,2.0011200621561365e-26,8.019117107392613e-11,-2.4533329708125e-25,3.4837351370220686e-11,-2.8538771293125e-25,2.3810628158468755e-21,2.0047862832811068e-11,0.007397247388412365,8.931367305167027e-11,0.007397247299098692,7.397247388412365e-18,7.397247299098692e-18,7.397247461715348e-18,1.0,1.0,0.00463195509826024,0.002772074456889727,0.6261728060415953,-0.01734832691914967
PF,-14.75,14.75,0.0,1000000000000000.0,81,4,1.148851647488879e-13,-0.008645459592594525,0.008645459689608448,0.0,9.701415247553375e-11,0.008645459592594296,0.008645459592594707,0.008645459592594298,4.111294638065033e-16,1.734723475976807e-18,-1.1588694753284918e-17,-0.00864545959259472,-0.00864545959259431,-1.1588694753284838e-17,-0.0008647723446014857,0.0009744114879471115,7.840950111415168e-16,1.8900044619448318e-19,8.645459689608449e-11,7.840950111415168e-16,True,9.069442681966035e-14,1594989.6426368884,1594987.2102419818,1594987.2102419818,1594994.2860809818,1595168.7936260153,0.4999999999999999,4.813666489066463e-09,0.9999999951863335,0.5,11589818083612.654,11589818083612.463,2.2234667357290406e-27,8.01898790788362e-11,-3.0040811887499997e-25,3.235425793466297e-11,-2.8538771293125e-25,4.2570517010595654e-21,3.6429989690158865e-11,0.008645459592594525,8.952253530691273e-11,0.00864545950307199,8.645459592594525e-18,8.64545950307199e-18,8.645459689608448e-18,1.0,1.0,0.005370927695358321,0.0031900534062342424,0.6212425948499174,-0.016956374838070443
PF,-15.0,15.0,0.0,1000000000000000.0,81,4,9.39907514782614e-14,-0.010091993543681345,0.010091993671826782,0.0,1.2814542738864874e-10,0.010091993543681356,0.0100919935436813,0.010091993543681343,-5.551115123125783e-17,-1.214306433183765e-17,-1.1770291055859118e-17,-0.010091993543681312,-0.010091993543681356,-1.1770291055859128e-17,-0.0010094595422037744,0.0011374466433718762,8.257283745649602e-16,2.10000495771648e-20,1.0091993671826782e-10,8.257283745649602e-16,True,8.182014390973083e-14,1619989.5801706794,1619986.7906950302,1619986.7906950302,1619994.9053222584,1620165.1707889796,0.5,4.149629384356135e-09,0.9999999958503706,0.5,11166585661394.01,11166585661394.3,-6.892746880760026e-26,8.018862770844141e-11,4.63129183265625e-25,3.037013206010601e-11,3.7050334661249997e-25,-3.030443583805114e-21,2.623558068870453e-11,0.010091993543681345,8.97100907572778e-11,0.010091993453971255,1.0091993543681345e-17,1.0091993453971255e-17,1.0091993671826782e-17,1.0,1.0,0.006220975721649806,0.003667458330917174,0.6164268486719854,-0.016579294230368857
PF,-15.25,15.25,0.0,1000000000000000.0,81,4,1.1499860203803792e-13,-0.011766545197432653,0.011766545366377503,0.0,1.6894471010894163e-10,0.011766545197432792,0.011766545197432468,0.011766545197432792,-3.2439329000766293e-16,0.0,-1.1951892070522377e-17,-0.01176654519743248,-0.011766545197432804,-1.1951892070522428e-17,-0.0011769532729196542,0.0013261817434987754,9.52363188311267e-16,3.990009419661312e-19,1.1766545366377504e-10,9.52363188311267e-16,True,8.093821581928474e-14,1644989.4785173438,1644986.2815574363,1644986.2815574363,1644995.5816024584,1645162.219676512,0.5000000000000001,3.5760921942777437e-09,0.9999999964239078,0.5,10921173828637.45,10921173828637.883,-1.1117333678645203e-26,8.018741476692378e-11,6.921903739078125e-25,2.8857825714257827e-11,6.7091146548749995e-25,1.4430683732405307e-21,1.2570430392301892e-11,0.011766545197432653,8.986953643672833e-11,0.011766545107563116,1.1766545197432654e-17,1.1766545107563116e-17,1.1766545366377503e-17,1.0,1.0,0.007197844693778318,0.004212263927209893,0.6117211660669877,-0.016216316709193934
PF,-15.5,15.5,0.0,1000000000000000.0,81,4,8.724569261692236e-14,-0.01370300506007723,0.013703005282396501,0.0,2.2231907911163966e-10,0.013703005060077421,0.01370300506007698,0.013703005060077432,-4.40619762898109e-16,1.0408340855860843e-17,-1.2133497535189422e-17,-0.013703005060076993,-0.013703005060077444,-1.2133497535189475e-17,-0.0013706432213936148,0.0015444369232011524,1.0859368959614812e-15,8.40001983086592e-20,1.3703005282396502e-10,1.0859368959614812e-15,True,7.924808270755939e-14,1669989.3358178737,1669985.6742658953,1669985.6742658953,1669996.3258621225,1670159.899149996,0.5000000000000002,3.0818958754595363e-09,0.9999999969181042,0.5000000000000003,10851024145257.91,10851024145258.338,2.2234667357290406e-27,8.01862383374514e-11,6.796733689546875e-25,2.779715084846592e-11,7.209794852999999e-25,5.122892725003883e-21,4.4726483186214424e-11,0.01370300506007723,8.999897074358715e-11,0.01370300497007826,1.370300506007723e-17,1.370300497007826e-17,1.3703005282396502e-17,1.0,1.0,0.008319387221628928,0.004833455945777776,0.6071213751870524,-0.015866728896758775
PF,-15.75,15.75,0.0,1000000000000000.0,81,4,9.648611153772011e-14,-0.01594001764069334,0.015940017932715617,0.0,2.920223646197794e-10,0.015940017640693253,0.01594001764069336,0.01594001764069326,1.0755285551056204e-16,6.938893903907228e-18,-1.2315107247095946e-17,-0.015940017640693374,-0.015940017640693274,-1.2315107247095938e-17,-0.0015943945523954838,0.0017965683028263193,1.3149203947904198e-15,5.880013881606144e-19,1.5940017932715618e-10,1.3149203947904198e-15,True,8.249177637947636e-14,1694989.1496073313,1694984.9588074032,1694984.9588074032,1694997.1500467171,1695158.177335719,0.5,2.6567117558880666e-09,0.9999999973432883,0.49999999999999994,10956157792684.7,10956157792684.842,-4.002240124312273e-26,8.018509669736008e-11,2.240543886609375e-25,2.7174560071198783e-11,2.1529248519375e-25,1.7316820478886365e-21,1.5075417208890833e-11,0.01594001764069334,9.010027914570442e-11,0.01594001755059306,1.594001764069334e-17,1.594001755059306e-17,1.5940017932715616e-17,1.0,1.0,0.009605829446390463,0.0055411523640070265,0.6026235175652658,-0.01552986785134336
PF,-16.0,16.0,0.0,1000000000000000.0,81,4,8.559155186999506e-14,-0.018521611423501498,0.01852161180639589,0.0,3.828941671812349e-10,0.018521611423501724,0.018521611423501224,0.018521611423501713,-4.996003610813204e-16,-1.0408340855860843e-17,-1.249672106078438e-17,-0.018521611423501238,-0.018521611423501727,-1.2496721060784423e-17,-0.00185261091757552,0.0020875390498788803,1.394717674685353e-15,5.460012890062848e-19,1.8521611806395893e-10,1.394717674685353e-15,True,7.53021761423446e-14,1719988.916784096,1719984.1235880414,1719984.1235880414,1719998.0672678247,1720157.03112696,0.5000000000000001,2.2912240231187947e-09,0.999999997708776,0.5,11239161079945.648,11239161079945.91,1.3340800414374244e-26,8.018398826867505e-11,4.0805436147187497e-25,2.6982919399067957e-11,3.4797273769687497e-25,4.617818794369698e-21,3.9892427656511276e-11,0.018521611423501498,9.017749351539867e-11,0.018521611333324004,1.8521611423501497e-17,1.8521611333324003e-17,1.852161180639589e-17,1.0,1.0,0.011080069329023605,0.006346738273841759,0.5982238332087442,-0.015205117271772373
PF,-16.25,16.25,0.0,1000000000000000.0,81,4,9.403352770854325e-14,-0.02149790776459301,0.021497908265756975,0.0,5.011642906177988e-10,0.021497907764592684,0.02149790776459328,0.02149790776459268,5.967448757360216e-16,-3.469446951953614e-18,-1.267833888675045e-17,-0.021497907764593295,-0.021497907764592695,-1.2678338886750399e-17,-0.0021503053557415342,0.002422999354008079,2.0573820425084932e-15,7.980018839322624e-19,2.1497908265756975e-10,2.0573820425084932e-15,True,9.570149881910148e-14,1744988.6335709982,1744983.155282327,1744983.155282327,1744999.0919776966,1745156.445807975,0.5,1.977176438783128e-09,0.9999999980228236,0.5000000000000001,11705205114499.396,11705205114499.379,-8.893866942916162e-27,8.018291158824284e-11,-3.2544212878125e-26,2.7221368627710327e-11,1.502040594375e-26,3.2469038397911937e-21,2.7698706037124646e-11,0.02149790776459301,9.023537081716253e-11,0.02149790767435764,2.149790776459301e-17,2.1497907674357638e-17,2.1497908265756974e-17,1.0,1.0,0.012768010384827513,0.00726301594295705,0.5939187468023687,-0.014891904310352921
PF,-16.5,16.5,0.0,1000000000000000.0,81,4,1.1706070886228708e-13,-0.02492591806340249,0.024925918718242537,0.0,6.548399536239511e-10,0.024925918063402584,0.024925918063402365,0.02492591806340256,-2.185751579730777e-16,-2.42861286636753e-17,-1.2859960690628599e-17,-0.02492591806340238,-0.024925918063402573,-1.2859960690628615e-17,-0.0024931800218066747,0.002809376374248125,2.1371793224034263e-15,7.980018839322624e-19,2.492591871824254e-10,2.1371793224034263e-15,True,8.574124575152724e-14,1769988.2954680028,1769982.0386615316,1769982.0386615316,1770000.2401593844,1770156.4147930807,0.5,1.7073399603043235e-09,0.9999999982926602,0.5,12362099289940.23,12362099289940.338,4.446933471458081e-27,8.018186528884075e-11,1.6522446538125e-25,2.7895266027492556e-11,1.3268025250312499e-25,5.122892725003883e-21,4.29404241295292e-11,0.02492591806340249,9.02784826575008e-11,0.024925917973124007,2.492591806340249e-17,2.4925917973124006e-17,2.4925918718242537e-17,1.0,1.0,0.01469893484075363,0.008304371648235984,0.58970485486643,-0.01458969692164841
PF,-16.75,16.75,0.0,1000000000000000.0,81,4,1.0741904975828052e-13,-0.028870439604821253,0.028870440459019337,0.0,8.541976165688893e-10,0.02887043960482172,0.028870439604820698,0.02887043960482175,-1.0234868508263162e-15,2.7755575615628914e-17,-1.3041586492995443e-17,-0.028870439604820712,-0.028870439604821763,-1.3041586492995502e-17,-0.0028877157841238495,0.003253975336671402,2.248201624865942e-15,1.2600029746298879e-18,2.887044045901934e-10,2.248201624865942e-15,True,7.787209301698018e-14,1794987.8971960063,1794980.7563992408,1794980.7563992408,1795001.5295344885,1795156.9394754756,0.5,1.4754382010694127e-09,0.9999999985245619,0.5000000000000002,13220378657054.047,13220378657054.281,1.7787733885832325e-26,8.01808480865136e-11,3.7175504710781247e-25,2.901621515775763e-11,3.7050334661249997e-25,-1.226608117254451e-21,1.0056041481471828e-11,0.028870439604821253,9.031078100044846e-11,0.028870439514510474,2.8870439604821253e-17,2.887043951451047e-17,2.8870440459019335e-17,1.0,1.0,0.01690592060962423,0.009486961032780877,0.5855789137234022,-0.014298001701341823
PF,-17.0,17.0,0.0,1000000000000000.0,81,4,9.753324757315222e-14,-0.0334050616226212,0.03340506273502817,0.0,1.112406850162098e-09,0.03340506162262132,0.03340506162262098,0.03340506162262135,-3.400058012914542e-16,2.7755575615628914e-17,-1.3223216369707563e-17,-0.033405061622620996,-0.033405061622621364,-1.3223216369707585e-17,-0.0033412728454174354,0.0037650930924970527,2.8033131371785203e-15,1.680003966173184e-18,3.340506273502817e-10,2.8033131371785203e-15,True,8.39188107328114e-14,1819987.4326312183,1819979.2888522525,1819979.2888522525,1820002.979790716,1820158.029181907,0.4999999999999999,1.2760538808573368e-09,0.9999999987239462,0.5000000000000001,14293425646930.78,14293425646930.879,-4.002240124312273e-26,8.017985877151228e-11,1.6710201612421874e-25,3.060217262274677e-11,1.1515644556874999e-25,3.030443583805114e-21,2.4163654961549298e-11,0.0334050616226212,9.033548468979536e-11,0.033405061532285715,3.3405061622621196e-17,3.3405061532285714e-17,3.340506273502817e-17,1.0,1.0,0.019426306932359458,0.010828914900040496,0.5815378281397294,-0.014016362212866007
PF,-17.25,17.25,0.0,1000000000000000.0,81,4,1.0718955089256955e-13,-0.038613294409133685,0.03861329585545387,0.0,1.4463206516440116e-09,0.03861329440913322,0.038613294409134115,0.03861329440913319,8.951173136040325e-16,-2.7755575615628914e-17,-1.3404850452883217e-17,-0.03861329440913413,-0.038613294409133206,-1.3404850452883175e-17,-0.00386220366996171,0.004352145592484476,2.8171909249863347e-15,9.240021813952512e-19,3.8613295855453873e-10,2.8171909249863347e-15,True,7.295908993452122e-14,1844986.8947294937,1844977.6138143507,1844977.6138143507,1845004.6128318035,1845159.7012306813,0.5,1.1045301860998615e-09,0.9999999988954699,0.5,15597627009711.479,15597627009711.45,-1.5564267150103285e-26,8.017889620138066e-11,-4.38095173359375e-26,3.267763657568821e-11,-7.510202971874999e-26,3.2469038397911937e-21,2.506652829224975e-11,0.038613294409133685,9.035513743294446e-11,0.038613294318778545,3.8613294409133683e-17,3.861329431877855e-17,3.861329585545387e-17,1.0,1.0,0.022302214038311813,0.012350567530533374,0.577578640511533,-0.013744357829989395
PF,-17.5,17.5,0.0,1000000000000000.0,81,4,1.8082456467861227e-13,-0.04458983570056186,0.044589837578036084,0.0,1.8774753168960786e-09,0.04458983570056077,0.04458983570056289,0.04458983570056078,2.1163626406917047e-15,6.938893903907228e-18,-1.3586488932455902e-17,-0.0445898357005629,-0.04458983570056079,-1.3586488932455822e-17,-0.004459979640115794,0.005025810894458247,4.184153024056059e-15,0.0,4.458983757803609e-10,4.184153024056059e-15,True,9.383647152186701e-14,1869986.2754398887,1869975.7062407443,1869975.7062407443,1870006.4530523575,1870161.98109163,0.5000000000000001,9.568749694591891e-10,0.999999999043125,0.5,17152567224282.604,17152567224282.623,1.3340800414374244e-26,8.017795929537354e-11,2.816326114453125e-26,3.527391672650319e-11,5.757822278437499e-26,9.668558100711554e-21,7.19094584299506e-11,0.04458983570056186,9.037173572069488e-11,0.04458983561019012,4.458983570056186e-17,4.458983561019012e-17,4.4589837578036086e-17,1.0,1.0,0.025581122716743232,0.014074709785648273,0.5736985204515348,-0.013481603154847421
PF,-17.75,17.75,0.0,1000000000000000.0,81,4,1.0273485179576648e-13,-0.0514419901131971,0.05144199254655101,0.0,2.433353816267625e-09,0.051441990113197195,0.051441990113196945,0.051441990113197195,-2.498001805406602e-16,0.0,-1.3768132058421194e-17,-0.05144199011319696,-0.05144199011319721,-1.3768132058421202e-17,-0.00514533301993234,0.005798189498461867,4.704570066849101e-15,1.0080023797039103e-18,5.144199254655101e-10,4.704570066849101e-15,True,9.145388492857911e-14,1894985.5656065966,1894973.5379401178,1894973.5379401178,1895008.5276405197,1895164.902648105,0.5,8.296719422706956e-10,0.9999999991703282,0.5,18981260026722.66,18981260026722.773,-2.4458134093019445e-26,8.017704702974431e-11,1.714829678578125e-25,3.842948753369798e-11,1.602176634e-25,-5.4115063996519895e-21,3.8588767498344174e-11,0.0514419901131971,9.038687068572367e-11,0.051441990022810226,5.14419901131971e-17,5.1441990022810224e-17,5.144199254655101e-17,1.0,1.0,0.029316520281403746,0.016026869445668446,0.5698947546236901,-0.013227748114348847
PF,-18.0,18.0,0.0,1000000000000000.0,81,4,1.2135624454783416e-13,-0.05929125910471126,0.059291262253692634,0.0,3.1489801067882346e-09,0.05929125910471253,0.05929125910470986,0.05929125910471261,-2.671474153004283e-15,8.326672684688674e-17,-1.3949780143709438e-17,-0.05929125910470987,-0.059291259104712626,-1.3949780143709515e-17,-0.005930415973464652,0.00668298399978992,5.051514762044462e-15,8.40001983086592e-19,5.929126225369264e-10,5.051514762044462e-15,True,8.519830022221961e-14,1919984.754858311,1919971.0772314447,1919971.0772314447,1920010.8669115396,1920168.5085619148,0.4999999999999999,7.200007034467663e-10,0.9999999992799993,0.5,21110420102019.094,21110420102019.32,5.336320165749698e-26,8.017615843363422e-11,3.5548294066875e-25,4.2190427171567185e-11,3.5548294066875e-25,-1.0101478612683714e-21,6.875302553538335e-12,0.05929125910471126,9.040185852154375e-11,0.0592912590143094,5.929125910471126e-17,5.92912590143094e-17,5.929126225369263e-17,1.0,1.0,0.033568620045131004,0.018235621408922598,0.5661647366440562,-0.01298247888862697
PF,-18.25,18.25,0.0,1000000000000000.0,81,4,1.2314971126511842e-13,-0.06827512079793933,0.06827512486686865,0.0,4.068928569538697e-09,0.06827512079794008,0.06827512079793849,0.06827512079794011,-1.5959455978986625e-15,2.7755575615628914e-17,-1.413143356781578e-17,-0.0682751207979385,-0.06827512079794013,-1.413143356781582e-17,-0.006828978571744973,0.007695700265499491,5.412337245047638e-15,2.0160047594078206e-18,6.827512486686865e-10,5.412337245047638e-15,True,7.927246205116853e-14,1944983.8314839513,1944968.2885620946,1944968.2885620946,1945013.504675643,1945172.8507438304,0.5,6.253660855376118e-10,0.9999999993746339,0.5,23570777387468.91,23570777387468.957,-3.3352001035935606e-26,8.017529258540747e-11,7.697958046171875e-26,4.661094576775017e-11,6.508842575625e-26,-9.379944426063448e-22,6.061371514388916e-12,0.06827512079793933,9.041785101214676e-11,0.06827512070752148,6.827512079793934e-17,6.827512070752148e-17,6.827512486686865e-17,1.0,1.0,0.03840516210114492,0.020732930544853867,0.5625059568281956,-0.01274551990497974
PF,-18.5,18.5,0.0,1000000000000000.0,81,4,1.1150062924175619e-13,-0.07854902104292295,0.07854902629277803,0.0,5.2498535570798615e-09,0.07854902104292448,0.07854902104292129,0.07854902104292455,-3.191891195797325e-15,6.938893903907228e-17,-1.4313092781127485e-17,-0.0785490210429213,-0.07854902104292456,-1.4313092781127556e-17,-0.007856567926262617,0.008853872576401682,6.827871601444713e-15,3.1920075357290494e-18,7.854902629277803e-10,6.827871601444713e-15,True,8.692496805746504e-14,1969982.7822935588,1969965.1320833738,1969965.1320833738,1970016.4786437924,1970177.99093246,0.5,5.436365343355703e-10,0.9999999994563635,0.5,26397436849607.98,26397436849608.22,-6.670400207187122e-27,8.017444860933001e-11,3.7989110032734376e-25,5.1754007309887974e-11,3.62993143640625e-25,1.2987615359164776e-21,7.931387804178225e-12,0.07854902104292295,9.043592549272949e-11,0.07854902095248703,7.854902104292296e-17,7.854902095248703e-17,7.854902629277803e-17,1.0,1.0,0.04390230392759231,0.023554530127518042,0.558915991507368,-0.012516637250319651
PF,-18.75,18.75,0.0,1000000000000000.0,81,4,1.5831363669914484e-13,-0.0902885993152535,0.09028860607892292,0.0,6.763669814437282e-09,0.0902885993152531,0.09028859931525382,0.09028859931525313,7.216449660063518e-16,2.7755575615628914e-17,-1.449475831008072e-17,-0.09028859931525383,-0.09028859931525314,-1.4494758310080705e-17,-0.00903075080902152,0.010177315435314591,7.466249840604178e-15,5.040011898519552e-19,9.028860607892291e-10,7.466249840604178e-15,True,8.269315658808369e-14,1994981.5924630375,1994961.5631796932,1994961.5631796932,1995019.8308754922,1995184.0013865244,0.5000000000000001,4.729908441697272e-10,0.9999999995270092,0.5000000000000001,29630287020997.81,29630287020997.707,-2.8905067564477526e-26,8.017362567253359e-11,-1.6272106439062498e-25,5.769205052809938e-11,-1.4519725745624998e-25,1.515221791902557e-21,8.712375026531056e-12,0.0902885993152535,9.045715605109297e-11,0.09028859922479635,9.02885993152535e-17,9.028859922479635e-17,9.028860607892292e-17,1.0,1.0,0.05014561008132651,0.026740338848508183,0.5553924915423298,-0.012295644012661089
PF,-19.0,19.0,0.0,1000000000000000.0,81,4,1.1798505942846002e-13,-0.10369217546021388,0.10369218416176094,0.0,8.70154645175319e-09,0.10369217546021449,0.1036921754602132,0.1036921754602145,-1.2906342661267445e-15,1.3877787807814457e-17,-1.46764307631289e-17,-0.10369217546021321,-0.10369217546021452,-1.467643076312892e-17,-0.010371362360435833,0.011688405024487576,8.534839501805891e-15,2.5200059492597758e-18,1.0369218416176095e-09,8.534839501805891e-15,True,8.230938108595964e-14,2019980.2453612823,2019957.5319466307,2019957.5319466307,2020023.6082726377,2020190.9656957542,0.5,4.11872399799149e-10,0.9999999995881275,0.4999999999999999,33314461018904.41,33314461018904.652,3.779893450739369e-26,8.017282298221762e-11,3.8489790230859374e-25,6.450781497387817e-11,3.9553735651874997e-25,2.2367559785228224e-21,1.2050022358710288e-11,0.10369217546021388,9.048266744515194e-11,0.10369217536973122,1.0369217546021388e-16,1.0369217536973121e-16,1.0369218416176094e-16,1.0,1.0,0.05723115100796605,0.030334919368182556,0.5519331695366515,-0.012082408334164407
PF,-19.25,19.25,0.0,1000000000000000.0,81,4,1.0340592520157724e-13,-0.11898352589200893,0.11898353707092843,0.0,1.1178916605260209e-08,0.11898352589201182,0.11898352589200593,0.11898352589201186,-5.88418203051333e-15,4.163336342344337e-17,-1.485811083761187e-17,-0.11898352589200595,-0.11898352589201187,-1.485811083761195e-17,-0.011900783746319662,0.013412393600948078,1.2406742300186124e-14,6.048014278223462e-18,1.1898353707092844e-09,1.2406742300186124e-14,True,1.0427276416224053e-13,2044978.7223580994,2044952.9826132108,2044952.9826132108,2045027.8631243126,2045198.9797172418,0.5000000000000001,3.5895003449142867e-10,0.9999999996410499,0.5000000000000002,37500854213128.32,37500854213128.35,-2.668160082874849e-26,8.017203978306053e-11,4.0680266097656246e-26,7.229527943356641e-11,-7.510202971875e-27,-9.95717177535966e-21,5.0077283705298966e-11,0.11898352589200893,9.05136713955671e-11,0.11898352580149527,1.1898352589200892e-16,1.1898352580149527e-16,1.1898353707092844e-16,1.0,1.0,0.06526672173332437,0.034387981128041256,0.5485357850481866,-0.011876865355519739
PF,-19.5,19.5,0.0,1000000000000000.0,81,4,8.913098550401307e-14,-0.13641498063273155,0.13641499497448503,0.0,1.4341753639322511e-08,0.1364149806327314,0.13641498063273172,0.13641498063273133,3.3306690738754696e-16,-5.551115123125783e-17,-1.5039799327575524e-17,-0.13641498063273175,-0.13641498063273136,-1.5039799327575515e-17,-0.013644251902804865,0.015377760447247604,1.2240208846492351e-14,4.704011105284915e-18,1.3641499497448504e-09,1.2240208846492351e-14,True,8.972773739999588e-14,2069977.0026111773,2069947.852902942,2069947.852902942,2070032.653707642,2070208.1526447104,0.5,3.130846445232514e-10,0.9999999996869154,0.49999999999999994,42246703159951.2,42246703159950.99,2.2234667357290405e-26,8.017127535481443e-11,-3.198094765523437e-25,8.116072072700038e-11,-3.0541492085625e-25,-1.226608117254451e-21,5.734339679220764e-12,0.13641498063273155,9.05514823240209e-11,0.13641498054218007,1.3641498063273155e-16,1.3641498054218008e-16,1.3641499497448503e-16,1.0,1.0,0.07437319185809704,0.03895492956975727,0.5451981267929774,-0.011679034872561778
PF,-19.75,19.75,0.0,1000000000000000.0,81,4,9.686981542211882e-14,-0.15627087549501129,0.15627089386943638,0.0,1.8374424792605855e-08,0.1562708754950116,0.15627087549501076,0.1562708754950117,-8.326672684688674e-16,1.1102230246251565e-16,-1.5221497132610558e-17,-0.15627087549501079,-0.15627087549501173,-1.5221497132610567e-17,-0.01563020479997744,0.017616603343760386,1.5237811012980274e-14,4.032009518815641e-18,1.5627089386943638e-09,1.5237811012980274e-14,True,9.750895151154248e-14,2094975.0628302207,2094942.073328248,2094942.073328248,2095038.0449495756,2095218.608220108,0.4999999999999999,2.733007675595027e-10,0.9999999997266993,0.5,47616230863281.67,47616230863281.57,-2.4458134093019445e-26,8.017052901006473e-11,-1.6459861513359375e-25,9.122390183058359e-11,-1.22666648540625e-25,-6.133040586272255e-21,2.6567540883186763e-11,0.15627087549501129,9.059750675936399e-11,0.15627087540441378,1.562708754950113e-16,1.5627087540441377e-16,1.5627089386943639e-16,1.0,1.0,0.08468599875269239,0.044097462733155846,0.5419179903710994,-0.01148904758373126
PF,-20.0,20.0,0.0,1000000000000000.0,81,4,1.4098359697574153e-13,-0.17887139670944113,0.17887142021894864,0.0,2.350950705838541e-08,0.17887139670944158,0.17887139670944055,0.17887139670944163,-1.0269562977782698e-15,5.551115123125783e-17,-1.5403205267783623e-17,-0.17887139670944058,-0.17887139670944166,-1.5403205267783633e-17,-0.017890665954763324,0.020165074890736705,1.3627987627273797e-14,1.041602459027374e-17,1.7887142021894865e-09,1.3627987627273797e-14,True,7.618873719788425e-14,2119972.8770162333,2119935.5664118403,2119935.5664118403,2120044.1091560265,2120230.4860960916,0.5000000000000001,2.387624150362202e-10,0.9999999997612377,0.5,53681363843615.6,53681363843616.08,-2.2234667357290406e-27,8.016980009213882e-11,7.353740409960937e-25,1.0261939909309744e-10,7.234828862906249e-25,2.886136746481061e-22,1.1514056584997614e-12,0.17887139670944113,9.065319820349825e-11,0.17887139661878793,1.7887139670944113e-16,1.7887139661878792e-16,1.7887142021894864e-16,1.0,1.0,0.09635679596373586,0.049884213983774905,0.538693149297046,-0.011307184537801218
PF,-20.25,20.25,0.0,1000000000000000.0,81,4,1.485621735487954e-13,-0.2045768582470005,0.20457688828704346,0.0,3.004004080197149e-08,0.20457685824700267,0.20457685824699814,0.20457685824700275,-4.524158825347513e-15,8.326672684688674e-17,-1.5584924874739396e-17,-0.20457685824699817,-0.20457685824700278,-1.558492487473944e-17,-0.020461672218553377,0.02306386837047178,1.9761969838327786e-14,3.024007139111731e-18,2.0457688828704346e-09,1.9761969838327786e-14,True,9.659922977516213e-14,2144970.4161738195,2144928.2458290355,2144928.2458290355,2145050.92681374,2145243.9433613224,0.5000000000000002,2.0875253460235887e-10,0.9999999997912475,0.5000000000000002,60522526856465.95,60522526856466.0,-1.1117333678645203e-26,8.016908797314756e-11,9.13741361578125e-26,1.1549807901772202e-10,9.7632638634375e-26,-8.225489727471025e-21,3.027669953070389e-11,0.2045768582470005,9.071996837332788e-11,0.20457685815628054,2.045768582470005e-16,2.0457685815628054e-16,2.0457688828704345e-16,1.0,1.0,0.10955526828945328,0.05639143551444259,0.5355213159337979,-0.011133937376561376
PF,-20.5,20.5,0.0,1000000000000000.0,81,4,1.4549545970284874e-13,-0.23379245475670507,0.233792493091518,0.0,3.833480768056301e-08,0.23379245475671032,0.2337924547566996,0.23379245475671045,-1.071365218763276e-14,1.3877787807814457e-16,-1.5766657234055754e-17,-0.23379245475669963,-0.23379245475671048,-1.576665723405583e-17,-0.023383749132066624,0.026358758177238883,2.220446049250313e-14,1.2096028556446924e-17,2.33792493091518e-09,2.220446049250313e-14,True,9.49750789637681e-14,2169967.6479942948,2169920.015464214,2169920.015464214,2170058.587471589,2170259.156238302,0.5000000000000001,1.826555611888747e-10,0.9999999998173444,0.5,68229521344079.29,68229521344079.51,-2.2234667357290406e-27,8.016839205215234e-11,3.291972302671875e-25,1.3002873555021916e-10,3.4546933670625e-25,-6.6381145169064405e-21,2.2422155297717775e-11,0.23379245475670507,9.079904813915935e-11,0.23379245466590604,2.337924547567051e-16,2.33792454665906e-16,2.3379249309151802e-16,1.0,1.0,0.12447112319839282,0.06370370969414207,0.5324000869757087,-0.010970102205870857
PF,-20.75,20.75,0.0,1000000000000000.0,81,4,1.1411453779246424e-13,-0.26697353500388965,0.26697358386123904,0.0,4.88573549015088e-08,0.26697353500388415,0.2669735350038952,0.2669735350038841,1.1046719095020308e-14,-5.551115123125783e-17,-1.5948403778934407e-17,-0.2669735350038952,-0.2669735350038841,-1.5948403778934333e-17,-0.026702438336489755,0.03010120010818815,2.6756374893466273e-14,1.1424026969977651e-17,2.6697358386123905e-09,2.6756374893466273e-14,True,1.0022105747875431e-13,2194964.5365074337,2194910.7683750526,2194910.7683750526,2195067.1907069935,2195276.321966162,0.5,1.599425910376457e-10,0.9999999998400573,0.49999999999999994,76902493719360.28,76902493719359.95,2.8905067564477526e-26,8.016771175344289e-11,-5.200815558023437e-25,1.4639989883563606e-10,-5.0568700010624995e-25,-2.597523071832955e-21,8.027621726944747e-12,0.26697353500388965,9.089129920564757e-11,0.26697353491299836,2.6697353500388966e-16,2.6697353491299834e-16,2.66973583861239e-16,1.0,1.0,0.14131626422700216,0.07191466120452417,0.5293268648259629,-0.010816929433149103
PF,-21.0,21.0,0.0,1000000000000000.0,81,4,1.0056387275486956e-13,-0.30463144116834845,0.3046315033580077,0.0,6.218965221829963e-08,0.3046314411683555,0.3046314411683413,0.3046314411683556,-1.4210854715202004e-14,1.1102230246251565e-16,-1.6130166110303523e-17,-0.3046314411683413,-0.3046314411683556,-1.61301661103036e-17,-0.030468881577307393,0.03434899691456544,2.653433028854124e-14,3.360007932346368e-18,3.0463150335800773e-09,2.653433028854124e-14,True,8.710304087413337e-14,2219961.0416997974,2219900.385658434,2219900.385658434,2220076.847183347,2220295.6608778667,0.5000000000000001,1.4015878068687639e-10,0.9999999998598412,0.5,86652999171696.44,86652999171696.64,-5.558666839322602e-26,8.016704652492249e-11,3.0165981937031247e-25,1.6482182561004146e-10,2.7537410896875e-25,-3.751977770425379e-21,1.0588726255570136e-11,0.30463144116834845,9.099699197731922e-11,0.30463144107735146,3.0463144116834843e-16,3.0463144107735145e-16,3.0463150335800773e-16,1.0,1.0,0.16032714375581236,0.08112761589856454,0.5262987405003359,-0.010676369834425437
PF,-21.25,21.25,0.0,1000000000000000.0,81,4,1.4502244517858183e-13,-0.34733995685795216,0.3473400359194183,0.0,7.906146585623661e-08,0.34733995685795244,0.3473399568579518,0.34733995685795244,-6.106226635438361e-16,0.0,-1.6311946013389385e-17,-0.3473399568579518,-0.34733995685795244,-1.6311946013389388e-17,-0.03474046558677831,0.0391670342921245,2.853273173286652e-14,8.736020624100557e-18,3.4734003591941834e-09,2.853273173286652e-14,True,8.214639483565326e-14,2244957.119098097,2244888.7352134436,2244888.7352134436,2245087.679803049,2245317.4186802525,0.5,1.2291263226714373e-10,0.9999999998770874,0.49999999999999994,97605165481995.06,97605165481995.53,5.1139734921767934e-26,8.016639583659257e-11,7.191019345570312e-25,1.8552867908102012e-10,7.7605430709375e-25,6.926728191554546e-21,1.780366624955296e-11,0.34733995685795216,9.111558491622385e-11,0.3473399567668366,3.4733995685795217e-16,3.473399567668366e-16,3.473400359194183e-16,1.0,1.0,0.18176727631874612,0.09145609903652441,0.5233123134196835,-0.010551492180595035
PF,-21.5,21.5,0.0,1000000000000000.0,81,4,1.252989026786719e-13,-0.3957423983204198,0.39574249870718403,0.0,1.003867683883264e-07,0.39574239832041563,0.3957423983204242,0.39574239832041536,8.548717289613705e-15,-2.7755575615628914e-16,-1.6493745475789488e-17,-0.3957423983204242,-0.39574239832041536,-1.649374547578945e-17,-0.039581531293636577,0.04462809161539367,3.702593787124897e-14,9.40802221056983e-18,3.9574249870718405e-09,3.702593787124897e-14,True,9.356068148406025e-14,2269952.7193169645,2269875.6703996994,2269875.6703996994,2270099.824957173,2270341.868939653,0.4999999999999999,1.0786687793965112e-10,0.9999999998921331,0.5,109896958625565.48,109896958625564.25,4.2245867978851773e-26,8.016575917913732e-11,-1.8919452986648438e-24,2.0878090097164213e-10,-1.950149371696875e-24,-2.8861367464810613e-21,6.740130431349489e-12,0.3957423983204198,9.124556025016858e-11,0.39574239822917423,3.957423983204198e-16,3.957423982291742e-16,3.95742498707184e-16,1.0,1.0,0.2059298616050118,0.10302395601115322,0.5203634043925663,-0.010447219853674972
PF,-21.75,21.75,0.0,1000000000000000.0,81,4,1.3709206959237928e-13,-0.4505593632627256,0.4505594905714953,0.0,1.2730877570353712e-07,0.4505593632627196,0.4505593632627313,0.45055936326271995,1.1712852909795402e-14,3.3306690738754696e-16,-1.6675566706943646e-17,-0.4505593632627313,-0.45055936326271995,-1.66755667069436e-17,-0.04506414880082952,0.05081372952910386,3.735900477863652e-14,1.3440031729385471e-18,4.5055949057149535e-09,3.735900477863652e-14,True,8.291691898721274e-14,2294947.787572597,2294861.0285954275,2294861.0285954275,2295113.4338686503,2295369.315763958,0.5,9.473072067492469e-11,0.9999999999052694,0.5,123681546292905.17,123681546292905.5,2.8905067564477526e-26,8.016513606261632e-11,4.7564618821875e-25,2.3486776764740593e-10,5.23210807040625e-25,7.0710350288786e-21,1.4994812960535666e-11,0.4505593632627256,9.138437949662112e-11,0.4505593631713412,4.505593632627256e-16,4.505593631713412e-16,4.505594905714953e-16,1.0,1.0,0.23314040207772302,0.11596464191460942,0.5174465811490929,-0.010371690059531924
PF,-22.0,22.0,0.0,1000000000000000.0,81,4,1.2996107824411487e-13,-0.5125971075898805,0.5125972688453955,0.0,1.6125550258188508e-07,0.5125971075898929,0.5125971075898682,0.5125971075898927,-2.4646951146678475e-14,-1.1102230246251565e-16,-1.6857412158849772e-17,-0.5125971075898682,-0.5125971075898927,-1.6857412158849856e-17,-0.05126895516167416,0.05781525159590159,4.3520742565306136e-14,2.1504050767016754e-17,5.125972688453955e-09,4.3520742565306136e-14,True,8.490240820700204e-14,2319942.263167863,2319844.629671891,2319844.629671891,2320128.67401275,2320400.0966497916,0.5,8.325322680284306e-11,0.9999999999167467,0.5,139128743848543.84,139128743848544.33,-1.3340800414374244e-26,8.016452601528512e-11,7.38503292234375e-25,2.641101002073836e-10,7.6353730214062495e-25,-1.8759888852126896e-21,3.6062996565437716e-12,0.5125971075898805,9.152860838504715e-11,0.512597107498352,5.125971075898806e-16,5.12597107498352e-16,5.125972688453955e-16,1.0,1.0,0.2637590667783416,0.1304186826136613,0.5145543408654322,-0.010338899814737623
PF,-22.25,22.25,0.0,1000000000000000.0,81,4,1.119189782179898e-13,-0.5827564247787634,0.5827566287867845,0.0,2.040080236127118e-07,0.5827564247787609,0.5827564247787663,0.5827564247787606,5.440092820663267e-15,-3.3306690738754696e-16,-1.7039284547333898e-17,-0.5827564247787663,-0.5827564247787606,-1.7039284547333883e-17,-0.05828604242356015,0.06573472641885443,5.484501741648273e-14,1.478403490232402e-17,5.8275662878678446e-09,5.484501741648273e-14,True,9.411307346372392e-14,2344936.0789631535,2344826.27442673,2344826.27442673,2345145.7305760784,2345434.5854138206,0.5,7.321769906390117e-11,0.9999999999267822,0.5000000000000006,156426502947142.25,156426502947142.47,2.8905067564477526e-26,8.016392858259755e-11,3.80516950575e-25,2.9686305239751966e-10,4.0805436147187497e-25,2.453216234508902e-21,4.264684350201507e-12,0.5827564247787634,9.167422022819077e-11,0.5827564246870892,5.827564247787634e-16,5.827564246870892e-16,5.827566287867844e-16,1.0,1.0,0.2981822630383786,0.14652696665350118,0.5116756339468714,-0.010374200201430928
PF,-22.5,22.5,0.0,1000000000000000.0,81,4,1.1191604186893369e-13,-0.662041690111949,0.6620419478957555,0.0,2.5778381820921047e-07,0.6620416901119374,0.6620416901119609,0.6620416901119373,2.353672812205332e-14,-1.1102230246251565e-16,-1.722118687264129e-17,-0.6620416901119609,-0.6620416901119373,-1.7221186872641233e-17,-0.06621586215581425,0.07468603251155467,5.995204332975845e-14,1.6128038075262565e-17,6.6204194789575555e-09,5.995204332975845e-14,True,9.055626085372832e-14,2369929.160866156,2369805.7430744655,2369805.7430744655,2370164.807862398,2370473.1950226002,0.5,6.443688894219594e-11,0.9999999999355631,0.5,175782350028917.47,175782350028916.78,-8.004480248624546e-26,8.016334332651385e-11,-1.0839726289406249e-24,3.335188000048578e-10,-1.0113740002124999e-24,5.19504614366591e-21,8.164879178752055e-12,0.662041690111949,9.181703048826072e-11,0.662041690020132,6.62041690111949e-16,6.62041690020132e-16,6.620419478957556e-16,1.0,1.0,0.3368422106948912,0.1644138961370012,0.5087930500036155,-0.010526647668066075
PF,-22.75,22.75,0.0,1000000000000000.0,81,4,1.2266125912325737e-13,-0.7515692343223973,0.7515695596597848,0.0,3.2533738850471176e-07,0.7515692343223963,0.7515692343223992,0.7515692343223954,2.886579864025407e-15,-8.881784197001252e-16,-1.7403122436096167e-17,-0.7515692343223992,-0.7515692343223954,-1.7403122436096155e-17,-0.07517006290265753,0.08479583133702098,7.027711745877241e-14,3.4944082496402226e-17,7.515695596597847e-09,7.027711745877241e-14,True,9.35071365724085e-14,2394921.427417448,2394782.794022291,2394782.794022291,2395186.1304336577,2395516.379889607,0.5,5.674893691507724e-11,0.9999999999432511,0.5,197424559049641.66,197424559049640.62,-2.668160082874849e-26,8.01627698254183e-11,-1.5721358221125e-24,3.745087233997753e-10,-1.709822876596875e-24,6.6381145169064405e-21,9.419886460974708e-12,0.7515692343223973,9.195316779328668e-11,0.7515692342304441,7.515692343223973e-16,7.51569234230444e-16,7.515695596597848e-16,1.0,1.0,0.3802016702252071,0.184143440003939,0.5058771074024975,-0.010899702630290553
PF,-23.0,23.0,0.0,1000000000000000.0,81,4,1.087629885936449e-13,-0.852572951852596,0.8525733619315367,0.0,4.100789389103227e-07,0.8525729518525977,0.852572951852594,0.852572951852598,-3.774758283725532e-15,2.220446049250313e-16,-1.7585094845348637e-17,-0.852572951852594,-0.852572951852598,-1.7585094845348643e-17,-0.0852720510468528,0.09620422948872488,7.205347429817266e-14,2.6880063458770943e-18,8.525733619315366e-09,7.205347429817266e-14,True,8.451293169063227e-14,2419912.78965876,2419757.163483993,2419757.163483993,2420209.943472017,2420564.6365929567,0.5000000000000001,5.0013966203638023e-11,0.9999999999499861,0.5,221602533517635.78,221602533517637.2,-1.3340800414374244e-26,8.01622076754429e-11,2.3531969311875e-24,4.203040915579235e-10,2.3582037331687498e-24,-2.8861367464810613e-21,3.696663852336095e-12,0.852572951852596,9.207947268521384e-11,0.8525729517605165,8.52572951852596e-16,8.525729517605165e-16,8.525733619315366e-16,1.0,1.0,0.42873661552551745,0.2055926868730582,0.5028738181761453,-0.011738270546246349
PF,-23.25,23.25,0.0,1000000000000000.0,81,4,1.0999180534486851e-13,-0.9664015080267356,0.9664020242333513,0.0,5.162065953331522e-07,0.966401508026756,0.9664015080267153,0.966401508026756,-4.063416270128073e-14,0.0,-1.7767107987942326e-17,-0.9664015080267153,-0.966401508026756,-1.7767107987942394e-17,-0.09665671142092103,0.10906448336101028,8.459899447643693e-14,4.300810153403351e-17,9.664020242333513e-09,8.459899447643693e-14,True,8.75401668819449e-14,2444903.151778865,2444728.567396744,2444728.567396744,2445236.511001477,2445618.50024108,0.5000000000000002,4.411132154091348e-11,0.9999999999558885,0.5,248585005528227.44,248585005528228.5,-6.00336018646841e-26,8.01616564955569e-11,1.7648976983906248e-24,4.71412621620861e-10,1.799945312259375e-24,3.751977770425379e-21,4.3266677817285215e-12,0.9664015080267356,9.219374267283751e-11,0.9664015079345419,9.664015080267356e-16,9.664015079345419e-16,9.664020242333514e-16,1.0,1.0,0.48288732948598057,0.22802345223641352,0.4996756788159817,-0.013724732222819364
PF,-23.5,23.5,0.0,1000000000000000.0,81,4,1.2130086979177799e-13,-1.0944900331686553,1.0944906819969389,0.0,6.488282716764824e-07,1.094490033168667,1.0944900331686436,1.094490033168667,-2.353672812205332e-14,0.0,-1.794916591263598e-17,-1.0944900331686436,-1.094490033168667,-1.7949165912636016e-17,-0.10946757618762112,0.12353977335072294,1.0480505352461478e-13,3.225607615052513e-17,1.0944906819969389e-08,1.0480505352461478e-13,True,9.575691712001975e-14,2469892.4140282054,2469696.71004868,2469696.71004868,2470266.1078693783,2470678.528132339,0.5000000000000001,3.8937619654212854e-11,0.9999999999610625,0.5,278651851682297.62,278651851682296.97,-5.558666839322602e-26,8.016111594458311e-11,-1.0614420200249999e-24,5.28363003802782e-10,-1.23668008936875e-24,-3.463364095777273e-21,3.599263492567565e-12,1.0944900331686553,9.229479575511076e-11,1.0944900330763605,1.0944900331686554e-15,1.0944900330763605e-15,1.094490681996939e-15,1.0,1.0,0.5429263144354701,0.248198088864231,0.49605414213725524,-0.019299178291671215
PF,-23.75,23.75,0.0,1000000000000000.0,81,4,1.2954925268901635e-13,-1.2382438963916353,1.2382447103608145,0.0,8.139691549403489e-07,1.2382438963916595,1.238243896391612,1.2382438963916589,-4.75175454539567e-14,-6.661338147750939e-16,-1.8131272397892322e-17,-1.238243896391612,-1.2382438963916589,-1.813127239789238e-17,-0.12384520023663095,0.13978981376426225,1.0480505352461478e-13,6.182414595517316e-17,1.2382447103608145e-08,1.0480505352461478e-13,True,8.464001715305162e-14,2494880.4833172713,2494661.3154125074,2494661.3154125074,2495298.9906079923,2495745.2403622256,0.5,3.4406430763803586e-11,0.9999999999655936,0.4999999999999995,312064250963261.5,312064250963261.2,2.8905067564477526e-26,8.016058578536772e-11,-5.23210807040625e-25,5.916486697905446e-10,-5.9580943576875e-25,-4.617818794369698e-21,4.324760466315968e-12,1.2382438963916353,9.238237776098281e-11,1.238243896299253,1.2382438963916353e-15,1.238243896299253e-15,1.2382447103608144e-15,1.0,1.0,0.6087547739973651,0.24744174499253813,0.4916275184693049,-0.04186481682571594
PF,-24.0,24.0,0.0,1000000000000000.0,81,4,1.1417992046766786e-13,-1.3985331154642504,1.3985341333942891,0.0,1.0179300266337775e-06,1.3985331154642624,1.3985331154642393,1.3985331154642615,-2.3092638912203256e-14,-8.881784197001252e-16,-1.8313429145933187e-17,-1.3985331154642393,-1.3985331154642615,-1.8313429145933212e-17,-0.13987659378599235,0.15791209579372165,1.3367085216486885e-13,2.4192057112893847e-17,1.3985341333942892e-08,1.3367085216486885e-13,True,9.557925614618016e-14,2519867.3175670514,2519622.2580883615,2519622.2580883615,2520335.2756057885,2520818.871232905,0.5,3.0453834883222175e-11,0.9999999999695462,0.5,348939497640113.0,348939497640115.1,-2.2234667357290405e-26,8.016006620797865e-11,3.432162758146875e-24,6.614925602660278e-10,3.2994825056437498e-24,-1.2987615359164776e-21,1.0994268459572031e-12,1.3985331154642504,9.245697070197466e-11,1.3985331153717935,1.3985331154642505e-15,1.3985331153717934e-15,1.3985341333942891e-15,1.0,1.0,0.682955587834535,0.046266976127872006,0.4883370871436065,-0.20539060757766286
PF,-24.25,24.25,0.0,1000000000000000.0,81,4,1.1250303587301412e-13,-1.572481844398427,1.5724831061916573,0.0,1.2617931938946272e-06,1.5724818443984634,1.5724818443983912,1.5724818443984625,-7.216449660063518e-14,-8.881784197001252e-16,-1.8495624478919045e-17,-1.5724818443983912,-1.5724818443984625,-1.8495624478919116e-17,-0.15727411834619623,0.17756398968765383,1.4477308241112041e-13,8.332819672218992e-17,1.5724831061916572e-08,1.4477308241112041e-13,True,9.206654229929462e-14,2544853.20312355,2544580.3805773864,2544580.3805773864,2545374.1781623783,2545897.813301572,0.4999999999999999,2.7083231228400028e-11,0.9999999999729168,0.5,388465114969707.75,388465114969707.5,-8.893866942916162e-27,8.015956058073047e-11,-4.53115579303125e-25,7.363762133605156e-10,-5.8579583180625e-25,2.1646025598607958e-21,1.6535990695021372e-12,1.572481844398427,9.251956452119184e-11,1.5724818443059074,1.572481844398427e-15,1.5724818443059074e-15,1.5724831061916573e-15,1.0,1.0,0.6824537866249152,-0.6145622402171225,0.43399787990948147,-0.5791772668450337
PF,-24.5,24.5,0.0,1000000000000000.0,81,4,1.1480042016565418e-13,-1.7195268537185586,1.7195283327520317,0.0,1.4790334727290898e-06,1.7195268537185588,1.7195268537185582,1.719526853718559,-6.661338147750939e-16,2.220446049250313e-16,-1.8677714560767253e-17,-1.7195268537185582,-1.719526853718559,-1.867771456076725e-17,-0.17198077963398145,0.1939715343454483,1.5210055437364645e-13,8.064019037631282e-17,1.7195283327520318e-08,1.5210055437364645e-13,True,8.845481140180808e-14,2569841.66996916,2569546.0827398268,2569546.0827398268,2570406.015177909,2570962.267715032,0.5000000000000001,2.482192908537905e-11,0.9999999999751781,0.5,420642545922492.3,420642545922487.44,-1.7787733885832325e-26,8.015910216489715e-11,-7.808107689759374e-24,7.975826402007644e-10,-7.6604070313125e-24,-3.607670933101326e-21,2.551031794543538e-12,1.7195268537185586,9.257144085462453e-11,1.7195268536259871,1.7195268537185587e-15,1.719526853625987e-15,1.7195283327520317e-15,1.0,1.0,0.3741247548253108,-1.0042845509630318,0.21757424377315737,-0.6313855810286247
PF,-24.75,24.75,0.0,1000000000000000.0,81,4,1.4082810522374407e-13,-1.7588324425506658,1.758833959806964,0.0,1.5172562985314324e-06,1.7588324425506654,1.758832442550666,1.7588324425506658,6.661338147750939e-16,4.440892098500626e-16,-1.885941662009717e-17,-1.758832442550666,-1.7588324425506658,-1.885941662009717e-17,-0.17591170556479396,0.19824110953289778,1.8540724511240114e-13,1.6128038075262565e-17,1.758833959806964e-08,1.8540724511240114e-13,True,1.0541486538771972e-13,2594839.6833604868,2594540.121737481,2594540.121737481,2595411.5336448783,2595973.31136369,0.5000000000000001,2.4308542038756054e-11,0.9999999999756914,0.5,426103481158391.7,426103481158394.0,-2.4458134093019445e-26,8.015864677898547e-11,3.72005387206875e-24,8.08122461744907e-10,3.66998585225625e-24,3.463364095777273e-21,2.421945284120985e-12,1.7588324425506658,9.261399667910886e-11,1.758832442458052,1.7588324425506658e-15,1.758832442458052e-15,1.758833959806964e-15,1.0,1.0,0.06061573913846274,-0.7289917999310864,0.0344636235238812,-0.4156625840507331
PF,-25.0,25.0,0.0,1000000000000000.0,81,4,1.2387207803904046e-13,-1.7669636362056613,1.7669651383709801,0.0,1.5021653443951644e-06,1.7669636362056358,1.766963636205686,1.7669636362056367,5.0182080713057076e-14,8.881784197001252e-16,-1.904100762489423e-17,-1.766963636205686,-1.7669636362056367,-1.9041007624894185e-17,-0.17672468289267268,0.19913592776178834,1.7252865802674933e-13,6.451215230105026e-17,1.7669651383709803e-08,1.7252865802674933e-13,True,9.764123483828823e-14,2619840.4352344093,2619542.343771961,2619542.343771961,2620409.4691767213,2620969.0685266485,0.5000000000000001,2.4202102026323336e-11,0.9999999999757979,0.5,423981764137513.6,423981764137510.8,4.446933471458081e-27,8.015817534266188e-11,-4.4760809712375e-24,8.041160501206967e-10,-4.6262850306749995e-24,1.4430683732405306e-22,1.0475241160607358e-13,1.7669636362056613,9.264861717444274e-11,1.7669636361130128,1.7669636362056612e-15,1.7669636361130127e-15,1.7669651383709802e-15,1.0,1.0,0.012701783366502184,-0.18342577807348626,0.007188480343853434,-0.10386013658846498
PF,-25.25,25.25,0.0,1000000000000000.0,81,4,1.345982629641201e-13,-1.7701288868793985,1.770130366047452,0.0,1.479168088850601e-06,1.7701288868793632,1.770128886879433,1.770128886879364,6.972200594645983e-14,8.881784197001252e-16,-1.922258199162807e-17,-1.770128886879433,-1.770128886879364,-1.9222581991628e-17,-0.1770409893869001,0.19948705824459478,1.8740564655672642e-13,1.0214424114332958e-16,1.770130366047452e-08,1.8740564655672642e-13,True,1.0587109862150267e-13,2644841.5977041316,2644545.790956066,2644545.790956066,2645406.2686205385,2645962.535504419,0.5000000000000002,2.4160243978042328e-11,0.9999999999758398,0.4999999999999999,420720706265760.8,420720706265759.4,-7.559786901478739e-26,8.015771006368813e-11,-2.24805408958125e-24,7.97930851905112e-10,-2.543455406475e-24,7.215341866202652e-21,5.113831338174362e-12,1.7701288868793985,9.267659482073409e-11,1.770128886786722,1.7701288868793984e-15,1.770128886786722e-15,1.770130366047452e-15,1.0,1.0,0.008217025247953202,-0.03592250700018873,0.0046420491238179816,-0.020315272579004118
PF,-25.5,25.5,0.0,1000000000000000.0,81,4,1.28587140119522e-13,-1.771793058248539,1.771794512566506,0.0,1.4543179403758517e-06,1.7717930582485657,1.7717930582485117,1.7717930582485666,-5.395683899678261e-14,8.881784197001252e-16,-1.9404152115262916e-17,-1.7717930582485117,-1.7717930582485666,-1.9404152115260768e-17,-0.17720716833677785,0.19967229315684396,1.6342482922482304e-13,2.6880063458770944e-17,1.771794512566506e-08,1.6342482922482304e-13,True,9.223689771343546e-14,2669842.865248351,2669549.551443787,2669549.551443787,2670402.777294555,2670955.4184450326,0.5000000000000001,2.4138149067167258e-11,0.9999999999758619,0.5,417167947351472.4,417167947351474.25,5.1139734921767934e-26,8.015725293943638e-11,2.903945149125e-24,7.911894798562693e-10,2.9389927629937497e-24,-9.95717177535966e-21,7.113341987126087e-12,1.771793058248539,9.269908575912417e-11,1.7717930581558399,1.771793058248539e-15,1.7717930581558398e-15,1.771794512566506e-15,1.0,1.0,0.00498558528545523,-0.012765744216066466,0.002813864329418045,-0.007212903853435474
PF,-25.75,25.75,0.0,1000000000000000.0,81,4,1.5735903780668226e-13,-1.7728167431495248,1.7728181722531797,0.0,1.4291037024614736e-06,1.7728167431494772,1.7728167431495725,1.7728167431494772,9.525713551283843e-14,0.0,-1.9585721041175032e-17,-1.7728167431495725,-1.7728167431494772,-1.958572104117272e-17,-0.17730929305105014,0.19978639977512475,1.8673951274195133e-13,8.064019037631282e-17,1.7728181722531796e-08,1.8673951274195133e-13,True,1.0533483673884785e-13,2694844.1627938743,2694553.4015203877,2694553.4015203877,2695399.20272193,2695948.136537845,0.5000000000000001,2.412454400259501e-11,0.9999999999758755,0.4999999999999999,413532265101203.25,413532265101202.75,-5.1139734921767934e-26,8.015680411573713e-11,-9.68816183371875e-25,7.842904014420033e-10,-9.162447625687499e-25,6.926728191554546e-21,4.988595100894953e-12,1.7728167431495248,9.271709299084171e-11,1.7728167430568076,1.7728167431495247e-15,1.7728167430568077e-15,1.7728181722531796e-15,1.0,1.0,0.003284058295910164,-0.006076162586345468,0.0018524522113027733,-0.003430837491364372
PF,-26.0,26.0,0.0,1000000000000000.0,81,4,1.400314103023944e-13,-1.7735097305100613,1.7735111345550343,0.0,1.4040450272152673e-06,1.7735097305100072,1.7735097305101164,1.7735097305100063,1.092459456231154e-13,-8.881784197001252e-16,-1.9767289844034412e-17,-1.7735097305101164,-1.7735097305100063,-1.976728984403431e-17,-0.17737834738409755,0.19986367566760674,1.9562129693895258e-13,2.1504050767016754e-17,1.7735111345550342e-08,1.9562129693895258e-13,True,1.1030170215877052e-13,2719845.4638213874,2719557.262216384,2719557.262216384,2720395.618189407,2720940.8377084546,0.5,2.4115340192314485e-11,0.9999999999758845,0.5,409887479988051.8,409887479988052.9,-6.670400207187122e-27,8.015636346569988e-11,1.72734668353125e-24,7.773742447409177e-10,1.5521086141875e-24,4.473511957045645e-21,3.2472266164722677e-12,1.7735097305100613,9.273146705439744e-11,1.77350973041733,1.7735097305100612e-15,1.77350973041733e-15,1.7735111345550342e-15,1.0,1.0,0.0023171079022850094,-0.003390074804793919,0.00130650983332342,-0.0019132131450187672
PF,-26.25,26.25,0.0,1000000000000000.0,81,4,1.4499594735656441e-13,-1.774010090083653,1.7740114694431302,0.0,1.379359519223404e-06,1.7740100900836109,1.7740100900836953,1.774010090083611,8.43769498715119e-14,2.220446049250313e-16,-1.9948858985998184e-17,-1.7740100900836953,-1.774010090083611,-1.994885898599811e-17,-0.17742814045127148,0.1999194580028483,1.794120407794253e-13,3.763208884227932e-17,1.77401146944313e-08,1.794120407794253e-13,True,1.0113352921880686e-13,2744846.756902531,2744561.0995092057,2744561.0995092057,2745392.0552851516,2745933.5855697454,0.4999999999999999,2.4108706698462763e-11,0.9999999999758913,0.5,406265406962346.94,406265406962344.94,1.1117333678645203e-26,8.015593080266529e-11,-3.1743124561124997e-24,7.705015237264336e-10,-3.06916961450625e-24,4.617818794369698e-21,3.383528058953378e-12,1.774010090083653,9.274291687404322e-11,1.7740100899909101,1.774010090083653e-15,1.7740100899909101e-15,1.7740114694431302e-15,1.0,1.0,0.001720697142992833,-0.002091791725998604,0.0009699477769044987,-0.0011800726073536046
PF,-26.5,26.5,0.0,1000000000000000.0,81,4,1.3112652371076364e-13,-1.774388510014555,1.7743898651613272,0.0,1.3551467849000005e-06,1.7743885100145422,1.7743885100145669,1.7743885100145436,2.4646951146678475e-14,1.3322676295501878e-15,-2.013042868984777e-17,-1.7743885100145669,-1.7743885100145436,-2.0130428689847747e-17,-0.1774657421028129,0.19996161687199934,1.9673151996357774e-13,1.2364829191034633e-16,1.7743898651613272e-08,1.9673151996357774e-13,True,1.1087277031177754e-13,2769848.036508347,2769564.896937688,2769564.896937688,2770388.5293007176,2770926.410786639,0.5000000000000001,2.4103703060262022e-11,0.9999999999758963,0.5,402681427092163.94,402681427092160.7,-1.3340800414374244e-26,8.015550592615206e-11,-5.094421015921875e-24,7.63701447063799e-10,-5.3622849219187494e-24,7.503955540850758e-21,5.544551280277649e-12,1.774388510014555,9.275202560899476e-11,1.774388509921803,1.7743885100145552e-15,1.774388509921803e-15,1.7743898651613272e-15,1.0,1.0,0.0013282258857882923,-0.0013843848693682048,0.0007485541516760762,-0.0007807642523735846
PF,-26.75,26.75,0.0,1000000000000000.0,81,4,1.3628970966692352e-13,-1.7746848877563695,1.7746862192093418,0.0,1.3314530444460914e-06,1.7746848877562973,1.774684887756441,1.7746848877562982,1.4366285938649526e-13,8.881784197001252e-16,-2.031199906969659e-17,-1.774684887756441,-1.7746848877562982,-2.031199906969646e-17,-0.1774951426177529,0.19999460158597193,2.8466118351389014e-13,2.6880063458770944e-17,1.774686219209342e-08,2.8466118351389014e-13,True,1.6040085308191122e-13,2794849.299790578,2794568.646017936,2794568.646017936,2795385.048123006,2795919.329064362,0.4999999999999999,2.4099797208831144e-11,0.9999999999759003,0.5,399143451087731.06,399143451087726.0,0.0,8.015508863494016e-11,-7.90574032839375e-24,7.569890071707941e-10,-7.94579474424375e-24,9.091330751415343e-21,6.77450768027486e-12,1.7746848877563695,9.275926813764162e-11,1.77468488766361,1.7746848877563695e-15,1.7746848876636101e-15,1.7746862192093418e-15,1.0,1.0,0.0010565986324442278,-0.0009649456125506717,0.0005953725305201929,-0.0005440823264255113
PF,-27.0,27.0,0.0,1000000000000000.0,81,4,1.8419885706750023e-13,-1.7749234342343263,1.7749247425322128,0.0,1.3082977992348695e-06,1.7749234342344136,1.7749234342342393,1.7749234342344133,-1.7430501486614958e-13,-2.220446049250313e-16,-2.049357018483336e-17,-1.7749234342342393,-1.7749234342344133,-2.049357018483352e-17,-0.1775187633685705,0.20002111547312978,3.4505731605349865e-13,2.2579253305367593e-16,1.7749247425322128e-08,3.4505731605349865e-13,True,1.9440673048549622e-13,2819850.5452548335,2819572.342294471,2819572.342294471,2820381.6158987144,2820912.3485630415,0.5000000000000001,2.409666569376136e-11,0.9999999999759033,0.4999999999999999,395655616691067.8,395655616691065.0,-7.559786901478739e-26,8.015467873146686e-11,-4.4911013771812495e-24,7.503720232981679e-10,-4.666339446525e-24,-1.2410388009868562e-20,9.312714888818988e-12,1.7749234342343263,9.276502816534073e-11,1.7749234341415612,1.7749234342343263e-15,1.7749234341415612e-15,1.7749247425322127e-15,1.0,1.0,0.0008609449058845087,-0.0007000469440319179,0.0004850603070103152,-0.00039464494116111767
PF,-27.25,27.25,0.0,1000000000000000.0,81,4,1.545454135839973e-13,-1.7751196879444087,1.7751209736305507,0.0,1.2856861973746042e-06,1.7751196879443534,1.775119687944464,1.7751196879443534,1.1057821325266559e-13,0.0,-2.067514206469722e-17,-1.775119687944464,-1.7751196879443534,-2.0675142064697114e-17,-0.1775381583462174,0.2000428952012165,2.3070434451710753e-13,1.397763299856089e-16,1.7751209736305507e-08,2.3070434451710753e-13,True,1.2996542091734824e-13,2844851.7721453863,2844575.9835096286,2844575.9835096286,2845378.234733289,2845905.4733343692,0.5,2.4094100640400477e-11,0.9999999999759059,0.5,392220003739076.2,392220003739071.5,4.2245867978851773e-26,8.015427602342202e-11,-7.370012516399999e-24,7.438544062098773e-10,-7.640379823387499e-24,-5.772273492962122e-22,4.3109522224411604e-13,1.7751196879444087,9.276961388177741e-11,1.775119687851639,1.7751196879444087e-15,1.775119687851639e-15,1.7751209736305506e-15,1.0,1.0,0.0007153898602076936,-0.0005243291222045698,0.0004030093661309695,-0.00029553918792574126
PF,-27.5,27.5,0.0,1000000000000000.0,81,4,1.7885054034791577e-13,-1.7752840768011513,1.7752853404164213,0.0,1.263615292658949e-06,1.7752840768011287,1.7752840768011748,1.775284076801128,4.618527782440651e-14,-6.661338147750939e-16,-2.085671472154586e-17,-1.7752840768011748,-1.775284076801128,-2.085671472154582e-17,-0.17755437040350852,0.20006110714890818,2.8332891588433995e-13,2.1504050767016754e-17,1.7752853404164212e-08,2.8332891588433995e-13,True,1.5959626851753346e-13,2869852.9801333873,2869579.5686760806,2869579.5686760806,2870374.90555187,2870898.7050628043,0.49999999999999983,2.4091962393797302e-11,0.9999999999759079,0.5,388837503529645.44,388837503529643.8,8.893866942916162e-27,8.015388032430533e-11,-2.7837819015749998e-24,7.37437811984697e-10,-2.68865266393125e-24,5.772273492962123e-21,4.40651144078558e-12,1.7752840768011513,9.277327169876851e-11,1.775284076708378,1.7752840768011513e-15,1.7752840767083779e-15,1.7752853404164213e-15,1.0,1.0,0.0006041865504808897,-0.0004030865565169961,0.0003403323211241409,-0.0002271705052837925
PF,-27.75,27.75,0.0,1000000000000000.0,81,4,1.5220774555704794e-13,-1.7754238587102957,1.7754251007877293,0.0,1.2420774352596477e-06,1.775423858710294,1.775423858710297,1.7754238587102944,3.1086244689504383e-15,4.440892098500626e-16,-2.10382881572736e-17,-1.775423858710297,-1.7754238587102944,-2.1038288157273593e-17,-0.1775681253439819,0.2000765636285858,2.717825964282383e-13,6.451215230105026e-17,1.7754251007877293e-08,2.717825964282383e-13,True,1.53080294013897e-13,2894854.1691474877,2894583.0975729623,2894583.0975729623,2895371.6285670768,2895892.0440101447,0.5000000000000002,2.409015367095436e-11,0.9999999999759098,0.4999999999999999,385508291158846.9,385508291158847.5,-8.893866942916162e-27,8.015349145355786e-11,9.112379605875e-25,7.311225399686839e-10,9.0623115860625e-25,1.5873752105645836e-21,1.220344856368114e-12,1.7754238587102957,9.277619796434963e-11,1.7754238586175195,1.7754238587102957e-15,1.7754238586175195e-15,1.7754251007877293e-15,1.0,1.0,0.0005173145915771116,-0.0003166815153576863,0.0002913752617811119,-0.0001784544273720305
PF,-28.0,28.0,0.0,1000000000000000.0,81,4,1.4915337935006696e-13,-1.7755442407099393,1.775545461772193,0.0,1.221062209745527e-06,1.7755442407099833,1.7755442407098938,1.7755442407099848,-8.948397578478762e-14,1.5543122344752192e-15,-2.1219862367396805e-17,-1.7755442407098938,-1.7755442407099848,-2.121986236739688e-17,-0.177579943854351,0.20008984771178354,3.090860900556436e-13,7.526417768455864e-17,1.775545461772193e-08,3.090860900556436e-13,True,1.7407951342858947e-13,2919855.339276538,2919586.5704564955,2919586.5704564955,2920368.4035477126,2920885.489557833,0.5000000000000001,2.4088604631904867e-11,0.9999999999759114,0.5,382232096801000.7,382232096801000.7,5.336320165749698e-26,8.015310923650754e-11,2.102856832125e-25,7.249080481452421e-10,1.902584752875e-25,-4.3292051197215916e-21,3.3570320661496544e-12,1.7755442407099393,9.277854875169443e-11,1.7755442406171609,1.7755442407099394e-15,1.7755442406171609e-15,1.775545461772193e-15,1.0,1.0,0.0004481547090797733,-0.0002534147328194791,0.00025240413549143634,-0.00014278880983177705
PF,-28.25,28.25,0.0,1000000000000000.0,81,4,1.3766528758226071e-13,-1.7756490554399487,1.7756502559976115,0.0,1.2005575910723377e-06,1.7756490554400204,1.7756490554398752,1.775649055440022,-1.4521717162097048e-13,1.5543122344752192e-15,-2.14014373433889e-17,-1.7756490554398752,-1.775649055440022,-2.140143734338904e-17,-0.17759020916239138,0.20010138874500694,2.913225216616411e-13,2.1504050767016754e-17,1.7756502559976117e-08,2.913225216616411e-13,True,1.640652604180589e-13,2944856.4907111083,2944589.9878859837,2944589.9878859837,2945365.2299804534,2945879.040532191,0.5,2.4087263844599493e-11,0.9999999999759127,0.5,379008368717178.7,379008368717174.6,-3.112853430020657e-26,8.015273350422773e-11,-6.466284758784375e-24,7.187932625729907e-10,-6.45376775383125e-24,-1.1544546985924245e-20,9.018020969360705e-12,1.7756490554399487,9.278044792037048e-11,1.7756490553471682,1.7756490554399487e-15,1.7756490553471682e-15,1.7756502559976116e-15,1.0,1.0,0.0003921933247559295,-0.00020601231922068308,0.00022087322017539626,-0.00011606963864994005
PF,-28.5,28.5,0.0,1000000000000000.0,81,4,1.7300134614957797e-13,-1.7757411865111075,1.7757423670618107,0.0,1.1805506578224104e-06,1.7757411865111528,1.7757411865110622,1.775741186511153,-9.059419880941277e-14,2.220446049250313e-16,-2.158301307418069e-17,-1.7757411865110622,-1.775741186511153,-2.1583013074180768e-17,-0.1775992095807136,0.20011150986915266,2.347011474057581e-13,5.3760126917541886e-18,1.7757423670618107e-08,2.347011474057581e-13,True,1.3217072012203025e-13,2969857.6237069913,2969593.3506153906,2969593.3506153906,2970362.107170603,2970872.6954068826,0.5,2.4086092597548942e-11,0.9999999999759139,0.5,375836374913858.1,375836374913861.1,-5.1139734921767934e-26,8.015236409336e-11,4.5361625950124995e-24,7.127767701894304e-10,4.4710741692562496e-24,0.0,3.522164422265952e-15,1.7757411865111075,9.278199368339437e-11,1.7757411864183255,1.7757411865111076e-15,1.7757411864183255e-15,1.7757423670618107e-15,1.0,1.0,0.0003462676513388274,-0.00016978603301964768,0.00019499894127997908,-9.565220210252223e-05
PF,-28.75,28.75,0.0,1000000000000000.0,81,4,1.6923586180245122e-13,-1.775822845145348,1.7758240061733837,0.0,1.16102804400774e-06,1.7758228451453397,1.7758228451453568,1.775822845145339,1.709743457922741e-14,-6.661338147750939e-16,-2.1764589547055874e-17,-1.7758228451453568,-1.775822845145339,-2.1764589547055855e-17,-0.1776071661752038,0.20012045894316333,2.1938006966593093e-13,6.451215230105026e-17,1.7758240061733835e-08,2.1938006966593093e-13,True,1.2353705598262514e-13,2994858.738561722,2994596.6595232394,2994596.6595232394,2995359.0343071283,2995866.45243312,0.5,2.4085061197687306e-11,0.9999999999759149,0.5,372715268519100.3,372715268519093.8,4.2245867978851773e-26,8.015200084591925e-11,-9.96854274466875e-24,7.068569426699353e-10,-9.988569952593749e-24,-2.8861367464810613e-21,2.2835009147609753e-12,1.775822845145348,9.278326391442044e-11,1.7758228450525646,1.775822845145348e-15,1.7758228450525646e-15,1.7758240061733837e-15,1.0,1.0,0.00030810839276718127,-0.00014161963415304513,0.00017350176208486676,-7.97788427470702e-05
PF,-29.0,29.0,0.0,1000000000000000.0,81,4,2.13402452692885e-13,-1.775895755399095,1.7758968973753322,0.0,1.141976230903136e-06,1.7758957553991013,1.7758957553990893,1.7758957553991008,-1.199040866595169e-14,-4.440892098500626e-16,-2.1946166748320883e-17,-1.7758957553990893,-1.7758957553991008,-2.1946166748320896e-17,-0.17761425129027167,0.2001284292600095,2.666755705149626e-13,2.6880063458770944e-17,1.775896897375332e-08,2.666755705149626e-13,True,1.501638810840274e-13,3019859.8355990723,3019599.915566609,3019599.915566609,3020356.010505523,3020860.309724801,0.5,2.408414648968522e-11,0.9999999999759159,0.5,369644130905018.0,369644130905017.2,-6.00336018646841e-26,8.015164360909516e-11,-1.30677531710625e-24,7.010320180227099e-10,-1.1715916636125e-24,6.060887167610228e-21,4.8503604266177086e-12,1.775895755399095,9.278432041118385e-11,1.7758957553063108,1.775895755399095e-15,1.7758957553063108e-15,1.7758968973753323e-15,1.0,1.0,0.0002760532566083995,-0.000119385786031323,0.00015544451625809825,-6.724983526730634e-05
PF,-29.25,29.25,0.0,1000000000000000.0,81,4,1.8509595649964305e-13,-1.775961281365531,1.7759624047472578,0.0,1.1233817380121769e-06,1.7759612813655197,1.7759612813655428,1.7759612813655192,2.3092638912203256e-14,-4.440892098500626e-16,-2.212774466369249e-17,-1.7759612813655428,-1.7759612813655192,-2.2127744663692472e-17,-0.17762060127101686,0.20013557378009506,3.2085445411667024e-13,6.988816499280445e-17,1.7759624047472578e-08,3.2085445411667024e-13,True,1.80665116141539e-13,3044860.915158593,3044603.1197499936,3044603.1197499936,3045353.0348367793,3045854.2653161674,0.5000000000000002,2.408333015118097e-11,0.9999999999759167,0.4999999999999999,366622000727557.44,366622000727551.8,2.668160082874849e-26,8.015129223505538e-11,-8.9721891504e-24,6.953001554541569e-10,-8.88707351671875e-24,4.329205119721591e-22,3.562237965962759e-13,1.775961281365531,9.278521230577692e-11,1.7759612812727459,1.775961281365531e-15,1.775961281272746e-15,1.7759624047472578e-15,1.0,1.0,0.0002488621180622985,-0.00010159794666009248,0.00014012812142162864,-5.722693411894329e-05
PF,-29.5,29.5,0.0,1000000000000000.0,81,4,2.0987283670325732e-13,-1.7760205165027352,1.7760216217339586,0.0,1.1052312487706468e-06,1.7760205165027099,1.7760205165027598,1.7760205165027103,4.9960036108132044e-14,4.440892098500626e-16,-2.2309323278612164e-17,-1.7760205165027598,-1.7760205165027103,-2.2309323278612118e-17,-0.17762632539742457,0.20014201513092764,3.2018832030189515e-13,5.376012691754189e-17,1.7760216217339586e-08,3.2018832030189515e-13,True,1.8028402153645525e-13,3069861.9775884454,3069606.273103837,3069606.273103837,3070350.106347377,3070848.317200804,0.5000000000000002,2.4082597494883755e-11,0.9999999999759175,0.5,363647893809321.6,363647893809320.7,-4.6692801450309854e-26,8.0150946580753e-11,-1.399401153759375e-24,6.896594728664386e-10,-1.3117821190875e-24,6.060887167610228e-21,4.925247203997392e-12,1.7760205165027352,9.278597878408123e-11,1.7760205164099492,1.7760205165027352e-15,1.7760205164099492e-15,1.7760216217339586e-15,1.0,1.0,0.0002255946350544491,-8.719572442217327e-05,0.0001270225388558385,-4.911225924449659e-05
PF,-29.75,29.75,0.0,1000000000000000.0,81,4,3.3192696247846997e-13,-1.776074347620269,1.776075435132023,0.0,1.0875116931086408e-06,1.7760743476203298,1.7760743476202083,1.7760743476203293,-1.2145839889399213e-13,-4.440892098500626e-16,-2.2490902578392042e-17,-1.7760743476202083,-1.7760743476203293,-2.2490902578392147e-17,-0.17763151228395407,0.20014785277258665,2.757793993168889e-13,1.6128038075262565e-17,1.776075435132023e-08,2.757793993168889e-13,True,1.5527459806142134e-13,3094863.023240415,3094609.3766697943,3094609.3766697943,3095347.224072944,3095842.4633587357,0.5,2.4081936610063417e-11,0.999999999975918,0.5,360720816926995.0,360720816926995.56,-3.112853430020657e-26,8.015060650774014e-11,7.78557708084375e-25,6.841080728033392e-10,7.00952277375e-25,-9.95717177535966e-21,8.151639909368592e-12,1.776074347620269,9.278665125029221e-11,1.7760743475274823,1.776074347620269e-15,1.7760743475274822e-15,1.7760754351320229e-15,1.0,1.0,0.000205409327203715,-7.428673838289853e-05,0.00011565356342749418,-4.183974325568093e-05
PF,-30.0,30.0,0.0,1000000000000000.0,81,4,2.7640900503378435e-13,-1.7761235015318255,1.7761245717420726,0.0,1.0702103009584212e-06,1.7761235015317716,1.7761235015318784,1.7761235015317727,1.0680345496894006e-13,1.1102230246251565e-15,-2.2672482548401732e-17,-1.7761235015318784,-1.7761235015317727,-2.2672482548401636e-17,-0.1776362345454165,0.20015316822375007,2.7489122089718876e-13,9.676822845157539e-17,1.7761245717420728e-08,2.7489122089718876e-13,True,1.5477023699276215e-13,3119864.0524664246,3119612.4314902746,3119612.4314902746,3120344.3870481635,3120836.701775034,0.5,2.4081337736326718e-11,0.9999999999759187,0.5,357839777456759.3,357839777456755.7,-6.670400207187122e-27,8.015027188198845e-11,-5.7352916695218745e-24,6.786440605542672e-10,-5.8479447141e-24,8.94702391409129e-21,7.384041621862241e-12,1.7761235015318255,9.278725504829505e-11,1.7761235014390382,1.7761235015318256e-15,1.7761235014390382e-15,1.7761245717420726e-15,1.0,1.0,0.00018845126586174675,-6.137775235284758e-05,0.00010610256871724354,-3.4568399926293564e-05
PF,0.0,0.0,0.0,1e+16,81,4,5.071909611442489e-15,0.0,0.0,0.0,0.0,0.0,0.0,0.0,0.0,0.0,0.0,0.0,-0.0,-0.0,0.0,0.0,0.0,0.0,1e-17,0.0,True,0.0,115126.84111410494,110609.5513629124,110609.5513629124,120847.37332252073,194654.58820316897,0.49999999999999983,2.134028788156289e-10,0.999999999786597,0.5,1.4127003431800466e+16,1.4127003431800444e+16,7.3374402279058335e-25,7.388477139068195e-09,-3.33252739872e-23,4.4702060725144944e-08,-3.97339805232e-23,3.5174791597737935e-22,7.515412825696623e-15,-0.0,-0.0,0.0,-0.0,0.0,0.0,,,2.36475226589104e-09,-1.359672166355889e-09,,
PF,-0.25,0.25,0.0,1e+16,81,9,4.6805637561116665e-15,-8.194730264078749e-10,8.194730235638983e-10,0.0,-2.1887752297424517e-19,8.194730237827759e-10,8.194730237827755e-10,8.194730237827759e-10,-4.1359030627651384e-25,0.0,-1.3125496657042335e-18,-8.194730250953251e-10,-8.194730250953255e-10,-1.3125496657042382e-18,-7.173872743501404e-11,3.380093140737373e-10,4.652890945610781e-24,4.1278125528181135e-26,8.194730250953256e-18,4.652890945610781e-24,True,5.677906170333711e-15,141028.47697209046,138058.52940039022,138058.52940039022,145995.2712795296,209516.48475835723,0.5000000000000001,2.2930254868415863e-10,0.9999999997706974,0.5000000000000016,1.2020303399929118e+16,1.20203033999291e+16,-2.6681600828748485e-25,6.253318772319027e-09,-2.9480050065599996e-23,3.803583224974913e-08,-2.3071343529599998e-23,1.172493053257931e-22,3.1682849098159258e-15,8.194730264078749e-10,1.9751475743640596e-10,6.21958268971469e-10,8.19473026407875e-26,6.21958268971469e-26,8.194730235638983e-26,0.9616516023502064,0.9456457950596492,3.0819820522686818e-09,7.097510457377024e-09,4.955287526549569,-13.143320333690438
PF,-0.5,0.5,0.0,1e+16,81,8,6.729970106888795e-14,-2.041868987333757e-09,2.041868984164112e-09,0.0,-2.2177021745698393e-19,2.041868984385882e-09,2.0418689843858912e-09,2.041868984385885e-09,9.098986738083304e-24,2.895132143935597e-24,-1.4739343759828449e-18,-2.0418689858598257e-09,-2.0418689858598195e-09,-1.47393437598283e-18,-1.8945672604523765e-10,5.809263378310027e-10,3.305827318068175e-21,1.2210080304391003e-25,2.0418689858598257e-17,3.305827318068175e-21,True,1.6190202902151922e-12,166721.73353767736,164789.1357236806,164789.1357236806,171041.75636471141,225883.1121593423,0.5000000000000001,2.481860037036159e-10,0.999999999751814,0.5000000000000001,1.028657391516607e+16,1.0286573915166064e+16,-1.3340800414374243e-25,5.3158338823214565e-09,-5.1269652288e-24,3.2549794029127105e-08,-7.6904478432e-24,4.058629799738992e-22,1.0921604911699705e-14,2.041868987333757e-09,3.0985096190508743e-10,1.7320180254286696e-09,2.041868987333757e-25,1.7320180254286696e-25,2.041868984164112e-25,0.9633961337933897,0.956332030856315,5.913507494579549e-09,1.5554693081109924e-08,3.414229764217363,-2.6762886700666844
PF,-0.75,0.75,0.0,1e+16,81,8,9.103122782136762e-15,-4.146854899921046e-09,4.146854896429949e-09,0.0,-2.2312118138081944e-19,4.14685489665307e-09,4.1468548966530774e-09,4.14685489665307e-09,7.444625512977249e-24,0.0,-1.6339865233881799e-18,-4.1468548982870635e-09,-4.146854898287056e-09,-1.6339865233881756e-18,-3.9803319166275443e-10,9.650119205094374e-10,7.113753267956038e-23,1.8554537365621621e-25,4.146854898287064e-17,7.113753267956038e-23,True,1.7154574834278642e-14,192258.70268003063,190941.87764527826,190941.87764527826,196023.42024515895,243547.531288067,0.4999999999999999,2.7031548965158333e-10,0.9999999997296846,0.4999999999999975,8841023948942197.0,8841023948942224.0,-7.559786901478737e-25,4.6289816894772175e-09,4.10157218304e-23,2.7975641926307733e-08,4.4860945752e-23,4.599780439704191e-22,1.2731847575332165e-14,4.146854899921046e-09,3.91951578998698e-10,3.754903320922348e-09,4.146854899921046e-25,3.7549033209223484e-25,4.146854896429949e-25,0.9665984805224864,0.963322464189183,1.061801353435825e-08,2.6677046339725373e-08,2.8277728151333754,-0.8917096919099015
PF,-1.0,1.0,0.0,1e+16,81,7,5.327630940683361e-13,-7.778116114660034e-09,7.778116110847604e-09,0.0,-2.229491159518182e-19,7.778116111070553e-09,7.778116111070604e-09,7.778116111070581e-09,5.1285197978287716e-23,2.812414082680294e-23,-1.794720983645677e-18,-7.778116112865325e-09,-7.778116112865301e-09,-1.7947209836456727e-18,-7.616801780846058e-10,1.5909889448205269e-09,1.3615062010377814e-19,2.4031568840159753e-25,7.778116112865324e-17,1.3615062010377814e-19,True,1.750431828583523e-11,217680.41759433702,216754.62105483236,216754.62105483236,220961.85550092696,262307.79883841396,0.5,2.95982311958116e-10,0.9999999997040178,0.49999999999999656,7626387885483400.0,7626387885483398.0,2.2234667357290404e-25,4.101376991463e-09,-6.408706536e-24,2.4132170418135642e-08,-5.1269652288e-24,-1.623451919895597e-22,5.5684900094994306e-15,7.778116114660034e-09,4.5507818279165857e-10,7.323037931868375e-09,7.778116114660033e-25,7.323037931868375e-25,7.778116110847605e-25,0.9699189623243141,0.9683429445566915,1.8540638646698032e-08,4.4905055230456316e-08,2.5318233797496714,-0.27810414061647126
PF,-1.25,1.25,0.0,1e+16,81,7,7.660025736794993e-15,-1.4001412879027095e-08,1.4001412874893426e-08,0.0,-2.1997298367783994e-19,1.40014128751134e-08,1.4001412875113383e-08,1.4001412875113406e-08,-1.6543612251060553e-23,6.617444900424222e-24,-1.9568502459639457e-18,-1.4001412877070233e-08,-1.4001412877070256e-08,-1.9568502459639476e-18,-1.3875349470586183e-09,2.6112938571793706e-09,3.4576149604716557e-22,3.693158679634321e-25,1.4001412877070255e-16,3.4576149604716557e-22,True,2.4694757527892776e-14,243016.67942801223,242351.52597345167,242351.52597345167,245873.47177677543,281986.35071646905,0.4999999999999999,3.255284081683738e-10,0.9999999996744716,0.5000000000000017,6599729383083799.0,6599729383083834.0,2.2234667357290405e-26,3.681876668019913e-09,5.38331349024e-23,2.0883516086124766e-08,6.02418414384e-23,-6.313424132927321e-22,2.8152786358487333e-14,1.4001412879027095e-08,5.053359616127652e-10,1.349607691741433e-08,1.4001412879027095e-24,1.3496076917414328e-24,1.4001412874893425e-24,0.9729472584736352,0.9721680360214395,3.1867655102978266e-08,7.525084993893519e-08,2.361253221805414,0.0002405629179413893
PF,-1.5,1.5,0.0,1e+16,81,7,1.7466635082099632e-14,-2.458588417617993e-08,2.4585884171728388e-08,0.0,-2.1032092698379911e-19,2.458588417193871e-08,2.4585884171938747e-08,2.4585884171938724e-08,3.639594695233322e-23,1.3234889800848443e-23,-2.1205979157800715e-18,-2.4585884174059343e-08,-2.458588417405932e-08,-2.1205979157800645e-18,-2.4537768069680702e-09,4.273269120735098e-09,2.9778502051908996e-22,6.477798069390436e-25,2.4585884174059346e-16,2.9778502051908996e-22,True,1.2112032189319595e-14,268288.7447223126,267803.50536157016,267803.50536157016,270770.1785509027,302433.19620074163,0.4999999999999999,3.5935639130262437e-10,0.9999999996406436,0.5,5727525225100501.0,5727525225100516.0,1.4007840435092956e-24,3.3396436096810814e-09,2.5634826144e-23,1.8123601451563573e-08,2.5634826144e-23,-5.952657039617189e-22,2.8928548645116494e-14,2.458588417617993e-08,5.463933189095628e-10,2.4039490857270368e-08,2.458588417617993e-24,2.403949085727037e-24,2.4585884171728388e-24,0.975592857455508,0.9751993306583722,5.418170533030811e-08,1.2558411808706667e-07,2.2538624321122716,0.14417975638031333
PF,-1.75,1.75,0.0,1e+16,81,7,1.7613188308890296e-14,-4.246417539211744e-08,4.246417538736176e-08,0.0,-1.8379752780621143e-19,4.246417538754556e-08,4.246417538754542e-08,4.246417538754555e-08,-1.3896634290890865e-22,-1.3234889800848443e-23,-2.2859790473275265e-18,-4.24641753898314e-08,-4.2464175389831524e-08,-2.2859790473275207e-18,-4.255880815113718e-09,6.978785426991046e-09,4.896909226313924e-22,4.249214534735286e-25,4.2464175389831523e-16,4.896909226313924e-22,True,1.153185992983285e-14,293511.84648136195,293154.0616862698,293154.0616862698,295659.98919617623,323523.73598021484,0.5,3.9793628877830225e-10,0.9999999996020636,0.5,4983137065983488.0,4983137065983524.0,1.0227946984353586e-24,3.054781177075353e-09,5.51148762096e-23,1.576813482377516e-08,6.15235827456e-23,4.329205119721591e-22,1.9731104773845056e-14,4.246417539211744e-08,5.806139769140083e-10,4.188356141520343e-08,4.246417539211744e-24,4.188356141520343e-24,4.2464175387361764e-24,0.9778706680007484,0.9776685253236509,9.13909854584858e-08,2.0883862025963363e-07,2.1820251757605202,0.22493763264921807
PF,-2.0,2.0,0.0,1e+16,81,7,1.251115497357777e-14,-7.248739773225811e-08,7.248739772723784e-08,0.0,-1.143289821613242e-19,7.248739772735216e-08,7.248739772735241e-08,7.248739772735214e-08,2.514629062161204e-22,-1.3234889800848443e-23,-2.4529194144523504e-18,-7.248739772980532e-08,-7.248739772980506e-08,-2.4529194144523447e-18,-7.2825912314368116e-09,1.1380576860755774e-08,7.146840492458159e-22,3.597024639876346e-24,7.248739772980532e-16,7.146840492458159e-22,True,9.859424832848601e-15,318697.0322997658,318431.31143883866,318431.31143883866,320548.02014538454,345155.17407773004,0.49999999999999983,4.418120370749919e-10,0.999999999558188,0.4999999999999982,4345185430757744.0,4345185430757748.0,2.1789974010144596e-24,2.813801774606159e-09,8.9721891504e-24,1.3749465147569068e-08,1.9226119608e-24,5.231122852996923e-22,3.1466598461895324e-14,7.248739773225811e-08,6.095998090013858e-10,7.187779792325672e-08,7.24873977322581e-24,7.187779792325673e-24,7.248739772723783e-24,0.9798263502405904,0.9797210592021495,1.5322413458441253e-07,3.46241536149363e-07,2.1317310631581754,0.2728087030598534
PF,-2.25,2.25,0.0,1e+16,81,6,8.675639017767641e-14,-1.2266405846341346e-07,1.226640584582346e-07,0.0,6.410413463062812e-20,1.226640584581705e-07,1.2266405845817118e-07,1.2266405845817051e-07,6.88214269644119e-22,2.6469779601696886e-23,-2.621309425486265e-18,-1.2266405846079248e-07,-1.2266405846079182e-07,-2.6213094254862562e-18,-1.2340612785971512e-08,1.853840104735144e-08,4.707914999957808e-19,4.3639046485277064e-24,1.2266405846079247e-15,4.707914999957808e-19,True,3.8380557915932765e-12,343852.4340630055,343654.18306586903,343654.18306586903,345437.39624108485,367242.8317275408,0.5000000000000002,4.916086816649396e-10,0.9999999995083914,0.4999999999999975,3796384242798628.5,3796384242798616.5,-2.4902827440165253e-24,2.607188685776536e-09,-1.8585248954399998e-23,1.2012894099265208e-08,-1.9226119607999998e-23,9.921095066028648e-22,6.917441077931608e-14,1.2266405846341346e-07,6.344813935659496e-10,1.2202957706984752e-07,1.2266405846341346e-23,1.2202957706984751e-23,1.226640584582346e-23,0.9815097421081908,0.9814542559836038,2.5567842338718725e-07,5.725946779894974e-07,2.0952168279731196,0.30232787529788663
PF,-2.5,2.5,0.0,1e+16,81,6,2.467291086565758e-14,-2.0619129495859608e-07,2.0619129495353197e-07,0.0,5.178439073588799e-19,2.061912949530141e-07,2.0619129495301393e-07,2.0619129495301414e-07,-1.852884572118782e-22,2.6469779601696886e-23,-2.7910290277040166e-18,-2.0619129495580495e-07,-2.0619129495580516e-07,-2.7910290277040105e-18,-2.075902037573319e-08,3.017337212240493e-08,4.486627642487622e-20,2.0466305436646637e-24,2.0619129495580516e-15,4.486627642487622e-20,True,2.1759539574399984e-13,368984.12830906664,368835.83969301626,368835.83969301626,370329.94633542997,389716.8607163231,0.5,5.480407547150665e-10,0.9999999994519592,0.5000000000000001,3322664361865806.0,3322664361865834.0,-1.5564267150103284e-24,2.428011033806451e-09,4.42200750984e-23,1.0513902696629816e-08,4.2938333791199997e-23,-5.050739306341857e-22,4.234398883186021e-14,2.0619129495859608e-07,6.560826174110382e-10,2.0553521234118505e-07,2.0619129495859608e-23,2.0553521234118505e-23,2.0619129495353196e-23,0.9829655852204862,0.9829360549143178,4.25031767042533e-07,9.448261794835726e-07,2.0679267664218397,0.32058551469695473
PF,-2.75,2.75,0.0,1e+16,81,6,2.3057420916086788e-14,-3.4478262710362124e-07,3.4478262709936125e-07,0.0,1.664785068665646e-18,3.4478262709769646e-07,3.44782627097698e-07,3.4478262709769656e-07,1.5352472168984194e-21,1.0587911840678754e-22,-2.9619591848919318e-18,-3.4478262710065996e-07,-3.4478262710065853e-07,-2.961959184891917e-18,-3.472408742788156e-08,4.907888782580373e-08,8.311510794932822e-21,3.736961852138341e-23,3.4478262710065997e-15,8.311510794932822e-21,True,2.4106524347893726e-14,394096.724725314,393985.6819041987,393985.6819041987,395226.6812062817,412519.4603038196,0.5000000000000002,6.119220143794979e-10,0.9999999993880779,0.5000000000000001,2912501924236762.5,2912501924236758.5,-2.846037421733172e-24,2.2710828757707177e-09,-7.0495771896e-24,9.216025962403364e-09,-1.08948011112e-23,-9.019177332753317e-23,6.903126770338728e-15,3.4478262710362124e-07,6.750205065536029e-10,3.441076065970676e-07,3.447826271036212e-23,3.441076065970676e-23,3.4478262709936123e-23,0.9842339177879826,0.9842180676700004,7.043468300329296e-07,1.556170286374376e-06,2.046879570603865,0.3326202245055372
PF,-3.0,3.0,0.0,1e+16,81,6,2.3750837469693432e-14,-5.74098481600319e-07,5.740984815986039e-07,0.0,4.5524106358088074e-18,5.740984815940516e-07,5.740984815940503e-07,5.740984815940515e-07,-1.2705494208814505e-21,-1.0587911840678754e-22,-3.1339866543864263e-18,-5.740984815971843e-07,-5.740984815971855e-07,-3.1339866543864283e-18,-5.782557810804324e-08,7.97893518821629e-08,1.3976043629695956e-20,3.1525612263334096e-23,5.7409848159860394e-15,1.3976043629695956e-20,True,2.4344331290999084e-14,419193.7258861012,419110.50689321704,419110.50689321704,420128.3328285306,435602.7811623533,0.5000000000000004,6.841773348439612e-10,0.9999999993158227,0.5,2556396114707218.0,2556396114707239.5,-5.291850831035117e-24,2.1325981360836243e-09,3.3966144640799997e-23,8.089200432655697e-09,2.9480050065599996e-23,4.1488215730665253e-22,3.7703939504475095e-14,5.74098481600319e-07,6.917485869014992e-10,5.734067330134175e-07,5.740984816003189e-23,5.734067330134175e-23,5.74098481598604e-23,0.985345617469659,0.9853370456185493,1.1641998882736567e-06,2.5593543469247027e-06,2.0303212732704603,0.3412142483841851
PF,-3.25,3.25,0.0,1e+16,81,6,2.266330090332462e-14,-9.526678935844091e-07,9.526678935896008e-07,0.0,1.1803941222312017e-17,9.526678935777969e-07,9.526678935777931e-07,9.52667893577797e-07,-3.705769144237564e-21,1.0587911840678754e-22,-3.307007345416716e-18,-9.526678935811002e-07,-9.52667893581104e-07,-3.307007345416722e-18,-9.595413007764188e-08,1.2966348971806907e-07,2.0752307207730358e-20,4.6848215866510985e-23,9.526678935896008e-15,2.0752307207730358e-20,True,2.1783359497439128e-14,444277.9011602144,444215.4869899344,444215.4869899344,445035.23809468426,458926.7129595385,0.5000000000000002,7.658546579831061e-10,0.9999999992341453,0.5,2246471519996945.5,2246471519996965.8,-3.068384095306076e-24,2.009411164226747e-09,3.14026620264e-23,7.1085058741692545e-09,2.9480050065599996e-23,-1.425030018575024e-21,1.5952216308866148e-13,9.526678935844091e-07,7.066412354925918e-10,9.519612523489165e-07,9.52667893584409e-23,9.519612523489164e-23,9.526678935896007e-23,0.9863168681040576,0.9863122026825475,1.9204390824316073e-06,4.202124957480545e-06,2.017350052528945,0.3444752324208151
PF,-3.5,3.5,0.0,1e+16,81,6,2.170542284299019e-14,-1.576484730711845e-06,1.5764847307348737e-06,0.0,2.998826462782909e-17,1.5764847307048853e-06,1.576484730704882e-06,1.5764847307048847e-06,-3.3881317890172014e-21,-6.352747104407253e-22,-3.480926270080598e-18,-1.5764847307083628e-06,-1.5764847307083656e-06,-3.480926270080601e-18,-1.587691957158842e-07,2.1064022590046877e-07,2.5622746654442585e-20,1.7919383406534227e-22,1.5764847307348737e-14,2.5622746654442585e-20,True,1.6253089011841313e-14,469351.4966727167,469304.5531927549,469304.5531927549,469947.64204703545,482457.3549387594,0.5000000000000002,8.581392345107733e-10,0.9999999991418609,0.5,1976161052059208.5,1976161052059224.0,-2.534752078731106e-24,1.8988544415266254e-09,2.4673520163599998e-23,6.253161943125745e-09,1.98669902616e-23,-7.576108959512785e-22,9.537243783343579e-14,1.576484730711845e-06,7.200171768413514e-10,1.5757647135350036e-06,1.576484730711845e-22,1.5757647135350037e-22,1.5764847307348736e-22,0.9871902686686761,0.9871877153961788,3.1612899525232225e-06,6.893324690369531e-06,2.0061941515566235,0.3497751101471671
PF,-3.75,3.75,0.0,1e+16,81,6,2.9982725937099075e-14,-2.602386213888236e-06,2.6023862139564354e-06,0.0,7.550898176609414e-17,2.6023862138809263e-06,2.602386213880922e-06,2.602386213880927e-06,-4.235164736271502e-21,8.470329472543003e-22,-3.655657785915599e-18,-2.602386213884578e-06,-2.602386213884583e-06,-3.655657785915602e-18,-2.6204937312713853e-07,3.420884387310994e-07,4.785736151986797e-20,5.982095714685116e-23,2.6023862139564354e-14,4.785736151986797e-20,True,1.8389799816496075e-14,494415.9974137908,494380.4134500738,494380.4134500738,494867.95078841795,506167.4118481037,0.5000000000000001,9.623771054955329e-10,0.9999999990376229,0.5000000000000044,1739942200299601.0,1739942200299614.0,-1.489722712938457e-24,1.7998072450089838e-09,2.0828296241999998e-23,5.505693584560059e-09,2.21100375492e-23,-2.1285258505297827e-21,2.9438568295755756e-13,2.602386213888236e-06,7.320104133064028e-10,2.6016542034749297e-06,2.602386213888236e-22,2.6016542034749297e-22,2.6023862139564356e-22,0.9879524214432618,0.9879510161274124,5.1970865055237165e-06,1.1291942185111088e-05,1.9976084825501281,0.3498536031092798
PF,-4.0,4.0,0.0,1e+16,81,6,2.0222482036379857e-14,-4.28782344384134e-06,4.287823444023163e-06,0.0,1.8949147529944266e-16,4.287823443833671e-06,4.287823443833682e-06,4.287823443833672e-06,1.1011428314305904e-20,8.470329472543003e-22,-3.8311320662350305e-18,-4.2878234438375134e-06,-4.287823443837503e-06,-3.831132066235026e-18,-4.316918440073132e-07,5.554391781128881e-07,7.453889935837843e-20,2.278720751716406e-23,4.287823444023163e-14,7.453889935837843e-20,True,1.7383854613295447e-14,519473.1592223032,519445.7997248439,519445.7997248439,519797.6843728256,530031.3866893554,0.5000000000000002,1.0800773844342638e-09,0.9999999989199228,0.5,1533181672790493.2,1533181672790496.5,-1.9344160600842653e-24,1.7094348687053314e-09,5.4474005556e-24,4.85143938777145e-09,4.8065299019999996e-24,1.0823012799303979e-21,1.6423022069968119e-13,4.28782344384134e-06,7.429593894945227e-10,4.2870804844518454e-06,4.28782344384134e-22,4.287080484451845e-22,4.287823444023163e-22,0.9886563546842977,0.9886555782988987,8.531322694666653e-06,1.847144869679982e-05,1.9900075880561603,0.3485009912167505
PF,-4.25,4.25,0.0,1e+16,81,6,1.970563897803852e-14,-7.051980769934541e-06,7.051980770401043e-06,0.0,4.745525610143357e-16,7.05198076992649e-06,7.051980769926562e-06,7.051980769926492e-06,7.199780051661553e-20,1.6940658945086007e-21,-4.007295995112029e-18,-7.0519807699305695e-06,-7.051980769930499e-06,-4.007295995112011e-18,-7.098541578395278e-07,9.015807827374117e-07,1.4738373282224826e-19,4.1727313561985157e-22,7.051980770401044e-14,1.4738373282224826e-19,True,2.0899622052410476e-14,544523.7089024916,544502.1883685061,544502.1883685061,544744.2774289825,554030.5273912514,0.5,1.2129592441923195e-09,0.9999999987870408,0.5,1351925588974512.2,1351925588974500.8,8.893866942916162e-26,1.6277115908666983e-09,-1.79443783008e-23,4.277887636733451e-09,-1.73035076472e-23,1.0462245705993846e-21,1.8008781581601523e-13,7.051980769934541e-06,7.528668220504662e-10,7.051227903112491e-06,7.051980769934541e-22,7.051227903112491e-22,7.051980770401043e-22,0.9892631939760652,0.9892627632284525,1.3980950700770663e-05,3.020315878149043e-05,1.9827682345367557,0.35202008465537027
PF,-4.5,4.5,0.0,1e+16,81,5,1.0098797702757367e-12,-1.1579148095481454e-05,1.15791480966602e-05,0.0,1.1871522697313954e-15,1.1579148095473048e-05,1.1579148095473112e-05,1.1579148095473058e-05,6.437450399132683e-20,1.0164395367051604e-20,-4.184123994309947e-18,-1.1579148095477297e-05,-1.1579148095477242e-05,-4.184123994309941e-18,-1.1653453404767474e-06,1.4630926394403274e-06,6.784073221808087e-16,1.3670572129604998e-22,1.15791480966602e-13,6.784073221808087e-16,True,5.858870760764199e-11,569568.57718721,569550.9232216533,569550.9232216533,569712.9909156176,578147.2739429001,0.5,1.3629524434902727e-09,0.9999999986370475,0.5,1192823062185868.2,1192823062185866.2,-6.892746880760026e-25,1.5535248665197902e-09,-3.204353268e-24,3.774434398823813e-09,-2.5634826144e-24,1.1544546985924245e-21,2.1715914660255424e-13,1.1579148095481454e-05,7.618688459358909e-10,1.1578386226635518e-05,1.1579148095481453e-21,1.1578386226635519e-21,1.15791480966602e-21,0.9898380315561147,0.9898377912690547,2.290647817749503e-05,4.918977519117231e-05,1.9783826285566277,0.3344159201130572
PF,-4.75,4.75,0.0,1e+16,81,5,5.195678152450113e-13,-1.8990018400173718e-05,1.8990018403135884e-05,0.0,2.9709015272932766e-15,1.8990018400164984e-05,1.899001840016501e-05,1.8990018400164984e-05,2.710505431213761e-20,0.0,-4.361613268677858e-18,-1.899001840016937e-05,-1.8990018400169344e-05,-4.361613268677846e-18,-1.91084540547197e-06,2.3731859038843475e-06,2.044161552267748e-16,3.9351460851832496e-22,1.8990018403135884e-13,2.044161552267748e-16,True,1.0764400059402729e-11,594609.1507171888,594594.1125994256,594594.1125994256,594697.981320131,602363.7686728567,0.5,1.5322080457039405e-09,0.999999998467792,0.5000000000000001,1053023747926069.9,1053023747926071.9,-6.225706860041313e-25,1.4835204222425854e-09,2.8839179411999997e-24,3.3320591658080757e-09,1.2817413072e-24,1.4430683732405307e-21,2.9939902723720004e-13,1.8990018400173718e-05,7.703615414387608e-10,1.898924803863228e-05,1.8990018400173717e-21,1.898924803863228e-21,1.8990018403135884e-21,0.9903571548014403,0.9903570209142247,3.7487083047690065e-05,7.896790157283691e-05,1.974121511890584,0.2614029002235654
PF,-5.0,5.0,0.0,1e+16,81,5,5.981281900306882e-14,-3.107258495389509e-05,3.107258496130014e-05,0.0,7.414009785091603e-15,3.107258495388613e-05,3.1072584953885904e-05,3.107258495388612e-05,-2.236166980751353e-19,-6.776263578034403e-21,-4.539704734365371e-18,-3.1072584953890444e-05,-3.107258495389066e-05,-4.5397047343653826e-18,-3.1260844039244796e-06,3.8459586799158915e-06,1.1039210994975845e-16,2.9556153455715e-22,3.107258496130014e-13,1.1039210994975845e-16,True,3.5527172936287123e-12,619644.6392420094,619631.325733021,619631.325733021,619697.5898387365,626672.6890415271,0.5000000000000002,1.7232024001645793e-09,0.9999999982767975,0.5000000000000001,930035975925036.8,930035975925049.1,-6.448053533614217e-25,1.4213129514641544e-09,1.95465549348e-23,2.942875771950245e-09,1.9226119607999998e-23,-1.4791450825715438e-21,3.4333044181712237e-13,3.107258495389509e-05,7.779177700841178e-10,3.107180703612501e-05,3.107258495389509e-21,3.1071807036125007e-21,3.1072584961300138e-21,0.990814173294878,0.99081409828672,6.335468494225663e-05,8.979378985914319e-05,2.03897651876502,-1.2675453682524416
PF,-5.25,5.25,0.0,1e+16,81,5,4.2724690795315676e-14,-5.053813008496543e-05,5.053813010327684e-05,0.0,1.832086406982336e-14,5.053813008495598e-05,5.0538130084956034e-05,5.053813008495597e-05,5.421010862427522e-20,-6.776263578034403e-21,-4.7182622628478826e-18,-5.053813008496075e-05,-5.053813008496069e-05,-4.718262262847875e-18,-5.083563983633389e-06,6.2003260872534645e-06,5.749659645962191e-17,2.3308465671432e-21,5.053813010327685e-13,5.749659645962191e-17,True,1.1376874518729747e-12,644676.0471049799,644663.7978189891,644663.7978189891,644710.3473077647,651060.4495721853,0.5000000000000001,1.9386436279919964e-09,0.9999999980613564,0.5000000000000001,821757495776326.6,821757495776328.9,-2.0455893968707173e-24,1.364371475022706e-09,3.8452239216e-24,2.600229444690031e-09,2.4032649509999998e-24,7.215341866202653e-23,1.759298220879387e-14,5.053813008496543e-05,7.848490072962245e-10,5.0537345235958135e-05,5.053813008496543e-21,5.053734523595814e-21,5.053813010327684e-21,0.9913561724759792,0.991356131364788,8.878451533110034e-05,5.129399944907347e-05,1.75681003654954,-2.0714093248472834
PF,-5.5,5.5,0.0,1e+16,81,5,5.193617947671983e-14,-7.389990063947345e-05,7.389990067615079e-05,0.0,3.6687199306716313e-14,7.389990063946358e-05,7.38999006394637e-05,7.389990063946361e-05,1.2197274440461925e-19,2.710505431213761e-20,-4.897393635580271e-18,-7.38999006394686e-05,-7.38999006394685e-05,-4.897393635580264e-18,-7.432291993008936e-06,8.988902781856349e-06,2.4218366027894955e-17,4.29383337912e-22,7.389990067615079e-13,2.4218366027894955e-17,True,3.2771851932557174e-13,669704.7212068773,669693.2846035341,669693.2846035341,669731.1341537322,675513.7278013877,0.5000000000000002,2.181600739972692e-09,0.9999999978183992,0.5,726366189805436.0,726366189805438.5,-1.823242723297813e-24,1.3091119228759431e-09,3.6850062581999996e-24,2.298358883049882e-09,1.4419589705999999e-24,-6.493807679582388e-22,1.80405658698294e-13,7.389990063947345e-05,7.916610011470851e-10,7.38991089784723e-05,7.389990063947345e-21,7.38991089784723e-21,7.389990067615079e-21,0.993216676937913,0.9932166664929203,8.91550944107701e-05,2.5680773653226916e-05,1.206443428658146,-1.1079944705949818
PF,-5.75,5.75,0.0,1e+16,81,5,3.720682268847303e-14,-9.525491549067305e-05,9.525491554786008e-05,0.0,5.719769702903852e-14,9.525491549066238e-05,9.525491549066339e-05,9.525491549066238e-05,1.0028870095490916e-18,0.0,-5.076944334059873e-18,-9.525491549066847e-05,-9.525491549066747e-05,-5.0769443340598555e-18,-9.57853958361588e-06,1.1496272665738334e-05,1.009663273127126e-17,2.2661186311295998e-21,9.525491554786009e-13,1.009663273127126e-17,True,1.0599592339356268e-13,694730.5634505582,694720.1207922618,694720.1207922618,694752.2040678464,700026.8424251827,0.5000000000000001,2.4556704509283574e-09,0.9999999975443296,0.5000000000000001,642255728289224.8,642255728289201.9,-1.489722712938457e-24,1.2568819679142905e-09,-3.58887566016e-23,2.032187732654393e-09,-3.63694095918e-23,3.968438026411459e-22,1.3170893457782153e-13,9.525491549067305e-05,7.979065636620535e-10,9.52541175841094e-05,9.525491549067305e-21,9.525411758410939e-21,9.525491554786008e-21,0.9938563932244285,0.9938563891977321,9.211654594390922e-05,5.204012871656301e-05,0.9670610392518759,-0.38887761364792184
PF,-6.0,6.0,0.0,1e+16,81,5,4.230192469009205e-14,-0.00012134150586938093,0.00012134150595656674,0.0,8.719756802184182e-14,0.00012134150586936917,0.0001213415058693717,0.00012134150586936913,2.5343225781848666e-18,-4.0657581468206416e-20,-5.256643435359906e-18,-0.00012134150586937696,-0.00012134150586937439,-5.256643435359869e-18,-1.2199889961465299e-05,1.4547512292098752e-05,5.773376568485311e-18,6.7534949476368e-21,1.2134150595656673e-12,5.773376568485311e-18,True,4.7579569109286044e-14,719752.5646826596,719742.9101079695,719742.9101079695,719771.5707285868,724598.2780437123,0.5,2.764753434941491e-09,0.9999999972352467,0.5,568036495388304.0,568036495388275.5,-1.423018710866586e-24,1.2120121001069167e-09,-4.50211634154e-23,1.7973116721250912e-09,-4.5982469395799997e-23,1.4791450825715438e-21,5.067796079964714e-13,0.00012134150586938093,8.03280356419508e-10,0.00012134070258902452,1.2134150586938093e-20,1.2134070258902452e-20,1.2134150595656674e-20,0.994308255513421,0.9943082542256845,0.00011589058382764232,0.00010070485295964439,0.955084166770968,-0.08225112034981019
PF,-6.25,6.25,0.0,1e+16,81,5,3.264053768124639e-14,-0.00015372126461783963,0.0001537212647495586,0.0,1.3172850350373924e-13,0.0001537212646178301,0.00015372126461782743,0.00015372126461783004,-2.656295322589486e-18,-5.421010862427522e-20,-5.436481903678405e-18,-0.00015372126461783288,-0.00015372126461783548,-5.43648190367844e-18,-1.5453199574208965e-05,1.8315233255090434e-05,6.396792817664476e-18,2.204595048384e-21,1.5372126474955859e-12,6.396792817664476e-18,True,4.16129338259484e-14,744772.0881167251,744763.0627268733,744763.0627268733,744789.468332737,749216.1857083844,0.5,3.113120510658813e-09,0.9999999968868795,0.5,502528004769633.1,502528004769632.6,-7.782133575051642e-25,1.1700211546190837e-09,-4.806529902e-25,1.5899939516036762e-09,-1.7623942974e-24,-2.272832687853836e-21,8.228008927789596e-13,0.00015372126461783963,8.083291916878238e-10,0.00015372045628864794,1.5372126461783964e-20,1.5372045628864795e-20,1.537212647495586e-20,0.9947107829749565,0.9947107829747354,0.0001441461746519769,0.00012634873785522476,0.937716281438217,-0.05737347673760529
PF,-6.5,6.5,0.0,1e+16,81,5,2.746305302578157e-14,-0.00019395888068423527,0.00019395888088213139,0.0,1.9790914894041778e-13,0.00019395888068422223,0.0001939588806842259,0.0001939588806842222,3.6591823321385775e-18,-2.710505431213761e-20,-5.616443958669099e-18,-0.0001939588806842315,-0.00019395888068422782,-5.6164439586690686e-18,-1.9495600720712905e-05,2.2961919717741638e-05,7.074419175467916e-18,7.3520681380992e-21,1.939588808821314e-12,7.074419175467916e-18,True,3.647380900164625e-14,769790.5066491857,769781.9926057186,769781.9926057186,769806.7574540209,773869.8999409665,0.5000000000000002,3.505492626444221e-09,0.9999999964945072,0.5,444694139265140.7,444694139265119.56,-2.1345280662998788e-24,1.1267022373833668e-09,-3.34854916506e-23,1.4069547141498083e-09,-3.58887566016e-23,1.3348382452474908e-21,5.409666763181403e-13,0.00019395888068423527,8.135523820067736e-10,0.00019395806713185326,1.9395888068423527e-20,1.9395806713185326e-20,1.9395888088213137e-20,0.9950563242184647,0.9950563247383394,0.00017887975368753866,0.0001536869637080322,0.9222599314002015,-0.05819126692497634
PF,-6.75,6.75,0.0,1e+16,81,5,3.593139381014294e-14,-0.0002437553286550182,0.00024375532895054493,0.0,2.9553647606357863e-13,0.00024375532865500847,0.00024375532865500478,0.0002437553286550084,-3.686287386450715e-18,-5.421010862427522e-20,-5.796527386336257e-18,-0.00024375532865501058,-0.00024375532865501421,-5.796527386336287e-18,-2.4497785386911643e-05,2.8677367841974033e-05,9.595189226496714e-18,1.3740266813184e-20,2.4375532895054494e-12,9.595189226496714e-18,True,3.936401828754876e-14,794807.5607117923,794799.4674091312,794799.4674091312,794822.9575351258,798557.9970954433,0.5000000000000001,3.947201438902311e-09,0.9999999960527985,0.5,393608985997982.4,393608985997981.0,-1.4674880455811667e-24,1.0842479785370096e-09,-2.1629384559e-24,1.2452629634413183e-09,-4.005441585e-24,-1.4430683732405307e-21,6.17691325388374e-13,0.0002437553286550182,8.186842101454606e-10,0.00024375450997080807,2.437553286550182e-20,2.4375450997080805e-20,2.4375532895054493e-20,0.995325449370782,0.995325449958513,0.00022064721419950202,0.00018470958521095177,0.9052025918450766,-0.06162283917385625
PF,-7.0,7.0,0.0,1e+16,81,5,7.438599046537017e-14,-0.00030497469412619935,0.0003049746945639601,0.0,4.3776990247094884e-13,0.00030497469412619024,0.00030497469412618466,0.0003049746941261902,-5.583641188300348e-18,-5.421010862427522e-20,-5.9767451380990304e-18,-0.0003049746941261906,-0.00030497469412619615,-5.976745138099066e-18,-3.064668413405851e-05,3.5687533128377666e-05,1.2414114874959026e-17,5.1679809506304e-21,3.0497469456396013e-12,1.2414114874959026e-17,True,4.0705393254703314e-14,819822.2387570802,819814.4945715953,819814.4945715953,819836.9554433037,823283.173767166,0.5000000000000001,4.444164688107981e-09,0.9999999955558353,0.5000000000000001,348458889404663.7,348458889404663.7,-9.783253637207779e-25,1.0475205329737517e-09,8.01088317e-26,1.1023430612207433e-09,-1.2016324754999999e-24,-3.6076709331013267e-22,1.672281912887627e-13,0.00030497469412619935,8.231425102982711e-10,0.00030497387098368903,3.049746941261993e-20,3.0497387098368903e-20,3.049746945639601e-20,0.9955358446254883,0.9955358449987889,0.000270548293076798,0.0002225068940980955,0.887119582422416,-0.05738784973558264
PF,-7.25,7.25,0.0,1e+16,81,5,6.304341684573331e-14,-0.0003799060713334655,0.0003799060719766669,0.0,6.432151330939397e-13,0.00037990607133345174,0.00037990607133345445,0.0003799060713334519,2.710505431213761e-18,1.6263032587282567e-19,-6.1571060704998685e-18,-0.00037990607133346063,-0.0003799060713334581,-6.157106070499857e-18,-3.8171898861226306e-05,4.426016529718141e-05,1.1763593571467723e-17,8.3672072534016e-21,3.799060719766669e-12,1.1763593571467723e-17,True,3.096447895728874e-14,844834.4215202583,844826.9685105246,844826.9685105246,844848.5812867213,848043.1011670078,0.5000000000000001,5.002683199868634e-09,0.9999999949973168,0.5,308543546617795.8,308543546617785.9,-1.6676000517967804e-24,1.0173592636260545e-09,-1.5461004518099998e-23,9.759777163705922e-10,-1.73836164789e-23,-1.0823012799303978e-22,4.556717388814887e-14,0.0003799060713334655,8.26828638223745e-10,0.0003799052445048273,3.799060713334655e-20,3.799052445048273e-20,3.7990607197666686e-20,0.9957230141702315,0.9957230141681797,0.00033085973815830604,0.00027035263498333345,0.8709006862738952,-0.04683625271435399
PF,-7.5,7.5,0.0,1e+16,81,5,4.833567617525632e-14,-0.00047151989435322044,0.00047151989529257374,0.0,9.393643605742224e-13,0.0004715198943532094,0.0004715198943532059,0.00047151989435320965,-3.469446951953614e-18,2.710505431213761e-19,-6.337604596194034e-18,-0.00047151989435321225,-0.000471519894353216,-6.3376045961940564e-18,-4.7371532201866647e-05,5.4715303141038395e-05,2.0328790734103208e-17,8.5312701407232e-21,4.715198952925737e-12,2.0328790734103208e-17,True,4.3113325518299455e-14,869845.0229703765,869837.8131590836,869837.8131590836,869858.7215907612,872829.7559088843,0.5,5.629267329168039e-09,0.9999999943707326,0.5,273257384296744.9,273257384296741.47,-2.023354729513427e-24,9.901369343817767e-10,-5.3672917238999996e-24,8.642486778505871e-10,-7.0495771896e-24,8.297643146133051e-22,4.511600459418074e-13,0.00047151989435322044,8.301796081898429e-10,0.0004715190641736123,4.7151989435322044e-20,4.7151906417361226e-20,4.7151989529257375e-20,0.9959066466948302,0.9959066462377948,0.0004045644106474306,0.0003294499436571419,0.858002234451481,-0.037468738806698765
PF,-7.75,7.75,0.0,1e+16,81,5,5.3707188506164743e-14,-0.0005835376747215649,0.0005835376760881698,0.0,1.366620999422447e-12,0.0005835376747215488,0.0005835376747215549,0.000583537674721549,6.071532165918825e-18,2.168404344971009e-19,-6.5182248337411245e-18,-0.0005835376747215614,-0.0005835376747215555,-6.518224833741108e-18,-5.861914012512373e-05,6.743324439278492e-05,2.5912431922403556e-17,5.9062639435775995e-21,5.835376760881698e-12,2.5912431922403556e-17,True,4.4405756447657906e-14,894855.103464771,894848.0960985386,894848.0960985386,894868.4203209623,897634.6620287118,0.5000000000000001,6.330518414271596e-09,0.9999999936694816,0.5,242067258127473.3,242067258127464.8,-1.267376039365553e-24,9.6162825015425e-10,-1.34582837256e-23,7.654662167423198e-10,-1.41792632109e-23,1.3348382452474908e-21,7.808615521222287e-13,0.0005835376747215649,8.337062902687821e-10,0.0005835368410152746,5.83537674721565e-20,5.835368410152746e-20,5.835376760881697e-20,0.9960854361502447,0.9960854351965669,0.0004945557164648146,0.0003986058814241763,0.8475141271360948,-0.03519413598623067
PF,-8.0,8.0,0.0,1e+16,81,5,4.711169777811017e-14,-0.0007203342487221397,0.0007203342507043815,0.0,1.982258418908737e-12,0.0007203342487221231,0.0007203342487221294,0.0007203342487221231,6.288372600415926e-18,0.0,-6.6989494490223965e-18,-0.0007203342487221361,-0.0007203342487221298,-6.698949449022383e-18,-7.235377229905891e-05,8.286533479422434e-05,2.883977778811442e-17,1.24687794364416e-20,7.203342507043815e-12,2.883977778811442e-17,True,4.0036660425230833e-14,919865.1310089519,919858.2904696622,919858.2904696622,919878.1347590598,922453.4549392326,0.5000000000000002,7.112937561910261e-09,0.9999999928870625,0.5,214498416617335.12,214498416617327.9,-1.0672640331499394e-24,9.303400772112942e-10,-1.141550851725e-23,6.781250760962603e-10,-1.31378483988e-23,6.854574772892521e-22,4.341589939924918e-13,0.0007203342487221397,8.375971650777554e-10,0.0007203334111249745,7.203342487221397e-20,7.203334111249746e-20,7.203342507043815e-20,0.9962450719425798,0.9962450704569924,0.0006030537583989828,0.00047600833739458144,0.8371869874217951,-0.040065366130638824
PF,-8.25,8.25,0.0,1e+16,81,5,6.37168990234867e-14,-0.0008867537123159981,0.0008867537151797387,0.0,2.8637616499253014e-12,0.000886753712315977,0.0008867537123159919,0.0008867537123159768,1.485356976305141e-17,-2.168404344971009e-19,-6.879766654924604e-18,-0.0008867537123159987,-0.0008867537123159836,-6.879766654924574e-18,-8.906131948504235e-05,0.00010154441133039415,3.5561831257524545e-17,2.6250061971456e-21,8.867537151797387e-12,3.5561831257524545e-17,True,4.0103391334894397e-14,944874.760896741,944868.0550598496,944868.0550598496,944887.5128460089,947287.3362057845,0.5000000000000002,7.982524189437668e-09,0.9999999920174758,0.5,190127938649841.0,190127938649832.62,-1.3785493761520052e-24,8.98569688409126e-10,-1.333812047805e-23,6.008841862553615e-10,-1.45798073694e-23,2.7779066184880213e-21,1.8614202161211286e-12,0.0008867537123159981,8.415947181022427e-10,0.00088675287072128,8.867537123159981e-20,8.8675287072128e-20,8.867537151797387e-20,0.9963727006400727,0.9963726985795158,0.0007317161350765084,0.0005622107940696976,0.8251635368051693,-0.04688417851258431
PF,-8.5,8.5,0.0,1e+16,81,5,4.933817692328642e-14,-0.0010880868718499133,0.0010880868759630352,0.0,4.113142680603405e-12,0.0010880868718498925,0.0010880868718499055,0.0010880868718498927,1.3010426069826053e-17,2.168404344971009e-19,-7.060670662836899e-18,-0.0010880868718499126,-0.0010880868718498998,-7.060670662836879e-18,-0.00010927218539810883,0.00012409835107875735,3.8163916471489756e-17,6.037514253434879e-20,1.0880868759630353e-11,3.8163916471489756e-17,True,3.5074328451679874e-14,969883.2293035723,969876.6282033767,969876.6282033767,969895.7859993738,972140.4121875882,0.5,8.943981815169137e-09,0.9999999910560182,0.5000000000000001,168582726075835.1,168582726075828.94,1.5564267150103283e-25,8.705173507816652e-10,-9.7732774674e-24,5.32560448686598e-10,-1.00937127942e-23,9.74071151937358e-22,7.009903609153141e-13,0.0010880868718499133,8.452252079794429e-10,0.0010880860266247053,1.0880868718499133e-19,1.0880860266247053e-19,1.0880868759630352e-19,0.9964698821121766,0.9964698794247255,0.0008828399138832831,0.0006616313198695122,0.8113695905294314,-0.05025166965025729
PF,-8.75,8.75,0.0,1e+16,81,4,3.703273242847084e-13,-0.0013304102079710427,0.001330410213837291,0.0,5.86625890776421e-12,0.001330410207971032,0.0013304102079710234,0.001330410207971033,-8.673617379884035e-18,8.673617379884035e-19,-7.241656737358887e-18,-0.0013304102079710306,-0.00133041020797104,-7.241656737358901e-18,-0.00013359543373801919,0.00015126863763310173,1.249000902703301e-16,7.875018591436799e-20,1.330410213837291e-11,1.249000902703301e-16,True,9.388088648995097e-14,994890.0137035844,994883.488407929,994883.488407929,994902.4293758156,997015.1599641263,0.5,9.999417823513702e-09,0.9999999900005822,0.5,149537522494175.16,149537522494173.0,-1.2006720372936819e-24,8.490734501200865e-10,-3.3645709314e-24,4.721219718447476e-10,-4.12560483255e-24,1.5512985012335703e-21,1.1763421349839814e-12,0.0013304102079710427,8.481874498138785e-10,0.001330409359783593,1.3304102079710426e-19,1.330409359783593e-19,1.330410213837291e-19,0.9965489441750507,0.9965489408029058,0.0010605371799170494,0.0007805507675428618,0.7971510213138898,-0.04875005432907986
PF,-9.0,9.0,0.0,1e+16,81,4,8.255725754938846e-14,-0.0016210664324905714,0.0016210664407992391,0.0,8.308680702918624e-12,0.0016210664324905583,0.0016210664324905549,0.0016210664324905586,-3.469446951953614e-18,2.168404344971009e-19,-7.422718086401549e-18,-0.0016210664324905622,-0.001621066432490566,-7.422718086401553e-18,-0.000162767175030385,0.00018392826129586413,9.80118763926896e-17,4.98751177457664e-20,1.621066440799239e-11,9.80118763926896e-17,True,6.046135675004568e-14,1019895.1104375314,1019888.6320721315,1019888.6320721315,1019907.4392311332,1021910.5233143183,0.5000000000000001,1.114658420519258e-08,0.9999999888534157,0.5000000000000001,132709548586153.72,132709548586151.17,-1.0894987005072298e-24,8.344838818771054e-10,-4.0855504167e-24,4.1867045379569143e-10,-5.08691081295e-24,-1.1183779892614112e-21,8.874971194985766e-13,0.0016210664324905714,8.50516946943679e-10,0.0016210655819736243,1.6210664324905713e-19,1.6210655819736242e-19,1.6210664407992392e-19,0.9966208002568107,0.9966207961360758,0.001270608124376813,0.0009240495688955744,0.7838104383351756,-0.04433277889778797
PF,-9.25,9.25,0.0,1e+16,81,4,6.263327793505218e-14,-0.0019689786262349174,0.001968978637931167,0.0,1.169627924713884e-11,0.0019689786262348874,0.0019689786262349148,0.0019689786262348883,2.7321894746634712e-17,8.673617379884035e-19,-7.603846919736654e-18,-0.0019689786262349226,-0.001968978626234896,-7.603846919736635e-18,-0.00019768211321460606,0.00022310350558830052,1.0842021724855044e-16,2.152505081659392e-19,1.9689786379311668e-11,1.0842021724855044e-16,True,5.5064191738752975e-14,1044898.8455325516,1044892.384415288,1044892.384415288,1044911.143361702,1046823.2419995331,0.5000000000000002,1.2376684519819746e-08,0.9999999876233154,0.5,117851462896354.48,117851462896349.9,-1.0227946984353586e-24,8.253136415084132e-10,-7.24984926885e-24,3.7141865683744995e-10,-8.4114273285e-24,0.0,7.019871876751356e-15,0.0019689786262349174,8.524734365838046e-10,0.001968977773761481,1.9689786262349175e-19,1.968977773761481e-19,1.9689786379311668e-19,0.9966903313742215,0.9966903264315503,0.0015197453128405185,0.0010953819446334829,0.771844828871399,-0.039424323280056184
PF,-9.5,9.5,0.0,1e+16,81,4,9.658697735048452e-14,-0.002384809819690839,0.0023848098360711397,0.0,1.6380300011906064e-11,0.00238480981969084,0.002384809819690806,0.0023848098196908403,-3.382710778154774e-17,4.336808689942018e-19,-7.785036322667487e-18,-0.002384809819690814,-0.002384809819690848,-7.785036322667518e-18,-0.00023940947538475315,0.0002699998922439951,1.0364972768961422e-16,2.6250061971456e-20,2.3848098360711397e-11,1.0364972768961422e-16,True,4.346247072696253e-14,1069901.6038702803,1069895.1287184288,1069895.1287184288,1069913.9299521719,1071749.742015399,0.5000000000000001,1.3671715951571477e-08,0.9999999863282839,0.5000000000000001,104745623456951.52,104745623456950.95,-1.3118453740801338e-24,8.198043023987752e-10,-8.61169940775e-25,3.296723092058682e-10,-2.4833737827e-24,-9.379944426063448e-22,8.126040846790303e-13,0.002384809819690839,8.543734739960664e-10,0.002384808965317365,2.384809819690839e-19,2.384808965317365e-19,2.3848098360711395e-19,0.9967585005403061,0.9967584946890451,0.001815200779518699,0.0012974283117297425,0.7611514406048604,-0.03531283964993548
PF,-9.75,9.75,0.0,1e+16,81,4,6.967216276014503e-14,-0.002881121344497741,0.0028811213673372712,0.0,2.2839566545201996e-11,0.0028811213444977046,0.0028811213444977445,0.0028811213444977068,3.9898639947466563e-17,2.168404344971009e-18,-7.966280894048364e-18,-0.0028811213444977523,-0.0028811213444977146,-7.966280894048342e-18,-0.0002892088058073479,0.0003260303462741828,1.214306433183765e-16,5.77501363372032e-20,2.8811213673372712e-11,1.214306433183765e-16,True,4.214700730590969e-14,1094903.6939328578,1094897.171107327,1094897.171107327,1094916.1121712693,1096687.0756226256,0.5,1.5001505312487155e-08,0.9999999849984946,0.5000000000000001,93200207215847.7,93200207215844.14,-6.0033601864684095e-25,8.165526445361455e-10,-5.667699842775e-24,2.9281790764513314e-10,-6.2484888726e-24,-2.886136746481061e-22,2.54047535104433e-13,0.002881121344497741,8.564857821907189e-10,0.002881120488011959,2.881121344497741e-19,2.881120488011959e-19,2.881121367337271e-19,0.9968249515159554,0.9968249446534448,0.0021649824698183016,0.0015339365737991745,0.7514376711514035,-0.03224884616638013
PF,-10.0,10.0,0.0,1e+16,81,4,8.366059090691814e-14,-0.0034726058163891643,0.0034726058481125716,0.0,3.17234003365372e-11,0.0034726058163891712,0.0034726058163891257,0.0034726058163891704,-4.5536491244391186e-17,-8.673617379884035e-19,-8.147576464899999e-18,-0.003472605816389134,-0.0034726058163891786,-8.147576464900027e-18,-0.00034855327148210083,0.0003928416282701524,1.4137996329210978e-16,1.365003222515712e-19,3.472605848112572e-11,1.4137996329210978e-16,True,4.071293129018732e-14,1119905.325857939,1119898.7186134276,1119898.7186134276,1119917.9062085897,1121633.0680101549,0.5000000000000001,1.6321006424448838e-08,0.9999999836789936,0.5000000000000001,83046418964310.31,83046418964309.72,-1.5786613823676188e-24,8.146239975272288e-10,-9.41278772475e-25,2.603138728810097e-10,-2.20299287175e-24,-3.030443583805114e-21,2.8106729059374627e-12,0.0034726058163891643,8.589678196219609e-10,0.0034726049574213447,3.472605816389164e-19,3.472604957421345e-19,3.472605848112572e-19,0.9968892129476703,0.996889204952929,0.0025781905608292365,0.0018098486910265235,0.7424370443632972,-0.03003379020639685
PF,-10.25,10.25,0.0,1e+16,81,4,9.690529577653368e-14,-0.00417639916295292,0.00417639920686202,0.0,4.3909091712306964e-11,0.004176399162952928,0.004176399162952875,0.004176399162952931,-5.2909066017292616e-17,2.6020852139652106e-18,-8.328919571776022e-18,-0.004176399162952884,-0.004176399162952939,-8.328919571776045e-18,-0.00041916091483898703,0.00047236224241829994,1.7520707107365752e-16,3.67500867600384e-19,4.17639920686202e-11,1.7520707107365752e-16,True,4.195170585843041e-14,1144906.632621989,1144899.9003371478,1144899.9003371478,1144919.4525133467,1146586.1616293439,0.5,1.756893682179503e-08,0.999999982431063,0.5,74136182584660.75,74136182584660.23,-1.0894987005072298e-24,8.13450043931212e-10,-8.21115524925e-25,2.3168314884736336e-10,-2.0027207925e-24,-7.215341866202653e-23,6.693519269979102e-14,0.00417639916295292,8.618145150315622e-10,0.0041763983011384054,4.17639916295292e-19,4.176398301138405e-19,4.1763992068620196e-19,0.9969510077809859,0.9969509985125632,0.003065314644566686,0.002131222911602962,0.7339612804006602,-0.02839751891522657
PF,-10.5,10.5,0.0,1e+16,81,4,8.74843252909132e-14,-0.005012460652686088,0.005012460713264574,0.0,6.057849011822685e-11,0.005012460652686084,0.005012460652686055,0.005012460652686087,-2.862293735361732e-17,3.469446951953614e-18,-8.510306967877655e-18,-0.005012460652686064,-0.005012460652686096,-8.510306967877664e-18,-0.0005030327320399849,0.0005668413554766046,1.97758476261356e-16,4.20000991543296e-20,5.012460713264574e-11,1.97758476261356e-16,True,3.94533718215534e-14,1169907.6961224754,1169900.7934878906,1169900.7934878906,1169920.8419751273,1171545.226045751,0.5000000000000001,1.866928603594632e-08,0.9999999813307138,0.5000000000000001,66340088023728.41,66340088023727.445,-5.113973492176793e-25,8.127014677319586e-10,-1.5220678023e-24,2.0650656215649462e-10,-2.52342819855e-24,-3.174750421129167e-21,3.1020543903222294e-12,0.005012460652686088,8.648448693086018e-10,0.005012459787841219,5.012460652686088e-19,5.012459787841219e-19,5.012460713264574e-19,0.9970102460250235,0.9970102353181401,0.0036384915391983533,0.0025051608331956646,0.7258894222003105,-0.02712873392093812
PF,-10.75,10.75,0.0,1e+16,81,4,7.273845262707784e-14,-0.006004016065442628,0.006004016148762189,0.0,8.331960678172005e-11,0.006004016065442583,0.00600401606544264,0.006004016065442581,5.724587470723463e-17,-1.734723475976807e-18,-8.69173522009221e-18,-0.006004016065442649,-0.00600401606544259,-8.691735220092195e-18,-0.0006024970807994445,0.0006788986897288209,2.888314587501384e-16,1.05000247885824e-19,6.004016148762189e-11,2.888314587501384e-16,True,4.810637606457554e-14,1194908.5667760745,1194901.4429200701,1194901.4429200701,1194922.135653635,1196509.4133723825,0.5000000000000001,1.9537274479320658e-08,0.9999999804627254,0.5,59545547067312.414,59545547067310.47,-4.891626818603889e-25,8.121922538780837e-10,-3.0441356046e-24,1.8441681287421554e-10,-4.005441585e-24,-7.215341866202653e-22,7.17089771279259e-13,0.006004016065442628,8.677717466890644e-10,0.006004015197670881,6.004016065442628e-19,6.004015197670881e-19,6.004016148762189e-19,0.9970669556209116,0.9970669432846327,0.004311758720118597,0.0029398326319786013,0.7181458704153921,-0.02608905573105319
PF,-11.0,11.0,0.0,1e+16,81,4,8.279951220107737e-14,-0.007178066382420962,0.0071780664966819415,0.0,1.142609509620057e-10,0.00717806638242099,0.0071780663824209025,0.0071780663824209875,-8.760353553682876e-17,-2.6020852139652106e-18,-8.873200409962446e-18,-0.007178066382420911,-0.007178066382420996,-8.873200409962469e-18,-0.0007202606520474886,0.0008115816140906691,2.654126918244515e-16,1.680003966173184e-19,7.178066496681942e-11,2.654126918244515e-16,True,3.697551310609039e-14,1219909.2760491862,1219901.8735824972,1219901.8735824972,1219923.377472015,1221478.063639296,0.49999999999999983,2.0090479011757685e-08,0.999999979909521,0.5000000000000001,53655155750015.414,53655155750014.97,-4.446933471458081e-25,8.118186989227555e-10,-7.209794852999999e-25,1.6509309648653895e-10,-1.56212221815e-24,-7.936876052822918e-22,8.06974091471781e-13,0.007178066382420962,8.703348871206545e-10,0.007178065512086075,7.178066382420963e-19,7.178065512086075e-19,7.178066496681941e-19,0.997121224785527,0.9971212106003694,0.0051013276976950225,0.003444577375404125,0.7106828001368415,-0.02519459830854104
PF,-11.25,11.25,0.0,1e+16,81,4,6.8574683057563e-14,-0.008565968807145235,0.008565968963393915,0.0,1.5624868702056418e-10,0.008565968807145228,0.008565968807145205,0.00856596880714523,-2.2551405187698492e-17,1.734723475976807e-18,-9.054697994378087e-18,-0.008565968807145214,-0.008565968807145238,-9.054697994378093e-18,-0.000859466686465253,0.0009684304264319001,3.7990444123892075e-16,3.1500074365747197e-19,8.565968963393915e-11,3.7990444123892075e-16,True,4.435043400955765e-14,1244909.8439147759,1244902.0978754035,1244902.0978754035,1244924.6018687391,1246450.6462655435,0.5,2.0263810554008504e-08,0.9999999797361896,0.5,48585261785629.01,48585261785628.13,-9.116213616489065e-25,8.115233276640566e-10,-1.381877346825e-24,1.4825635217779816e-10,-1.9426391687249998e-24,-2.453216234508902e-21,2.5394914241987085e-12,0.008565968807145235,8.724037840259392e-10,0.00856596793474145,8.565968807145234e-19,8.56596793474145e-19,8.565968963393915e-19,0.9971731658861961,0.9971731496017701,0.006025890616137276,0.004030048888511779,0.7034687337198348,-0.024396163323118114
PF,-11.5,11.5,0.0,1e+16,81,4,6.300861907969217e-14,-0.010204099465309513,0.010204099678389292,0.0,2.1307973549014994e-10,0.010204099465309556,0.010204099465309436,0.010204099465309554,-1.196959198423997e-16,-1.734723475976807e-18,-9.236222892831104e-18,-0.010204099465309445,-0.010204099465309563,-9.236222892831123e-18,-0.001023761371957689,0.0011535529426352589,4.198030811863873e-16,8.40001983086592e-20,1.0204099678389292e-10,4.198030811863873e-16,True,4.114062919979755e-14,1269910.2831388668,1269902.1198182302,1269902.1198182302,1269925.83831332,1271426.7243384968,0.5,2.002443050917442e-08,0.9999999799755694,0.5000000000000001,44264729065822.516,44264729065822.15,-7.3374402279058335e-25,8.112743235756432e-10,-5.707754258625e-25,1.336651098038989e-10,-1.3017685151249999e-24,-3.607670933101326e-21,3.79082639894643e-12,0.010204099465309513,8.739888274854329e-10,0.010204098591320685,1.0204099465309513e-18,1.0204098591320684e-18,1.0204099678389293e-18,0.9972228955625893,0.9972228768948288,0.007106968040955262,0.004708391946069236,0.6964817104962359,-0.023665129200414026
PF,-11.75,11.75,0.0,1e+16,81,4,9.558111829010266e-14,-0.012134608858324437,0.012134609148132112,0.0,2.898078389452051e-10,0.012134608858324273,0.012134608858324564,0.012134608858324274,2.914335439641036e-16,1.734723475976807e-18,-9.417769814199477e-18,-0.012134608858324573,-0.012134608858324283,-9.417769814199434e-18,-0.001217369531368765,0.0013717278093554298,5.290906601729262e-16,5.040011898519552e-19,1.2134609148132112e-10,5.290906601729262e-16,True,4.360178838181776e-14,1294910.6017021113,1294901.937332785,1294901.937332785,1294927.1139935679,1296405.9325386065,0.4999999999999999,1.9381168265457708e-08,0.9999999806188318,0.5000000000000002,40633887225020.34,40633887225018.55,-6.670400207187122e-25,8.110540274437051e-10,-2.823836317425e-24,1.2111189409017993e-10,-3.745087881975e-24,5.772273492962122e-22,6.182979793462912e-13,0.012134608858324437,8.751885261614023e-10,0.012134607983135912,1.2134608858324438e-18,1.213460798313591e-18,1.213460914813211e-18,0.9972705247806622,0.9972705034082902,0.008369304119425346,0.005493443769895828,0.6897053560408871,-0.022984682158212977
PF,-12.0,12.0,0.0,1e+16,81,4,7.840344868209887e-14,-0.014406282652507419,0.01440628304565197,0.0,3.9314461809442827e-10,0.014406282652507353,0.014406282652507449,0.014406282652507348,9.540979117872439e-17,-5.204170427930421e-18,-9.59933373779083e-18,-0.014406282652507459,-0.014406282652507358,-9.59933373779082e-18,-0.0014451808607014725,0.0016284464511703422,7.563394355258879e-16,1.2180028754755583e-18,1.440628304565197e-10,7.563394355258879e-16,True,5.250066468423042e-14,1319910.8041531588,1319901.5434372541,1319901.5434372541,1319928.4554739422,1321387.9630860533,0.5000000000000001,1.838422529148155e-08,0.9999999816157749,0.5000000000000001,37643653036453.47,37643653036454.25,-9.783253637207779e-25,8.108525715225463e-10,1.24168689135e-24,1.1042014021229969e-10,5.40734613975e-25,-1.5873752105645836e-21,1.7074946291540767e-12,0.014406282652507419,8.761314680805258e-10,0.014406281776375951,1.440628265250742e-18,1.4406281776375952e-18,1.4406283045651971e-18,0.9973161543814335,0.9973161299414149,0.00984131510083687,0.006400960794998037,0.68312665638507,-0.022344688884013364
PF,-12.25,12.25,0.0,1e+16,81,4,5.992091978454802e-14,-0.017075521933849824,0.01707552246583385,0.0,5.319840641811935e-10,0.017075521933849785,0.017075521933849827,0.017075521933849782,4.163336342344337e-17,-3.469446951953614e-18,-9.780910387669688e-18,-0.017075521933849837,-0.017075521933849792,-9.780910387670241e-18,-0.0017128481330774166,0.0019300789673615253,6.696032617270475e-16,0.0,1.707552246583385e-10,6.696032617270475e-16,True,3.921421807542618e-14,1344910.8923549054,1344900.9268106807,1344900.9268106807,1344929.8897893485,1346372.5564269428,0.5000000000000001,1.711486363772346e-08,0.9999999828851365,0.5,35254810936378.23,35254810936379.12,-8.671520269343258e-25,8.106643746564337e-10,1.37687054484375e-24,1.0144157627064182e-10,9.212515645499999e-25,7.215341866202653e-23,7.723979053633651e-14,0.017075521933849824,8.769423137224196e-10,0.01707552105690751,1.7075521933849823e-18,1.707552105690751e-18,1.707552246583385e-18,0.9973598734613611,0.9973598455440282,0.011555597656200303,0.007448872840863409,0.6767347021323107,-0.021738785933912652
PF,-12.5,12.5,0.0,1e+16,81,4,7.175544457202868e-14,-0.020207458756713308,0.02020745947480038,0.0,7.180871402689475e-10,0.02020745875671324,0.020207458756713335,0.020207458756713242,9.71445146547012e-17,3.469446951953614e-18,-9.962496545474796e-18,-0.020207458756713346,-0.020207458756713252,-9.962496545474788e-18,-0.002026898953694193,0.0022839840930202753,9.749145934989656e-16,7.980018839322624e-19,2.020745947480038e-10,9.749145934989656e-16,True,4.8245282625197315e-14,1369910.8658835029,1369900.0719856934,1369900.0719856934,1369931.4452382936,1371359.494785537,0.5000000000000001,1.5669053362900926e-08,0.9999999843309466,0.5000000000000001,33437441381534.38,33437441381535.03,-1.0227946984353586e-24,8.104862174877251e-10,1.0514284160625e-24,9.405403228039922e-11,-3.80516950575e-25,-7.936876052822918e-22,8.657795226355471e-13,0.020207458756713308,8.777304933972454e-10,0.020207457878982815,2.0207458756713307e-18,2.0207457878982815e-18,2.020745947480038e-18,0.9974017591023074,0.9974017272456647,0.013549504165914633,0.008657567806790105,0.6705199756970458,-0.021162750891628834
PF,-12.75,12.75,0.0,1e+16,81,4,6.634105118588798e-14,-0.023877224713980277,0.023877225680954066,0.0,9.669736884253828e-10,0.023877224713980377,0.02387722471398013,0.023877224713980384,-2.463307335887066e-16,6.938893903907228e-18,-1.0144090131288581e-17,-0.02387722471398014,-0.023877224713980395,-1.0144090131288601e-17,-0.002394862841166086,0.0026986501362783605,1.1553258350005535e-15,5.040011898519552e-19,2.387722568095407e-10,1.1553258350005535e-15,True,4.8386100229479844e-14,1394910.7222245196,1394898.9593115435,1394898.9593115435,1394933.1520242225,1396348.59751964,0.4999999999999999,1.4140949650005958e-08,0.9999999858590503,0.5000000000000001,32170487507018.36,32170487507019.367,2.2234667357290404e-25,8.103161863857941e-10,1.602176634e-24,8.815964047090911e-11,1.80244871325e-24,2.0202957225367427e-21,2.2129854307049076e-12,0.023877224713980277,8.785904005576766e-10,0.023877223835389875,2.3877224713980277e-18,2.3877223835389876e-18,2.3877225680954065e-18,0.9974418766657035,0.997441840349118,0.015865793015266874,0.010050210559782433,0.6644739407163083,-0.020613596080282792
PF,-13.0,13.0,0.0,1e+16,81,4,8.639788259587955e-14,-0.028171392386094594,0.028171393685176762,0.0,1.2990822833738878e-09,0.02817139238609448,0.02817139238609466,0.028171392386094493,1.8041124150158794e-16,1.3877787807814457e-17,-1.0325690083697037e-17,-0.02817139238609467,-0.028171392386094504,-1.0325690083697027e-17,-0.002825415623873436,0.003183858081621852,2.0469737016526324e-15,8.40001983086592e-20,2.817139368517676e-10,2.0469737016526324e-15,True,7.266142827465828e-14,1419910.4568457555,1419897.5647643942,1419897.5647643942,1419935.042829927,1421339.7176753394,0.5000000000000001,1.2610816061143956e-08,0.999999987389184,0.5000000000000001,31441452402804.227,31441452402804.777,-1.0672640331499394e-24,8.101530939088914e-10,8.4614953483125e-25,8.368339706910914e-11,-1.00136039625e-25,5.772273492962122e-22,6.346746244664818e-13,0.028171392386094594,8.796036742802239e-10,0.02817139150649092,2.8171392386094594e-18,2.817139150649092e-18,2.817139368517676e-18,0.9974802802524882,0.9974802388899152,0.018553362911964993,0.011653100107671802,0.6585887994808545,-0.02008906442272962
PF,-13.25,13.25,0.0,1e+16,81,4,7.849209399685694e-14,-0.033189611912009614,0.03318961365328517,0.0,1.7412758192181884e-09,0.03318961191200935,0.03318961191200986,0.033189611912009316,5.065392549852277e-16,-3.469446951953614e-17,-1.0507296129125244e-17,-0.03318961191200987,-0.03318961191200933,-1.0507296129125218e-17,-0.0033285433787911324,0.0037508667728214607,2.491062911502695e-15,3.1920075357290494e-18,3.318961365328517e-10,2.491062911502695e-15,True,7.505549590078235e-14,1444910.0631901147,1444895.8596449408,1444895.8596449408,1444937.153374184,1446332.739393978,0.5,1.1139101885674882e-08,0.9999999888608981,0.5000000000000001,31246221148971.43,31246221148971.61,-1.0005600310780683e-24,8.099961604110627e-10,2.8038091095e-25,8.057206095627605e-11,-6.8092506945e-25,3.5355175144393e-21,3.890769980039078e-12,0.033189611912009614,8.808379422744411e-10,0.03318961103117167,3.3189611912009615e-18,3.318961103117167e-18,3.3189613653285168e-18,0.9975170131370803,0.9975169660691675,0.021668081312378518,0.013496069565099578,0.6528573441860426,-0.019587347784718268
PF,-13.5,13.5,0.0,1e+16,81,4,8.025737969639208e-14,-0.03904646759168157,0.039046469920473524,0.0,2.328792451039863e-09,0.039046467591681074,0.039046467591682,0.03904646759168109,9.298117831235686e-16,1.3877787807814457e-17,-1.068890853241374e-17,-0.03904646759168202,-0.0390464675916811,-1.0688908532413697e-17,-0.003915728407252943,0.004412623025373486,3.4416913763379853e-15,9.240021813952512e-19,3.9046469920473523e-10,3.4416913763379853e-15,True,8.814347067347509e-14,1469909.5326118788,1469893.8101833826,1469893.8101833826,1469939.5229808162,1471327.5759690788,0.5000000000000001,9.765844379027532e-09,0.9999999902341556,0.5000000000000001,31589003498408.95,31589003498408.957,0.0,8.098448387358717e-10,2.503400990625e-26,7.879336949500779e-11,-1.00136039625e-25,2.597523071832955e-21,2.8551525855695223e-12,0.03904646759168157,8.82339447997897e-10,0.03904646670934213,3.9046467591681575e-18,3.904646670934213e-18,3.9046469920473524e-18,0.9975521080903468,0.9975520545759253,0.025273718221000968,0.015612933868145204,0.6472728610538803,-0.019106928157808956
PF,-13.75,13.75,0.0,1e+16,81,4,1.0742960717170144e-13,-0.04587358240518417,0.04587358551295259,0.0,3.10776927874725e-09,0.045873582405183314,0.04587358240518492,0.04587358240518336,1.609823385706477e-15,4.85722573273506e-17,-1.0870527888183687e-17,-0.04587358240518494,-0.045873582405183376,-1.0870527888183632e-17,-0.00460016004001879,0.005183999858299488,3.2959746043559335e-15,2.4360057509511165e-18,4.5873585512952594e-10,3.2959746043559335e-15,True,7.184907321938683e-14,1494908.8542685935,1494891.3770600073,1494891.3770600073,1494942.1951797889,1496324.1684327256,0.5000000000000001,8.513401349946067e-09,0.9999999914865987,0.5000000000000001,32482394763862.86,32482394763862.84,-3.7798934507393687e-25,8.096987173446408e-10,-4.5061217831249996e-26,7.833555639883785e-11,-6.0081623774999995e-25,1.226608117254451e-21,1.344911968367516e-12,0.04587358240518417,8.841202613078505e-10,0.045873581521063904,4.5873582405184165e-18,4.587358152106391e-18,4.587358551295259e-18,0.9975855875593288,0.997585526765935,0.0294429979226863,0.018041990690311982,0.6418290647127013,-0.018646486722450617
PF,-14.0,14.0,0.0,1e+16,81,4,7.029656368461642e-14,-0.05382200164877101,0.053822005787273274,0.0,4.138501415861465e-09,0.05382200164877186,0.053822001648770094,0.05382200164877188,-1.762479051592436e-15,2.0816681711721685e-17,-1.1052154975616355e-17,-0.05382200164877011,-0.05382200164877189,-1.1052154975616413e-17,-0.0053969733959429375,0.006082066416884111,3.975986206938842e-15,2.184005156025139e-18,5.382200578727328e-10,3.975986206938842e-15,True,7.387287316369398e-14,1519908.0149744612,1519888.514842908,1519888.514842908,1519945.2183546028,1521322.4845983433,0.5000000000000002,7.390560851606732e-09,0.9999999926094392,0.49999999999999983,33947554062724.387,33947554062725.17,-1.3785493761520052e-24,8.095574664822609e-10,1.244190292340625e-24,7.920716078467734e-11,-4.005441585e-25,-2.2367559785228224e-21,2.4388330279048165e-12,0.05382200164877101,8.861452128674908e-10,0.0538220007626258,5.382200164877101e-18,5.38220007626258e-18,5.382200578727327e-18,0.9976174636960407,0.9976173946890755,0.03425878263298368,0.020826580564247466,0.6365200503057684,-0.018204850559812025
PF,-14.25,14.25,0.0,1e+16,81,4,7.873232598022781e-14,-0.0630648905777097,0.06306489607735288,0.0,5.499643787518295e-09,0.0630648905777091,0.06306489057771021,0.06306489057770916,1.1102230246251565e-15,5.551115123125783e-17,-1.123379067401538e-17,-0.06306489057771023,-0.06306489057770917,-1.123379067401535e-17,-0.006323519587940821,0.007126393585546008,5.218048215738236e-15,2.5200059492597758e-18,6.306489607735289e-10,5.218048215738236e-15,True,8.274093101395087e-14,1544906.999017569,1544885.1713403186,1544885.1713403186,1544948.6464476117,1546322.5185149577,0.4999999999999999,6.396685960022995e-09,0.999999993603314,0.5000000000000001,36014500613677.25,36014500613677.375,-9.338560290061971e-25,8.094208079969886e-10,2.0027207925e-25,8.143712055300977e-11,-1.00136039625e-24,7.215341866202653e-22,7.824886955152296e-13,0.0630648905777097,8.883276857482441e-10,0.06306488968938201,6.30648905777097e-18,6.306488968938201e-18,6.3064896077352885e-18,0.9976477382376947,0.9976476599689942,0.03981540362234828,0.024015712824686314,0.631340256336829,-0.017780960371522825
PF,-14.5,14.5,0.0,1e+16,81,4,8.942896887011204e-14,-0.07380058504747822,0.0738005923410975,0.0,7.293619601621476e-09,0.0738005850474779,0.07380058504747843,0.07380058504747795,5.273559366969494e-16,5.551115123125783e-17,-1.1415435925295143e-17,-0.07380058504747844,-0.07380058504747797,-1.1415435925295135e-17,-0.007399671280632371,0.008339399768319012,8.31279489688086e-15,1.3440031729385471e-18,7.380059234109749e-10,8.31279489688086e-15,True,1.1263859317632733e-13,1569905.7879410964,1569881.2868623016,1569881.2868623016,1569952.5397336772,1571324.290305796,0.5,5.525212456881183e-09,0.9999999944747875,0.5000000000000001,38722530282396.25,38722530282396.414,-6.225706860041313e-25,8.092884981935816e-10,2.67863905996875e-25,8.507514703308449e-11,-4.606257822749999e-25,-3.6076709331013267e-22,3.8667036597717726e-13,0.07380058504747822,8.905423870109102e-10,0.07380058415693583,7.380058504747822e-18,7.380058415693582e-18,7.38005923410975e-18,0.9976764022435972,0.9976763135379827,0.04622015710097652,0.027664764660033092,0.6262844343168077,-0.017373850066815022
PF,-14.75,14.75,0.0,1e+16,81,4,1.7013142599952127e-13,-0.08625603870115348,0.08625604835472397,0.0,9.653571003354742e-09,0.08625603870115298,0.08625603870115393,0.08625603870115299,9.575673587391975e-16,1.3877787807814457e-17,-1.1597091727896059e-17,-0.08625603870115395,-0.086256038701153,-1.1597091727896039e-17,-0.008648167960203661,0.009746741848874797,6.9111383282915995e-15,3.1920075357290494e-18,8.625604835472398e-10,6.9111383282915995e-15,True,8.012352130797676e-14,1594904.3602873278,1594876.7933847706,1594876.7933847706,1594956.9656723598,1596327.8463753616,0.5000000000000001,4.766290941680336e-09,0.9999999952337091,0.5000000000000001,42120756057491.83,42120756057491.97,-2.6681600828748485e-25,8.091603178948931e-10,2.2530608915625e-25,9.019238146079325e-11,-3.6048974264999997e-25,5.772273492962122e-22,6.128623721106023e-13,0.08625603870115348,8.926543573631628e-10,0.08625603780849912,8.625603870115347e-18,8.625603780849912e-18,8.625604835472397e-18,0.9977034356935448,0.9977033352345213,0.05359498405736532,0.031836261298107627,0.6213476229496413,-0.01698263316027132
PF,-15.0,15.0,0.0,1e+16,81,4,7.419476510689891e-14,-0.10069071530718499,0.10069072805946185,0.0,1.275227779190114e-08,0.10069071530718406,0.10069071530718596,0.10069071530718397,1.9012569296705806e-15,-8.326672684688674e-17,-1.1778759149469033e-17,-0.10069071530718597,-0.10069071530718399,-1.1778759149469e-17,-0.01009500578328334,0.01137775693890066,8.992806499463768e-15,3.5280083289636865e-18,1.0069072805946184e-09,8.992806499463768e-15,True,8.931116769910692e-14,1619902.691302327,1619871.6136070674,1619871.6136070674,1619961.999849089,1621333.2599780017,0.5,4.1086249278307135e-09,0.9999999958913752,0.5,46268777620687.734,46268777620687.75,-7.782133575051642e-25,8.090360665127623e-10,3.7551014859374997e-26,9.688233737287048e-11,-5.40734613975e-25,-2.0202957225367427e-21,2.11394319306079e-12,0.10069071530718499,8.945520606375204e-10,0.10069071441263293,1.0069071530718499e-17,1.0069071441263293e-17,1.0069072805946185e-17,0.9977288069507432,0.9977286932643676,0.062078355342839786,0.036600746157469555,0.6165251255288667,-0.016606493187127036
PF,-15.25,15.25,0.0,1e+16,81,4,1.0928392485022344e-13,-0.11740098045903177,0.11740099727261347,0.0,1.6813584038203704e-08,0.11740098045902943,0.11740098045903408,0.11740098045902944,4.649058915617843e-15,1.3877787807814457e-17,-1.1960439349607933e-17,-0.11740098045903409,-0.11740098045902946,-1.1960439349607867e-17,-0.011769877433015696,0.013265961190058424,9.575673587391975e-15,3.696008725581005e-18,1.1740099727261346e-09,9.575673587391975e-15,True,8.156381810928386e-14,1644900.7525984636,1644865.659893114,1644865.659893114,1644967.727016386,1646340.6321469941,0.4999999999999999,3.5406607766332204e-09,0.9999999964593392,0.5000000000000001,51237486674295.35,51237486674295.375,-1.5564267150103283e-25,8.089155583674096e-10,4.5061217831249996e-26,1.0526213644704212e-10,-2.20299287175e-25,6.421654260920361e-21,6.613355821944315e-12,0.11740098045903177,8.961691165717462e-10,0.11740097956286266,1.1740098045903177e-17,1.1740097956286266e-17,1.1740099727261347e-17,0.99775247208992,0.9977523435269159,0.07182738560383917,0.04203775067507437,0.6118124897363314,-0.01624467657393619
PF,-15.5,15.5,0.0,1e+16,81,4,8.313213219593069e-14,-0.13672505306081212,0.1367250751878269,0.0,2.212701596593161e-08,0.13672505306081092,0.1367250530608133,0.13672505306081092,2.3869795029440866e-15,0.0,-1.2142133607345851e-17,-0.1367250530608133,-0.13672505306081092,-1.2142133607345825e-17,-0.013706668032519414,0.015449612688695628,9.880984919163893e-15,2.3520055526424576e-18,1.367250751878269e-09,9.880984919163893e-15,True,7.226900336744983e-14,1669898.5117713436,1669858.8330846108,1669858.8330846108,1669974.2422469584,1671350.0929890645,0.5,3.051301396928222e-09,0.9999999969486986,0.5,57110016220833.24,57110016220833.18,4.002240124312273e-25,8.087986202833276e-10,-1.063945421015625e-25,1.1547404873413024e-10,8.01088317e-26,1.803835466550663e-21,1.822874063649458e-12,0.13672505306081212,8.97487499216115e-10,0.13672505216332462,1.3672505306081212e-17,1.3672505216332462e-17,1.3672507518782689e-17,0.9977743740890919,0.9977742288051127,0.08302020220169493,0.048236874474906266,0.6072054893241022,-0.015896487091213718
PF,-15.75,15.75,0.0,1e+16,81,4,8.602631789592247e-14,-0.15904858390104137,0.15904861296750009,0.0,2.906645498290869e-08,0.1590485839010451,0.1590485839010378,0.15904858390104498,-7.299716386910404e-15,-1.1102230246251565e-16,-1.2323843350624827e-17,-0.1590485839010378,-0.15904858390104498,-1.2323843350624905e-17,-0.015944013854515805,0.017972346283002358,1.457167719820518e-14,4.032009518815641e-18,1.5904861296750008e-09,1.457167719820518e-14,True,9.161775715191398e-14,1694895.9319671723,1694851.021173733,1694851.021173733,1694981.6522114035,1696361.803353682,0.5,2.630292430516072e-09,0.9999999973697076,0.5000000000000001,63982843570144.125,63982843570144.66,-6.225706860041313e-25,8.086850899227813e-10,8.574148392890625e-25,1.276873516524014e-10,2.0027207925e-25,-3.030443583805114e-21,2.997236868384237e-12,0.15904858390104137,8.98526385621952e-10,0.15904858300251498,1.5904858390104137e-17,1.59048583002515e-17,1.5904861296750008e-17,0.9977944418811818,0.9977942778149418,0.0958585980461642,0.055298987575799596,0.6027001073291449,-0.015561281391647364
PF,-16.0,16.0,0.0,1e+16,81,4,1.4600961420426535e-13,-0.1848109362240924,0.1848109743380481,0.0,3.811395653156789e-08,0.1848109362240916,0.1848109362240934,0.18481093622409137,1.8041124150158794e-15,-2.220446049250313e-16,-1.250557018650258e-17,-0.1848109362240934,-0.18481093622409137,-1.2505570186502561e-17,-0.018525931327555246,0.020883889119598185,1.5432100042289676e-14,2.3520055526424576e-18,1.848109743380481e-09,1.5432100042289676e-14,True,8.350207609458277e-14,1719892.9713960139,1719842.0978210508,1719842.0978210508,1719990.0765947122,1721375.9568914461,0.4999999999999999,2.2683951502170334e-09,0.9999999977316049,0.49999999999999994,71967058493995.16,71967058493995.02,5.113973492176793e-25,8.085748145562208e-10,-2.22802688165625e-25,1.4210052558078488e-10,-6.0081623775e-26,7.648262378174812e-21,7.380412773922534e-12,0.1848109362240924,8.993259524905726e-10,0.18481093532476645,1.848109362240924e-17,1.8481093532476644e-17,1.848109743380481e-17,0.9978125892598024,0.9978124041090065,0.11057100032323686,0.06333756745177405,0.5982925205639564,-0.015238465342672647
PF,-16.25,16.25,0.0,1e+16,81,4,1.2266952121959265e-13,-0.21451225161583762,0.21451230150593198,0.0,4.989008996431342e-08,0.214512251615842,0.2145122516158333,0.21451225161584195,-8.715250743307479e-15,-5.551115123125783e-17,-1.2687315931883246e-17,-0.2145122516158333,-0.21451225161584195,-1.2687315931883319e-17,-0.021502524680931702,0.024240866702105037,1.765254609153999e-14,1.7472041248201113e-17,2.14512301505932e-09,1.765254609153999e-14,True,8.229153278210405e-14,1744889.5827858734,1744831.9207030637,1744831.9207030637,1744999.6496665464,1746392.7825202462,0.5000000000000001,1.9574276177047435e-09,0.9999999980425723,0.5000000000000001,81189809671851.39,81189809671851.36,-7.3374402279058335e-25,8.08467650100328e-10,-4.5061217831249996e-26,1.5894380742754076e-10,-4.4059857435e-25,-5.4836598183140165e-21,5.146743302150398e-12,0.21451225161583762,8.999333975535632e-10,0.2145122507159042,2.1451225161583763e-17,2.1451225071590422e-17,2.1451230150593198e-17,0.9978287136317291,0.9978285048259418,0.12741579044195117,0.07248018495182196,0.5939790851884638,-0.014927491007001026
PF,-16.5,16.5,0.0,1e+16,81,4,1.3861283550706593e-13,-0.24872139380112124,0.2487214589936562,0.0,6.519253121855336e-08,0.24872139380112498,0.24872139380111735,0.24872139380112512,-7.632783294297951e-15,1.3877787807814457e-16,-1.2869082644923993e-17,-0.24872139380111735,-0.24872139380112512,-1.2869082644924047e-17,-0.02493078149953795,0.028107710441086117,2.0844437287337314e-14,1.1424026969977651e-17,2.487214589936562e-09,2.0844437287337314e-14,True,8.380634856226445e-14,1769885.7127719424,1769820.3296722923,1769820.3296722923,1770010.5220219982,1771412.5473217797,0.5,1.6902293809925454e-09,0.9999999983097705,0.5000000000000004,91795944388998.4,91795944388998.44,-4.446933471458081e-25,8.083634603271555e-10,1.063945421015625e-25,1.7848212719319882e-10,-1.40190455475e-25,1.8759888852126896e-21,1.7073828586269437e-12,0.24872139380112124,9.003940068616354e-10,0.24872139290072723,2.4872139380112125e-17,2.4872139290072724e-17,2.487214589936562e-17,0.9978426946069769,0.9978424592783597,0.14668501417644464,0.08287015436292988,0.5897563231924782,-0.014627854173600574
PF,-16.75,16.75,0.0,1e+16,81,4,1.3192271669586796e-13,-0.28808487318509435,0.2880849582301746,0.0,8.50450863639708e-08,0.28808487318508824,0.2880848731851005,0.28808487318508824,1.226796442210798e-14,0.0,-1.3050872657681538e-17,-0.2880848731851005,-0.28808487318508824,-1.3050872657681467e-17,-0.02887546648456385,0.03255767895753296,2.3925306180672123e-14,1.0080023797039103e-17,2.880849582301746e-09,2.3925306180672123e-14,True,8.304948070754962e-14,1794881.3012147297,1794807.1447107168,1794807.1447107168,1795022.8625108835,1796435.559896594,0.5000000000000001,1.4605856578676726e-09,0.9999999985394145,0.5000000000000001,103949858373557.73,103949858373557.73,-7.11509355433293e-25,8.082621161882039e-10,4.2557816840625e-26,2.0101845631684063e-10,-5.807890298249999e-25,-1.7316820478886365e-21,1.5222614043354463e-12,0.28808487318509435,9.007469064216605e-10,0.2880848722843474,2.8808487318509435e-17,2.8808487228434745e-17,2.880849582301746e-17,0.9978543924160145,0.9978541273663468,0.16870852496133848,0.09466836424958591,0.5856209096422761,-0.014339092399834441
PF,-17.0,17.0,0.0,1e+16,81,4,1.2277749853428268e-13,-0.33333686624400183,0.3333369770038827,0.0,1.1075988204187144e-07,0.33333686624400066,0.3333368662440029,0.33333686624400083,2.220446049250313e-15,1.6653345369377348e-16,-1.3232688610482696e-17,-0.3333368662440029,-0.33333686624400083,-1.323268861048269e-17,-0.033410124844540624,0.0376740068474082,2.4147350785597155e-14,8.064019037631282e-18,3.333369770038827e-09,2.4147350785597155e-14,True,7.244126050052913e-14,1819876.2804401712,1819792.16365621,1819792.16365621,1820036.8603754244,1821462.1742088017,0.5000000000000001,1.2631334950558398e-09,0.9999999987368664,0.5,117837574706221.3,117837574706221.19,2.2234667357290405e-26,8.081634952200183e-10,-1.5646256191406249e-25,2.2689760051621744e-10,-3.204353268e-25,3.607670933101326e-21,3.054935608907902e-12,0.33333686624400183,9.010239649132562e-10,0.33333686534297785,3.333368662440018e-17,3.3333686534297784e-17,3.333369770038827e-17,0.9978636461423236,0.9978633478067703,0.19385860762801,0.10805530711629685,0.5815696605550799,-0.01406078356434648
PF,-17.25,17.25,0.0,1e+16,81,4,9.456605517447303e-14,-0.38531045627114335,0.38531060028730335,0.0,1.4401615552467861e-07,0.38531045627114785,0.385310456271139,0.3853104562711477,-8.826273045769994e-15,-1.6653345369377348e-16,-1.3414533488715826e-17,-0.385310456271139,-0.3853104562711477,-1.3414533488715863e-17,-0.03861820798266299,0.04355119623141856,3.141931159689193e-14,1.8144042834670387e-17,3.853106002873034e-09,3.141931159689193e-14,True,8.154281655751076e-14,1844870.5743940955,1844775.1596790738,1844775.1596790738,1845052.727617599,1846492.7939579925,0.4999999999999999,1.0932633931324972e-09,0.9999999989067366,0.5,133669072918809.52,133669072918810.23,-9.783253637207779e-25,8.080674810106267e-10,1.1127617403328124e-24,2.5651047392343247e-10,2.60353703025e-25,-6.133040586272255e-21,4.9822255982465966e-12,0.38531045627114335,9.012503786593262e-10,0.385310455369893,3.8531045627114336e-17,3.85310455369893e-17,3.8531060028730334e-17,0.997870271757392,0.9978699361647253,0.22255513455769538,0.12323332739822468,0.5775995212588907,-0.013792544951593377
PF,-17.5,17.5,0.0,1e+16,81,4,9.952419543689861e-14,-0.4449502356025071,0.44495042256244804,0.0,1.8695994609722783e-07,0.44495023560250196,0.44495023560251273,0.4449502356025015,1.0769163338864018e-14,-4.440892098500626e-16,-1.3596410662550294e-17,-0.44495023560251273,-0.4449502356025015,-1.3596410662550256e-17,-0.044594335509757235,0.050296468223380124,3.9745984281580604e-14,2.5536060285832396e-17,4.4495042256244805e-09,3.9745984281580604e-14,True,8.932677050329651e-14,1869864.0977027176,1869755.8784839786,1869755.8784839786,1870070.7016199376,1871527.877519161,0.5,9.470240565671306e-10,0.999999999052976,0.5,151680891727539.38,151680891727538.7,1.3340800414374243e-25,8.079739627135534e-10,-9.850882898109375e-25,2.9029889559413877e-10,-9.81333188325e-25,1.3709149545785041e-21,1.0651884464206695e-12,0.4449502356025071,9.01445941349365e-10,0.4449502347010612,4.449502356025071e-17,4.449502347010612e-17,4.4495042256244804e-17,0.9978740599441435,0.9978736826725969,0.255271311289605,0.14042910876087622,0.5737075550957029,-0.013534032922138006
PF,-17.75,17.75,0.0,1e+16,81,4,1.3472418903348274e-13,-0.5133264243775537,0.5133266667076173,0.0,2.423300720404471e-07,0.5133264243775453,0.5133264243775618,0.5133264243775455,1.6542323066914832e-14,2.220446049250313e-16,-1.377832393026948e-17,-0.5133264243775618,-0.5133264243775455,-1.3778323930269424e-17,-0.05144570910701314,0.05803139347615701,4.39648317751562e-14,4.5696107879910605e-17,5.133266667076173e-09,4.39648317751562e-14,True,8.564688847578977e-14,1894856.7546300103,1894734.0352106325,1894734.0352106325,1895091.0480446303,1896567.943497985,0.5,8.210342580602405e-10,0.9999999991789659,0.5000000000000001,172139031335168.7,172139031335168.84,-6.225706860041313e-25,8.078828346003668e-10,2.641088045109375e-25,3.28760953937939e-10,-3.0040811887499997e-25,-1.4430683732405307e-21,1.066676755763778e-12,0.5133264243775537,9.016264486372941e-10,0.5133264234759273,5.1332642437755373e-17,5.1332642347592726e-17,5.133266667076173e-17,0.9978747736940721,0.9978743498226058,0.292540074054801,0.15989642312549313,0.569890932311455,-0.013284943272317828
PF,-18.0,18.0,0.0,1e+16,81,4,1.0961096931637481e-13,-0.5916506772242407,0.5916509908413643,0.0,3.1361712464594385e-07,0.5916506772242397,0.5916506772242421,0.5916506772242394,2.4424906541753444e-15,-3.3306690738754696e-16,-1.396027756570038e-17,-0.5916506772242421,-0.5916506772242394,-1.3960277565700372e-17,-0.059293695397788414,0.06689372323308927,5.2513549064769904e-14,5.3760126917541886e-18,5.916509908413643e-09,5.2513549064769904e-14,True,8.87576457703424e-14,1919848.4379220323,1919709.311003601,1919709.311003601,1920114.0640392113,1921613.5769523878,0.5,7.124035645923536e-10,0.9999999992875964,0.5,195342183891968.7,195342183891969.1,-7.782133575051642e-25,8.077939956453716e-10,5.7578222784374995e-25,3.724569892821738e-10,2.8038091095e-25,1.8759888852126896e-21,1.3154419769334784e-12,0.5916506772242407,9.018049885807353e-10,0.5916506763224357,5.916506772242407e-17,5.916506763224358e-17,5.916509908413644e-17,0.9978721456626041,0.9978716697171943,0.3349612074930637,0.18191916515999873,0.5661469189473515,-0.01304501243378553
PF,-18.25,18.25,0.0,1e+16,81,4,8.854546782049314e-14,-0.6812937670784781,0.6812941723423589,0.0,4.052638851263318e-07,0.6812937670784738,0.6812937670784825,0.6812937670784737,8.770761894538737e-15,-1.1102230246251565e-16,-1.4142276370415642e-17,-0.6812937670784825,-0.6812937670784737,-1.414227637041562e-17,-0.06827559677192255,0.07703944485501266,6.150635556423367e-14,3.763208884227932e-17,6.812941723423589e-09,6.150635556423367e-14,True,9.027870494293022e-14,1944839.0275273612,1944681.3492201401,1944681.3492201401,1945140.0817779074,1946665.4363384636,0.5,6.186623526826534e-10,0.9999999993813377,0.5000000000000001,221625323534295.06,221625323534294.72,-4.891626818603889e-25,8.077073491375525e-10,-7.1847608430937495e-25,4.220162496309671e-10,-9.41278772475e-25,-4.4013585383836185e-21,2.9161223425967134e-12,0.6812937670784781,9.019930351306714e-10,0.6812937661764851,6.81293767078478e-17,6.812937661764851e-17,6.81294172342359e-17,0.9978658752669164,0.9978653411614267,0.38320925691653684,0.20681469706302913,0.5624728655116871,-0.012814019735442828
PF,-18.5,18.5,0.0,1e+16,81,4,1.5413378105834018e-13,-0.7838053547285326,0.7838058776461908,0.0,5.229176491182783e-07,0.7838053547285417,0.7838053547285245,0.7838053547285408,-1.7208456881689926e-14,-8.881784197001252e-16,-1.432432573119259e-17,-0.7838053547285245,-0.7838053547285408,-1.432432573119262e-17,-0.07854663104617884,0.08864508864154672,7.593925488436071e-14,5.3760126917541886e-18,7.838058776461908e-09,7.593925488436071e-14,True,9.688528378022653e-14,1969828.3891819278,1969649.7512415478,1969649.7512415478,1970169.4723714544,1971724.261242912,0.4999999999999999,5.377008024793257e-10,0.9999999994622991,0.5000000000000001,251363690422086.53,251363690422086.06,-5.781013512895506e-25,8.076228023160021e-10,-6.4587745558125e-25,4.781442796920175e-10,-1.021387604175e-24,-7.936876052822918e-22,4.944853198283941e-13,0.7838053547285326,9.02201338076537e-10,0.7838053538263313,7.838053547285327e-17,7.838053538263313e-17,7.838058776461909e-17,0.997855625510479,0.9978550264814146,0.4380423158354243,0.23493752911194843,0.55886619515549,-0.012591791071487612
PF,-18.75,18.75,0.0,1e+16,81,4,9.580727281631093e-14,-0.9009360736599203,0.9009367474074599,0.0,6.737475213035505e-07,0.9009360736599386,0.9009360736599026,0.9009360736599382,-3.597122599785507e-14,-3.3306690738754696e-16,-1.4506431683414328e-17,-0.9009360736599026,-0.9009360736599382,-1.4506431683414395e-17,-0.09028214294524385,0.10191031595610534,7.926992395823618e-14,2.6880063458770944e-17,9.009367474074599e-09,7.926992395823618e-14,True,8.798611465937394e-14,1994816.3728455717,1994614.071851565,1994614.071851565,1995202.650179593,1996790.8809711332,0.5,4.677161818719413e-10,0.9999999995322838,0.5000000000000001,284977206365184.94,284977206365187.0,-6.670400207187122e-25,8.075402660256845e-10,3.2093600699812498e-24,5.416311083691632e-10,2.1629384559e-24,-8.441949983457104e-21,4.9401193216007035e-12,0.9009360736599203,9.024406270875008e-10,0.9009360727574797,9.009360736599204e-17,9.009360727574796e-17,9.009367474074598e-17,0.997841019519046,0.9978403480536573,0.5003117759201534,0.2666833613352906,0.5553243909846541,-0.012378204477801302
PF,-19.0,19.0,0.0,1e+16,81,4,1.2120415541810397e-13,-1.0346621823668398,1.0346630492097884,0.0,8.668429353914545e-07,1.034662182366853,1.0346621823668265,1.0346621823668531,-2.6423307986078726e-14,2.220446049250313e-16,-1.4688600980961747e-17,-1.0346621823668265,-1.0346621823668531,-1.468860098096179e-17,-0.10368007264932984,0.11706082223477805,9.43689570931383e-14,4.5696107879910605e-17,1.0346630492097884e-08,9.43689570931383e-14,True,9.120742947688281e-14,2019802.810976711,2019573.814142703,2019573.814142703,2020240.0775632255,2021866.2240646097,0.5,4.0716756968394285e-10,0.9999999995928325,0.5,322935362942881.4,322935362942881.75,-9.560906963634875e-25,8.074596543909527e-10,4.506121783125e-25,6.133603050830344e-10,-4.806529902e-25,-3.174750421129167e-21,1.7352149596417047e-12,1.0346621823668398,9.027221439203211e-10,1.0346621814641177,1.0346621823668398e-16,1.0346621814641177e-16,1.0346630492097884e-16,0.997821636774188,0.9978208845314147,0.5709731329210173,0.30249351028240223,0.5518449820143723,-0.012173198374046401
PF,-19.25,19.25,0.0,1e+16,81,4,1.202719436558185e-13,-1.187213060421373,1.1872141741349818,0.0,1.1137136039099388e-06,1.1872130604213778,1.1872130604213675,1.1872130604213789,-1.021405182655144e-14,1.1102230246251565e-15,-1.4870841173270163e-17,-1.1872130604213675,-1.1872130604213789,-1.4870841173270185e-17,-0.11896370906955926,0.13435159244706177,1.0547118733938987e-13,1.881604442113966e-17,1.1872141741349818e-08,1.0547118733938987e-13,True,8.883922516864947e-14,2044787.5166305678,2044528.4239088083,2044528.4239088083,2045282.270116025,2046951.3288286123,0.5,3.547371306380118e-10,0.9999999996452628,0.5000000000000002,365762626441138.6,365762626441140.94,-6.225706860041313e-25,8.073808845046124e-10,3.572353213621875e-24,6.943189803618342e-10,3.4446797631e-24,-5.4836598183140165e-21,2.792756224177663e-12,1.187213060421373,9.030579986788153e-10,1.187213059518315,1.1872130604213732e-16,1.187213059518315e-16,1.1872141741349817e-16,0.9977970090326529,0.9977961667558815,0.6510979479198866,0.3428597413334167,0.5484255270777219,-0.011976783627649201
PF,-19.5,19.5,0.0,1e+16,81,4,9.032285037384939e-14,-1.361101850053422,1.3611032789693787,0.0,1.4289159804870615e-06,1.3611018500533982,1.3611018500534464,1.3611018500533978,4.8183679268731794e-14,-4.440892098500626e-16,-1.5053160690205002e-17,-1.3611018500534464,-1.3611018500533978,-1.5053160690204947e-17,-0.13638475806130163,0.15407055101431044,1.13464793116691e-13,3.4944082496402226e-17,1.3611032789693787e-08,1.13464793116691e-13,True,8.336236850638259e-14,2069770.2813654914,2069477.283480012,2069477.283480012,2070329.8024164385,2072047.3549547559,0.5000000000000001,3.092970878757996e-10,0.9999999996907029,0.5000000000000001,414044407385167.2,414044407385164.06,-5.558666839322601e-25,8.073038761306746e-10,-5.049359798090625e-24,7.856088109470648e-10,-5.4474005556e-24,2.453216234508902e-21,1.1611359138597293e-12,1.361101850053422,9.034613202454242e-10,1.3611018491499607,1.361101850053422e-16,1.3611018491499607e-16,1.3611032789693787e-16,0.997766615923681,0.9977656733448731,0.7418870680121112,0.3883295198649943,0.5450635957003781,-0.011789061222214348
PF,-19.75,19.75,0.0,1e+16,81,4,1.5169624906863853e-13,-1.5591595713885074,1.5591614022258087,0.0,1.830837333964704e-06,1.5591595713884747,1.559159571388541,1.5591595713884738,6.639133687258436e-14,-8.881784197001252e-16,-1.5235568935448788e-17,-1.559159571388541,-1.5591595713884738,-1.5235568935448714e-17,-0.156226758427939,0.17654265309949457,1.503241975342462e-13,5.3760126917541886e-18,1.5591614022258088e-08,1.503241975342462e-13,True,9.641349338153716e-14,2094750.872941129,2094419.7049542554,2094419.7049542554,2095383.3143441197,2097155.5963299447,0.5000000000000002,2.698816069845903e-10,0.9999999997301183,0.5,468433645805580.1,468433645805579.06,-5.336320165749697e-25,8.072285514192583e-10,-1.845006530090625e-24,8.884581738809871e-10,-2.0227480004249998e-24,1.1544546985924245e-21,5.05123906939929e-13,1.5591595713885074,9.0394614281236e-10,1.559159570484561,1.5591595713885074e-16,1.559159570484561e-16,1.5591614022258086e-16,0.9977298802222766,0.9977288259566015,0.8446852130562901,0.43951168133326846,0.5417567444965083,-0.011610248340919282
PF,-20.0,20.0,0.0,1e+16,81,4,1.0052983044170876e-13,-1.784573066062277,1.7845754087382408,0.0,2.342675941501224e-06,1.7845730660622994,1.7845730660622543,1.7845730660622998,-4.5075054799781356e-14,4.440892098500626e-16,-1.541807638911077e-17,-1.7845730660622543,-1.7845730660622998,-1.5418076389110814e-17,-0.17880888122748514,0.20213446955178824,1.6120438317557273e-13,3.763208884227932e-17,1.7845754087382408e-08,1.6120438317557273e-13,True,9.033206575986052e-14,2119729.0327916,2119354.922778555,2119354.922778555,2120443.518005288,2122277.4951253315,0.5,2.3566288825768775e-10,0.9999999997643371,0.5000000000000001,529658066431588.4,529658066431589.7,2.2234667357290404e-25,8.071548346324569e-10,2.03776840636875e-24,1.0042354772050572e-09,1.982693584575e-24,-1.4430683732405306e-22,5.891285564185507e-14,1.784573066062277,9.04526946680642e-10,1.78457306515775,1.784573066062277e-16,1.7845730651577502e-16,1.7845754087382408e-16,0.997686162805562,0.9976849842353754,0.9609970336702691,0.49708249646061553,0.5385024869157264,-0.011440717383939536
PF,-20.25,20.25,0.0,1e+16,81,4,1.1648725618241423e-13,-2.040927149316974,2.040930142982009,0.0,2.99366500931306e-06,2.0409271493169996,2.04092714931695,2.0409271493169983,-4.973799150320701e-14,-1.3322676295501878e-15,-1.560069472027916e-17,-2.04092714931695,-2.0409271493169983,-1.56006947202792e-17,-0.20449015043572452,0.23125932355701884,1.7008616737257398e-13,3.118087361217429e-16,2.0409301429820087e-08,1.7008616737257398e-13,True,8.33375742709452e-14,2144704.473256532,2144282.085632902,2144282.085632902,2145511.2053120616,2147414.6572623737,0.5,2.059308494971551e-10,0.9999999997940692,0.5,598528160390524.6,598528160390526.8,-7.3374402279058335e-25,8.070826518803814e-10,3.23940088186875e-24,1.1344637762275544e-09,2.943999564975e-24,-2.886136746481061e-22,1.0794415964849802e-13,2.040927149316974,9.052177636292654e-10,2.040927148411756,2.0409271493169737e-16,2.040927148411756e-16,2.0409301429820087e-16,0.9976347573135258,0.9976334404611147,1.0925047370562266,0.5617920650200103,0.5352982530054592,-0.011281055349914582
PF,-20.5,20.5,0.0,1e+16,81,4,1.1431416444693524e-13,-2.3322513724627405,2.332255193061853,0.0,3.82059908231358e-06,2.3322513724627707,2.3322513724627107,2.3322513724627703,-5.995204332975845e-14,-4.440892098500626e-16,-1.5783436910223574e-17,-2.3322513724627107,-2.3322513724627703,-1.5783436910223618e-17,-0.23367412519929784,0.2643830430351386,2.1538326677728037e-13,1.8278443151964242e-16,2.332255193061853e-08,2.1538326677728037e-13,True,9.234978548574648e-14,2169676.874553154,2169200.247571581,2169200.247571581,2170587.2562595657,2172568.8693510676,0.5000000000000001,1.800758636175691e-10,0.9999999998199242,0.5000000000000001,675945951085194.6,675945951085199.1,-6.670400207187122e-25,8.070119308671234e-10,7.2899036847e-24,1.2808367625429556e-09,6.969468357899999e-24,-8.658410239443182e-22,2.962790453445676e-13,2.3322513724627405,9.060307824031798e-10,2.3322513715567097,2.3322513724627407e-16,2.3322513715567097e-16,2.332255193061853e-16,0.9975748845575175,0.9975734139450918,1.2410873559512314,0.6344708946826341,0.5321413339432798,-0.01113215615178853
PF,-20.75,20.75,0.0,1e+16,81,4,1.1173423496314128e-13,-2.6630718114145298,2.6630766811497892,0.0,4.869735320792464e-06,2.6630718114144685,2.6630718114145946,2.6630718114144654,1.2612133559741778e-13,-3.1086244689504383e-15,-1.5966317386904144e-17,-2.6630718114145946,-2.6630718114144654,-1.5966317386904064e-17,-0.2668140852953985,0.3020303986485195,2.4513724383723456e-13,2.6880063458770944e-17,2.6630766811497894e-08,2.4513724383723456e-13,True,9.205038877490978e-14,2194645.881473931,2194108.358381463,2194108.358381463,2195672.647940273,2197742.1171893356,0.4999999999999999,1.5757409043288556e-10,0.9999999998424259,0.5,762914600622246.1,762914600622241.8,-4.446933471458081e-26,8.069426006471547e-10,-7.15472003120625e-24,1.4452362059451844e-09,-7.069604397525e-24,-1.4430683732405307e-21,4.4581941205151975e-13,2.6630718114145298,9.06974468320591e-10,2.6630718105075553,2.66307181141453e-16,2.6630718105075552e-16,2.663076681149789e-16,0.9975056867551128,0.9975040452513019,1.4088416918438362,0.7160363797976537,0.5290288028603047,-0.010995367733848904
PF,-21.0,21.0,0.0,1e+16,81,4,1.4617587538515305e-13,-3.038468294978496,3.038474494137044,0.0,6.199158562150806e-06,3.038468294978482,3.0384682949785087,3.038468294978483,2.6645352591003757e-14,8.881784197001252e-16,-1.614935217132537e-17,-3.0384682949785087,-3.038468294978483,-1.614935217132536e-17,-0.30441876120937267,0.3447923021288173,2.793321129956894e-13,5.913613960929608e-17,3.038474494137044e-08,2.793321129956894e-13,True,9.193169583443299e-14,2219611.0997971795,2219005.253126767,2219005.253126767,2220768.4643262695,2222936.6058964785,0.5,1.3797500903583324e-10,0.999999999862025,0.5000000000000001,860548907506825.1,860548907506826.5,-1.5564267150103283e-25,8.068745913938874e-10,1.77741470334375e-24,1.6297509132951881e-09,1.822475921175e-24,-1.7316820478886365e-21,4.910904965653223e-13,3.038468294978496,9.080513553764611e-10,3.0384682940704444,3.038468294978496e-16,3.0384682940704444e-16,3.038474494137044e-16,0.9974262217280203,0.9974243903796267,1.5981048774807913,0.8074986272559892,0.5259573978769122,-0.010872733377761346
PF,-21.25,21.25,0.0,1e+16,81,4,1.2079659937773484e-13,-3.4641374538993723,3.464145335618358,0.0,7.881719016699764e-06,3.4641374538993412,3.464137453899402,3.4641374538993426,6.084022174945858e-14,1.3322676295501878e-15,-1.6332559036032007e-17,-3.464137453899402,-3.4641374538993426,-1.633255903603198e-17,-0.3470586469680225,0.3933338418434512,2.802202914153895e-13,1.7203240613613403e-16,3.4641453356183576e-08,2.802202914153895e-13,True,8.08916094062692e-14,2244572.092404108,2243889.640869007,2243889.640869007,2245875.9068326266,2248154.7817209745,0.49999999999999983,1.2089081594913707e-10,0.9999999998791093,0.5,970086732651947.5,970086732651945.1,1.3340800414374243e-25,8.068078341841119e-10,-3.9103123473562496e-24,1.8366972364156322e-09,-3.8452239216e-24,5.772273492962123e-21,1.4900528796337193e-12,3.4641374538993723,9.092558663695299e-10,3.4641374529901166,3.4641374538993726e-16,3.4641374529901167e-16,3.464145335618358e-16,0.997335457298688,0.9973334151462261,1.8114783383071824,0.9099645523008721,0.5229233432246115,-0.010767400847067343
PF,-21.5,21.5,0.0,1e+16,81,4,1.3347478917687087e-13,-3.946461879885394,3.9464718885605214,0.0,1.0008675149617475e-05,3.946461879885372,3.9464618798854154,3.946461879885373,4.3520742565306136e-14,8.881784197001252e-16,-1.651595767559921e-17,-3.9464618798854154,-3.946461879885373,-1.651595767559919e-17,-0.39537292467093665,0.44840322872410093,3.228528555609955e-13,2.2579253305367593e-16,3.946471888560521e-08,3.228528555609955e-13,True,8.18079704296985e-14,2269528.375107116,2268760.0925854812,2268760.0925854812,2270996.305643436,2273399.355499919,0.5000000000000001,1.0598740519552308e-10,0.9999999998940126,0.5,1092901362069013.2,1092901362069010.2,-1.3340800414374243e-25,8.06742260805652e-10,-4.5361625950124995e-24,2.068641100206527e-09,-5.347264515975e-24,-1.5873752105645836e-21,3.709319312835319e-13,3.946461879885394,9.105727078356861e-10,3.9464618789748216,3.946461879885394e-16,3.9464618789748217e-16,3.9464718885605217e-16,0.9972322662976303,0.997229990173918,2.051852612218955,1.0246380948608138,0.5199220656736631,-0.010684343352360015
PF,-21.75,21.75,0.0,1e+16,81,4,1.1458523969198901e-13,-4.492585475732991,4.492598169934733,0.0,1.2694201830237684e-05,4.492585475732903,4.4925854757330805,4.4925854757329,1.7763568394002505e-13,-2.6645352591003757e-15,-1.6699569888036777e-17,-4.4925854757330805,-4.4925854757329,-1.6699569888036712e-17,-0.45007700881682844,0.5108417087971855,4.68070027181966e-13,1.397763299856089e-16,4.492598169934733e-08,4.68070027181966e-13,True,1.0418693359098393e-13,2294479.412215917,2293615.0283760456,2293615.0283760456,2296131.1317205997,2298673.3276263797,0.49999999999999983,9.297669039535785e-11,0.9999999999070233,0.5,1230514756887042.8,1230514756887045.2,7.11509355433293e-25,8.066778036023519e-10,4.5161353870874996e-24,2.3284214067037134e-09,3.785142297825e-24,1.0245785450007767e-20,2.178966229779827e-12,4.492585475732991,9.119764662794002e-10,4.492585474821015,4.492585475732991e-16,4.492585474821014e-16,4.492598169934733e-16,0.9971154229236776,0.9971128872340289,2.322431851276093,1.1528120982883472,0.5169477273815517,-0.010631688477615808
PF,-22.0,22.0,0.0,1e+16,81,4,1.3189313895413765e-13,-5.110494632974184,5.11051071392855,0.0,1.6080954319167623e-05,5.1104946329742305,5.110494632974133,5.110494632974235,-9.769962616701378e-14,4.440892098500626e-15,-1.6883419764433352e-17,-5.110494632974133,-5.110494632974235,-1.6883419764433383e-17,-0.5119706739785086,0.5815944532549739,5.417888360170764e-13,2.1504050767016755e-16,5.11051071392855e-08,5.417888360170764e-13,True,1.0601461700108495e-13,2319424.6119101387,2318452.704171776,2318452.704171776,2321282.009300518,2323980.0141456896,0.5,8.161006698001468e-11,0.9999999999183901,0.5000000000000001,1384611525137505.5,1384611525137495.5,8.893866942916162e-26,8.066143953841151e-10,-1.5801467052825e-23,2.6191744472103648e-09,-1.6181984003399998e-23,-3.463364095777273e-21,6.64460795548109e-13,5.110494632974184,9.134328879285937e-10,5.110494632060751,5.110494632974185e-16,5.110494632060752e-16,5.11051071392855e-16,0.9969836018517555,0.9969807783351923,2.6267555193088175,1.2958421067579824,0.5139924231266841,-0.010623301946617314
PF,-22.25,22.25,0.0,1e+16,81,4,1.2046319610465885e-13,-5.80910392476417,5.809124271672864,0.0,2.0346908823342393e-05,5.809103924764041,5.80910392476429,5.809103924764048,2.495781359357352e-13,7.105427357601002e-15,-1.7067533880520654e-17,-5.80910392476429,-5.809103924764048,-1.7067533880520583e-17,-0.5819466343526413,0.6617223283798819,5.186961971048731e-13,1.8278443151964242e-16,5.8091242716728646e-08,5.186961971048731e-13,True,8.928991235980276e-14,2344363.321571928,2343271.1984096603,2343271.1984096603,2346450.7284504245,2349323.073124801,0.5,7.167284591628719e-11,0.9999999999283272,0.5,1557053209611345.8,1557053209611344.5,-3.1128534300206567e-25,8.065519694589658e-10,-2.3131425153374998e-24,2.9443585048609673e-09,-2.52342819855e-24,2.308909397184849e-21,4.0314280252377423e-13,5.80910392476417,9.149019187062533e-10,5.809103923849268,5.809103924764169e-16,5.809103923849267e-16,5.809124271672864e-16,0.9968353828538384,0.9968322403255293,2.9687119677819105,1.455079311947559,0.5110447336970282,-0.010684144381703842
PF,-22.5,22.5,0.0,1e+16,81,4,1.3693388964430357e-13,-6.598342914190728,6.5983686279110705,0.0,2.5713720429941834e-05,6.59834291419064,6.598342914190815,6.598342914190641,1.7497114868092467e-13,8.881784197001252e-16,-1.7251941476693006e-17,-6.598342914190815,-6.598342914190641,-1.7251941476692966e-17,-0.6609992346143679,0.7524141911227233,5.719869022868806e-13,1.0752025383508377e-16,6.59836862791107e-08,5.719869022868806e-13,True,8.668610902812834e-14,2369294.823412332,2368068.399661695,2368068.399661695,2371639.2567661447,2374706.5294251447,0.4999999999999999,6.297952095284325e-11,0.9999999999370204,0.5000000000000001,1749891966788167.8,1749891966788158.5,-9.116213616489065e-25,8.064904599111996e-10,-1.4249358438637498e-23,3.307776875685312e-09,-1.4960324319975e-23,1.4430683732405307e-21,2.298398765070898e-13,6.598342914190728,9.163420254694e-10,6.5983429132743865,6.598342914190728e-16,6.598342913274387e-16,6.598368627911071e-16,0.9966692667864065,0.9966657708631216,3.3525320803110077,1.6317047592136547,0.5080869734075907,-0.010862290678956499
PF,-22.75,22.75,0.0,1e+16,81,4,1.1470823166650264e-13,-7.489235822102073,7.489268278923314,0.0,3.245682137881571e-05,7.489235822101935,7.48923582210222,7.489235822101927,2.851052727237402e-13,-7.993605777301127e-15,-1.7436674595979363e-17,-7.48923582210222,-7.489235822101927,-1.7436674595979298e-17,-0.7502324250988849,0.8549987303454535,7.149836278586008e-13,2.365445584371843e-16,7.489268278923314e-08,7.149836278586008e-13,True,9.546775482335768e-14,2394218.3311351505,2392841.997393781,2392841.997393781,2396849.748181339,2400134.793696462,0.49999999999999983,5.536976323615492e-11,0.9999999999446301,0.49999999999999944,1965381514855423.5,1965381514855429.2,1.3340800414374243e-25,8.064298024178456e-10,7.099645209412499e-24,3.7135953676899686e-09,8.45148174435e-24,3.030443583805114e-21,4.301471591478145e-13,7.489235822102073,9.177148569037309e-10,7.489235821184359,7.489235822102073e-16,7.489235821184359e-16,7.489268278923314e-16,0.9964837163327241,0.9964798291474541,3.782735234085223,1.8263009599521247,0.5050896145352004,-0.011258734980969937
PF,-23.0,23.0,0.0,1e+16,81,4,1.4255518442822602e-13,-8.493953570727435,8.493994488071438,0.0,4.0917343839876216e-05,8.493953570727598,8.493953570727276,8.493953570727594,-3.2152058793144533e-13,-3.552713678800501e-15,-1.7621768107990614e-17,-8.493953570727276,-8.493953570727594,-1.7621768107990673e-17,-0.8508649695395502,0.9709532399586762,7.549516567451064e-13,8.601620306806702e-17,8.493994488071438e-08,7.549516567451064e-13,True,8.888063888024941e-14,2419132.9893982704,2417589.4809541204,2417589.4809541204,2422084.544114881,2425612.665667359,0.4999999999999999,4.870508027093021e-11,0.999999999951295,0.5,2205980228801848.8,2205980228801858.0,-2.890506756447753e-25,8.06369936361681e-10,1.5100514775449998e-23,4.166344965184773e-09,1.4740025032799998e-23,-1.2987615359164776e-21,1.6868416895573768e-13,8.493953570727435,9.189891728487905e-10,8.493953569808445,8.493953570727435e-16,8.493953569808445e-16,8.493994488071439e-16,0.996277255112449,0.9962729350337582,4.263957624503536,2.0376272327220804,0.5019991679327837,-0.012111668145327964
PF,-23.25,23.25,0.0,1e+16,81,4,1.5724148339491865e-13,-9.625783474786186,9.62583499020648,0.0,5.151542006152871e-05,9.625783474786418,9.625783474785958,9.625783474786411,-4.600764214046649e-13,-7.105427357601002e-15,-1.7807259431015457e-17,-9.625783474785958,-9.625783474786411,-1.780725943101553e-17,-0.9642274034944404,1.1019019846776545,9.57456336436735e-13,5.591053199424356e-16,9.625834990206479e-08,9.57456336436735e-13,True,9.946735399171817e-14,2444037.8806432798,2442308.1599311163,2442308.1599311163,2447346.154625123,2451145.2958952677,0.4999999999999999,4.2866162808735316e-11,0.9999999999571337,0.49999999999999944,2474332877560949.0,2474332877560947.0,6.448053533614217e-25,8.063108104657401e-10,-3.304489307625e-24,4.6708854983014e-09,-1.56212221815e-24,2.7418299091570082e-21,3.176751991554456e-13,9.625783474786186,9.201432457564967e-10,9.625783473866042,9.625783474786186e-16,9.625783473866043e-16,9.62583499020648e-16,0.9960487197698777,0.9960439211688434,4.800474080642569,2.258491622090638,0.4987099589010946,-0.014082241693926772
PF,-23.5,23.5,0.0,1e+16,81,4,1.367065702515343e-13,-10.89885126213839,10.898916024602963,0.0,6.476246461560067e-05,10.898851262138347,10.898851262138434,10.898851262138347,8.704148513061227e-14,0.0,-1.7993187395232742e-17,-10.898851262138434,-10.898851262138347,-1.7993187395232733e-17,-1.0917341844079902,1.2495810210703702,9.698908343125368e-13,1.9353645690315078e-16,1.0898916024602964e-07,9.698908343125368e-13,True,8.89896602674181e-14,2468932.0528264623,2466995.244481595,2466995.244481595,2472637.183259934,2476738.029283837,0.4999999999999999,3.775119941688812e-11,0.9999999999622489,0.5,2773190454085830.5,2773190454085812.5,-4.002240124312273e-25,8.062523996241417e-10,-2.93999412339e-23,5.232258852484448e-09,-3.064162812525e-23,-5.772273492962122e-22,5.704620824596454e-14,10.89885126213839,9.21165467571303e-10,10.898851261217224,1.089885126213839e-15,1.0898851261217225e-15,1.0898916024602964e-15,0.9957979728724128,0.9957926460584618,5.394915059860825,2.4576662852900952,0.49499850310447313,-0.01952578199448013
PF,-23.75,23.75,0.0,1e+16,81,4,1.3248025383875824e-13,-12.326995111448909,12.327076373385273,0.0,8.126193607066402e-05,12.326995111449202,12.32699511144862,12.3269951114492,-5.826450433232822e-13,-1.7763568394002505e-15,-1.8179588255253567e-17,-12.32699511144862,-12.3269951114492,-1.817958825525365e-17,-1.23477090306949,1.415681406487752,1.1262102361797588e-12,8.171539291466367e-16,1.2327076373385273e-07,1.1262102361797588e-12,True,9.1360692679028e-14,2493814.6162727554,2491648.1218459127,2491648.1218459127,2497960.067107229,2502395.856218243,0.4999999999999999,3.327649481965096e-11,0.9999999999667235,0.5,3105121231115824.5,3105121231115841.0,-1.5564267150103283e-25,8.061947660416398e-10,2.5414526856824998e-23,5.855177342581591e-09,2.63558056293e-23,-3.030443583805114e-21,2.87516749332408e-13,12.326995111448909,9.220534173959788e-10,12.326995110526855,1.232699511144891e-15,1.2326995110526856e-15,1.2327076373385274e-15,0.9955282885717528,0.9955223803136539,6.046303176881128,2.4557152574114482,0.49049286729397507,-0.0413688266907937
PF,-24.0,24.0,0.0,1e+16,81,4,1.2727113216086693e-13,-13.918901484435262,13.919003128470266,0.0,0.00010164403486518313,13.9189014844354,13.918901484435127,13.918901484435397,-2.7355895326763857e-13,-3.552713678800501e-15,-1.836647945615234e-17,-13.918901484435127,-13.918901484435397,-1.836647945615237e-17,-1.3942070573491012,1.6011182709195655,1.1901590823981678e-12,8.171539291466367e-16,1.3919003128470265e-07,1.1901590823981678e-12,True,8.550605753969461e-14,2518685.1360246884,2516265.4593053022,2516265.4593053022,2523316.0352092627,2528121.177975635,0.5000000000000001,2.9387069540015495e-11,0.999999999970613,0.5000000000000001,3471306755196462.5,3471306755196459.5,-2.0011200621561365e-25,8.06138364246941e-10,-6.789223486574999e-24,6.541954819145642e-09,-5.64767263485e-24,-3.607670933101326e-21,3.055050049246539e-13,13.918901484435262,9.228119563134396e-10,13.91890148351245,1.3918901484435262e-15,1.391890148351245e-15,1.3919003128470266e-15,0.9952565901761996,0.9952500466756682,6.776718056837339,0.5657432722964302,0.48687161590048317,-0.19639828629982573
PF,-24.25,24.25,0.0,1e+16,81,4,1.140822721311912e-13,-15.647275722507874,15.647401718142484,0.0,0.00012599563472043913,15.647275722507764,15.647275722507992,15.647275722507757,2.2737367544323206e-13,-7.105427357601002e-15,-1.8553761359730754e-17,-15.647275722507992,-15.647275722507757,-1.8553761359730732e-17,-1.5673080137525486,1.8008626020796619,1.3606893389805919e-12,6.451215230105026e-16,1.5647401718142486e-07,1.3606893389805919e-12,True,8.695944307500788e-14,2543545.986186109,2540853.6558510023,2540853.6558510023,2548698.976349135,2553900.279478687,0.4999999999999999,2.6151759982669703e-11,0.9999999999738483,0.5000000000000001,3863996929450896.0,3863996929450906.5,2.0011200621561365e-25,8.060866521526872e-10,1.9486473311024998e-23,7.280121262418594e-09,1.90659019446e-23,1.2987615359164776e-21,9.818942169844626e-14,15.647275722507874,9.234509648468915e-10,15.647275721584423,1.5647275722507875e-15,1.5647275721584423e-15,1.5647401718142484e-15,0.9950759824719763,0.9950687684086503,6.8205719341108875,-5.867881458177358,0.435895171496361,-0.5650143825934109
PF,-24.5,24.5,0.0,1e+16,81,4,1.1985712431623825e-13,-17.13094198008971,17.13108953169319,0.0,0.00014755160319597426,17.130941980089993,17.130941980089414,17.13094198009,-5.790923296444817e-13,7.105427357601002e-15,-1.87402057781163e-17,-17.130941980089414,-17.13094198009,-1.874020577811635e-17,-1.7158927429681434,1.9517766498396854,1.609379296496627e-12,7.311377260785697e-16,1.713108953169319e-07,1.609379296496627e-12,True,9.394494690598704e-14,2568426.6031055152,2565493.1330456776,2565493.1330456776,2574032.1950984397,2579564.1022706944,0.5000000000000001,2.4478417797588736e-11,0.9999999999755215,0.5000000000000001,4189205812297530.5,4189205812297533.5,-6.670400207187121e-26,8.060709881868804e-10,7.009522773749999e-24,7.915019307661815e-09,8.1711008334e-24,-5.772273492962122e-22,4.162990282705355e-14,17.13094198008971,9.239832019848936e-10,17.130941979165726,1.713094198008971e-15,1.7130941979165726e-15,1.7131089531693188e-15,0.9962667788250753,0.9962590548115897,3.8618093878445237,-9.912622895950506,0.22542889892109674,-0.6294567074717622
PF,-24.75,24.75,0.0,1e+16,81,4,1.7913086583389326e-13,-17.561603274344805,17.561754872695683,0.0,0.0001515983506846315,17.561603274345,17.561603274344616,17.56160327434499,-3.836930773104541e-13,-1.0658141036401503e-14,-1.8922863501767225e-17,-17.561603274344616,-17.56160327434499,-1.8922863501767256e-17,-1.759001575453515,1.9849940182246266,1.8047785488306545e-12,1.4622754521571394e-15,1.7561754872695685e-07,1.8047785488306545e-12,True,1.0276755152963969e-13,2593400.4303250182,2590408.578239,2590408.578239,2599108.33154963,2604706.691553108,0.5,2.4198836413014373e-11,0.9999999999758012,0.5,4253141112178018.0,4253141112178009.0,-6.892746880760026e-25,8.060521497378836e-10,-1.2657195408599999e-23,8.055820495884666e-09,-1.51405691913e-23,1.0101478612683714e-21,7.187812820679202e-14,17.561603274344805,9.244225600809313e-10,17.56160327342038,1.7561603274344804e-15,1.7561603273420382e-15,1.7561754872695683e-15,0.9984885028387287,0.9984807449240137,0.701156093648116,-7.418623653054318,0.03992551720544337,-0.4240283507602907
PF,-25.0,25.0,0.0,1e+16,81,4,1.4863063243748583e-13,-17.648093735591313,17.64824385432102,0.0,0.0001501187297255042,17.648093735591296,17.648093735591313,17.648093735591313,1.7763568394002505e-14,1.7763568394002505e-14,-1.9104213019175928e-17,-17.648093735591313,-17.648093735591313,-1.910421301917593e-17,-1.767637264518165,1.9926425610455007,1.687538997430238e-12,9.891863352827706e-16,1.764824385432102e-07,1.687538997430238e-12,True,9.56207887515708e-14,2618407.047391687,2615427.3859534175,2615427.3859534175,2624090.5601738067,2629669.2080288725,0.5,2.412518214489305e-11,0.9999999999758749,0.5,4233306640564365.0,4233306640564378.5,3.557546777166465e-25,8.060087488559863e-10,2.05879697469e-23,8.020974972812942e-09,2.1108677152949998e-23,-6.205194004934281e-21,4.3842706280114706e-13,17.648093735591313,9.247828071441137e-10,17.64809373466653,1.7648093735591312e-15,1.764809373466653e-15,1.764824385432102e-15,0.9987884577389842,0.9987808109899202,0.12935247264501726,-2.0124977531192485,0.00732954360906002,-0.11408857398311438
PF,-25.25,25.25,0.0,1e+16,81,4,1.0114918455736937e-13,-17.681021485571556,17.68116930964128,0.0,0.00014782406995570723,17.681021485571325,17.681021485571787,17.681021485571325,4.618527782440651e-13,0.0,-1.9285372462883364e-17,-17.681021485571787,-17.681021485571325,-1.9285372462883323e-17,-1.770908411628875,1.9958095107841667,1.7479351299698465e-12,1.1182106398848712e-15,1.7681169309641282e-07,1.7479351299698465e-12,True,9.88585709100542e-14,2643418.412656744,2640461.0073530464,2640461.0073530464,2649059.2833019234,2654605.561165588,0.4999999999999999,2.409274224015414e-11,0.9999999999759073,0.4999999999999999,4201121764764675.0,4201121764764673.0,8.22682692219745e-25,8.05963302655694e-10,-4.68636665445e-24,7.960734216258767e-09,-3.4446797631e-24,6.349500842258334e-21,4.5057731454506664e-13,17.681021485571556,9.250767867519384e-10,17.68102148464648,1.7681021485571555e-15,1.7681021484646478e-15,1.768116930964128e-15,0.9988625498313891,0.9988550334740012,0.0846246162362263,-0.3828966783282013,0.004786183666464694,-0.021678708304102026
PF,-25.5,25.5,0.0,1e+16,81,4,1.4985649106268775e-13,-17.698230251964738,17.69837559256376,0.0,0.0001453405991701525,17.69823025196459,17.698230251964898,17.698230251964578,3.090860900556436e-13,-1.0658141036401503e-14,-1.9466484773369377e-17,-17.698230251964898,-17.698230251964578,-1.9466484773367134e-17,-1.7726055872345405,1.9975235523650885,1.6271428648906294e-12,7.741458276126031e-16,1.769837559256376e-07,1.6271428648906294e-12,True,9.193741292134731e-14,2668430.9521192494,2665498.253626076,2665498.253626076,2674024.687137347,2679535.426525746,0.5,2.407476803155138e-11,0.9999999999759253,0.5,4165840304905096.0,4165840304905096.0,6.892746880760026e-25,8.059181387436482e-10,-8.811971487e-25,7.894225426265852e-09,-8.01088317e-25,-1.8759888852126896e-21,1.3405802387929758e-13,17.698230251964738,9.253159867386759e-10,17.698230251039423,1.7698230251964738e-15,1.7698230251039424e-15,1.769837559256376e-15,0.9988954964606503,0.9988881133477586,0.05149124133752281,-0.1327426628708679,0.002909400578879841,-0.0075088000118213915
PF,-25.75,25.75,0.0,1e+16,81,4,1.159427467056747e-13,-17.708821556620315,17.708964376507403,0.0,0.0001428198862877917,17.708821556621114,17.708821556619526,17.708821556621103,-1.588063014423824e-12,-1.0658141036401503e-14,-1.9647583472250565e-17,-17.708821556619526,-17.708821556621103,-1.964758347224848e-17,-1.773640423884931,1.998594292762993,2.3376856006507296e-12,1.9783726705655412e-15,1.7708964376507402e-07,2.3376856006507296e-12,True,1.3200577690200157e-13,2693443.831059701,2690536.5491048484,2690536.5491048484,2698989.1304500164,2704463.4183095866,0.4999999999999999,2.406347763645284e-11,0.9999999999759366,0.5,4129670676818463.5,4129670676818471.0,-3.1128534300206567e-25,8.058736324055342e-10,1.1575726180649999e-23,7.825904458398466e-09,1.13754541014e-23,-5.916580330286175e-21,4.2728976642855705e-13,17.708821556620315,9.255103734981e-10,17.708821555694804,1.7708821556620315e-15,1.7708821555694804e-15,1.7708964376507404e-15,0.9989160001671256,0.9989087493138227,0.03403074576740295,-0.0625079530745225,0.0019216832503718656,-0.003533456429715903
PF,-26.0,26.0,0.0,1e+16,81,4,1.0282747882660231e-13,-17.71602057996622,17.71616089445433,0.0,0.00014031448853236796,17.716020579965797,17.716020579966642,17.7160205799658,8.455458555545192e-13,3.552713678800501e-15,-1.9828680128721158e-17,-17.716020579966642,-17.7160205799658,-1.982868012872108e-17,-1.7743359556903542,1.999325330778056,1.744382416291046e-12,9.891863352827706e-16,1.771616089445433e-07,1.744382416291046e-12,True,9.846277795078549e-14,2718456.762045632,2715575.0139481327,2715575.0139481327,2723953.4215318603,2729391.128996872,0.5,2.4055808997515075e-11,0.9999999999759442,0.5000000000000001,4093382461659683.0,4093382461659727.5,-4.446933471458081e-25,8.058298693234874e-10,6.8993731301625e-23,7.75730355461069e-09,6.88134864303e-23,1.7316820478886365e-21,1.2086104684301607e-13,17.71602057996622,9.256683992760223e-10,17.716020579040553,1.771602057996622e-15,1.7716020579040552e-15,1.771616089445433e-15,0.9989314726743587,0.9989243518202598,0.024144070651161087,-0.03468103849802162,0.0013628382594974757,-0.0019594661682835455
PF,-26.25,26.25,0.0,1e+16,81,4,1.5380364098306683e-13,-17.721251872279083,17.72138971862273,0.0,0.0001378463440378489,17.721251872278692,17.721251872279478,17.721251872278685,7.851497230149107e-13,-7.105427357601002e-15,-2.0009779665910745e-17,-17.721251872279478,-17.721251872278685,-2.000977966591067e-17,-1.7748348585250073,1.9998555066956916,1.943334382303874e-12,4.730891168743686e-16,1.7721389718622733e-07,1.943334382303874e-12,True,1.0966038291351937e-13,2743469.6229207665,2740613.276040719,2740613.276040719,2748917.902874535,2754319.236244784,0.5000000000000001,2.4050318054916294e-11,0.9999999999759497,0.5000000000000001,4057304985753562.0,4057304985753530.5,-1.3563147087947148e-24,8.057868662353283e-10,-4.8005217396224995e-23,7.689073339872642e-09,-5.106938020875e-23,9.235637588739396e-21,6.806284342799632e-13,17.721251872279083,9.257971101314809e-10,17.721251871353285,1.7721251872279084e-15,1.7721251871353285e-15,1.7721389718622732e-15,0.9989444839488864,0.9989374903411111,0.018062377703110144,-0.02133294749533121,0.0010192495335111338,-0.0012048447660683642
PF,-26.5,26.5,0.0,1e+16,81,4,1.5849107298262526e-13,-17.725240565279655,17.725375990757165,0.0,0.000135425477161028,17.725240565280004,17.725240565279318,17.72524056527999,-6.856737400084967e-13,-1.4210854715202004e-14,-2.0190884449922036e-17,-17.725240565279318,-17.72524056527999,-2.01908844499221e-17,-1.7752097519942431,2.0002571738409527,2.454925152051146e-12,8.601620306806702e-16,1.7725375990757164e-07,2.454925152051146e-12,True,1.3849777591918266e-13,2768482.3550144387,2765651.157208886,2765651.157208886,2773882.738659424,2779248.0657411497,0.5,2.404623605965325e-11,0.9999999999759538,0.5,4021597015429548.5,4021597015429571.0,3.335200103593561e-25,8.057446183681536e-10,3.8352103176374996e-23,7.62152610890654e-09,3.785142297825e-23,2.0202957225367427e-21,1.4650826691053834e-13,17.725240565279655,9.259023033801236e-10,17.725240564353754,1.7725240565279655e-15,1.7725240564353755e-15,1.7725375990757166e-15,0.9989561109866674,0.9989492416818514,0.014066764895417805,-0.014095173846698117,0.0007936007889058891,-0.0007958333310739343
PF,-26.75,26.75,0.0,1e+16,81,4,1.327483473614854e-13,-17.728394306017044,17.728527362551663,0.0,0.00013305653479372885,17.72839430601687,17.728394306017233,17.728394306016856,3.623767952376511e-13,-1.4210854715202004e-14,-2.0371995697179078e-17,-17.728394306017233,-17.728394306016856,-2.0371995697179044e-17,-1.7755014555327917,2.0005717016420688,3.147704319417244e-12,6.021134214764692e-16,1.7728527362551663e-07,3.147704319417244e-12,True,1.7755024176831547e-13,2793494.928169096,2790688.566043784,2790688.566043784,2798848.0131777236,2804177.784920655,0.5000000000000001,2.4043116556043207e-11,0.9999999999759569,0.5,3986340257804875.5,3986340257804820.5,-6.225706860041313e-25,8.057031131064474e-10,-8.86003678602e-23,7.554822303761665e-09,-8.74788442164e-23,2.886136746481061e-22,2.8025456535997013e-14,17.728394306017044,9.259887011887127e-10,17.728394305091054,1.7728394306017044e-15,1.7728394305091055e-15,1.7728527362551664e-15,0.9989668692221026,0.9989601212207683,0.011303503553513394,-0.009818117160108386,0.0006375931942278254,-0.0005542139929854506
PF,-27.0,27.0,0.0,1e+16,81,4,1.441770513376675e-13,-17.73095975518249,17.7310904966583,0.0,0.00013074147661916802,17.730959755181683,17.730959755183306,17.73095975518167,1.623590151211829e-12,-1.4210854715202004e-14,-2.055311404771095e-17,-17.730959755183306,-17.73095975518167,-2.0553114047710802e-17,-1.775734663924625,2.0008244432720903,3.5349501104064984e-12,2.5804860920420104e-16,1.77310904966583e-07,3.5349501104064984e-12,True,1.9936450671619518e-13,2818507.326511047,2815725.4544770396,2815725.4544770396,2823813.77077099,2829108.4818796525,0.5,2.404068267547561e-11,0.9999999999759593,0.4999999999999999,3951577651056736.5,3951577651056744.5,2.890506756447753e-25,8.056623347717002e-10,1.2316732873875e-23,7.489046334094347e-09,1.1936215923299999e-23,2.7418299091570082e-21,2.0510657891058345e-13,17.73095975518249,9.260601204024059e-10,17.73095975425643,1.773095975518249e-15,1.7730959754256428e-15,1.77310904966583e-15,0.9989770310690512,0.9989704013813969,0.009313212738568666,-0.007123463692842336,0.0005252514735607005,-0.00040202874352842895
PF,-27.25,27.25,0.0,1e+16,81,4,1.875965158054852e-13,-17.733094880840234,17.73322336165983,0.0,0.00012848082031077877,17.73309488083952,17.733094880840962,17.733094880839506,1.4424017535930034e-12,-1.4210854715202004e-14,-2.0734239828704556e-17,-17.733094880840962,-17.733094880839506,-2.0734239828704423e-17,-1.7759251885338103,2.0010317971509095,2.8457236567192012e-12,1.2902430460210052e-16,1.773322336165983e-07,2.8457236567192012e-12,True,1.604741337027202e-13,2843519.541915366,2840761.797899823,2840761.797899823,2848780.0341386115,2854040.2016528877,0.4999999999999999,2.4038753680738408e-11,0.9999999999759611,0.5,3917331036219879.0,3917331036219868.5,1.0005600310780683e-24,8.05622266536653e-10,-1.7563861350225e-23,7.424241381337063e-09,-1.165583501235e-23,2.7418299091570082e-21,2.085779949733031e-13,17.733094880840234,9.261196279632008e-10,17.733094879914113,1.7733094880840234e-15,1.7733094879914113e-15,1.7733223361659831e-15,0.9989867521756058,0.998980237855162,0.00783173376146351,-0.005339185268560698,0.0004416450605209553,-0.00030128097499457126
PF,-27.5,27.5,0.0,1e+16,81,4,1.269090387706133e-13,-17.73490552564865,17.735031799919863,0.0,0.00012627427100550222,17.73490552564886,17.73490552564846,17.73490552564884,-3.979039320256561e-13,-1.7763568394002505e-14,-2.091537318722175e-17,-17.73490552564846,-17.73490552564884,-2.0915373187221784e-17,-1.776083620016681,2.001204837333942,1.98596694644948e-12,1.1182106398848712e-15,1.7735031799919863e-07,1.98596694644948e-12,True,1.1197989204950023e-13,2868531.570717752,2865797.5851844456,2865797.5851844456,2873746.8135350677,2878972.9644788625,0.4999999999999999,2.4037206624103062e-11,0.9999999999759628,0.5,3883610082612963.0,3883610082613007.5,8.893866942916162e-26,8.055828912702204e-10,6.999509169787499e-23,7.360426903169036e-09,6.98549012424e-23,-1.4430683732405306e-22,1.6355108672844024e-14,17.73490552564865,9.261696772757775e-10,17.73490552472248,1.773490552564865e-15,1.773490552472248e-15,1.7735031799919863e-15,0.9989961273357798,0.9989897254982113,0.0066986685159093895,-0.004109689209336409,0.00037771097830611154,-0.0002318715126078604
PF,-27.75,27.75,0.0,1e+16,81,4,1.2666729309704444e-13,-17.736465268461252,17.736589389523488,0.0,0.000124121061995415,17.736465268461494,17.736465268461007,17.7364652684615,-4.867217739956686e-13,7.105427357601002e-15,-2.1096514161881057e-17,-17.736465268461007,-17.7364652684615,-2.10965141618811e-17,-1.7762173177282676,2.0013513110821037,2.7178259642823832e-12,1.7203240613613403e-16,1.7736589389523488e-07,2.7178259642823832e-12,True,1.5323272725069274e-13,2893543.4119380787,2890832.81330403,2890832.81330403,2898714.1117327013,2903906.7756731925,0.5,2.4035954990915123e-11,0.9999999999759641,0.5000000000000001,3850417124508131.0,3850417124508163.0,-2.6681600828748485e-25,8.055441919365699e-10,5.0608754426475e-23,7.297608087235098e-09,5.138981553555e-23,-5.4836598183140165e-21,4.261200193002739e-13,17.736465268461252,9.262122244884976e-10,17.73646526753504,1.7736465268461252e-15,1.7736465267535039e-15,1.7736589389523488e-15,0.9990052174915197,0.998998925324007,0.005812137261976602,-0.0032343180026686014,0.0003276942262343096,-0.00018246153095763894
PF,-28.0,28.0,0.0,1e+16,81,4,2.2059944792947777e-13,-17.737826850602353,17.737948870751186,0.0,0.00012202014931793352,17.73782685060187,17.737826850602854,17.737826850601856,9.841016890277388e-13,-1.4210854715202004e-14,-2.1277662723943026e-17,-17.737826850602854,-17.737826850601856,-2.1277662723942936e-17,-1.7763315542115428,2.001476800267816,3.0730973321624333e-12,4.730891168743686e-16,1.7737948870751186e-07,3.0730973321624333e-12,True,1.7324986978792044e-13,2918555.0662644156,2915867.4842604953,2915867.4842604953,2923681.926856999,2928841.6312773507,0.4999999999999999,2.4034936157348037e-11,0.9999999999759651,0.5000000000000001,3817749933967104.0,3817749933967121.0,-2.4458134093019447e-25,8.055061517915111e-10,2.6576104916475e-23,7.235781256075657e-09,2.65961321244e-23,-1.0101478612683714e-21,8.045501776761716e-14,17.737826850602353,9.262488256696392e-10,17.737826849676104,1.7737826850602354e-15,1.7737826849676105e-15,1.7737948870751186e-15,0.9990140637146361,0.9990078784807197,0.005104941927811524,-0.002593791468761708,0.00028779973843891374,-0.00014631221128199635
PF,-28.25,28.25,0.0,1e+16,81,4,2.0488359408684384e-13,-17.739029068683436,17.73914903901149,0.0,0.00011997032775821086,17.73902906868373,17.739029068683156,17.739029068683713,-5.755396159656812e-13,-1.7763568394002505e-14,-2.145881880187155e-17,-17.739029068683156,-17.739029068683713,-2.1458818801871603e-17,-1.776430205596308,2.0015854281742484,2.007283228522283e-12,1.1612187414189048e-15,1.773914903901149e-07,2.007283228522283e-12,True,1.1315555352220765e-13,2943566.5354444473,2940901.6032468006,2940901.6032468006,2948650.254083674,2953777.5214435556,0.5,2.403410369303365e-11,0.9999999999759659,0.5,3785603385088962.5,3785603385088978.5,6.670400207187121e-26,8.054687544802167e-10,2.4433193668499999e-23,7.174937103852491e-09,2.5955261470799998e-23,-3.896284607749432e-21,3.068025198564141e-13,17.739029068683436,9.262807168371401e-10,17.739029067757155,1.7739029068683437e-15,1.7739029067757154e-15,1.773914903901149e-15,0.9990226948743983,0.9990166139157992,0.004531318636445292,-0.0021140821653489184,0.0002554434416414321,-0.00011924213286404111
PF,-28.5,28.5,0.0,1e+16,81,4,1.6298740335463835e-13,-17.740101101642267,17.740219071944598,0.0,0.00011797030238684446,17.74010110164221,17.740101101642324,17.74010110164221,1.1368683772161603e-13,0.0,-2.1639982296668358e-17,-17.740101101642324,-17.74010110164221,-2.1639982296668343e-17,-1.776516184998767,2.0016803065064783,3.133493464702042e-12,3.8707291380630156e-16,1.7740219071944598e-07,3.133493464702042e-12,True,1.7663217415716858e-13,2968577.8219067263,2965935.177504676,2965935.177504676,2973619.086693887,2978714.4325413015,0.4999999999999999,2.403342245797256e-11,0.9999999999759666,0.5000000000000001,3753970491329780.5,3753970491329789.5,-1.7787733885832324e-25,8.054319840841864e-10,1.3318093270125e-23,7.115062710047404e-09,1.44996985377e-23,1.8759888852126896e-21,1.467574967919127e-13,17.740101101642267,9.263088791603529e-10,17.740101100715957,1.7740101101642266e-15,1.7740101100715958e-15,1.7740219071944598e-15,0.9990311320497479,0.999025152786921,0.004059232874325858,-0.0017475489774056996,0.0002288167835842849,-9.856075724085119e-05
PF,-28.75,28.75,0.0,1e+16,81,4,1.778303150450558e-13,-17.741065320870838,17.741181339605415,0.0,0.00011601873385561859,17.74106532087156,17.741065320870117,17.74106532087156,-1.4424017535930034e-12,0.0,-2.182115309165597e-17,-17.741065320870117,-17.74106532087156,-2.1821153091656093e-17,-1.7765917239831281,2.0017638275516547,2.8137492336099967e-12,1.7203240613613403e-16,1.7741181339605414e-07,2.8137492336099967e-12,True,1.5859988011782409e-13,2993588.9285174077,2990968.2155916286,2990968.2155916286,2998588.4167516874,3003652.3485108833,0.5000000000000001,2.4032865378186585e-11,0.9999999999759671,0.5,3722843072608466.0,3722843072608495.0,-6.448053533614217e-25,8.05395825141003e-10,4.5601952445225e-23,7.0561428325118415e-09,4.498110899955e-23,-1.0534399124655873e-20,8.405951069920355e-13,17.741065320870838,9.263340916568385e-10,17.741065319944504,1.7741065320870838e-15,1.7741065319944504e-15,1.7741181339605415e-15,0.9990393911745128,0.9990335111056287,0.0036657199487706293,-0.0014625655907849477,0.00020662344017467922,-8.248225166086345e-05
PF,-29.0,29.0,0.0,1e+16,81,4,2.543329095403373e-13,-17.74193916947825,17.74205328374679,0.0,0.00011411426764295231,17.74193916947915,17.741939169477355,17.741939169479142,-1.794120407794253e-12,-7.105427357601002e-15,-2.200233105900928e-17,-17.741939169477355,-17.741939169479142,-2.2002331059009437e-17,-1.7766585607825376,2.001837860638447,3.360867140145274e-12,1.4192673506231058e-15,1.7742053283746791e-07,3.360867140145274e-12,True,1.894294356123995e-13,3018599.858419836,3016000.7268979643,3016000.7268979643,3023558.235550514,3028591.251755444,0.5,2.4032411265942624e-11,0.9999999999759677,0.5,3692212195591017.5,3692212195590981.5,-8.893866942916162e-26,8.053602626489871e-10,-5.507482179375e-23,6.998160759818339e-09,-5.635656310095e-23,-6.926728191554546e-21,5.501304336887506e-13,17.74193916947825,9.263569735296413e-10,17.741939168551895,1.774193916947825e-15,1.7741939168551895e-15,1.7742053283746793e-15,0.9990474846804716,0.9990417013802548,0.0033339700975361097,-0.0012375655018104226,0.00018791463919827148,-6.97889893452645e-05
PF,-29.25,29.25,0.0,1e+16,81,4,1.9840970033679636e-13,-17.742736451524696,17.74284870707756,0.0,0.00011225555318271688,17.742736451524376,17.742736451525005,17.742736451524387,6.288303211476887e-13,1.0658141036401503e-14,-2.2183516064093726e-17,-17.742736451525005,-17.742736451524387,-2.2183516064093673e-17,-1.7767180694221931,2.001903887566412,2.5721647034515627e-12,4.300810153403351e-17,1.774284870707756e-07,2.5721647034515627e-12,True,1.4496909407932534e-13,3043610.6149264607,3041032.721321827,3041032.721321827,3048528.533913805,3053531.1237424407,0.5000000000000001,2.40320433100874e-11,0.999999999975968,0.5,3662068470535282.0,3662068470535249.0,-4.446933471458081e-26,8.053252820633431e-10,-5.3172237040875e-23,6.94109888537413e-09,-5.291188333785e-23,3.030443583805114e-21,2.4879404733308974e-13,17.742736451524696,9.263780180353826e-10,17.74273645059832,1.7742736451524695e-15,1.7742736450598318e-15,1.774284870707756e-15,0.9990554225500395,0.9990497336677832,0.0030514501719096643,-0.001057492627815293,0.00017198306362752538,-5.9631017374926204e-05
PF,-29.5,29.5,0.0,1e+16,81,4,2.581050577584598e-13,-17.74346823658025,17.74357867783719,0.0,0.00011044125644971291,17.74346823658074,17.743468236579766,17.743468236580732,-9.734435479913373e-13,-7.105427357601002e-15,-2.2364707968489637e-17,-17.743468236579766,-17.743468236580732,-2.2364707968489717e-17,-1.776771350312179,2.0019630980305934,3.2365221613872563e-12,4.730891168743686e-16,1.774357867783719e-07,3.2365221613872563e-12,True,1.8240526447068255e-13,3068621.201444722,3066064.209046282,3066064.209046282,3073499.3024011175,3078471.9454156575,0.5000000000000001,2.4031748007934673e-11,0.9999999999759683,0.5,3632402254904539.5,3632402254904544.0,-1.045029365792649e-24,8.052908692874373e-10,7.950801546224999e-24,6.884939100942439e-09,2.5634826144e-24,-1.4430683732405306e-22,1.194135876930176e-14,17.74346823658025,9.263976194949324e-10,17.74346823565385,1.7743468236580248e-15,1.774346823565385e-15,1.7743578677837188e-15,0.999063213009414,0.9990576162667606,0.002808661388684186,-0.0009116158583779566,0.00015829269404278256,-5.140260274049042e-05
PF,-29.75,29.75,0.0,1e+16,81,4,1.8600120103794855e-13,-17.744143507170797,17.74425217723859,0.0,0.00010867006822096794,17.744143507170367,17.744143507171223,17.744143507170367,8.562039965909207e-13,0.0,-2.2545906632022717e-17,-17.744143507171223,-17.744143507170367,-2.254590663202264e-17,-1.7768192950858583,2.002016458178376,2.518873998269555e-12,4.300810153403351e-17,1.774425217723859e-07,2.518873998269555e-12,True,1.419543620722792e-13,3093631.6214255276,3091095.2003846006,3091095.2003846006,3098470.5314513016,3103413.697481568,0.5,2.4031514395082972e-11,0.9999999999759686,0.4999999999999999,3603203794917692.5,3603203794917626.5,-2.2234667357290404e-25,8.052570106613546e-10,-1.0273957665525e-22,6.82966307009519e-09,-1.0241914132845e-22,3.463364095777273e-21,2.921128060905456e-13,17.744143507170797,9.264160947950505e-10,17.74414350624438,1.7744143507170797e-15,1.774414350624438e-15,1.774425217723859e-15,0.9990708629962887,0.99906535618548,0.002597107134404784,-0.0007808181759223014,0.00014636418678032166,-4.40256977814171e-05
PF,-30.0,30.0,0.0,1e+16,81,4,1.9030172099631787e-13,-17.744769630480747,17.74487657118934,0.0,0.00010694070942569071,17.744769630479915,17.744769630481585,17.744769630479908,1.6697754290362354e-12,-7.105427357601002e-15,-2.2727111914275086e-17,-17.744769630481585,-17.744769630479908,-2.272711191427494e-17,-1.7768626338380806,2.0020647607272752,3.2152058793144533e-12,3.010567107382346e-16,1.774487657118934e-07,3.2152058793144533e-12,True,1.8119065897221712e-13,3118641.8783270773,3116125.7056717137,3116125.7056717137,3123442.211483095,3128356.3606104576,0.5000000000000001,2.4031333480548587e-11,0.9999999999759687,0.5000000000000001,3574463324912703.0,3574463324912634.5,-4.891626818603889e-25,8.052236929489862e-10,-1.08327167666325e-22,6.775252420138744e-09,-1.087076846169e-22,5.6279666556380696e-21,4.734833758698295e-13,17.744769630480747,9.264337004908296e-10,17.744769629554312,1.7744769630480747e-15,1.7744769629554312e-15,1.774487657118934e-15,0.9990783784824658,0.9990729594635323,0.002418252300715556,-0.000650020493591525,0.00013627972361432647,-3.665023924928975e-05
PF,0.0,0.0,1.0,100000000000000.0,81,3,1.2170915469245969e-13,-0.02404129768947371,-8.33528062737496e-06,0.0246875,3.884259344729794e-06,0.0246752804600279,0.024675280460028,0.024675280460028023,1.0061396160665481e-16,1.249000902703301e-16,0.0003169913852771498,-0.02435828907475085,-0.024358289074750874,0.00031699138527715006,1.3041017641439818e-07,3.007935898854528e-07,9.912209941731476e-15,1.53808956864e-23,2.4687500000000004e-10,9.912209941731476e-15,True,4.0150723814608505e-13,116052.53018145236,115889.19441740854,115889.19441740854,117069.9618740363,191189.88567016795,0.49999999999999983,2.202360549775432e-05,0.9999779763945021,0.5000000000000002,1.4811163894910846e+16,1.4811163894910824e+16,1.4452533782238763e-26,4.529693701683672e-11,-3.46070152944e-23,4.6625555457974684e-08,-3.58887566016e-23,-1.7136436932231301e-22,2.8878517809119077e-15,0.02404129768947371,0.02404139822546645,-1.0053599273918135e-07,2.404129768947371e-16,-1.0053599273918135e-21,-8.335280627374959e-20,1.0017648890142126,0.999964266943879,1.3635144116150826e-07,-2.1950371249206674e-07,,
PF,-0.25,0.25,1.0,100000000000000.0,81,5,2.031837875223038e-13,-0.024167108614952706,-6.711758207606482e-06,0.0246875,2.4253119210102875e-06,0.024678362929871384,0.024678362929871366,0.02467836292987138,-1.734723475976807e-17,-3.469446951953614e-18,0.00025562715745933395,-0.02442273577241203,-0.024422735772412045,0.0002556271574593343,9.661275560238327e-08,2.3953976678093943e-07,7.741030039198904e-14,1.4868199163519998e-22,2.4687500000000004e-10,7.741030039198904e-14,True,3.1356071044856318e-12,141970.14313538378,141866.1699843038,141866.1699843038,142436.681802939,205801.45246460737,0.5000000000000002,1.9563931572708177e-05,0.9999804360684273,0.5000000000000001,1.2571164758507098e+16,1.2571164758507094e+16,-4.180117463170596e-26,4.4010898267623146e-11,-7.6904478432e-24,3.958263902788451e-08,-2.5634826144e-24,3.6076709331013264e-23,9.702999986212206e-16,0.024167108614952706,0.024167181144899033,-7.252994632667153e-08,2.4167108614952707e-16,-7.252994632667153e-22,-6.711758207606482e-20,1.0013956415622558,0.9996275022816572,8.86810236884407e-08,-1.6185962729247382e-07,,
PF,-0.5,0.5,1.0,100000000000000.0,81,5,1.3240202919623292e-14,-0.02426001365053404,-5.635387564053945e-06,0.0246875,1.6107525039111102e-06,0.024680253859932035,0.02468025385993201,0.024680253859932045,-2.42861286636753e-17,1.0408340855860843e-17,0.00021012010469899267,-0.024470133755233017,-0.02447013375523305,0.0002101201046989943,7.536569383812453e-08,1.9528274342996246e-07,3.400058012914542e-15,8.20314436608e-23,2.4687500000000004e-10,3.400058012914542e-15,True,1.3772386887755106e-13,167625.9567947438,167546.34039027174,167546.34039027174,167878.84394798425,222106.1127050099,0.5000000000000004,1.8064348215322735e-05,0.9999819356517847,0.5000000000000004,1.0725393422918416e+16,1.0725393422918452e+16,-7.715429572979771e-26,4.317241574148859e-11,4.6142687059199996e-23,3.377260056113883e-08,4.99879109808e-23,-3.1567120664636607e-22,1.0760527798308123e-14,0.02426001365053404,0.02426006882231441,-5.51717803699836e-08,2.426001365053404e-16,-5.517178036998361e-22,-5.635387564053945e-20,1.001156654637034,0.9994386041172534,5.542162751527116e-08,-1.0421554209288098e-07,,
PF,-0.75,0.75,1.0,100000000000000.0,81,5,7.475743135209453e-15,-0.024331319540827727,-4.865156360617849e-06,0.0246875,1.1189098820722767e-06,0.02468151593375731,0.024681515933757333,0.024681515933757312,2.42861286636753e-17,3.469446951953614e-18,0.00017509819646479874,-0.024506417737292535,-0.024506417737292514,0.0001750981964647986,6.104884688623281e-08,1.6214358321115017e-07,3.5735303605122226e-16,1.53808956864e-23,2.4687500000000004e-10,3.5735303605122226e-16,True,1.4475059688150774e-14,193106.20833557128,193038.79808532586,193038.79808532586,193273.25685225285,239806.7154842632,0.5000000000000011,1.7158853232308283e-05,0.9999828411467676,0.5000000000000024,9192390246739320.0,9192390246739342.0,-1.6764939187396966e-25,4.258464849717751e-11,3.7170497908799996e-23,2.8943850049962658e-08,3.46070152944e-23,4.329205119721591e-22,1.3673626869763123e-14,0.024331319540827727,0.024331363159041854,-4.3618214127377763e-08,2.4331319540827725e-16,-4.3618214127377765e-22,-4.865156360617849e-20,1.0009898443017002,0.9993294318559476,3.8115828603311585e-08,-6.003046340971169e-08,,
PF,-1.0,1.0,1.0,100000000000000.0,81,5,1.2013555676399137e-14,-0.02438753889395601,-4.284671065549227e-06,0.0246875,8.045785018881123e-07,0.02468241075043256,0.024682410750432617,0.02468241075043256,5.551115123125783e-17,0.0,0.00014743592823828895,-0.024534974822194328,-0.024534974822194272,0.0001474359282382887,5.089706269887112e-08,1.3651498868799683e-07,3.191891195797325e-16,2.5634826144e-23,2.4687500000000004e-10,3.191891195797325e-16,True,1.2929179527280303e-14,218466.00919364073,218406.0080480901,218406.0080480901,218595.6495549446,258656.28018371534,0.4999999999999991,1.6657386771986488e-05,0.9999833426132281,0.4999999999999978,7910597201734293.0,7910597201734327.0,1.371878975944818e-25,4.215038240726672e-11,5.38331349024e-23,2.490469244795246e-08,5.51148762096e-23,2.0744107865332627e-22,6.075152150823767e-15,0.02438753889395601,0.0243875744009737,-3.550701769064468e-08,2.438753889395601e-16,-3.550701769064468e-22,-4.284671065549227e-20,1.0008668134392995,0.9992648261261134,2.7440944647359286e-08,-3.7026455647546775e-08,,
PF,-1.25,1.25,1.0,100000000000000.0,81,5,1.1526441944092168e-14,-0.0244327566511079,-3.830446471828081e-06,0.0246875,5.947343235966608e-07,0.024683074819204575,0.02468307481920465,0.02468307481920458,7.632783294297951e-17,3.469446951953614e-18,0.00012515908404835875,-0.024557915735156293,-0.02455791573515622,0.00012515908404835848,4.340510264880992e-08,1.182555066817672e-07,3.122502256758253e-16,1.02539304576e-22,2.4687500000000004e-10,3.122502256758253e-16,True,1.2648110407122036e-14,243741.156558526,243686.34390733225,243686.34390733225,243852.1695490873,278452.426325849,0.5000000000000002,1.645283492859245e-05,0.9999835471650714,0.49999999999999895,6832327957574557.0,6832327957574575.0,-5.403024167821568e-26,4.1816333710135926e-11,2.9480050065599996e-23,2.1505963293707297e-08,2.81983087584e-23,-3.4272873864462603e-22,1.712391668848212e-14,0.0244327566511079,0.024432786210438602,-2.955933070189487e-08,2.44327566511079e-16,-2.955933070189487e-22,-3.830446471828081e-20,1.000772211655906,0.999224677165308,2.0557342320324607e-08,-2.3844918650705937e-08,,
PF,-1.5,1.5,1.0,100000000000000.0,81,5,1.1775776757758003e-14,-0.024469692392881007,-3.464733327892713e-06,0.0246875,4.4967317968506804e-07,0.024683585593492423,0.02468358559349236,0.024683585593492426,-6.245004513516506e-17,3.469446951953614e-18,0.00010694660030569261,-0.024576638993186666,-0.024576638993186732,0.00010694660030569278,3.769161779717545e-08,1.0217904879579289e-07,2.983724378680108e-16,3.07617913728e-23,2.4687500000000004e-10,2.983724378680108e-16,True,1.2085972166805501e-14,268955.41196708253,268904.5710930236,268904.5710930236,269055.4841382215,299030.6394217264,0.5000000000000003,1.648145940918313e-05,0.9999835185405909,0.5,5920187528648512.0,5920187528648556.0,-7.582021568836028e-26,4.1550793557256076e-11,6.66505479744e-23,1.8630379899492726e-08,6.53688066672e-23,-3.4272873864462603e-22,2.173645998262249e-14,0.024469692392881007,0.024469717416427915,-2.5023546908198302e-08,2.446969239288101e-16,-2.50235469081983e-22,-3.464733327892713e-20,1.0006970753885243,0.9991955318366864,1.6004090026601934e-08,-1.56206116692329e-08,,
PF,-1.75,1.75,1.0,100000000000000.0,81,5,1.47993839298629e-14,-0.024500238201644858,-3.1635848434406404e-06,0.0246875,3.46480070507786e-07,0.02468398993508605,0.024683989935086106,0.024683989935086057,5.551115123125783e-17,6.938893903907228e-18,9.187586672061283e-05,-0.024592114068365492,-0.024592114068365444,9.187586672061269e-05,3.3210321344321544e-08,9.063261836785599e-08,3.0531133177191805e-16,9.74123393472e-23,2.4687500000000004e-10,3.0531133177191805e-16,True,1.2367041286963769e-14,294124.91792335996,294077.27917958493,294077.27917958493,294217.50685463625,320257.6173795538,0.4999999999999984,1.6704190594108917e-05,0.999983295809406,0.4999999999999973,5144610641628514.0,5144610641628529.0,2.812685420697236e-25,4.133348130055227e-11,2.3071343529599998e-23,1.6185060718459373e-08,2.43530848368e-23,9.019177332753317e-23,4.0341297838170415e-15,0.024500238201644858,0.024500259624119686,-2.142247482878057e-08,2.450023820164486e-16,-2.142247482878057e-22,-3.1635848434406403e-20,1.000635833909836,0.9991654619535869,1.300038558402218e-08,-9.968002280734056e-09,,
PF,-2.0,2.0,1.0,100000000000000.0,81,5,1.6981001601777477e-14,-0.02452575592769977,-2.9110192598816866e-06,0.0246875,2.7128568248426234e-07,0.024684317695057634,0.02468431769505771,0.024684317695057637,7.632783294297951e-17,3.469446951953614e-18,7.92808836789515e-05,-0.02460503681137876,-0.024605036811378683,7.928088367895251e-05,2.960569943481907e-08,8.065886933098944e-08,2.8796409701215e-16,2.81983087584e-23,2.4687500000000004e-10,2.8796409701215e-16,True,1.16643684865681e-14,319260.8923575886,319215.9169777078,319215.9169777078,319347.7767562889,342025.3296313096,0.4999999999999983,1.7097027173342192e-05,0.9999829029728267,0.4999999999999978,4482056351740636.5,4482056351740583.5,2.8193558209044234e-25,4.1150466636738444e-11,-8.20314436608e-23,1.4095967180788248e-08,-8.26723143144e-23,3.4272873864462603e-22,2.9907869779536374e-14,0.02452575592769977,0.024525774352140556,-1.8424440785536067e-08,2.452575592769977e-16,-1.8424440785536068e-22,-2.9110192598816864e-20,1.0005848415138916,0.999120034763963,1.1141062441812538e-08,-5.5409959160660645e-09,,
PF,-2.25,2.25,1.0,100000000000000.0,81,5,1.309568379716697e-14,-0.024547252754776934,-2.6959142935299364e-06,0.0246875,2.1536103896032077e-07,0.02468458872466751,0.024684588724667535,0.024684588724667507,2.42861286636753e-17,-3.469446951953614e-18,6.866798494529453e-05,-0.02461592073972224,-0.024615920739722214,6.86679849452945e-05,2.663450556202335e-08,7.16269291660947e-08,2.6020852139652106e-16,2.5634826144e-23,2.4687500000000004e-10,2.6020852139652106e-16,True,1.054009200593503e-14,344371.29847684654,344328.5844313966,344328.5844313966,344453.54098261794,364246.0059526659,0.5000000000000021,1.7645772123192756e-05,0.9999823542278768,0.5000000000000049,3913650032550322.0,3913650032550334.5,-3.497513175301781e-25,4.0991254089932574e-11,1.79443783008e-23,1.2303690108632096e-08,1.98669902616e-23,9.019177332753317e-23,5.659965276111163e-15,0.024547252754776934,0.024547268522415407,-1.5767638472663492e-08,2.4547252754776934e-16,-1.5767638472663492e-22,-2.6959142935299364e-20,1.000541594158488,0.9990359086592556,1.0260525564603773e-08,-1.4238472543859847e-09,,
PF,-2.5,2.5,1.0,100000000000000.0,81,5,1.778061270543084e-14,-0.02456549039011286,-2.51024129355871e-06,0.0246875,1.7302869507620307e-07,0.024684816730011366,0.024684816730011248,0.024684816730011373,-1.1796119636642288e-16,6.938893903907228e-18,5.966316994922523e-05,-0.02462515356006202,-0.024625153560062146,5.966316994922622e-05,2.4121269460577405e-08,6.503985051359795e-08,4.926614671774132e-16,1.102297524192e-22,2.4687500000000004e-10,4.926614671774132e-16,True,1.9955907531236992e-14,369461.9007041049,369421.1361462907,369421.1361462907,369540.2234780583,386848.04828755406,0.500000000000005,1.8342990254047735e-05,0.9999816570097458,0.5000000000000084,3424151810154144.5,3424151810154187.0,-8.066737317224959e-25,4.084719097324754e-11,6.793228928159999e-23,1.0760233525738631e-08,6.7291418628e-23,-6.133040586272255e-22,6.25783890250808e-14,0.02456549039011286,0.024565503598156246,-1.3208043384699275e-08,2.456549039011286e-16,-1.3208043384699275e-22,-2.51024129355871e-20,1.0005042668336548,0.9988632310653669,1.0378268688882027e-08,3.212527521778799e-09,,
PF,-2.75,2.75,1.0,100000000000000.0,81,5,2.1951501583170926e-14,-0.024581055844629076,-2.3479932472560796e-06,0.0246875,1.4049044880982644e-07,0.024685011516303937,0.024685011516303815,0.02468501151630394,-1.214306433183765e-16,3.469446951953614e-18,5.1977835837402506e-05,-0.024633033680466414,-0.02463303368046654,5.1977835837402635e-05,2.1928913091339817e-08,5.938403826016501e-08,3.8163916471489756e-16,1.53808956864e-23,2.4687500000000004e-10,3.8163916471489756e-16,True,1.545880160870471e-14,394536.94709158083,394497.8845238367,394497.8845238367,394611.8858625507,409772.7592296039,0.5000000000000044,1.918617795662892e-05,0.9999808138220434,0.5000000000000077,3001169318281116.5,3001169318281150.0,-6.972791683246272e-25,4.0710120519524774e-11,5.31922642488e-23,9.426552541809295e-09,5.38331349024e-23,-4.689972213031724e-22,5.481949673422621e-14,0.024581055844629076,0.024581066317501392,-1.0472872315897552e-08,2.4581055844629076e-16,-1.0472872315897553e-22,-2.3479932472560797e-20,1.0004714625270243,0.998477607599714,1.1717657664768916e-08,9.346784735075965e-09,,
PF,-3.0,3.0,1.0,100000000000000.0,81,5,2.6231586889025724e-14,-0.024594408899878746,-2.204487282145335e-06,0.0246875,1.1514233097660775e-07,0.024685180370386882,0.024685180370386705,0.02468518037038688,-1.7694179454963432e-16,-3.469446951953614e-18,4.538573525402226e-05,-0.024639794635132682,-0.024639794635132856,4.538573525402242e-05,1.9936272889688823e-08,5.4106933836120355e-08,3.5041414214731503e-16,0.0,2.4687500000000004e-10,3.5041414214731503e-16,True,1.4193990567992507e-14,419599.6199041445,419562.0607406401,419562.0607406401,419671.5909850937,432971.7517719445,0.5000000000000044,2.0176631146557724e-05,0.9999798233688535,0.5000000000000068,2634554763222275.5,2634554763222311.5,-7.152892488840324e-25,4.057090275220003e-11,5.63966175168e-23,8.270663700439865e-09,5.575574686319999e-23,-1.2085697625889443e-21,1.5092658459073994e-13,0.024594408899878746,0.024594416100996344,-7.2011175980546405e-09,2.4594408899878746e-16,-7.201117598054641e-23,-2.2044872821453347e-20,1.0004419999140253,0.9974377160366704,1.476942466591135e-08,1.8318320971211288e-08,,
PF,-3.25,3.25,1.0,100000000000000.0,81,5,1.7571295602733622e-14,-0.024605914859802017,-2.0758760148533623e-06,0.0246875,9.516028492103399e-08,0.024685328963700227,0.024685328963700126,0.024685328963700227,-1.0061396160665481e-16,0.0,3.970705194908018e-05,-0.024645621911751046,-0.024645621911751146,3.970705194908027e-05,1.8020730613390135e-08,4.918762005787472e-08,3.9898639947466563e-16,2.05078609152e-23,2.4687500000000004e-10,3.9898639947466563e-16,True,1.616147440910038e-14,444652.3390688017,444616.1243143578,444616.1243143578,444721.670736163,456404.90951397794,0.5000000000000048,2.1318733635057155e-05,0.9999786812663649,0.5000000000000051,2315941345277906.0,2315941345277927.5,-7.430825830806454e-25,4.04183366269153e-11,3.46070152944e-23,7.26618994032623e-09,3.3966144640799997e-23,-9.019177332753317e-23,1.6849253521661613e-14,0.024605914859802017,0.02460591772500719,-2.865205173813168e-09,2.460591485980202e-16,-2.865205173813168e-23,-2.0758760148533624e-20,1.0004147023716976,0.9918641393360419,2.0392408621681482e-08,3.218003390743316e-08,,
PF,-3.5,3.5,1.0,100000000000000.0,81,4,7.340599668218378e-13,-0.02461586772932887,-1.9587541236173065e-06,0.0246875,7.924195875896682e-08,0.024685462003917625,0.024685462003917736,0.02468546200391763,1.1102230246251565e-16,3.469446951953614e-18,3.479713729440602e-05,-0.02465066486662333,-0.024650664866623224,3.479713729440595e-05,1.603868512363997e-08,4.46164719015096e-08,2.7702493077264023e-13,4.22974631376e-23,2.4687500000000004e-10,2.7702493077264023e-13,True,1.1221263018638591e-11,469696.9705817213,469661.97586296237,469661.97586296237,469763.91821375076,480038.781655189,0.5000000000000042,2.2619505922680856e-05,0.9999773804940775,0.5000000000000048,2038385208670055.8,2038385208670053.8,-6.641495139622645e-25,4.023753892142067e-11,-4.1656592484e-24,6.391235577769587e-09,-6.0882712092e-24,-1.1544546985924245e-21,1.7693586846165984e-13,0.02461586772932887,0.024615864384309117,3.3450197542417293e-09,2.461586772932887e-16,3.3450197542417295e-23,-1.9587541236173064e-20,1.0003882239210735,1.0097929648872415,3.003859346215977e-08,5.432554706879296e-08,8.980094489447676,-64.40137170440738
PF,-3.75,3.75,1.0,100000000000000.0,81,4,3.6474614977754025e-13,-0.024624507021913614,-1.849770767995975e-06,0.0246875,6.644150204044904e-08,0.024685583787729965,0.02468558378773017,0.02468558378772996,2.0469737016526324e-16,-3.469446951953614e-18,3.053838290822707e-05,-0.024655045404821944,-0.024655045404821736,3.053838290822695e-05,1.3796063563060965e-08,4.035286670524023e-08,1.7593912438051973e-13,1.1535671764799999e-23,2.4687500000000004e-10,1.7593912438051973e-13,True,7.1266480761729504e-12,494734.97258335695,494701.1070620331,494701.1070620331,494799.7234629185,503845.31653925125,0.5000000000000049,2.4088312726214736e-05,0.9999759116872737,0.500000000000007,1796087445482781.2,1796087445482772.2,-7.759898907694352e-25,4.0006241908196486e-11,-1.50604603596e-23,5.627512125853376e-09,-1.4740025032799998e-23,9.199560879408383e-22,1.6331237443200444e-13,0.024624507021913614,0.024624494302912976,1.2719000637428923e-08,2.4624507021913615e-16,1.2719000637428924e-22,-1.849770767995975e-20,1.0003608370619168,1.0037506383088826,4.616912382150263e-08,9.045103282241074e-08,3.629933289384241,-6.064926709097014
PF,-4.0,4.0,1.0,100000000000000.0,81,4,3.1359734228269744e-13,-0.024632030266303336,-1.7451667585052117e-06,0.0246875,5.606137103909195e-08,0.02468569877187046,0.02468569877187066,0.024685698771870462,2.0122792321330962e-16,3.469446951953614e-18,2.6834252783612707e-05,-0.024658864519087047,-0.02465886451908685,2.6834252783612613e-05,1.1003978003542437e-08,3.628714094870231e-08,1.1119924425706529e-13,5.1269652288e-24,2.4687500000000004e-10,1.1119924425706529e-13,True,4.504273185096315e-12,519767.4997622035,519734.7092175893,519734.7092175893,519830.16841032304,527800.8577177152,0.5000000000000004,2.573664862289001e-05,0.9999742633513772,0.5000000000000022,1584176975229642.5,1584176975229633.8,-8.315765591626612e-26,3.968843993323989e-11,-1.37787190524e-23,4.959655122290217e-09,-1.37787190524e-23,2.344986106515862e-21,4.668512303448918e-13,0.024632030266303336,0.02463200290955483,2.7356748505402706e-08,2.4632030266303336e-16,2.7356748505402706e-22,-1.7451667585052117e-20,1.000330064998238,1.0026426908212553,7.292732247948791e-08,1.5016785567415307e-07,2.665789118362712,-1.6171880592555432
PF,-4.25,4.25,1.0,100000000000000.0,81,4,2.3391448313364144e-13,-0.024638602626618863,-1.6401282784346129e-06,0.0246875,4.7579973004323357e-08,0.024685812291748564,0.024685812291748616,0.02468581229174856,5.204170427930421e-17,-3.469446951953614e-18,2.360483256486421e-05,-0.024662207459183752,-0.024662207459183697,2.3604832564864194e-05,7.212032820047687e-09,3.220981950330966e-08,6.143349717824265e-14,3.8452239216e-24,2.4687500000000004e-10,6.143349717824265e-14,True,2.488445455321221e-12,544795.4793261613,544763.7540692707,544763.7540692707,544856.0928414775,551885.3438806676,0.5000000000000002,2.75778996380369e-05,0.9999724221003621,0.5000000000000019,1398539877092543.0,1398539877092547.2,-4.6692801450309854e-26,3.9225699024601426e-11,7.370012516399999e-24,4.374686861083759e-09,7.370012516399999e-24,1.4069916639095174e-21,3.1349150694247873e-13,0.024638602626618863,0.024638551905365493,5.072125337096667e-08,2.4638602626618863e-16,5.072125337096667e-22,-1.6401282784346128e-20,1.0002920497586685,1.0021983120556528,1.1728490855594787e-07,2.500009888947321e-07,2.312342475020203,-0.4180079439871003
PF,-4.5,4.5,1.0,100000000000000.0,81,4,1.5402296600091128e-13,-0.024644364695781976,-1.527774613268516e-06,0.0246875,4.060235655376382e-08,0.02468593162303018,0.024685931623030382,0.02468593162303018,2.0122792321330962e-16,0.0,2.0783463624152213e-05,-0.02466514815940623,-0.024665148159406028,2.0783463624152135e-05,1.7039653452118127e-09,2.777592167056501e-08,3.01876579289484e-14,2.9480050065599996e-23,2.4687500000000004e-10,3.01876579289484e-14,True,1.2227912072485427e-12,569819.6671054623,569789.0550492151,569789.0550492151,569878.1404413942,576081.6682245192,0.5,2.962684715900621e-05,0.999970373152841,0.4999999999999983,1235684325090571.5,1235684325090564.8,8.671520269343258e-27,3.8527484802090496e-11,-1.08948011112e-23,3.8615910373188105e-09,-1.02539304576e-23,4.329205119721591e-22,1.1223578499151917e-13,0.024644364695781976,0.02464427611470779,8.858107418407979e-08,2.4644364695781975e-16,8.858107418407979e-22,-1.527774613268516e-20,1.0002404520417272,1.0019507550867823,1.911136495273689e-07,4.1875393638360735e-07,2.1574997965165426,0.07254683323686795
PF,-4.75,4.75,1.0,100000000000000.0,81,4,8.693764183120973e-14,-0.02464943938613639,-1.3974581062371155e-06,0.0246875,3.482602714681713e-08,0.02468606771586662,0.024686067715866625,0.024686067715866615,6.938893903907228e-18,-3.469446951953614e-18,1.8314164865116257e-05,-0.02466775355100151,-0.0246677535510015,1.8314164865115725e-05,-6.6699478389713715e-09,2.339975668847431e-08,1.2913281555171352e-14,2.43530848368e-23,2.4687500000000004e-10,1.2913281555171352e-14,True,5.230696326145358e-13,594840.6888597446,594811.3118876925,594811.3118876925,594896.7938541401,600375.1658845431,0.5000000000000041,3.1898066447494336e-05,0.9999681019335526,0.5000000000000056,1092632942258338.4,1092632942258341.6,-6.654835940037019e-25,3.746494555938924e-11,5.1269652288e-24,3.410973632016452e-09,4.8065299019999996e-24,-5.772273492962122e-22,1.6653891627362965e-13,0.02464943938613639,0.02464928872725599,1.5065888039900166e-07,2.4649439386136387e-16,1.5065888039900166e-21,-1.3974581062371156e-20,1.000164217085523,1.0017693003085775,3.1506179646682354e-07,7.041610399295879e-07,2.0912261901350973,0.30064978265598086
PF,-5.0,5.0,1.0,100000000000000.0,81,4,4.0658944168309395e-14,-0.024653938871887823,-1.2318427705145125e-06,0.0246875,3.001687421179619e-08,0.024686238140355275,0.024686238140355303,0.024686238140355286,2.7755575615628914e-17,1.0408340855860843e-17,1.6149634233733414e-05,-0.024670088506121568,-0.02467008850612155,1.6149634233733407e-05,-1.9760293417294646e-08,2.6889214082556578e-08,4.822531263215524e-15,2.5634826144e-23,2.4687500000000004e-10,4.822531263215524e-15,True,1.953430385099959e-13,619859.0683912764,619831.1340017995,619831.1340017995,619912.411917543,624753.2127438561,0.5000000000000052,3.4398439119427796e-05,0.9999656015608805,0.5000000000000075,966836370823287.8,966836370823291.1,-8.246838122819011e-25,3.5880114789124945e-11,5.2871828922e-24,3.014790558019925e-09,4.8065299019999996e-24,4.329205119721591e-22,1.3831369273382177e-13,0.024653938871887823,0.024653685355071675,2.535168161475754e-07,2.4653938871887822e-16,2.5351681614757537e-21,-1.2318427705145126e-20,1.0000415057223146,1.0016016422795118,5.358605415633575e-07,1.0200078707540365e-06,2.113708075488871,-0.4443290389805936
PF,-5.25,5.25,1.0,100000000000000.0,81,4,4.124850830871867e-14,-0.02465797222797404,-1.002417313246779e-06,0.0246875,2.5991972186399063e-08,0.02468647159071457,0.024686471590714763,0.024686471590714562,1.942890293094024e-16,-6.938893903907228e-18,1.424968137031084e-05,-0.02467222190934445,-0.02467222190934425,1.4249681370310799e-05,-4.04768324308546e-08,5.0929201478597154e-08,2.248201624865942e-15,4.35792044448e-23,2.4687500000000004e-10,2.248201624865942e-15,True,9.106639493127866e-14,644875.2386262474,644849.02257772,644849.02257772,644925.2962088821,649204.9431990924,0.5000000000000049,3.705516010126405e-05,0.9999629448398987,0.5000000000000061,856103306723235.9,856103306723231.9,-7.515317566764157e-25,3.364261667370168e-11,-5.9280535457999996e-24,2.6661271328753224e-09,-6.408706536e-24,1.4069916639095174e-21,5.153487798258823e-13,0.02465797222797404,0.02465754720617436,4.2502179967846e-07,2.465797222797404e-16,4.2502179967846e-21,-1.002417313246779e-20,0.9998188655056219,1.0014217221631017,8.62164770010914e-07,9.333931053940534e-07,2.0285189387065885,-1.9187826588557604
PF,-5.5,5.5,1.0,100000000000000.0,81,4,5.174051733740103e-14,-0.024661619495143127,-6.979753859399876e-07,0.0246875,2.2607076559017644e-08,0.024686779417537504,0.02468677941753811,0.024686779417537504,6.071532165918825e-16,0.0,1.2579961197340672e-05,-0.02467419945634077,-0.024674199456340164,1.2579961197340684e-05,-6.910271786675001e-08,8.479444370203417e-08,2.105954299835844e-15,2.81983087584e-23,2.4687500000000004e-10,2.105954299835844e-15,True,8.530447796803417e-14,669889.4429864888,669864.9809371844,669864.9809371844,669936.1482250548,673721.4814857645,0.5000000000000039,3.7429540262910584e-05,0.999962570459737,0.5000000000000041,758542006223915.5,758542006223902.5,-6.159002857969443e-25,3.1218931571492914e-11,-2.01874255884e-23,2.3590136794392956e-09,-2.11487315688e-23,2.1646025598607956e-22,9.772225863485924e-14,0.024661619495143127,0.024660943592339397,6.759028037296722e-07,2.4661619495143126e-16,6.759028037296722e-21,-6.979753859399875e-21,0.9995650546323469,1.0010278175015213,1.0525040940838329e-06,6.186367164333913e-07,1.557182613056274,-1.5095430192246542
PF,-5.75,5.75,1.0,100000000000000.0,81,4,5.809832605097295e-14,-0.0246648771823586,-3.8099318556540644e-07,0.0246875,1.9747571984141262e-08,0.02468709925924245,0.024687099259242735,0.024687099259242447,2.8449465006019636e-16,-3.469446951953614e-18,1.1111038441997216e-05,-0.024675988220800738,-0.02467598822080045,1.1111038441997175e-05,-9.877105995039161e-08,1.198909700654613e-07,1.960237527853792e-15,1.2817413072e-23,2.4687500000000004e-10,1.960237527853792e-15,True,7.940202644471056e-14,694901.8734122975,694878.9799114544,694878.9799114544,694945.5808955638,698295.1698129654,0.5000000000000032,3.4648208682220204e-05,0.9999653517913178,0.5000000000000038,672516757087284.5,672516757087260.2,-5.107303091969606e-25,2.9042697993638794e-11,-3.89328922062e-23,2.0882883914578038e-09,-3.87726745428e-23,-4.329205119721591e-22,1.8272229731824458e-13,0.0246648771823586,0.024663933929887576,9.432524710230317e-07,2.46648771823586e-16,9.432524710230317e-21,-3.809931855654064e-21,0.9989983777706203,1.000789811321477,1.1207692539432386e-06,5.17411747185426e-07,1.1881964674077938,-0.8632708062201473
PF,-6.0,6.0,1.0,100000000000000.0,81,4,5.970985786350968e-14,-0.02466781120018717,-3.623832057056374e-08,0.0246875,1.7321811050943242e-08,0.02468744643986838,0.024687446439868737,0.024687446439868383,3.5735303605122226e-16,3.469446951953614e-18,9.817619840694877e-06,-0.024677628820028042,-0.024677628820027688,9.817619840694275e-06,-1.3155249309178547e-07,1.579339888111336e-07,1.3808398868775384e-15,9.03627621576e-23,2.4687500000000004e-10,1.3808398868775384e-15,True,5.5932754911495225e-14,719912.8370585955,719891.507245272,719891.507245272,719953.5575601002,722918.7174496829,0.500000000000004,3.2330604913442346e-05,0.9999676693950866,0.5000000000000046,596611318336907.6,596611318336884.4,-6.347997530506411e-25,2.6762228512276766e-11,-3.6850062581999997e-23,1.849481910395776e-09,-3.78113685624e-23,8.658410239443182e-22,4.719751115078504e-13,0.02466781120018717,0.024666569350282518,1.2418499046526477e-06,2.466781120018717e-16,1.2418499046526477e-20,-3.623832057056374e-22,0.9869649369023861,1.0006575912393505,1.2815865048030236e-06,7.987726808957148e-07,1.031997908927239,-0.42180774843066926
PF,-6.25,6.25,1.0,100000000000000.0,81,4,6.611563993366709e-14,-0.024670484298254046,3.5523193451748103e-07,0.0246875,1.5255906185617206e-08,0.024687839976028334,0.024687839976028622,0.02468783997602833,2.8796409701215e-16,-3.469446951953614e-18,8.67783888721556e-06,-0.024679162137141407,-0.024679162137141115,8.677838887215524e-06,-1.6921793983355344e-07,2.010299214124498e-07,1.7555401576885288e-15,0.0,2.4687500000000004e-10,1.7555401576885288e-15,True,7.111048740004167e-14,744922.5195606931,744902.7090967384,744902.7090967384,744960.3386783004,747586.1125291985,0.5000000000000031,3.059721414137597e-05,0.9999694027858587,0.5000000000000032,529593052744751.3,529593052744731.75,-4.958330820675761e-25,2.4450843640180026e-11,-3.0922009036199997e-23,1.638704214154523e-09,-3.18833150166e-23,-5.050739306341857e-22,2.7830787953329265e-13,0.024670484298254046,0.024668894007408813,1.5902908452325448e-06,2.4670484298254046e-16,1.5902908452325447e-20,3.5523193451748104e-21,1.0016735218301744,1.0005716545160452,1.5182864113264883e-06,1.1040356377683067e-06,0.9547224747461037,-0.21725995798974507
PF,-6.5,6.5,1.0,100000000000000.0,81,4,5.748000221340848e-14,-0.024672953597096686,8.125938627520497e-07,0.0246875,1.3489940858593262e-08,0.024688299103921896,0.024688299103921826,0.0246882991039219,-6.938893903907228e-17,3.469446951953614e-18,7.672753412590677e-06,-0.024680626350509237,-0.02468062635050931,7.672753412590247e-06,-2.1354021676984218e-07,2.5130281592343164e-07,1.7486012637846216e-15,1.083071404584e-22,2.4687500000000004e-10,1.7486012637846216e-15,True,7.08294182798834e-14,769931.0718195984,769912.6940402206,769912.6940402206,769966.1555368818,772292.1462169482,0.5000000000000026,2.9413528310699612e-05,0.9999705864716893,0.5000000000000028,470387921772752.1,470387921772742.9,-3.82436278545395e-25,2.2202377044692976e-11,-1.44996985377e-23,1.4525657754533777e-09,-1.49803515279e-23,-1.4430683732405307e-21,9.453465079328408e-13,0.024672953597096686,0.02467094614681369,2.0074502829967034e-06,2.4672953597096683e-16,2.0074502829967032e-20,8.125938627520497e-21,1.0009061811659747,1.000513629117706,1.83195145289754e-06,1.4258055387858005e-06,0.9125762507865548,-0.12253845178930511
PF,-6.75,6.75,1.0,100000000000000.0,81,4,7.127104648208649e-14,-0.02467527218277026,1.3559802585319913e-06,0.0246875,1.197504839936148e-08,0.024688844005210132,0.024688844005210278,0.02468884400521014,1.457167719820518e-16,6.938893903907228e-18,6.785911219973436e-06,-0.024682058093990305,-0.024682058093990166,6.785911219973426e-06,-2.6639556166193766e-07,3.1105295393073705e-07,1.3704315460216776e-15,1.73035076472e-23,2.4687500000000004e-10,1.3704315460216776e-15,True,5.551115123125783e-14,794938.619516217,794921.5579235833,794921.5579235833,794971.1905062209,797032.287102951,0.5000000000000021,2.8738445980091844e-05,0.9999712615540199,0.5000000000000001,418058323433029.44,418058323433016.94,-3.5864518447309427e-25,2.0107830734308774e-11,-1.97067725982e-23,1.288107649589273e-09,-1.9947099093299998e-23,-9.74071151937358e-22,7.104585713252588e-13,0.02467527218277026,0.024672758986506463,2.513196263796008e-06,2.467527218277026e-16,2.5131962637960083e-20,1.3559802585319912e-20,1.000675511517789,1.0004744918693516,2.227896824963149e-06,1.7812994505856493e-06,0.8864794433515772,-0.07706731441653558
PF,-7.0,7.0,1.0,100000000000000.0,81,4,5.5129459759994387e-14,-0.024677490686252707,2.007336784733148e-06,0.0246875,1.0671162894555453e-08,0.02468949666562184,0.02468949666562184,0.02468949666562183,0.0,-1.0408340855860843e-17,6.002989684565005e-06,-0.024683493675937276,-0.024683493675937265,6.0029896845646646e-06,-3.2988829226222594e-07,3.8284702025835316e-07,1.0096090630185017e-15,2.217412461456e-22,2.4687500000000004e-10,1.0096090630185017e-15,True,4.0895556983027916e-14,819945.2727301387,819929.3955062199,819929.3955062199,819975.5827609163,821802.5596078117,0.5000000000000017,2.8534934558845853e-05,0.9999714650654411,0.5000000000000044,371784408641177.0,371784408641169.2,-2.559210212824126e-25,1.8231744822174128e-11,-1.24168689135e-23,1.142742528354354e-09,-1.24969777452e-23,2.5253696531709286e-21,2.1243266718833165e-12,0.024677490686252707,0.02467436144735824,3.1292388944677285e-06,2.467749068625271e-16,3.1292388944677286e-20,2.0073367847331478e-20,1.0005668452821523,1.0004466867308488,2.7167092857757724e-06,2.195131601220449e-06,0.8681693464115894,-0.05222743590805279
PF,-7.25,7.25,1.0,100000000000000.0,81,4,7.772797158339549e-14,-0.024679659671838643,2.7922058851508792e-06,0.0246875,9.545273276544725e-09,0.024690282660611875,0.024690282660611598,0.024690282660611892,-2.7755575615628914e-16,1.734723475976807e-17,5.311494386550121e-06,-0.024684971166225048,-0.024684971166225343,5.31149438655014e-06,-4.0656110916323967e-07,4.696076306637879e-07,1.016547956922409e-15,6.793228928159999e-23,2.4687500000000004e-10,1.016547956922409e-15,True,4.1176626103186183e-14,844951.1344623576,844936.3069653088,844936.3069653088,844979.4406127991,846599.4360868832,0.5000000000000016,2.8771401154261725e-05,0.9999712285988457,0.5000000000000003,330848228931468.25,330848228931465.7,-2.6125734144816226e-25,1.659131186668501e-11,-3.8452239216e-24,1.0142047200863058e-09,-4.0855504167e-24,2.1285258505297827e-21,2.0052876981121425e-12,0.024679659671838643,0.024675778762576532,3.880909262111293e-06,2.467965967183864e-16,3.880909262111293e-20,2.7922058851508794e-20,1.0005018544229725,1.0004241628961559,3.316856750258432e-06,2.6929394430496862e-06,0.854659701178892,-0.036549258536956786
PF,-7.5,7.5,1.0,100000000000000.0,81,4,8.551477487276451e-14,-0.02468183201567435,3.74159556431816e-06,0.0246875,8.570056743309852e-09,0.024691233025507575,0.02469123302550786,0.02469123302550758,2.8449465006019636e-16,3.469446951953614e-18,4.700504916684039e-06,-0.024686532520591175,-0.024686532520590894,4.700504916683759e-06,-4.995651306966891e-07,5.747086832854905e-07,1.1761425167122752e-15,1.333010959488e-22,2.4687500000000004e-10,1.1761425167122752e-15,True,4.7641215866826334e-14,869956.3023331295,869942.3959859054,869942.3959859054,869982.8500664247,871419.7751894715,0.5000000000000012,2.9421324838479955e-05,0.9999705786751614,0.5000000000000026,294620184958843.3,294620184958833.2,-1.8921701921054135e-25,1.516212051598715e-11,-1.6181984003399998e-23,9.005073852202698e-10,-1.63422016668e-23,1.7316820478886365e-21,1.8450198321689293e-12,0.02468183201567435,0.02467703298926216,4.799026412191654e-06,2.468183201567435e-16,4.7990264121916535e-20,3.74159556431816e-20,1.0004561279486315,1.0004037770441216,4.053060734782172e-06,3.2890816253349974e-06,0.8445589556426698,-0.027915477949571166
PF,-7.75,7.75,1.0,100000000000000.0,81,4,9.526694153829029e-14,-0.024684064366287124,4.893008967252706e-06,0.0246875,7.722802008003732e-09,0.024692385286165245,0.02469238528616526,0.02469238528616525,1.3877787807814457e-17,3.469446951953614e-18,4.160459939065006e-06,-0.024688224826226193,-0.024688224826226183,4.160459939065006e-06,-6.127152145416169e-07,7.020793227976439e-07,1.0061396160665481e-15,1.8457074823679998e-22,2.4688224826226194e-10,1.0061396160665481e-15,True,4.075382588859651e-14,894960.8650937905,894947.762634061,894947.762634061,894985.8782576694,896260.7977679085,0.5000000000000008,3.046223887195106e-05,0.9999695377611281,0.5000000000000001,262547431501059.53,262547431501053.72,-1.6698235185325095e-25,1.3904232886320521e-11,-9.1324068138e-24,7.999059447055274e-10,-9.292624477199999e-24,-7.936876052822918e-22,9.286267100193184e-13,0.024684064366287124,0.024678143440132312,5.920926154812101e-06,2.4684064366287127e-16,5.920926154812101e-20,4.893008967252706e-20,1.0004213805927675,1.0003851252841736,4.951582665418947e-06,3.9810679199177925e-06,0.8362851580904549,-0.027000365829612405
PF,-8.0,8.0,1.0,100000000000000.0,81,4,6.465698219806205e-14,-0.024686417241536394,6.290176624966931e-06,0.0246875,6.984555880941881e-09,0.024693783192069087,0.02469378319206895,0.024693783192069087,-1.3530843112619095e-16,0.0,3.6829752663125577e-06,-0.024690100216802638,-0.024690100216802773,3.6829752663125636e-06,-7.50419322343043e-07,8.563191193086243e-07,9.020562075079397e-16,6.665054797439999e-22,2.469010021680277e-10,9.020562075079397e-16,True,3.653513754853243e-14,919964.8984543601,919952.4962833863,919952.4962833863,919988.5748079453,921120.0742675804,0.5000000000000009,3.187422296268489e-05,0.9999681257770374,0.5000000000000017,234143961139795.28,234143961139791.75,-1.1851077701435786e-25,1.2790046375907259e-11,-5.4474005556e-24,7.108667866962481e-10,-5.64767263485e-24,1.0101478612683714e-21,1.3477603439058073e-12,0.024686417241536394,0.024679127049704666,7.29019183172766e-06,2.468641724153639e-16,7.290191831727661e-20,6.290176624966931e-20,1.0003952044839826,1.0003693719830407,6.034974456231801e-06,4.759771310290407e-06,0.8278210773503895,-0.0323870415620503
PF,-8.25,8.25,1.0,100000000000000.0,81,4,5.0152978735720414e-14,-0.02468895417094256,7.981889372678043e-06,0.0246875,6.33944301978509e-09,0.02469547554992966,0.024695475549929864,0.024695475549929655,2.0469737016526324e-16,-3.469446951953614e-18,3.260689493599035e-06,-0.024692214860436264,-0.024692214860436056,3.2606894935990275e-06,-9.17545886796325e-07,1.0428272796491486e-06,8.257283745649602e-16,9.228537411839999e-23,2.4692214860436265e-10,8.257283745649602e-16,True,3.344083871099002e-14,944968.4636767375,944956.6722308056,944956.6722308056,944990.9741861072,945995.5003915111,0.5000000000000006,3.363783484050524e-05,0.9999663621651594,0.5,208982112519031.38,208982112519024.97,-8.671520269343258e-26,1.1818105417944896e-11,-1.0053658378349999e-23,6.320404693877478e-10,-1.029398487345e-23,2.1646025598607958e-21,3.2311642556362683e-12,0.02468895417094256,0.02467999868632042,8.95548462214249e-06,2.4688954170942563e-16,8.95548462214249e-20,7.981889372678042e-20,1.0003764807377071,1.0003574598971001,7.322232569387931e-06,5.63346411738428e-06,0.8176254974838175,-0.03945960992217035
PF,-8.5,8.5,1.0,100000000000000.0,81,4,5.367793372346042e-14,-0.024691741989898836,1.0022028972072113e-05,0.0246875,5.774121127396539e-09,0.02469751625485095,0.024697516254850612,0.02469751625485096,-3.365363543395006e-16,1.0408340855860843e-17,2.8871324759729804e-06,-0.024694629122374637,-0.024694629122374988,2.8871324759728275e-06,-1.1194508505709797e-06,1.267948970181872e-06,1.0304257447302234e-15,4.716808010495999e-22,2.469462912237499e-10,1.0304257447302234e-15,True,4.172671472909827e-14,969971.6110540389,969960.3540036606,969960.3540036606,969993.1014226736,970885.2445839398,0.5000000000000007,3.57313192323481e-05,0.9999642686807677,0.5000000000000011,186685276701525.0,186685276701524.06,-8.849397608201581e-26,1.1002141518957543e-11,-1.602176634e-24,5.622387017632658e-10,-1.72233988155e-24,-1.6956053385576234e-21,2.815020991493804e-12,0.024691741989898836,0.024680771419116697,1.0970570782139338e-05,2.469174198989884e-16,1.0970570782139338e-19,1.0022028972072113e-19,1.0003632518325525,1.0003488283359374,8.838249373570993e-06,6.6418095860783585e-06,0.805632591875723,-0.04362326937216121
PF,-8.75,8.75,1.0,100000000000000.0,81,4,5.3919928429580365e-14,-0.024694854007365166,1.2472509430073451e-05,0.0246875,5.277342267956178e-09,0.024699967232087807,0.02469996723208767,0.02469996723208781,-1.3877787807814457e-16,3.469446951953614e-18,2.5566123612882907e-06,-0.02469741061972638,-0.024697410619726523,2.5566123612881497e-06,-1.3623111951446274e-06,1.5391420739279583e-06,9.610368056911511e-16,1.435550264064e-22,2.469741061972652e-10,9.610368056911511e-16,True,3.891245201727924e-14,994974.3858420941,994963.5987071446,994963.5987071446,994994.9791548321,995787.6826757968,0.5000000000000003,3.81268954589906e-05,0.999961873104541,0.5,166921588018580.47,166921588018578.16,-5.869952182324668e-26,1.034717060901824e-11,-3.7651150899e-24,5.004144256238298e-10,-3.80516950575e-24,-1.0101478612683714e-21,1.868660401337811e-12,0.024694854007365166,0.024681456747315225,1.3397260049941712e-05,2.4694854007365167e-16,1.3397260049941712e-19,1.2472509430073452e-19,1.0003531054399541,1.0003419579540136,1.0623632902078066e-05,7.8414278422303e-06,0.7929705673007584,-0.04350145960838325
PF,-9.0,9.0,1.0,100000000000000.0,81,4,5.951785807028611e-14,-0.024698374444944087,1.5407520010703975e-05,0.0246875,4.839596942156116e-09,0.024702902680413762,0.024702902680413526,0.02470290268041376,-2.3592239273284576e-16,-3.469446951953614e-18,2.2641177347780097e-06,-0.024700638562678748,-0.02470063856267898,2.2641177347778856e-06,-1.6535631979624168e-06,1.8651679475265365e-06,9.818534874028728e-16,1.435550264064e-21,2.470063856267898e-10,9.818534874028728e-16,True,3.975012568648278e-14,1019976.8313860499,1019966.4599478666,1019966.4599478666,1019996.6311403688,1020701.3553684062,0.5000000000000003,4.078594729671024e-05,0.9999592140527034,0.5000000000000008,149398423498673.53,149398423498671.94,-7.048389552261058e-26,9.838698036451919e-12,-2.52342819855e-24,4.4564444730053143e-10,-2.44331936685e-24,1.226608117254451e-21,2.546834811888862e-12,0.024698374444944087,0.02468206479781068,1.6309647133408434e-05,2.4698374444944085e-16,1.6309647133408433e-19,1.5407520010703974e-19,1.000344333669597,1.0003356323051573,1.2734488901465946e-05,9.281338273944339e-06,0.7807948754072559,-0.04057018498551457
PF,-9.25,9.25,1.0,100000000000000.0,81,4,6.15264347142174e-14,-0.02470240169269007,1.8916610905198793e-05,0.0246875,4.452823383166052e-09,0.024706412158081816,0.024706412158081663,0.024706412158081812,-1.5265566588595902e-16,-3.469446951953614e-18,2.0052326958325716e-06,-0.02470440692538583,-0.024704406925385978,2.0052326958324606e-06,-2.002196828600982e-06,2.2563100848148767e-06,1.061650767297806e-15,4.511729401344e-22,2.4704406925385976e-10,1.061650767297806e-15,True,4.297414507882257e-14,1044978.9884698256,1044968.9872018766,1044968.9872018766,1044998.0815713715,1045624.9547734458,0.5000000000000009,4.365306116446565e-05,0.9999563469388355,0.5000000000000006,133857600824676.78,133857600824675.02,-1.3518677753232567e-25,9.449929011949898e-12,-2.7237002778e-24,3.971142764320721e-10,-2.76375469365e-24,4.329205119721591e-22,1.0061634877786466e-12,0.02470240169269007,0.02468260449596401,1.9797196726061006e-05,2.470240169269007e-16,1.9797196726061006e-19,1.8916610905198792e-19,1.0003361728064701,1.0003293443136263,1.5236436685103057e-05,1.0996543244617023e-05,0.7696259675515489,-0.03686451628945053
PF,-9.5,9.5,1.0,100000000000000.0,81,4,7.857351830474488e-14,-0.024707050311127528,2.3106547875440255e-05,0.0246875,4.110169325821703e-09,0.024710602437706116,0.024710602437706244,0.024710602437706113,1.2836953722228372e-16,-3.469446951953614e-18,1.7760632893239917e-06,-0.02470882637441692,-0.02470882637441679,1.7760632893239896e-06,-2.4189235215111564e-06,2.7246250514870537e-06,1.096345236817342e-15,8.20314436608e-23,2.470882637441692e-10,1.096345236817342e-15,True,4.4370591310337526e-14,1069980.8937651096,1069971.224396163,1069971.224396163,1069999.353270358,1070557.3195290612,0.5000000000000007,4.6649162571346894e-05,0.9999533508374286,0.5000000000000009,120071196570197.62,120071196570194.48,-1.102839500921604e-25,9.152821830246643e-12,-5.0468563971e-24,3.5410492497104394e-10,-5.066883605025e-24,8.658410239443182e-22,2.238297099821741e-12,0.024707050311127528,0.024683083713640832,2.39665974866958e-05,2.470705031112753e-16,2.39665974866958e-19,2.3106547875440254e-19,1.0003284045162135,1.0003230249334267,1.8201769516451798e-05,1.301879870277795e-05,0.7594640635390927,-0.03357969933926874
PF,-9.75,9.75,1.0,100000000000000.0,81,4,5.897508480422854e-14,-0.02471245295066807,2.8103103917526258e-05,0.0246875,3.80579631652775e-09,0.02471559929812121,0.024715599298121067,0.02471559929812121,-1.4224732503009818e-16,0.0,1.5731737265336945e-06,-0.024714026124394533,-0.024714026124394675,1.5731737265336073e-06,-2.916347085539525e-06,3.2843147684088063e-06,1.0269562977782698e-15,1.640628873216e-22,2.471402612439468e-10,1.0269562977782698e-15,True,4.155358146055303e-14,1094982.5792117699,1094973.2094681794,1094973.2094681794,1095000.466728712,1095497.425363348,0.5000000000000006,4.966458817680612e-05,0.9999503354118231,0.5000000000000004,107837904783400.1,107837904783398.64,-8.360234926341192e-26,8.924007204974546e-12,-2.3231561192999997e-24,3.159814121141884e-10,-2.423292158925e-24,-4.329205119721591e-22,1.2294463035356648e-12,0.02471245295066807,0.02468350939784714,2.8943552820931417e-05,2.4712452950668074e-16,2.894355282093142e-19,2.810310391752626e-19,1.0003210004311827,1.000316747028226,2.171091379958115e-05,1.5387088768708103e-05,0.7501122593312124,-0.031044351714524465
PF,-10.0,10.0,1.0,100000000000000.0,81,4,5.707829554338114e-14,-0.024718762870095785,3.405346665256692e-05,0.0246875,3.5347184365950504e-09,0.02472154993193413,0.024721549931933883,0.024721549931934126,-2.463307335887066e-16,-3.469446951953614e-18,1.3935309191095458e-06,-0.024720156401014774,-0.024720156401015016,1.3935309191095486e-06,-3.50920371399735e-06,3.9519063974481935e-06,1.016547956922409e-15,2.871100528128e-21,2.4720156401015016e-10,1.016547956922409e-15,True,4.112222999044898e-14,1119984.0722796973,1119974.9748152997,1119974.9748152997,1120001.4400104594,1120444.3711727238,0.5000000000000006,5.255385655520359e-05,0.9999474461434449,0.5000000000000007,96979858243379.1,96979858243378.12,-7.6487255709079e-26,8.745916547379628e-12,-1.56212221815e-24,2.821827289613909e-10,-1.64223104985e-24,-2.886136746481061e-22,9.092332477471759e-13,0.024718762870095785,0.02468388768275277,3.4875187343016284e-05,2.4718762870095786e-16,3.487518734301628e-19,3.405346665256692e-19,1.0003139655769382,1.0003105905085379,2.5855347911531116e-05,1.8151182866172396e-05,0.7413680006140131,-0.02916528333382007
PF,-10.25,10.25,1.0,100000000000000.0,81,4,5.0274446398630996e-14,-0.024726157161616174,4.112936646618069e-05,0.0246875,3.2926688697687096e-09,0.024728626073797312,0.02472862607379679,0.02472862607379732,-5.204170427930421e-16,6.938893903907228e-18,1.2344560904415798e-06,-0.02472739161770635,-0.024727391617706877,1.234456090441515e-06,-4.214676870393858e-06,4.746591702819738e-06,1.0304257447302234e-15,1.8046917605376e-21,2.472739161770688e-10,1.0304257447302234e-15,True,4.167142902336503e-14,1144985.3965757575,1144976.5480777891,1144976.5480777891,1145002.289023232,1145397.3641343964,0.5000000000000006,5.513504471698823e-05,0.9999448649552829,0.5000000000000002,87339846313882.53,87339846313882.69,-6.492522868328799e-26,8.60585363462689e-12,3.6048974264999997e-25,2.5221305435373647e-10,2.60353703025e-25,-3.6076709331013267e-22,1.2668730829274245e-12,0.024726157161616174,0.024684223987438293,4.1933174177881394e-05,2.4726157161616173e-16,4.1933174177881396e-19,4.112936646618069e-19,1.0003072960456938,1.0003046084283191,3.074041302863688e-05,2.1371586378049208e-05,0.7330809944946073,-0.027749537185589035
PF,-10.5,10.5,1.0,100000000000000.0,81,4,5.368220908666149e-14,-0.02473484062595021,4.953086686706137e-05,0.0246875,3.075989092799253e-09,0.02473702779087797,0.024737027790877848,0.02473702779087797,-1.214306433183765e-16,0.0,1.0935824638478076e-06,-0.024735934208414,-0.02473593420841412,1.0935824638477466e-06,-5.052778620594834e-06,5.690844264196941e-06,1.1310397063368782e-15,1.8046917605376e-21,2.4735934208414123e-10,1.1310397063368782e-15,True,4.572455993807367e-14,1169986.5724672861,1169977.9529180177,1169977.9529180177,1170003.0278445191,1170355.7059623222,0.5000000000000002,5.7197550285178307e-05,0.9999428024497147,0.5000000000000004,78778875355326.77,78778875355325.75,-5.1139734921767934e-26,8.494696485573055e-12,-1.64223104985e-24,2.2563405159024806e-10,-1.702312673625e-24,-2.8861367464810613e-21,1.1189754222273682e-11,0.02473484062595021,0.024684523101342507,5.031752460770214e-05,2.473484062595021e-16,5.031752460770214e-19,4.953086686706137e-19,1.0003009761281514,1.0002988285476297,3.6487877272411485e-05,2.5119207510447046e-05,0.7251524703746308,-0.026632209012987962
PF,-10.75,10.75,1.0,100000000000000.0,81,4,5.60251904535628e-14,-0.02474505027091642,5.949078885810164e-05,0.0246875,2.8815365451718656e-09,0.02474698790732156,0.02474698790732189,0.02474698790732156,3.2959746043559335e-16,0.0,9.688182026529069e-07,-0.024746019089119237,-0.024746019089118908,9.688182026529041e-07,-6.0467938194586e-06,6.8108607314811285e-06,1.1449174941446927e-15,0.0,2.4746019089119236e-10,1.1449174941446927e-15,True,4.626673446025547e-14,1194987.6176119433,1194979.209683133,1194979.209683133,1195003.6689980337,1195318.780919509,0.5000000000000002,5.85216383644528e-05,0.9999414783616355,0.5000000000000001,71174026779664.17,71174026779661.9,-4.602576142959114e-26,8.405820747552046e-12,-3.5147749908375e-24,2.020581044429383e-10,-3.624924634425e-24,5.772273492962122e-22,2.4862940562526068e-12,0.02474505027091642,0.02468478925906391,6.026101185250751e-05,2.4745050270916417e-16,6.026101185250751e-19,5.949078885810164e-19,1.000294983626726,1.0002932619033484,4.32384962667948e-05,2.947572780951968e-05,0.717520249620495,-0.025701009283356724
PF,-11.0,11.0,1.0,100000000000000.0,81,4,6.028411312676757e-14,-0.024757060462867218,7.127979728877547e-05,0.0246875,2.706607467942638e-09,0.02475877709068131,0.024758777090681777,0.024758777090681323,4.683753385137379e-16,1.3877787807814457e-17,8.583139071664403e-07,-0.02475791877677461,-0.024757918776774156,8.583139071664372e-07,-7.2237899187848966e-06,8.137114725190558e-06,1.1171619185290638e-15,1.1484402112512e-21,2.475791877677461e-10,1.1171619185290638e-15,True,4.5123418030479715e-14,1219988.547383468,1219980.3359415035,1219980.3359415035,1220004.2236681625,1220286.0455253273,0.5000000000000002,5.891035936622274e-05,0.9999410896406338,0.5000000000000003,64416574607870.66,64416574607868.33,-3.8688321201685305e-26,8.334332822859494e-12,-3.7150470700875e-24,1.8114237216732456e-10,-3.745087881975e-24,-9.379944426063448e-22,4.40335489780691e-12,0.024757060462867218,0.024685026205944427,7.203425692279067e-05,2.4757060462867216e-16,7.203425692279067e-19,7.127979728877547e-19,1.0002892945111386,1.000287909861447,5.115477475872704e-05,3.453461260185647e-05,0.7101451023997772,-0.02488677240522902
PF,-11.25,11.25,1.0,100000000000000.0,81,4,6.80241393169394e-14,-0.024771188799530233,8.521221655384358e-05,0.0246875,2.548872248665509e-09,0.024772709667681594,0.02477270966768138,0.024772709667681605,-2.1510571102112408e-16,1.0408340855860843e-17,7.604340756298634e-07,-0.02477194923360575,-0.024771949233605976,7.604340756298215e-07,-8.615199284052095e-06,9.705006918152531e-06,1.2004286453759505e-15,5.2500123942912e-21,2.4771949233605974e-10,1.2004286453759505e-15,True,4.845919205047587e-14,1244989.3752116188,1244981.3469133915,1244981.3469133915,1245004.7018667974,1245257.019713023,0.5000000000000002,5.8228865833581764e-05,0.9999417711341665,0.5000000000000001,58410329744182.63,58410329744182.06,-2.7126294175894295e-26,8.276551956228497e-12,-8.311291288875e-25,1.6258356003932583e-10,-9.01224356625e-25,-1.3709149545785041e-21,7.0946829863842795e-12,0.024771188799530233,0.024685237255632028,8.595154389820503e-05,2.4771188799530233e-16,8.595154389820503e-19,8.521221655384358e-19,1.0002838856264578,1.0002827687506446,6.042405432369122e-05,4.04025518641045e-05,0.7030013840734871,-0.024148978164257817
PF,-11.5,11.5,1.0,100000000000000.0,81,4,5.6371419087098455e-14,-0.024787802797360474,0.00010165266772203447,0.0246875,2.4063211172944002e-09,0.024789150261400918,0.02478915026140056,0.024789150261400925,-3.5735303605122226e-16,6.938893903907228e-18,6.737320201334725e-07,-0.024788476529380425,-0.02478847652938079,6.737320201334743e-07,-1.0257483373653538e-05,1.1555610819401635e-05,9.645062526431047e-16,1.8046917605376e-21,2.478847652938079e-10,9.645062526431047e-16,True,3.890946067217621e-14,1269990.1128569036,1269982.2558191586,1269982.2558191586,1270005.1125676516,1270231.2791923305,0.5000000000000001,5.643983722985419e-05,0.9999435601627701,0.5000000000000001,53070182625454.34,53070182625454.21,-2.4458134093019445e-26,8.22966416214215e-12,-2.102856832125e-25,1.461133159431291e-10,-2.8038091095e-25,-1.1544546985924245e-21,6.551867935561388e-12,0.024787802797360474,0.024685425340663373,0.000102377456697101,2.4787802797360473e-16,1.0237745669710099e-18,1.0165266772203446e-18,1.0002787359475638,1.0002778325592843,7.126200773441044e-05,4.7201206308014533e-05,0.6960712839863735,-0.023464451966518196
PF,-11.75,11.75,1.0,100000000000000.0,81,4,6.805398693250913e-14,-0.02480732750403439,0.00012102363685093639,0.0246875,2.277218440779839e-09,0.024808521359632497,0.02480852135963234,0.024808521359632504,-1.5612511283791264e-16,6.938893903907228e-18,5.96927799016963e-07,-0.024807924431833325,-0.024807924431833488,5.969277990169637e-07,-1.2192889860251423e-05,1.3736523978430537e-05,1.2351231148954867e-15,4.5937608450048e-21,2.4807924431833486e-10,1.2351231148954867e-15,True,4.978744264919554e-14,1294990.770636343,1294983.0741641826,1294983.0741641826,1295005.463819301,1295208.4488148757,0.5000000000000002,5.3621020122454146e-05,0.9999463789798776,0.5000000000000001,48320819677273.695,48320819677273.17,-2.0233547295134268e-26,8.191488551885254e-12,-8.21115524925e-25,1.3149417542763797e-10,-8.1110192096249995e-25,-2.3810628158468755e-21,1.4775636884767306e-11,0.02480732750403439,0.024685593056958475,0.0001217344470759163,2.4807327504034393e-16,1.217344470759163e-18,1.2102363685093639e-18,1.0002738269986962,1.0002730943954168,8.391660399488163e-05,5.50692131193577e-05,0.6893414806619969,-0.022820023397880362
PF,-12.0,12.0,1.0,100000000000000.0,81,4,5.122129228061474e-14,-0.024830254162131523,0.00014381409977003097,0.0246875,2.1600641860871734e-09,0.024831311939705846,0.024831311939705294,0.024831311939705846,-5.516420653606247e-16,0.0,5.288887870239669e-07,-0.02483078305091827,-0.024830783050918823,5.288887870239389e-07,-1.4470315291653912e-05,1.630283867928813e-05,1.0755285551056204e-15,1.60781629575168e-20,2.4830783050918824e-10,1.0755285551056204e-15,True,4.331432290717961e-14,1319991.3576118734,1319983.8119743355,1319983.8119743355,1320005.762843578,1320188.1967836188,0.5000000000000001,4.995563639336315e-05,0.9999500443636067,0.5000000000000002,44095592239505.28,44095592239507.14,-1.689834719154071e-26,8.160316283031602e-12,2.92397235705e-24,1.1851598783814012e-10,2.9640267728999998e-24,-2.3810628158468755e-21,1.6141887704877538e-11,0.024830254162131523,0.024685742702990274,0.00014451145914124927,2.4830254162131525e-16,1.4451145914124927e-18,1.4381409977003097e-18,1.0002691428574804,1.000268547325572,9.867260555133104e-05,6.416445007664329e-05,0.6828012542236243,-0.022208126403191364
PF,-12.25,12.25,1.0,100000000000000.0,81,4,5.682688053462924e-14,-0.024857150065763965,0.00017058934443567339,0.0246875,2.053561380350623e-09,0.024858087290874294,0.024858087290874943,0.02485808729087429,6.487865800153259e-16,-3.469446951953614e-18,4.6861255532688893e-07,-0.024857618678319617,-0.024857618678318965,4.686125553268867e-07,-1.714628744719174e-05,1.931830943390462e-05,1.2975731600306517e-15,9.515647464652799e-21,2.4857618678319615e-10,1.2975731600306517e-15,True,5.220021985301321e-14,1344991.8817495455,1344984.4779925684,1344984.4779925684,1345006.0161234774,1345170.229581298,0.5000000000000002,4.569750633276381e-05,0.9999543024936672,0.5,40335519400032.45,40335519400032.516,-1.08949870050723e-26,8.134796834548867e-12,1.2517004953125e-25,1.0699276488607986e-10,1.2016324755e-25,4.0405914450734854e-21,2.9760019657994e-11,0.024857150065763965,0.02468587631429722,0.00017127375146674603,2.4857150065763965e-16,1.7127375146674604e-18,1.7058934443567339e-18,1.0002646699799986,1.0002641848176925,0.0001158566632526111,7.466657828445188e-05,0.6764414410290153,-0.021624270661677103
PF,-12.5,12.5,1.0,100000000000000.0,81,4,7.206672381144841e-14,-0.024888669769078966,0.00020200214922121336,0.0246875,1.9565886063004727e-09,0.02488950019263261,0.024889500192633033,0.024889500192632606,4.2327252813834093e-16,-3.469446951953614e-18,4.1521177692695337e-07,-0.024889084980856107,-0.02488908498085568,4.1521177692692854e-07,-2.028608325494253e-05,2.285643154289261e-05,1.0234868508263162e-15,2.2968804225024e-21,2.4889084980856106e-10,1.0234868508263162e-15,True,4.1121915555093716e-14,1369992.3500552953,1369985.0798441027,1369985.0798441027,1370006.2294827735,1370154.2875173516,0.5000000000000002,4.112349937193995e-05,0.9999588765006281,0.5,36988408565782.9,36988408565783.23,-1.3563147087947147e-26,8.113855719679205e-12,5.0568700010624995e-25,9.675990055945235e-11,4.7564618821875e-25,-7.215341866202653e-22,5.768868293030058e-12,0.024888669769078966,0.02468599569390922,0.00020267407516974534,2.4888669769078965e-16,2.0267407516974533e-18,2.0200214922121336e-18,1.0002603969681343,1.0002600009589462,0.00013584308179393032,8.677989421258879e-05,0.670253862908504,-0.021065625219274242
PF,-12.75,12.75,1.0,100000000000000.0,81,4,6.917625582470214e-14,-0.02492556782474718,0.0002388054947444275,0.0246875,1.8681767413204714e-09,0.024926303626567687,0.024926303626566934,0.024926303626567677,-7.528699885739343e-16,-1.0408340855860843e-17,3.6790091006388484e-07,-0.02492593572565687,-0.024925935725657614,3.6790091006388674e-07,-2.39650000465569e-05,2.70020358771252e-05,1.6202317265623378e-15,6.562515492864e-22,2.4925935725657616e-10,1.6202317265623378e-15,True,6.500184163174848e-14,1394992.768691532,1394985.6241759628,1394985.6241759628,1395006.4081587996,1395140.1408108382,0.5,3.648947108675793e-05,0.9999635105289132,0.5,34008079662580.94,34008079662582.457,-4.446933471458081e-27,8.096633593397768e-12,2.4032649509999998e-24,8.767171778109144e-11,2.38824454505625e-24,-1.4430683732405307e-21,1.2492240015107571e-11,0.02492556782474718,0.02468610243920113,0.00023946538554605115,2.492556782474718e-16,2.3946538554605117e-18,2.388054947444275e-18,1.0002563143377567,1.0002559905633208,0.00015906033704084547,0.00010073652697741085,0.6642310189347047,-0.02053024388521507
PF,-13.0,13.0,1.0,100000000000000.0,81,4,7.783842381739333e-14,-0.024968713251973626,0.0002818670083507864,0.0246875,1.7874892875640176e-09,0.0249693652208615,0.02496936522086229,0.024969365220861496,7.91033905045424e-16,-3.469446951953614e-18,3.259844441325767e-07,-0.024969039236418158,-0.024969039236417363,3.2598444413261194e-07,-2.8269800069243054e-05,3.185289157629701e-05,2.3939183968479938e-15,2.16563011264512e-20,2.496903923641816e-10,2.3939183968479938e-15,True,9.5875470985539e-14,1419993.1430777134,1419986.116775231,1419986.116775231,1420006.55686922,1420127.586140604,0.5000000000000002,3.2001065598621195e-05,0.9999679989344012,0.5000000000000001,31353680638285.723,31353680638285.62,-1.3118453740801338e-26,8.08244030705478e-12,-1.40190455475e-25,7.959930284482759e-11,-1.5020405943749999e-25,2.8861367464810613e-21,2.6900515636809737e-11,0.024968713251973626,0.024686197965579727,0.0002825152863938987,2.4968713251973626e-16,2.825152863938987e-18,2.8186700835078643e-18,1.0002524143143132,1.0002521492719658,0.00018599843604342884,0.00011680002150692571,0.6583659185935141,-0.02001665031278621
PF,-13.25,13.25,1.0,100000000000000.0,81,4,7.128473375962773e-14,-0.02501910595755886,0.0003321853644046389,0.0246875,1.7138057548592454e-09,0.025019683650598885,0.025019683650598912,0.025019683650598888,2.7755575615628914e-17,3.469446951953614e-18,2.888465200224791e-07,-0.02501939480407889,-0.025019394804078866,2.8884652002247906e-07,-3.3300350572875325e-05,3.752153338809931e-05,1.6896206656014101e-15,1.1812527887155199e-20,2.501939480407889e-10,1.6896206656014101e-15,True,6.753243548984457e-14,1444993.4779773932,1444986.5626695591,1444986.5626695591,1445006.6798734893,1445116.4436042241,0.49999999999999983,2.7802339983147767e-05,0.9999721976600169,0.5000000000000001,28989083488748.324,28989083488748.887,-2.8905067564477526e-27,8.070719686769894e-12,8.9621755464375e-25,7.242859353086672e-11,8.912107526625e-25,1.0823012799303979e-21,1.0835680676366149e-11,0.02501910595755886,0.024686283527421422,0.00033282243013743606,2.501910595755886e-16,3.3282243013743606e-18,3.3218536440463888e-18,1.0002486906659431,1.000248473529404,0.00021721722136890543,0.00013526935213183913,0.6526519900693216,-0.01952362305996652
PF,-13.5,13.5,1.0,100000000000000.0,81,4,1.6160821719200402e-13,-0.0250778953603291,0.00039090889035788755,0.0246875,1.646507652667281e-09,0.025078407243850236,0.025078407243849795,0.02507840724385023,-4.40619762898109e-16,-6.938893903907228e-18,2.559417604558391e-07,-0.02507815130208934,-0.025078151302089773,2.5594176045583987e-07,-3.917148447020817e-05,4.413735875525162e-05,1.9116652705264414e-15,2.9531319717888e-20,2.5078151302089776e-10,1.9116652705264414e-15,True,7.622831713146022e-14,1469993.7775737129,1469986.9662125062,1469986.9662125062,1470006.7810294374,1470106.5540356382,0.5000000000000001,2.39785523656342e-05,0.9999760214476343,0.5,26882351367802.848,26882351367803.684,-9.116213616489067e-27,8.061022199787505e-12,1.31678892106875e-24,6.605869103080065e-11,1.3017685151249999e-24,-1.4430683732405306e-22,1.5635854377354074e-12,0.0250778953603291,0.024686360236558562,0.00039153512377053737,2.50778953603291e-16,3.9153512377053735e-18,3.909088903578875e-18,1.0002451385756406,1.0002449606606985,0.00025335573296729333,0.00015648341641369586,0.6470830267472368,-0.01905008686504528
PF,-13.75,13.75,1.0,100000000000000.0,81,4,8.051996460889596e-14,-0.025146401499077178,0.0004593566584769905,0.0246875,1.5850667262120822e-09,0.025146855073410263,0.025146855073409587,0.025146855073410263,-6.765421556309548e-16,0.0,2.2678716637225195e-07,-0.025146628286243214,-0.02514662828624389,2.2678716637227873e-07,-4.601510955934808e-05,5.184900484549444e-05,1.5612511283791264e-15,9.1875216900096e-21,2.514662828624389e-10,1.5612511283791264e-15,True,6.208590315200177e-14,1494994.0455349362,1494987.3311560645,1494987.3311560645,1495006.8638455179,1495097.7766383744,0.4999999999999999,2.0566928013511718e-05,0.9999794330719866,0.49999999999999933,25005268510054.11,25005268510055.0,-3.557546777166465e-27,8.052983548325332e-12,1.4094147577218749e-24,6.040036949169484e-11,1.40190455475e-24,-7.936876052822918e-22,9.120391396091865e-12,0.025146401499077178,0.024686429078624735,0.00045997242045244316,2.5146401499077177e-16,4.599724204524432e-18,4.593566584769905e-18,1.0002417545496503,1.0002416088729693,0.0002951427537844749,0.00018082606404569326,0.6416531528002556,-0.018595059325190455
PF,-14.0,14.0,1.0,100000000000000.0,81,4,1.0891252790381093e-13,-0.025226138937513968,0.0005390423764557144,0.0246875,1.5290351382961382e-09,0.025226540847420577,0.025226540847419984,0.025226540847420584,-5.93275428784068e-16,6.938893903907228e-18,2.009549531566594e-07,-0.025226339892466827,-0.025226339892467427,2.0095495315666018e-07,-5.398259763281241e-05,6.0827040874126416e-05,1.7694179454963432e-15,9.1875216900096e-21,2.5226339892467427e-10,1.7694179454963432e-15,True,7.014168337693296e-14,1519994.28507135,1519987.6607120652,1519987.6607120652,1520006.931529089,1520089.9868967107,0.4999999999999999,1.756992036783706e-05,0.9999824300796321,0.5,23332925713651.336,23332925713652.137,-1.7787733885832325e-27,8.046307792880392e-12,1.254203896303125e-24,5.537476019608419e-11,1.22666648540625e-24,1.0823012799303979e-21,1.3203374870650256e-11,0.025226138937513968,0.024686490927501893,0.0005396480100120747,2.5226138937513966e-16,5.396480100120747e-18,5.3904237645571436e-18,1.0002385363578656,1.0002384173021215,0.0003434086799478462,0.0002087317221120509,0.6363567984623206,-0.018157624677450357
PF,-14.25,14.25,1.0,100000000000000.0,81,4,9.905725334783099e-14,-0.025318843816819918,0.0006317014272895599,0.0246875,1.4780373549657782e-09,0.025319199949252205,0.02531919994925139,0.025319199949252205,-8.153200337090993e-16,0.0,1.780662159404217e-07,-0.02531902188303545,-0.025319021883036266,1.7806621594042266e-07,-6.324748851267946e-05,7.1267015240636e-05,2.022687572988957e-15,3.41250805628928e-20,2.5319021883036266e-10,2.022687572988957e-15,True,7.988806132926315e-14,1544994.498984639,1544987.957603958,1544987.957603958,1545006.9870312754,1545083.074732105,0.5000000000000001,1.4967502151169051e-05,0.9999850324978488,0.5,21843355020116.54,21843355020117.273,-3.557546777166465e-27,8.040753979245487e-12,1.169088262621875e-24,5.091219019576981e-11,1.14655765370625e-24,-3.679824351763353e-21,4.770590024839728e-11,0.025318843816819918,0.02468654655810361,0.0006322972587163092,2.5318843816819917e-16,6.322972587163092e-18,6.317014272895599e-18,1.0002354830018585,1.000235386041084,0.0003990988721829206,0.00024069168375596755,0.631188680136257,-0.017736921149725582
PF,-14.5,14.5,1.0,100000000000000.0,81,4,1.3390435654382103e-13,-0.025426504447716897,0.0007393214501337514,0.0246875,1.4317635423030508e-09,0.02542682001837021,0.02542682001837016,0.025426820018370214,-5.204170427930421e-17,3.469446951953614e-18,1.577853266429576e-07,-0.025426662233043514,-0.02542666223304357,1.5778532664295761e-07,-7.400854818594319e-05,8.33929016507228e-05,2.400857290751901e-15,5.2500123942912e-21,2.542666223304357e-10,2.400857290751901e-15,True,9.442282548717046e-14,1569994.689710662,1569988.224110066,1569988.224110066,1570007.0330886506,1570076.9428760651,0.5,1.272694482255573e-05,0.9999872730551773,0.5,20517208007582.875,20517208007583.176,-7.559786901478738e-27,8.036125499355686e-12,4.906665941625e-25,4.695115766830537e-11,4.6563258425625e-25,2.597523071832955e-21,3.5596266431076874e-11,0.025426504447716897,0.024686596657678972,0.0007399077900379254,2.5426504447716897e-16,7.399077900379255e-18,7.393214501337514e-18,1.000232594706947,1.0002325161966803,0.0004632886628367194,0.0002772611347020438,0.6261437831502932,-0.017332134503575125
PF,-14.75,14.75,1.0,100000000000000.0,81,4,7.857885216975096e-14,-0.0255513958799244,0.0008641768998432029,0.0246875,1.389964325112633e-09,0.025551675509878878,0.025551675509878507,0.025551675509878878,-3.712308238590367e-16,0.0,1.3981497714739803e-07,-0.02555153569490136,-0.02555153569490173,1.3981497714739835e-07,-8.649322481164987e-05,9.746099357000179e-05,1.835337437583462e-15,6.562515492864e-20,2.5551535694901733e-10,1.835337437583462e-15,True,7.182885050426401e-14,1594994.8593564164,1594988.462099554,1594988.462099554,1595007.0722623037,1595071.5054346886,0.5000000000000001,1.0809819785402715e-05,0.9999891901802147,0.5000000000000001,19337472797463.258,19337472797463.625,6.4480535336142175e-27,8.032261598616226e-12,5.782856288343749e-25,4.343742841329012e-11,5.707754258625e-25,-2.1646025598607956e-22,3.1352986641144924e-12,0.0255513958799244,0.024686641835813913,0.0008647540441104849,2.5551395879924396e-16,8.647540441104849e-18,8.641768998432029e-18,1.0002298729355785,1.0002298099444276,0.0005372002122561153,0.00031906699952605373,0.6212173460358864,-0.016942494483128623
PF,-15.0,15.0,1.0,100000000000000.0,81,4,1.0477192493781387e-13,-0.02569611893794355,0.0010088680739774294,0.0246875,1.3524467978135137e-09,0.025696366721530632,0.025696366721529484,0.025696366721530636,-1.1483869410966463e-15,3.469446951953614e-18,1.2389179325406541e-07,-0.02569624282973623,-0.02569624282973738,1.2389179325406626e-07,-0.00010096155147961451,0.00011376430210910136,2.1996293675385914e-15,2.6250061971456e-21,2.569624282973738e-10,2.1996293675385914e-15,True,8.560120567482479e-14,1619995.009731852,1619988.6730615313,1619988.6730615313,1620007.1069747182,1620066.686622394,0.5000000000000002,9.176589943784851e-06,0.9999908234100562,0.5000000000000001,18289225475541.414,18289225475541.992,-4.002240124312273e-27,8.02903057658253e-12,9.18748163559375e-25,4.0323239791704056e-11,9.0623115860625e-25,-8.009029471484945e-21,1.2154386241140685e-10,0.02569611893794355,0.02468668263328823,0.0010094363046553208,2.569611893794355e-16,1.0094363046553208e-17,1.0088680739774294e-17,1.0002273204200702,1.0002272705947466,0.0006222214298107422,0.00036681669806907895,0.6164048458938716,-0.016567272653212506
PF,-15.25,15.25,1.0,100000000000000.0,81,4,1.0750669651206865e-13,-0.02586364426879578,0.001176365152773099,0.0246875,1.3190717149620894e-09,0.025863863833701383,0.02586386383370229,0.02586386383370138,9.055256544598933e-16,-3.469446951953614e-18,1.0978245302671416e-07,-0.02586375405124926,-0.025863754051248352,1.0978245302671364e-07,-0.00011771055027228242,0.00013263751883068364,2.130240428499519e-15,0.0,2.586375405124926e-10,2.130240428499519e-15,True,8.236393001102734e-14,1644995.1423771135,1644988.8581283006,1644988.8581283006,1645007.1395446644,1645062.4196457756,0.5000000000000001,7.789364647116214e-06,0.9999922106353529,0.4999999999999998,17359412157728.984,17359412157728.965,-1.5564267150103284e-27,8.026324328700322e-12,-2.7537410896875e-26,3.756660007012611e-11,-3.00408118875e-26,2.308909397184849e-21,3.6675043651217354e-11,0.02586364426879578,0.024686719529908654,0.0011769247388871244,2.586364426879578e-16,1.1769247388871244e-17,1.176365152773099e-17,1.0002249412135247,1.0002249026765642,0.0007199271984019355,0.00042130791176642245,0.6117019845149009,-0.016205780685967452
PF,-15.5,15.5,1.0,100000000000000.0,81,4,9.44673866667316e-14,-0.026057362010267676,0.001370057860521171,0.0246875,1.2897518249755206e-09,0.026057556570769348,0.026057556570770062,0.026057556570769334,7.147060721024445e-16,-1.3877787807814457e-17,9.728025101061963e-08,-0.02605745929051905,-0.026057459290518323,9.728025101061926e-08,-0.00013707919847459588,0.00015446261206204323,1.9671764217576992e-15,1.627503842230272e-19,2.6057459290519054e-10,1.9671764217576992e-15,True,7.549379238494875e-14,1669995.2585856754,1669989.0180930553,1669989.0180930553,1670007.172220764,1670058.645720859,0.5,6.613370814952909e-06,0.999993386629185,0.5,16536658397792.387,16536658397792.418,1.0227946984353587e-26,8.024053953652902e-12,4.5061217831249996e-26,3.513067259265244e-11,5.38231212984375e-26,4.906432469017804e-21,8.129741042494543e-11,0.026057362010267676,0.024686752951448863,0.0013706090588188127,2.6057362010267676e-16,1.3706090588188128e-17,1.3700578605211711e-17,1.0002227407581934,1.0002227120183853,0.0008321031675186654,0.0004834394696679612,0.6071046752279383,-0.015857369003038302
PF,-15.75,15.75,1.0,100000000000000.0,81,4,8.756329777181769e-14,-0.02628113775800507,0.0015938114265704362,0.0246875,1.264451347232262e-09,0.02628131016211909,0.026281310162117866,0.026281310162119095,-1.2247147740396258e-15,3.469446951953614e-18,8.620205670376774e-08,-0.026281223960061162,-0.02628122396006239,8.62020567037683e-08,-0.00015945402475514434,0.00017967513316409774,2.518818487118324e-15,6.037514253434879e-20,2.628122396006239e-10,2.518818487118324e-15,True,9.584098864444e-14,1694995.3594237897,1694989.153422469,1694989.153422469,1695007.2072138626,1695055.3132080587,0.5,5.617586021172349e-06,0.9999943824139789,0.5,15811103047367.443,15811103047367.867,-3.335200103593561e-27,8.022146209972998e-12,6.68408064496875e-25,3.2983235492322215e-11,6.721631659828125e-25,-1.6595286292266101e-21,2.859791969062237e-11,0.02628113775800507,0.02468678327579246,0.0015943544822126128,2.628113775800507e-16,1.5943544822126127e-17,1.593811426570436e-17,1.0002207259711255,1.0002207058598747,0.000960772408558107,0.0005542234752073921,0.6026090303486127,-0.015521425489497864
PF,-16.0,16.0,1.0,100000000000000.0,81,4,1.2531777723753302e-13,-0.026539375587079948,0.0018520296015094163,0.0246875,1.2431866313025229e-09,0.026539528358322788,0.026539528358324002,0.02653952835832279,1.214306433183765e-15,3.469446951953614e-18,7.638562172537844e-08,-0.02653945197270228,-0.026539451972701068,7.638562172538668e-08,-0.00018527541087488773,0.00020877131792692595,2.6367796834847468e-15,1.470003470401536e-19,2.6539451972702277e-10,2.6367796834847468e-15,True,9.935320767726715e-14,1719995.4457465827,1719989.2642647044,1719989.2642647044,1720007.2467288196,1720052.3768525734,0.4999999999999999,4.7748587346607385e-06,0.9999952251412654,0.5,15174254044581.455,15174254044581.396,-1.3340800414374244e-27,8.0205406513534e-12,-1.038911411109375e-25,3.109620879297117e-11,-1.02639440615625e-25,7.215341866202652e-21,1.2876349184956894e-10,0.026539375587079948,0.02468681083837672,0.0018525647487032289,2.6539375587079947e-16,1.852564748703229e-17,1.8520296015094164e-17,1.0002189053472454,1.0002188929644413,0.001108225257760249,0.0006347988068909549,0.5982113491773997,-0.015197374216465442
PF,-16.25,16.25,1.0,100000000000000.0,81,4,1.0100198249541945e-13,-0.026837088969292988,0.002149725569712038,0.0246875,1.2260280792079602e-09,0.026837224343683963,0.02683722434368384,0.02683722434368397,-1.214306433183765e-16,6.938893903907228e-18,6.768719545880856e-08,-0.026837156656488382,-0.02683715665648851,6.76871954588086e-08,-0.00021504468304312023,0.00024231607791909453,2.237793284010081e-15,5.2500123942912e-21,2.683715665648851e-10,2.237793284010081e-15,True,8.338414209275192e-14,1744995.5182110877,1744989.350452734,1744989.350452734,1745007.2929958652,1745049.7971182987,0.5,4.061737429098719e-06,0.9999959382625709,0.5,14618863932788.469,14618863932788.627,1.3340800414374244e-27,8.019187305729136e-12,2.57850302034375e-25,2.944524176100383e-11,2.62857104015625e-25,7.215341866202653e-23,1.324496778945527e-12,0.026837088969292988,0.02468683593700486,0.0021502530322881283,2.683708896929299e-16,2.1502530322881282e-17,2.1497255697120378e-17,1.0002172890802923,1.0002172837504661,0.0012770527070893973,0.000726446139235855,0.5939081065870928,-0.01488467429782997
PF,-16.5,16.5,1.0,100000000000000.0,81,4,9.929274667312073e-14,-0.02717998052226268,0.0024926016941934324,0.0246875,1.213103459180914e-09,0.027180100481089976,0.027180100481089937,0.02718010048108997,-3.8163916471489756e-17,-6.938893903907228e-18,5.997941363882227e-08,-0.0271800405016763,-0.02718004050167633,5.99794136388223e-08,-0.00024933208651650414,0.0002809519873063204,2.3349377986647823e-15,2.10000495771648e-20,2.718004050167633e-10,2.3349377986647823e-15,True,8.590633993061102e-14,1769995.5772864528,1769989.4115035094,1769989.4115035094,1770007.3483020235,1770047.539605174,0.5000000000000001,3.4581519334558314e-06,0.9999965418480666,0.4999999999999999,14138823200589.826,14138823200589.857,2.0011200621561364e-27,8.018044791069366e-12,4.38095173359375e-26,2.8009354261231706e-11,5.2571420803125e-26,2.886136746481061e-22,5.46957429653994e-12,0.02717998052226268,0.024686858836120495,0.0024931216861421857,2.717998052226268e-16,2.4931216861421857e-17,2.4926016941934325e-17,1.0002158892024695,1.0002158904436,0.0014701837414120645,0.0008306046445691181,0.5896959420729286,-0.014582818819176835
PF,-16.75,16.75,1.0,100000000000000.0,81,4,1.0379874122195425e-13,-0.027574531631042922,0.0028871391345024412,0.0246875,1.2046027944249663e-09,0.027574637929899646,0.027574637929900156,0.027574637929899642,5.100087019371813e-16,-3.469446951953614e-18,5.314942848789428e-08,-0.02757458478047167,-0.027574584780471156,5.314942848789414e-08,-0.00028878574751512256,0.0003254093824750728,2.0747292772682613e-15,1.155002726744064e-19,2.757458478047167e-10,2.0747292772682613e-15,True,7.524063530913383e-14,1794995.6232615192,1794989.4466127674,1794989.4466127674,1795007.4150229867,1795045.574541291,0.4999999999999999,2.9470353592837602e-06,0.9999970529646408,0.5,13729069793071.016,13729069793070.965,3.779893450739369e-27,8.017078782690464e-12,-8.386393318593749e-26,2.677062666614558e-11,-7.259862872812499e-26,-5.772273492962122e-22,1.121560853731506e-11,0.027574531631042922,0.024686879770586853,0.002887651860456069,2.757453163104292e-16,2.887651860456069e-17,2.8871391345024413e-17,1.0002147197437408,1.0002147272399664,0.0016909270624295208,0.0009488905517814226,0.5855716492646935,-0.014291333909350667
PF,-17.0,17.0,1.0,100000000000000.0,81,4,1.0204709732806812e-13,-0.02802810309884932,0.0033406984941399425,0.0246875,1.20078507539728e-09,0.02802819729335487,0.028028197293354373,0.02802819729335486,-4.961309141293668e-16,-1.0408340855860843e-17,4.7097252649715506e-08,-0.028028150196101723,-0.02802815019610221,4.709725264971562e-08,-0.00033414173810586103,0.0003765177048581157,1.932481952238163e-15,2.10000495771648e-20,2.802815019610221e-10,1.932481952238163e-15,True,6.894789483848662e-14,1819995.6562499201,1819989.454645743,1819989.454645743,1820007.495655716,1820043.8763419292,0.5,2.513938224381831e-06,0.9999974860617757,0.5,13385513376221.06,13385513376221.25,-4.446933471458081e-28,8.016260764129332e-12,3.0979587258984376e-25,2.571393357664581e-11,3.066666213515625e-25,5.050739306341857e-21,1.0026264780951977e-10,0.02802810309884932,0.024686898949038766,0.0033412041498105532,2.802810309884932e-16,3.341204149810553e-17,3.340698494139943e-17,1.0002137969120803,1.00021381049252,0.001943017685803114,0.0010831177544531594,0.5815321658550207,-0.01400977808230891
PF,-17.25,17.25,1.0,100000000000000.0,81,4,1.4650763822378185e-13,-0.028549048111195324,0.0038616327817667987,0.0246875,1.2019871220011415e-09,0.028549131579779678,0.028549131579780496,0.02854913157977968,8.187894806610529e-16,3.469446951953614e-18,4.173429238247168e-08,-0.028549089845488113,-0.028549089845487298,4.1734292382476274e-08,-0.0003862353724810298,0.0004352182317783274,2.5569824035898137e-15,1.5750037182873599e-19,2.8549089845488115e-10,2.5569824035898137e-15,True,8.956441054438442e-14,1844995.6761928208,1844989.4341236758,1844989.4341236758,1845007.5928521957,1845042.423228852,0.4999999999999999,2.1466628721951345e-06,0.9999978533371277,0.49999999999999994,13104973145259.893,13104973145259.887,2.8905067564477526e-27,8.015567007228226e-12,-1.314285520078125e-26,2.4826717245263606e-11,-9.387753714843749e-27,1.515221791902557e-21,3.062086455978677e-11,0.028549048111195324,0.024686916556848824,0.0038621315543465005,2.8549048111195323e-16,3.8621315543465004e-17,3.861632781766799e-17,1.000213139296145,1.0002131589211813,0.0022306689479050963,0.0012353206783212636,0.577574563816882,-0.013737741850138319
PF,-17.5,17.5,1.0,100000000000000.0,81,4,1.050049498041759e-13,-0.02914683893861479,0.004459414111347051,0.0246875,1.2086350163987129e-09,0.029146912902712038,0.029146912902710792,0.029146912902712034,-1.2455314557513475e-15,-3.469446951953614e-18,3.698204831051656e-08,-0.029146875920662483,-0.029146875920663725,3.698204831051676e-08,-0.00044601387714846496,0.0005025783560290395,2.220446049250313e-15,2.10000495771648e-19,2.9146875920663726e-10,2.220446049250313e-15,True,7.618127086052898e-14,1869995.68285939,1869989.3832060113,1869989.3832060113,1870007.7094547157,1870041.1969039498,0.4999999999999999,1.8349317628261951e-06,0.9999981650682372,0.5000000000000002,12885128156298.535,12885128156298.736,-2.6681600828748487e-27,8.014977737867935e-12,3.0979587258984376e-25,2.4098797160128524e-11,3.0478907060859373e-25,2.8139833278190348e-21,5.767226865552962e-11,0.02914683893861479,0.024686932758758506,0.004459906179856286,2.914683893861479e-16,4.4599061798562857e-17,4.4594141113470507e-17,1.0002127680920676,1.0002127938405758,0.0025586305135615658,0.0014077796362724736,0.5736960398669225,-0.013474847769646026
PF,-17.75,17.75,1.0,100000000000000.0,81,4,1.0008782964995936e-13,-0.02983220895831901,0.005144775721506896,0.0246875,1.221258642143637e-09,0.029832274500248255,0.02983227450024792,0.029832274500248248,-3.365363543395006e-16,-6.938893903907228e-18,3.277096453709466e-08,-0.029832241729283383,-0.029832241729283712,3.277096453709471e-08,-0.0005145505930630011,0.0005798075924240575,2.3245294578089215e-15,4.20000991543296e-20,2.9832241729283714e-10,2.3245294578089215e-15,True,7.792003963038196e-14,1894995.675845048,1894989.299668282,1894989.299668282,1895007.8485330925,1895040.1822722256,0.5,1.5700945865675498e-06,0.9999984299054134,0.5,12724479332143.895,12724479332143.979,-6.670400207187122e-28,8.014476452355635e-12,1.3580950374140625e-25,2.3522212757900007e-11,1.3956460522734376e-25,-2.8139833278190348e-21,5.828932214097857e-11,0.02983220895831901,0.024686947701212377,0.005145261257106633,2.983220895831901e-16,5.145261257106633e-17,5.1447757215068957e-17,1.0002127073562848,1.0002127393942555,0.0029322530353589303,0.0016030489178648962,0.5698939060303116,-0.013220751002893605
PF,-18.0,18.0,1.0,100000000000000.0,81,4,1.2487460761577976e-13,-0.030617311745628654,0.0059298710649571635,0.0246875,1.24051000627307e-09,0.03061736982444716,0.030617369824446676,0.030617369824447172,-4.822531263215524e-16,1.3877787807814457e-17,2.903940913260427e-08,-0.030617340785037542,-0.030617340785038038,2.9039409132604322e-08,-0.0005930608847861029,0.0006682755088127738,2.8275992658421956e-15,1.05000247885824e-20,3.061734078503804e-10,2.8275992658421956e-15,True,9.23528691042945e-14,1919995.6545675322,1919989.1808753975,1919989.1808753975,1920008.0134242086,1920039.367209666,0.49999999999999983,1.344874274536865e-06,0.9999986551257254,0.5000000000000001,12622322449511.25,12622322449511.314,5.1139734921767935e-27,8.01404935629838e-12,1.02639440615625e-25,2.3091096694007643e-11,1.0827209284453124e-25,3.751977770425379e-21,7.823754040290959e-11,0.030617311745628654,0.024686961514421745,0.005930350231206909,3.0617311745628654e-16,5.930350231206908e-17,5.929871064957163e-17,1.0002129842865493,1.000213022958414,0.0033575601792446876,0.0018239878785157766,0.5661655801669875,-0.012975140642950966
PF,-18.25,18.25,1.0,100000000000000.0,81,4,1.1700662728723507e-13,-0.031515899173270634,0.00682845190599821,0.0246875,1.2671861941826456e-09,0.03151595063881201,0.03151595063881312,0.031515950638812025,1.1102230246251565e-15,1.3877787807814457e-17,2.573277096701213e-08,-0.03151592490604215,-0.031515924906041055,2.573277096701494e-08,-0.0006829199504777538,0.0007695318002000892,2.851885394505871e-15,5.2500123942912e-19,3.151592490604215e-10,2.851885394505871e-15,True,9.049029666773685e-14,1944995.6182607682,1944989.0237500896,1944989.0237500896,1945008.2077742552,1945038.7423724546,0.5,1.153149420775313e-06,0.9999988468505793,0.5,12578731558624.465,12578731558624.416,3.335200103593561e-27,8.013684903241862e-12,-8.198638244296875e-26,2.2801576515532168e-11,-8.198638244296875e-26,2.5253696531709286e-21,5.281542898216314e-11,0.031515899173270634,0.02468697431419595,0.006828924859074683,3.151589917327063e-16,6.828924859074683e-17,6.82845190599821e-17,1.0002136295334845,1.0002136752136594,0.0038413287998518043,0.002073795311195576,0.5625085762581231,-0.012737741993572527
PF,-18.5,18.5,1.0,100000000000000.0,81,4,1.1478423643397794e-13,-0.03254352066143142,0.007856067569009148,0.0246875,1.3022580203691054e-09,0.032543566266751124,0.03254356626675001,0.03254356626675115,-1.1171619185290638e-15,2.7755575615628914e-17,2.2802659582422342e-08,-0.03254354346409043,-0.03254354346409157,2.2802659582422438e-08,-0.0007856827470132111,0.0008853287477636434,2.858824288409778e-15,1.260002974629888e-19,3.254354346409157e-10,2.858824288409778e-15,True,8.784612811337507e-14,1969995.5659665323,1969988.8247364755,1969988.8247364755,1970008.4355843065,1970038.3010440704,0.5,9.897694594796744e-07,0.9999990102305405,0.5,12594552418921.32,12594552418921.516,3.112853430020657e-27,8.013373414712836e-12,3.1417682432343747e-25,2.2651702961485512e-11,3.1167342333281248e-25,-5.2671995623279364e-21,1.1004633962097213e-10,0.03254352066143142,0.02468698620356481,0.007856534457866615,3.2543520661431425e-16,7.856534457866615e-17,7.856067569009148e-17,1.0002146775451488,1.00021473073467,0.004391178121831353,0.0023560473971872,0.5589204941925178,-0.01250832021181475
PF,-18.75,18.75,1.0,100000000000000.0,81,4,1.0587862790742381e-13,-0.03371774594505272,0.009030287704351377,0.0246875,1.3469057008763591e-09,0.033717786357445684,0.03371778635744505,0.03371778635744569,-6.314393452555578e-16,6.938893903907228e-18,2.020619632896161e-08,-0.033717766151248725,-0.03371776615124936,2.0206196328961655e-08,-0.000903106266870269,0.0010176463298315415,2.949029909160572e-15,3.360007932346368e-19,3.3717766151249364e-10,2.949029909160572e-15,True,8.746219710795699e-14,1994995.4965238448,1994988.5797580862,1994988.5797580862,1995008.7012593923,1995038.0390178282,0.5000000000000002,8.503985745605692e-07,0.9999991496014254,0.5,12671405657972.531,12671405657972.611,-2.6681600828748487e-27,8.013106766798384e-12,1.2172787316914062e-25,2.264140346216373e-11,1.1953739730234374e-25,-4.112744863735512e-21,8.549014727755505e-11,0.03371774594505272,0.024686997274223865,0.009030748670828852,3.3717745945052717e-16,9.030748670828852e-17,9.030287704351377e-17,1.0002161669474352,1.0002162282511917,0.00501566885965039,0.0026747395410260805,0.5553990087058913,-0.012286685818106269
PF,-19.0,19.0,1.0,100000000000000.0,81,4,1.0826750443182178e-13,-0.0350584139675473,0.010370951180883627,0.0246875,1.4025631971454222e-09,0.035058449778320434,0.03505844977831954,0.03505844977832043,-8.951173136040325e-16,-6.938893903907228e-18,1.7905386337844482e-08,-0.0350584318729332,-0.03505843187293409,1.7905386337846567e-08,-0.0010371744277096217,0.0011687202793421853,2.7824964554667986e-15,0.0,3.505843187293409e-10,2.7824964554667986e-15,True,7.936739628149055e-14,2019995.4085560346,2019988.284170296,2019988.284170296,2020009.0096618482,2020037.954512759,0.5,7.313843948194301e-07,0.9999992686156051,0.5,12811699475975.912,12811699475975.982,2.445813409301945e-27,8.012878131202709e-12,1.1046256871132812e-25,2.2772459727661702e-11,1.1828569680703125e-25,-1.2987615359164776e-21,2.6751835163420268e-11,0.0350584139675473,0.02468700760780112,0.010371406359746184,3.5058413967547304e-16,1.0371406359746183e-16,1.0370951180883628e-16,1.0002181409631588,1.0002182110927154,0.005724413285663563,0.003034332391548978,0.5519418569772109,-0.012072702881564756
PF,-19.25,19.25,1.0,100000000000000.0,81,4,1.0028944352036017e-13,-0.036587910772155,0.011900443976252086,0.0246875,1.4709732799615926e-09,0.03658794250527881,0.03658794250527959,0.036587942505278824,7.771561172376096e-16,1.3877787807814457e-17,1.5866562100091536e-08,-0.03658792663871749,-0.036587926638716725,1.5866562100093303e-08,-0.0011901258617678337,0.0013410734119546856,2.9698465908722937e-15,2.10000495771648e-20,3.6587926638717487e-10,2.9698465908722937e-15,True,8.117012533116841e-14,2044995.3004553625,2044987.9327064338,2044987.9327064338,2045009.3661692962,2045038.0481208016,0.4999999999999999,6.296478281668417e-07,0.9999993703521718,0.5,13018651826279.102,13018651826279.186,6.670400207187122e-28,8.012681760982166e-12,1.364353539890625e-25,2.30485086089394e-11,1.4457140720859374e-25,-4.2570517010595654e-21,8.651503863646627e-11,0.036587910772155,0.024687017276994964,0.011900893495160037,3.6587910772155e-16,1.1900893495160038e-16,1.1900443976252087e-16,1.0002206478728226,1.0002207276513797,0.006528197331867276,0.0034398023291129926,0.5485468241962019,-0.01186630105263553
PF,-19.5,19.5,1.0,100000000000000.0,81,4,1.5795176757703314e-13,-0.03833147954209739,0.013644009216134878,0.0246875,1.5542558534231946e-09,0.038331507661879025,0.03833150766187766,0.03833150766187902,-1.366962099069724e-15,-6.938893903907228e-18,1.4059890476460208e-08,-0.038331493601987184,-0.038331493601988544,1.4059890476460266e-08,-0.0013644849201842196,0.0015375505806900411,3.12944115066216e-15,6.720015864692736e-19,3.833149360198854e-10,3.12944115066216e-15,True,8.164151345513477e-14,2069995.1703651033,2069987.5194173956,2069987.5194173956,2070009.7767379475,2070038.322784061,0.5,5.425907840098241e-07,0.9999994574092159,0.5000000000000001,13296322103736.734,13296322103736.9,3.112853430020657e-27,8.012512812981257e-12,2.644217296347656e-25,2.347506568512776e-11,2.650475798824219e-25,1.0823012799303979e-21,2.1603545125740626e-11,0.03833147954209739,0.024687026346572025,0.013644453195525364,3.833147954209739e-16,1.3644453195525363e-16,1.3644009216134878e-16,1.0002237415201816,1.0002238318885834,0.007439115878501643,0.0038966966425372646,0.5452117261057604,-0.011667493302963128
PF,-19.75,19.75,1.0,100000000000000.0,81,4,1.2947473800101587e-13,-0.040317566235721934,0.015630092808585423,0.0246875,1.654992682928139e-09,0.040317591153592736,0.04031759115359472,0.04031759115359273,1.9845236565174673e-15,-6.938893903907228e-18,1.2458935899583517e-08,-0.04031757869465882,-0.04031757869465683,1.2458935899584863e-08,-0.0015630962368797686,0.0017613576464159592,3.615163723935666e-15,0.0,4.0317578694658825e-10,3.615163723935666e-15,True,8.966718342177117e-14,2094995.0161589228,2094987.0376040281,2094987.0376040281,2095010.2479716435,2095038.783801357,0.5,4.6801895132660027e-07,0.9999995319810486,0.5,13649652467218.412,13649652467218.379,2.2234667357290406e-27,8.012367200465244e-12,-5.100679518398437e-26,2.405957127905062e-11,-4.1619041469140623e-26,-1.226608117254451e-21,2.3954530344544086e-11,0.040317566235721934,0.024687034874261493,0.01563053136146044,4.0317566235721935e-16,1.563053136146044e-16,1.5630092808585423e-16,1.0002274818654513,1.0002275838904178,0.008470722432497177,0.004411193505078584,0.5419343870409351,-0.01147640217868523
PF,-20.0,20.0,1.0,100000000000000.0,81,4,1.3915691969280392e-13,-0.042578204566186675,0.017890728423064963,0.0246875,1.7763324128535547e-09,0.04257822664673255,0.042578226646734246,0.042578226646732525,1.6930901125533637e-15,-2.7755575615628914e-17,1.104027335714118e-08,-0.04257821560646089,-0.04257821560645917,1.1040273357142387e-08,-0.0017891632269510232,0.0020161048879237115,3.615163723935666e-15,5.460012890062848e-19,4.2578215606460894e-10,3.615163723935666e-15,True,8.49064168717088e-14,2119994.8354174118,2119986.4797417973,2119986.4797417973,2120010.787197404,2120039.438862857,0.4999999999999999,4.040772019676718e-07,0.999999595922798,0.5,14084519009090.32,14084519009090.238,2.8905067564477526e-27,8.012241470636266e-12,-1.2141494804531248e-25,2.4811458828052023e-11,-1.2172787316914062e-25,3.174750421129167e-21,6.038189560392378e-11,0.042578204566186675,0.02468704291154221,0.017891161654644466,4.2578204566186674e-16,1.7891161654644467e-16,1.7890728423064962e-16,1.000231935588859,1.000232050471598,0.009638194414174836,0.004990166633726027,0.5387126113006085,-0.011293299521699107
PF,-20.25,20.25,1.0,100000000000000.0,81,3,9.307896203415905e-13,-0.04514944437495704,0.020461965863253183,0.0246875,1.9221206682998546e-09,0.04514946394113251,0.04514946394124731,0.04514946394124868,1.1479706074624119e-13,1.161640228453109e-13,9.783145477695674e-09,-0.045149454158101836,-0.0451494541581032,9.783145477696818e-09,-0.0020462909244919718,0.002305855309389614,1.1361744878257696e-13,2.520005949259776e-19,4.5149454158103205e-10,1.161640228453109e-13,True,2.5728776795070593e-12,2144994.625401586,2144985.8373971013,2144985.8373971013,2145011.402548196,2145040.2981129456,0.5000000000000002,3.4919555539280973e-07,0.9999996508044448,0.4999999999999999,14607793060306.602,14607793060306.623,0.0,8.012132702686595e-12,3.88027153546875e-26,2.574224573494348e-11,3.37959133734375e-26,-7.648262378174812e-21,1.4101996561742e-10,0.04514944437495704,0.02468705050433576,0.020462393870621282,4.514944437495704e-16,2.046239387062128e-16,2.0461965863253183e-16,1.0002371767463227,1.0002373058396823,0.010958515215141969,0.005641254123667852,0.5355441442692377,-0.011118666326398241
PF,-20.5,20.5,1.0,100000000000000.0,81,3,1.4349552556905388e-13,-0.04807182771992472,0.02338434715527042,0.0246875,2.097061145380615e-09,0.04807184505820928,0.04807184505824276,0.04807184505824145,3.348016308635238e-14,3.216871213851391e-14,8.669158689672735e-09,-0.04807183638908407,-0.04807183638908276,8.669158689672712e-09,-0.0023385335920115486,0.002635178334086429,2.566002965664893e-14,4.620010906976256e-19,4.807183638908407e-10,3.348016308635238e-14,True,6.964610799423277e-13,2169994.383023162,2169985.1011346355,2169985.1011346355,2170012.103053267,2170041.3742405646,0.5,3.0204396505874624e-07,0.9999996979560348,0.4999999999999999,15227412979394.307,15227412979394.396,-8.893866942916162e-28,8.012038422827082e-12,1.3236732737929687e-25,2.686564698466932e-11,1.3799997960820313e-25,3.174750421129167e-21,5.649166178232235e-11,0.04807182771992472,0.024687057693637163,0.023384770026287558,4.807182771992472e-16,2.338477002628756e-16,2.338434715527042e-16,1.000243287477657,1.0002434322771585,0.012450674025918498,0.0063729301659843154,0.5324266183469969,-0.010953287181713789
PF,-20.75,20.75,1.0,100000000000000.0,81,3,2.998960602450142e-13,-0.05139091720523688,0.02670343487617488,0.0246875,2.3069149451810564e-09,0.05139093256925994,0.05139093256926359,0.05139093256926615,3.649858193455202e-15,6.2103100439969694e-15,7.682013998295732e-09,-0.05139092488724959,-0.05139092488725215,7.682013998296643e-09,-0.002670447553937354,0.003009209396548995,3.4632019474400977e-14,8.40001983086592e-19,5.139092488725215e-10,3.4632019474400977e-14,True,6.738936796794578e-13,2194994.104811417,2194984.2604150763,2194984.2604150763,2195012.898737062,2195042.682597773,0.5,2.6149446713392417e-07,0.9999997385055329,0.5000000000000001,15952466806918.28,15952466806918.307,-2.0011200621561364e-27,8.011956533367968e-12,4.772108138378906e-26,2.819771191755418e-11,4.8190469069531245e-26,-6.926728191554546e-21,1.1842601174619945e-10,0.05139091720523688,0.024687064516057653,0.026703852689179224,5.139091720523688e-16,2.6703852689179225e-16,2.6703434876174883e-16,1.0002503587649694,1.0002505209509356,0.014135884018419365,0.007194576976019246,0.5293574744796066,-0.010798400173346823
PF,-21.0,21.0,1.0,100000000000000.0,81,3,6.640019282972918e-13,-0.0551578811296677,0.030470397302949665,0.0246875,2.5587470398394824e-09,0.05515789474420262,0.055157894744205765,0.05515789474420337,3.1433189384699745e-15,7.494005416219807e-16,6.807268433969917e-09,-0.05515788793693733,-0.055157887936934935,6.807268433969888e-09,-0.003047149712231101,0.003433715952157224,7.029099524658022e-14,5.880013881606144e-19,5.515788793693733e-10,7.029099524658022e-14,True,1.274359803750005e-12,2219993.786876451,2219983.30348255,2219983.30348255,2220013.8007272477,2220044.2413454633,0.5,2.265894716802673e-07,0.9999997734105283,0.5,16793286154490.088,16793286154490.209,-8.893866942916162e-28,8.011885253449047e-12,1.6694555356230467e-25,2.975698456330043e-11,1.7492514421992187e-25,4.617818794369698e-21,7.551232749361407e-11,0.0551578811296677,0.024687071004315254,0.030470810125352445,5.51578811296677e-16,3.0470810125352445e-16,3.0470397302949663e-16,1.0002584912337513,1.000258672672511,0.016037818659778477,0.008116551538194794,0.526333845204681,-0.01065594332300479
PF,-21.25,21.25,1.0,100000000000000.0,81,3,1.2649789006188417e-12,-0.05943013979554849,0.03474265472102734,0.0246875,2.861230715697968e-09,0.05943015185979662,0.059430151859795034,0.059430151859796644,-1.5890067039947553e-15,2.0816681711721685e-17,6.032123676007584e-09,-0.05943014582767136,-0.05943014582767297,6.032123676008286e-09,-0.0034743821780236924,0.003915170396533329,1.3265083476099448e-13,1.0080023797039103e-18,5.943014582767297e-10,1.3265083476099448e-13,True,2.2320462605903136e-12,2244993.424868702,2244982.2172414856,2244982.2172414856,2245014.8213721565,2245046.0716275168,0.4999999999999999,1.9651517899500528e-07,0.9999998034848211,0.5,17761551602843.31,17761551602843.188,1.3340800414374244e-27,8.011823069441931e-12,-1.9010201272558592e-25,3.156468779339993e-11,-2.0590473147890625e-25,1.1544546985924245e-21,1.7981255933919772e-11,0.05943013979554849,0.0246870771876663,0.03474306260788219,5.943013979554849e-16,3.4743062607882186e-16,3.474265472102734e-16,1.0002677959798638,1.0002679987416976,0.01818286431840148,0.009150236453001087,0.523352374648639,-0.010528972937041636
PF,-21.5,21.5,1.0,100000000000000.0,81,4,1.7552469954771008e-13,-0.06427207648886793,0.03958459040436791,0.0246875,3.225023144702645e-09,0.06427208717934475,0.06427208717934611,0.06427208717934475,1.3600232051658168e-15,0.0,5.345238754521281e-09,-0.06427208183410736,-0.064272081834106,5.345238754521272e-09,-0.003958583370472957,0.0044608302946335865,6.2727600891321345e-15,2.520005949259776e-19,6.427208183410736e-10,6.2727600891321345e-15,True,9.759696450043041e-14,2269993.013934661,2269980.9871223667,2269980.9871223667,2270015.9743680935,2270048.1977716153,0.5000000000000001,1.7057927408411902e-07,0.9999998294207258,0.5,18870409635495.895,18870409635495.926,-2.2234667357290406e-27,8.011768693394218e-12,4.0523803535742184e-26,3.3644931108071466e-11,4.693876857421875e-26,-4.329205119721591e-22,6.393175054421174e-12,0.06427207648886793,0.02468708309229219,0.03958499339657574,6.427207648886793e-16,3.9584993396575743e-16,3.958459040436791e-16,1.000278395387413,1.0002786217672235,0.020600384111411324,0.010308053170763928,0.5204089313601689,-0.010422401896884759
PF,-21.75,21.75,1.0,100000000000000.0,81,4,1.577095593396051e-13,-0.06975581464539748,0.04506832778175387,0.0246875,3.6632278750631057e-09,0.069755824118526,0.06975582411852536,0.06975582411852596,-6.38378239159465e-16,-4.163336342344337e-17,4.736564086590396e-09,-0.06975581938196128,-0.06975581938196188,4.7365640865904e-09,-0.004506965734307986,0.005078826095024131,6.494804694057166e-15,2.184005156025139e-18,6.975581938196188e-10,6.494804694057166e-15,True,9.310771132217041e-14,2294992.5486689536,2294979.5969372177,2294979.5969372177,2295017.2748960755,2295050.6475161305,0.4999999999999999,1.4819219489263924e-07,0.999999851807805,0.5,20134600590347.62,20134600590347.688,8.893866942916162e-28,8.011721028171132e-12,9.434692483417968e-26,3.6024940867487363e-11,9.982311450117188e-26,3.030443583805114e-21,4.2250293422631776e-11,0.06975581464539748,0.024687088741636394,0.04506872590376109,6.975581464539749e-16,4.506872590376109e-16,4.506832778175387e-16,1.0002904238671337,1.0002906764050947,0.02332298152859462,0.011603392189474399,0.5174981333707563,-0.010344362013017083
PF,-22.0,22.0,1.0,100000000000000.0,81,4,1.307569808115646e-13,-0.07596205831485972,0.05127457090121121,0.0246875,4.1919628752045235e-09,0.07596206670924834,0.07596206670924878,0.07596206670924831,4.440892098500626e-16,-2.7755575615628914e-17,4.197194415786564e-09,-0.07596206251205437,-0.0759620625120539,4.197194415786562e-09,-0.005127599787240903,0.0057782560091977336,7.0360384185619296e-15,8.40001983086592e-19,7.596206251205437e-10,7.0360384185619296e-15,True,9.262568953344817e-14,2319992.023063327,2319978.028726034,2319978.028726034,2320018.7397665177,2320053.4522588677,0.49999999999999983,1.288513893689338e-07,0.9999998711486106,0.5,21570595966904.56,21570595966904.414,1.7787733885832325e-27,8.011679138184883e-12,-2.281224152707031e-25,3.873530962852969e-11,-2.2593193940390626e-25,2.0202957225367427e-21,2.6492567446221938e-11,0.07596205831485972,0.024687094156710117,0.051274964158149604,7.596205831485972e-16,5.127496415814961e-16,5.12745709012112e-16,1.000304028371578,1.000304309876604,0.026386739003875004,0.013050360235776937,0.5146125294693378,-0.01030885688820904
PF,-22.25,22.25,1.0,100000000000000.0,81,4,1.25632569378291e-13,-0.08298098347105054,0.058293495740582034,0.0246875,4.831055390388672e-09,0.08298099090952665,0.08298099090952848,0.0829809909095266,1.8318679906315083e-15,-5.551115123125783e-17,3.7192385013456413e-09,-0.08298098719028998,-0.0829809871902881,3.719238501345633e-09,-0.005829503252022361,0.006569286657869182,7.230327447871332e-15,2.5200059492597758e-18,8.298098719028998e-10,7.230327447871332e-15,True,8.713233829444473e-14,2344991.4304539906,2344976.2625986994,2344976.2625986994,2345020.3875680347,2345056.647319247,0.4999999999999999,1.1212807695207741e-07,0.9999998878719231,0.49999999999999994,23196741010266.14,23196741010265.926,5.558666839322601e-27,8.0116422247973e-12,-3.399931470392578e-25,4.181025668705262e-11,-3.2419042828593747e-25,2.308909397184849e-21,2.8364411035448676e-11,0.08298098347105054,0.02468709935636138,0.058293884114689165,8.298098347105054e-16,5.829388411468916e-16,5.829349574058203e-16,1.0003193683844926,1.000319681959099,0.029831377551907123,0.014663109648705208,0.5117411201013122,-0.010341272039565141
PF,-22.5,22.5,1.0,100000000000000.0,81,4,1.165215379917023e-13,-0.09091314642988196,0.06622565862617469,0.0246875,5.6048860888753435e-09,0.0909131530212886,0.09091315302129,0.09091315302128855,1.3877787807814457e-15,-5.551115123125783e-17,3.2957036488919564e-09,-0.09091314972558634,-0.0909131497255849,3.2957036488919507e-09,-0.006622731899271764,0.007463255685230326,8.43769498715119e-15,1.5120035695558655e-18,9.091314972558634e-10,8.43769498715119e-15,True,9.28105011499399e-14,2369990.763470625,2369974.2765820064,2369974.2765820064,2370022.238811153,2370060.2721948484,0.5000000000000001,9.765611611994324e-08,0.9999999023438838,0.5,25033393194102.242,25033393194102.13,-3.557546777166465e-27,8.011609605646469e-12,-1.672584786861328e-25,4.5287881896867604e-11,-1.639727648859375e-25,-1.4430683732405307e-21,1.654237416380634e-11,0.09091314642988196,0.024687104357506696,0.06622604207237527,9.091314642988196e-16,6.622604207237527e-16,6.622565862617469e-16,1.0003366147127584,1.000336963779758,0.03370021667690998,0.016454150638502058,0.5088665368236958,-0.01049076602412699
PF,-22.75,22.75,1.0,100000000000000.0,81,4,1.394358942684878e-13,-0.09987032573719765,0.07518283812138651,0.0246875,6.543401462288801e-09,0.09987033157798506,0.09987033157798376,0.09987033157798508,-1.2906342661267445e-15,2.7755575615628914e-17,2.92039339228323e-09,-0.09987032865759038,-0.0998703286575917,2.920393392283234e-09,-0.007518463737128301,0.008472766910598043,9.742207041085749e-15,5.040011898519552e-19,9.98703286575917e-10,9.742207041085749e-15,True,9.754856294192429e-14,2394990.0139947957,2394972.0464948,2394972.0464948,2395024.3160458147,2395064.370768637,0.5,8.512265716911324e-08,0.9999999148773429,0.5,27103034915174.145,27103034915174.19,-1.1117333678645203e-27,8.011580697296087e-12,6.164624939414063e-26,4.9210371518468883e-11,7.917005632851563e-26,-2.1646025598607958e-21,2.3084106983714906e-11,0.09987032573719765,0.024687109175352773,0.07518321656184487,9.987032573719764e-16,7.518321656184487e-16,7.518283812138652e-16,1.0003559454814497,1.0003563338116594,0.03803964888020003,0.018429943756487877,0.5059593167167707,-0.01086108092239313
PF,-23.0,23.0,1.0,100000000000000.0,81,4,1.2105533054258177e-13,-0.10997608752831806,0.08528860038724886,0.0246875,7.683295407118346e-09,0.10997609270395346,0.10997609270394992,0.10997609270395352,-3.5388358909926865e-15,5.551115123125783e-17,2.5878168292223253e-09,-0.10997609011613309,-0.10997609011613668,2.587816829222627e-09,-0.008529055547568037,0.009611754320138463,9.756084828893563e-15,3.696008725581005e-18,1.0997609011613668e-09,9.756084828893563e-15,True,8.871096270644797e-14,2419989.17314656,2419969.54590698,2419969.54590698,2420026.643900755,2420068.9913612623,0.4999999999999999,7.426033972380567e-08,0.9999999257396605,0.5,29430307685278.242,29430307685278.31,3.112853430020657e-27,8.011555000757177e-12,1.2923807614101561e-25,5.362405605644201e-11,1.239183490359375e-25,-1.4430683732405306e-22,1.428058481443771e-12,0.10997608752831806,0.024687113823652934,0.08528897370466512,1.0997608752831805e-15,8.528897370466512e-16,8.528860038724887e-16,1.0003775351569533,1.0003779668956423,0.04289740537333689,0.02057820588549028,0.5029654304656088,-0.011697949109138517
PF,-23.25,23.25,1.0,100000000000000.0,81,4,1.2260904178372716e-13,-0.1213655088469449,0.09667802250245493,0.0246875,9.06929651449439e-09,0.12136551343315842,0.12136551343316465,0.12136551343315831,6.231126725708691e-15,-1.1102230246251565e-16,2.293108285044452e-09,-0.12136551114005636,-0.12136551114005002,2.2931082850447015e-09,-0.009668015217214698,0.01089545104574841,1.2309597785531423e-14,1.1760027763212288e-18,1.2136551114005637e-09,1.2309597785531423e-14,True,1.0142583069852597e-13,2444988.2313492056,2444966.7463304084,2444966.7463304084,2445029.2489073747,2445074.186348806,0.4999999999999999,6.484090811886513e-08,0.999999935159092,0.4999999999999995,32041828020853.53,32041828020853.49,-2.0011200621561364e-27,8.01153208964613e-12,-7.103400310898437e-26,5.857905501287766e-11,-7.322447897578125e-26,4.762125631693751e-21,4.352957644930897e-11,0.1213655088469449,0.024687118314537165,0.09667839053240773,1.213655088469449e-15,9.667839053240773e-16,9.667802250245492e-16,1.0004015243163258,1.0004020040084716,0.048317653446891595,0.022824862342664176,0.4997771806171613,-0.013686598047128434
PF,-23.5,23.5,1.0,100000000000000.0,81,4,9.70206471354916e-14,-0.13418234037609428,0.10949485519527134,0.0246875,1.0755267378387617e-08,0.13418234444000396,0.13418234444000926,0.13418234444000385,5.3013149425851225e-15,-1.1102230246251565e-16,2.0319561337138002e-09,-0.13418234240805313,-0.13418234240804772,2.0319561337140236e-09,-0.01094971800508101,0.012340069185216684,1.3211653993039363e-14,1.0752025383508377e-17,1.3418234240805313e-09,1.3211653993039363e-14,True,9.846045132274013e-14,2469987.1786227315,2469963.618088585,2469963.618088585,2470032.158692952,2470080.010502502,0.5000000000000001,5.6670372521508164e-08,0.9999999433296275,0.5,34965363115357.926,34965363115358.195,-4.669280145030985e-27,8.01151160121968e-12,4.017958589953125e-25,6.412770889967787e-11,3.8614960280390623e-25,7.215341866202653e-22,6.077822442035482e-12,0.13418234037609428,0.024687122659227016,0.10949521771686727,1.3418234037609428e-15,1.0949521771686727e-15,1.0949485519527134e-15,1.0004279278215658,1.0004284604141775,0.05432774823479908,0.02484447018743846,0.49616548893742346,-0.019280144122903242
PF,-23.75,23.75,1.0,100000000000000.0,81,4,1.191484303060667e-13,-0.14856733518652612,0.1238798515914796,0.0246875,1.280387686391504e-08,0.14856733878760273,0.14856733878760853,0.14856733878760273,5.800915303666443e-15,0.0,1.8005397523945477e-09,-0.14856733698706878,-0.14856733698706298,1.800539752394541e-09,-0.012388239397451126,0.013961481330419244,1.4710455076283324e-14,1.0752025383508377e-17,1.485673369870688e-09,1.4710455076283324e-14,True,9.901540523381472e-14,2494986.0056543346,2494960.13349102,2494960.13349102,2495035.399032675,2495086.5149819413,0.5,4.958672568060826e-08,0.9999999504132744,0.5,38226830647954.266,38226830647954.28,-3.335200103593561e-27,8.011493232182972e-12,3.12925123828125e-28,7.03188887377421e-11,1.564625619140625e-27,6.349500842258334e-21,4.923137787676415e-11,0.14856733518652612,0.024687126867739124,0.123880208318787,1.4856733518652611e-15,1.23880208318787e-15,1.238798515914796e-15,1.0004562994508088,1.0004568902433482,0.06091797486273565,0.02475580456783044,0.4917490508731826,-0.04198048923725875
PF,-24.0,24.0,1.0,100000000000000.0,81,4,1.3105302933515235e-13,-0.16460740224043008,0.1399199207099128,0.0246875,1.5278538851982914e-08,0.16460740543137395,0.16460740543138128,0.164607405431374,7.327471962526033e-15,5.551115123125783e-17,1.5954737745896546e-09,-0.1646074038359075,-0.16460740383590022,1.5954737745898293e-09,-0.013992270373772037,0.01576947118947671,1.4349632593280148e-14,1.1760027763212288e-17,1.646074038359075e-09,1.4349632593280148e-14,True,8.717489164451494e-14,2519984.708293407,2519956.2801641664,2519956.2801641664,2520038.981466373,2520093.7221632437,0.5,4.346572093916037e-08,0.9999999565342791,0.5,41837705423775.09,41837705423775.125,-1.1117333678645203e-27,8.011476749631429e-12,1.063945421015625e-26,7.71741323747393e-11,2.0027207925e-26,1.5873752105645836e-21,1.1306071001421551e-11,0.16460740224043008,0.02468713094912827,0.1399202712913018,1.6460740224043007e-15,1.399202712913018e-15,1.399199207099128e-15,1.0004840677483726,1.0004847221080317,0.06834923156736727,0.004468149843279201,0.48848698574254573,-0.20668599335885574
PF,-24.25,24.25,1.0,100000000000000.0,81,4,1.4782387733295317e-13,-0.18201202945126513,0.15732455045701157,0.0246875,1.8178227607181055e-08,0.18201203227878396,0.1820120322787843,0.18201203227878396,3.3306690738754696e-16,0.0,1.4137594941119548e-09,-0.1820120308650248,-0.18201203086502446,1.4137594941119544e-09,-0.015732759179741533,0.017731093262788693,1.917910275039958e-14,6.048014278223462e-18,1.8201203086502479e-09,1.917910275039958e-14,True,1.0537271991993916e-13,2544983.3158183335,2544952.1448666207,2544952.1448666207,2545042.8254301017,2545101.467409609,0.5,3.827755043390615e-08,0.9999999617224495,0.5,45715806281503.55,45715806281502.766,-7.559786901478738e-27,8.011462098162561e-12,-1.2272923356539062e-24,8.453762672055766e-11,-1.2241630844156249e-24,-2.453216234508902e-21,1.60607395579255e-11,0.18201202945126513,0.024687134911588283,0.15732489453967685,1.8201202945126512e-15,1.5732489453967685e-15,1.5732455045701157e-15,1.000492598361009,1.0004933199801318,0.06821663622053797,-0.06171015623155618,0.4336035718958257,-0.5802586655252883
PF,-24.5,24.5,1.0,100000000000000.0,81,4,1.303984288000115e-13,-0.19669215154442957,0.17200467475642084,0.0246875,2.0706486840924033e-08,0.196692154049934,0.1966921540499264,0.1966921540499339,-7.605027718682322e-15,-1.1102230246251565e-16,1.2527502811828632e-09,-0.1966921527971761,-0.1966921527971836,1.2527502811828673e-09,-0.017200792510037026,0.019383331810539552,1.740274591099933e-14,3.024007139111731e-18,1.966921527971836e-09,1.740274591099933e-14,True,8.847707274292701e-14,2569982.1879269904,2569948.794139343,2569948.794139343,2570045.940089287,2570107.7367357356,0.5,3.467887502568985e-08,0.9999999653211248,0.5,48853078397531.09,48853078397531.586,2.8905067564477526e-27,8.011450517596883e-12,7.779318578367187e-25,9.050008147300898e-11,7.685441041218749e-25,-7.215341866202653e-22,4.442282974762892e-12,0.19669215154442957,0.024687138762545618,0.17200501278188396,1.9669215154442957e-15,1.7200501278188396e-15,1.7200467475642084e-15,1.000306201899361,1.0003069758062415,0.03728979019559081,-0.10049694861522784,0.21679478750353184,-0.6312675369201118
PF,-24.75,24.75,1.0,100000000000000.0,81,3,1.3489823155941904e-13,-0.20059537409057163,0.17590789740641258,0.0246875,2.109562994003719e-08,0.20059537631078264,0.2005953763107867,0.20059537631078256,4.052314039881821e-15,-8.326672684688674e-17,1.1101065144625265e-09,-0.2005953752006802,-0.20059537520067605,1.1101065144625244e-09,-0.017591117926105865,0.019821324250623166,2.1066481892262345e-14,6.720015864692736e-19,2.005953752006802e-09,2.1066481892262345e-14,True,1.0501977860250744e-13,2594982.014488424,2594948.276208406,2594948.276208406,2595046.423399767,2595108.6697653835,0.5,3.3589508251426345e-08,0.9999999664104916,0.5,49320276509182.19,49320276509182.375,-2.445813409301945e-27,8.011443675787916e-12,2.9508839176992186e-25,9.13993837418839e-11,3.1229927358046875e-25,8.658410239443182e-22,5.2751844370441575e-12,0.20059537409057163,0.024687142508741586,0.17590823158183005,2.0059537409057164e-15,1.7590823158183006e-15,1.7590789740641258e-15,1.000141669547618,1.0001424459162795,0.005997497530213003,-0.0727385870901407,0.034094467759020426,-0.4146654646027025
PF,-25.0,25.0,1.0,100000000000000.0,81,3,1.324253219122956e-13,-0.20140474319805557,0.1767172660222144,0.0246875,2.0856732784741046e-08,0.20140474516548162,0.20140474516547732,0.2014047451654816,-4.3021142204224816e-15,-2.7755575615628914e-17,9.837119526833126e-10,-0.20140474418176538,-0.20140474418176965,9.837119526833143e-10,-0.017672052946452875,0.019912278878552677,1.9345636204093353e-14,6.720015864692736e-19,2.0140474418176966e-09,1.9345636204093353e-14,True,9.605352784854827e-14,2619982.1098217415,2619948.5567556596,2619948.5567556596,2620046.165037536,2620108.1032482707,0.5,3.3117726307626555e-08,0.9999999668822738,0.5000000000000006,49037068758066.12,49037068758066.016,-6.4480535336142175e-27,8.011438050710273e-12,-1.464489579515625e-25,9.087438467144507e-11,-1.6459861513359375e-25,-3.896284607749432e-21,2.3876301322561975e-11,0.20140474319805557,0.02468714615630078,0.1767175970417548,2.0140474319805557e-15,1.767175970417548e-15,1.767172660222144e-15,1.0001194942774043,1.0001202594103913,0.0012682595741191904,-0.01821370713538939,0.007176758825096101,-0.10311824873996436
PF,-25.25,25.25,1.0,100000000000000.0,81,3,1.1440257491145214e-13,-0.20172022573880552,0.17703274800857993,0.0246875,2.0526354552838326e-08,0.20172022748222537,0.20172022748222315,0.20172022748222546,-2.220446049250313e-15,8.326672684688674e-17,8.71709396181099e-10,-0.20172022661051375,-0.20172022661051606,8.717093961810999e-10,-0.01770359855874971,0.019947763759446704,2.3647750424515834e-14,6.720015864692736e-19,2.0172022661051605e-09,2.3647750424515834e-14,True,1.1723043753155804e-13,2644982.2452413635,2644948.95655389,2644948.95655389,2645045.7957221544,2645107.316077201,0.5,3.274671470594899e-08,0.9999999672532852,0.5,48642543415455.15,48642543415455.32,-3.779893450739369e-27,8.011432699889179e-12,2.888298892933594e-25,9.013871458940856e-11,3.02911519865625e-25,-1.5873752105645836e-21,9.804659686162328e-12,0.20172022573880552,0.024687149710800986,0.17703307602800453,2.0172022573880552e-15,1.7703307602800452e-15,1.7703274800857992e-15,1.0001133140582583,1.000114066135167,0.0008194482773548617,-0.003575361528732224,0.0046287863022005825,-0.02021743427836969
PF,-25.5,25.5,1.0,100000000000000.0,81,3,1.360898613524505e-13,-0.20188614280624798,0.17719866452696456,0.0246875,2.0175802454999194e-08,0.20188614435116212,0.20188614435117147,0.2018861443511619,9.353628982466944e-15,-2.220446049250313e-16,7.724593506811408e-10,-0.20188614357871212,-0.20188614357870255,7.7245935068105e-10,-0.01772018743870756,0.019966432812834535,2.020605904817785e-14,3.360007932346368e-19,2.018861435787121e-09,2.020605904817785e-14,True,1.0008640855681031e-13,2669982.390635259,2669949.386161335,2669949.386161335,2670045.398533034,2670106.4763101437,0.4999999999999999,3.2410062932661517e-08,0.999999967589937,0.4999999999999999,48220818076016.99,48220818076016.95,4.446933471458081e-27,8.01142749956158e-12,-7.666665533789062e-26,8.935197017588115e-11,-4.6312918326562497e-26,1.5873752105645836e-21,9.884533326655621e-12,0.20188614280624798,0.024687153177325952,0.17719898962892203,2.01886142806248e-15,1.7719898962892202e-15,1.7719866452696455e-15,1.0001103526284445,1.0001110913771467,0.0004970469020920687,-0.001272578909509714,0.0028050210846740733,-0.007189505646832532
PF,-25.75,25.75,1.0,100000000000000.0,81,3,1.1658711682092122e-13,-0.20198818400762977,0.17730070519921592,0.0246875,1.982256185521343e-08,0.20198818537665408,0.20198818537664415,0.20198818537665408,-9.936496070395151e-15,0.0,6.845096619178105e-10,-0.20198818469213448,-0.2019881846921444,6.845096619177355e-10,-0.017730388686480334,0.019977916326635325,2.0511370379949767e-14,3.024007139111731e-18,2.0198818469214443e-09,2.0511370379949767e-14,True,1.0154737719541217e-13,2694982.538587204,2694949.823538039,2694949.823538039,2695044.9939589165,2695105.625077872,0.5,3.2091229658465403e-08,0.9999999679087703,0.49999999999999944,47792572089611.77,47792572089611.375,1.5564267150103284e-27,8.011422416969856e-12,-6.399318782285156e-25,8.85533042409649e-11,-6.414965038476562e-25,-1.1544546985924245e-21,7.245685966702214e-12,0.20198818400762977,0.024687156560526776,0.177301027447103,2.019881840076298e-15,1.7730102744710299e-15,1.7730070519921593e-15,1.0001084243134164,1.000109149834903,0.00032727307092816904,-0.0006061658867266284,0.0018458611077468775,-0.003422258720643313
PF,-26.0,26.0,1.0,100000000000000.0,81,3,1.3699795721137e-13,-0.20205722755291666,0.17736974823875584,0.0246875,1.9472697467912982e-08,0.2020572287660584,0.20205722876606944,0.20205722876605847,1.1046719095020308e-14,8.326672684688674e-17,6.065736484832242e-10,-0.20205722815949578,-0.20205722815948482,6.065736484832216e-10,-0.017737290172138737,0.019985686664974564,2.3675506000131463e-14,4.704011105284915e-18,2.0205722815949577e-09,2.3675506000131463e-14,True,1.1717227943680876e-13,2719982.6864826726,2719950.2609032537,2719950.2609032537,2720044.589244445,2720104.7766872933,0.5,3.1784172948877877e-08,0.9999999682158269,0.49999999999999944,47365064138962.37,47365064138961.89,1.5564267150103284e-27,8.01141743867038e-12,-7.363128163675781e-25,8.775640658999888e-11,-7.528978479304687e-25,-3.463364095777273e-21,2.19307183598273e-11,0.20205722755291666,0.024687159864650702,0.17737006768826596,2.0205722755291667e-15,1.7737006768826596e-15,1.7736974823875584e-15,1.0001069304848977,1.0001076430059286,0.00023076623789147765,-0.0003383349471445807,0.0013010438621304317,-0.0019092014146216564
PF,-26.25,26.25,1.0,100000000000000.0,81,3,1.3794440232137917e-13,-0.2021070443835628,0.1774195645873065,0.0246875,1.912871708507369e-08,0.20210704545858943,0.20210704545858066,0.2021070454585896,-8.770761894538737e-15,1.6653345369377348e-16,5.375111658273784e-10,-0.20210704492106948,-0.20210704492107842,5.375111658272582e-10,-0.017742269010777627,0.01999129299879947,2.0594637106796654e-14,1.3440031729385471e-18,2.021070449210784e-09,2.0594637106796654e-14,True,1.0189964983575281e-13,2744982.83320235,2744950.694917314,2744950.694917314,2745044.187507801,2745103.9371160045,0.4999999999999999,3.148612165712589e-08,0.9999999685138784,0.5,46941376811876.07,46941376811876.46,7.11509355433293e-27,8.011412557308447e-12,6.026937884929688e-25,8.696705200613387e-11,6.195917451796875e-25,1.5873752105645836e-21,1.0135907526158407e-11,0.2021070443835628,0.02468716309359154,0.17741988128997127,2.021070443835628e-15,1.7741988128997128e-15,1.774195645873065e-15,1.0001056554498862,1.000106355245548,0.00017122938034658253,-0.00020881120281274201,0.0009651081891252586,-0.001177863811938791
PF,-26.5,26.5,1.0,100000000000000.0,81,3,1.3845598780490078e-13,-0.20214468790912532,0.17745720765348116,0.0246875,1.8791740603280777e-08,0.20214468886174056,0.2021446888617576,0.20214468886174064,1.7041923427996153e-14,8.326672684688674e-17,4.763118966063931e-10,-0.2021446883854457,-0.20214468838542873,4.763118966062815e-10,-0.01774603055329631,0.01999552900819862,2.8699265186560297e-14,8.40001983086592e-18,2.021446883854457e-09,2.8699265186560297e-14,True,1.4197387730434489e-13,2769982.9782116595,2769951.123978352,2769951.123978352,2770043.7902514245,2770103.1091023213,0.5000000000000001,3.1195589896968545e-08,0.9999999688044101,0.5000000000000004,46522962198040.36,46522962198040.18,-4.224586797885177e-27,8.011407767973612e-12,-2.857006380550781e-25,8.618793049769452e-11,-3.0165981937031247e-25,1.2843308521840723e-20,8.274244439880644e-11,0.20214468790912532,0.024687166250931848,0.17745752165819348,2.021446879091253e-15,1.7745752165819347e-15,1.7745720765348117e-15,1.0001045063305123,1.0001051936950702,0.00013204642457104177,-0.00013821041832501324,0.0007441015930864883,-0.0007793903182435886
PF,-26.75,26.75,1.0,100000000000000.0,81,3,2.2439725483330822e-13,-0.20217414040544776,0.17748665971187158,0.0246875,1.8462261299072548e-08,0.20217414124961028,0.20217414124960736,0.2021741412496104,-2.914335439641036e-15,1.1102230246251565e-16,4.2208056043670485e-10,-0.2021741408275268,-0.20217414082752982,4.220805604367053e-10,-0.01774897303224327,0.01999884287872812,3.047562202596055e-14,3.360007932346368e-19,2.021741408275298e-09,3.047562202596055e-14,True,1.5073946599312427e-13,2794983.1212414755,2794951.5472741527,2794951.5472741527,2795043.3982427153,2795102.2939279824,0.5000000000000002,3.091168139225002e-08,0.9999999690883186,0.5000000000000001,46110534356681.04,46110534356681.01,2.8905067564477526e-27,8.01140306691815e-12,-4.8190469069531245e-26,8.54203398808495e-11,-4.318366708828125e-26,-3.174750421129167e-21,2.0625842236542605e-11,0.20217414040544776,0.02468716933996479,0.17748697106548297,2.0217414040544778e-15,1.7748697106548297e-15,1.7748665971187157e-15,1.0001034377598224,1.000104112992756,0.00010492703304676443,-9.633846618800623e-05,0.000591181608525237,-0.0005431412601244634
PF,-27.0,27.0,1.0,100000000000000.0,81,3,1.3217031270907e-13,-0.20219781898237021,0.17751033787087528,0.0246875,1.814045993152335e-08,0.20219781973041534,0.20219781973042028,0.20219781973041537,4.9404924595819466e-15,2.7755575615628914e-17,3.740238128346415e-10,-0.20219781935639647,-0.20219781935639156,3.7402381283464067e-10,-0.017751338161048826,0.020001506682109017,2.936539900133539e-14,4.704011105284915e-18,2.021978193563965e-09,2.936539900133539e-14,True,1.452310370844087e-13,2819983.2621564073,2819951.9643910094,2819951.9643910094,2820043.0118775265,2820101.492151879,0.5,3.063380241410626e-08,0.9999999693661976,0.4999999999999999,45704437251002.68,45704437251002.586,-1.3340800414374244e-27,8.011398451025842e-12,-1.664761658765625e-25,8.466488300171822e-11,-1.5959181315234375e-25,2.886136746481061e-22,1.8919340496999014e-12,0.20219781898237021,0.024687172363723912,0.1775106466186463,2.0219781898237023e-15,1.775106466186463e-15,1.7751033787087528e-15,1.0001024253710176,1.000103088771202,8.539330319851102e-05,-6.988896028076175e-05,0.00048106017765776665,-0.00039394842467450924
PF,-27.25,27.25,1.0,100000000000000.0,81,3,2.063302395542047e-13,-0.2022172751994635,0.17752979368869393,0.0246875,1.7826350319259575e-08,0.20221727586234362,0.20221727586233793,0.20221727586234362,-5.689893001203927e-15,0.0,3.3143863770586377e-10,-0.2022172755308993,-0.202217275530905,3.314386377059398e-10,-0.017753281096761914,0.020003695082002462,2.7394753132625738e-14,6.720015864692736e-19,2.02217275530905e-09,2.7394753132625738e-14,True,1.3547187331400368e-13,2844983.400893715,2844952.3751321663,2844952.3751321663,2845042.6313488856,2845100.703949015,0.5,3.036152843625543e-08,0.9999999696384716,0.5,45304815169623.43,45304815169623.8,5.3363201657496974e-27,8.011393917563187e-12,5.807890298249999e-25,8.392179025390317e-11,5.976869865117187e-25,-2.886136746481061e-22,1.91063333615117e-12,0.2022172751994635,0.024687175325010285,0.17753009987445323,2.022172751994635e-15,1.7753009987445323e-15,1.7752979368869394e-15,1.0001014550558882,1.0001021069175533,7.086244653270457e-05,-5.234143488441756e-05,0.00039915736307712037,-0.0002949906533525969
PF,-27.5,27.5,1.0,100000000000000.0,81,3,1.6001442710258573e-13,-0.20223355044678415,0.17754606855403646,0.0246875,1.7519852969196234e-08,0.2022335510341835,0.20223355103419327,0.20223355103418328,9.769962616701378e-15,-2.220446049250313e-16,2.9370206221328645e-10,-0.2022335507404912,-0.20223355074048122,2.937020622132853e-10,-0.01775490597869689,0.020005525320862576,2.90878432451791e-14,3.024007139111731e-18,2.0223355074049122e-09,2.90878432451791e-14,True,1.4383292553917035e-13,2869983.537432369,2869952.7794258376,2869952.7794258376,2870042.2567325784,2870099.929280963,0.5000000000000001,3.009453635300019e-08,0.9999999699054636,0.5,44911698887655.87,44911698887655.89,-5.3363201657496974e-27,8.011389464051638e-12,3.504761386875e-26,8.319108230632043e-11,4.0680266097656246e-26,7.0710350288786e-21,4.7100577856349173e-11,0.20223355044678415,0.02468717822642434,0.1775463722203598,2.0223355044678416e-15,1.775463722203598e-15,1.7754606855403645e-15,1.0001005181245957,1.0001011587361377,5.9762339517266394e-05,-4.023262869745636e-05,0.0003366012989727157,-0.0002267167967172444
PF,-27.75,27.75,1.0,100000000000000.0,81,3,1.5959534963879378e-13,-0.2022473696099651,0.17755988735132652,0.0246875,1.7220834916725047e-08,0.2022473701304916,0.20224737013048663,0.20224737013049168,-4.9682480351975755e-15,8.326672684688674e-17,2.6026204302683323e-10,-0.2022473698702246,-0.20224736987022965,2.602620430268337e-10,-0.01775628529526762,0.020007079013896666,2.225997164373439e-14,2.0160047594078206e-18,2.0224736987022966e-09,2.225997164373439e-14,True,1.1006309579213473e-13,2894983.6717762575,2894953.177275312,2894953.177275312,2895041.8880337025,2895099.1679876097,0.5,2.983256747890556e-08,0.9999999701674327,0.5,44525052287418.414,44525052287418.57,8.22682692219745e-27,8.011385088196263e-12,2.5847615228203123e-25,8.247265789208993e-11,2.703673069875e-25,-6.349500842258334e-21,4.264397419850047e-11,0.2022473696099651,0.0246871810703725,0.1775601885395926,2.022473696099651e-15,1.775601885395926e-15,1.7755988735132653e-15,1.0000996089350098,1.000100238577182,5.1092428972110415e-05,-3.16024758520439e-05,0.00028774709799723916,-0.00017806456396705288
PF,-28.0,28.0,1.0,100000000000000.0,81,3,2.847919280860094e-13,-0.20225925278029383,0.17757177017067485,0.0246875,1.692913245690963e-08,0.2022592532415424,0.20225925324156271,0.2022592532415425,2.0317081350640365e-14,1.1102230246251565e-16,2.3062939040205176e-10,-0.20225925301093334,-0.20225925301091313,2.3062939040199745e-10,-0.017757471055164724,0.020008414721708064,3.813616089587413e-14,5.7120134849888256e-18,2.0225925301093335e-09,3.813616089587413e-14,True,1.8855088372057141e-13,2919983.80394457,2919953.568730158,2919953.568730158,2920041.525213378,2920098.419838882,0.5,2.9575406143240533e-08,0.9999999704245939,0.5000000000000001,44144798974946.75,44144798974946.81,3.335200103593561e-27,8.011380787843782e-12,5.100679518398437e-26,8.176634371882307e-11,5.945577352734375e-26,5.19504614366591e-21,3.5172862536515114e-11,0.20225925278029383,0.024687183859084683,0.17757206892120914,2.0225925278029383e-15,1.7757206892120913e-15,1.7757177017067485e-15,1.0000987236507373,1.0000993425972808,4.419168599267831e-05,-2.5283051516944433e-05,0.0002488661998542501,-0.00014244385103788962
PF,-28.25,28.25,1.0,100000000000000.0,81,3,1.892588862203411e-13,-0.20226958278898072,0.17758209984228684,0.0246875,1.664456466821462e-08,0.20226958319772217,0.20226958319772195,0.20226958319772192,-2.220446049250313e-16,-2.498001805406602e-16,2.0437061183819159e-10,-0.20226958299335135,-0.20226958299335132,2.0437061183819164e-10,-0.017758501540904453,0.020009575551834326,3.13915560212763e-14,1.0080023797039103e-18,2.0226958299335136e-09,3.13915560212763e-14,True,1.5519662203638471e-13,2944983.9339660197,2944953.9538690816,2944953.9538690816,2945041.1682049218,2945097.68456544,0.5,2.9322866690225236e-08,0.9999999706771332,0.5,43770838141540.82,43770838141540.766,-3.779893450739369e-27,8.011376560955736e-12,-4.88163193171875e-26,8.107192404135773e-11,-5.945577352734375e-26,-1.2987615359164776e-21,8.863929482214839e-12,0.20226958278898072,0.024687186594649285,0.17758239619433144,2.0226958278898072e-15,1.7758239619433145e-15,1.7758209984228684e-15,1.000097859553304,1.000098468069618,3.8609318226690004e-05,-2.0548104741668904e-05,0.00021741636025926337,-0.00011575752709527873
PF,-28.5,28.5,1.0,100000000000000.0,81,3,2.987848034641431e-13,-0.20227864767929649,0.177591164408452,0.0246875,1.636694172576772e-08,0.20227864804151027,0.20227864804148896,0.2022786480415103,-2.1316282072803006e-14,2.7755575615628914e-17,1.8110157057441044e-10,-0.20227864786038738,-0.20227864786040872,1.8110157057437068e-10,-0.0177594055560952,0.020010593939699475,4.0023540037736893e-14,1.3440031729385471e-18,2.0227864786040875e-09,4.0023540037736893e-14,True,1.9786339517830324e-13,2969984.061875265,2969954.332789122,2969954.332789122,2970040.816923884,2970096.961876948,0.5,2.9074785249632463e-08,0.9999999709252148,0.5000000000000001,43403054346375.3,43403054346375.66,3.779893450739369e-27,8.011372405590929e-12,5.820407303203125e-25,8.038915876124351e-11,5.889250830445313e-25,-7.503955540850758e-21,5.1630281889574905e-11,0.20227864767929649,0.02468718927900418,0.1775914584002923,2.022786476792965e-15,1.775914584002923e-15,1.7759116440845198e-15,1.0000970146430066,1.0000976129868244,3.4029415779401884e-05,-1.6929486621852785e-05,0.0001916162865372689,-9.536498750949832e-05
PF,-28.75,28.75,1.0,100000000000000.0,81,3,1.5671889211779103e-13,-0.20228666833154374,0.17759918474857114,0.0246875,1.609607013996946e-08,0.202286668652501,0.20228666865251402,0.20228666865250092,1.301736496372996e-14,-8.326672684688674e-17,1.6048186612780773e-10,-0.20228666849203214,-0.20228666849201904,1.6048186612780696e-10,-0.0177602051879835,0.020011494758502828,3.116951141635127e-14,3.360007932346368e-18,2.0228666849203215e-09,3.116951141635127e-14,True,1.5408584089454716e-13,2994984.187710613,2994954.7055988433,2994954.7055988433,2995040.4712744644,2995096.2514735335,0.4999999999999999,2.8831014335565065e-08,0.9999999711689858,0.5,43041323716738.516,43041323716737.875,3.335200103593561e-27,8.011368319893044e-12,-1.003863797240625e-24,7.971779478287094e-11,-9.844624395632813e-25,6.4938076795823874e-21,4.503798749692065e-11,0.20228666833154374,0.024687191913966202,0.17759947641757753,2.0228666833154375e-15,1.7759947641757753e-15,1.7759918474857115e-15,1.0000961873978618,1.0000967758194244,3.0225296675623348e-05,-1.4115989173446586e-05,0.00017018798301272393,-7.951111929250126e-05
PF,-29.0,29.0,1.0,100000000000000.0,81,3,2.682120010068167e-13,-0.20229381696107404,0.17760633307724183,0.0246875,1.5831756115501433e-08,0.2022938172454857,0.20229381724550186,0.20229381724548567,1.6153745008296028e-14,-2.7755575615628914e-17,1.4220985465359653e-10,-0.202293817103292,-0.20229381710327582,1.4220985465356336e-10,-0.017760917657291236,0.020012297401768103,3.808064974464287e-14,4.032009518815641e-18,2.0229381710329202e-09,3.808064974464287e-14,True,1.8824425921628017e-13,3019984.3115125187,3019955.072413744,3019955.072413744,3020040.1311539197,3020095.5530531304,0.4999999999999999,2.8591419185944334e-08,0.9999999714085808,0.5,42685517961717.336,42685517961716.91,-7.782133575051642e-27,8.01136430208165e-12,-6.793604438308594e-25,7.905757326835204e-11,-6.765441177164062e-25,1.0534399124655873e-20,7.363009988115468e-11,0.20229381696107404,0.02468719450123472,0.17760662245983933,2.0229381696107406e-15,1.7760662245983933e-15,1.7760633307724184e-15,1.0000953766229101,1.0000959553644952,2.7030902976177273e-05,-1.1895142807305525e-05,0.00015219535511571108,-6.699782147973543e-05
PF,-29.25,29.25,1.0,100000000000000.0,81,3,1.7811981555987982e-13,-0.20230022982308601,0.17761274564892063,0.0246875,1.5573807726696643e-08,0.2023002300751129,0.20230023007513226,0.20230023007511272,1.9345636204093353e-14,-1.942890293094024e-16,1.2601823627274896e-10,-0.20230022994911404,-0.2023002299490945,1.2601823627271944e-10,-0.017761556588701096,0.020013017213733966,2.856048730848215e-14,7.056016657927373e-18,2.0230022994911405e-09,2.856048730848215e-14,True,1.4117871895482356e-13,3044984.4333225796,3044955.4333531596,3044955.4333531596,3045039.796455285,3045094.8663157797,0.5,2.8355875209097408e-08,0.9999999716441248,0.4999999999999999,42335507011040.266,42335507011040.42,-2.2234667357290406e-27,8.011360350445335e-12,2.4877547344335936e-25,7.840823432575867e-11,2.4220404584296874e-25,4.617818794369698e-21,3.252420169790516e-11,0.20230022982308601,0.024687197042405507,0.1776130327806805,2.0230022982308602e-15,1.776130327806805e-15,1.7761274564892063e-15,1.0000945813531221,1.000095150649602,2.432234387494958e-05,-1.0118465743003124e-05,0.00013694008538767092,-5.698791517933681e-05
PF,-29.5,29.5,1.0,100000000000000.0,81,3,1.8850751771845045e-13,-0.20230601613516797,0.1776185316805404,0.0246875,1.5322036328414746e-08,0.20230601635850406,0.20230601635851264,0.20230601635850384,8.576472865229334e-15,-2.220446049250313e-16,1.1167014481178185e-10,-0.2023060162468425,-0.2023060162468337,1.1167014481178149e-10,-0.017762132903131465,0.020013666493979464,3.708144902248023e-14,5.0400118985195516e-18,2.023060162468425e-09,3.708144902248023e-14,True,1.8329385210786572e-13,3069984.5531828506,3069955.7885383586,3069955.7885383586,3070039.4670695774,3070094.190966576,0.4999999999999999,2.812426615510096e-08,0.9999999718757339,0.5,41991160767384.68,41991160767385.125,8.893866942916162e-28,8.011356463336282e-12,7.172243838140625e-25,7.776952005235235e-11,7.078366300992187e-25,5.772273492962123e-21,4.096681088557138e-11,0.20230601613516797,0.024687199538980787,0.17761881659618717,2.0230601613516798e-15,1.7761881659618716e-15,1.776185316805404e-15,1.0000938007891342,1.0000943608682737,2.200567362808936e-05,-8.680035033015177e-06,0.00012389269363346125,-4.88842429061796e-05
PF,-29.75,29.75,1.0,100000000000000.0,81,3,2.1804992221197997e-13,-0.20231126446910472,0.17762377974326637,0.0246875,1.5076257462745426e-08,0.2023112646670089,0.20231126466702323,0.20231126466700894,1.432187701766452e-14,2.7755575615628914e-17,9.895568274953345e-11,-0.20231126456806756,-0.20231126456805326,9.895568274951045e-11,-0.017762655456921163,0.02001425521712163,3.4638958368304884e-14,4.368010312050278e-18,2.0231126456806755e-09,3.4638958368304884e-14,True,1.7121616259113747e-13,3094984.671135387,3094956.138090936,3094956.138090936,3095039.142886991,3095093.526717385,0.4999999999999999,2.7896482773873655e-08,0.9999999721035172,0.49999999999999944,41652350274717.31,41652350274717.06,-6.4480535336142175e-27,8.011352639165894e-12,-3.8896592891835936e-25,7.714117650258687e-11,-3.8489790230859374e-25,6.6381145169064405e-21,4.7481669410952545e-11,0.20231126446910472,0.02468720199236951,0.1776240624767352,2.023112644691047e-15,1.776240624767352e-15,1.7762377974326637e-15,1.000093034253689,1.000093585336169,1.9996820313519263e-05,-7.39079148197259e-06,0.00011257945592894207,-4.162185353739513e-05
PF,-30.0,30.0,1.0,100000000000000.0,81,3,1.934601648298302e-13,-0.20231604741130102,0.1776285624229617,0.0246875,1.4836291427198332e-08,0.2023160475866703,0.20231604758668736,0.2023160475866701,1.7069679003611782e-14,-1.942890293094024e-16,8.768885068071083e-11,-0.2023160474989985,-0.20231604749898124,8.76888506807103e-11,-0.017763131507882286,0.020014791557592834,3.4389158187764224e-14,6.720015864692736e-19,2.023160474989985e-09,3.4389158187764224e-14,True,1.699774121374848e-13,3119984.7872219146,3119956.4821318123,3119956.4821318123,3120038.823797957,3120092.873287873,0.5,2.767242180794637e-08,0.9999999723275783,0.5,41318948494996.35,41318948494995.984,5.1139734921767935e-27,8.011348876400967e-12,-5.529386938042969e-25,7.65229549420222e-11,-5.638910731382813e-25,1.2987615359164775e-20,9.360387782092532e-11,0.20231604741130102,0.02468720440390856,0.17762884300739246,2.02316047411301e-15,1.7762884300739246e-15,1.776285624229617e-15,1.0000922811614585,1.0000928234611373,1.8310277886831776e-05,-6.101547931527304e-06,0.00010308167061623968,-3.4360609922496185e-05
PF,0.0,0.0,1.0,1000000000000000.0,81,3,1.2305262074995166e-13,-0.02396869317269841,-8.320595699433325e-05,0.0246875,3.85670734071259e-06,0.024600437335664953,0.02460043733566515,0.024600437335665113,1.97758476261356e-16,1.5959455978986625e-16,0.00031587208148336067,-0.02428456525418179,-0.024284565254181753,0.00031587208148336045,1.2999041529697408e-06,3.0016438172943577e-06,9.794248745365053e-15,3.281257746432e-22,2.4687500000000004e-10,9.794248745365053e-15,True,3.967290631033945e-13,115989.77323708494,115688.42482956755,115688.42482956755,117296.80350870275,191442.58934380786,0.4999999999999999,2.1990782142488347e-05,0.9999780092178575,0.5,1.4771165716093906e+16,1.4771165716093888e+16,9.338560290061971e-26,4.526012276762519e-10,-2.69165674512e-23,4.6499310787082024e-08,-2.5634826144e-23,-6.313424132927321e-23,7.945972483233683e-16,0.02396869317269841,0.02396969856855167,-1.0053958532582619e-06,2.396869317269841e-17,-1.0053958532582618e-21,-8.320595699433325e-20,1.0,1.0,1.3621353069041956e-06,-2.1908044214234497e-06,,
PF,-0.25,0.25,1.0,1000000000000000.0,81,5,1.915871225583402e-13,-0.024108426709265756,-6.702404053941769e-05,0.0246875,2.4103683706998814e-06,0.024618065591089883,0.024618065591089897,0.024618065591089883,1.3877787807814457e-17,0.0,0.0002548194409120673,-0.02436324615017783,-0.024363246150177816,0.00025481944091206726,9.634593085111898e-07,2.390513217103362e-06,7.446820937673237e-14,8.20314436608e-23,2.4687500000000004e-10,7.446820937673237e-14,True,3.0164337975385263e-12,141905.08628778404,141667.28519224937,141667.28519224937,142653.91661038063,206075.70179888242,0.5000000000000003,1.954642069624617e-05,0.9999804535793038,0.5000000000000006,1.2538688364632732e+16,1.2538688364632702e+16,-4.1356481284560156e-25,4.3981324892295114e-10,-5.25513935952e-23,3.948008196629082e-08,-4.6142687059199996e-23,1.8038354665506632e-23,1.5998875511922594e-15,0.024108426709265756,0.024109152279002094,-7.255697363379998e-07,2.4108426709265755e-17,-7.255697363379998e-22,-6.702404053941768e-20,1.0,1.0,8.863088296343606e-07,-1.6158073967352305e-06,,
PF,-0.5,0.5,1.0,1000000000000000.0,81,5,1.3060475361125538e-14,-0.02421059028338269,-5.628876897489169e-05,0.0246875,1.6019177486221377e-06,0.02462960931327649,0.024629609313276492,0.024629609313276492,3.469446951953614e-18,3.469446951953614e-18,0.00020950951494690112,-0.02442009979832959,-0.02442009979832959,0.00020950951494690093,7.518397137523742e-07,1.9491543769879157e-06,3.41740524767431e-15,2.871100528128e-22,2.4687500000000004e-10,3.41740524767431e-15,True,1.3842654167794672e-13,167559.48604593534,167348.30110726185,167348.30110726185,168087.51044708205,222398.5710295562,0.5000000000000002,1.8055762465431266e-05,0.9999819442375345,0.5000000000000007,1.0698706559453384e+16,1.0698706559453418e+16,-2.9794454258769145e-25,4.3147828260034455e-10,4.4860945752e-23,3.368830175001201e-08,4.6142687059199996e-23,-2.5253696531709284e-22,8.711573993829419e-15,0.02421059028338269,0.024211142311092473,-5.520277097832704e-07,2.421059028338269e-17,-5.520277097832704e-22,-5.62887689748917e-20,1.0,1.0,5.542316085365799e-07,-1.0408103720470112e-06,,
PF,-0.75,0.75,1.0,1000000000000000.0,81,5,8.109721822618282e-15,-0.024288539321973005,-4.8603453754436716e-05,0.0246875,1.1133556995918163e-06,0.02463778319054597,0.024637783190545996,0.02463778319054597,2.42861286636753e-17,0.0,0.00017462193428648666,-0.024463161256259507,-0.024463161256259483,0.0001746219342864878,6.091884942253637e-07,1.6187742692311297e-06,4.163336342344337e-16,1.3535188204032e-21,2.4687500000000004e-10,4.163336342344337e-16,True,1.6864147209496047e-14,193038.88284819984,192841.21907422904,192841.21907422904,193474.96065475678,240114.36092273213,0.5000000000000012,1.715609540589132e-05,0.9999828439045941,0.500000000000002,9170260069890878.0,9170260069890924.0,-1.7809968553189614e-24,4.256366509309794e-10,7.30592545104e-23,2.8873932699013962e-08,7.17775132032e-23,8.117259599477985e-23,3.190930694464267e-16,0.024288539321973005,0.024288975796800394,-4.3647482738870536e-07,2.4288539321973005e-17,-4.364748273887053e-22,-4.8603453754436715e-20,1.0,1.0,3.812744496084022e-07,-5.999452137464923e-07,,
PF,-1.0,1.0,1.0,1000000000000000.0,81,5,1.0739640563957682e-14,-0.024349777594392844,-4.280960271652651e-05,0.0246875,8.009201748642603e-07,0.024643889477108608,0.02464388947710868,0.024643889477108608,7.28583859910259e-17,0.0,0.00014705594135790135,-0.02449683353575078,-0.024496833535750707,0.00014705594135790107,5.080048525136215e-07,1.3626621899319002e-06,2.706168622523819e-16,6.562515492864e-22,2.4687500000000004e-10,2.706168622523819e-16,True,1.0961695686172432e-14,218398.17986456415,218208.73191407576,218208.73191407576,218791.85603774522,258976.50300517585,0.49999999999999917,1.6658803255297308e-05,0.9999833411967447,0.4999999999999978,7892105531157655.0,7892105531157663.0,1.3607616422661728e-24,4.2132107945558007e-10,1.40991543792e-23,2.4846264057032582e-08,7.6904478432e-24,-2.0744107865332627e-22,8.471645737123117e-15,0.024349777594392844,0.024350132925800117,-3.5533140727364576e-07,2.4349777594392844e-17,-3.5533140727364575e-22,-4.280960271652651e-20,1.0,1.0,2.7454217542063907e-07,-3.7021482924519716e-07,,
PF,-1.25,1.25,1.0,1000000000000000.0,81,5,1.143337267863544e-14,-0.024398931534593278,-3.827490838789495e-05,0.0246875,5.922342167886357e-07,0.024648632857395318,0.024648632857395228,0.024648632857395315,-9.020562075079397e-17,-3.469446951953614e-18,0.00012485066140099533,-0.024523782195994232,-0.02452378219599432,0.00012485066140099736,4.333113070520062e-07,1.1808034862746425e-06,3.191891195797325e-16,1.640628873216e-22,2.4687500000000004e-10,3.191891195797325e-16,True,1.2929179527280303e-14,243673.04444791022,243489.30033477425,243489.30033477425,244044.04988759398,278783.03382499324,0.5000000000000002,1.645748539996063e-05,0.9999835425146001,0.5,6816773591181963.0,6816773591182029.0,-3.82436278545395e-25,4.1800159453364366e-10,1.0125756326879999e-22,2.1456812551076576e-08,1.0125756326879999e-22,-6.313424132927321e-22,3.331770207681131e-14,0.024398931534593278,0.024399227357258364,-2.9582266508620947e-07,2.439893153459328e-17,-2.9582266508620947e-22,-3.8274908387894946e-20,1.0,1.0,2.0569486870389297e-07,-2.3849904533047864e-07,,
PF,-1.5,1.5,1.0,1000000000000000.0,81,5,1.654492403489996e-14,-0.024439043162898577,-3.4623198299520546e-05,0.0246875,4.4791245712219155e-07,0.02465242888924336,0.024652428889243436,0.024652428889243357,7.632783294297951e-17,-3.469446951953614e-18,0.00010669286317241072,-0.024545736026071026,-0.024545736026070946,0.00010669286317241052,3.763350477935062e-07,1.0201752638750868e-06,3.400058012914542e-16,0.0,2.4687500000000004e-10,3.400058012914542e-16,True,1.3772386887755106e-14,268887.15763872676,268707.7259828792,268707.7259828792,269243.93879819795,299369.81553155,0.5000000000000003,1.6488791036979496e-05,0.9999835112089629,0.4999999999999995,5907026465732853.0,5907026465732853.0,-7.181797556404801e-25,4.153628744970544e-10,2.5634826144e-24,1.8588790097280984e-08,0.0,4.509588666376658e-22,2.3601811489760005e-14,0.024439043162898577,0.024439293599836202,-2.5043693762522024e-07,2.4439043162898578e-17,-2.5043693762522025e-22,-3.4623198299520544e-20,1.0,1.0,1.601423940782165e-07,-1.5628790066874515e-07,,
PF,-1.75,1.75,1.0,1000000000000000.0,81,5,1.2511810208977905e-14,-0.024472209372476347,-3.1615746070969715e-05,0.0246875,3.4520862144744916e-07,0.02465553904530758,0.024655539045307682,0.02465553904530759,1.0061396160665481e-16,1.0408340855860843e-17,9.166483641564422e-05,-0.02456387420889204,-0.024563874208891945,9.166483641564528e-05,3.3163680668686254e-07,9.05214289428206e-07,2.5326962749261384e-16,2.05078609152e-23,2.4687500000000004e-10,2.5326962749261384e-16,True,1.0259022885776763e-14,294056.6120735524,293880.61573541345,293880.61573541345,294403.2272931956,320603.8656793706,0.4999999999999983,1.671387848847913e-05,0.9999832861215114,0.49999999999999895,5133415931641193.0,5133415931641195.0,2.899400623390669e-24,4.132032499074514e-10,3.8452239216e-24,1.6149683928146173e-08,1.1535671764799999e-23,1.226608117254451e-21,7.294724529733698e-14,0.024472209372476347,0.02447242377615266,-2.1440367631297974e-07,2.4472209372476347e-17,-2.144036763129797e-22,-3.1615746070969716e-20,1.0,1.0,1.3008264906563816e-07,-9.97747481618848e-08,,
PF,-2.0,2.0,1.0,1000000000000000.0,81,5,2.2481828100923136e-14,-0.02449992887402203,-2.9093177700726452e-05,0.0246875,2.7034788647617137e-07,0.024658136474412798,0.02465813647441288,0.02465813647441281,8.326672684688674e-17,1.0408340855860843e-17,7.910380019540847e-05,-0.024579032674217474,-0.024579032674217398,7.910380019540946e-05,2.9567579122277156e-07,8.055543939923355e-07,2.983724378680108e-16,5.947279665407999e-22,2.4687500000000004e-10,2.983724378680108e-16,True,1.2085972166805501e-14,319192.5950149364,319019.42930677853,319019.42930677853,319531.3022957029,342377.41437900753,0.49999999999999767,1.7108890087086097e-05,0.9999828911099128,0.499999999999998,4472489658541498.5,4472489658541461.0,3.666496647217188e-24,4.1138416191996174e-10,-5.70374881704e-23,1.4065734911146866e-08,-5.38331349024e-23,8.297643146133051e-22,6.067131161491324e-14,0.02449992887402203,0.02450011328070135,-1.8440667932245747e-07,2.449992887402203e-17,-1.8440667932245746e-22,-2.9093177700726454e-20,1.0,1.0,1.1146495188194927e-07,-5.5519528553901677e-08,,
PF,-2.25,2.25,1.0,1000000000000000.0,81,5,2.2440519409886663e-14,-0.024523304221871885,-2.6944549924457186e-05,0.0246875,2.146566867179086e-07,0.024660340793388826,0.0246603407933889,0.024660340793388823,7.28583859910259e-17,-3.469446951953614e-18,6.851828575848553e-05,-0.024591822507630413,-0.024591822507630336,6.851828575848638e-05,2.6602866918270183e-07,7.15320705605987e-07,6.626643678231403e-16,1.640628873216e-22,2.4687500000000004e-10,6.626643678231403e-16,True,2.6842100975114543e-14,344303.05169635534,344132.2773273807,344132.2773273807,344635.2994997391,364602.8962022794,0.5000000000000022,1.7659724980719736e-05,0.9999823402750193,0.5000000000000046,3905440926986227.0,3905440926986224.5,-3.535312109809175e-24,4.0980115592909826e-10,-5.1269652288e-24,1.2277748135452665e-08,-8.9721891504e-24,3.4272873864462603e-22,2.754596603205169e-14,0.024523304221871885,0.024523462050417746,-1.578285458610218e-07,2.4523304221871885e-17,-1.578285458610218e-22,-2.6944549924457186e-20,1.0,1.0,1.0263072183075423e-07,-1.4376321974143048e-08,,
PF,-2.5,2.5,1.0,1000000000000000.0,81,5,1.354399045719788e-14,-0.02454316606861107,-2.5089761001249843e-05,0.0246875,1.7249134143423464e-07,0.024662237747657315,0.024662237747657294,0.024662237747657315,-2.0816681711721685e-17,0.0,5.9535839523116666e-05,-0.024602701908134177,-0.024602701908134197,5.9535839523117547e-05,2.409469059069669e-07,6.497533284238792e-07,2.949029909160572e-16,2.460943309824e-22,2.4687500000000004e-10,2.949029909160572e-16,True,1.1945437606726368e-14,369393.7370304167,369225.02809826256,369225.02809826256,369720.55758267076,387208.8691847857,0.5000000000000047,1.835901600112651e-05,0.9999816409839988,0.5000000000000084,3417082376089791.5,3417082376089816.5,-7.470848232049577e-24,4.0836807170144863e-10,3.8452239215999997e-23,1.073789338859088e-08,3.07617913728e-23,-7.034958319547587e-22,6.543580273783002e-14,0.02454316606861107,0.024543298299360725,-1.3223074965540427e-07,2.454316606861107e-17,-1.3223074965540427e-22,-2.5089761001249842e-20,1.0,1.0,1.0377020495550931e-07,3.193774832694687e-08,,
PF,-2.75,2.75,1.0,1000000000000000.0,81,5,1.8844048300817886e-14,-0.024560153104324828,-2.3468867780850436e-05,0.0246875,1.400749087241872e-07,0.024663891057310428,0.024663891057310487,0.02466389105731043,5.898059818321144e-17,3.469446951953614e-18,5.1868976492815677e-05,-0.02461202208081767,-0.024612022080817614,5.1868976492815595e-05,2.1906381319424828e-07,5.932292334060574e-07,3.0184188481996443e-16,4.716808010495999e-22,2.4687500000000004e-10,3.0184188481996443e-16,True,1.2226506726884635e-14,394468.89636276034,394302.01462534955,394302.01462534955,394791.06180346204,410136.7472982674,0.5000000000000042,1.9204310070560524e-05,0.9999807956899295,0.5000000000000081,2995062637505707.5,2995062637505711.0,-6.699305274751599e-24,4.070035591678835e-10,6.408706536e-24,9.407255234437525e-09,-3.8452239216e-24,1.8038354665506632e-23,2.2139787234041375e-15,0.024560153104324828,0.024560257992729297,-1.0488840446881698e-07,2.4560153104324827e-17,-1.0488840446881698e-22,-2.3468867780850437e-20,1.0,1.0,1.1711173996999577e-07,9.319424924627008e-08,,
PF,-3.0,3.0,1.0,1000000000000000.0,81,5,1.9560679165462428e-14,-0.024574765497677516,-2.203513329443167e-05,0.0246875,1.1481719417817702e-07,0.02466535004951139,0.024665350049511627,0.02466535004951139,2.3592239273284576e-16,0.0,4.5292275916996695e-05,-0.02462005777359463,-0.024620057773594394,4.529227591699649e-05,1.9917075580084569e-07,5.404903892617679e-07,5.169475958410885e-16,6.562515492864e-22,2.4687500000000004e-10,5.169475958410885e-16,True,2.0939649451790928e-14,419531.7164304425,419366.5019900603,419366.5019900603,419849.7879947845,433338.2097643114,0.5000000000000044,2.019694201625705e-05,0.9999798030579837,0.5000000000000063,2629266261037600.5,2629266261037577.5,-7.16178635578324e-24,4.056163621050121e-10,-3.5247885948e-23,8.253952366808521e-09,-4.10157218304e-23,9.921095066028648e-22,1.1840433223470168e-13,0.024574765497677516,0.024574837693840567,-7.21961630513468e-08,2.4574765497677517e-17,-7.21961630513468e-23,-2.203513329443167e-20,1.0,1.0,1.4755136827290786e-07,1.8276091368063593e-07,,
PF,-3.25,3.25,1.0,1000000000000000.0,81,5,2.1522438945612432e-14,-0.024587401853697427,-2.075015501003787e-05,0.0246875,9.490328877075132e-08,0.024666654941701192,0.024666654941701022,0.024666654941701196,-1.700029006457271e-16,3.469446951953614e-18,3.96265440018418e-05,-0.02462702839769918,-0.024627028397699355,3.9626544001841935e-05,1.8004426499077468e-07,4.913316976664104e-07,5.30825383648903e-16,2.460943309824e-22,2.4687500000000004e-10,5.30825383648903e-16,True,2.1501787692107462e-14,444584.6290068723,444421.0045521704,444421.0045521704,444898.95872716367,456773.16368139745,0.5000000000000042,2.1341326173872018e-05,0.9999786586738262,0.5000000000000078,2311352156800474.5,2311352156800510.5,-6.557003403664941e-24,4.0409464105268213e-10,5.7678358824e-23,7.251688936609514e-09,5.1910522941599997e-23,-9.921095066028648e-22,1.3527248865170603e-13,0.024587401853697427,0.024587430740770366,-2.8887072938549307e-08,2.4587401853697426e-17,-2.888707293854931e-23,-2.075015501003787e-20,1.0,1.0,2.0365751229646962e-07,3.211364402653878e-07,,
PF,-3.5,3.5,1.0,1000000000000000.0,81,4,7.1389259647498e-13,-0.024598385804905677,-1.9579939835155874e-05,0.0246875,7.903705218552813e-08,0.02466784102311266,0.02466784102311269,0.024667841023112664,3.122502256758253e-17,3.469446951953614e-18,3.4727609103499024e-05,-0.024633113414009193,-0.024633113414009165,3.4727609103499e-05,1.6025085405499298e-07,4.456561390618856e-07,2.7478019859472624e-13,1.230471654912e-22,2.4687500000000004e-10,2.7478019859472624e-13,True,1.1130337158267391e-11,469629.52109816944,469467.5111010636,469467.5111010636,469940.22535097506,480408.13568790245,0.5000000000000053,2.264450640773125e-05,0.9999773554935921,0.5000000000000075,2034397103640578.8,2034397103640583.8,-8.593698933592742e-24,4.022896937253983e-10,8.6517538236e-24,6.378634447957463e-09,1.9226119608e-24,-1.172493053257931e-21,1.7170497164571136e-13,0.024598385804905677,0.02459835267910791,3.3125797768013276e-08,2.4598385804905676e-17,3.3125797768013276e-23,-1.9579939835155875e-20,1.0,1.0,2.999239819163425e-07,5.422200655215625e-07,9.054090833276572,-65.6080473909549
PF,-3.75,3.75,1.0,1000000000000000.0,81,4,3.640949490269874e-13,-0.024607986213288666,-1.849103542906373e-05,0.0246875,6.627694500684885e-08,0.024668942687625928,0.024668942687626066,0.02466894268762593,1.3877787807814457e-16,3.469446951953614e-18,3.0478237168667967e-05,-0.0246384644504574,-0.024638464450457264,3.047823716866789e-05,1.3785214734891065e-07,4.0305176278559843e-07,1.7477685965161527e-13,2.871100528128e-22,2.4687500000000004e-10,1.7477685965161527e-13,True,7.079568998546441e-12,494667.8874826032,494507.657751349,494507.657751349,494974.7815374768,504214.98119928467,0.5000000000000047,2.4115861993606622e-05,0.9999758841380064,0.5000000000000075,1792619085403026.5,1792619085403020.2,-7.348557561584479e-24,3.999787666627705e-10,-9.292624477199999e-24,5.616553781070383e-09,-2.01874255884e-23,5.4115063996519895e-22,9.244148027143956e-14,0.024607986213288666,0.02460785949854347,1.2671474519665438e-07,2.4607986213288666e-17,1.2671474519665437e-22,-1.849103542906373e-20,1.0,1.0,4.609260223729461e-07,9.029121503483543e-07,3.6375089707011923,-6.1059223191594585
PF,-4.0,4.0,1.0,1000000000000000.0,81,4,3.1202515523201366e-13,-0.0246164337715425,-1.744590930102941e-05,0.0246875,5.592848210549539e-08,0.024669998162216867,0.024669998162216825,0.024669998162216863,-4.163336342344337e-17,-3.469446951953614e-18,2.6782195337173708e-05,-0.024643215966879652,-0.02464321596687969,2.6782195337173715e-05,1.099618764255637e-07,3.624128284917607e-07,1.1014106293671944e-13,2.05078609152e-23,2.4687500000000004e-10,1.1014106293671944e-13,True,4.4614101442721795e-12,519700.94680314546,519542.8731415657,519542.8731415657,520003.4193622827,528169.8302446384,0.5000000000000002,2.5766887173062546e-05,0.999974233112827,0.5000000000000018,1581161267694899.5,1581161267694909.5,-4.780453481817437e-25,3.968014083516449e-10,1.63422016668e-23,4.950127482698948e-09,1.63422016668e-23,7.936876052822918e-22,1.4395103466553139e-13,0.0246164337715425,0.02461616092510622,2.728464362812544e-07,2.46164337715425e-17,2.7284643628125437e-22,-1.744590930102941e-20,1.0,1.0,7.28040491403819e-07,1.4992370799350915e-06,2.668315926447885,-1.6251081172986055
PF,-4.25,4.25,1.0,1000000000000000.0,81,4,2.324710773029657e-13,-0.02462393638727503,-1.6396494192174295e-05,0.0246875,4.747228810174556e-08,0.024671056033519725,0.024671056033519892,0.024671056033519736,1.6653345369377348e-16,1.0408340855860843e-17,2.355982312239134e-05,-0.0246474962103975,-0.024647496210397343,2.3559823122391267e-05,7.207966004543651e-08,3.2163350475503866e-07,6.07708328104195e-14,2.05078609152e-23,2.4687500000000004e-10,6.07708328104195e-14,True,2.4616033543461065e-12,544729.7333535615,544574.5096409294,544574.5096409294,545026.5421106373,552252.2157006758,0.49999999999999983,2.7610940201125e-05,0.9999723890597989,0.5000000000000018,1395922135087245.8,1395922135087240.5,4.291290799957048e-25,3.921725635177396e-10,-8.01088317e-24,4.366417036195734e-09,-8.01088317e-24,2.0924491411987693e-21,4.36750782672141e-13,0.02462393638727503,0.024623430287306982,5.060999680485401e-07,2.462393638727503e-17,5.060999680485401e-22,-1.6396494192174295e-20,1.0,1.0,1.1709014006780474e-06,2.496349301518905e-06,2.3135773060664295,-0.42011780311124003
PF,-4.5,4.5,1.0,1000000000000000.0,81,4,1.5274832425575585e-13,-0.024630696051621506,-1.5274073450538488e-05,0.0246875,4.0515051521538053e-08,0.02467218541149794,0.02467218541149774,0.02467218541149793,-1.97758476261356e-16,-1.0408340855860843e-17,2.0744679938163986e-05,-0.024651440731559577,-0.024651440731559764,2.0744679938164057e-05,1.7048155399649174e-08,2.772511163489029e-07,2.984418268070499e-14,1.02539304576e-22,2.4687500000000004e-10,2.984418268070499e-14,True,1.2088782858007083e-12,569755.1707671422,569603.9621497793,569603.9621497793,570044.1513083093,576444.3524328184,0.5000000000000001,2.966272509484858e-05,0.9999703372749053,0.5,1233420906263921.5,1233420906263941.8,-2.4458134093019447e-25,3.8518600539598514e-10,3.204353268e-23,3.8544410141254044e-09,3.26844033336e-23,7.936876052822918e-22,1.7746869065806622e-13,0.024630696051621506,0.024629811965515135,8.840861063716399e-07,2.4630696051621506e-17,8.840861063716398e-22,-1.5274073450538487e-20,1.0,1.0,1.90811856701801e-06,4.182219958245459e-06,2.1582949367331214,0.07232023657337283
PF,-4.75,4.75,1.0,1000000000000000.0,81,4,8.589555752769469e-14,-0.02463693101468522,-1.3972286574191853e-05,0.0246875,3.475550949936939e-08,0.02467349295791631,0.024673492957916168,0.02467349295791631,-1.4224732503009818e-16,0.0,1.8280971615510122e-05,-0.02465521198630066,-0.0246552119863008,1.828097161551017e-05,-6.662216412602795e-08,2.3361937857034544e-07,1.2736339760621718e-14,1.333010959488e-22,2.4687500000000004e-10,1.2736339760621718e-14,True,5.159023700504999e-13,594778.124937156,594632.7492620469,594632.7492620469,595055.8473900256,600730.5721270981,0.5000000000000043,3.1936648953082766e-05,0.9999680633510469,0.5000000000000066,1090689968192646.5,1090689968192661.2,-6.819372478480967e-24,3.745526241318222e-10,2.4673520163599998e-23,3.40483619861099e-09,1.7623942974e-23,-7.215341866202653e-22,1.9320245412100233e-13,0.02463693101468522,0.024635427086781334,1.5039279038855935e-06,2.463693101468522e-17,1.5039279038855935e-21,-1.3972286574191852e-20,1.0,1.0,3.1460469820202907e-06,7.0343124407726626e-06,2.0918868343968278,0.30130312598084075
PF,-5.0,5.0,1.0,1000000000000000.0,81,4,4.268538569239717e-14,-0.02464290903306542,-1.2317916441125826e-05,0.0246875,2.996047922424921e-08,0.024675152123079653,0.024675152123079448,0.024675152123079646,-2.0469737016526324e-16,-6.938893903907228e-18,1.6121545007064578e-05,-0.024659030578072384,-0.02465903057807258,1.6121545007064632e-05,-1.9742644457521542e-07,2.6901448978304377e-07,4.898859096158503e-15,2.255864700672e-22,2.4687500000000004e-10,4.898859096158503e-15,True,1.9843479883173682e-13,619799.4157001115,619662.4741721166,619662.4741721166,620060.9409674378,625096.9922613265,0.5000000000000047,3.4439202911831855e-05,0.9999655607970882,0.5000000000000064,965187924575253.9,965187924575268.0,-7.539775700857177e-24,3.586935235783618e-10,2.27509082028e-23,3.0095835447957367e-09,1.58615486766e-23,-5.050739306341857e-22,1.5264003104893464e-13,0.02464290903306542,0.024640377918843496,2.531114221923647e-06,2.464290903306542e-17,2.531114221923647e-21,-1.2317916441125826e-20,1.0,1.0,5.351348774521494e-06,1.0198875804596449e-05,2.1142265047424322,-0.4405520702935162
PF,-5.25,5.25,1.0,1000000000000000.0,81,4,4.59095210595221e-14,-0.024648995477330498,-1.0025989184949446e-05,0.0246875,2.594770638143929e-08,0.02467744806310867,0.024677448063108426,0.02467744806310868,-2.42861286636753e-16,1.0408340855860843e-17,1.422629288902673e-05,-0.024663221770219398,-0.02466322177021965,1.4226292889026785e-05,-4.044491694331104e-07,5.087212530089074e-07,2.2863655413374318e-15,1.640628873216e-22,2.4687500000000004e-10,2.2863655413374318e-15,True,9.261227509214914e-14,644819.7234156542,644694.43859152,644694.43859152,645058.9226343425,649531.6848542956,0.5000000000000044,3.709523363932747e-05,0.9999629047663606,0.5000000000000056,854727947816617.1,854727947816633.2,-6.892746880760025e-24,3.3630980693368875e-10,2.5314390817199998e-23,2.6617822765818586e-09,1.7623942974e-23,-8.658410239443182e-22,2.905251265894582e-13,0.024648995477330498,0.024644751293384094,4.244183946403718e-06,2.4648995477330498e-17,4.244183946403718e-21,-1.0025989184949446e-20,1.0,1.0,8.61554614576866e-06,9.340450102178265e-06,2.029965301826512,-1.9199944519186305
PF,-5.5,5.5,1.0,1000000000000000.0,81,4,4.512035617607272e-14,-0.02465537339128608,-6.982790991995134e-06,0.0246875,2.2572900972730358e-08,0.024680494636107032,0.02468049463610709,0.02468049463610704,5.898059818321144e-17,6.938893903907228e-18,1.2560622410490969e-05,-0.024667934013696602,-0.024667934013696546,1.2560622410491316e-05,-6.906208591606766e-07,8.460773819162193e-07,1.904726376622534e-15,2.05078609152e-23,2.4687500000000004e-10,1.904726376622534e-15,True,7.715347348344442e-14,669838.4391167907,669725.5756693501,669725.5756693501,670053.9100038867,674029.4662968027,0.5000000000000048,3.742859925244935e-05,0.9999625714007475,0.5000000000000072,757403597548923.0,757403597548924.0,-7.386356496091873e-24,3.121059079513501e-10,1.9226119608e-24,2.355416007933914e-09,-4.4860945752e-24,4.689972213031724e-22,1.7479724963398384e-13,0.02465537339128608,0.02464862130316313,6.752088122952138e-06,2.4655373391286082e-17,6.752088122952138e-21,-6.982790991995134e-21,1.0,1.0,1.0522649977416867e-05,6.1930601383739795e-06,1.5584290053394874,-1.511494313111131
PF,-5.75,5.75,1.0,1000000000000000.0,81,4,3.64151989749557e-14,-0.024661476532133447,-3.8137517942285003e-06,0.0246875,1.972135308932207e-08,0.024683666526852683,0.02468366652685259,0.024683666526852683,-9.367506770274758e-17,0.0,1.109499735959397e-05,-0.024672571529492995,-0.02467257152949309,1.1094997359593672e-05,-9.873033412658409e-07,1.1971085167997174e-06,1.5126788710517758e-15,4.716808010495999e-22,2.4687500000000004e-10,1.5126788710517758e-15,True,6.12730681945023e-14,694854.9597370143,694753.0267266213,694753.0267266213,695049.5321601605,698586.0333400709,0.5000000000000046,3.4647676288158994e-05,0.9999653523237118,0.5000000000000043,671572360521303.0,671572360521292.0,-7.188467956611989e-24,2.9036926799148456e-10,-1.6983072320399998e-23,2.085301963028216e-09,-2.41928671734e-23,-1.3348382452474908e-21,5.426148287884805e-13,0.024661476532133447,0.02465205145145864,9.425080674807518e-06,2.4661476532133445e-17,9.425080674807518e-21,-3.8137517942285e-21,1.0,1.0,1.1205453740399649e-05,5.173544358781392e-06,1.188897382104211,-0.8645645103335949
PF,-6.0,6.0,1.0,1000000000000000.0,81,4,5.2585447519043534e-14,-0.024667506720627282,-3.671692804437269e-07,0.0246875,1.7302160009855695e-08,0.024687115528559546,0.024687115528559844,0.02468711552855954,2.983724378680108e-16,-6.938893903907228e-18,9.804403966205576e-06,-0.024677311124593638,-0.024677311124593333,9.80440396620498e-06,-1.315117608245926e-06,1.5775547527531505e-06,1.745131816832668e-15,4.306650792192e-22,2.4687500000000004e-10,1.745131816832668e-15,True,7.068888371980427e-14,719870.2200319415,719779.5015302262,719779.5015302262,720043.3686575961,723191.2968424176,0.5000000000000039,3.2334168174523446e-05,0.9999676658318255,0.5000000000000062,595834016054726.4,595834016054704.0,-6.0945223226333e-24,2.675859327726507e-10,-3.50876682846e-23,1.8470214203371814e-09,-4.1496374820599996e-23,6.493807679582388e-22,3.208930115395599e-13,0.024667506720627282,0.02465509638251038,1.2410338116903424e-05,2.4667506720627283e-17,1.2410338116903425e-20,-3.671692804437269e-22,1.0,1.0,1.2812608954996148e-05,7.983979905193719e-06,1.0324141723056532,-0.4225460349877297
PF,-6.25,6.25,1.0,1000000000000000.0,81,4,5.330160143417853e-14,-0.024673697109267922,3.5463843934741416e-06,0.0246875,1.5241739840683732e-08,0.024691031142653638,0.024691031142653443,0.024691031142653627,-1.942890293094024e-16,-1.0408340855860843e-17,8.667016692807029e-06,-0.024682364125960636,-0.02468236412596082,8.667016692807049e-06,-1.6917762344743397e-06,2.0085133891954153e-06,1.4536982728685643e-15,9.331076716416e-22,2.4687500000000004e-10,1.4536982728685643e-15,True,5.888398067315704e-14,744884.270000753,744804.6214692194,744804.6214692194,745036.2830850744,747839.8004230229,0.5000000000000031,3.0604268567142646e-05,0.9999693957314331,0.5000000000000032,528958253884453.75,528958253884446.9,-5.016140955804716e-24,2.444915747611624e-10,-1.0414148120999999e-23,1.6366915404050121e-09,-1.53808956864e-23,-2.0924491411987693e-21,1.0827799942629267e-12,0.024673697109267922,0.024657803286591107,1.5893822676815023e-05,2.4673697109267923e-17,1.5893822676815023e-20,3.546384393474142e-21,1.0,1.0,1.5178636850050644e-05,1.1035582556099035e-05,0.9550022772175727,-0.21769779813922374
PF,-6.5,6.5,1.0,1000000000000000.0,81,4,6.890274988552437e-14,-0.02468027724635812,8.118581721669893e-06,0.0246875,1.34804168160246e-08,0.024695605101304852,0.024695605101304446,0.02469560510130485,-4.0592529337857286e-16,-3.469446951953614e-18,7.663927473265217e-06,-0.02468794117383118,-0.024687941173831583,7.66392747326526e-06,-2.1350039701347635e-06,2.5112382097022324e-06,1.5300261058115439e-15,2.153325396096e-22,2.468794117383158e-10,1.5300261058115439e-15,True,6.197463348759604e-14,769897.0834987725,769827.9075723225,769827.9075723225,770029.1079192639,772527.1224249966,0.5000000000000028,2.9423310172148642e-05,0.9999705766898278,0.5000000000000027,469873001080688.1,469873001080687.6,-4.360218268764649e-24,2.2202601354431684e-10,-8.01088317e-25,1.4509288541384918e-09,-5.2070740604999995e-24,-2.5253696531709286e-21,1.4747757415277535e-12,0.02468027724635812,0.024660213049084095,2.00641972740237e-05,2.4680277246358118e-17,2.0064197274023698e-20,8.118581721669893e-21,1.0,1.0,1.8313895488204523e-05,1.4252000477142297e-05,0.9127649234148419,-0.12281981192272895
PF,-6.75,6.75,1.0,1000000000000000.0,81,4,8.510691474941226e-14,-0.024687481239381342,1.3550648965869952e-05,0.0246875,1.196952521906844e-08,0.02470103867944065,0.0247010386794407,0.024701038679440648,4.85722573273506e-17,-3.469446951953614e-18,6.7787200296677175e-06,-0.024694259959411033,-0.02469425995941098,6.778720029667716e-06,-2.6635604010654376e-06,3.108739959272827e-06,1.1483869410966463e-15,8.177509539936e-22,2.469425995941103e-10,1.1483869410966463e-15,True,4.6504205551581785e-14,794908.6070040134,794848.9821664833,794848.9821664833,795022.4044501582,797249.5902447463,0.500000000000002,2.875026181677849e-05,0.9999712497381832,0.4999999999999999,417642757664278.56,417642757664268.44,-3.188451299035444e-24,2.0109950890313578e-10,-1.59416575083e-23,1.2867809263844307e-09,-1.93863372714e-23,-9.019177332753315e-22,5.796037894594954e-13,0.024687481239381342,0.024662361195999724,2.5120043381617746e-05,2.468748123938134e-17,2.5120043381617745e-20,1.3550648965869953e-20,1.0,1.0,2.2271648195661104e-05,1.7806218222464945e-05,0.8866086677206525,-0.07722988701734801
PF,-7.0,7.0,1.0,1000000000000000.0,81,4,1.0305482893870466e-13,-0.02469555709372933,2.006199579966188e-05,0.0246875,1.0669178975230975e-08,0.02470755132662069,0.024707551326621197,0.024707551326620694,5.065392549852277e-16,3.469446951953614e-18,5.997116445807528e-06,-0.024701554210175388,-0.024701554210174885,5.997116445807491e-06,-3.298494028040171e-06,3.826689118709721e-06,1.2802259252708836e-15,9.843773239296e-22,2.470155421017539e-10,1.2802259252708836e-15,True,5.182774793755756e-14,819918.8186861295,819867.6476728135,819867.6476728135,820016.4840580194,822003.8837385398,0.5000000000000019,2.8548227423460715e-05,0.9999714517725766,0.5000000000000038,371450316482132.0,371450316482114.7,-3.0350320942701405e-24,1.8235579662441676e-10,-2.73972204414e-23,1.1416686770635845e-09,-3.06816825411e-23,2.489292943839915e-21,1.856012771519402e-12,0.02469555709372933,0.024664278676438618,3.127841729071157e-05,2.469555709372933e-17,3.127841729071157e-20,2.006199579966188e-20,1.0,1.0,2.7158020477285855e-05,2.194438288793939e-05,0.868267093723783,-0.052305479780475284
PF,-7.25,7.25,1.0,1000000000000000.0,81,4,6.41150919095716e-14,-0.024704785152124684,2.790805307163824e-05,0.0246875,9.546536914807667e-09,0.024715398506534723,0.02471539850653508,0.02471539850653472,3.5735303605122226e-16,-3.469446951953614e-18,5.306677205109188e-06,-0.024710091829329973,-0.024710091829329612,5.306677205109166e-06,-4.065242605744437e-06,4.69431345602726e-06,9.8879238130678e-16,1.9687546478592e-21,2.471009182932997e-10,9.8879238130678e-16,True,4.001573074419415e-14,844927.782998949,844883.9205696324,844883.9205696324,845011.501724303,846786.6548747024,0.5000000000000017,2.8785765021424173e-05,0.9999712142349786,0.5000000000000003,330580999732825.8,330580999732813.4,-2.4480368760376737e-24,1.6596506568537217e-10,-1.94664461031e-23,1.0133366169618227e-09,-2.19498198858e-23,3.463364095777273e-21,2.8756190089675358e-12,0.024704785152124684,0.02466599251390135,3.879263822333459e-05,2.4704785152124684e-17,3.879263822333459e-20,2.7908053071638244e-20,1.0,1.0,3.3157798106688425e-05,2.69221328824832e-05,0.8547446016894852,-0.03658725258507467
PF,-7.5,7.5,1.0,1000000000000000.0,81,4,9.075066651282432e-14,-0.02471549724635341,3.7398896961029685e-05,0.0246875,8.574433078716658e-09,0.02472489032252795,0.024724890322527608,0.02472489032252796,-3.434752482434078e-16,6.938893903907228e-18,4.696538087187354e-06,-0.02472019378444042,-0.02472019378444077,4.696538087187373e-06,-4.9953259805267055e-06,5.7453538426007295e-06,1.2038980923279041e-15,1.0664087675904e-21,2.472019378444077e-10,1.2038980923279041e-15,True,4.870099736376881e-14,869935.6426625752,869897.986844027,869897.986844027,870007.517260861,871594.5067028628,0.5000000000000012,2.9436474328798756e-05,0.9999705635256712,0.500000000000003,294408596230326.44,294408596230325.1,-1.8410304571836456e-24,1.5168294032254652e-10,-2.0027207925e-24,8.998084417539305e-10,-3.9253327533e-24,-1.8399121758816765e-21,1.6948409569624073e-12,0.02471549724635341,0.02466752635177751,4.797089457590081e-05,2.471549724635341e-17,4.797089457590081e-20,3.739889696102969e-20,1.0,1.0,4.051801663822527e-05,3.288214978514029e-05,0.8446375035620108,-0.02795208739192323
PF,-7.75,7.75,1.0,1000000000000000.0,81,4,5.3502017785481654e-14,-0.02472808738035892,4.890948016678242e-05,0.0246875,7.73029254390147e-09,0.024736401749874237,0.024736401749874203,0.024736401749874255,-3.469446951953614e-17,1.734723475976807e-17,4.15718475765498e-06,-0.024732244565116548,-0.0247322445651166,4.157184757654747e-06,-6.126893967590223e-06,7.019104683587137e-06,9.679756995950584e-16,1.230471654912e-22,2.47322445651166e-10,9.679756995950584e-16,True,3.913820668587161e-14,894942.5635773814,894910.1101300983,894910.1101300983,895004.5100529813,896424.2599577261,0.500000000000001,3.0477960931562894e-05,0.9999695220390685,0.4999999999999996,262383157023586.53,262383157023581.56,-1.6653765850610512e-24,1.3911118014023204e-10,-7.9307743383e-24,7.993485063938997e-10,-9.8533862991e-24,-1.2987615359164776e-21,1.3296349989646717e-12,0.02472808738035892,0.024668900913015854,5.918646734306629e-05,2.472808738035892e-17,5.918646734306629e-20,4.8909480166782425e-20,1.0,1.0,4.950087963097308e-05,3.9799171747178765e-05,0.836354691420388,-0.027052149477697518
PF,-8.0,8.0,1.0,1000000000000000.0,81,4,7.018589675028267e-14,-0.02474300939005406,6.28769170101279e-05,0.0246875,6.9952734835001384e-09,0.024750369921736647,0.02475036992173643,0.024750369921736647,-2.1510571102112408e-16,0.0,3.680265841239532e-06,-0.02474668965589519,-0.024746689655895406,3.6802658412395407e-06,-7.5040172479982055e-06,8.561564399851421e-06,1.1310397063368782e-15,2.460943309824e-22,2.4746689655895406e-10,1.1310397063368782e-15,True,4.57046870536654e-14,919948.6765803265,919920.5441536726,919920.5441536726,920002.3765385557,921273.261639872,0.5000000000000008,3.189034214357906e-05,0.9999681096578565,0.5000000000000017,234020779000599.2,234020779000596.6,-1.4630411121097087e-24,1.2797542709030588e-10,-4.1656592484e-24,7.104296005425038e-10,-5.6877270507e-24,1.1544546985924245e-21,1.3358199713095751e-12,0.02474300939005406,0.02467013438972017,7.287500033388919e-05,2.4743009390054057e-17,7.287500033388919e-20,6.28769170101279e-20,1.0,1.0,6.033148875986266e-05,4.7582585507093146e-05,0.8278763428259857,-0.03244496403205477
PF,-8.25,8.25,1.0,1000000000000000.0,81,4,8.392122066123264e-14,-0.024760765620383405,7.978885475987962e-05,0.0246875,6.353587645661445e-09,0.024767282501172234,0.024767282501172334,0.024767282501172234,1.0061396160665481e-16,0.0,3.2584403944399783e-06,-0.024764024060777896,-0.024764024060777795,3.25844039443979e-06,-9.175365541143271e-06,1.0426724835046437e-05,1.141448047192739e-15,9.843773239295999e-21,2.4764024060777894e-10,1.141448047192739e-15,True,4.60929954029807e-14,944954.049722284,944929.4850084159,944929.4850084159,945000.9405479354,946139.5155328835,0.5000000000000006,3.365420519782193e-05,0.9999663457948021,0.4999999999999999,208895203983383.56,208895203983378.2,-1.0672640331499394e-24,1.182621554766498e-10,-8.491536160199999e-24,6.317064711238043e-10,-9.73322305155e-24,1.8759888852126896e-21,2.419860259918214e-12,0.024760765620383405,0.024671242774989083,8.952284539432212e-05,2.4760765620383406e-17,8.952284539432212e-20,7.978885475987962e-20,1.0,1.0,7.319976105300241e-05,5.6316336422580434e-05,0.8176657112559228,-0.03950498051093765
PF,-8.5,8.5,1.0,1000000000000000.0,81,4,8.536054483783938e-14,-0.024781907599506537,0.00010018389773627619,0.0246875,5.791964791163118e-09,0.02478767810577149,0.02478767810577122,0.024787678105771482,-2.706168622523819e-16,-6.938893903907228e-18,2.885253132408011e-06,-0.02478479285263881,-0.024784792852639074,2.885253132407855e-06,-1.119448986115941e-05,1.2678033185429798e-05,9.43689570931383e-16,3.6093835210752e-21,2.478479285263907e-10,9.43689570931383e-16,True,3.8075346303767854e-14,969958.7115671384,969937.0825550844,969937.0825550844,969999.99927217,971021.4805936631,0.5000000000000007,3.574782417640953e-05,0.9999642521758236,0.500000000000001,186630907758068.47,186630907758066.72,-1.1139568346002493e-24,1.1010844836916722e-10,-2.76375469365e-24,5.619940244446816e-10,-3.9253327533e-24,-2.2367559785228224e-21,3.186733329354332e-12,0.024781907599506537,0.024672240146800178,0.0001096674527063593,2.4781907599506536e-17,1.0966745270635931e-19,1.0018389773627618e-19,1.0,1.0,8.835497107797483e-05,6.639758904870185e-05,0.8056626546670157,-0.043647512410299516
PF,-8.75,8.75,1.0,1000000000000000.0,81,4,7.427363910133083e-14,-0.02480706571491569,0.00012468106873710414,0.0246875,5.299228631308286e-09,0.024812175769508473,0.024812175769508164,0.02481217576950849,-3.0878077872387166e-16,1.734723475976807e-17,2.5550272963177017e-06,-0.024809620742211845,-0.02480962074221217,2.5550272963175637e-06,-1.3623162950984576e-05,1.5390061716832274e-05,1.0269562977782698e-15,2.2968804225024e-21,2.4809620742212173e-10,1.0269562977782698e-15,True,4.1393470236768334e-14,994962.7006071568,994943.4838461145,994943.4838461145,994999.3841048226,995917.699377003,0.5000000000000004,3.8143424116314195e-05,0.9999618565758837,0.5000000000000001,166897140552472.88,166897140552471.75,-6.470288200971508e-25,1.0356362981606479e-10,-1.8425031290999998e-24,5.002484798254409e-10,-2.4833737827e-24,-1.3709149545785041e-21,2.1663502343171456e-12,0.02480706571491569,0.02467313891175187,0.00013392680316381966,2.480706571491569e-17,1.3392680316381965e-19,1.2468106873710414e-19,1.0,1.0,0.00010620347666852662,7.839190415897217e-05,0.7929964290913314,-0.04350939064173931
PF,-9.0,9.0,1.0,1000000000000000.0,81,4,5.0880439872409615e-14,-0.02483699176431164,0.00015402216508973512,0.0246875,4.865950681500261e-09,0.024841517299139054,0.024841517299138544,0.024841517299139058,-5.100087019371813e-16,3.469446951953614e-18,2.2627674135785887e-06,-0.024839254531724964,-0.024839254531725478,2.2627674135785998e-06,-1.653575538478989e-05,1.865041862731921e-05,9.679756995950584e-16,3.281257746432e-22,2.483925453172548e-10,9.679756995950584e-16,True,3.8969595418362063e-14,1019966.0880900541,1019948.8537862891,1019948.8537862891,1019998.9876087883,1020826.6182654757,0.5000000000000002,4.0802342047101234e-05,0.9999591976579528,0.5000000000000008,149402484407715.44,149402484407715.75,-4.624810810316404e-25,9.848227242815982e-11,5.2070740605e-25,4.455501363640118e-10,-8.01088317e-26,5.4115063996519895e-22,9.474724746564165e-13,0.02483699176431164,0.024673950015055696,0.00016304174925594467,2.483699176431164e-17,1.6304174925594468e-19,1.5402216508973512e-19,1.0,1.0,0.00012730624929930742,9.278852460375064e-05,0.7808199426237799,-0.04057079674359543
PF,-9.25,9.25,1.0,1000000000000000.0,81,4,6.304437341330993e-14,-0.0248725899097681,0.00018910253792110435,0.0246875,4.484161032209859e-09,0.024876598053760073,0.024876598053760173,0.024876598053760073,1.0061396160665481e-16,0.0,2.004071996011404e-06,-0.024874593981764163,-0.024874593981764063,2.004071996011288e-06,-2.0022172860359367e-05,2.256193598524658e-05,9.992007221626409e-16,1.9687546478592e-21,2.4874593981764163e-10,9.992007221626409e-16,True,4.016952891352381e-14,1044968.9644828772,1044953.3616644474,1044953.3616644474,1044998.749857463,1045746.6655242367,0.500000000000001,4.3669056417503764e-05,0.9999563309435825,0.5000000000000006,133889928479247.36,133889928479244.05,-1.3963371100378375e-24,9.459649485463498e-11,-5.32723730805e-24,3.970878008483065e-10,-6.8893595262e-24,7.576108959512785e-22,1.4751167333862824e-12,0.0248725899097681,0.024674683121982677,0.00019790678778542486,2.4872589909768102e-17,1.9790678778542488e-19,1.8910253792110435e-19,1.0,1.0,0.00015231919465703598,0.00010993704802360414,0.7696511896407716,-0.03686382579872871
PF,-9.5,9.5,1.0,1000000000000000.0,81,4,5.564256465422074e-14,-0.024914935356875386,0.00023098962071975974,0.0246875,4.1471084688702816e-09,0.024918485473611293,0.02491848547361157,0.024918485473611286,2.7755575615628914e-16,-6.938893903907228e-18,1.7750583680217155e-06,-0.02491671041524355,-0.024916710415243265,1.7750583680217109e-06,-2.418953270946022e-05,2.7246318209162626e-05,1.0234868508263162e-15,9.1875216900096e-21,2.491671041524355e-10,1.0234868508263162e-15,True,4.1076323229256105e-14,1069971.4180677042,1069957.1609730718,1069957.1609730718,1069998.6347007381,1070676.3872462402,0.5000000000000007,4.666433205350432e-05,0.9999533356679463,0.500000000000001,120132599768489.44,120132599768485.55,-1.198448570557953e-24,9.162620475092506e-11,-6.1082984171249996e-24,3.541453104274682e-10,-7.189767645074999e-24,7.936876052822918e-22,1.6976313547652236e-12,0.024914935356875386,0.024675346775094108,0.00023958858178127831,2.4914935356875385e-17,2.395885817812783e-19,2.3098962071975973e-19,1.0,1.0,0.00018196496469824442,0.0001301550716576831,0.759489301808052,-0.0335799489053199
PF,-9.75,9.75,1.0,1000000000000000.0,81,4,5.72286930951559e-14,-0.024965292410222967,0.00028094085703901623,0.0246875,3.8490643628720115e-09,0.024968437007974655,0.0249684370079742,0.024968437007974645,-4.544975507059235e-16,-1.0408340855860843e-17,1.5722988757286194e-06,-0.024966864709098473,-0.024966864709098917,1.5722988757285369e-06,-2.9163874298344126e-05,3.284443064215265e-05,9.922618282587337e-16,1.9687546478592e-21,2.4966864709098917e-10,9.922618282587337e-16,True,3.97431491627026e-14,1094973.5237080634,1094960.3798811154,1094960.3798811154,1094998.6152796152,1095614.5144047725,0.5000000000000006,4.967830852003631e-05,0.9999503216914799,0.5000000000000003,107930123725265.47,107930123725265.42,-8.360234926341193e-25,8.933804683686701e-11,-4.005441585e-26,3.160900480676086e-10,-9.613059804e-25,-3.896284607749432e-21,9.04078431787817e-12,0.024965292410222967,0.024675948530827586,0.00028934387939538037,2.4965292410222966e-17,2.8934387939538036e-19,2.809408570390162e-19,1.0,1.0,0.0002170475963898796,0.0001538325584977111,0.7501371615097829,-0.031045790183932942
PF,-10.0,10.0,1.0,1000000000000000.0,81,4,4.2801515608902797e-14,-0.0250251386664708,0.0003404277839200849,0.0246875,3.5851628176872193e-09,0.025027924198757268,0.02502792419875764,0.02502792419875727,3.712308238590367e-16,3.469446951953614e-18,1.3927661433274383e-06,-0.02502653143261431,-0.025026531432613942,1.3927661433274336e-06,-3.509256029951277e-05,3.952060721717825e-05,9.957312752106873e-16,7.8750185914368e-21,2.502653143261431e-10,9.957312752106873e-16,True,3.978702673567704e-14,1119975.3411223334,1119963.1213093114,1119963.1213093114,1119998.6688647245,1120559.96503301,0.5000000000000003,5.2565295672828807e-05,0.9999474347043271,0.5000000000000006,97105492107487.69,97105492107484.39,-7.270736225833963e-25,8.755659700551899e-11,-5.227101268425e-24,2.823630527087406e-10,-5.80789029825e-24,-9.379944426063448e-22,2.3609976560839893e-12,0.0250251386664708,0.024676495078429946,0.00034864358804085477,2.50251386664708e-17,3.4864358804085476e-19,3.404277839200849e-19,1.0,1.0,0.0002584816694296678,0.00018146723458257986,0.7413922937236935,-0.02916756122937636
PF,-10.25,10.25,1.0,1000000000000000.0,81,4,5.6812340432456964e-14,-0.025096196392419542,0.00041116731457192037,0.0246875,3.3512697335008786e-09,0.025098663963302188,0.025098663963302677,0.025098663963302185,4.891920202254596e-16,-3.469446951953614e-18,1.233785441445274e-06,-0.025097430177861233,-0.02509743017786074,1.2337854414451986e-06,-4.214742608966888e-05,4.746758256895348e-05,1.1032841307212493e-15,2.3625055774310398e-20,2.509743017786123e-10,1.1032841307212493e-15,True,4.396004383327144e-14,1144976.9172002792,1144965.466942491,1144965.466942491,1144998.775939314,1145511.819328497,0.5000000000000002,5.514319020008337e-05,0.9999448568097998,0.5000000000000003,87502332317014.53,87502332317011.12,-5.336320165749697e-25,8.615507491405116e-11,-5.427373347675e-24,2.5247038972297296e-10,-5.9480807537249995e-24,2.0202957225367427e-21,5.581345282500269e-12,0.025096196392419542,0.024676992343727146,0.00041920404869239675,2.5096196392419544e-17,4.1920404869239674e-19,4.111673145719204e-19,1.0,1.0,0.0003073203834234107,0.00021366409368640815,0.7331045212516925,-0.027752281759651054
PF,-10.5,10.5,1.0,1000000000000000.0,81,4,6.653862980985584e-14,-0.025180470507689897,0.0004951596374401201,0.0246875,3.1438749978374225e-09,0.025182656493565124,0.025182656493565117,0.025182656493565117,-6.938893903907228e-18,-6.938893903907228e-18,1.092992937611636e-06,-0.025181563500627505,-0.025181563500627505,1.092992937611636e-06,-5.0528593223486143e-05,5.6910218935344215e-05,9.71445146547012e-16,5.2500123942912e-20,2.5181563500627505e-10,9.71445146547012e-16,True,3.857763424907291e-14,1169978.2889946296,1169967.4817214003,1169967.4817214003,1169998.9203295119,1170469.291000544,0.5000000000000002,5.720129646095553e-05,0.999942798703539,0.5000000000000004,78982510364518.9,78982510364517.34,-4.891626818603889e-25,8.504238247466502e-11,-2.5034009906249998e-24,2.2597556978564307e-10,-2.9640267728999998e-24,2.1646025598607956e-22,6.550630732269666e-13,0.025180470507689897,0.024677445579821492,0.0005030249278684049,2.51804705076899e-17,5.030249278684049e-19,4.951596374401201e-19,1.0,1.0,0.0003647811817579826,0.0002511321012370106,0.7251751584235844,-0.026635161185852463
PF,-10.75,10.75,1.0,1000000000000000.0,81,4,6.419238611835698e-14,-0.02528029289423026,0.0005947324522453213,0.0246875,2.960003483246019e-09,0.02528222949224184,0.025282229492241567,0.025282229492241834,-2.740863092043355e-16,-6.938893903907228e-18,9.682990057192409e-07,-0.025281261193235847,-0.025281261193236114,9.68299005719188e-07,-6.0468911289501384e-05,6.811051446714892e-05,9.853229343548264e-16,2.88750681686016e-20,2.5281261193236114e-10,9.853229343548264e-16,True,3.897443750228905e-14,1194979.4862127525,1194969.2176127124,1194969.2176127124,1194999.089257566,1195431.702933206,0.5000000000000001,5.851994250249696e-05,0.9999414800574974,0.5000000000000002,71424022171109.1,71424022171108.56,-4.1356481284560156e-25,8.415235734293286e-11,-8.311291288875e-25,2.024928748398812e-10,-1.3017685151249999e-24,-4.329205119721591e-22,1.3916033835817201e-12,0.02528029289423026,0.02467785944648471,0.0006024334477455484,2.5280292894230258e-17,6.024334477455485e-19,5.947324522453214e-19,1.0,1.0,0.0004322713479003506,0.00029468792227495114,0.7175420779141903,-0.025704015901146904
PF,-11.0,11.0,1.0,1000000000000000.0,81,4,6.69198802629173e-14,-0.02539837331493035,0.0007125918239843938,0.0246875,2.7971415903842113e-09,0.025400089026842803,0.02540008902684325,0.0254000890268428,4.475586568020162e-16,-3.469446951953614e-18,8.578559563363341e-07,-0.025399231170886914,-0.025399231170886463,8.578559563362822e-07,-7.223905592245387e-05,8.137320970395934e-05,1.0685896612017132e-15,5.2500123942912e-21,2.5399231170886914e-10,1.0685896612017132e-15,True,4.207173256592708e-14,1219980.5330400434,1219970.7164950306,1219970.7164950306,1219999.2731378658,1220398.4682392168,0.5000000000000002,5.890245293769997e-05,0.9999410975470623,0.5000000000000002,64719138180093.9,64719138180091.62,-2.7570987523040102e-25,8.343611834456078e-11,-3.6349382383875e-24,1.8168148127776444e-10,-3.785142297825e-24,1.948142303874716e-21,6.772192447524908e-12,0.02539837331493035,0.02467823807973823,0.0007201352351921195,2.5398373314930352e-17,7.201352351921194e-19,7.1259182398439375e-19,1.0,1.0,0.0005114156154951322,0.00034526603465179564,0.7101660778460527,-0.0248897516434195
PF,-11.25,11.25,1.0,1000000000000000.0,81,4,7.210151516609703e-14,-0.02553785761649006,0.0008518803289575826,0.0246875,2.6531768164350634e-09,0.025539377675780767,0.025539377675780586,0.025539377675780777,-1.8041124150158794e-16,1.0408340855860843e-17,7.600296453103456e-07,-0.025538617646135277,-0.025538617646135468,7.600296453103464e-07,-8.61533518818514e-05,9.70523167188042e-05,1.2351231148954867e-15,2.3625055774310398e-20,2.5538617646135466e-10,1.2351231148954867e-15,True,4.8362958873084775e-14,1244981.4494238778,1244972.0123114006,1244972.0123114006,1244999.4652037192,1245369.0757237298,0.5000000000000002,5.82144706701852e-05,0.9999417855293298,0.5000000000000001,58772771445761.68,58772771445761.02,-3.0239147605914954e-25,8.285689557162184e-11,-1.021387604175e-24,1.6324028627042118e-10,-1.2717277032375e-24,-2.0924491411987693e-21,7.778766048920458e-12,0.02553785761649006,0.024678585152909,0.0008592724635810602,2.5537857616490062e-17,8.592724635810601e-19,8.518803289575826e-19,1.0,1.0,0.0006040870397243515,0.0004039331387758415,0.7030215273125233,-0.024151890582392976
PF,-11.5,11.5,1.0,1000000000000000.0,81,4,6.075884964364317e-14,-0.025702394138330597,0.0010162434136494855,0.0246875,2.5263483809282566e-09,0.025703740887301107,0.025703740887301027,0.02570374088730111,-7.979727989493313e-17,3.469446951953614e-18,6.73374485236312e-07,-0.02570306751281579,-0.025703067512815873,6.733744852363124e-07,-0.00010257641473878435,0.00011555857733439516,1.2455314557513475e-15,3.67500867600384e-20,2.570306751281587e-10,1.2455314557513475e-15,True,4.84584750489532e-14,1269982.251978611,1269973.1326754212,1269973.1326754212,1269999.6610744668,1270343.0785692262,0.5000000000000002,5.641930901338029e-05,0.9999435806909865,0.4999999999999998,53501042955090.016,53501042955089.27,-2.312405405158202e-25,8.238657547106364e-11,-1.1715916636125e-24,1.469033542271332e-10,-1.4719997824875e-24,-2.0924491411987693e-21,8.308082759722647e-12,0.025702394138330597,0.024678903930263497,0.0010234902080671002,2.5702394138330596e-17,1.0234902080671001e-18,1.0162434136494855e-18,1.0,1.0,0.0007124419350594017,0.0004719056159655033,0.6960906215261944,-0.02346728207266402
PF,-11.75,11.75,1.0,1000000000000000.0,81,4,6.767936486802217e-14,-0.025896209425746525,0.0012099050638370262,0.0246875,2.415207379547144e-09,0.02589740264862965,0.025897402648630056,0.025897402648629653,4.0592529337857286e-16,3.469446951953614e-18,5.966114416646207e-07,-0.025896806037188393,-0.02589680603718799,5.966114416645852e-07,-0.00012193072196071241,0.00013736797565209552,1.2490009027033011e-15,7.8750185914368e-21,2.5896806037188394e-10,1.2490009027033011e-15,True,4.822992074426892e-14,1294982.9546357074,1294974.1000819765,1294974.1000819765,1294999.858335813,1295320.0853171875,0.5,5.3595349695829135e-05,0.9999464046503043,0.5000000000000001,48830021008441.8,48830021008440.234,-2.401344074587364e-25,8.200336778485242e-11,-2.4533329708125e-24,1.3243590992643176e-10,-2.6536050500625e-24,2.886136746481061e-22,1.2314900404524823e-12,0.025896209425746525,0.024679197314174187,0.0012170121115723381,2.5896209425746526e-17,1.217012111572338e-18,1.2099050638370262e-18,1.0,1.0,0.0008389595185571237,0.000550569581390041,0.6893600405284518,-0.0228227690259738
PF,-12.0,12.0,1.0,1000000000000000.0,81,4,8.062300794382711e-14,-0.026124194500590517,0.00143775403647058,0.0246875,2.318585302736138e-09,0.026125251717885278,0.026125251717885017,0.026125251717885274,-2.6020852139652106e-16,-3.469446951953614e-18,5.286086473159175e-07,-0.0261247231092377,-0.026124723109237958,5.286086473158885e-07,-0.0001447052393572013,0.00016303175166999258,1.4883927423881005e-15,7.8750185914368e-21,2.612472310923796e-10,1.4883927423881005e-15,True,5.697257483512965e-14,1319983.5691228276,1319974.9328309488,1319974.9328309488,1320000.0561703176,1320299.7525099108,0.5000000000000002,4.9926291732793816e-05,0.9999500737082673,0.5000000000000002,44694614271293.984,44694614271295.41,-2.5347520787311064e-25,8.169019740001161e-11,2.263074495525e-24,1.1963081359058612e-10,2.0027207925e-24,-3.679824351763353e-21,1.650175419359212e-11,0.026124194500590517,0.02467946788664638,0.0014447266139441355,2.6124194500590517e-17,1.4447266139441354e-18,1.43775403647058e-18,1.0,1.0,0.0009864868735881978,0.000641503520024493,0.6828190635286124,-0.022210792597408158
PF,-12.25,12.25,1.0,1000000000000000.0,81,4,6.071016719938378e-14,-0.026392003100841995,0.001705442065039491,0.0246875,2.235570074898594e-09,0.026392939829469417,0.02639293982946863,0.026392939829469428,-7.875644580934704e-16,1.0408340855860843e-17,4.6836431351720744e-07,-0.026392471465155113,-0.02639247146515591,4.683643135172101e-07,-0.0001714652444324019,0.00019318714591941202,1.3739009929736312e-15,9.450022309724159e-20,2.6392471465155913e-10,1.3739009929736312e-15,True,5.205654933784789e-14,1344984.105325944,1344975.6457392753,1344975.6457392753,1345000.2550516943,1345281.7785687472,0.5,4.5666167684840974e-05,0.9999543338323152,0.5000000000000001,41037600632569.97,41037600632571.96,-1.1339680352218106e-25,8.143356864799162e-11,3.144271644225e-24,1.0830546109565227e-10,3.0441356046e-24,-8.658410239443182e-22,4.112310517703142e-12,0.026392003100841995,0.024679717945916026,0.0017122851549259688,2.6392003100841996e-17,1.7122851549259687e-18,1.7054420650394911e-18,1.0,1.0,0.0011582898898387468,0.0007465037081779364,0.676458524741941,-0.02162686619068932
PF,-12.5,12.5,1.0,1000000000000000.0,81,4,6.706717739185653e-14,-0.026706163472868763,0.002019495621675089,0.0246875,2.1654890595922364e-09,0.02670699345618603,0.026706993456186084,0.026706993456186035,5.204170427930421e-17,3.469446951953614e-18,4.1499165864707374e-07,-0.026706578464527436,-0.026706578464527387,4.149916586470499e-07,-0.00020286350528068176,0.00022856894841536532,1.106753577673203e-15,1.3125030985728e-19,2.670657846452744e-10,1.106753577673203e-15,True,4.144123438138022e-14,1369984.5715690746,1369976.2506937284,1369976.2506937284,1370000.456503406,1370265.8986254192,0.5000000000000002,4.1091781436684956e-05,0.9999589082185633,0.5000000000000001,37808776263342.34,37808776263343.06,-1.2673760393655532e-25,8.122274347795457e-11,1.1565712576687499e-24,9.829905959547522e-11,1.021387604175e-24,-2.5253696531709286e-21,1.2577807064679022e-11,0.026706163472868763,0.024679949538737214,0.002026213934131549,2.6706163472868764e-17,2.026213934131549e-18,2.019495621675089e-18,1.0,1.0,0.0013581109065675268,0.0008676127261663478,0.6702702432799248,-0.02106816109626858
PF,-12.75,12.75,1.0,1000000000000000.0,81,4,6.61728709344597e-14,-0.027074205492453037,0.0023874430115698327,0.0246875,2.1078987512464277e-09,0.02707494090367108,0.027074940903670523,0.027074940903671085,-5.585809592645319e-16,3.469446951953614e-18,3.677056088826184e-07,-0.02707457319806164,-0.027074573198062203,3.6770560888261977e-07,-0.0002396529927716885,0.00027002571147364857,1.457167719820518e-15,3.15000743657472e-20,2.70745731980622e-10,1.457167719820518e-15,True,5.38205241190953e-14,1394984.9748340226,1394976.7570813557,1394976.7570813557,1395000.662916189,1395251.8801110645,0.5000000000000001,3.645871541204197e-05,0.999963541284588,0.5000000000000001,34964211271210.57,34964211271211.824,-5.1139734921767934e-26,8.104913325408621e-11,1.982693584575e-24,8.947023511068848e-11,1.9226119608e-24,9.379944426063448e-22,4.8833516108375785e-12,0.027074205492453037,0.02468016448889764,0.0023940410035553986,2.707420549245304e-17,2.3940410035553986e-18,2.3874430115698326e-18,1.0,1.0,0.0015902338723078058,0.00100715142323365,0.6642467150504707,-0.020532732119373787
PF,-13.0,13.0,1.0,1000000000000000.0,81,4,8.196856337807101e-14,-0.027504805105676596,0.0028179587903720297,0.0246875,2.06258114824317e-09,0.027505456727790884,0.027505456727792102,0.027505456727790874,1.2177758801357186e-15,-1.0408340855860843e-17,3.258110574466017e-07,-0.027505130916734656,-0.027505130916733428,3.258110574466363e-07,-0.00028270132519340346,0.000318535165051269,2.067790383364354e-15,4.20000991543296e-20,2.7505130916734654e-10,2.067790383364354e-15,True,7.517835089111574e-14,1419985.3209349385,1419977.1721244084,1419977.1721244084,1420000.8774166717,1420239.5189650962,0.5000000000000001,3.197223990319649e-05,0.9999680277600967,0.5000000000000001,32465600109912.766,32465600109912.336,-1.4674880455811668e-25,8.090583981459885e-11,-6.909386734125e-25,8.169493415262559e-11,-7.9608151501875e-25,6.277347423596308e-21,3.418784737320012e-11,0.027504805105676596,0.024680364422399608,0.002824440683276988,2.7504805105676597e-17,2.8244406832769882e-18,2.8179587903720296e-18,1.0,1.0,0.0018595579298171924,0.001167754738555877,0.6583809462975465,-0.020019103713897146
PF,-13.25,13.25,1.0,1000000000000000.0,81,4,1.2309345535895042e-13,-0.028007948320909668,0.0033210277354472446,0.0246875,2.0295470895013655e-09,0.028008525705900157,0.028008525705900754,0.028008525705900154,5.967448757360216e-16,-3.469446951953614e-18,2.8869249539228645e-07,-0.028008237013405362,-0.028008237013404762,2.886924953923183e-07,-0.0003330071684982705,0.0003752227071601059,1.942890293094024e-15,1.470003470401536e-19,2.800823701340536e-10,1.942890293094024e-15,True,6.936853227013587e-14,1444985.6146578034,1444977.5011388937,1444977.5011388937,1445001.103779454,1445228.6363615138,0.5000000000000001,2.7776034058977514e-05,0.999972223965941,0.5000000000000001,30279696455832.113,30279696455832.266,-4.446933471458081e-26,8.078730362777437e-11,2.20299287175e-25,7.486458629561198e-11,1.6522446538125e-25,2.3810628158468755e-21,1.3481766128903841e-11,0.028007948320909668,0.024680550789743606,0.003327397531166062,2.8007948320909665e-17,3.327397531166062e-18,3.3210277354472445e-18,1.0,1.0,0.0021716804410249705,0.001352411825165484,0.6526663618290061,-0.019526055039995827
PF,-13.5,13.5,1.0,1000000000000000.0,81,4,8.048430582321311e-14,-0.028595117251196147,0.003908130869944001,0.0246875,2.009047151566099e-09,0.028595628860896852,0.028595628860896487,0.02859562886089686,-3.642919299551295e-16,6.938893903907228e-18,2.5580485026293016e-07,-0.028595373056046224,-0.028595373056046595,2.558048502629598e-07,-0.0003917188420878693,0.00044138237846030914,1.970645868709653e-15,7.35001735200768e-20,2.8595373056046594e-10,1.970645868709653e-15,True,6.891485083433638e-14,1469985.8598718934,1469977.7477315941,1469977.7477315941,1470001.346375356,1470219.0758752432,0.5,2.395503539853113e-05,0.9999760449646015,0.5,28377823628992.332,28377823628993.043,-8.004480248624546e-26,8.06890307311633e-11,1.12653044578125e-24,6.888449886074638e-11,1.0914828319125e-24,2.453216234508902e-21,1.4383233340407028e-11,0.028595117251196147,0.024680724885630875,0.003914392365565272,2.8595117251196145e-17,3.9143923655652715e-18,3.908130869944e-18,1.0,1.0,0.002532990583890055,0.001564510972834764,0.6470967515092906,-0.0190525115111555
PF,-13.75,13.75,1.0,1000000000000000.0,81,4,7.732960277132879e-14,-0.02927950100518743,0.00459245633755623,0.0246875,2.001591061961981e-09,0.02927995433596517,0.029279954335966495,0.02927995433596517,1.3253287356462806e-15,0.0,2.266653892021793e-07,-0.029279727670577294,-0.029279727670575968,2.266653892022034e-07,-0.0004601554099708593,0.0005185006374235325,2.3973878437999474e-15,4.20000991543296e-20,2.9279727670577295e-10,2.3973878437999474e-15,True,8.187876167335539e-14,1494986.0596183322,1494977.9139461443,1494977.9139461443,1495001.610150112,1495210.701027134,0.5,2.054623060487171e-05,0.9999794537693951,0.5000000000000001,26735452840205.7,26735452840205.383,1.5564267150103285e-26,8.060737887747368e-11,-5.00680198125e-25,6.367245860637225e-11,-4.906665941625e-25,4.545665375707672e-21,2.7518048023810542e-11,0.02927950100518743,0.024680887866400682,0.004598613138786747,2.927950100518743e-17,4.5986131387867474e-18,4.5924563375562306e-18,1.0,1.0,0.002950774783097486,0.00180788987995582,0.6416662358938915,-0.01859749135312594
PF,-14.0,14.0,1.0,1000000000000000.0,81,4,9.070935133927215e-14,-0.030076234558046956,0.005389138259144772,0.0246875,2.0079770058800397e-09,0.030076636251167767,0.030076636251168912,0.030076636251167754,1.1449174941446927e-15,-1.3877787807814457e-17,2.0084656069006953e-07,-0.030076435404608224,-0.030076435404607065,2.008465606900911e-07,-0.0005398305704647171,0.0006082832898954767,2.203098814490545e-15,1.8900044619448318e-19,3.0076435404608225e-10,2.203098814490545e-15,True,7.32499973767833e-14,1519986.2161794668,1519978.0003666454,1519978.0003666454,1520001.9006285146,1520203.3931581469,0.4999999999999999,1.7551915412257114e-05,0.9999824480845878,0.5,25331842610910.438,25331842610910.293,-7.559786901478739e-26,8.053938892534205e-11,-2.3031289113749997e-25,5.915751860516264e-11,-2.8038091095e-25,6.133040586272255e-21,3.816701260309194e-11,0.030076234558046956,0.024681040765474657,0.005395193792572299,3.007623455804696e-17,5.395193792572299e-18,5.3891382591447725e-18,1.0,1.0,0.0034333353812845725,0.0020868918833862726,0.6363692414554845,-0.01816007962474947
PF,-14.25,14.25,1.0,1000000000000000.0,81,4,8.076819302096175e-14,-0.031002669104960672,0.006315527073621984,0.0246875,2.0293327092400286e-09,0.031003025044289277,0.031003025044289687,0.03100302504428928,4.0939474033052647e-16,3.469446951953614e-18,1.779696644057306e-07,-0.03100284707462528,-0.031002847074624876,1.7796966440573023e-07,-0.0006324796947432697,0.0007126859687027194,1.960237527853792e-15,1.680003966173184e-19,3.100284707462528e-10,1.960237527853792e-15,True,6.322766174136879e-14,1544986.3311318958,1544978.0061847563,1544978.0061847563,1545002.223940557,1545197.0495918915,0.5000000000000001,1.4951971516260489e-05,0.9999850480284839,0.5000000000000001,24149733657301.02,24149733657301.223,-3.779893450739369e-26,8.048265123017609e-11,3.104217228375e-25,5.52789513860245e-11,2.3031289113749997e-25,-3.6076709331013267e-22,2.3008175101805695e-12,0.031002669104960672,0.02468118450703086,0.006321484597929812,3.100266910496067e-17,6.321484597929812e-18,6.315527073621984e-18,1.0,1.0,0.003990124116715312,0.0024064288185309604,0.6312004806627253,-0.017739415497492583
PF,-14.5,14.5,1.0,1000000000000000.0,81,4,1.0758660104231923e-13,-0.03207867781298492,0.007391495278659274,0.0246875,2.0671707983451795e-09,0.03207899321148848,0.03207899321148971,0.032078993211488493,1.2281842209915794e-15,1.3877787807814457e-17,1.5769925208543426e-07,-0.03207883551223762,-0.032078835512236406,1.5769925208545128e-07,-0.0007400904058521433,0.0008339486055676563,2.6506574712925612e-15,3.360007932346368e-19,3.207883551223762e-10,2.6506574712925612e-15,True,8.262947918671715e-14,1569986.4053852668,1569977.9292350975,1569977.9292350975,1570002.5868666216,1570191.5820513535,0.5,1.2713628207245011e-05,0.9999872863717927,0.5,23175094372918.164,23175094372918.125,3.557546777166465e-26,8.043519934526035e-11,-8.2612232690625e-26,5.198535198470407e-11,-5.507482179375e-26,5.2671995623279364e-21,3.4254528862385886e-11,0.03207867781298492,0.02468131991812886,0.007397357894856061,3.207867781298492e-17,7.39735789485606e-18,7.391495278659274e-18,1.0,1.0,0.004631892149495387,0.0027720512513403107,0.6261549346850298,-0.017334685818600704
PF,-14.75,14.75,1.0,1000000000000000.0,81,4,1.362367031315648e-13,-0.03332700134635376,0.008639782946163433,0.0246875,2.123461697086511e-09,0.033327280822701734,0.03332728082270147,0.033327280822701734,-2.636779683484747e-16,0.0,1.3973817392017405e-07,-0.03332714108452755,-0.03332714108452781,1.397381739201742e-07,-0.0008649371357559426,0.0009746343895000388,2.42861286636753e-15,2.730006445031424e-19,3.3327141084527814e-10,2.42861286636753e-15,True,7.287192322341198e-14,1594986.439208457,1594977.7660024546,1594977.7660024546,1595002.9969001422,1595186.9153011185,0.5000000000000002,1.079844729507686e-05,0.9999892015527049,0.5,22396912799004.977,22396912799005.336,-2.2234667357290405e-26,8.039542516623941e-11,5.63265222890625e-25,4.9233876826791523e-11,5.557550199187499e-25,1.6595286292266101e-21,1.0967259104385766e-11,0.03332700134635376,0.02468144773944286,0.0086455536069109,3.332700134635376e-17,8.6455536069109e-18,8.639782946163432e-18,1.0,1.0,0.005370858572586193,0.0031900269002274953,0.6212278376589961,-0.016945121602785773
PF,-15.0,15.0,1.0,1000000000000000.0,81,4,1.0071601566954962e-13,-0.03477363805072156,0.010086387897840365,0.0246875,2.2007282667127115e-09,0.0347738856971121,0.034773885697112025,0.03477388569711209,-7.632783294297951e-17,-1.3877787807814457e-17,1.2382319524918317e-07,-0.03477376187391678,-0.03477376187391684,1.238231952491832e-07,-0.001009620149021312,0.0011376737635643134,3.372302437298913e-15,9.660022805495807e-19,3.4773761873916843e-10,3.372302437298913e-15,True,9.697836114269866e-14,1619986.4322443374,1619977.5116030183,1619977.5116030183,1620003.4623261103,1620182.9859907946,0.5,9.166901893880215e-06,0.9999908330981061,0.5,21807031652616.023,21807031652616.277,-3.779893450739369e-26,8.036201099264934e-11,3.93033955528125e-25,4.698960640107195e-11,3.67999945621875e-25,-5.4836598183140165e-21,3.67153749270772e-11,0.03477363805072156,0.024681568634786738,0.010092069415934823,3.477363805072156e-17,1.0092069415934824e-17,1.0086387897840365e-17,1.0,1.0,0.006220899557736893,0.003667428150096984,0.6164146619834416,-0.016569995818132732
PF,-15.25,15.25,1.0,1000000000000000.0,81,4,1.2046590625816528e-13,-0.03644828424836882,0.011761005992770706,0.0246875,2.3021675696233816e-09,0.03644850369060314,0.03644850369060352,0.03644850369060314,3.8163916471489756e-16,0.0,1.0972111725277644e-07,-0.036448393969486265,-0.03644839396948588,1.0972111725277629e-07,-0.0011771095784045432,0.00132641407607892,2.6229018956769323e-15,8.40001983086592e-19,3.644839396948627e-10,2.6229018956769323e-15,True,7.196207047895619e-14,1644986.3835140173,1644977.1597416715,1644977.1597416715,1645003.9923152763,1645179.741679074,0.5000000000000002,7.781122280405127e-06,0.9999922188777196,0.5000000000000001,21400023600166.23,21400023600166.355,-3.779893450739369e-26,8.033387498733907e-11,1.8024487132499998e-25,4.522502150509938e-11,1.8024487132499998e-25,4.329205119721591e-22,2.9229343300644808e-12,0.03644828424836882,0.024681683199567518,0.011766601048801305,3.6448284248368824e-17,1.1766601048801305e-17,1.1761005992770706e-17,1.0,1.0,0.007197760522922831,0.004212229652893466,0.6117111044277384,-0.016208621776078957
PF,-15.5,15.5,1.0,1000000000000000.0,81,4,9.589249903786202e-14,-0.038384830725034375,0.013697527607527035,0.0246875,2.431806608192314e-09,0.03838502517572043,0.038385025175721094,0.03838502517572042,6.661338147750939e-16,-6.938893903907228e-18,9.72253431908452e-08,-0.0383849279503779,-0.03838492795037723,9.722534319084498e-08,-0.0013707950804782217,0.0015446755735515816,3.066991105526995e-15,3.360007932346368e-19,3.83849279503779e-10,3.066991105526995e-15,True,7.990092125460927e-14,1669986.2914111747,1669976.7026459256,1669976.7026459256,1670004.59703349,1670177.1400215141,0.5,6.606361018843344e-06,0.9999933936389811,0.5,21173104528919.34,21173104528919.39,-4.446933471458081e-26,8.031012728214508e-11,8.136053219531249e-26,4.391958448918975e-11,8.2612232690625e-26,1.8759888852126896e-21,1.2734571547431643e-11,0.038384830725034375,0.024681791968265778,0.013703038756768596,3.838483072503437e-17,1.3703038756768597e-17,1.3697527607527035e-17,1.0,1.0,0.008319293967814424,0.004833417110587178,0.6071130729091109,-0.01586035174420819
PF,-15.75,15.75,1.0,1000000000000000.0,81,4,1.237325654457831e-13,-0.04062192218591027,0.015934597086287996,0.0246875,2.5947007275334217e-09,0.040622094491587275,0.040622094491587775,0.04062209449158726,4.996003610813204e-16,-1.3877787807814457e-17,8.615283862237796e-08,-0.040622008338749155,-0.04062200833874864,8.615283862237783e-08,-0.0015945417891304575,0.0017968145017246916,3.5388358909926865e-15,2.940006940803072e-19,4.0622008338749157e-10,3.5388358909926865e-15,True,8.711622186382663e-14,1694986.1536868776,1694976.13097748,1694976.13097748,1695005.2877667262,1695175.1481069836,0.5000000000000001,5.611622343854449e-06,0.9999943883776562,0.5000000000000001,21126083089589.523,21126083089589.473,1.1117333678645203e-26,8.02900345686063e-11,-7.63537302140625e-26,4.305941841637187e-11,-1.502040594375e-26,-1.515221791902557e-21,1.0297772441047277e-11,0.04062192218591027,0.024681895421097697,0.015940026764812574,4.062192218591027e-17,1.5940026764812573e-17,1.5934597086287995e-17,1.0,1.0,0.009605725910631968,0.005541108446736533,0.602616673883917,-0.015524575674824681
PF,-16.0,16.0,1.0,1000000000000000.0,81,4,9.045544693872359e-14,-0.043203587230488366,0.01851624271055393,0.0246875,2.797185670694063e-09,0.04320373991336826,0.04320373991336882,0.04320373991336827,5.620504062164855e-16,6.938893903907228e-18,7.63414400927958e-08,-0.04320366357192873,-0.043203663571928175,7.634144009279567e-08,-0.0018527533219930795,0.002087794168803766,3.5110803153770576e-15,2.940006940803072e-19,4.320366357192873e-10,3.5110803153770576e-15,True,8.126811536553018e-14,1719985.9674251012,1719975.4337207836,1719975.4337207836,1720006.0770623083,1720173.741931362,0.4999999999999999,4.76978028677819e-06,0.9999952302197131,0.5,21261345267702.67,21261345267702.773,1.1117333678645203e-26,8.027299146977488e-11,1.5646256191406249e-25,4.2637078417873325e-11,1.702312673625e-25,4.545665375707672e-21,3.080642285668777e-11,0.043203587230488366,0.024681993989906684,0.018521593240581682,4.3203587230488364e-17,1.852159324058168e-17,1.851624271055393e-17,1.0,1.0,0.011079954175277927,0.0063466886938976855,0.5982182003112576,-0.015200719976476429
PF,-16.25,16.25,1.0,1000000000000000.0,81,4,1.1840552948642838e-13,-0.04617994725082149,0.02149258559296378,0.0246875,3.0471971516250624e-09,0.04618008254576663,0.04618008254576476,0.04618008254576663,-1.8735013540549517e-15,0.0,6.764747210074089e-08,-0.046180014898292654,-0.04618001489829453,6.764747210074896e-08,-0.002150442680353691,0.0024232649221508215,3.8719027983802334e-15,3.7800089238896637e-19,4.618001489829453e-10,3.8719027983802334e-15,True,8.384368881013996e-14,1744985.7290089752,1744974.598048799,1744974.598048799,1745006.978887389,1745172.9059984018,0.5000000000000001,4.057406704612128e-06,0.9999959425932954,0.5,21583873196583.242,21583873196583.484,1.5564267150103285e-26,8.025849734516823e-11,3.93033955528125e-25,4.265141077710347e-11,3.905305545375e-25,-6.6381145169064405e-21,4.468678905467708e-11,0.04617994725082149,0.02468208806341144,0.021497859187410047,4.6179947250821485e-17,2.1497859187410046e-17,2.149258559296378e-17,1.0,1.0,0.012767882124435984,0.007262960054042665,0.5939141201517095,-0.01488824637384889
PF,-16.5,16.5,1.0,1000000000000000.0,81,4,8.91196791126596e-14,-0.04960801360357197,0.024920636845520712,0.0246875,3.3546754088296973e-09,0.04960813349084531,0.04960813349084598,0.04960813349084534,6.730727086790012e-16,3.469446951953614e-17,5.994363684285919e-08,-0.049608073547209135,-0.049608073547208496,5.994363684285909e-08,-0.002493311977697451,0.002809654097408458,4.447830992404533e-15,8.820020822409216e-19,4.960807354720914e-10,4.447830992404533e-15,True,8.965941779964081e-14,1769985.4340776461,1769973.6091645095,1769973.6091645095,1770008.008805796,1770172.6330396803,0.4999999999999999,3.454452189388933e-06,0.9999965455478105,0.5,22101297857097.53,22101297857097.574,6.225706860041314e-26,8.02461374592708e-11,7.510202971874999e-26,4.310749643824899e-11,1.27673450521875e-25,5.050739306341857e-21,3.363010808540305e-11,0.04960801360357197,0.024682177991857426,0.024925835611714544,4.960801360357197e-17,2.4925835611714544e-17,2.492063684552071e-17,1.0,1.0,0.014698791815227194,0.008304308731600499,0.5897010653604373,-0.01458665085552352
PF,-16.75,16.75,1.0,1000000000000000.0,81,4,1.2986082821138995e-13,-0.05355258345172222,0.028865193418090653,0.0246875,3.732076698190639e-09,0.05355268968601396,0.053552689686011935,0.053552689686013955,-2.0261570199409107e-15,-6.938893903907228e-18,5.311714536416282e-08,-0.05355263656886657,-0.05355263656886859,5.311714536416308e-08,-0.0028878420365914563,0.003254267118234587,4.836409051023338e-15,5.040011898519552e-19,5.355263656886859e-10,4.836409051023338e-15,True,9.031131538787497e-14,1794985.077473504,1794972.4501174416,1794972.4501174416,1795009.1841749512,1795172.9238480995,0.5,2.94386792904858e-06,0.999997056132071,0.5,22823985724265.844,22823985724266.16,-6.670400207187121e-26,8.023556766249198e-11,4.906665941625e-25,4.401667672488649e-11,4.506121783125e-25,-2.0924491411987693e-21,1.3727760424485164e-11,0.05355258345172222,0.024682264091154774,0.02887031936056745,5.3552583451722225e-17,2.887031936056745e-17,2.8865193418090654e-17,1.0,1.0,0.016905760971668765,0.009486890289677558,0.5855758213315615,-0.014295462803440406
PF,-17.0,17.0,1.0,1000000000000000.0,81,4,1.3240649906511318e-13,-0.05808724582670986,0.03339984415785451,0.0246875,4.195019296823371e-09,0.058087339962835216,0.058087339962834,0.05808733996283526,-1.214306433183765e-15,4.163336342344337e-17,4.70680623820376e-08,-0.05808729289477162,-0.05808729289477287,4.7068062382043095e-08,-0.0033413930091187407,0.003765401056709949,4.9404924595819466e-15,5.040011898519552e-19,5.808729289477288e-10,4.9404924595819466e-15,True,8.505289562265914e-14,1819984.6531793787,1819971.101593467,1819971.101593467,1820010.524364583,1820173.7872194985,0.4999999999999999,2.511219968967793e-06,0.9999974887800311,0.5,23765159823712.473,23765159823712.543,-2.4458134093019445e-26,8.022650190558957e-11,1.2704760027421874e-25,4.539666008407487e-11,1.12653044578125e-25,3.174750421129167e-21,2.0425322202033774e-11,0.05808724582670986,0.02468234664655062,0.033404899180159243,5.808724582670986e-17,3.340489918015924e-17,3.339984415785451e-17,1.0,1.0,0.019426128624959474,0.010828835443555507,0.5815353167267625,-0.014014244336147619
PF,-17.25,17.25,1.0,1000000000000000.0,81,4,1.4322542999921802e-13,-0.06329551073586091,0.03860809891463982,0.0246875,4.763098592117422e-09,0.06329559415154122,0.06329559415154169,0.0632955941515412,4.718447854656915e-16,-1.3877787807814457e-17,4.1707840262580625e-08,-0.06329555244370143,-0.06329555244370094,4.1707840262580585e-08,-0.003862317303507156,0.004352472110270569,5.4817261840867104e-15,9.240021813952512e-19,6.329555244370143e-10,5.4817261840867104e-15,True,8.66052348458837e-14,1844984.1542451929,1844969.5416759795,1844969.5416759795,1845012.0509993015,1845175.2400002307,0.5000000000000001,2.14432386806174e-06,0.9999978556761319,0.5,24941056056309.76,24941056056309.805,-5.1139734921767934e-26,8.021870204455258e-11,6.446257550859375e-26,4.7271709655280816e-11,5.00680198125e-27,-2.886136746481061e-22,1.8136188472361602e-12,0.06329551073586091,0.024682425915899617,0.0386130848199613,6.329551073586091e-17,3.86130848199613e-17,3.860809891463982e-17,1.0,1.0,0.022302014771201265,0.012350478382252547,0.5775766136061754,-0.013742589807755057
PF,-17.5,17.5,1.0,1000000000000000.0,81,4,1.0214742246767984e-13,-0.06927207554455324,0.044584654921507365,0.0246875,5.46091455663396e-09,0.06927214946059282,0.06927214946059548,0.06927214946059283,2.6645352591003757e-15,1.3877787807814457e-17,3.6958020461829394e-08,-0.06927211250257502,-0.06927211250257237,3.6958020461833424e-08,-0.004460086240058359,0.00502615861203543,5.745404152435185e-15,5.040011898519552e-19,6.927211250257502e-10,5.745404152435185e-15,True,8.293964114666799e-14,1869983.572703437,1869967.745576382,1869967.745576382,1870013.7882273823,1870177.3072383134,0.5,1.832913262717902e-06,0.9999981670867373,0.49999999999999983,26371116041633.992,26371116041633.95,-1.5564267150103285e-26,8.021196950068696e-11,-7.072107798515625e-26,4.967291241307262e-11,-6.7591826746875e-26,6.133040586272255e-21,3.7475136351970106e-11,0.06927207554455324,0.024682502132566352,0.04458957341198688,6.927207554455323e-17,4.458957341198688e-17,4.458465492150737e-17,1.0,1.0,0.02558089994601223,0.014074609840041274,0.5736968979195346,-0.013480126831945605
PF,-17.75,17.75,1.0,1000000000000000.0,81,3,8.831205945417533e-13,-0.0761242444095992,0.05143681622587385,0.0246875,6.319365773338427e-09,0.07612430990650808,0.07612430990776571,0.07612430990776568,1.2576328867197617e-12,1.257605131144146e-12,3.274908324650522e-08,-0.07612427715868246,-0.07612427715868243,3.274908324650522e-08,-0.005145432014089081,0.005798561369053145,4.952843690730901e-13,1.0080023797039103e-18,7.612427715868246e-10,1.2576328867197617e-12,True,1.6520785926127123e-11,1894982.899472692,1894965.6853312575,1894965.6853312575,1895015.7630184777,1895180.0224381587,0.5000000000000001,1.5683472541334322e-06,0.9999984316527459,0.5,28078218124114.465,28078218124114.516,2.2234667357290406e-27,8.020613842626249e-11,7.572787996640625e-26,5.263853155896099e-11,1.7523806934375e-25,1.3709149545785041e-21,8.108294514037083e-12,0.0761242444095992,0.024682575508014483,0.05144166890158471,7.61242444095992e-17,5.144166890158471e-17,5.143681622587385e-17,1.0,1.0,0.029316271165585855,0.01602675749949506,0.5698934694687313,-0.013226514642215081
PF,-18.0,18.0,1.0,1000000000000000.0,81,4,1.2857742075886342e-13,-0.08397351822920905,0.05928608364534413,0.0246875,7.377277684637729e-09,0.08397357626806644,0.08397357626806648,0.0839735762680665,4.163336342344337e-17,5.551115123125783e-17,2.9019428718692485e-08,-0.08397354724863776,-0.08397354724863777,2.901942871869248e-08,-0.00593050671350367,0.006683383318745135,6.328271240363392e-15,2.3520055526424576e-18,8.397354724863778e-10,6.328271240363392e-15,True,7.536029437491757e-14,1919982.1242483163,1919963.3294632577,1919963.3294632577,1920018.0054930202,1920183.4279195252,0.5000000000000002,1.3433566751082353e-06,0.9999986566433248,0.5,30088948580208.49,30088948580208.55,-5.781013512895505e-26,8.020107009424705e-11,1.0326529086328125e-25,5.621444474240287e-11,4.7564618821875e-26,4.3292051197215916e-21,2.4680010517859248e-11,0.08397351822920905,0.024682646234099322,0.059290871995109726,8.397351822920905e-17,5.929087199510973e-17,5.928608364534413e-17,1.0,1.0,0.03356834143282669,0.01823549612942235,0.5661637331897461,-0.012981448025225883
PF,-18.25,18.25,1.0,1000000000000000.0,81,4,1.3835608952442152e-13,-0.09295737447330776,0.06826993458570553,0.0246875,8.683449524148395e-09,0.092957425902256,0.09295742590225602,0.092957425902256,1.3877787807814457e-17,0.0,2.5714474122080417e-08,-0.0929574001877819,-0.09295740018778188,2.571447412208042e-08,-0.006829060324964775,0.0076961307091760805,1.0033640585049852e-14,5.0400118985195516e-18,9.29574001877819e-10,1.0033640585049852e-14,True,1.0793805081447029e-13,1944981.235379269,1944960.6426027445,1944960.6426027445,1945020.549286638,1945187.5752828023,0.5,1.1518267422544279e-06,0.9999988481732577,0.5000000000000001,32433915478564.59,32433915478564.867,1.5564267150103285e-26,8.019664828514057e-11,4.337142216257812e-25,6.04546716179046e-11,4.20571366425e-25,2.1646025598607956e-22,1.1816602002734328e-12,0.09295737447330776,0.024682714485121434,0.06827465998818633,9.295737447330776e-17,6.827465998818632e-17,6.826993458570553e-17,1.0,1.0,0.03840485049717088,0.020732790456843203,0.5625051886573457,-0.012744658378022244
PF,-18.5,18.5,1.0,1000000000000000.0,81,4,1.2319246365047417e-13,-0.10323125822596309,0.07854381409689454,0.0246875,1.0299225206124396e-08,0.10323130379766933,0.10323130379767333,0.10323130379766939,3.9968028886505635e-15,5.551115123125783e-17,2.2785854133199113e-08,-0.10323128101181919,-0.10323128101181525,2.2785854133199014e-08,-0.007856639866484261,0.008854338245186753,9.534040223968532e-15,8.064019037631282e-18,1.032312810118192e-09,9.534040223968532e-15,True,9.235611658133892e-14,1969980.2197299309,1969957.5850662969,1969957.5850662969,1970023.4319530807,1970192.5259837953,0.5,9.88612434678929e-07,0.9999990113875654,0.4999999999999998,35148108040164.582,35148108040164.55,-1.1117333678645203e-26,8.019277548737102e-11,-5.507482179375e-26,6.54219951042408e-11,-9.262583665312499e-26,5.772273492962123e-21,3.0156778744728325e-11,0.10323125822596309,0.024682780419643505,0.07854847780631959,1.0323125822596309e-16,7.854847780631959e-17,7.854381409689454e-17,1.0,1.0,0.04390195543731043,0.023554373579500076,0.5589154196668381,-0.012515917499549722
PF,-18.75,18.75,1.0,1000000000000000.0,81,4,1.0810434898673341e-13,-0.1149708080818689,0.09028336076501302,0.0246875,1.2301719262303286e-08,0.11497084846329375,0.11497084846329356,0.11497084846329371,-1.942890293094024e-16,-4.163336342344337e-17,2.019071236754616e-08,-0.11497082827258119,-0.11497082827258134,2.0190712367548463e-08,-0.00903081200650702,0.01017782090120389,1.0810796702287462e-14,5.7120134849888256e-18,1.1497082827258134e-09,1.0810796702287462e-14,True,9.403078037027293e-14,1994979.0625256088,1994954.112388207,1994954.112388207,1995026.6954095073,1995198.3520223566,0.5,8.49382576932626e-07,0.9999991506174232,0.5000000000000002,38271304793631.12,38271304793631.016,2.4458134093019445e-26,8.018936976275438e-11,-1.589659629046875e-25,7.118868167649406e-11,-1.3268025250312499e-25,-3.679824351763353e-21,1.8280438422002327e-11,0.1149708080818689,0.024682844182118076,0.09028796389975081,1.1497080808186888e-16,9.028796389975081e-17,9.028336076501302e-17,1.0,1.0,0.05014522038578956,0.02674016403767973,0.5553920835059163,-0.012295042908264553
PF,-19.0,19.0,1.0,1000000000000000.0,81,4,1.1774068501140065e-13,-0.12837434288002583,0.10368689345003215,0.0246875,1.478786085173926e-08,0.1283743786621713,0.12837437866217505,0.12837437866217136,3.747002708109903e-15,5.551115123125783e-17,1.789107368010652e-08,-0.12837436077110137,-0.12837436077109768,1.7891073680108493e-08,-0.010371411770739056,0.011688955383675308,1.1018963519404679e-14,4.368010312050278e-18,1.2837436077110137e-09,1.1018963519404679e-14,True,8.583461255984054e-14,2019977.7471803227,2019950.1748006982,2019950.1748006982,2020030.3864284328,2020205.136750235,0.5000000000000001,7.304886817010046e-07,0.9999992695113182,0.5,41848534238141.555,41848534238141.734,8.893866942916162e-27,8.018636215647503e-11,3.0228566961796874e-25,7.78373068908318e-11,2.62857104015625e-25,0.0,1.2363483980628307e-15,0.12837434288002583,0.024682905904331684,0.10369143697569415,1.2837434288002584e-16,1.0369143697569415e-16,1.0368689345003215e-16,1.0,1.0,0.05723071531413543,0.030334724298335336,0.5519328980612992,-0.012081906661301933
PF,-19.25,19.25,1.0,1000000000000000.0,81,4,1.5410180228121294e-13,-0.1436656378925063,0.11897818747854144,0.0246875,1.787945835933455e-08,0.14366566959908308,0.14366566959908156,0.14366566959908317,-1.5265566588595902e-15,8.326672684688674e-17,1.585328803387715e-08,-0.14366565374579351,-0.14366565374579512,1.5853288033877168e-08,-0.011900820197968575,0.01341299453192211,1.3183898417423734e-14,3.360007932346368e-18,1.4366565374579513e-09,1.3183898417423734e-14,True,9.176792137633388e-14,2044976.255105268,2044945.7166578213,2044945.7166578213,2045034.557180813,2045212.975804958,0.5,6.288549085336115e-07,0.9999993711450914,0.5,45930592181197.02,45930592181196.984,-6.448053533614218e-26,8.018369455366957e-11,-8.574148392890625e-26,8.54616932823204e-11,-1.3518365349375e-25,-2.8861367464810613e-21,1.2796995124552395e-11,0.1436656378925063,0.024682965706692376,0.11898267218581393,1.436656378925063e-16,1.1898267218581393e-16,1.1897818747854145e-16,1.0,1.0,0.06526623472546661,0.03438776359781409,0.5485356273016044,-0.011876447073962848
PF,-19.5,19.5,1.0,1000000000000000.0,81,4,1.7601518982307202e-13,-0.1610970218518001,0.13640957167641457,0.0246875,2.1729535841150086e-08,0.16109704994687873,0.1610970499468727,0.1610970499468786,-6.022959908591474e-15,-1.3877787807814457e-16,1.4047537766359586e-08,-0.16109703589933494,-0.16109703589934082,1.4047537766359642e-08,-0.013644274083706068,0.01537841827491893,1.3877787807814457e-14,2.0160047594078206e-18,1.6109703589934083e-09,1.3877787807814457e-14,True,8.614551925390976e-14,2069974.5654962535,2069940.6757981153,2069940.6757981153,2070039.2658352966,2070221.9781769316,0.5000000000000001,5.418858907492306e-07,0.9999994581141093,0.5000000000000001,50574620365767.57,50574620365767.84,-2.0011200621561365e-26,8.018131790289437e-11,4.4685707682656245e-25,9.41679686824178e-11,4.48108777321875e-25,-5.339352980989963e-21,2.222930089153323e-11,0.1610970218518001,0.02468302369938217,0.13641399815241795,1.610970218518001e-16,1.3641399815241795e-16,1.3640957167641458e-16,1.0,1.0,0.07437264764438889,0.038954687154026724,0.5451980636275385,-0.01167868657267318
PF,-19.75,19.75,1.0,1000000000000000.0,81,4,1.2186465316647513e-13,-0.18095282912052307,0.15626538054558226,0.0246875,2.6530252649779333e-08,0.1809528540153296,0.1809528540153206,0.1809528540153296,-8.992806499463768e-15,0.0,1.2447401018881505e-08,-0.18095284156791958,-0.18095284156792857,1.2447401018881573e-08,-0.01563021124242713,0.0176173251102058,1.8179902028236938e-14,3.696008725581005e-18,1.8095284156792858e-09,1.8179902028236938e-14,True,1.0046762388869321e-13,2094972.6550982287,2094934.9828401012,2094934.9828401012,2095044.5772190385,2095232.2674189361,0.4999999999999999,4.6738960092314514e-07,0.9999995326103991,0.49999999999999994,55844751445971.17,55844751445971.43,1.3340800414374244e-26,8.0179190741471e-11,4.118094629578125e-25,1.0407575389251152e-10,3.62993143640625e-25,-3.174750421129167e-21,1.2359880913688875e-11,0.18095282912052307,0.024683079983381914,0.15626974913714115,1.8095282912052308e-16,1.5626974913714115e-16,1.5626538054558226e-16,1.0,1.0,0.08468539080684623,0.04409719276334367,0.5419180057205247,-0.011488758037168867
PF,-20.0,20.0,1.0,1000000000000000.0,81,4,1.3685102036299667e-13,-0.2035532443045321,0.17886579888625823,0.0246875,3.2522791479548076e-08,0.20355326636346674,0.2035532663634572,0.20355326636346663,-9.547918011776346e-15,-1.1102230246251565e-16,1.1029464920981744e-08,-0.20355325533399227,-0.2035532553340017,1.10294649209818e-08,-0.01789065501894203,0.020165868433159425,2.2898349882893854e-14,2.0160047594078206e-18,2.035532553340017e-09,2.2898349882893854e-14,True,1.1249316472645424e-13,2119970.4979449078,2119928.560404844,2119928.560404844,2120050.563545582,2120243.983007413,0.5000000000000001,4.035128271143497e-07,0.9999995964871728,0.5,61812825790147.38,61812825790148.02,-8.893866942916162e-27,8.017727796960882e-11,1.0251427056609375e-24,1.1531948947919112e-10,1.0339046091281249e-24,-1.4430683732405307e-21,5.236589393865306e-12,0.2035532443045321,0.024683134651387228,0.17887010965314487,2.035532443045321e-16,1.7887010965314488e-16,1.7886579888625822e-16,1.0,1.0,0.09635611706168196,0.049883913527413504,0.5386932296767216,-0.011306944327222013
PF,-20.25,20.25,1.0,1000000000000000.0,81,4,1.2526742034020793e-13,-0.22925857955971168,0.2045711391153649,0.0246875,4.0009690793903765e-08,0.22925859910567412,0.22925859910568075,0.2292585991056741,6.63358257213531e-15,-2.7755575615628914e-17,9.772982854560471e-09,-0.22925858933269788,-0.22925858933269122,9.772982854561552e-09,-0.020461642074377596,0.023064742407024597,2.1538326677728037e-14,2.3520055526424576e-18,2.2925858933269787e-09,2.1538326677728037e-14,True,9.394774145832252e-14,2144968.0650713528,2144921.322259087,2144921.322259087,2145057.3052159995,2145257.281866009,0.49999999999999983,3.486871983561188e-07,0.9999996513128017,0.4999999999999999,68559185951411.23,68559185951411.24,2.2234667357290406e-27,8.017554982986681e-11,1.8775507429687498e-26,1.2804991216236983e-10,7.510202971875e-27,-3.463364095777273e-21,1.1656579970974236e-11,0.22925857955971168,0.024683187788621413,0.20457539177109027,2.292585795597117e-16,2.0457539177109026e-16,2.045711391153649e-16,1.0,1.0,0.10955451044075326,0.05639110135512959,0.5355214500253253,-0.011133738585068165
PF,-20.5,20.5,1.0,1000000000000000.0,81,4,1.004901370484718e-13,-0.25847402751253484,0.23378659420189082,0.0246875,4.9370208651241e-08,0.2584740448316822,0.2584740448316706,0.2584740448316822,-1.1601830607332886e-14,0.0,8.65957077087916e-09,-0.2584740361720998,-0.2584740361721114,8.6595707708792e-09,-0.0233836977392688,0.026359722401366935,1.7708057242771247e-14,1.0752025383508377e-17,2.584740361721114e-09,1.7708057242771247e-14,True,6.851000396411149e-14,2169965.3241973403,2169913.172372603,2169913.172372603,2170064.8916992852,2170272.3400625247,0.4999999999999999,3.0158402161416713e-07,0.9999996984159784,0.5,76173554888066.83,76173554888067.23,-4.6692801450309854e-26,8.017398105635208e-11,6.408706536e-25,1.424356917340979e-10,5.4574141595625e-25,-4.3292051197215916e-21,1.3479507388558182e-11,0.25847402751253484,0.024683239473570262,0.23379078803896458,2.5847402751253485e-16,2.3379078803896457e-16,2.337865942018908e-16,1.0,1.0,0.12447027757269169,0.06370333831210162,0.5324002652831084,-0.010969938161268122
PF,-20.75,20.75,1.0,1000000000000000.0,81,4,1.6002315915197732e-13,-0.2916549346800711,0.2669675111053815,0.0246875,6.107944037530756e-08,0.2916549500259411,0.29165495002595315,0.2916549500259414,1.2045919817182948e-14,2.7755575615628914e-16,7.672938107610788e-09,-0.29165494235301503,-0.29165494235300327,7.672938107611627e-09,-0.026702363422803844,0.030102265292133328,2.581268532253489e-14,1.0080023797039103e-17,2.9165494235301506e-09,2.581268532253489e-14,True,8.850419305184131e-14,2194962.2393793194,2194904.003882947,2194904.003882947,2195073.4224982257,2195289.35469044,0.5,2.6107647258701196e-07,0.9999997389235274,0.5,84756004031519.2,84756004031519.8,2.2234667357290406e-27,8.017255016444058e-11,8.83700549690625e-25,1.5866523946856355e-10,8.83700549690625e-25,2.8861367464810613e-21,8.282249327816569e-12,0.2916549346800711,0.024683289778632395,0.2669716449014387,2.9165493468007107e-16,2.669716449014387e-16,2.669675111053815e-16,1.0,1.0,0.14131532107569467,0.07191424876060915,0.5293270793902695,-0.010816794489739268
PF,-21.0,21.0,1.0,1000000000000000.0,81,4,1.091831138436813e-13,-0.32931264074856065,0.304625230077942,0.0246875,7.573207678064541e-08,0.32931265434586526,0.3293126543458535,0.32931265434586515,-1.176836406102666e-14,-1.1102230246251565e-16,6.79864936154388e-09,-0.32931264754720413,-0.3293126475472158,6.798649361543905e-09,-0.030468780614654765,0.03435017502261623,2.4313884239290928e-14,2.0160047594078206e-18,3.293126475472158e-09,2.4313884239290928e-14,True,7.383222120494137e-14,2219958.7706289277,2219893.6979620783,2219893.6979620783,2220083.008206274,2220308.5459453585,0.5,2.2620792192331453e-07,0.9999997737920782,0.5,94418016890240.19,94418016890240.1,3.3352001035935606e-26,8.017123885700494e-11,-1.6522446538125e-25,1.7694869818828081e-10,-1.101496435875e-25,2.886136746481061e-22,7.619288051511211e-13,0.32931264074856065,0.02468333877070395,0.3046293019778567,3.2931264074856065e-16,3.046293019778567e-16,3.04625230077942e-16,1.0,1.0,0.16032609232989647,0.08112715822502092,0.5262989846641557,-0.010676259185374348
PF,-21.25,21.25,1.0,1000000000000000.0,81,4,1.1623407353803274e-13,-0.37202092656684127,0.3473335326865481,0.0246875,9.407188725082816e-08,0.37202093861466085,0.37202093861467267,0.3720209386146611,1.1823875212257917e-14,2.7755575615628914e-16,6.023912822689239e-09,-0.37202093259075986,-0.3720209325907483,6.023912822689906e-09,-0.03474033576538639,0.039168338604025014,3.2862601528904634e-14,1.3440031729385472e-17,3.720209325907599e-09,3.2862601528904634e-14,True,8.833535602432083e-14,2244954.8734965124,2244882.122579746,2244882.122579746,2245093.7716599526,2245330.15940423,0.5000000000000001,1.9616538074897863e-07,0.9999998038346193,0.5,105283652676115.83,105283652676115.8,5.781013512895505e-26,8.017003152738383e-11,-9.7632638634375e-26,1.9752012183909237e-10,-8.2612232690625e-26,7.792569215498865e-21,1.885384494734362e-11,0.37202092656684127,0.024683386511698536,0.3473375400551427,3.7202092656684126e-16,3.4733754005514275e-16,3.4733353268654807e-16,1.0,1.0,0.18176610478525168,0.0914555916434101,0.5233125816357046,-0.010551401685646
PF,-21.5,21.5,1.0,1000000000000000.0,81,4,1.5385485500325423e-13,-0.42042310533792626,0.39573573304096604,0.0246875,1.1702824639152195e-07,0.4204231160127197,0.4204231160127064,0.4204231160127197,-1.3322676295501878e-14,0.0,5.337393374356365e-09,-0.420423110675313,-0.42042311067532634,5.33739337435699e-09,-0.03958136949410514,0.04462953685996515,3.9190872769268026e-14,8.736020624100557e-18,4.204231106753264e-09,3.9190872769268026e-14,True,9.32176937331434e-14,2269950.498619047,2269869.131162423,2269869.131162423,2270105.8491882477,2270354.4685102203,0.5000000000000002,1.7025721948975256e-07,0.9999998297427806,0.5,117490811731049.84,117490811731049.34,-2.4458134093019445e-26,8.016891484280687e-11,-7.622856016453125e-25,2.2063984724827097e-10,-7.685441041218749e-25,-2.308909397184849e-21,5.107128257057363e-12,0.42042310533792626,0.024683433059019662,0.3957396722789066,4.2042310533792624e-16,3.957396722789066e-16,3.9573573304096603e-16,1.0,1.0,0.20592855696651802,0.10302339412184769,0.52036369207226,-0.010447145873837382
PF,-21.75,21.75,1.0,1000000000000000.0,81,4,1.0070123994235898e-13,-0.4752397714200533,0.4505524266394476,0.0246875,1.4576129431261433e-07,0.4752397808781533,0.47523978087814045,0.4752397808781526,-1.2823075934420558e-14,-6.661338147750939e-16,4.729046616880278e-09,-0.47523977614909385,-0.475239776149106,4.729046616880289e-09,-0.045063951564319936,0.05081533202739056,4.5352610555937645e-14,2.0160047594078206e-17,4.75239776149106e-09,4.5352610555937645e-14,True,9.54310073189419e-14,2294945.5912338984,2294854.561151567,2294854.561151567,2295119.3919553533,2295381.7772542615,0.5,1.478944564639562e-07,0.9999998521055435,0.5000000000000001,131192598883366.77,131192598883368.16,8.449173595770355e-26,8.016787739484742e-11,2.275591500478125e-24,2.4659704998584647e-10,2.3006255103843747e-24,3.751977770425379e-21,7.570510006187119e-12,0.4752397714200533,0.02468347846597114,0.45055629295408217,4.752397714200533e-16,4.505562929540822e-16,4.505524266394476e-16,1.0,1.0,0.23313895010366825,0.11596402056283228,0.5174468845504024,-0.010371629269727733
PF,-22.0,22.0,1.0,1000000000000000.0,81,4,1.2274972527134637e-13,-0.537277177051957,0.5125898671495152,0.0246875,1.8171761939990094e-07,0.5372771854318957,0.5372771854319057,0.537277185431896,9.992007221626409e-15,2.220446049250313e-16,4.1899718856685664e-09,-0.5372771812419338,-0.537277181241924,4.189971885668558e-09,-0.05126871865872913,0.057817029411609995,4.518607710224387e-14,1.2096028556446924e-17,5.372771812419338e-09,4.518607710224387e-14,True,8.41019843757272e-14,2319940.0906640375,2319838.2324785315,2319838.2324785315,2320134.5673808334,2320412.4230216225,0.5000000000000001,1.2857503205913686e-07,0.9999998714249679,0.5,146558769254206.53,146558769254207.0,-4.002240124312273e-26,8.016690940583516e-11,6.8593187143125e-25,2.7571245421336147e-10,6.483808565718749e-25,-1.2987615359164776e-21,2.388960830137531e-12,0.537277177051957,0.024683522782139825,0.5125936542698172,5.37277177051957e-16,5.125936542698172e-16,5.125898671495152e-16,1.0,1.0,0.26375745196588696,0.13041799687449518,0.5145546570247849,-0.010338848940867618
PF,-22.25,22.25,1.0,1000000000000000.0,81,4,1.4887057611235222e-13,-0.6074361117251543,0.5827488458483567,0.0246875,2.2669864444371246e-07,0.6074361191497123,0.607436119149725,0.6074361191497117,1.2656542480726785e-14,-5.551115123125783e-16,3.712282011549925e-09,-0.6074361154374429,-0.6074361154374297,3.7122820115503395e-09,-0.058285762422753296,0.0657366995105574,5.440092820663267e-14,1.7472041248201113e-17,6.074361154374429e-09,5.440092820663267e-14,True,8.955827094254355e-14,2344933.9297889853,2344819.945998076,2344819.945998076,2345151.5605983534,2345446.779522801,0.5000000000000001,1.1187058474568943e-07,0.9999998881294153,0.5,163777216734058.16,163777216734057.47,-4.891626818603889e-26,8.016600248214561e-11,-1.03640801011875e-24,3.083411203853034e-10,-1.13654404974375e-24,8.225489727471025e-21,1.3747565076874464e-11,0.6074361117251543,0.024683566053732776,0.5827525456714215,6.074361117251544e-16,5.827525456714215e-16,5.827488458483568e-16,1.0,1.0,0.2981804686430327,0.1465262121777784,0.5116759606763835,-0.010374155574239818
PF,-22.5,22.5,1.0,1000000000000000.0,81,4,1.137786972783616e-13,-0.6867209464438314,0.6620337359658783,0.0246875,2.8294408207051486e-07,0.6867209530217963,0.6867209530218191,0.6867209530217957,2.2870594307278225e-14,-5.551115123125783e-16,3.2889879174925063e-09,-0.6867209497328312,-0.6867209497328077,3.28898791749287e-09,-0.0662155339949633,0.0746882228737806,5.806466418789569e-14,1.2096028556446924e-17,6.867209497328312e-09,5.806466418789569e-14,True,8.455350635579961e-14,2369927.0345346574,2369799.4819792216,2369799.4819792216,2370170.5758613087,2370485.2596229673,0.5000000000000001,9.741533124783824e-08,0.9999999025846688,0.5,183055412354677.56,183055412354678.7,-6.225706860041314e-26,8.016514940700578e-11,1.7911834087921872e-24,3.4487513447993495e-10,1.7874283073062498e-24,-1.1544546985924245e-21,1.7534569851761796e-12,0.6867209464438314,0.02468360832387236,0.662037338119959,6.867209464438314e-16,6.62037338119959e-16,6.620337359658784e-16,1.0,1.0,0.3368402189166828,0.16441307043849163,0.5087933859942632,-0.01052660428936944
PF,-22.75,22.75,1.0,1000000000000000.0,81,4,1.3396656419977573e-13,-0.776248007458994,0.7515608665193932,0.0246875,3.532326194590694e-07,0.7762480132867737,0.7762480132867988,0.7762480132867747,2.5091040356528538e-14,9.992007221626409e-16,2.9138963646274154e-09,-0.7762480103729025,-0.7762480103728784,2.9138963646277384e-09,-0.07516968146898026,0.08479826309970825,7.582823258189819e-14,5.5104130090480435e-17,7.762480103729026e-09,7.582823258189819e-14,True,9.768557415750541e-14,2394919.323459014,2394776.598881002,2394776.598881002,2395191.8376836423,2395528.3176387413,0.5000000000000001,8.489673093186672e-08,0.9999999151032691,0.5000000000000001,204621576920026.0,204621576920027.38,-1.5564267150103285e-26,8.016434396710644e-11,2.0915915276671875e-24,3.857457904702455e-10,2.142911247975e-24,1.7316820478886365e-21,2.3768892989411074e-12,0.776248007458994,0.024683649632876888,0.7515643578261172,7.76248007458994e-16,7.515643578261172e-16,7.515608665193932e-16,1.0,1.0,0.38019946275837224,0.18414254583747325,0.5058774525419094,-0.010899651846488861
PF,-23.0,23.0,1.0,1000000000000000.0,81,4,1.4978620805119406e-13,-0.8772511847759088,0.8525641309395017,0.0246875,4.4100055215355234e-07,0.8772511899389495,0.8772511899389454,0.8772511899389498,-4.107825191113079e-15,3.3306690738754696e-16,2.5815193568534637e-09,-0.877251187357426,-0.8772511873574305,2.581519356853465e-09,-0.08527161078192665,0.09620692889821235,8.826273045769994e-14,1.881604442113966e-17,8.772511873574304e-09,8.826273045769994e-14,True,1.0061283669911734e-13,2419910.707620326,2419751.0329665663,2419751.0329665663,2420215.5912019913,2420576.450055904,0.5,7.404769553571912e-08,0.9999999259523045,0.5000000000000001,228725062991560.72,228725062991562.22,-2.668160082874849e-26,8.01635808093285e-11,2.5046526911203125e-24,4.314242744820301e-10,2.583509822325e-24,-5.6279666556380696e-21,7.0038858685634516e-12,0.8772511847759088,0.024683690018576506,0.8525674947573323,8.772511847759088e-16,8.525674947573323e-16,8.525641309395016e-16,1.0,1.0,0.4287341750148661,0.20559174231159316,0.5028741743630485,-0.011738193200854868
PF,-23.25,23.25,1.0,1000000000000000.0,81,4,1.4514881904108558e-13,-0.9910791400114854,0.9663921950591257,0.0246875,5.504736634862e-07,0.9910791445854621,0.9910791445854845,0.9910791445854622,2.2426505097428162e-14,1.1102230246251565e-16,2.2869938942328428e-09,-0.9910791422984906,-0.9910791422984683,2.2869938942328382e-09,-0.096656206394101,0.10906747842855044,8.626432901337466e-14,2.6880063458770944e-17,9.910791422984906e-09,8.626432901337466e-14,True,8.70408076728486e-14,2444901.091222973,2444722.500219328,2444722.500219328,2445242.1003975486,2445630.191895471,0.5000000000000001,6.464022150036475e-08,0.9999999353597787,0.5,255634553986532.4,255634553986531.25,-2.2234667357290406e-27,8.016285532758517e-11,-1.7073194756062498e-24,4.824182250376675e-10,-1.6747752627281248e-24,7.503955540850758e-21,8.442142691005033e-12,0.9910791400114854,0.02468372951619587,0.9663954104952895,9.910791400114855e-16,9.663954104952896e-16,9.663921950591256e-16,1.0,1.0,0.4828846433715088,0.22802252718003801,0.49967605198375736,-0.013724573646955257
PF,-23.5,23.5,1.0,1000000000000000.0,81,4,1.1886918466589821e-13,-1.1191670025878533,1.0944801934277928,0.0246875,6.867879115740454e-07,1.1191670066398811,1.1191670066398691,1.1191670066398811,-1.199040866595169e-14,0.0,2.0260109499392523e-09,-1.1191670046138582,-1.1191670046138702,2.026010949939254e-09,-0.10946700037694108,0.12354309247766106,1.2079226507921703e-13,5.376012691754189e-17,1.1191670046138703e-08,1.2079226507921703e-13,True,1.0793050954972732e-13,2469890.3745316505,2469690.7049690112,2469690.7049690112,2470271.6400790196,2470690.1003754637,0.5,5.64805863454054e-08,0.9999999435194136,0.5,285629880510751.9,285629880510754.0,-4.446933471458081e-27,8.016216359037271e-11,3.3345301195125e-24,5.39256260362166e-10,3.424652555175e-24,-2.8861367464810613e-21,2.9366044317238773e-12,1.1191670025878533,0.024683768159114272,1.094483234428739,1.1191670025878532e-15,1.0944832344287389e-15,1.0944801934277929e-15,1.0,1.0,0.5429233848140584,0.24819748368048167,0.4960545467810981,-0.01929872404243857
PF,-23.75,23.75,1.0,1000000000000000.0,81,4,1.4977446685845764e-13,-1.2629201510614663,1.2382335106439162,0.0246875,8.559929127224194e-07,1.2629201546510034,1.2629201546509408,1.2629201546510032,-6.261657858885883e-14,-2.220446049250313e-16,1.794752810343421e-09,-1.262920152856188,-1.2629201528562504,1.794752810343633e-09,-0.12384454856329752,0.13979348057931276,1.3433698597964394e-13,1.3440031729385472e-17,1.2629201528562503e-08,1.3433698597964394e-13,True,1.0637013407049069e-13,2494878.464468128,2494655.371218684,2494655.371218684,2495304.46674976,2495756.6955261542,0.4999999999999999,4.940717714043768e-08,0.9999999505928229,0.5,318972180002239.5,318972180002239.6,6.892746880760026e-26,8.016150236331327e-11,3.4546933670625e-25,6.024317559108251e-10,2.503400990625e-25,-3.174750421129167e-21,2.9142221584513388e-12,1.2629201510614663,0.024683805978623675,1.2382363450828426,1.2629201510614662e-15,1.2382363450828427e-15,1.2382335106439162e-15,1.0,1.0,0.6087516194158029,0.24744344060748702,0.4916279689521431,-0.04186267173312877
PF,-24.0,24.0,1.0,1000000000000000.0,81,4,1.38643609624704e-13,-1.4232086600197889,1.398522227593368,0.0246875,1.0643938727900718e-06,1.4232086631994951,1.4232086631994376,1.4232086631994951,-5.750955267558311e-14,0.0,1.5898387218763069e-09,-1.423208661609599,-1.4232086616096564,1.5898387218764938e-09,-0.13987586685089207,0.1579161048346838,1.3633538742396922e-13,3.4944082496402226e-17,1.4232086616096565e-08,1.3633538742396922e-13,True,9.579437724175539e-14,2519865.318953458,2519616.373554662,2519616.373554662,2520340.6968069547,2520830.2116406574,0.5,4.329680828456006e-08,0.9999999567031918,0.49999999999999944,355778718656342.4,355778718656348.3,5.336320165749698e-26,8.01608695427299e-11,9.355209501965624e-24,6.721676575833697e-10,9.2225292494625e-24,-8.369796564795077e-21,6.948058978306487e-12,1.4232086600197889,0.024683843004209397,1.3985248170155795,1.423208660019789e-15,1.3985248170155795e-15,1.3985222275933679e-15,1.0,1.0,0.6829519670750068,0.04628989477588119,0.4883373957799412,-0.20537432498426386
PF,-24.25,24.25,1.0,1000000000000000.0,81,4,1.52242178074547e-13,-1.5971570922063014,1.5724709079781116,0.0246875,1.3129552696137154e-06,1.597157095022842,1.5971570950228988,1.5971570950228424,5.684341886080802e-14,4.440892098500626e-16,1.4082845732971555e-09,-1.5971570936146142,-1.5971570936145578,1.408284573297151e-09,-0.1572733576144528,0.17756811641841028,1.5343282200319663e-13,1.3440031729385472e-17,1.597157093614614e-08,1.5343282200319663e-13,True,9.606620577062609e-14,2544851.22425348,2544574.5541428197,2544574.5541428197,2545379.54583212,2545909.0416653096,0.49999999999999983,3.812599444052977e-08,0.9999999618740054,0.5,395237079715498.0,395237079715497.0,3.112853430020657e-26,8.01602679852328e-11,-1.49703379239375e-24,7.469459530749294e-10,-1.80745551523125e-24,8.225489727471025e-21,6.1821795908421336e-12,1.5971570922063014,0.024683879263699318,1.572473212942602,1.5971570922063014e-15,1.572473212942602e-15,1.5724709079781116e-15,1.0,1.0,0.682461413399444,-0.614530911973763,0.43400511231751904,-0.579165766928587
PF,-24.5,24.5,1.0,1000000000000000.0,81,4,1.2530440098998883e-13,-1.7442061908651756,1.7195202272046486,0.0246875,1.5338443517636102e-06,1.7442061933602968,1.744206193360253,1.7442061933602986,-4.374278717023117e-14,1.7763568394002505e-15,1.247550171509683e-09,-1.744206192112703,-1.7442061921127485,1.2475501715096857e-09,-0.17198042376891462,0.193973572333188,1.7497114868092467e-13,1.397763299856089e-16,1.7442061921127486e-08,1.7497114868092467e-13,True,1.0031563325032286e-13,2569839.7095006946,2569540.3094284544,2569540.3094284544,2570411.333619788,2570973.3909671684,0.5,3.460328765332474e-08,0.9999999653967124,0.5,427349635871374.56,427349635871375.9,6.670400207187122e-27,8.015974345116819e-11,2.085333025190625e-24,8.080543731698167e-10,2.1128704360875e-24,-7.936876052822918e-21,5.5423545256512794e-12,1.7442061908651756,0.024683914783386357,1.7195222760817892,1.7442061908651756e-15,1.7195222760817892e-15,1.7195202272046486e-15,1.0,1.0,0.37414328545218467,-1.004281041430474,0.21758559959149287,-0.6313900364249063
PF,-24.75,24.75,1.0,1000000000000000.0,81,3,1.4541882623977754e-13,-1.7835157270023418,1.7588298014418184,0.0246875,1.572228559125018e-06,1.7835157292132593,1.7835157292132042,1.7835157292132597,-5.5067062021407764e-14,4.440892098500626e-16,1.1054450424135436e-09,-1.7835157281077592,-1.7835157281078147,1.1054450424135465e-09,-0.17591174009884378,0.19824152636260128,1.5076828674409626e-13,1.6128038075262565e-17,1.7835157281078147e-08,1.5076828674409626e-13,True,8.453431857539651e-14,2594837.741010274,2594534.4009494847,2594534.4009494847,2595416.8034620313,2595984.3312823577,0.5,3.356191934898883e-08,0.9999999664380805,0.5,432746913216566.2,432746913216563.6,4.891626818603889e-26,8.015926823518936e-11,-3.982910976084375e-24,8.18497615553935e-10,-4.0454960008499996e-24,1.5873752105645836e-21,1.097910240986876e-12,1.7835157270023418,0.024683949588156617,1.7588317774141853,1.7835157270023418e-15,1.7588317774141852e-15,1.7588298014418185e-15,1.0,1.0,0.06062465573941722,-0.7290175643647032,0.034468706170721404,-0.4156777397352645
PF,-25.0,25.0,1.0,1000000000000000.0,81,3,1.1416618951701444e-13,-1.7916474601332781,1.7669615184322978,0.0246875,1.5563398002458462e-06,1.7916474620924976,1.7916474620924514,1.7916474620925,-4.618527782440651e-14,2.4424906541753444e-15,9.795987931031366e-10,-1.7916474611128526,-1.7916474611129012,9.795987931032504e-10,-0.17672476698011258,0.19913613316158643,1.6697754290362354e-13,7.526417768455864e-17,1.7916474611129013e-08,1.6697754290362354e-13,True,9.319776715442871e-14,2619838.511311268,2619536.67716773,2619536.67716773,2620414.6890542824,2620979.9838469224,0.49999999999999983,3.3096582386926775e-08,0.9999999669034175,0.5,430561935938053.9,430561935938057.75,8.893866942916162e-26,8.015878810964943e-11,6.1783936448625e-24,8.143928005045224e-10,6.27352288250625e-24,-7.359648703526706e-21,5.1060561714915364e-12,1.7916474601332781,0.02468398370158876,1.7669634764316893,1.791647460133278e-15,1.7669634764316892e-15,1.7669615184322979e-15,1.0,1.0,0.012701926533035923,-0.18344433353690537,0.007188562017527916,-0.1038706484721308
PF,-25.25,25.25,1.0,1000000000000000.0,81,3,1.3824210071553385e-13,-1.7948128656696052,1.770126899823148,0.0246875,1.5324173347562754e-06,1.7948128674058133,1.7948128674057522,1.7948128674058128,-6.106226635438361e-14,-4.440892098500626e-16,8.680887533571145e-10,-1.7948128665376635,-1.794812866537724,8.68088753357117e-10,-0.17704108463170457,0.19948721012386617,1.532107773982716e-13,6.451215230105026e-17,1.794812866537724e-08,1.532107773982716e-13,True,8.536309286316973e-14,2644839.6919324477,2644540.17780772,2644540.17780772,2645411.4392531095,2645973.347844006,0.49999999999999983,3.272749023390078e-08,0.9999999672725096,0.5,427238722244624.8,427238722244623.25,6.225706860041314e-26,8.015831597475837e-11,-2.400761550009375e-24,8.0811065084679e-10,-2.59853022826875e-24,-5.339352980989963e-21,3.72660345223509e-12,1.7948128656696052,0.02468401714605863,1.7701288485235465,1.7948128656696052e-15,1.7701288485235465e-15,1.770126899823148e-15,1.0,1.0,0.008217239002719978,-0.035924892301349765,0.004642169980775087,-0.02031662166941666
PF,-25.5,25.5,1.0,1000000000000000.0,81,3,1.5392495530857562e-13,-1.79647711530039,1.7717911234621169,0.0246875,1.5066231394705824e-06,1.7964771168389773,1.796477116838902,1.796477116838976,-7.527312106958561e-14,-1.3322676295501878e-15,7.692743566571884e-10,-1.7964771160696276,-1.7964771160697015,7.692743566571909e-10,-0.17720726715725096,0.19967242396331533,2.0627943797535409e-13,1.6128038075262565e-17,1.7964771160697015e-08,2.0627943797535409e-13,True,1.1482441726096033e-13,2669840.9773027347,2669543.9908093163,2669543.9908093163,2670407.899554562,2670966.1296603144,0.4999999999999999,3.239182143171612e-08,0.9999999676081784,0.5,423624953391304.8,423624953391305.1,5.336320165749698e-26,8.015785262401108e-11,5.7578222784374995e-25,8.012740611522757e-10,5.307210100124999e-25,-5.772273492962123e-21,4.0635413489653286e-12,1.79647711530039,0.02468404994281953,1.7717930653575704,1.79647711530039e-15,1.7717930653575705e-15,1.7717911234621168e-15,1.0,1.0,0.004985697262676503,-0.012766300042621026,0.0028139275179239545,-0.007213217888266921
PF,-25.75,25.75,1.0,1000000000000000.0,81,3,1.1387904875980733e-13,-1.7975008539251582,1.7728148357607776,0.0246875,1.4804721954559897e-06,1.797500855288582,1.7975008552885687,1.7975008552885814,-1.3322676295501878e-14,-6.661338147750939e-16,6.817085514449344e-10,-1.7975008546068603,-1.797500854606873,6.817085514448573e-10,-0.17730939307277432,0.19978651994741367,1.603162047558726e-13,2.0428848228665916e-16,1.797500854606873e-08,1.603162047558726e-13,True,8.918838861466632e-14,2694842.292348288,2694547.8924441417,2694547.8924441417,2695404.277491051,2695958.74848136,0.4999999999999999,3.207366167252601e-08,0.9999999679263383,0.5000000000000001,419929387332495.5,419929387332496.4,-2.668160082874849e-26,8.015739790146575e-11,1.389387549796875e-24,7.942815052149112e-10,1.24168689135e-24,-3.751977770425379e-21,2.663861379895113e-12,1.7975008539251582,0.024684082112085216,1.772816771813073,1.797500853925158e-15,1.772816771813073e-15,1.7728148357607777e-15,1.0,1.0,0.003284118575339612,-0.006076360376354728,0.0018524861833188319,-0.0034309491298524686
PF,-26.0,26.0,1.0,1000000000000000.0,81,3,1.6713504057562452e-13,-1.7981938846329788,1.7735078403342215,0.0246875,1.454492948910829e-06,1.7981938858412725,1.7981938858411242,1.7981938858412752,-1.4832579608992091e-13,2.6645352591003757e-15,6.041103513835072e-10,-1.7981938852370138,-1.7981938852371648,6.041103513835113e-10,-0.1773784476475146,0.19986378953342623,2.877698079828406e-13,1.397763299856089e-16,1.798193885237165e-08,2.877698079828406e-13,True,1.600326918834375e-13,2719843.6105561606,2719551.8037582575,2719551.8037582575,2720400.64633412,2720951.3521944475,0.5,3.176714318786189e-08,0.9999999682328569,0.4999999999999999,416225816763258.94,416225816763255.44,-6.670400207187122e-27,8.015695156961852e-11,-5.409849540740625e-24,7.872735779156723e-10,-5.32723730805e-24,-4.617818794369698e-21,3.301192462293971e-12,1.7981938846329788,0.024684113673108948,1.77350977095987,1.7981938846329787e-15,1.77350977095987e-15,1.7735078403342215e-15,1.0,1.0,0.0023171432292548033,-0.003390163310633021,0.0013065297226982316,-0.0019132630576358808
PF,-26.25,26.25,1.0,1000000000000000.0,81,3,1.4168613200256845e-13,-1.7986942822601661,1.7740082122372993,0.0246875,1.4289064096054092e-06,1.7986942833308897,1.7986942833308222,1.79869428333089,-6.750155989720952e-14,4.440892098500626e-16,5.35344971506752e-10,-1.7986942827954773,-1.7986942827955452,5.353449715067536e-10,-0.17742824050324377,0.1999195676716116,2.2870594307278225e-13,5.3760126917541886e-18,1.798694282795545e-08,2.2870594307278225e-13,True,1.2715109246765694e-13,2744844.920505794,2744555.690750964,2744555.690750964,2745397.037651472,2745944.0043674875,0.5,3.14695583188022e-08,0.9999999685304416,0.5,412546027790662.06,412546027790666.8,1.1117333678645203e-26,8.015651339096329e-11,7.4801621599875e-24,7.803107518697679e-10,7.3199444965875e-24,-1.5873752105645836e-21,1.1509262607448155e-12,1.7986942822601661,0.024684144644244062,1.774010137615922,1.7986942822601662e-15,1.7740101376159221e-15,1.7740082122372994e-15,1.0,1.0,0.0017207193268902188,-0.0020918374165006526,0.000969960255809293,-0.0011800983553975544
PF,-26.5,26.5,1.0,1000000000000000.0,81,3,1.3668998097706358e-13,-1.7990727371355988,1.7743866418979568,0.0246875,1.4038134998301858e-06,1.799072738084457,1.7990727380843703,1.799072738084455,-8.659739592076221e-14,-1.9984014443252818e-15,4.744069330598761e-10,-1.7990727376099633,-1.799072737610048,4.74406933059878e-10,-0.17746584170668042,0.19996172349476216,2.3714363805993344e-13,9.139221575982121e-17,1.799072737610048e-08,2.3714363805993344e-13,True,1.3181436920386191e-13,2769846.216676278,2769559.5369842323,2769559.5369842323,2770393.4667131733,2770936.7356194807,0.4999999999999999,3.117944886501791e-08,0.9999999688205512,0.4999999999999999,408905373023672.06,408905373023673.0,-8.893866942916162e-27,8.01560831377106e-11,1.529578005271875e-24,7.734221929075877e-10,1.5821494260749999e-24,2.7418299091570082e-21,1.994278240541748e-12,1.7990727371355988,0.024684175043000623,1.774388562092598,1.799072737135599e-15,1.774388562092598e-15,1.7743866418979568e-15,1.0,1.0,0.001328240560518168,-0.001384410893980892,0.0007485623999693323,-0.0007807789085885188
PF,-26.75,26.75,1.0,1000000000000000.0,81,3,1.186974870414228e-13,-1.7993691477803337,1.7746830278819168,0.0246875,1.3792608221208367e-06,1.7993691486210945,1.7993691486211945,1.799369148621094,9.992007221626409e-14,-4.440892098500626e-16,4.204052606955792e-10,-1.7993691482007892,-1.7993691482006888,4.2040526069557724e-10,-0.17749524164157726,0.1999947058458568,1.9761969838327786e-13,4.8384114225787695e-17,1.7993691482007893e-08,1.9761969838327786e-13,True,1.0982721282116022e-13,2794847.4962273105,2794563.3339974307,2794563.3339974307,2795389.941384622,2795929.561610382,0.5,3.089593229551473e-08,0.9999999691040677,0.5000000000000001,405311735480317.75,405311735480316.0,-2.668160082874849e-26,8.015566059214885e-11,-2.721196876809375e-24,7.666228510087888e-10,-2.7036730698749997e-24,5.339352980989963e-21,3.920248644683388e-12,1.7993691477803337,0.024684204886107407,1.7746849428942264,1.7993691477803336e-15,1.7746849428942263e-15,1.7746830278819169e-15,1.0,1.0,0.0010566087247330103,-0.0009649615454847549,0.0005953781987972755,-0.0005440912941479047
PF,-27.0,27.0,1.0,1000000000000000.0,81,3,1.837048156587006e-13,-1.7996077256943062,1.7749215817072193,0.0246875,1.3552678025315185e-06,1.7996077264394168,1.7996077264393964,1.7996077264394175,-2.042810365310288e-14,6.661338147750939e-16,3.725504165788377e-10,-1.799607726066846,-1.799607726066867,3.72550416578838e-10,-0.17751886173589448,0.2000212178030223,2.0050627824730327e-13,8.601620306806702e-17,1.799607726066867e-08,2.0050627824730327e-13,True,1.1141665783215979e-13,2819848.757672268,2819567.0773578812,2819567.0773578812,2820386.4657915435,2820922.490456184,0.5,3.061842242884603e-08,0.9999999693815776,0.5000000000000001,401769226082457.44,401769226082456.94,-1.1117333678645203e-26,8.015524554577936e-11,-6.83428470440625e-25,7.599205039941044e-10,-8.9621755464375e-25,-2.453216234508902e-21,1.8145532697884665e-12,1.7996077256943062,0.0246842341895599,1.7749234915047463,1.799607725694306e-15,1.7749234915047463e-15,1.7749215817072192e-15,1.0,1.0,0.0008609520486588806,-0.0007000572556448148,0.0004850643156055036,-0.0003946507419129471
PF,-27.25,27.25,1.0,1000000000000000.0,81,3,2.37916619029292e-13,-1.7998040097075771,1.7751178422070502,0.0246875,1.3318392761689438e-06,1.799804010367774,1.7998040103679513,1.799804010367774,1.7741363933510002e-13,0.0,3.301427405613627e-10,-1.7998040100378085,-1.7998040100376311,3.3014274056128507e-10,-0.17753825601208187,0.20004299589041097,3.341771304121721e-13,5.376012691754189e-17,1.7998040100378086e-08,3.341771304121721e-13,True,1.8567417815962753e-13,2844850.0002629543,2844570.764829996,2844570.764829996,2845383.0420189574,2845915.526165923,0.5000000000000001,3.034649924017635e-08,0.9999999696535006,0.5,398279898736244.94,398279898736243.25,1.3340800414374244e-26,8.015483779846677e-11,-2.831346520396875e-24,7.533190224132342e-10,-2.66862545600625e-24,8.225489727471025e-21,6.138440175912566e-12,1.7998040097075771,0.024684262968672592,1.7751197467389046,1.799804009707577e-15,1.7751197467389046e-15,1.7751178422070501e-15,1.0,1.0,0.0007153950200855519,-0.0005243360947586595,0.0004030122595390048,-0.0002955431083936514
PF,-27.5,27.5,1.0,1000000000000000.0,81,3,1.9603141190185288e-13,-1.7999684279421495,1.7752822374992232,0.0246875,1.308971856970064e-06,1.7999684285273663,1.7999684285271822,1.7999684285273658,-1.8407497748285095e-13,-4.440892098500626e-16,2.9256221381666986e-10,-1.79996842823462,-1.7999684282348036,2.925622138166722e-10,-0.17755446734183078,0.20006120639953065,2.6201263381153694e-13,6.988816499280445e-17,1.7999684282348038e-08,2.6201263381153694e-13,True,1.4556512753309123e-13,2869851.223677815,2869574.39544797,2869574.39544797,2870379.670972227,2870908.670382619,0.5000000000000001,3.0079842504874926e-08,0.9999999699201576,0.5,394844619684364.0,394844619684367.06,-6.448053533614218e-26,8.015443715775192e-11,4.5236455900593745e-24,7.468200234056683e-10,4.54116939699375e-24,-6.782421354230494e-21,5.104664978201028e-12,1.7999684279421495,0.024684291238105824,1.7752841367040437,1.7999684279421497e-15,1.7752841367040437e-15,1.7752822374992233e-15,1.0,1.0,0.0006041903302493878,-0.00040309144404648833,0.0003403344387288422,-0.0002271732521489052
PF,-27.75,27.75,1.0,1000000000000000.0,81,3,2.1766125888548588e-13,-1.8001082384402713,1.7754220256161006,0.0246875,1.2866573880195518e-06,1.8001082389587126,1.8001082389588672,1.8001082389587126,1.545430450278218e-13,0.0,2.5925939100800303e-10,-1.800108238699608,-1.8001082386994534,2.592593910079424e-10,-0.17756822154048263,0.20007666158733997,2.560174294785611e-13,5.3760126917541886e-18,1.800108238699608e-08,2.560174294785611e-13,True,1.4222335300432113e-13,2894852.4278525542,2894577.969011664,2894577.969011664,2895376.352844821,2895901.9233280267,0.5000000000000001,2.981819549884235e-08,0.9999999701818044,0.5000000000000001,391463539817467.6,391463539817466.2,6.00336018646841e-26,8.015404343830205e-11,-2.395754748028125e-24,7.40423768652578e-10,-2.52843500053125e-24,4.617818794369698e-21,3.503284175637164e-12,1.8001082384402713,0.024684319011923698,1.7754239194283477,1.8001082384402712e-15,1.7754239194283477e-15,1.7754220256161006e-15,1.0,1.0,0.0005173173801500397,-0.0003166850460072368,0.0002913768224529756,-0.00017845641079550152
PF,-28.0,28.0,1.0,1000000000000000.0,81,3,1.9880369393820276e-13,-1.800228648333156,1.7755424136776314,0.0246875,1.26488491330019e-06,1.8002286487927182,1.8002286487925818,1.8002286487927193,-1.3633538742396922e-13,1.1102230246251565e-15,2.297473661675198e-10,-1.8002286485628345,-1.800228648562972,2.297473661674689e-10,-0.17758003930238822,0.2000899444887473,2.1538326677728037e-13,4.8384114225787695e-17,1.800228648562972e-08,2.1538326677728037e-13,True,1.1964217264801863e-13,2919853.6128828414,2919581.485797416,2919581.485797416,2920373.0873870607,2920895.2843449935,0.4999999999999999,2.9561343961272796e-08,0.999999970438656,0.5,388136365924098.6,388136365924097.5,3.112853430020657e-26,8.015365646146351e-11,-1.5771426240937499e-24,7.341296797203942e-10,-1.5871562280562499e-24,-5.6279666556380696e-21,4.300418173921799e-12,1.800228648333156,0.024684346303615445,1.7755443020295405,1.800228648333156e-15,1.7755443020295406e-15,1.7755424136776315e-15,1.0,1.0,0.000448156766945651,-0.00025341734887174283,0.00025240528576695283,-0.0001427902788563335
PF,-28.25,28.25,1.0,1000000000000000.0,81,3,2.8169794406206573e-13,-1.800333490328563,1.7756472343776866,0.0246875,1.2436418535019453e-06,1.800333490735833,1.800333490735672,1.8003334907358326,-1.609823385706477e-13,-4.440892098500626e-16,2.0359465380627937e-10,-1.8003334905320774,-1.800333490532238,2.035946538062344e-10,-0.17759030386039726,0.2001014844252401,2.5002222514558525e-13,2.1504050767016754e-17,1.800333490532238e-08,2.5002222514558525e-13,True,1.388755063772493e-13,2944854.7789658383,2944584.946383998,2944584.946383998,2945369.874067705,2945888.7522224304,0.4999999999999999,2.930910329949962e-08,0.9999999706908969,0.4999999999999999,384862523667890.1,384862523667888.25,7.11509355433293e-26,8.015327605488162e-11,-2.9339859610125e-24,7.279366474613346e-10,-2.8038091095e-24,-1.2554694847192616e-20,9.670376782532282e-12,1.800333490328563,0.024684373126138512,1.7756491172024245,1.800333490328563e-15,1.7756491172024244e-15,1.7756472343776866e-15,1.0,1.0,0.0003921948332763492,-0.00020601429945799055,0.0002208740620411881,-0.00011607075019902838
PF,-28.5,28.5,1.0,1000000000000000.0,81,3,1.8924025580184328e-13,-1.8004256480877605,1.7757393713633343,0.0246875,1.222914731225765e-06,1.800425648448603,1.8004256484485937,1.8004256484486025,-9.325873406851315e-15,-4.440892098500626e-16,1.8041888068503532e-10,-1.8004256482681749,-1.8004256482681837,1.8041888068503532e-10,-0.1775993035305638,0.20011160452013094,3.312905505481467e-13,1.0214424114332958e-16,1.8004256482681837e-08,3.312905505481467e-13,True,1.8400679354174535e-13,2969855.9263637094,2969588.351544111,2969588.351544111,2970366.712174759,2970882.3253978696,0.5,2.9061310478987428e-08,0.9999999709386894,0.49999999999999944,381641259215014.44,381641259215015.4,-3.779893450739369e-26,8.015290205217129e-11,1.5821494260749999e-24,7.218432247749606e-10,1.32179572305e-24,8.658410239443182e-22,6.713253001329134e-13,1.8004256480877605,0.02468439949194029,1.7757412485958202,1.8004256480877605e-15,1.7757412485958202e-15,1.7757393713633343e-15,1.0,1.0,0.000346268737428268,-0.00016978756108265713,0.0001949995460780575,-9.56530595116776e-05
PF,-28.75,28.75,1.0,1000000000000000.0,81,3,2.1089204482443165e-13,-1.8005073328717485,1.7758210358812019,0.0246875,1.2026896301303656e-06,1.8005073331915717,1.8005073331914478,1.8005073331915735,-1.2390088954816747e-13,1.7763568394002505e-15,1.5988119577802757e-10,-1.8005073330315666,-1.8005073330316923,1.5988119577802837e-10,-0.17760725938114502,0.20012055261968714,2.9531932455029164e-13,5.376012691754189e-17,1.8005073330316924e-08,2.9531932455029164e-13,True,1.640200620860751e-13,2994857.055380155,2994591.7021744396,2994591.7021744396,2995363.6008804524,2995876.002087584,0.5000000000000001,2.8817818694504252e-08,0.9999999711821812,0.5,378471704579926.2,378471704579924.4,2.0011200621561365e-26,8.015253429262236e-11,-2.8613873322843747e-24,7.158477504237248e-10,-2.77877509959375e-24,-1.7316820478886365e-21,1.353084028672376e-12,1.8005073328717485,0.024684425412994936,1.7758229074587535,1.8005073328717486e-15,1.7758229074587534e-15,1.775821035881202e-15,1.0,1.0,0.00030810914922341226,-0.00014162083164492856,0.0001735021819626846,-7.977951442091762e-05
PF,-29.0,29.0,1.0,1000000000000000.0,81,3,3.24680676370972e-13,-1.8005802687687043,1.7758939520046295,0.0246875,1.1829524912965582e-06,1.8005802690521382,1.8005802690519936,1.80058026905214,-1.4455103780619538e-13,1.7763568394002505e-15,1.41681316582688e-10,-1.8005802689103123,-1.8005802689104586,1.4168131658265657e-10,-0.17761434375820034,0.20012852200753686,3.126388037344441e-13,5.913613960929608e-17,1.8005802689104586e-08,3.126388037344441e-13,True,1.7363225018767067e-13,3019858.1663449053,3019594.999249698,3019594.999249698,3020360.53928407,3020869.7803716976,0.5,2.8578493755114673e-08,0.9999999714215063,0.5000000000000001,375352920718550.75,375352920718552.1,4.446933471458081e-27,8.015217262093479e-11,2.005224193490625e-24,7.099484305847974e-10,2.0027207925e-24,-1.7316820478886365e-21,1.3673876207573274e-12,1.8005802687687043,0.024684450900820127,1.775895817867884,1.8005802687687042e-15,1.775895817867884e-15,1.7758939520046295e-15,1.0,1.0,0.00027605375264272425,-0.00011938673883538087,0.00015544479009706243,-6.725036950444621e-05
PF,-29.25,29.25,1.0,1000000000000000.0,81,3,1.973144603547602e-13,-1.8006458198977724,1.7759594838381347,0.0246875,1.163689306964111e-06,1.8006458201488278,1.8006458201489297,1.800645820148828,1.0191847366058937e-13,2.220446049250313e-16,1.2555313929458373e-10,-1.8006458200233766,-1.800645820023275,1.255531392945832e-10,-0.17762069300798158,0.2001356656370578,3.2729374765949615e-13,5.376012691754189e-17,1.8006458200233768e-08,3.2729374765949615e-13,True,1.817646446735689e-13,3044859.2596032755,3044598.243791292,3044598.243791292,3045357.526441018,3045863.658251737,0.5000000000000001,2.8343211560446922e-08,0.9999999716567883,0.5,372283926539855.2,372283926539856.0,1.1117333678645203e-26,8.0151816886974e-11,1.1615780596499999e-24,7.04143393673046e-10,1.2717277032375e-24,1.1544546985924245e-21,9.165561919612628e-13,1.8006458198977724,0.024684475966510827,1.7759613439312616,1.8006458198977724e-15,1.7759613439312616e-15,1.7759594838381348e-15,1.0,1.0,0.00024886240423338535,-0.00010159871461201675,0.00014012827761357937,-5.72273645591345e-05
PF,-29.5,29.5,1.0,1000000000000000.0,81,3,2.9732260600855836e-13,-1.8007050797387067,1.7760187248474961,0.0246875,1.1448862478784882e-06,1.8007050799612483,1.8007050799612079,1.8007050799612487,-4.04121180963557e-14,4.440892098500626e-16,1.1126084864051033e-10,-1.800705079849947,-1.800705079849988,1.112608486405105e-10,-0.1776264164112761,0.20014210613037534,3.097522238704187e-13,1.5590436806087146e-16,1.800705079849988e-08,3.097522238704187e-13,True,1.7201718778747674e-13,3069860.335509003,3069601.436846192,3069601.436846192,3070354.561382558,3070857.6336896843,0.49999999999999983,2.8111856291819034e-08,0.9999999718881437,0.5,369263718761798.6,369263718761796.1,5.558666839322602e-26,8.01514669455443e-11,-4.113087827596875e-24,6.984307277977633e-10,-4.03047559490625e-24,-4.329205119721591e-22,3.4349338139925144e-13,1.8007050797387067,0.024684500620753072,1.7760205791179537,1.800705079738707e-15,1.7760205791179538e-15,1.776018724847496e-15,1.0,1.0,0.00022559475111982863,-8.71963506892115e-05,0.00012702259972227823,-4.911261015021686e-05
PF,-29.75,29.75,1.0,1000000000000000.0,81,3,2.3247044095998404e-13,-1.8007589351204627,1.776072561847375,0.0246875,1.1265297467608743e-06,1.800758935317628,1.800758935317679,1.8007589353176283,5.084821452783217e-14,2.220446049250313e-16,9.859547048570318e-11,-1.8007589352190834,-1.8007589352190327,9.859547048570298e-11,-0.17763160258309724,0.2001479429433772,2.937650123158164e-13,2.1504050767016754e-17,1.8007589352190833e-08,2.937650123158164e-13,True,1.631340023200143e-13,3094861.3944192748,3094604.579471948,3094604.579471948,3095351.6431297176,3095851.7046349244,0.4999999999999999,2.788431908391076e-08,0.999999972115681,0.5,366291285672974.6,366291285672976.9,-4.446933471458081e-27,8.015112265617872e-11,3.6399450403687495e-24,6.928085066691727e-10,3.6649790502749996e-24,-3.030443583805114e-21,2.4484290992868655e-12,1.8007589351204627,0.024684524873854693,1.776074410246608,1.8007589351204625e-15,1.7760744102466079e-15,1.776072561847375e-15,1.0,1.0,0.00020540930216390591,-7.428724094254959e-05,0.00011565354524497925,-4.18400247353674e-05
PF,-30.0,30.0,1.0,1000000000000000.0,81,3,2.3406449977763093e-13,-1.8008081128730473,1.776121721654251,0.0246875,1.1086065522374703e-06,1.8008081130476987,1.800808113047884,1.8008081130476985,1.851852005074761e-13,-2.220446049250313e-16,8.737181681266594e-11,-1.800808112960512,-1.8008081129603266,8.737181681266528e-11,-0.17763632413862787,0.20015325759142358,3.4927616354707425e-13,1.0752025383508377e-17,1.800808112960512e-08,3.4927616354707425e-13,True,1.9395523655925085e-13,3119862.436691237,3119607.6727263676,3119607.6727263676,3120348.770702947,3120845.869042972,0.5,2.7660497027117906e-08,0.999999972339503,0.4999999999999995,363365616753535.6,363365616753533.56,-6.892746880760026e-26,8.015078388294052e-11,-3.37959133734375e-24,6.872748076646057e-10,-3.37959133734375e-24,1.0534399124655873e-20,8.567660670403776e-12,1.8008081128730473,0.024684548735753663,1.7761235641372937,1.8008081128730473e-15,1.7761235641372937e-15,1.776121721654251e-15,1.0,1.0,0.0001884511306460379,-6.13781312003945e-05,0.000106102488842083,-3.456861198967523e-05
PF,0.0,0.0,1.0,1e+16,81,3,1.261489500664914e-13,-0.023256156105030377,-0.0008176723317327608,0.0246875,3.59532763754197e-06,0.0238662323406297,0.023866232340630154,0.023866232340630136,4.544975507059235e-16,4.371503159461554e-16,0.00030503811779988366,-0.02356119422283027,-0.023561194222830255,0.0003050381177998814,1.2589911941176591e-05,2.939452973366298e-05,9.593020822151743e-15,1.70625402814464e-20,2.4687500000000004e-10,9.593020822151743e-15,True,3.885780586188048e-13,115363.34434055476,113706.38786411558,113706.38786411558,119538.87533526953,193979.70951548748,0.4999999999999999,2.1678096593815755e-05,0.9999783219034062,0.4999999999999999,1.4379776088823782e+16,1.437977608882377e+16,5.558666839322601e-25,4.488872905977059e-09,-2.3071343529599998e-23,4.5263981732121623e-08,-2.69165674512e-23,1.7136436932231301e-22,3.966349981429449e-15,0.023256156105030377,0.023266217494023394,-1.0061388993017062e-05,2.3256156105030377e-18,-1.0061388993017062e-21,-8.176723317327608e-20,0.9827088843992846,1.0007390581938809,1.3500499104328563e-05,-2.1528993392591132e-05,,
PF,-0.25,0.25,1.0,1e+16,81,5,1.0957603575101703e-13,-0.023530270707437996,-0.0006610326536034706,0.0246875,2.2676226944974447e-06,0.024024199723702035,0.02402419972370206,0.024024199723702032,2.42861286636753e-17,-3.469446951953614e-18,0.0002469645081320233,-0.023777235215570035,-0.023777235215570007,0.0002469645081320232,9.373554623836513e-06,2.342097405103642e-05,4.925226892993351e-14,8.5312701407232e-21,2.4687500000000004e-10,4.925226892993351e-14,True,1.9950286148833826e-12,141256.39640616847,139699.1867215336,139699.1867215336,144802.15560893939,208824.89437224905,0.5,1.9379968186177608e-05,0.9999806200318139,0.5000000000000001,1.2220508969171878e+16,1.2220508969171848e+16,-2.5125174113738157e-24,4.3683286883160635e-09,-4.22974631376e-23,3.847531118793394e-08,-4.6142687059199996e-23,-5.411506399651989e-23,1.8524182922734555e-16,0.023530270707437996,0.023537554176021797,-7.283468583800523e-06,2.3530270707437995e-18,-7.283468583800523e-22,-6.610326536034706e-20,0.9862620162607311,1.0038275053423105,8.820741654410822e-06,-1.590906620675079e-05,,
PF,-0.5,0.5,1.0,1e+16,81,5,9.915348738205837e-15,-0.023722418236323577,-0.0005564595354952476,0.0246875,1.5170988816093084e-06,0.024129523365623143,0.024129523365623226,0.024129523365623146,8.326672684688674e-17,3.469446951953614e-18,0.00020355256464980366,-0.02392597080097342,-0.023925970800973344,0.00020355256464980163,7.340141913545561e-06,1.912719453092042e-05,2.3522850334245504e-15,4.5937608450048e-21,2.4687500000000004e-10,2.3522850334245504e-15,True,9.528243173365267e-14,166896.98522430653,165385.330827053,165385.330827053,170153.1113265782,225327.19941051665,0.5000000000000004,1.7975321511835472e-05,0.9999820246784883,0.5000000000000001,1.043697201787099e+16,1.0436972017870968e+16,-7.20403222376209e-24,4.290020467958951e-09,-4.22974631376e-23,3.286153889221219e-08,-4.87061696736e-23,9.019177332753316e-24,1.5469445178918223e-15,0.023722418236323577,0.023727969208441484,-5.550972117907005e-06,2.3722418236323578e-18,-5.550972117907005e-22,-5.564595354952475e-20,0.9885800411507724,1.0055604129159297,5.545966000953159e-06,-1.028913902091045e-05,,
PF,-0.75,0.75,1.0,1e+16,81,5,8.240750052105866e-15,-0.02386523614835902,-0.0004812747160382822,0.0246875,1.0598240897523296e-06,0.024205165459871968,0.024205165459872,0.024205165459871968,3.122502256758253e-17,0.0,0.00016996465575648033,-0.024035200804115517,-0.024035200804115486,0.00016996465575648128,5.964103271626667e-06,1.5923629289541537e-05,3.5041414214731503e-16,2.6250061971456e-21,2.4687500000000004e-10,3.5041414214731503e-16,True,1.4193990567992507e-14,192367.94397251765,190880.44734041044,190880.44734041044,195473.75002315748,243192.7812311047,0.5000000000000011,1.7132241046524173e-05,0.9999828677589534,0.500000000000003,8953014581673650.0,8953014581673684.0,-1.6853877856826127e-23,4.2352445663740036e-09,5.63966175168e-23,2.8187581477213316e-08,3.07617913728e-23,3.8782462530839258e-22,1.0964532518440497e-14,0.02386523614835902,0.023869629552125973,-4.39340376695227e-06,2.3865236148359022e-18,-4.39340376695227e-22,-4.812747160382822e-20,0.9902068245393971,1.0065652109278909,3.824896868183382e-06,-5.969026108197437e-06,,
PF,-1.0,1.0,1.0,1e+16,81,5,1.145579204144e-14,-0.023975648172621888,-0.0004244192603210042,0.0246875,7.655504179879287e-07,0.02426231518926101,0.024262315189260954,0.024262315189261006,-5.551115123125783e-17,-3.469446951953614e-18,0.00014333350831954392,-0.02411898168094141,-0.02411898168094146,0.00014333350831954603,4.984954623831841e-06,1.3402299575038287e-05,2.914335439641036e-16,1.9687546478592e-21,2.4687500000000004e-10,2.914335439641036e-16,True,1.1804903046647234e-14,217722.1972961764,216249.16721405898,216249.16721405898,220738.02740482142,262179.0837192289,0.4999999999999991,1.6675742220116285e-05,0.99998332425778,0.4999999999999979,7710429009935814.0,7710429009935867.0,1.3073984406086758e-23,4.194823212410335e-09,8.71584088896e-23,2.4272224274999407e-08,1.02539304576e-22,9.019177332753317e-23,4.3183869090319103e-16,0.023975648172621888,0.023979226941082978,-3.578768461090509e-06,2.3975648172621886e-18,-3.578768461090509e-22,-4.244192603210042e-20,0.9914113502323124,1.0071635627566264,2.7586546062843848e-06,-3.6991180714175634e-06,,
PF,-1.25,1.25,1.0,1e+16,81,5,1.8429102350000065e-14,-0.02406346461266537,-0.00037981731373864873,0.0246875,5.679999262978284e-07,0.024307114686335056,0.024307114686335052,0.024307114686335063,-3.469446951953614e-18,6.938893903907228e-18,0.00012182503683484337,-0.02418528964950021,-0.024185289649500216,0.00012182503683484509,4.260170819942475e-06,1.163414685510458e-05,3.2959746043559335e-16,7.546892816793599e-21,2.4687500000000004e-10,3.2959746043559335e-16,True,1.3350783207517705e-14,242994.17096872037,241530.6312711243,241530.6312711243,245948.88114789448,282088.2213530247,0.4999999999999999,1.6506208031406233e-05,0.9999834937919685,0.5,6663843576925327.0,6663843576925348.0,-1.4674880455811667e-24,4.163747139795669e-09,2.9480050065599996e-23,2.0973569247582762e-08,2.81983087584e-23,-3.7880544797563926e-22,1.6118871468772127e-14,0.02406346461266537,0.024066445142599188,-2.9805299338186986e-06,2.406346461266537e-18,-2.9805299338186987e-22,-3.798173137386487e-20,0.9923402295033894,1.00753940978461,2.0688669621233644e-06,-2.3905650508502683e-06,,
PF,-1.5,1.5,1.0,1e+16,81,5,1.4670445079959785e-14,-0.02413483154215129,-0.0003438359215326904,0.0246875,4.308080699176554e-07,0.02434323327039739,0.024343233270397446,0.02434323327039739,5.551115123125783e-17,0.0,0.00010420086412306364,-0.024239032406274383,-0.024239032406274327,0.0001042008641230635,3.705973131800973e-06,1.0041603362527874e-05,2.5673907444456745e-16,1.3125030985728e-21,2.4687500000000004e-10,2.5673907444456745e-16,True,1.0399557445855897e-14,268206.7721811045,266749.888751634,266749.888751634,271116.08643964224,302759.7423143187,0.5000000000000001,1.6563995164656028e-05,0.9999834360048354,0.5000000000000004,5777543000309509.0,5777543000309519.0,-1.823242723297813e-24,4.139042019490713e-09,1.66626369936e-23,1.8179618439389926e-08,1.40991543792e-23,7.215341866202653e-23,2.5892906266424583e-15,0.02413483154215129,0.024137355487422983,-2.5239452716915856e-06,2.413483154215129e-18,-2.5239452716915856e-22,-3.438359215326904e-20,0.9930796067948806,1.0078166965404594,1.6113161704032573e-06,-1.5711051895889794e-06,,
PF,-1.75,1.75,1.0,1e+16,81,5,1.6701752476551192e-14,-0.024193826148069492,-0.000314160383615682,0.0246875,3.328342610134591e-07,0.024373006782123306,0.024373006782123244,0.024373006782123306,-6.245004513516506e-17,0.0,8.959031702689218e-05,-0.024283416465096352,-0.024283416465096415,8.959031702689227e-05,3.2702657428157515e-06,8.94169109985102e-06,2.220446049250313e-16,8.5312701407232e-21,2.4687500000000004e-10,2.220446049250313e-16,True,8.994211845064558e-15,293375.6119398913,291923.6464445945,291923.6464445945,296249.34199335787,324063.7925224075,0.499999999999998,1.6812454412950052e-05,0.9999831875455869,0.4999999999999981,5023214421582096.0,5023214421582134.0,3.1617696982066954e-23,4.1188062076306954e-09,5.896010013119999e-23,1.580143607163424e-08,8.84401501968e-23,5.591889946307056e-22,2.3521262138407767e-14,0.024193826148069492,0.024195987567207623,-2.1614191381309766e-06,2.4193826148069493e-18,-2.1614191381309765e-22,-3.14160383615682e-20,0.9936832833565521,1.008107312010735,1.3084847343321684e-06,-1.0070385102319837e-06,,
PF,-2.0,2.0,1.0,1e+16,81,5,1.5905612825341692e-14,-0.024243275075998234,-0.0002892404729675418,0.0246875,2.6120613844899413e-07,0.02439799832089401,0.024397998320893646,0.02439799832089401,-3.642919299551295e-16,0.0,7.736162244779653e-05,-0.02432063669844585,-0.024320636698446214,7.73616224477977e-05,2.919038484480887e-06,7.952835705816722e-06,5.516420653606247e-16,2.6250061971456e-21,2.4687500000000004e-10,5.516420653606247e-16,True,2.2344995052582265e-14,318511.5805837723,317063.4245724191,317063.4245724191,321356.5793992148,345895.1508740051,0.499999999999998,1.7229116211335457e-05,0.9999827708837886,0.49999999999999695,4378266242788929.0,4378266242788954.0,3.26849610152169e-23,4.101729196684178e-09,4.10157218304e-23,1.3767977178219372e-08,7.62636077784e-23,4.689972213031724e-22,2.1872154834976858e-14,0.024243275075998234,0.024245134906605032,-1.859830606798507e-06,2.4243275075998235e-18,-1.859830606798507e-22,-2.892404729675418e-20,0.9941865957128481,1.0085483962033541,1.119927885721619e-06,-5.658608098995308e-07,,
PF,-2.25,2.25,1.0,1e+16,81,5,1.5483118813503564e-14,-0.02428520889352795,-0.00026799423969702516,0.0246875,2.0778097445359714e-07,0.02441929797932852,0.024419297979328576,0.024419297979328524,5.551115123125783e-17,3.469446951953614e-18,6.704454290030107e-05,-0.024352253436428276,-0.024352253436428224,6.704454290030097e-05,2.6289509238195346e-06,7.059126861738426e-06,5.585809592645319e-16,4.2656350703616e-21,2.4687500000000004e-10,5.585809592645319e-16,True,2.2626064172740532e-14,343622.44913792395,342177.4070646233,342177.4070646233,346443.8676292194,368168.2522140339,0.5000000000000031,1.7800812957664788e-05,0.9999821991870423,0.5000000000000064,3824552123700801.5,3824552123700804.0,-4.6937382791240046e-23,4.086817213684087e-09,5.1269652288e-24,1.2022130491955138e-08,-3.97339805232e-23,1.2626848265854642e-22,1.0254127615366907e-14,0.02428520889352795,0.02428680196034562,-1.5930668176705742e-06,2.4285208893527948e-18,-1.5930668176705741e-22,-2.6799423969702515e-20,0.9946139031766515,1.009365453492407,1.0287790982397662e-06,-1.5714895690298527e-07,,
PF,-2.5,2.5,1.0,1e+16,81,5,2.571806526706035e-14,-0.024321130691842784,-0.0002496388556160223,0.0246875,1.6723939772757236e-07,0.024437693904986253,0.024437693904986294,0.024437693904986253,4.163336342344337e-17,0.0,5.828160657174593e-05,-0.02437941229841455,-0.024379412298414508,5.828160657174588e-05,2.3831200664074663e-06,6.433363217623051e-06,6.557254739192331e-16,1.640628873216e-22,2.4687500000000004e-10,6.557254739192331e-16,True,2.6561031854956275e-14,368713.8801924941,367271.57427720504,367271.57427720504,371515.7245490506,390813.1786048514,0.5000000000000047,1.8520840224833268e-05,0.9999814791597751,0.5000000000000083,3347395904382296.5,3347395904382314.0,-7.308535160341356e-23,4.073245597457452e-09,2.69165674512e-23,1.0517679431754736e-08,-4.6142687059199996e-23,-2.1646025598607956e-22,1.1613559268666533e-14,0.024321130691842784,0.024322467602207958,-1.3369103651732217e-06,2.4321130691842783e-18,-1.3369103651732218e-22,-2.496388556160223e-20,0.9949829956673824,1.0110434741217413,1.0364915989866104e-06,3.0118197008600497e-07,,
PF,-2.75,2.75,1.0,1e+16,81,5,3.582011771748433e-14,-0.02435218423431459,-0.00023358739996992076,0.0246875,1.3600915178840588e-07,0.02445377659087829,0.02445377659087833,0.024453776590878287,3.8163916471489756e-17,-3.469446951953614e-18,5.07961782818582e-05,-0.024402980412596472,-0.02440298041259643,5.079617828185818e-05,2.1682775211653812e-06,5.871484460411946e-06,5.898059818321144e-16,3.281257746432e-21,2.4687500000000004e-10,5.898059818321144e-16,True,2.3890875213452735e-14,393790.09514585463,392350.4484212508,392350.4484212508,396575.3799860963,413772.42280663765,0.5000000000000048,1.938723892134017e-05,0.9999806127610786,0.5000000000000077,2934845837698322.0,2934845837698333.0,-7.377462629148956e-23,4.060222545820239e-09,1.8585248954399998e-23,9.21697037122414e-09,-5.51148762096e-23,3.6076709331013264e-23,6.832390383089688e-15,0.02435218423431459,0.02435324862881444,-1.0643944998479926e-06,2.435218423431459e-18,-1.0643944998479927e-22,-2.3358739996992075e-20,0.9953074948102856,1.0147875785110585,1.1648338880167657e-06,9.053524370115796e-07,,
PF,-3.0,3.0,1.0,1e+16,81,5,3.214726366913186e-14,-0.024379265063573578,-0.0002193815558938669,0.0246875,1.1163292934268946e-07,0.024468006811176793,0.024468006811176807,0.024468006811176796,1.3877787807814457e-17,3.469446951953614e-18,4.4370873801612186e-05,-0.024423635937375194,-0.024423635937375184,4.4370873801612186e-05,1.972631877930689e-06,5.347319507749987e-06,6.314393452555578e-16,5.742201056256e-21,2.4687500000000004e-10,6.314393452555578e-16,True,2.557728993440234e-14,418854.3282484434,417417.62157698406,417417.62157698406,421624.9333113516,436998.2979924672,0.5000000000000044,2.0401725255273934e-05,0.9999795982747448,0.5000000000000074,2577102015713204.5,2577102015713221.5,-7.141775155161678e-23,4.046850494274516e-09,2.5634826144e-23,8.089118559629636e-09,-4.6142687059199996e-23,-1.1905314079234377e-21,9.379027333261778e-14,0.024379265063573578,0.024380004990434755,-7.399268611776866e-07,2.4379265063573577e-18,-7.399268611776866e-23,-2.193815558938669e-20,0.9955989508323289,1.0248839133617689,1.461637340198033e-06,1.7864867920943875e-06,,
PF,-3.25,3.25,1.0,1e+16,81,5,3.309577573745936e-14,-0.02440309816476617,-0.00020664433462811354,0.0246875,9.238422474760054e-08,0.024480763281147143,0.024480763281147077,0.02448076328114714,-6.591949208711867e-17,-3.469446951953614e-18,3.883255819046722e-05,-0.02444193072295661,-0.02444193072295667,3.883255819046729e-05,1.7842151587125296e-06,4.859195537952215e-06,3.7816971776294395e-16,2.4609433098239998e-21,2.4687500000000004e-10,3.7816971776294395e-16,True,1.5318267048625576e-14,443909.1307880503,442476.14530541137,442476.14530541137,446665.5086717868,460450.9319038357,0.5000000000000044,2.1569013526990583e-05,0.999978430986473,0.500000000000007,2266074286377981.5,2266074286378000.5,-6.957227416096168e-23,4.0320287544394165e-09,3.14026620264e-23,7.108620796177904e-09,-4.03748511768e-23,-1.8218738212161698e-21,1.5902598799674125e-13,0.02440309816476617,0.024403409865215928,-3.1170044975659117e-07,2.440309816476617e-18,-3.1170044975659117e-23,-2.0664433462811353e-20,0.9958688719585445,1.0790309230002746,2.010639952772692e-06,3.146720109632148e-06,,
PF,-3.5,3.5,1.0,1e+16,81,4,5.485702307457201e-13,-0.024424297826444116,-0.00019504172641409068,0.0246875,7.70270301340492e-08,0.024492381246555776,0.02449238124655571,0.024492381246555776,-6.591949208711867e-17,0.0,3.404171005581528e-05,-0.024458339536499896,-0.02445833953649996,3.404171005581437e-05,1.5889368065172886e-06,4.406029285168555e-06,2.5472679521243435e-13,2.4609433098239998e-21,2.4687500000000004e-10,2.5472679521243435e-13,True,1.0318047401009999e-11,468956.60213396145,467528.8811549443,467528.8811549443,471697.33418877446,484096.61245906225,0.500000000000005,2.289637686220892e-05,0.9999771036231377,0.5000000000000069,1995041071785139.8,1995041071785163.2,-7.90220077878101e-23,4.01428272694991e-09,3.5247885948e-23,6.254283594953301e-09,-4.42200750984e-23,-1.5512985012335703e-21,1.459330743991715e-13,0.024424297826444116,0.02442399809642915,2.997300149638893e-07,2.4424297826444116e-18,2.997300149638893e-23,-1.9504172641409068e-20,0.9961303663655408,0.9048235368185237,2.954282569667351e-06,5.321496040496971e-06,9.856478904934747,-79.39587828570566
PF,-3.75,3.75,1.0,1e+16,81,4,3.563034041214527e-13,-0.02444342111926693,-0.00018424471175824633,0.0246875,6.466161386540025e-08,0.02450319062662789,0.024503190626627754,0.024503190626627893,-1.3530843112619095e-16,3.469446951953614e-18,2.9884753680448245e-05,-0.024473305872947305,-0.024473305872947444,2.988475368044833e-05,1.3676377062385093e-06,3.9831022625889835e-06,1.6356013765594923e-13,9.843773239296e-22,2.4687500000000004e-10,1.6356013765594923e-13,True,6.625220765810601e-12,493998.6115511022,492578.90672537213,492578.90672537213,496719.6225594357,507906.2302544557,0.5000000000000052,2.4393333698311454e-05,0.9999756066663017,0.5000000000000069,1758385813951340.2,1758385813951363.8,-8.415821594734418e-23,3.9913755128729434e-09,3.6850062581999997e-23,5.5083945707065935e-09,-4.4540510425199996e-23,-2.0202957225367427e-21,2.0676771655263606e-13,0.02444342111926693,0.024442200178615963,1.2209406509665344e-06,2.444342111926693e-18,1.2209406509665343e-22,-1.8424471175824632e-20,0.9964001878913459,0.963534787582693,4.534820940135793e-06,8.873816086670971e-06,3.7142025998936874,-6.527285034636926
PF,-4.0,4.0,1.0,1e+16,81,4,2.990361672213965e-13,-0.024461024742619096,-0.0001738837803465176,0.0246875,5.4623202525274675e-08,0.02451356159645096,0.024513561596450725,0.02451356159645096,-2.3592239273284576e-16,0.0,2.6268426915875088e-05,-0.02448729316953485,-0.024487293169535084,2.6268426915875945e-05,1.0917041744901176e-06,3.5784356719998528e-06,1.0103723413479315e-13,3.4453206337536e-21,2.4687500000000004e-10,1.0103723413479315e-13,True,4.092647458624533e-12,519037.0336876158,517630.02875049226,517630.02875049226,521730.2324063,531853.7051769792,0.5000000000000002,2.6071362218461044e-05,0.9999739286377816,0.5000000000000021,1551391596756848.5,1551391596756876.0,-5.002800155390341e-24,3.959660850504678e-09,4.3258769117999995e-23,4.856076322297072e-09,3.81318038892e-23,3.6076709331013267e-22,3.6378983280781104e-14,0.024461024742619096,0.02445836638838349,2.658354235605259e-06,2.4461024742619095e-18,2.658354235605259e-22,-1.738837803465176e-20,0.996702306232083,0.9743041807095424,7.160545637819911e-06,1.4755209416683618e-05,2.693601003926997,-1.704981014684531
PF,-4.25,4.25,1.0,1e+16,81,4,2.181313788841681e-13,-0.024477737279682416,-0.00016348518218655336,0.0246875,4.641399095831322e-08,0.02452396840382249,0.02452396840382251,0.024523968403822493,2.0816681711721685e-17,3.469446951953614e-18,2.3115562070043416e-05,-0.024500852841752466,-0.02450085284175245,2.311556207004341e-05,7.164751689979309e-07,3.16986178247654e-06,5.477562847744366e-14,2.4609433098239998e-21,2.4687500000000004e-10,5.477562847744366e-14,True,2.2187596345293633e-12,544073.9981441349,542687.4173010478,542687.4173010478,546725.1511411853,555914.3957131286,0.5000000000000001,2.7943518857530705e-05,0.9999720564811425,0.5000000000000001,1370078963354124.0,1370078963354129.5,-1.2896107067228434e-24,3.913214655672539e-09,9.613059803999999e-24,4.2847759182759325e-09,1.05743657844e-23,1.4069916639095174e-21,1.6929237623185137e-13,0.024477737279682416,0.02447278444918745,4.9528304949669755e-06,2.4477737279682415e-18,4.952830494966976e-22,-1.6348518218655337e-20,0.9970740102758151,0.9786269131895993,1.1519717052666419e-05,2.460789736059246e-05,2.3258855848938618,-0.4412924037035797
PF,-4.5,4.5,1.0,1e+16,81,4,1.400039469744757e-13,-0.024494366054867038,-0.00015237056808827762,0.0246875,3.965663590526319e-08,0.02453508977527582,0.024535089775276027,0.024535089775275822,2.0816681711721685e-16,3.469446951953614e-18,2.036186020444259e-05,-0.024514727915071585,-0.02451472791507138,2.03618602044431e-05,1.7088699101026615e-07,2.7214698577273878e-06,2.6329632918375978e-14,1.4765659858943999e-21,2.4687500000000004e-10,2.6329632918375978e-14,True,1.0665167764405459e-12,569112.1346581018,567758.2963655255,567758.2963655255,571697.9055191556,580063.596678425,0.5000000000000004,3.0023692060291927e-05,0.9999699763079397,0.5,1211075787774216.8,1211075787774210.5,-8.78269360612971e-24,3.842885763589039e-09,-1.02539304576e-23,3.783855040842628e-09,-1.98669902616e-23,1.1183779892614112e-21,1.4830376695801141e-13,0.024494366054867038,0.02448569284301353,8.673211853507667e-06,2.4494366054867038e-18,8.673211853507668e-22,-1.5237056808827762e-20,0.9975765049297036,0.9810370043143448,1.8787958569837345e-05,4.13048684451213e-05,2.166205425068571,0.0699038228762845
PF,-4.75,4.75,1.0,1e+16,81,4,7.643359826860107e-14,-0.024512071579184756,-0.0001394876426853643,0.0246875,3.4061871276619824e-08,0.024547978295443362,0.024547978295443293,0.02454797829544336,-6.938893903907228e-17,-3.469446951953614e-18,1.7953358129283728e-05,-0.02453002493731401,-0.024530024937314075,1.795335812928324e-05,-6.592047792848022e-07,2.2980108755764834e-06,1.0859368959614812e-14,1.4765659858943999e-21,2.4687500000000004e-10,1.0859368959614812e-14,True,4.398731730476886e-13,594154.7283014077,592852.3804938539,592852.3804938539,596639.2604935678,604275.5128451093,0.5000000000000047,3.232453421849879e-05,0.9999676754657815,0.5000000000000073,1071510188288123.8,1071510188288134.1,-7.281853559512607e-23,3.735726702577538e-09,1.57013310132e-23,3.344252444815599e-09,-5.54353115364e-23,9.379944426063448e-22,1.394032014679189e-13,0.024512071579184756,0.02449729092874857,1.478065043618651e-05,2.4512071579184756e-18,1.478065043618651e-21,-1.394876426853643e-20,0.9983165027763695,0.9828031249369585,3.101652780239381e-05,6.962702541998418e-05,2.0984548641011123,0.30717469472168357
PF,-5.0,5.0,1.0,1e+16,81,4,4.0834059872171984e-14,-0.024532663657235946,-0.00012311824156235814,0.0246875,2.9405543720031913e-08,0.024564352352893924,0.024564352352893972,0.02456435235289392,4.85722573273506e-17,-3.469446951953614e-18,1.5844347829000448e-05,-0.024548508005064973,-0.02454850800506492,1.584434782900044e-05,-1.957687110190212e-06,2.755566677078447e-06,3.7990444123892075e-15,4.921886619648e-22,2.4687500000000004e-10,3.7990444123892075e-15,True,1.5388534328665143e-13,619205.5334325971,617981.1839552993,617981.1839552993,621538.16762795,628523.7778303849,0.500000000000005,3.484842004013982e-05,0.9999651515799599,0.5000000000000053,948918045526722.9,948918045526726.5,-8.028938382717565e-23,3.576035329680286e-09,5.607618219e-24,2.958192104605781e-09,-7.46614311444e-23,1.226608117254451e-21,1.9780054058742208e-13,0.024532663657235946,0.024507746619180096,2.491703805584944e-05,2.4532663657235946e-18,2.4917038055849438e-21,-1.2311824156235814e-20,0.9995054127117089,0.9844296175979165,5.2809027087286965e-05,0.00010180891876853419,2.1193942461748456,-0.40591619933650147
PF,-5.25,5.25,1.0,1e+16,81,4,4.3139735305436186e-14,-0.0245590560962706,-0.00010042740812311872,0.0246875,2.5511901051854654e-08,0.02458704707997583,0.02458704707997573,0.024587047079975825,-9.71445146547012e-17,-3.469446951953614e-18,1.3995491852590104e-05,-0.024573051588123142,-0.024573051588123236,1.3995491852590128e-05,-4.013932099326069e-06,5.1820965039678635e-06,2.293304435241339e-15,4.5937608450048e-21,2.4687500000000004e-10,2.293304435241339e-15,True,9.28933442123074e-14,644267.5469520573,643153.866835446,643153.866835446,646386.5244930141,652786.518513374,0.5000000000000042,3.749313356921247e-05,0.9999625068664307,0.5000000000000041,841153864019671.4,841153864019681.2,-6.741551142730451e-23,3.351350060712585e-09,1.57013310132e-23,2.618901435704111e-09,-5.0468563970999997e-23,1.8038354665506633e-22,3.839209041510216e-14,0.0245590560962706,0.02451720223956408,4.185385670651964e-05,2.45590560962706e-18,4.185385670651965e-21,-1.0042740812311872e-20,1.001670820410177,0.9861461528307284,8.552877761708663e-05,9.400979884439332e-05,2.043510069258771,-1.929789170777561
PF,-5.5,5.5,1.0,1e+16,81,4,4.490451384413722e-14,-0.024592610859683714,-7.012792307833781e-05,0.0246875,2.2235867194874063e-08,0.024617349841054466,0.024617349841054292,0.024617349841054476,-1.734723475976807e-16,1.0408340855860843e-17,1.2369490685334246e-05,-0.024604980350368958,-0.024604980350369142,1.2369490685334635e-05,-6.865799785614131e-06,8.364585695557563e-06,1.8214596497756474e-15,8.20314436608e-23,2.4687500000000004e-10,1.8214596497756474e-15,True,7.378064404154521e-14,669330.551854077,668335.130154281,668335.130154281,671226.0676819,677100.1809764173,0.5000000000000049,3.7414159334848454e-05,0.9999625858406652,0.5000000000000079,746151227135119.2,746151227135111.8,-7.715429572979771e-23,3.1126626563996833e-09,-1.2016324755e-23,2.319855775353249e-09,-8.876058552359999e-23,-1.1183779892614112e-21,1.8810235761012996e-13,0.024592610859683714,0.024525779078929402,6.683178075431173e-05,2.4592610859683715e-18,6.6831780754311735e-21,-7.012792307833781e-21,1.0042964648194455,0.9897942612320593,0.00010496363325173758,6.260826236088225e-05,1.5705646635035342,-1.5298696192626138
PF,-5.75,5.75,1.0,1e+16,81,4,5.1042864880265383e-14,-0.024627093260103233,-3.8514714884132296e-05,0.0246875,1.9462490918539803e-08,0.024648965822624953,0.024648965822624803,0.024648965822624953,-1.491862189340054e-16,0.0,1.0936281260822192e-05,-0.02463802954136398,-0.02463802954136413,1.0936281260822217e-05,-9.832704093937193e-06,1.1791787592244877e-05,1.8943180357666733e-15,8.695333028044799e-21,2.4687500000000004e-10,1.8943180357666733e-15,True,7.673186980320702e-14,694387.4536524786,693495.2651903572,693495.2651903572,696085.7046924081,701487.6048953269,0.5000000000000043,3.464373191003724e-05,0.99996535626809,0.5000000000000071,662227562124717.6,662227562124708.8,-6.801584744595135e-23,2.897846183893848e-09,-1.42593720426e-23,2.055751192908455e-09,-8.20314436608e-23,-5.050739306341857e-22,8.472148029030209e-14,0.024627093260103233,0.02453358100093061,9.351225917262479e-05,2.4627093260103232e-18,9.351225917262479e-21,-3.8514714884132296e-21,1.009890442855199,0.9921640185274544,0.00011183693401469244,5.1724347454944165e-05,1.1959601340423194,-0.8771915882036861
PF,-6.0,6.0,1.0,1e+16,81,4,4.720719476228312e-14,-0.024663990712800343,-4.14518040653978e-06,0.0246875,1.7107947543397027e-08,0.024683337711645915,0.024683337711645572,0.024683337711645926,-3.434752482434078e-16,1.0408340855860843e-17,9.673499422702435e-06,-0.02467366421222287,-0.024673664212223223,9.673499422702479e-06,-1.3110864098563952e-05,1.5597700449180662e-05,1.8283985436795547e-15,2.871100528128e-21,2.4687500000000004e-10,1.8283985436795547e-15,True,7.406171316170348e-14,719445.2225043317,718659.7308506109,718659.7308506109,720939.98625046,725911.8243685166,0.5000000000000034,3.23709598901278e-05,0.9999676290401098,0.5000000000000043,588134476058192.8,588134476058190.5,-5.509750571136562e-23,2.6721490645970104e-09,-4.005441585e-24,1.8226487984444076e-09,-5.94407531214e-23,-1.8399121758816765e-21,3.92764133489337e-13,0.024663990712800343,0.024540697354770866,0.0001232933580294776,2.4663990712800342e-18,1.232933580294776e-20,-4.1451804065397803e-22,1.1289562137470481,0.9934729970132453,0.00012780066317930034,7.945854835291838e-05,1.036557566618837,-0.42998420135345716
PF,-6.25,6.25,1.0,1e+16,81,4,7.480365478883141e-14,-0.02470524101654814,3.487551548520414e-05,0.0246875,1.510161368638115e-08,0.02472236041387152,0.02472236041387182,0.024722360413871512,3.0184188481996443e-16,-6.938893903907228e-18,8.559698661762943e-06,-0.02471380071521006,-0.02471380071520975,8.559698661762911e-06,-1.6877830584518953e-05,1.990699733209092e-05,1.1587952819525071e-15,1.01718990139392e-20,2.471380071521006e-10,1.1587952819525071e-15,True,4.6888590520976765e-14,744502.5015674696,743822.797044281,743822.797044281,745795.9158618408,750373.1943498267,0.5000000000000036,3.0675682644573505e-05,0.9999693243173554,0.5000000000000054,522663214835694.7,522663214835675.3,-5.696521776937802e-23,2.4431591966179404e-09,-3.06015737094e-23,1.6167321628056097e-09,-8.82799325334e-23,-5.050739306341857e-22,1.0173096890762268e-13,0.02470524101654814,0.02454720534368437,0.000158035672863769,2.470524101654814e-18,1.58035672863769e-20,3.4875515485204135e-21,0.9834104715038817,0.994321354134032,0.00015136279629726737,0.00010987505796958611,0.9577761372126797,-0.22208034268297494
PF,-6.5,6.5,1.0,1e+16,81,4,5.1548958427780825e-14,-0.024752789060254434,8.04550336112403e-05,0.0246875,1.3386156433308792e-08,0.024767941647454807,0.024767941647455063,0.02476794164745482,2.5673907444456745e-16,1.3877787807814457e-17,7.5762936002546286e-06,-0.02476036535385481,-0.024760365353854567,7.576293600254605e-06,-2.13105070232831e-05,2.4933532310767242e-05,1.4328815911568427e-15,2.9326241108736e-20,2.476036535385481e-10,1.4328815911568427e-15,True,5.786996963410174e-14,769557.4721360959,768978.0254730341,768978.0254730341,770660.2700024559,774875.3093014017,0.5000000000000026,2.9521791409279105e-05,0.9999704782085905,0.5000000000000029,464760331641610.44,464760331641594.8,-4.0778379933270605e-23,2.2204209457828e-09,-2.47536289953e-23,1.4346751563404895e-09,-6.408706536e-23,4.329205119721591e-22,1.3465166411617726e-13,0.024752789060254434,0.02455317195950887,0.00019961710074556382,2.4752789060254433e-18,1.9961710074556383e-20,8.04550336112403e-21,0.9909986296805013,0.9948920358952013,0.00018257542224209842,0.0001419141454463964,0.9146281634197909,-0.12561287380106467
PF,-6.75,6.75,1.0,1e+16,81,4,6.114995935440495e-14,-0.02480866937589864,0.00013459572560454424,0.0246875,1.1914880877048093e-08,0.024822083810723667,0.024822083810723223,0.02482208381072367,-4.440892098500626e-16,3.469446951953614e-18,6.707217412403922e-06,-0.02481537659331082,-0.024815376593311265,6.707217412403963e-06,-2.6596244596738694e-05,3.090819242338861e-05,8.534839501805891e-16,4.511729401344e-22,2.4815376593311266e-10,8.534839501805891e-16,True,3.439335071024621e-14,794608.2947198087,794120.256155388,794120.256155388,795537.3713567804,799423.060624882,0.5000000000000023,2.8868970319575782e-05,0.9999711310296805,0.5000000000000011,413510800781555.6,413510800781556.3,-3.8176923852467625e-23,2.013053142156336e-09,1.2016324754999999e-24,1.27358872736341e-09,-3.74909332356e-23,-1.3709149545785041e-21,4.014493534528594e-13,0.02480866937589864,0.02455865556388913,0.00025001381200951203,2.480866937589864e-18,2.5001381200951203e-20,1.3459572560454425e-20,0.993278815970739,0.9952761952332703,0.0002219833732697294,0.00017738784498281754,0.887884439205638,-0.07882659660819913
PF,-7.0,7.0,1.0,1e+16,81,4,6.959118369883169e-14,-0.024875099386010888,0.0001994873068557439,0.0246875,1.0649682261549953e-08,0.024886976657173484,0.024886976657173304,0.024886976657173487,-1.8041124150158794e-16,3.469446951953614e-18,5.938635581254688e-06,-0.02488103802159205,-0.024881038021592233,5.938635581254703e-06,-3.294609290904848e-05,3.8088043717062256e-05,9.159339953157541e-16,1.5791052904704e-20,2.4881038021592235e-10,9.159339953157541e-16,True,3.6812531475611644e-14,819653.6743698197,819246.3789684298,819246.3789684298,820429.2889911003,824019.4235876894,0.5000000000000017,2.8681682980037355e-05,0.99997131831702,0.5000000000000038,368123635312736.75,368123635312732.4,-2.6125734144816228e-23,1.8273248968811738e-09,-6.969468357899999e-24,1.1309754479650786e-09,-3.19634238483e-23,1.1544546985924245e-21,3.965065197816853e-13,0.024875099386010888,0.02456370718154176,0.00031139220446912627,2.487509938601089e-18,3.113922044691263e-20,1.994873068557439e-20,0.9943542449505747,0.9955497478499247,0.0002706732539997725,0.00021875521949681477,0.8692358065328802,-0.05306383561761563
PF,-7.25,7.25,1.0,1e+16,81,4,6.079648300535148e-14,-0.024954657945025924,0.000277684804821098,0.0246875,9.559409253072085e-09,0.024965175245411846,0.024965175245411742,0.02496517524541185,-1.0408340855860843e-16,3.469446951953614e-18,5.258650192936113e-06,-0.024959916595218807,-0.024959916595218914,5.25865019293612e-06,-4.061550668836211e-05,4.67655297588168e-05,1.0651202142497596e-15,1.1812527887155199e-20,2.4959916595218916e-10,1.0651202142497596e-15,True,4.26732281010019e-14,844693.3328471584,844355.5983846416,844355.5983846416,845336.6951274091,848662.5999979367,0.5000000000000018,2.8929971133827004e-05,0.9999710700288662,0.5000000000000008,327916444426848.94,327916444426843.6,-2.806015020490049e-23,1.664769569054528e-09,-8.491536160199999e-24,1.004680514532882e-09,-3.7010280245399996e-23,-1.3709149545785041e-21,4.93600889848009e-13,0.024954657945025924,0.024568371562182844,0.00038628638284307973,2.4954657945025924e-18,3.8628638284307974e-20,2.77684804821098e-20,0.9949988417619039,0.9957723953168008,0.00033050258724438104,0.0002684984323023012,0.8555895364777598,-0.03695735536351663
PF,-7.5,7.5,1.0,1e+16,81,4,9.272068624215532e-14,-0.02505046596496031,0.00037228847512661586,0.0246875,8.618460619020386e-09,0.025059779856666,0.025059779856665805,0.02505977985666601,-1.942890293094024e-16,1.0408340855860843e-17,4.6569458527965525e-06,-0.025055122910813007,-0.025055122910813212,4.656945852796565e-06,-4.992053489343713e-05,5.727824799019907e-05,1.061650767297806e-15,6.2343897182208e-21,2.5055122910813213e-10,1.061650767297806e-15,True,4.237260264405336e-14,869727.8703835631,869448.9221886315,869448.9221886315,870259.414996121,873346.5975162744,0.500000000000001,2.9588608849475318e-05,0.9999704113911504,0.5000000000000024,292296144972303.56,292296144972300.25,-1.6898347191540707e-23,1.5229218751275921e-09,-5.2871828922e-24,8.928305817678124e-10,-2.18697110541e-23,-1.6956053385576234e-21,6.837618357499222e-13,0.02505046596496031,0.024572688059545524,0.00047777790541478696,2.505046596496031e-18,4.77777905414787e-20,3.7228847512661584e-20,0.9954530892035319,0.9959745584040218,0.00040392315262069607,0.00032795531569186566,0.8454203261451086,-0.028317608623064983
PF,-7.75,7.75,1.0,1e+16,81,4,6.292877859613875e-14,-0.025166283024278743,0.0004870397584105045,0.0246875,7.805633508992518e-09,0.025174531952777,0.02517453195277686,0.025174531952776996,-1.3877787807814457e-16,-3.469446951953614e-18,4.124464249090406e-06,-0.02517040748852777,-0.025170407488527904,4.124464249090178e-06,-6.124277342182827e-05,7.00372587515806e-05,8.951173136040325e-16,3.281257746432e-21,2.5170407488527907e-10,8.951173136040325e-16,True,3.5562289327735614e-14,894758.1989831886,894528.2195458759,894528.2195458759,895196.5548050253,898064.3860994917,0.500000000000001,3.063590391072548e-05,0.9999693640960893,0.5,260740934309651.03,260740934309647.12,-1.6787173854754257e-23,1.3979150294594654e-09,-6.0081623775e-24,7.937767667526648e-10,-2.26707993711e-23,-2.886136746481061e-22,1.1963364584650648e-13,0.025166283024278743,0.02457669136643709,0.0005895916578416531,2.5166283024278743e-18,5.895916578416531e-20,4.870397584105045e-20,0.9957982721339258,0.996159568747642,0.0004935157868533123,0.000396839546176242,0.8370467598879359,-0.027572038964014833
PF,-8.0,8.0,1.0,1e+16,81,4,8.969808900995267e-14,-0.025306477081877672,0.0006262905281105631,0.0246875,7.1032272966941765e-09,0.025313783424883267,0.02531378342488345,0.025313783424883274,1.8388068845354155e-16,6.938893903907228e-18,3.653171502845815e-06,-0.025310130253380605,-0.025310130253380428,3.6531715028458083e-06,-7.502200861216976e-05,8.552289722759291e-05,1.0928757898653885e-15,4.5937608450048e-21,2.5310130253380604e-10,1.0928757898653885e-15,True,4.3179382283874894e-14,919784.964131691,919595.3457187613,919595.3457187613,920146.4763914471,922811.2980518264,0.5000000000000009,3.2052345535188485e-05,0.999967947654465,0.500000000000002,232787321927882.72,232787321927875.9,-1.3496443085875277e-23,1.2871713134597512e-09,-1.08948011112e-23,7.060539033192928e-10,-2.35519965198e-23,7.215341866202653e-23,4.729042516793015e-14,0.025306477081877672,0.02458041213528205,0.0007260649465956233,2.530647708187767e-18,7.260649465956233e-20,6.262905281105631e-20,0.9960579460498729,0.9963155310724301,0.0006014903671321733,0.00047431227043253765,0.8284250189359011,-0.033023765244583836
PF,-8.25,8.25,1.0,1e+16,81,4,5.398370204440436e-14,-0.025475912857504574,0.0007948912060508921,0.0246875,6.496378000303765e-09,0.02548238470967289,0.02548238470967332,0.025482384709672883,4.3021142204224816e-16,-6.938893903907228e-18,3.2359260842639223e-06,-0.025479148783589055,-0.025479148783588618,3.235926084263908e-06,-9.174347135293542e-05,0.00010422750117942532,9.818534874028728e-16,5.2500123942912e-20,2.5479148783589056e-10,9.818534874028728e-16,True,3.853556866213984e-14,944808.2786675071,944651.6752369832,944651.6752369832,945106.9072751502,947586.547008323,0.5000000000000007,3.381881914852887e-05,0.9999661811808515,0.4999999999999999,208022759914664.97,208022759914656.7,-9.33856029006197e-24,1.1906557716248796e-09,-1.3097793982949999e-23,6.283576392693658e-10,-2.2350364044299998e-23,2.9222134558120744e-21,1.5926013905719726e-12,0.025475912857504574,0.024583877505774742,0.0008920353517298321,2.5475912857504573e-18,8.920353517298322e-20,7.948912060508921e-20,0.9962434082342397,0.996433198476518,0.0007297422305682774,0.0005613343525191828,0.8180642495313258,-0.039955454246128896
PF,-8.5,8.5,1.0,1e+16,81,4,6.260160452281894e-14,-0.025679967910882406,0.0009982067242692914,0.0246875,5.972620881157809e-09,0.025685700751648412,0.025685700751647878,0.02568570075164841,-5.342948306008566e-16,-3.469446951953614e-18,2.866420382868521e-06,-0.02568283433126501,-0.02568283433126554,2.866420382868374e-06,-0.00011194184629787778,0.00012678651140781113,1.0824674490095276e-15,3.41250805628928e-20,2.568283433126554e-10,1.0824674490095276e-15,True,4.2147507360266815e-14,969827.9565833047,969698.217499559,969698.217499559,970075.3978577197,972391.4529690916,0.5000000000000004,3.591388633627649e-05,0.9999640861136637,0.500000000000001,186082501119597.56,186082501119598.03,-8.604816267271386e-24,1.1097142395581465e-09,8.01088317e-25,5.5953464743289e-10,-7.770556674899999e-24,-1.3709149545785041e-21,8.02541302235675e-13,0.025679967910882406,0.024587111555758708,0.0010928563551236975,2.5679967910882407e-18,1.0928563551236975e-19,9.982067242692914e-20,0.9963744142766017,0.9965184092037598,0.0008807993242194593,0.0006619283813311199,0.8059607468904401,-0.043886188383798874
PF,-8.75,8.75,1.0,1e+16,81,4,7.98034692155444e-14,-0.025924831922214748,0.0012424157007967702,0.0246875,5.5216168828243416e-09,0.02592991017917989,0.025929910179180168,0.025929910179179904,2.7755575615628914e-16,1.3877787807814457e-17,2.539128482643005e-06,-0.025927371050697524,-0.02592737105069726,2.5391284826428545e-06,-0.00013623516595628952,0.00015394671547704978,1.124100812432971e-15,6.82501611257856e-20,2.5927371050697523e-10,1.124100812432971e-15,True,4.33557575210746e-14,994843.9838008384,994736.0282602774,994736.0282602774,995049.9055235467,997226.101880006,0.5000000000000003,3.830980985612393e-05,0.9999616901901438,0.5,166646941541883.3,166646941541877.94,-6.536992203043379e-24,1.0447566898195666e-09,-8.531590576049999e-24,4.985738749573662e-10,-1.5180623607149998e-23,1.0462245705993846e-21,6.7516089451893e-13,0.025924831922214748,0.024590135687853336,0.001334696234361412,2.592483192221475e-18,1.334696234361412e-19,1.2424157007967702e-19,0.9964750169221454,0.9965863462960493,0.001058752373683372,0.0007816849916379674,0.7932534358201244,-0.043585922377995745
PF,-9.0,9.0,1.0,1e+16,81,4,8.263839402245348e-14,-0.02621792299693832,0.0015349265580399693,0.0246875,5.134912266477373e-09,0.026222421423127706,0.02622242142312767,0.026222421423127706,-3.469446951953614e-17,0.0,2.249213094684204e-06,-0.026220172210032987,-0.026220172210033022,2.249213094684205e-06,-0.00016536791589369788,0.00018658599847237392,1.0512424264419451e-15,1.155002726744064e-19,2.622017221003302e-10,1.0512424264419451e-15,True,4.009288794982408e-14,1019856.7189898331,1019766.3886579989,1019766.3886579989,1020029.0379220056,1022087.9242705365,0.5000000000000002,4.096743580021316e-05,0.9999590325641998,0.5000000000000008,149436637553408.2,149436637553405.25,-5.291850831035117e-24,9.942815643535032e-10,-4.7264210703e-24,4.4459029856591455e-10,-9.6931686357e-24,-1.515221791902557e-21,1.0261629975685123e-12,0.02621792299693832,0.02459296896194844,0.0016249540349898804,2.621792299693832e-18,1.6249540349898805e-19,1.5349265580399694e-19,0.9965621228254409,0.996649043821905,0.0012692021464226454,0.000925402358794924,0.781069568180462,-0.0405751868824632
PF,-9.25,9.25,1.0,1e+16,81,4,9.450424202124524e-14,-0.026568188051570584,0.001884677687054028,0.0246875,4.805680163881921e-09,0.026572172881373868,0.02657217288137414,0.02657217288137387,2.706168622523819e-16,3.469446951953614e-18,1.9924149017105314e-06,-0.02657018046647243,-0.026570180466472162,1.9924149017105267e-06,-0.00020023974693370462,0.00022574190292330517,1.2455314557513475e-15,1.102502602801152e-19,2.657018046647243e-10,1.2455314557513475e-15,True,4.6877041626533956e-14,1044866.7473621144,1044790.6593323282,1044790.6593323282,1045011.9070123667,1046972.7136706979,0.5000000000000009,4.383014282634095e-05,0.9999561698571737,0.5000000000000006,134206173845157.27,134206173845153.1,-1.3941136433021085e-23,9.55617006926286e-10,-6.5288697835499995e-24,3.968053181500255e-10,-2.02675344201e-23,-3.246903839791194e-22,2.205506475700253e-13,0.026568188051570584,0.02459562838196141,0.001972559669609176,2.6568188051570583e-18,1.9725596696091758e-19,1.884677687054028e-19,0.9966432538522229,0.9967114780054289,0.001518679007413157,0.0010965346891163436,0.7699026958784236,-0.03685585484945997
PF,-9.5,9.5,1.0,1e+16,81,4,6.107058313405991e-14,-0.026986286541729645,0.002302320994761027,0.0246875,4.528487428739145e-09,0.0269898164662736,0.026989816466273634,0.026989816466273586,3.469446951953614e-17,-1.3877787807814457e-17,1.7649622719827413e-06,-0.026988051504001652,-0.026988051504001603,1.7649622719827404e-06,-0.000241922122468076,0.000272609767115797,1.1275702593849246e-15,1.57500371828736e-20,2.6988051504001654e-10,1.1275702593849246e-15,True,4.1780350805160355e-14,1069874.6663646065,1069810.0781923118,1069810.0781923118,1069997.8924404518,1071876.1306857956,0.5000000000000007,4.681707343135072e-05,0.9999531829265687,0.500000000000001,120739070539441.11,120739070539438.45,-1.1851077701435786e-23,9.259944965430142e-10,-4.2457680800999996e-24,3.5453068004716594e-10,-1.5901603092449998e-23,3.6076709331013267e-22,2.8796222215733565e-13,0.026986286541729645,0.024598129143891777,0.0023881573978378687,2.6986286541729646e-18,2.388157397837869e-19,2.302320994761027e-19,0.9967205399043619,0.996774295370232,0.00181438152122381,0.0012982618449657885,0.7597411807389539,-0.03358175401350705
PF,-9.75,9.75,1.0,1e+16,81,4,6.91432287898755e-14,-0.027484770965950346,0.0028004022804733525,0.0246875,4.2991242305878164e-09,0.027487897981349124,0.027487897981349013,0.027487897981349135,-1.1102230246251565e-16,1.0408340855860843e-17,1.5635076993664388e-06,-0.02748633447364965,-0.02748633447364977,1.563507699366351e-06,-0.0002916755536763488,0.0003286037705720157,1.1449174941446927e-15,1.470003470401536e-19,2.748633447364977e-10,1.1449174941446927e-15,True,4.1654062503033525e-14,1094880.9730665805,1094825.6648608278,1094825.6648608278,1094986.496978919,1096794.5011763477,0.5000000000000007,4.981638593828124e-05,0.9999501836140616,0.5000000000000004,108844184874560.77,108844184874559.05,-1.0094538980209844e-23,9.031140956034106e-10,-2.76375469365e-24,3.171571601130959e-10,-1.2336760081799999e-23,-3.6076709331013267e-22,2.7929623977144966e-13,0.027484770965950346,0.024600484851044505,0.0028842861149058416,2.7484770965950346e-18,2.8842861149058418e-19,2.8004022804733524e-19,0.9967942398938582,0.9968367469645159,0.002164327401308637,0.0015344955037849169,0.7503858199516008,-0.031059709169215632
PF,-10.0,10.0,1.0,1e+16,81,4,8.262264876659893e-14,-0.02807832873498531,0.0033936030099267255,0.0246875,4.114497174022306e-09,0.028081098895429552,0.028081098895429635,0.028081098895429545,8.326672684688674e-17,-6.938893903907228e-18,1.3850802221426729e-06,-0.028079713815207494,-0.028079713815207404,1.3850802221426718e-06,-0.0003509737295114136,0.00039537675375020577,1.1726730697603216e-15,8.40001983086592e-20,2.80797138152075e-10,1.1726730697603216e-15,True,4.176228709016336e-14,1119886.0442472845,1119838.2187788526,1119838.2187788526,1119977.2927070747,1121724.9672171478,0.5000000000000004,5.268030155895573e-05,0.9999473196984411,0.5000000000000007,98353042341947.16,98353042341945.0,-8.360234926341192e-24,8.852476347943455e-10,-3.5047613868749995e-24,2.841461171722148e-10,-1.2016324755e-23,-1.948142303874716e-21,1.6182038537566364e-12,0.02807832873498531,0.024602707701293542,0.0034756210336917663,2.807832873498531e-18,3.475621033691766e-19,3.3936030099267255e-19,0.996864289644282,0.9968980221958036,0.00257764205850769,0.0018102160165463736,0.7416349577588287,-0.029190018603551304
PF,-10.25,10.25,1.0,1e+16,81,4,6.250165141303835e-14,-0.028784095202914854,0.00409905326588757,0.0246875,3.972574548882479e-09,0.02878654929331302,0.02878654929331275,0.028786549293313025,-2.706168622523819e-16,3.469446951953614e-18,1.2270451990176725e-06,-0.028785322248113733,-0.028785322248114007,1.227045199017605e-06,-0.00042153506486822793,0.00047485833170263637,1.4085954624931674e-15,3.255007684460544e-19,2.8785322248114005e-10,1.4085954624931674e-15,True,4.8934503854145926e-14,1144890.155856101,1144848.3555701259,1144848.3555701259,1144969.9085583813,1146665.3614906478,0.5000000000000006,5.5224927556587444e-05,0.9999447750724433,0.5000000000000003,89117611776269.55,89117611776268.77,-7.426378897334996e-24,8.711454376736804e-10,-1.32179572305e-24,2.5502237973511885e-10,-7.97082875415e-24,-1.4430683732405306e-22,1.1823021107148613e-13,0.028784095202914854,0.024604808650400416,0.004179286552514438,2.8784095202914854e-18,4.1792865525144377e-19,4.09905326588757e-19,0.9969307191052448,0.9969575831986088,0.003064836281687933,0.002131467290194892,0.7333395887496627,-0.027779499382097228
PF,-10.5,10.5,1.0,1e+16,81,4,6.107139574895385e-14,-0.02962203227785448,0.004936710286329179,0.0246875,3.872376582557038e-09,0.029624206413952598,0.02962420641395317,0.029624206413952595,5.724587470723463e-16,-3.469446951953614e-18,1.0870680492024154e-06,-0.02962311934590397,-0.029623119345903393,1.0870680492023492e-06,-0.0005053608505289034,0.0005692985345771705,1.3565537582138631e-15,1.785004214059008e-19,2.9623119345903967e-10,1.3565537582138631e-15,True,4.579375123779582e-14,1169893.5092726317,1169856.548208351,1169856.548208351,1169964.0283727187,1171614.032186244,0.5000000000000003,5.723867102536426e-05,0.9999427613289746,0.5000000000000004,81008326086244.3,81008326086241.36,-5.247381496320535e-24,8.599086636369696e-10,-4.7264210703e-24,2.2936786163855014e-10,-9.73322305155e-24,8.658410239443182e-22,7.843937895884966e-13,0.02962203227785448,0.024606797554670917,0.005015234723183562,2.962203227785448e-18,5.015234723183562e-19,4.936710286329179e-19,0.9969936790185523,0.9970151468309708,0.003638060730728183,0.0025053273095573814,0.7254018867573203,-0.026664516424800555
PF,-10.75,10.75,1.0,1e+16,81,4,5.702491697063516e-14,-0.030615370081462857,0.005929800057813801,0.0246875,3.814010023714529e-09,0.030617296243803778,0.030617296243803632,0.030617296243803754,-1.457167719820518e-16,-2.42861286636753e-17,9.630811704187668e-07,-0.030616333162633215,-0.030616333162633336,9.630811704187678e-07,-0.0006047796705258783,0.0006813177563739798,1.231653667943533e-15,1.680003966173184e-19,3.0616333162633335e-10,1.231653667943533e-15,True,4.02286472844744e-14,1194896.2530131335,1194863.1613925684,1194863.1613925684,1194959.3885863312,1196569.6977887345,0.5000000000000003,5.850254764762675e-05,0.9999414974523523,0.5000000000000001,73912300853294.53,73912300853293.56,-4.5136374735299526e-24,8.50883791899947e-10,-1.4820133864499999e-24,2.0681577137202896e-10,-6.36865212015e-24,7.936876052822918e-22,7.375391900058627e-13,0.030615370081462857,0.024608683295686457,0.0060066867857763995,3.0615370081462857e-18,6.006686785776399e-19,5.929800057813801e-19,0.9970533868509694,0.9970705989607438,0.004311360973908714,0.0029399476913726415,0.7177602441528746,-0.025733956073301867
PF,-11.0,11.0,1.0,1e+16,81,4,5.894046484910817e-14,-0.031791114597045186,0.00710532490370208,0.0246875,3.79875120085354e-09,0.03179282110495088,0.031792821104951206,0.03179282110495089,3.2612801348363973e-16,6.938893903907228e-18,8.532539529323534e-07,-0.031791967850998276,-0.03179196785099796,8.532539529323514e-07,-0.0007224983753188446,0.0008139638937625771,1.4432899320127035e-15,2.10000495771648e-20,3.1791967850998276e-10,1.4432899320127035e-15,True,4.539794261170228e-14,1219898.498239362,1219868.477567882,1219868.477567882,1219955.773784676,1221531.3434719397,0.5000000000000002,5.882269595688243e-05,0.9999411773040431,0.5000000000000003,67731746294639.266,67731746294637.586,-3.935536122240402e-24,8.435874842974492e-10,-2.6936594659124998e-24,1.8704540724254953e-10,-7.009522773749999e-24,5.772273492962122e-22,5.52255234978313e-13,0.031791114597045186,0.024610473889442288,0.0071806407076028984,3.1791114597045186e-18,7.180640707602898e-19,7.10532490370208e-19,0.9971100796488638,0.9971239229375062,0.0051009529747442425,0.0034446556868768727,0.7103757425633799,-0.024919443490396376
PF,-11.25,11.25,1.0,1e+16,81,4,6.044821246047326e-14,-0.033180628088045526,0.008494643848904367,0.0246875,3.829185452315736e-09,0.03318214001971891,0.03318214001971946,0.03318214001971892,5.48172618408671e-16,6.938893903907228e-18,7.559658368354038e-07,-0.03318138405388263,-0.03318138405388209,7.559658368354013e-07,-0.0008616603034277915,0.0009707776676738838,1.2420620087993939e-15,2.310005453488128e-19,3.318138405388263e-10,1.2420620087993939e-15,True,3.7432495485493694e-14,1244900.3292928415,1244872.7160389624,1244872.7160389624,1244953.010931802,1246498.1508233752,0.5000000000000002,5.8069727100909086e-05,0.999941930272899,0.5000000000000001,62382571520272.96,62382571520271.06,-3.1573227647352376e-24,8.376558043105093e-10,-3.024108396675e-24,1.6977753579523685e-10,-5.7478086744749996e-24,1.4430683732405307e-21,1.3997508500707204e-12,0.033180628088045526,0.02461217658190256,0.008568451506142966,3.3180628088045524e-18,8.568451506142965e-19,8.494643848904367e-19,0.9971639865541887,0.9971751533190676,0.0060255312484164755,0.004030098375592369,0.7032228920355797,-0.02418093103768859
PF,-11.5,11.5,1.0,1e+16,81,4,4.7367109706493415e-14,-0.03482029149467715,0.010134134968618454,0.0246875,3.909414512055354e-09,0.03482163105920394,0.03482163105920452,0.03482163105920393,5.828670879282072e-16,-6.938893903907228e-18,6.697822635391551e-07,-0.03482096127694098,-0.03482096127694039,6.697822635391148e-07,-0.0010259116874527495,0.001155888346085913,1.3253287356462806e-15,1.470003470401536e-19,3.4820961276940984e-10,1.3253287356462806e-15,True,3.8061233436537415e-14,1269901.8107825143,1269876.0469754725,1269876.0469754725,1269950.96329925,1271469.450493399,0.5000000000000002,5.621332455417942e-05,0.9999437866754458,0.5000000000000004,57793175280569.06,57793175280567.43,-3.468608107737303e-24,8.328102473499802e-10,-2.623564238175e-24,1.5477033330233015e-10,-6.0081623775e-24,7.215341866202653e-23,7.69545394267912e-14,0.03482029149467715,0.024613797932793804,0.010206493561883346,3.482029149467715e-18,1.0206493561883346e-18,1.0134134968618453e-18,0.9972153159866715,0.9972243487466963,0.0071066176316827954,0.004708416991258412,0.6962839479194706,-0.023495511776872424
PF,-11.75,11.75,1.0,1e+16,81,4,6.109601676107872e-14,-0.036752259763988784,0.012065950675939288,0.0246875,4.045347701288677e-09,0.03675344663059159,0.03675344663059174,0.036753446630591574,1.5265566588595902e-16,-1.3877787807814457e-17,5.934333014366922e-07,-0.036752853197290304,-0.03675285319729014,5.934333014366918e-07,-0.0012194773517380565,0.0013740366046604004,1.6167622796103842e-15,2.10000495771648e-19,3.6752853197290304e-10,1.6167622796103842e-15,True,4.39901161123889e-14,1294902.9924026076,1294878.601755876,1294878.601755876,1294949.524765748,1296444.6897933614,0.5,5.333820409466034e-05,0.9999466617959053,0.5000000000000001,53903413654152.33,53903413654151.39,-1.7787733885832323e-24,8.288347759651848e-10,-1.5220678023e-24,1.4181585709877197e-10,-3.72506067405e-24,-2.3810628158468755e-21,2.3787619534521217e-12,0.036752259763988784,0.024615343889218256,0.012136915874770528,3.675225976398879e-18,1.2136915874770528e-18,1.2065950675939287e-18,0.9972642512689381,0.997271576787354,0.008368957011909522,0.005493447028986319,0.6895456060057558,-0.022850162948187536
PF,-12.0,12.0,1.0,1e+16,81,4,7.317889564194327e-14,-0.03902532261206677,0.014338878446556678,0.0246875,4.245098043227356e-09,0.03902637420145864,0.03902637420145869,0.03902637420145863,5.551115123125783e-17,-6.938893903907228e-18,5.257946959456602e-07,-0.03902584840676275,-0.03902584840676269,5.257946959456303e-07,-0.0014472469602029511,0.0016307289886266197,1.8110513089197866e-15,2.940006940803072e-19,3.9025848406762753e-10,1.8110513089197866e-15,True,4.640645579420514e-14,1319903.9122697467,1319880.4806831675,1319880.4806831675,1319948.6148156084,1321423.4099428665,0.5000000000000001,4.963277409527934e-05,0.9999503672259047,0.5000000000000002,50663733597030.8,50663733597029.99,-2.6014560808029773e-24,8.255599731982934e-10,-1.2717277032375e-24,1.3073700810264043e-10,-4.145632040475e-24,-1.6595286292266101e-21,1.6791000038863514e-12,0.03902532261206677,0.024616819850491786,0.014408502761574987,3.902532261206677e-18,1.4408502761574986e-18,1.4338878446556678e-18,0.9973109504707752,0.9973169056697486,0.009840966139319625,0.006400944083609424,0.682997137326704,-0.02223739852619372
PF,-12.25,12.25,1.0,1e+16,81,4,6.218447554827527e-14,-0.04169588479336086,0.017009321055056915,0.0246875,4.519511056381401e-09,0.041696816535545855,0.04169681653554565,0.04169681653554583,-2.0816681711721685e-16,-2.7755575615628914e-17,4.6587109244218007e-07,-0.04169635066445321,-0.04169635066445339,4.658710924421805e-07,-0.0017148732283991136,0.0019323384972581143,1.6930901125533637e-15,1.1760027763212288e-18,4.169635066445339e-10,1.6930901125533637e-15,True,4.0605234884422206e-14,1344904.5992821907,1344881.7587865847,1344881.7587865847,1344948.1743394358,1346405.2296258498,0.4999999999999999,4.535310764166845e-05,0.9999546468923584,0.5000000000000001,48034461349989.81,48034461349990.9,-8.22682692219745e-25,8.228518400031879e-10,1.7423670894749998e-24,1.2138494567072364e-10,1.021387604175e-24,1.6595286292266101e-21,1.7012996385731271e-12,0.04169588479336086,0.024618230725413356,0.017077654067947503,4.169588479336086e-18,1.7077654067947503e-18,1.7009321055056915e-18,0.9973555480855955,0.9973603998620114,0.01155524206166468,0.0074488374549204,0.6766293552785064,-0.021652770918043074
PF,-12.5,12.5,1.0,1e+16,81,4,8.03574091223651e-14,-0.04482908167231459,0.02014241211756355,0.0246875,4.882862400729541e-09,0.044829907234701157,0.04482990723470315,0.04482990723470116,1.9914625504213745e-15,6.938893903907228e-18,4.127811937801372e-07,-0.044829494453509366,-0.04482949445350738,4.12781193780134e-07,-0.0020288836844520194,0.0022862241520001654,3.3514857555871913e-15,8.40001983086592e-20,4.482949445350937e-10,3.3514857555871913e-15,True,7.476073055124154e-14,1369905.0748175208,1369882.4902022544,1369882.4902022544,1369948.1622186198,1371389.832780115,0.5000000000000002,4.077528001304482e-05,0.999959224719987,0.5000000000000001,45985235680141.9,45985235680141.4,-2.1345280662998788e-24,8.206036811638285e-10,-8.1110192096249995e-25,1.1363691862157891e-10,-3.0441356046e-24,1.4430683732405307e-21,1.4968331342149592e-12,0.04482908167231459,0.024619580982974353,0.02020950068934024,4.482908167231459e-18,2.020950068934024e-18,2.0142412117563553e-18,0.9973981573109946,0.9974021177582213,0.013549137428684403,0.008657514557444783,0.67043405163548,-0.021093472401269242
PF,-12.75,12.75,1.0,1e+16,81,4,7.664164573718741e-14,-0.048500047809262925,0.02381328465230145,0.0246875,5.353771248811243e-09,0.04850077929853021,0.048500779298530604,0.04850077929853022,3.95516952522712e-16,1.3877787807814457e-17,3.6574463374791656e-07,-0.04850041355389686,-0.048500413553896476,3.657446337479161e-07,-0.002396807754223665,0.002700874572493302,2.9629076969683865e-15,1.3440031729385471e-18,4.850041355389685e-10,2.9629076969683865e-15,True,6.109035943942638e-14,1394905.3539690203,1394882.7114777025,1394882.7114777025,1394948.5526194538,1396376.959325205,0.5,3.615209704391524e-05,0.999963847902956,0.5000000000000001,44494577346999.29,44494577346999.88,-6.225706860041313e-25,8.187300953683203e-10,9.613059804e-25,1.0739448027657377e-10,5.607618219e-25,2.9582901651430875e-21,3.082495776780109e-12,0.048500047809262925,0.024620874697364473,0.023879173111898452,4.8500047809262926e-18,2.3879173111898453e-18,2.381328465230145e-18,0.9974388723374523,0.9974421104916503,0.015865410768056934,0.01005013972070129,0.6644036916065389,-0.020557569566982514
PF,-13.0,13.0,1.0,1e+16,81,4,6.380845884948505e-14,-0.052795358415107435,0.02810851251223586,0.0246875,5.9563898541380685e-09,0.05279600655584601,0.05279600655584634,0.05279600655584601,3.3306690738754696e-16,0.0,3.240703693692777e-07,-0.052795682485476975,-0.05279568248547664,3.240703693692773e-07,-0.0028273211596855107,0.003186071085937034,3.469446951953614e-15,1.0920025780125696e-18,5.279568248547698e-10,3.469446951953614e-15,True,6.571459613024207e-14,1419905.4464496241,1419882.4440456158,1419882.4440456158,1419949.3329042739,1421366.3980090232,0.5000000000000002,3.1685077035929704e-05,0.9999683149229642,0.5000000000000001,43549587771295.51,43549587771295.99,-1.3563147087947148e-24,8.171624369458995e-10,7.81061109075e-25,1.0258205987970253e-10,-7.4100669322499995e-25,3.030443583805114e-21,3.174127128458147e-12,0.052795358415107435,0.02462211558797813,0.028173242827129304,5.279535841510743e-18,2.81732428271293e-18,2.810851251223586e-18,0.9974777703731057,0.9974804213074139,0.018552960785405234,0.011653011382250486,0.6585312489316899,-0.020043594505894824
PF,-13.25,13.25,1.0,1e+16,81,4,7.477681953471646e-14,-0.057814665921129126,0.03312774693590709,0.0246875,6.7219470777141085e-09,0.05781524021396001,0.05781524021396278,0.05781524021395999,2.768618667658984e-15,-2.0816681711721685e-17,2.871464161279574e-07,-0.05781495306754665,-0.05781495306754386,2.8714641612795523e-07,-0.003330409858501829,0.0037530729169693877,4.954370247389761e-15,1.1760027763212288e-18,5.781495306754665e-10,4.954370247389761e-15,True,8.569357898814597e-14,1444905.3572482744,1444881.6960445505,1444881.6960445505,1444950.502067642,1446357.9808445377,0.5000000000000001,2.751412954917849e-05,0.999972485870451,0.5000000000000001,43145771512649.04,43145771512648.74,-1.1562027025791011e-24,8.158453345664432e-10,-5.106938020875e-25,9.914586733466281e-11,-1.96266637665e-24,4.0405914450734854e-21,4.244724169475415e-12,0.057814665921129126,0.024623307055039963,0.03319135886608916,5.781466592112913e-18,3.3191358866089163e-18,3.312774693590709e-18,0.9975149132997457,0.9975170852055509,0.02166765478894643,0.013495962103523301,0.6528101147158446,-0.019550332587772
PF,-13.5,13.5,1.0,1e+16,81,4,8.765836843597331e-14,-0.06367255657800124,0.03898557313028675,0.0246875,7.69074559902403e-09,0.06367306543954115,0.06367306543954114,0.06367306543954114,-1.3877787807814457e-17,-1.3877787807814457e-17,2.544307699565394e-07,-0.06367281100877119,-0.06367281100877119,2.544307699565394e-07,-0.003917556019756506,0.00441482730750618,3.58046925441613e-15,4.20000991543296e-19,6.367281100877118e-10,3.58046925441613e-15,True,5.623231011307017e-14,1469905.0870958492,1469880.4636169635,1469880.4636169635,1469952.0696157373,1471351.5787871869,0.5000000000000001,2.3721007627977984e-05,0.9999762789923721,0.5000000000000002,43286978770827.98,43286978770828.484,-1.4452533782238763e-24,8.14733988151192e-10,7.9608151501875e-25,9.70531126498049e-11,-4.606257822749999e-25,2.597523071832955e-21,2.7298148498330755e-12,0.06367255657800124,0.02462445221135104,0.039048104366650196,6.367255657800123e-18,3.90481043666502e-18,3.898557313028675e-18,0.9975503489432884,0.9975521286561503,0.02527326250090514,0.015612806319230316,0.6472340440292992,-0.019076715429002078
PF,-13.75,13.75,1.0,1e+16,81,4,8.352632164094057e-14,-0.07050065497182707,0.04581361477332231,0.0246875,8.914740424794036e-09,0.0705011058585819,0.07050110585858346,0.07050110585858188,1.5681900222830336e-15,-1.3877787807814457e-17,2.2544337779568095e-07,-0.07050088041520566,-0.07050088041520408,2.2544337779570575e-07,-0.004601948828507879,0.005186207756258413,5.676015213396113e-15,1.680003966173184e-19,7.050088041520566e-10,5.676015213396113e-15,True,8.050984867093812e-14,1494904.632780089,1494878.731781224,1494878.731781224,1494954.0548193357,1496347.0984150544,0.5000000000000002,2.034033618746128e-05,0.9999796596638124,0.49999999999999967,43985465693330.58,43985465693330.69,-8.22682692219745e-25,8.137920510415981e-10,1.6772786637187499e-25,9.62915257334413e-11,-8.01088317e-25,3.391210677115247e-21,3.5593913997943873e-12,0.07050065497182707,0.024625553910600853,0.04587510106122622,7.050065497182708e-18,4.587510106122622e-18,4.581361477332231e-18,0.997584111985286,0.9975855693164364,0.02944250780661943,0.01804184126122914,0.6417971214346672,-0.018621768173039843
PF,-14.0,14.0,1.0,1e+16,81,4,7.698233570987685e-14,-0.07845000765816247,0.053762917637091574,0.0246875,1.0460861679149798e-08,0.07845040717622989,0.07845040717623353,0.07845040717622988,3.635980405647388e-15,-1.3877787807814457e-17,1.997590346241956e-07,-0.07845020741719891,-0.07845020741719526,1.9975903462419414e-07,-0.0053987232436312135,0.006084283949530914,6.147859998861804e-15,2.6880063458770943e-18,7.845020741719891e-10,6.147859998861804e-15,True,7.836639572114104e-14,1519903.987337188,1519876.4749492037,1519876.4749492037,1519956.4862843219,1521344.4794446244,0.5000000000000001,1.7372854960937447e-05,0.9999826271450389,0.5000000000000001,45262071797829.47,45262071797829.17,-8.893866942916161e-25,8.129899596572407e-10,-4.906665941625e-25,9.686916622098931e-11,-1.1615780596499999e-24,5.19504614366591e-21,5.434154788254987e-12,0.07845000765816247,0.02462661477265221,0.05382339288551026,7.845000765816247e-18,5.382339288551026e-18,5.376291763709157e-18,0.9976162245580142,0.9976174157008094,0.03425825241983113,0.020826407068378128,0.6364937359616688,-0.018184583865235304
PF,-14.25,14.25,1.0,1e+16,81,4,7.761068233739583e-14,-0.08769378080322884,0.06300664722071614,0.0246875,1.24152894714394e-08,0.08769413480542666,0.08769413480542768,0.08769413480542666,1.0130785099704553e-15,0.0,1.770010991647514e-07,-0.08769395780432851,-0.0876939578043275,1.770010991647511e-07,-0.006325230202702921,0.007128627382593197,8.104628079763643e-15,1.680003966173184e-19,8.769395780432851e-10,8.104628079763643e-15,True,9.24194583376827e-14,1544903.1401397118,1544873.6571426026,1544873.6571426026,1544959.4017953451,1546343.6929616143,0.5,1.4797551325559803e-05,0.9999852024486744,0.4999999999999999,47146515309351.09,47146515309351.3,-7.11509355433293e-25,8.123036094571174e-10,3.0541492085625e-25,9.881451685858012e-11,-7.4100669322499995e-25,2.1646025598607956e-22,2.2590086921711895e-13,0.08769378080322884,0.024627637206117624,0.06306614359711121,8.769378080322884e-18,6.306614359711121e-18,6.3006647220716136e-18,0.9976466965659215,0.9976476667801167,0.03981482701674355,0.024015512708788767,0.6313185608921122,-0.017764310954974605
PF,-14.5,14.5,1.0,1e+16,81,4,1.2646793367993903e-13,-0.09843031082278297,0.07374313938359495,0.0246875,1.4888945346688141e-08,0.09843062449464961,0.09843062449464887,0.0984306244946496,-7.355227538141662e-16,-1.3877787807814457e-17,1.5683593312877668e-07,-0.09843046765871574,-0.09843046765871646,1.568359331287768e-07,-0.0074013421783088295,0.008341657149225273,7.674416657721395e-15,1.680003966173184e-18,9.843046765871646e-10,7.674416657721395e-15,True,7.79678979513798e-14,1569902.0768947555,1569870.2319472702,1569870.2319472702,1569962.8483990775,1571344.74027869,0.4999999999999999,1.2581243701138683e-05,0.9999874187562989,0.5000000000000001,49677808680725.14,49677808680725.29,-1.534192047653038e-24,8.117133012035124e-10,2.503400990625e-25,1.021768576457989e-10,-9.41278772475e-25,-1.5873752105645836e-21,1.6373409339937146e-12,0.09843031082278297,0.024628623428546395,0.07380168739423658,9.843031082278297e-18,7.380168739423658e-18,7.374313938359495e-18,0.9976755257695442,0.997676311505172,0.04621952712462249,0.027664535010359814,0.6262665361257299,-0.017360147018085414
PF,-14.75,14.75,1.0,1e+16,81,4,9.576827786972564e-14,-0.11088655156529299,0.08619934752579056,0.0246875,1.8024536498662995e-08,0.11088682950125406,0.11088682950125205,0.11088682950125411,-2.0122792321330962e-15,5.551115123125783e-17,1.3896798003738794e-07,-0.110886690533272,-0.11088669053327407,1.389679800373883e-07,-0.008649798446304391,0.009749030911506062,7.702172233337023e-15,6.048014278223462e-18,1.1088669053327407e-09,7.702172233337023e-15,True,6.945984406510727e-14,1594900.7795621126,1594866.1422329878,1594866.1422329878,1594966.8827020887,1596347.6523555329,0.5000000000000001,1.0685404562618144e-05,0.9999893145954373,0.5000000000000001,52904798024965.555,52904798024965.84,-6.225706860041313e-25,8.112028995185563e-10,4.1556456444375e-25,1.0702692148990254e-10,-4.20571366425e-25,-1.8759888852126896e-21,1.9165646059497497e-12,0.11088655156529299,0.02462957548448696,0.08625697608080604,1.1088655156529299e-17,8.625697608080604e-18,8.619934752579055e-18,0.9977026976594139,0.9977033282386424,0.0535942929591979,0.03183599882889515,0.6213328520697323,-0.01697133538199469
PF,-15.0,15.0,1.0,1e+16,81,4,1.0082671700294709e-13,-0.12532196664285428,0.10063473491925,0.0246875,2.200557940416132e-08,0.12532221291367057,0.125322212913676,0.12532221291367063,5.440092820663267e-15,5.551115123125783e-17,1.2313540950922292e-07,-0.1253220897782665,-0.12532208977826112,1.2313540950923613e-07,-0.010096594932807037,0.011380086658801528,1.1796119636642288e-14,1.0080023797039103e-18,1.253220897782665e-09,1.1796119636642288e-14,True,9.412641983159767e-14,1619899.2261989885,1619861.319657975,1619861.319657975,1619971.5713663495,1621352.4897349316,0.5,9.070612650966291e-06,0.999990929387349,0.5000000000000001,56886831654617.09,56886831654617.16,-3.7798934507393687e-25,8.107591589647779e-10,1.00136039625e-25,1.134578355830128e-10,-6.60897861525e-25,-2.2367559785228224e-21,2.2569354076442717e-12,0.12532196664285428,0.024630495261653017,0.10069147138120126,1.2532196664285428e-17,1.0069147138120126e-17,1.0063473491925e-17,0.9977281851394718,0.9977286840914407,0.062077594504202915,0.03660044718661298,0.6165129345382928,-0.01659716306979464
PF,-15.25,15.25,1.0,1e+16,81,4,9.661657276032062e-14,-0.14203292112065502,0.1173456664011244,0.0246875,2.706794360982751e-08,0.1420331393331808,0.14203313933317546,0.14203313933318087,-5.329070518200751e-15,8.326672684688674e-17,1.0910626158992604e-07,-0.14203303022691388,-0.1420330302269193,1.0910626158993904e-07,-0.011771424068088645,0.013268341531321427,1.3405943022348765e-14,2.0160047594078206e-18,1.4203303022691929e-09,1.3405943022348765e-14,True,9.438609456498069e-14,1644897.3907353256,1644855.6839701212,1644855.6839701212,1644976.9917914355,1646359.3429628531,0.5000000000000001,7.699208987005758e-06,0.9999923007910131,0.5000000000000001,61694564410733.164,61694564410733.67,-7.559786901478737e-25,8.103711828341446e-10,7.58530500159375e-25,1.2158635611956405e-10,2.8038091095e-25,-6.205194004934281e-21,6.1709711152554405e-12,0.14203292112065502,0.024631384505420337,0.11740153661523468,1.4203292112065503e-17,1.1740153661523468e-17,1.173456664011244e-17,0.9977519480328029,0.9977523341559599,0.07182654543607003,0.04203741108974568,0.611802430418525,-0.016236959341137114
PF,-15.5,15.5,1.0,1e+16,81,4,1.0973709927640129e-13,-0.16135763298887737,0.13667035985354228,0.0246875,3.3514600042857926e-08,0.16135782633894225,0.16135782633894596,0.16135782633894216,3.7192471324942744e-15,-8.326672684688674e-17,9.667503335046029e-08,-0.16135772966391262,-0.16135772966390882,9.667503335047094e-08,-0.01370817069754444,0.015452054727563672,1.2739809207573671e-14,4.368010312050278e-18,1.6135772966391262e-09,1.2739809207573671e-14,True,7.895382039713284e-14,1669895.2426817634,1669849.1421106993,1669849.1421106993,1669983.232977785,1671368.3334723446,0.5,6.536702779940789e-06,0.9999934632972199,0.5,67410905988144.65,67410905988144.8,0.0,8.100299874169679e-10,2.0527888123125e-25,1.315544073595494e-10,5.2070740605e-25,8.94702391409129e-21,8.742469359817693e-12,0.16135763298887737,0.02463224483182062,0.13672538815705676,1.6135763298887738e-17,1.3672538815705676e-17,1.3667035985354228e-17,0.9977739324171137,0.9977742206233011,0.08301927203395082,0.048236489690493156,0.6071971939738536,-0.015890094470078664
PF,-15.75,15.75,1.0,1e+16,81,4,1.233232881423813e-13,-0.18368175171864737,0.15899446477240167,0.0246875,4.1734438864136656e-08,0.1836819230379628,0.1836819230379587,0.1836819230379629,-4.107825191113079e-15,1.1102230246251565e-16,8.565965672603658e-08,-0.18368183737830196,-0.18368183737830618,8.565965672603684e-08,-0.01594547078851034,0.01797486234549135,1.4960255256823984e-14,8.736020624100557e-18,1.8368183737830618e-09,1.4960255256823984e-14,True,8.144656799143534e-14,1694892.7467705936,1694841.587121971,1694841.587121971,1694990.3965702138,1696379.6149213978,0.5000000000000001,5.552364348796945e-06,0.9999944476356512,0.5000000000000001,74132123038824.78,74132123038825.39,-1.7787733885832324e-25,8.097281503597874e-10,9.800814878296875e-25,1.4353093944755326e-10,7.00952277375e-25,-4.834279050355777e-21,4.629857223855041e-12,0.18368175171864737,0.024633077739207705,0.15904867397943967,1.8368175171864736e-17,1.5904867397943967e-17,1.5899446477240167e-17,0.9977940697930746,0.9977942717796296,0.09585756600214124,0.05529855248930232,0.6026932737240728,-0.015555978643804369
PF,-16.0,16.0,1.0,1e+16,81,4,1.0726027286893708e-13,-0.20944463881173722,0.1847573428356303,0.0246875,5.222624879230711e-08,0.2094447906093815,0.20944479060938292,0.20944479060938154,1.4155343563970746e-15,2.7755575615628914e-17,7.58988225121095e-08,-0.20944471471056042,-0.20944471471055903,7.589882251210944e-08,-0.01852734043334332,0.020886492934588153,1.426636586643326e-14,0.0,2.0944471471056043e-09,1.426636586643326e-14,True,6.81151867983324e-14,1719889.8625286396,1719832.8968554577,1719832.8968554577,1719998.5980845485,1721393.3749826134,0.5,4.7193224651601e-06,0.9999952806775348,0.5000000000000001,81969106476204.1,81969106476204.33,4.891626818603889e-25,8.094595262432827e-10,3.22938727790625e-25,1.577141228501722e-10,3.6048974264999997e-25,5.050739306341857e-21,4.725128049364333e-12,0.20944463881173722,0.02463388461874895,0.18481075419298826,2.0944463881173722e-17,1.8481075419298825e-17,1.8475734283563032e-17,0.997812276085158,0.9978124008687288,0.11056985318581813,0.06333707639041086,0.5982868998540842,-0.015234060927609872
PF,-16.25,16.25,1.0,1e+16,81,4,1.3717462773440392e-13,-0.2391464336601091,0.214459133788563,0.0246875,6.56292345009267e-08,0.2391465681593285,0.23914656815933275,0.23914656815932817,4.246603069191224e-15,-3.3306690738754696e-16,6.724961067656505e-08,-0.23914650090972206,-0.23914650090971748,6.724961067656488e-08,-0.02150388349083775,0.02424357357150956,2.117750419472486e-14,1.9488046007608932e-17,2.3914650090972206e-09,2.117750419472486e-14,True,8.855452249631443e-14,1744886.5437797152,1744822.9324738022,1744822.9324738022,1745007.9683239057,1746409.837591699,0.5,4.01438179804297e-06,0.9999959856182019,0.5000000000000001,91048817124582.47,91048817124582.33,0.0,8.092190160323879e-10,-2.215509876703125e-25,1.7433390080466523e-10,-7.209794852999999e-25,-3.5355175144393e-21,3.2212859037496808e-12,0.2391464336601091,0.02463466676384649,0.2145117668962626,2.391464336601091e-17,2.145117668962626e-17,2.1445913378856297e-17,0.9978284504716471,0.9978285048117198,0.12741451350414235,0.07247963161681625,0.5939744721125705,-0.014923828317701782
PF,-16.5,16.5,1.0,1e+16,81,4,1.2170491047950696e-13,-0.2733559973128212,0.24866869924540666,0.0246875,8.276180540509096e-08,0.27335611648360125,0.27335611648360836,0.2733561164836011,7.105427357601002e-15,-1.6653345369377348e-16,5.9585391770704184e-08,-0.27335605689821657,-0.2733560568982093,5.958539177071074e-08,-0.02493208713721189,0.02811053742890244,2.6478819137309983e-14,2.620806187230167e-17,2.733560568982166e-09,2.6478819137309983e-14,True,9.686567562382312e-14,1769882.7380732056,1769811.5367364765,1769811.5367364765,1770018.6549942105,1771429.2656668962,0.49999999999999983,3.4176995424124086e-06,0.9999965823004577,0.5,101515924673703.61,101515924673703.0,6.670400207187121e-26,8.090023798047256e-10,-9.350202699984375e-25,1.9365492480725585e-10,-1.0614420200249999e-24,4.473511957045645e-21,3.958996794826561e-12,0.2733559973128212,0.024635425378635865,0.2487205719341853,2.7335599731282117e-17,2.487205719341853e-17,2.4866869924540666e-17,0.9978424740381501,0.9978424627710079,0.1466835910778137,0.08286953176928413,0.5897525481592575,-0.014624804911471279
PF,-16.75,16.75,1.0,1e+16,81,4,9.669428791645468e-14,-0.3127198369822217,0.28803254724097865,0.0246875,1.046708156068495e-07,0.31271994257016306,0.3127199425701537,0.31271994257016306,-9.381384558082573e-15,0.0,5.27939683018874e-08,-0.31271988977618537,-0.31271988977619475,5.279396830189359e-08,-0.028876715622543035,0.03256064509975446,2.3037127760971998e-14,6.720015864692736e-19,3.1271988977619476e-09,2.3037127760971998e-14,True,7.366697326946186e-14,1794878.3860342486,1794798.5320554809,1794798.5320554809,1795030.8245314534,1796451.9643197756,0.5000000000000001,2.9124066860292952e-06,0.999997087593314,0.5000000000000001,113534656822994.97,113534656822995.48,-1.045029365792649e-24,8.088060843255866e-10,7.898230125421875e-25,2.1597990193527748e-10,-6.60897861525e-25,1.1544546985924245e-21,9.889149260574837e-13,0.3127198369822217,0.024636161585633195,0.2880836753965885,3.127198369822217e-17,2.880836753965885e-17,2.8803254724097865e-17,0.9978542082467401,0.9978541345478424,0.16870693750901655,0.09466766466040843,0.5856178323078086,-0.014336551257981056
PF,-17.0,17.0,1.0,1e+16,81,4,1.287717266460907e-13,-0.35797212539478923,0.33328485164064603,0.0246875,1.3269399288252157e-07,0.3579722189466531,0.3579722189466393,0.3579722189466533,-1.3822276656583199e-14,2.220446049250313e-16,4.677592853174898e-08,-0.35797217217071076,-0.3579721721707248,4.677592853174921e-08,-0.033411313657131084,0.037677133385001185,2.5868196473766147e-14,1.680003966173184e-17,3.579721721707248e-09,2.5868196473766147e-14,True,7.22631491629719e-14,1819873.420629998,1819783.7183053382,1819783.7183053382,1820044.6641561775,1821478.284582355,0.5,2.4842236823511413e-06,0.9999975157763176,0.49999999999999994,127290877546645.52,127290877546646.05,-3.1128534300206567e-25,8.086271787410825e-10,8.949658541484374e-25,2.416533867154666e-10,1.0414148121e-24,-1.3709149545785041e-21,1.1325251909924328e-12,0.35797212539478923,0.024636876432635405,0.33333524896215383,3.579721253947892e-17,3.333352489621538e-17,3.3328485164064603e-17,0.9978634932111464,0.9978633587977941,0.19385683560034606,0.10805452197200693,0.5815671646005734,-0.014058663946032002
PF,-17.25,17.25,1.0,1e+16,81,4,1.0896139223664533e-13,-0.4099459414919178,0.38525869291728176,0.0246875,1.685389914814616e-07,0.40994602437829025,0.40994602437829863,0.4099460243782903,8.382183835919932e-15,5.551115123125783e-17,4.1443188344006745e-08,-0.4099459829351103,-0.409945982935102,4.144318834401135e-08,-0.03861933209369277,0.04355450686878616,3.402833570476105e-14,1.2768030142916198e-17,4.099459829351103e-09,3.402833570476105e-14,True,8.30068768112489e-14,1844867.7663454786,1844766.8703677068,1844766.8703677068,1845060.3841727118,1846508.6276826367,0.5,2.121097484360227e-06,0.9999978789025157,0.5000000000000001,142994415592685.8,142994415592685.44,-1.0005600310780683e-24,8.084631930073281e-10,-6.18340044684375e-25,2.7106605434002333e-10,-1.4820133864499999e-24,3.896284607749432e-21,3.091158836432804e-12,0.4099459414919178,0.024637570898957618,0.3853083705929602,4.099459414919178e-17,3.853083705929602e-17,3.8525869291728174e-17,0.9978701457667353,0.9978699510528938,0.22255315548954857,0.1232324472418811,0.5775975101372862,-0.013790775512873166
PF,-17.5,17.5,1.0,1e+16,81,4,1.694822651063337e-13,-0.46958587260518486,0.44489866042396264,0.0246875,2.1438337267126138e-07,0.46958594604058995,0.4695859460405785,0.4695859460405898,-1.1435297153639112e-14,-1.6653345369377348e-16,3.6717699634321896e-08,-0.46958590932287886,-0.4695859093228901,3.6717699634322e-08,-0.04459538993472903,0.05029998941498825,4.2521541843143495e-14,1.3440031729385471e-18,4.6958590932289014e-09,4.2521541843143495e-14,True,9.055114516629464e-14,1869861.3382615969,1869747.7353894955,1869747.7353894955,1870078.2205341256,1871543.4499058921,0.5,1.8128728361746095e-06,0.9999981871271638,0.5,160881666658925.78,160881666658926.0,0.0,8.083120547404574e-10,4.1556456444375e-25,3.0465949630685105e-10,3.40462534725e-25,1.948142303874716e-21,1.4785312198179894e-12,0.46958587260518486,0.02463824590106502,0.44494762670411986,4.6958587260518486e-17,4.4494762670411984e-17,4.4489866042396267e-17,0.9978739573228058,0.9978737015333408,0.255269100238916,0.14042812315796915,0.5737059485624906,-0.013532554781544415
PF,-17.75,17.75,1.0,1e+16,81,4,1.560575397455817e-13,-0.5379621331613379,0.5132749712228559,0.0246875,2.7300089974840036e-07,0.5379621982219561,0.5379621982219442,0.5379621982219561,-1.1879386363489175e-14,0.0,3.253030615618789e-08,-0.5379621656916381,-0.53796216569165,3.2530306156187984e-08,-0.05144668818915073,0.058035154744262143,4.4853010194856324e-14,1.0752025383508377e-17,5.3796216569165e-09,4.4853010194856324e-14,True,8.337577074251954e-14,1894854.0410269047,1894726.0297291635,1894726.0297291635,1895098.4376957365,1896583.2680849247,0.5,1.5510023904910428e-06,0.9999984489976096,0.5000000000000001,181218495176890.22,181218495176890.28,-5.781013512895506e-25,8.081720210201282e-10,6.634012625156249e-26,3.429315840292256e-10,-4.606257822749999e-25,-1.226608117254451e-21,8.874827465599144e-13,0.5379621331613379,0.024638902297667405,0.5133232308636705,5.379621331613379e-17,5.133232308636705e-17,5.132749712228559e-17,0.9978746914834656,0.9978743727108298,0.2925376033479954,0.15989532057783018,0.5698896635864278,-0.013283707750896045
PF,-18.0,18.0,1.0,1e+16,81,4,9.321248575014864e-14,-0.61628637130543,0.5915992768657589,0.0246875,3.4792088160178533e-07,0.6162864289448773,0.6162864289449026,0.6162864289448771,2.531308496145357e-14,-2.220446049250313e-16,2.8819729950176717e-08,-0.6162864001251727,-0.6162864001251471,2.881972995017985e-08,-0.059294592737445175,0.06689775751980329,4.3520742565306136e-14,1.0752025383508377e-17,6.162864001251727e-09,4.3520742565306136e-14,True,7.061772344232605e-14,1919845.7677137433,1919701.4355645408,1919701.4355645408,1920121.3317829408,1921628.6657686185,0.5000000000000002,1.328295526423827e-06,0.9999986717044737,0.5000000000000001,204303464290716.47,204303464290715.0,2.0011200621561365e-25,8.08041622354707e-10,-2.3031289113749998e-24,3.864424506241877e-10,-1.96266637665e-24,7.503955540850758e-21,5.1604131904836635e-12,0.61628637130543,0.02463954089434233,0.5916468304110877,6.1628637130543e-17,5.916468304110876e-17,5.915992768657588e-17,0.9978720814226332,0.9978716967763372,0.3349584464480011,0.18191793301627768,0.5661459323888636,-0.013043979216771806
PF,-18.25,18.25,1.0,1e+16,81,4,1.1923953024799518e-13,-0.7059293526524322,0.6812423473447449,0.0246875,4.4362897358745874e-07,0.7059294037157713,0.7059294037157864,0.7059294037157717,1.509903313490213e-14,4.440892098500626e-16,2.5531673422391443e-08,-0.7059293781841129,-0.7059293781840983,2.553167342239428e-08,-0.06827640514879,0.07704378891225583,5.395683899678261e-14,3.6288085669340774e-17,7.05929378184113e-09,5.395683899678261e-14,True,7.643376329736792e-14,1944836.3985484282,1944673.5971315335,1944673.5971315335,1945147.234101853,1946680.300123859,0.5000000000000001,1.1387032915197462e-06,0.9999988612967086,0.5,230471425447027.12,230471425447028.97,-4.446933471458081e-26,8.079196165555529e-10,2.99907438676875e-24,4.358211459383749e-10,2.6035370302499997e-24,-3.463364095777273e-21,2.2547277156016538e-12,0.7059293526524322,0.024640162447717027,0.6812891902047151,7.059293526524322e-17,6.812891902047151e-17,6.812423473447449e-17,0.9978658269981475,0.9978653724860727,0.38320617154336634,0.20681332142545616,0.5624721147097899,-0.012813155379377994
PF,-18.5,18.5,1.0,1e+16,81,4,9.567064782428318e-14,-0.8084407297577398,0.7837538408137231,0.0246875,5.658199235551531e-07,0.8084407749937995,0.8084407749937748,0.8084407749938005,-2.475797344914099e-14,9.992007221626409e-16,2.2618023852452693e-08,-0.8084407523757509,-0.8084407523757766,2.261802385245535e-08,-0.0785473423337103,0.08864978346278642,7.30526750203353e-14,1.3440031729385472e-17,8.084407523757766e-09,7.30526750203353e-14,True,9.036243510195934e-14,1969825.799504124,1969642.116561218,1969642.116561218,1970176.5150232841,1971738.9096317675,0.5,9.771357841321601e-07,0.9999990228642158,0.5,260097502014470.94,260097502014472.97,-5.113973492176793e-25,8.078049506995407e-10,3.2218770749343748e-24,4.917730248805213e-10,2.663618654025e-24,-4.329205119721591e-22,2.670933304215651e-13,0.8084407297577398,0.024640767669267892,0.7837999620884719,8.084407297577398e-17,7.837999620884719e-17,7.837538408137231e-17,0.9978555915897533,0.9978550622217297,0.43803886851313223,0.23493599473853255,0.5588656413633359,-0.012591067788307875
PF,-18.75,18.75,1.0,1e+16,81,4,1.16668161234181e-13,-0.9255711268814238,0.9008843886690637,0.0246875,7.217153289585485e-07,0.9255711669537348,0.925571166953708,0.9255711669537342,-2.6756374893466273e-14,-5.551115123125783e-16,2.0036148627576394e-08,-0.9255711469175594,-0.9255711469175856,2.003614862757874e-08,-0.09028274801668693,0.10191540725415837,9.170442183403793e-14,5.913613960929608e-17,9.255711469175857e-09,9.170442183403793e-14,True,9.907873872196607e-14,1994813.820744051,1994606.5492795315,1994606.5492795315,1995209.588274217,1996805.32264577,0.5000000000000002,8.393079603805901e-07,0.9999991606920396,0.5,293601504520327.5,293601504520329.44,-8.893866942916161e-25,8.07696729704994e-10,3.071673015496875e-24,5.550879342553856e-10,2.3031289113749998e-24,-4.689972213031724e-21,2.7017724773326533e-12,0.9255711268814238,0.02464135722877989,0.9009297696526439,9.255711268814239e-17,9.009297696526439e-17,9.008843886690637e-17,0.9978409986463177,0.9978403883965872,0.5003079250479385,0.2666816515398698,0.555324001826284,-0.012377599141224382
PF,-19.0,19.0,1.0,1e+16,81,4,1.0770404343317025e-13,-1.0592967922125982,1.0346102481717858,0.0246875,9.204626639741829e-07,1.059296827709122,1.0592968277091583,1.0592968277091215,3.6415315207705135e-14,-4.440892098500626e-16,1.7748270840454927e-08,-1.0592968099608875,-1.0592968099608506,1.7748270840456876e-08,-0.10368056127474708,0.11706636097032093,8.926193117986259e-14,2.6880063458770944e-17,1.0592968099608875e-08,8.926193117986259e-14,True,8.426526950756928e-14,2019800.2949016683,2019566.3989310903,2019566.3989310903,2020246.9156724876,2021880.4668841828,0.5,7.216099433022166e-07,0.9999992783900568,0.4999999999999999,331452818406390.25,331452818406388.4,-4.891626818603889e-25,8.075941903243883e-10,-3.06916961450625e-24,6.266492684584006e-10,-3.6850062581999996e-24,3.968438026411459e-21,2.1396798721821692e-12,1.0592967922125982,0.024641931757479425,1.0346548604551187,1.0592967922125982e-16,1.0346548604551187e-16,1.0346102481717859e-16,0.9978216279286792,0.9978209297047812,0.5709688325448217,0.302491606836214,0.55184473041925,-0.012172691704881111
PF,-19.25,19.25,1.0,1e+16,81,4,1.0424211207488288e-13,-1.2118470938449701,1.1871607989225763,0.0246875,1.1736357850385804e-06,1.2118471252867913,1.211847125286813,1.2118471252867917,2.1760371282653068e-14,4.440892098500626e-16,1.572091607544715e-08,-1.211847109565897,-1.2118471095658756,1.572091607544533e-08,-0.11896406980321872,0.13435763541297138,9.836575998178887e-14,3.225607615052513e-17,1.2118471095658969e-08,9.836575998178887e-14,True,8.117010735539491e-14,2044785.0351834723,2044521.1117863595,2044521.1117863595,2045289.0123436928,2046965.379937177,0.4999999999999999,6.20998219170055e-07,0.9999993790017809,0.5,374175808626521.4,374175808626518.44,-6.892746880760026e-25,8.074966795811115e-10,-4.663836045534375e-24,7.074439694701319e-10,-5.5875910110749995e-24,-5.772273492962122e-22,2.8703968855435284e-13,1.2118470938449701,0.024642491850898385,1.1872046019940719,1.2118470938449702e-16,1.1872046019940718e-16,1.1871607989225762e-16,0.997797011436814,0.9977962170323653,0.6510931473343304,0.34285762436763356,0.5484253904008886,-0.011976359527800073
PF,-19.5,19.5,1.0,1e+16,81,4,1.1821258427253564e-13,-1.3857351612569089,1.3610491849677495,0.0246875,1.4958620017262681e-06,1.3857351891057477,1.385735189105759,1.3857351891057477,1.1324274851176597e-14,0.0,1.3924422257670675e-08,-1.3857351751813367,-1.3857351751813254,1.3924422257670663e-08,-0.1363849781188271,0.15407716148134062,1.156852391659413e-13,2.1504050767016754e-17,1.3857351751813367e-08,1.156852391659413e-13,True,8.34829347178856e-14,2069767.8332791296,2069470.0705887997,2069470.0705887997,2070336.4524612795,2072061.2208722306,0.4999999999999999,5.349045031927923e-07,0.9999994650954969,0.5000000000000001,422355788861682.5,422355788861684.7,-9.338560290061971e-25,8.074036368582532e-10,3.46971377300625e-24,7.985735513927843e-10,3.0641628125249998e-24,5.772273492962122e-22,2.6781703520946107e-13,1.3857351612569089,0.02464303807148103,1.3610921231854278,1.385735161256909e-16,1.361092123185428e-16,1.3610491849677494e-16,0.9977666290136712,0.9977657290453827,0.7418817113380851,0.38832716777991116,0.5450635549942237,-0.011788706226344037
PF,-19.75,19.75,1.0,1e+16,81,4,1.4051294387410179e-13,-1.5837920004430874,1.559106430714956,0.0246875,1.905606816812579e-06,1.5837920251081392,1.583792025108058,1.5837920251081388,-8.126832540256146e-14,-4.440892098500626e-16,1.2332505369073383e-08,-1.5837920127755525,-1.5837920127756333,1.2332505369074855e-08,-0.15622682355264533,0.17654990152926905,1.4854784069484595e-13,2.956806980464804e-17,1.5837920127756332e-08,1.4854784069484595e-13,True,9.379251789160896e-14,2094748.4570628197,2094412.5877964268,2094412.5877964268,2095389.8755528259,2097169.2830286203,0.5000000000000001,4.6115947373946673e-07,0.9999995388405264,0.5000000000000001,476645606489111.5,476645606489109.4,-1.0227946984353586e-24,8.07314578993464e-10,-3.226883876915625e-24,9.012662339931943e-10,-4.52614899105e-24,-2.597523071832955e-21,1.1198123789116604e-12,1.5837920004430874,0.024643570950965248,1.5591484294921223,1.5837920004430873e-16,1.5591484294921223e-16,1.559106430714956e-16,0.9977299036238984,0.997728887453339,0.8446792387968607,0.43950907071440515,0.5417567839079996,-0.011609951167981969
PF,-20.0,20.0,1.0,1e+16,81,4,1.012147914958363e-13,-1.8092044374178133,1.7845193854163852,0.0246875,2.4261548473980025e-06,1.8092044592615377,1.8092044592615888,1.8092044592615366,5.10702591327572e-14,-1.1102230246251565e-15,1.0921874658176246e-08,-1.809204448339714,-1.8092044483396619,1.0921874658177457e-08,-0.17880877554539215,0.20214243438354879,1.5654144647214707e-13,1.2364829191034633e-16,1.8092044483397142e-08,1.5654144647214707e-13,True,8.652501745493902e-14,2119726.648069058,2119347.8981716395,2119347.8981716395,2120449.9934169636,2122291.0080944644,0.5,3.9792897333900185e-07,0.9999996020710267,0.5000000000000001,537772897497565.9,537772897497563.1,-7.782133575051642e-25,8.072290878522431e-10,-4.26078848604375e-24,1.0168902728795979e-09,-4.906665941625e-24,-1.5873752105645836e-21,6.307411593278991e-13,1.8092044374178133,0.02464409099254969,1.7845603464252637,1.8092044374178133e-16,1.7845603464252637e-16,1.7845193854163853e-16,0.9976861963147976,0.9976850519551788,0.9609903742456716,0.4970796020198369,0.5385025931853055,-0.01144046856048947
PF,-20.25,20.25,1.0,1e+16,81,4,1.3150195495204509e-13,-2.0655572701950664,2.040872876373423,0.0246875,3.086834540592635e-06,2.0655572895388827,2.0655572895388166,2.0655572895388836,-6.616929226765933e-14,8.881784197001252e-16,9.671891698620254e-09,-2.065557279866925,-2.065557279866992,9.671891698621388e-09,-0.20448985629884792,0.23126809207486207,2.1316282072803006e-13,4.8384114225787695e-17,2.065557279866992e-08,2.1316282072803006e-13,True,1.0319869741968924e-13,2144702.1187259485,2144275.150672051,2144275.150672051,2145517.597695748,2147428.00156273,0.5000000000000002,3.4366063794826215e-07,0.999999656339362,0.5000000000000001,606548067926961.8,606548067926962.4,-2.6681600828748485e-25,8.071467999481124e-10,1.261714099275e-24,1.1469685752693548e-09,8.01088317e-25,-4.762125631693751e-21,1.7469359191875722e-12,2.0655572701950664,0.024644598672892114,2.0409126715221744,2.0655572701950665e-16,2.0409126715221743e-16,2.0408728763734229e-16,0.9976348008809309,0.9976335148881712,1.0924973183283537,0.5617888595586571,0.5352984150534653,-0.01128084690439024
PF,-20.5,20.5,1.0,1e+16,81,4,1.6483433611270176e-13,-2.356880031132748,2.3321964728066917,0.0246875,3.9245454498294344e-06,2.356880048261242,2.3568800482613286,2.356880048261241,8.659739592076221e-14,-8.881784197001252e-16,8.564268296440304e-09,-2.35688003969706,-2.3568800396969727,8.564268296441243e-09,-0.23367362301698397,0.2643927123228028,2.2382096176443156e-13,2.7417664727946364e-16,2.3568800396970603e-08,2.2382096176443156e-13,True,9.496493584510148e-14,2169674.5493291463,2169193.399597916,2169193.399597916,2170593.568145833,2172582.049660932,0.5,2.9703923650616423e-07,0.9999997029607637,0.5,683873059502859.0,683873059502857.4,-1.1117333678645202e-25,8.070673977563999e-10,-2.6536050500625e-24,1.2931946885293243e-09,-3.00408118875e-24,4.473511957045645e-21,1.5067137415213096e-12,2.356880031132748,0.024645094443921614,2.332234936688826,2.3568800311327477e-16,2.332234936688826e-16,2.332196472806692e-16,0.9975749382758362,0.9975734956246975,1.2410790967408483,0.6344673491078394,0.5321415425252404,-0.011131981353699971
PF,-20.75,20.75,1.0,1e+16,81,4,1.0948578376441928e-13,-2.687698775350073,2.66301627617619,0.0246875,4.985660454415094e-06,2.687698790515736,2.6876987905156056,2.6876987905157352,-1.305622276959184e-13,-8.881784197001252e-16,7.582798817057609e-09,-2.6876987829328067,-2.6876987829329364,7.58279881705851e-09,-0.2668133533537427,0.30204107663866997,2.384759056894836e-13,5.3760126917541886e-18,2.6876987829329365e-08,2.384759056894836e-13,True,8.872865784061119e-14,2194643.5847410453,2194101.5949552497,2194101.5949552497,2195678.8816478224,2197755.1378435865,0.5,2.5694928002107933e-07,0.9999997430507199,0.5000000000000001,770750955838502.6,770750955838505.9,-6.0033601864684095e-25,8.069906024323599e-10,5.3222305060687496e-24,1.4574502416317194e-09,4.385958535575e-24,-9.668558100711554e-21,2.980071073777042e-12,2.687698775350073,0.024645578734516643,2.6630531966155564,2.6876987753500733e-16,2.6630531966155563e-16,2.66301627617619e-16,0.9975057508495869,0.997504134792558,1.4088325034577913,0.7160324631939092,0.5290290502826832,-0.010995220882164092
PF,-21.0,21.0,1.0,1e+16,81,4,1.6265804839960865e-13,-3.0630933089018035,3.03841215071986,0.0246875,6.328391843891828e-06,3.063093322328016,3.063093322328082,3.063093322328018,6.572520305780927e-14,1.7763568394002505e-15,6.713123008684937e-09,-3.063093315614959,-3.063093315614895,6.713123008684922e-09,-0.3044177754791679,0.34480410875332285,2.873257187729905e-13,1.6128038075262565e-17,3.063093315614959e-08,2.873257187729905e-13,True,9.380246997643487e-14,2219608.8308027172,2218998.5720048784,2218998.5720048784,2220774.6219844325,2222949.470919379,0.4999999999999999,2.2244369600050942e-07,0.999999777556304,0.5000000000000001,868296479919704.8,868296479919709.0,-1.3340800414374243e-25,8.069161676971733e-10,6.66405343704375e-24,1.6418239035885604e-09,6.268516080525e-24,5.772273492962123e-21,1.6221861250457744e-12,3.0630933089018035,0.02464605195203247,3.038447256949771,3.0630933089018034e-16,3.038447256949771e-16,3.0384121507198597e-16,0.9974262965488596,0.9974244884592991,1.5980946632647424,0.8074943070813871,0.5259576777610527,-0.010872609612066153
PF,-21.25,21.25,1.0,1e+16,81,4,1.2484279755563878e-13,-3.4887602377200637,3.464080775335234,0.0246875,8.025730117834321e-06,3.488760249605116,3.488760249605076,3.488760249605115,-4.04121180963557e-14,-1.3322676295501878e-15,5.94251584684796e-09,-3.48876024366256,-3.488760243662599,5.9425158468479664e-09,-0.3470573809023176,0.3933469102894121,3.028688411177427e-13,4.730891168743686e-16,3.488760243662599e-08,3.028688411177427e-13,True,8.681274147970181e-14,2244569.8504520557,2243883.0399858532,2243883.0399858532,2245881.990400335,2248167.494854292,0.5,1.9271756408071827e-07,0.999999807282436,0.5000000000000001,977747419921308.1,977747419921306.8,-4.224586797885177e-25,8.068438746994515e-10,-1.88255754495e-24,1.8486318909419792e-09,-2.0828296242e-24,6.205194004934281e-21,1.5913120272149849e-12,3.4887602377200637,0.024646514483711916,3.464113723236352,3.488760237720064e-16,3.464113723236352e-16,3.464080775335234e-16,0.9973355433151919,0.9973335225113862,1.8114669932587049,0.9099597947554283,0.5229236503143263,-0.01076729598486853
PF,-21.5,21.5,1.0,1e+16,81,4,1.154038288406215e-13,-3.9710821265589407,3.9464048061664947,0.0246875,1.0169088050895426e-05,3.971082137078444,3.9710821370782448,3.9710821370784415,-1.9939605522267811e-13,-2.6645352591003757e-15,5.259701321655081e-09,-3.9710821318185436,-3.9710821318187404,5.259701321655704e-09,-0.3953713489943376,0.44841770679694576,3.9612757518625585e-13,9.676822845157539e-17,3.971082131818741e-08,3.9612757518625585e-13,True,9.975305522196061e-14,2269526.1595530184,2268753.5700370492,2268753.5700370492,2271002.3169252137,2273411.9202264366,0.5000000000000001,1.6708607687740035e-07,0.9999998329139229,0.5,1100476991723676.4,1100476991723667.0,-1.045029365792649e-24,8.067735276979395e-10,-1.44896849337375e-23,2.0804399955156855e-09,-1.7203371607575e-23,-4.473511957045645e-21,1.039005950845117e-12,3.9710821265589407,0.024646966697984534,3.946435159860956,3.971082126558941e-16,3.946435159860956e-16,3.9464048061664947e-16,0.9972323640933299,0.9972301076450115,2.0518400227179185,1.0246328655665042,0.5199223956818312,-0.010684253736058968
PF,-21.75,21.75,1.0,1e+16,81,4,1.5726159660578077e-13,-4.517202849074568,4.492528231193951,0.0246875,1.2872810094290566e-05,4.517202858383857,4.517202858384028,4.517202858383858,1.7141843500212417e-13,1.7763568394002505e-15,4.654687441415427e-09,-4.517202853729341,-4.517202853729171,4.654687441415938e-09,-0.4500750913104163,0.5108577603844395,5.133671265866724e-13,1.397763299856089e-16,4.517202853729341e-08,5.133671265866724e-13,True,1.136471270407623e-13,2294477.2224625284,2293608.5824062363,2293608.5824062363,2296137.0723801213,2298685.7471899674,0.5000000000000001,1.449660310164075e-07,0.9999998550339689,0.5,1238007088779821.8,1238007088779813.2,2.2234667357290405e-26,8.067049504462329e-10,-1.405909996335e-23,2.3400869881684314e-09,-1.3798746260325e-23,5.4836598183140165e-21,1.1636977197590691e-12,4.517202849074568,0.02464740894565479,4.492555440128913,4.517202849074568e-16,4.492555440128913e-16,4.492528231193951e-16,0.9971155331916735,0.9971130157062894,2.3224178950099947,1.1528063635171826,0.5169480768707784,-0.010631610813720993
PF,-22.0,22.0,1.0,1e+16,81,4,1.3068792017607637e-13,-5.135108765497511,5.110437553472444,0.0246875,1.6279737658825798e-05,5.135108773734785,5.135108773734718,5.135108773734785,-6.750155989720952e-14,0.0,4.1186200386677604e-09,-5.135108769616098,-5.135108769616165,4.118620038668233e-09,-0.5119683792673204,0.5816122598682115,4.432010314303625e-13,1.6128038075262565e-16,5.1351087696161655e-08,4.432010314303625e-13,True,8.630801241304389e-14,2319422.4474037206,2318446.3331609634,2318446.3331609634,2321287.880872086,2323992.291568435,0.5,1.2586027146890364e-07,0.9999998741397286,0.5,1392022253777093.8,1392022253777087.8,-6.225706860041313e-25,8.066379831971636e-10,-9.192488437575e-24,2.630709030718551e-09,-8.45148174435e-24,1.2987615359164776e-21,2.50836609459368e-13,5.135108765497511,0.024647841561015817,5.110460923936496,5.135108765497511e-16,5.110460923936496e-16,5.110437553472444e-16,0.9969837253887428,0.9969809187779118,2.6267400655668123,1.2958358357452386,0.5139927894299369,-0.010623233103796814
PF,-22.25,22.25,1.0,1e+16,81,4,1.6826401008652338e-13,-5.833714415673534,5.809047491011863,0.0246875,2.0568050952331693e-05,5.83371442296091,5.8337144229607745,5.833714422960907,-1.3589129821411916e-13,-3.552713678800501e-15,3.6436532430214876e-09,-5.833714419317121,-5.833714419317253,3.643653243021494e-09,-0.5819439237084575,0.6617420907174644,6.092903959142859e-13,3.225607615052513e-17,5.8337144193172535e-08,6.092903959142859e-13,True,1.0444295899997003e-13,2344361.1817990784,2343264.9008647813,2343264.9008647813,2346456.532348853,2349335.211221737,0.4999999999999999,1.0934461210798032e-07,0.9999998906553879,0.5,1564383966413276.2,1564383966413274.2,-2.890506756447753e-25,8.065724802932026e-10,-3.40462534725e-24,2.9557642784771148e-09,-3.00408118875e-24,2.7418299091570082e-21,4.768026361659646e-13,5.833714415673534,0.02464826486285809,5.8090661508106765,5.833714415673534e-16,5.809066150810676e-16,5.809047491011862e-16,0.9968355205500478,0.9968323937766294,2.9686948784289307,1.4550724814158436,0.5110451148872936,-0.010684081087203423
PF,-22.5,22.5,1.0,1e+16,81,4,1.3471295395702122e-13,-6.622949327770024,6.598287793843754,0.0246875,2.5959628056152536e-05,6.622949334215698,6.622949334215681,6.622949334215706,-1.687538997430238e-14,7.993605777301127e-15,3.222834735103217e-09,-6.622949330992847,-6.6229493309928715,3.222834735103219e-09,-0.6609960657982323,0.7524361305168635,7.647216193618078e-13,9.676822845157539e-17,6.622949330992871e-08,7.647216193618078e-13,True,1.1546541897628642e-13,2369292.70789718,2368062.1742074736,2368062.1742074736,2371644.9942953945,2374718.5308172335,0.5000000000000001,9.505684172449161e-08,0.9999999049431583,0.5000000000000001,1757144322315111.8,1757144322315111.8,-4.446933471458081e-26,8.065083083927856e-10,-2.703673069875e-25,3.319055901623847e-09,8.01088317e-26,-4.473511957045645e-21,7.026615956962035e-13,6.622949327770024,0.02464867915541148,6.598300648614612,6.622949327770024e-16,6.598300648614611e-16,6.598287793843755e-16,0.9966694196055039,0.9966659384125282,3.3525132120758308,1.6316973629390361,0.5080873683407756,-0.010862228947888547
PF,-22.75,22.75,1.0,1e+16,81,4,1.2848022997611962e-13,-7.513837686996263,7.489182922840344,0.0246875,3.2730143914185e-05,7.51383769269643,7.513837692696113,7.513837692696429,-3.170796958329447e-13,-8.881784197001252e-16,2.850004125339999e-09,-7.513837689846109,-7.513837689846425,2.85000412534001e-09,-0.7502287522931657,0.8550230897643915,6.67021993194794e-13,4.730891168743686e-16,7.513837689846425e-08,6.67021993194794e-13,True,8.877247828977622e-14,2394216.239436731,2392835.8427643348,2392835.8427643348,2396855.420542821,2400146.6608228874,0.49999999999999983,8.268750482490247e-08,0.999999917312495,0.5,1972556981178567.8,1972556981178594.0,4.446933471458081e-25,8.064453455654898e-10,4.1135885077949996e-23,3.7247495853285004e-09,4.19770278108e-23,1.0101478612683714e-21,1.3736416784857048e-13,7.513837686996263,0.024649084729223312,7.48918860226704,7.513837686996263e-16,7.48918860226704e-16,7.489182922840344e-16,0.9964838852672079,0.9964800118953682,3.7827144436118765,1.826293030828264,0.5050900230322437,-0.011258668875628985
PF,-23.0,23.0,1.0,1e+16,81,4,1.5295669342543402e-13,-8.51855038122193,8.493904107253908,0.0246875,4.122099271185896e-05,8.518550386261197,8.518550386261476,8.518550386261198,2.788880237858393e-13,1.7763568394002505e-15,2.5197030255803934e-09,-8.518550383741772,-8.518550383741495,2.5197030255803855e-09,-0.8508607434796762,0.9709802837196514,1.0231815394945443e-12,4.515850661073519e-16,8.518550383741772e-08,1.0231815394945443e-12,True,1.2011216620228664e-13,2419130.921107717,2417583.395983499,2417583.395983499,2422090.1524163117,2425624.400798967,0.4999999999999999,7.19722359133958e-08,0.999999928027764,0.5000000000000001,2213080262262413.2,2213080262262385.0,1.1117333678645202e-25,8.063834819706817e-10,-4.5561898029375e-23,4.177376196820372e-09,-4.482089133615e-23,1.4430683732405306e-22,2.4218483628794886e-14,8.51855038122193,0.024649481862032863,8.493900899359897,8.518550381221929e-16,8.493900899359897e-16,8.493904107253907e-16,0.9962774410757658,0.9962731339854248,4.263934779628126,2.0376188994052953,0.5019995912537027,-0.012111586692543586
PF,-23.25,23.25,1.0,1e+16,81,4,1.791116994896438e-13,-9.650374696756513,9.625739053795536,0.0246875,5.1852584688014345e-05,9.650374701210849,9.650374701210554,9.650374701210854,-2.948752353404416e-13,5.329070518200751e-15,2.2270956417375784e-09,-9.650374698983459,-9.650374698983759,2.2270956417378377e-09,-0.9642225720683684,1.101931994465997,9.29034627006331e-13,9.891863352827706e-16,9.650374698983759e-08,9.29034627006331e-13,True,9.626928031138147e-14,2444035.8353799446,2442302.143539401,2442302.143539401,2447351.699893247,2451156.9011531835,0.4999999999999999,6.268557080240664e-08,0.9999999373144293,0.5,2481358882596125.0,2481358882596134.5,5.336320165749697e-25,8.063226243241811e-10,1.4840161072425e-23,4.6817954621239965e-09,1.44996985377e-23,-1.5873752105645836e-21,1.8501494866211843e-13,9.650374696756513,0.024649870819201444,9.625724825937311,9.650374696756512e-16,9.625724825937312e-16,9.625739053795536e-16,0.9960489233055753,0.9960441369443186,4.800449087260095,2.258483270629341,0.49871040093779617,-0.01408212065177325
PF,-23.5,23.5,1.0,1e+16,81,4,1.012795932825178e-13,-10.923436350947313,10.898813991499491,0.0246875,6.513661658651902e-05,10.923436354882906,10.923436354883314,10.923436354882906,4.085620730620576e-13,0.0,1.967899154607972e-09,-10.923436352915415,-10.923436352915006,1.967899154607965e-09,-1.091728694450269,1.2496142802685077,1.1581846592889633e-12,1.9353645690315078e-16,1.0923436352915415e-07,1.1581846592889633e-12,True,1.0602750104181723e-13,2468930.030230479,2466989.2956462507,2466989.2956462507,2472642.666465646,2476749.5066756303,0.5000000000000001,5.4636535896045e-08,0.9999999453634641,0.5,2780143789903799.0,2780143789903816.0,-2.2234667357290405e-26,8.062627118622603e-10,2.7337138817625e-23,5.243049196410826e-09,2.7156893946299997e-23,4.1848982823975385e-21,4.329416379017833e-13,10.923436350947313,0.02465025185493443,10.898786099092378,1.0923436350947312e-15,1.0898786099092377e-15,1.0898813991499491e-15,0.9957981932377955,0.9957928779768797,5.394887936131013,2.457659009675961,0.49499897392979253,-0.01952556745680406
PF,-23.75,23.75,1.0,1e+16,81,4,1.434945762830254e-13,-12.351573563559128,12.326967743828863,0.0246875,8.16767928078355e-05,12.351573567036056,12.351573567035487,12.35157356703607,-5.684341886080801e-13,1.4210854715202004e-14,1.7383244066270489e-09,-12.351573565297162,-12.351573565297745,1.7383244066270563e-09,-1.234764705527615,1.415718139407469,1.149302875091962e-12,1.7203240613613403e-16,1.2351573565297746e-07,1.149302875091962e-12,True,9.304910576907997e-14,2493812.615984738,2491642.2395201395,2491642.2395201395,2497965.4892361793,2502407.2077362975,0.5,4.766780773155869e-08,0.9999999523321923,0.49999999999999994,3112003226527348.5,3112003226527364.0,-5.781013512895506e-25,8.06203777150097e-10,2.3892459054524998e-23,5.865849749769598e-09,2.3712214183199998e-23,-3.896284607749432e-21,3.6795348017722627e-13,12.351573563559128,0.024650625212536522,12.326922938346591,1.2351573563559129e-15,1.232692293834659e-15,1.2326967743828862e-15,0.9955285200946058,0.9955226227446807,6.046274454100107,2.455709420573587,0.490493408966755,-0.0413686651986955
PF,-24.0,24.0,1.0,1e+16,81,4,1.216624339241698e-13,-13.94347298136619,13.91888758778999,0.0246875,0.00010210335399921673,13.943472984435992,13.943472984436532,13.943472984435981,5.400124791776761e-13,-1.0658141036401503e-14,1.5350332691456359e-09,-13.943472982901499,-13.943472982900948,1.535033269145805e-09,-1.3942001216765858,1.6011583377633576,1.3482548411047901e-12,3.010567107382346e-16,1.39434729829015e-07,1.3482548411047901e-12,True,9.669433452900281e-14,2518683.157606498,2516259.6420885283,2516259.6420885283,2523321.397545802,2528132.405974116,0.5,4.1669099850009814e-08,0.9999999583309002,0.5,3478118745691218.0,3478118745691241.5,-1.3118453740801338e-24,8.061462526161498e-10,3.7210552324649997e-23,6.552511438385871e-09,3.7010280245399996e-23,3.3190572584532203e-21,2.778581039943673e-13,13.94347298136619,0.024650991125120047,13.918821990241069,1.394347298136619e-15,1.391882199024107e-15,1.3918887587789992e-15,0.9952568012981933,0.9952502680605642,6.77668166450794,0.5658271299312716,0.48687178191224,-0.1963921910515338
PF,-24.25,24.25,1.0,1e+16,81,4,1.494795226519463e-13,-15.671839942642654,15.647278947253906,0.0246875,0.00012650190064835776,15.671839945353257,15.671839945352714,15.671839945353252,-5.435651928564766e-13,-5.329070518200751e-15,1.3551654387611206e-09,-15.671839943997549,-15.671839943998087,1.3551654387612784e-09,-1.5673003088747852,1.800902814362053,1.7035262089848402e-12,1.2902430460210052e-16,1.5671839943998087e-07,1.7035262089848402e-12,True,1.0869982178686345e-13,2543544.028619804,2540847.899801662,2540847.899801662,2548704.2823721087,2553911.3889543377,0.5,3.670859663885686e-08,0.9999999632914035,0.5,3870740209851428.5,3870740209851426.0,-4.224586797885177e-25,8.060935961499846e-10,-1.7423670894749998e-24,7.290567455226348e-09,-2.84386352535e-24,1.4430683732405307e-21,1.1076161064783798e-13,15.671839942642654,0.02465134981616211,15.647188592826492,1.5671839942642654e-15,1.5647188592826493e-15,1.5647278947253905e-15,0.99507589411452,0.9950686895038156,6.820561846269349,-5.867509080834658,0.4358969539995357,-0.5649942263904142
PF,-24.5,24.5,1.0,1e+16,81,4,1.296582692652625e-13,-17.15551804290775,17.130978639233053,0.0246875,0.00014809393120495315,17.155518045301847,17.15551804530181,17.15551804530184,-3.552713678800501e-14,-7.105427357601002e-15,1.1970357273215553e-09,-17.155518044104774,-17.155518044104802,1.1970357273215557e-09,-1.715886183257154,1.9517921307248924,1.5631940186722204e-12,9.461782337487373e-16,1.7155518044104804e-07,1.5631940186722204e-12,True,9.111902156807122e-14,2568424.6588684735,2565487.4074525866,2565487.4074525866,2574037.471243376,2579575.129640205,0.5000000000000001,3.4019813618342554e-08,0.9999999659801864,0.5,4195886387209131.0,4195886387209161.0,-8.671520269343258e-25,8.060773287146583e-10,4.9186822663799996e-23,7.925396338538216e-09,4.978763890155e-23,-2.453216234508902e-21,1.7773083084890012e-13,17.15551804290775,0.024651701500025963,17.130866341407724,1.7155518042907751e-15,1.7130866341407725e-15,1.7130978639233052e-15,0.9962650260347422,0.9962573081892947,3.8619865302687444,-9.912427082144049,0.2254402347961689,-0.6294529428580773
PF,-24.75,24.75,1.0,1e+16,81,3,1.6268473494259966e-13,-17.586244255254186,17.561708900896576,0.0246875,0.00015214352275775148,17.586244257373817,17.58624425737461,17.5862442573738,7.922551503725117e-13,-1.7763568394002505e-14,1.0600106055010223e-09,-17.5862442563146,-17.58624425631379,1.0600106055011383e-09,-1.759001474407325,1.9849975916254503,1.9255708139098715e-12,4.300810153403351e-16,1.75862442563146e-07,1.9255708139098715e-12,True,1.0949300975496612e-13,2593398.4949303945,2590402.868928678,2590402.868928678,2599113.589369637,2604717.663053407,0.5,3.330715812869184e-08,0.9999999666928421,0.5,4259773051814148.0,4259773051814115.0,4.224586797885177e-25,8.060583303151376e-10,-5.0468563970999997e-23,8.066152967417304e-09,-5.15900876148e-23,8.802717076767237e-21,6.198215021540925e-13,17.586244255254186,0.024652046382445496,17.56159220887174,1.7586244255254186e-15,1.7561592208871741e-15,1.7561708900896577e-15,0.9984882497726721,0.9984804933812713,0.7013225435937969,-7.418795874239706,0.03993502042710591,-0.424039182539619
PF,-25.0,25.0,1.0,1e+16,81,3,1.708260608556415e-13,-17.672743712457763,17.648206870486295,0.0246875,0.000150656149750808,17.672743714336544,17.672743714336907,17.67274371433656,3.623767952376511e-13,1.4210854715202004e-14,9.3948449564585e-10,-17.672743713397423,-17.672743713397075,9.394844956458486e-10,-1.7676380207545257,1.9926444892286193,1.552535877635819e-12,1.2902430460210052e-16,1.7672743713397424e-07,1.552535877635819e-12,True,8.784917061060906e-14,2618405.1290607946,2615421.7258348,2615421.7258348,2624095.772275631,2629680.0821744455,0.5000000000000001,3.289072039871922e-08,0.9999999671092795,0.5,4239877468771098.0,4239877468771095.5,-1.7787733885832324e-25,8.06014848188323e-10,-4.8866387337e-24,8.03121669711939e-09,-5.2871828922e-24,-4.617818794369698e-21,3.243178984492819e-13,17.672743712457763,0.024652384660973505,17.648091327796788,1.7672743712457763e-15,1.7648091327796787e-15,1.7648206870486294e-15,0.9987884108616197,0.9987807650351884,0.1293550897613187,-2.0128059016831585,0.007329692903253328,-0.11410605245422772
PF,-25.25,25.25,1.0,1e+16,81,3,1.5931586100420257e-13,-17.705673569682993,17.68113442368663,0.0246875,0.00014835233764045732,17.70567357134899,17.70567357134806,17.705673571348992,-9.272582701669307e-13,3.552713678800501e-15,8.327674467958053e-10,-17.705673570515295,-17.705673570516225,8.32767446795809e-10,-1.7709093358541466,1.9958109844475496,1.6839862837514374e-12,6.881296245445361e-16,1.7705673570516225e-07,1.6839862837514374e-12,True,9.510998138786647e-14,2643416.512077784,2640455.399509868,2640455.399509868,2649064.447212041,2654616.334664837,0.5,3.253804672518637e-08,0.9999999674619533,0.4999999999999999,4207631000980592.5,4207631000980536.0,9.116213616489065e-25,8.059693351839693e-10,-8.96417826723e-23,7.970881227505712e-09,-9.09235239795e-23,-1.4430683732405306e-22,3.780642053056628e-15,17.705673569682993,0.024652716525401415,17.68102085315759,1.7705673569682992e-15,1.768102085315759e-15,1.768113442368663e-15,0.9988625349658907,0.99885501939055,0.0846271982988327,-0.3829376845902388,0.004786329873239159,-0.021681029701918215
PF,-25.5,25.5,1.0,1e+16,81,3,1.7639848830973643e-13,-17.722883268568722,17.6983416295503,0.0246875,0.0001458595051700934,17.722883270045127,17.722883270045106,17.722883270045124,-2.1316282072803006e-14,-3.552713678800501e-15,7.381956250875271e-10,-17.72288326930691,-17.722883269306926,7.381956250874434e-10,-1.772606562557351,1.9975248385360456,1.8616219676914625e-12,2.5804860920420104e-16,1.7722883269306928e-07,1.8616219676914625e-12,True,1.0504058168207206e-13,2668429.069141675,2665492.697805263,2665492.697805263,2674029.803152138,2679546.100345334,0.5,3.221135960548378e-08,0.9999999677886404,0.5000000000000001,4172288826032619.0,4172288826032589.0,-8.893866942916162e-26,8.059241099727094e-10,-4.78249725249e-23,7.904278474931973e-09,-4.71841018713e-23,-1.2987615359164776e-21,8.934546465987273e-14,17.722883268568722,0.0246530421581586,17.698230226410562,1.7722883268568722e-15,1.7698230226410561e-15,1.76983416295503e-15,0.9988954902859752,0.9988881078975682,0.05149265212602927,-0.13275089094354797,0.002909480296464234,-0.007509265395474256
PF,-25.75,25.75,1.0,1e+16,81,3,1.3528301266984976e-13,-17.73347516462011,17.708930995426538,0.0246875,0.00014332949725742966,17.73347516592928,17.733475165928414,17.733475165929285,-8.668621376273222e-13,3.552713678800501e-15,6.543696613969194e-10,-17.733475165274044,-17.733475165274914,6.543696613968475e-10,-1.7736414169173806,1.998595481547905,1.545430450278218e-12,4.300810153403351e-16,1.7733475165274915e-07,1.545430450278218e-12,True,8.71476366518632e-14,2693441.9654121054,2690531.044558533,2690531.044558533,2698994.1992756547,2704473.9940187414,0.4999999999999999,3.1899576145425285e-08,0.9999999681004238,0.5,4136059529586170.5,4136059529586239.0,-2.2234667357290405e-26,8.058795453507194e-10,1.091883376071e-22,7.835864977594594e-09,1.087076846169e-22,-3.607670933101326e-21,2.6748837497646127e-13,17.73347516462011,0.024653361734677713,17.70882180288543,1.773347516462011e-15,1.7708821802885431e-15,1.7708930995426538e-15,0.9989159972156375,0.9989087470542422,0.034031483557818376,-0.06251063964767667,0.0019217248858573624,-0.0035336082486490655
PF,-26.0,26.0,1.0,1e+16,81,3,1.4182952876014384e-13,-17.740674644665148,17.7161279607884,0.0246875,0.00014081496240544,17.74067464582599,17.740674645824548,17.740674645826,-1.4424017535930034e-12,1.0658141036401503e-14,5.800634179406852e-10,-17.740674645244486,-17.74067464524594,5.800634179406891e-10,-1.774336953705221,1.9993264606473404,2.1280754936015e-12,4.300810153403351e-16,1.774067464524594e-07,2.1280754936015e-12,True,1.199545979031734e-13,2718454.9134322503,2715569.5598200965,2715569.5598200965,2723958.443962618,2729401.608280767,0.4999999999999999,3.1598249493488316e-08,0.9999999684017505,0.5000000000000006,4099712711577883.5,4099712711577893.5,-2.2234667357290404e-25,8.058357260395279e-10,1.5400922894325e-23,7.767173117395294e-09,1.45798073694e-23,-1.2699001684516669e-20,9.227080998682882e-13,17.740674644665148,0.024653675423733867,17.716020969241413,1.7740674644665148e-15,1.7716020969241413e-15,1.7716127960788398e-15,0.9989314711712667,0.9989243509864081,0.024144491239177057,-0.03468217683248298,0.0013628619700268342,-0.001959530444316525
PF,-26.25,26.25,1.0,1e+16,81,3,1.4929322940004185e-13,-17.745906328518704,17.72135716742078,0.0246875,0.00013833787389847473,17.74590632954688,17.745906329547296,17.745906329546887,4.156675004196586e-13,7.105427357601002e-15,5.141940097917528e-10,-17.7459063290331,-17.745906329032692,5.141940097917518e-10,-1.7748358557423933,1.999856596778094,1.666222715357435e-12,2.1504050767016755e-16,1.7745906329033102e-07,1.666222715357435e-12,True,9.389335683753834e-14,2743467.7910429924,2740607.8714536196,2740607.8714536196,2748922.8797200858,2754329.6207967456,0.5000000000000001,3.130520932125851e-08,0.9999999686947906,0.5000000000000001,4063577685126830.0,4063577685126795.5,-2.4458134093019447e-25,8.057926683214888e-10,-5.5815828486975e-23,7.698853537965416e-09,-5.31121554171e-23,2.1646025598607958e-21,1.623014952826403e-13,17.745906328518704,0.024653983387779983,17.721252345130925,1.7745906328518704e-15,1.7721252345130925e-15,1.772135716742078e-15,0.9989444831865464,0.9989374902302629,0.018062636014370526,-0.021333513271549975,0.0010192640826162266,-0.001204876689967311
PF,-26.5,26.5,1.0,1e+16,81,3,1.6487382968045165e-13,-17.749895376440183,17.725343785620616,0.0246875,0.00013590826970866056,17.749895377350907,17.749895377352665,17.749895377350914,1.758593271006248e-12,7.105427357601002e-15,4.558028957929742e-10,-17.749895376896863,-17.74989537689511,4.558028957928669e-10,-1.7752107454743615,2.000258234727072,2.8066438062523957e-12,3.010567107382346e-16,1.7749895376896863e-07,2.8066438062523957e-12,True,1.5812170982740008e-13,2768480.539577212,2765645.801290667,2765645.801290667,2773887.670722999,2779258.3572313515,0.5000000000000001,3.1019237915828865e-08,0.999999968980762,0.5,4027813194543933.5,4027813194543963.5,5.781013512895506e-25,8.057503671737796e-10,4.9527285198525e-23,7.631218516592973e-09,4.8986550584549995e-23,7.359648703526706e-21,5.39494237407944e-13,17.749895376440183,0.024654285783238576,17.725241090656944,1.7749895376440184e-15,1.7725241090656944e-15,1.7725343785620616e-15,0.998956110640061,0.9989492419717219,0.014066932760279371,-0.01409548717156639,0.0007936102357272938,-0.0007958509992186181
PF,-26.75,26.75,1.0,1e+16,81,3,1.6593407775957836e-13,-17.75304944892734,17.728495480537088,0.0246875,0.00013353080077882525,17.75304944973631,17.753049449734544,17.753049449736295,-1.765698698363849e-12,-1.4210854715202004e-14,4.040408967763943e-10,-17.753049449330504,-17.753049449332256,4.040408967763975e-10,-1.7755024436645663,2.0005727396874007,2.7995383788947947e-12,7.311377260785697e-16,1.7753049449332257e-07,2.7995383788947947e-12,True,1.5769338033360199e-13,2793493.1288831094,2790683.2579370476,2790683.2579370476,2798852.901248324,2804187.9849852477,0.5,3.0739574525512633e-08,0.9999999692604256,0.5,3992500922327350.5,3992500922327397.5,-2.6681600828748485e-25,8.057088098275176e-10,7.366007074815e-23,7.5644284653362e-09,7.28189280153e-23,-7.792569215498865e-21,5.852582621061911e-13,17.75304944892734,0.02465458276079493,17.728394866166543,1.7753049448927338e-15,1.7728394866166542e-15,1.7728495480537089e-15,0.9989668691256961,0.9989601217472649,0.011303617345646444,-0.009818304842859504,0.0006375995926861175,-0.0005542245701795768
PF,-27.0,27.0,1.0,1e+16,81,3,1.8084955382532989e-13,-17.755615213711167,17.73105892185298,0.0246875,0.00013120742617128405,17.755615214426808,17.75561521442817,17.755615214426793,1.3606893389805919e-12,-1.4210854715202004e-14,3.58155451364337e-10,-17.755615214070012,-17.755615214068637,3.5815545136425335e-10,-1.7757356457828848,2.0008254625398574,2.504663143554353e-12,4.300810153403351e-17,1.7755615214070011e-07,2.504663143554353e-12,True,1.4106315739313797e-13,2818505.543093539,2815720.1933425427,2815720.1933425427,2823818.615620496,2829118.592116983,0.5000000000000002,3.046570091089475e-08,0.9999999695342989,0.4999999999999999,3957683781479594.0,3957683781479624.0,-5.113973492176793e-25,8.05667980501214e-10,4.7524564406025e-23,7.498567759278358e-09,4.4901000167849996e-23,4.0405914450734854e-21,2.9977505950829814e-13,17.755615213711167,0.024654874465658942,17.73096033924551,1.7755615213711167e-15,1.773096033924551e-15,1.773105892185298e-15,0.9989770311316093,0.9989704020545438,0.009313292319539812,-0.007123583027052405,0.0005252559444806763,-0.0004020354652436869
PF,-27.25,27.25,1.0,1e+16,81,3,1.2908564983613554e-13,-17.75775064284033,17.733192082136117,0.0246875,0.00012893866051698452,17.7577506434756,17.757750643474967,17.75775064347561,-6.323830348264892e-13,1.0658141036401503e-14,3.1747951061427773e-10,-17.757750643157486,-17.75775064315813,3.174795106142064e-10,-1.7759261635748929,2.001032800376409,2.7320368189975852e-12,9.031701322147037e-16,1.775775064315813e-07,2.7320368189975852e-12,True,1.538503875799275e-13,2843517.774090363,2840756.582917891,2840756.582917891,2848784.8365207356,2854050.2236226643,0.5,3.0197238114956584e-08,0.999999969802762,0.4999999999999999,3923383588073400.0,3923383588073469.5,3.557546777166465e-25,8.056278622931897e-10,1.0986926267654999e-22,7.433679543805838e-09,1.098292082607e-22,-6.349500842258334e-21,4.885886106322087e-13,17.75775064284033,0.024655161037830286,17.733095481802497,1.7757750642840327e-15,1.7733095481802496e-15,1.7733192082136118e-15,0.9989867523436067,0.9989802386222223,0.007831790673201056,-0.0053392648287911015,0.0004416482548824006,-0.0003012854541361472
PF,-27.5,27.5,1.0,1e+16,81,3,1.4618260866950976e-13,-17.759561581398263,17.73500080616519,0.0246875,0.000126724204618745,17.75956158196057,17.759561581961652,17.759561581960565,1.0835776720341528e-12,-3.552713678800501e-15,2.8142177073261166e-10,-17.75956158168023,-17.759561581679144,2.814217707326102e-10,-1.7760845879217952,2.001205826440056,2.6432189770275727e-12,2.1504050767016755e-16,1.7759561581680232e-07,2.6432189770275727e-12,True,1.4883357141846166e-13,2868529.8182160817,2865792.415555312,2865792.415555312,2873751.574185146,2878982.899702119,0.49999999999999983,2.993389250320654e-08,0.9999999700661074,0.5,3889609986992733.0,3889609986992703.0,2.890506756447753e-25,8.055884380152412e-10,-4.9907802149099996e-23,7.369783240420542e-09,-4.7063938623749997e-23,7.503955540850758e-21,5.75821314428825e-13,17.759561581398263,0.024655442612318248,17.734906138785945,1.7759561581398262e-15,1.7734906138785944e-15,1.773500080616519e-15,0.9989961275761905,0.998989726326976,0.006698709827574589,-0.00410974432377742,0.00037771329462661337,-0.00023187461401572715
PF,-27.75,27.75,1.0,1e+16,81,3,1.3844598150805585e-13,-17.761121609789793,17.736558673574887,0.0246875,0.00012456328674930475,17.761121610288136,17.76112161028928,17.761121610288136,1.1439738045737613e-12,0.0,2.4945804839470747e-10,-17.761121610039822,-17.76112161003868,2.4945804839470623e-10,-1.7762182783174,2.0013522874718563,3.161915174132446e-12,9.891863352827706e-16,1.7761121610039824e-07,3.161915174132446e-12,True,1.780245213987562e-13,2893541.6744972635,2890827.68824764,2890827.68824764,2898718.831367848,2903916.6256330907,0.4999999999999999,2.967542563707452e-08,0.9999999703245743,0.4999999999999999,3856365288730626.5,3856365288730577.0,2.2234667357290405e-26,8.055496905855002e-10,-8.0249022155475e-23,7.306884001071081e-09,-7.95480698781e-23,1.0101478612683714e-21,8.376965431382741e-14,17.761121609789793,0.024655719319380664,17.736465890470413,1.7761121609789793e-15,1.7736465890470412e-15,1.7736558673574888e-15,0.9990052177830796,0.998998926193425,0.00581216747730906,-0.003234357404672039,0.0003276959182963201,-0.00018246374718706572
PF,-28.0,28.0,1.0,1e+16,81,3,2.1446197245693747e-13,-17.762483470390826,17.737918425690953,0.0246875,0.00012245485758399078,17.762483470833367,17.762483470832766,17.762483470833377,-6.004086117172847e-13,1.0658141036401503e-14,2.2112365072111839e-10,-17.76248347061164,-17.762483470612253,2.2112365072106865e-10,-1.7763325073934986,2.001477764998799,2.8848035071860068e-12,3.4406481227226807e-16,1.7762483470612254e-07,2.8848035071860068e-12,True,1.624099193087987e-13,2918553.3436285276,2915862.403016185,2915862.403016185,2923686.606176494,2928851.3974200897,0.5,2.9421636516775165e-08,0.9999999705783635,0.49999999999999944,3823647242275914.5,3823647242275918.5,8.893866942916162e-26,8.055116032211997e-10,5.8479447141e-24,7.24497811337603e-09,4.7264210703e-24,-5.6279666556380696e-21,4.3648471839271474e-13,17.762483470390826,0.024655991284738606,17.737827479106087,1.7762483470390827e-15,1.7737827479106087e-15,1.7737918425690954e-15,0.9990140640431617,0.9990078793770911,0.005104964055213657,-0.002593820392135626,0.0002878009756959777,-0.00014631383740927
PF,-28.25,28.25,1.0,1e+16,81,3,2.5087317148774617e-13,-17.763685960561443,17.73911885865937,0.0246875,0.00012039770640407339,17.763685960952966,17.76368596095395,17.76368596095296,9.841016890277388e-13,-7.105427357601002e-15,1.9600661877983316e-10,-17.763685960757943,-17.763685960756952,1.960066187797878e-10,-1.7764311513384274,2.0015863820670043,3.5207392556912964e-12,9.031701322147037e-16,1.7763685960757944e-07,3.5207392556912964e-12,True,1.9819868823784774e-13,2943564.8273639297,2940896.565072876,2940896.565072876,2948654.8937693513,2953787.205179232,0.5,2.9172350626216918e-08,0.9999999708276494,0.4999999999999999,3791450699372370.0,3791450699372374.0,7.11509355433293e-25,8.054741595341681e-10,6.1483528329749995e-24,7.184056237486081e-09,5.5275093873e-24,2.1646025598607958e-21,1.686414111725014e-13,17.763685960561443,0.024656258629760574,17.73902970193168,1.7763685960561443e-15,1.7739029701931681e-15,1.773911885865937e-15,0.999022695230138,0.9990166148298446,0.00453133472056777,-0.0021141038906833387,0.0002554443392174,-0.0001192433537814341
PF,-28.5,28.5,1.0,1e+16,81,3,1.8831855397870393e-13,-17.7647582597821,17.740189150662122,0.0246875,0.00011839053275574333,17.764758260129366,17.76475826012982,17.764758260129348,4.547473508864641e-13,-1.7763568394002505e-14,1.7374174154420414e-10,-17.76475825995608,-17.764758259955606,1.7374174154420378e-10,-1.7765171233078412,2.001681250214243,2.7924329515371937e-12,5.160972184084021e-16,1.7764758259956078e-07,2.7924329515371937e-12,True,1.57189470899341e-13,2968576.128138214,2965930.181677855,2965930.181677855,2973623.6874106512,2978724.03524518,0.5000000000000001,2.8927412903686978e-08,0.9999999710725871,0.5000000000000001,3759768651831968.5,3759768651831989.5,8.893866942916162e-26,8.054373435763895e-10,2.952010448145e-23,7.124105419841037e-09,3.15628796898e-23,4.762125631693751e-21,3.7241285627933306e-13,17.7647582597821,0.024656521471667366,17.740101738310432,1.77647582597821e-15,1.7740101738310432e-15,1.7740189150662122e-15,0.9990311324258124,0.999025153711924,0.004059244346152013,-0.0017475656230061531,0.0002288174220210879,-9.856169229609616e-05
PF,-28.75,28.75,1.0,1e+16,81,3,1.7447477875077523e-13,-17.765722739867176,17.741151672167202,0.0246875,0.00011643199182018521,17.76572274017538,17.765722740174983,17.76572274017539,-3.979039320256561e-13,1.0658141036401503e-14,1.5400525091872875e-10,-17.765722740020976,-17.765722740021385,1.5400525091872899e-10,-1.7765926548930024,2.001764761606641,2.9700686354772188e-12,1.849348365963441e-15,1.7765722740021385e-07,2.9700686354772188e-12,True,1.671797246270457e-13,2993587.2488235375,2990963.261406492,2990963.261406492,2998592.9791480023,3003661.871524287,0.4999999999999999,2.8686683073528087e-08,0.999999971313317,0.5,3728592898624957.0,3728592898624954.5,-1.1339680352218107e-24,8.05401139858814e-10,-1.5821494260749999e-24,7.0651103862365405e-09,-1.24168689135e-24,-5.772273492962123e-21,4.578809106013053e-13,17.765722739867176,0.02465677992370683,17.74106595994347,1.7765722739867176e-15,1.774106595994347e-15,1.7741151672167203e-15,0.9990393915659214,0.9990335120370406,0.0036657278524216963,-0.0014625785679669434,0.0002066238782212034,-8.248298034494073e-05
PF,-29.0,29.0,1.0,1e+16,81,3,2.703992274116376e-13,-17.766596844257236,17.74202386525309,0.0246875,0.00011452072370493784,17.76659684452938,17.766596844531126,17.766596844529385,1.744382416291046e-12,3.552713678800501e-15,1.365101195514599e-10,-17.766596844394616,-17.766596844392875,1.3651011955142786e-10,-1.7766594843458314,2.001838785483376,3.0802027595200343e-12,1.2042268429529383e-15,1.7766596844394615e-07,3.0802027595200343e-12,True,1.7337044266256552e-13,3018598.1925690644,3015995.813666528,3015995.813666528,3023562.760258926,3028600.6963869072,0.5,2.8450032449409632e-08,0.9999999715499676,0.5,3697914486143799.0,3697914486143761.0,5.336320165749697e-25,8.053655333553891e-10,-6.1703827616925e-23,7.007054394169688e-09,-6.148352832975e-23,1.4574990569729358e-20,1.1702932630116202e-12,17.766596844257236,0.02465703409532512,17.741939810161913,1.7766596844257235e-15,1.7741939810161913e-15,1.7742023865253088e-15,0.9990474850835483,0.999041702314646,0.0033339751788474814,-0.001237575772890409,0.00018791491880374355,-6.978956584309008e-05
PF,-29.25,29.25,1.0,1e+16,81,3,1.7832463805753538e-13,-17.767394377278567,17.742819532893158,0.0246875,0.00011265537260080776,17.767394377520557,17.767394377520585,17.76739437752056,2.842170943040401e-14,3.552713678800501e-15,1.2100189251998846e-10,-17.767394377399583,-17.767394377399558,1.2100189251998843e-10,-1.776718985704631,2.001904803576517,2.589928271845565e-12,3.4406481227226807e-16,1.7767394377399582e-07,2.589928271845565e-12,True,1.4576860381621272e-13,3043608.962692883,3041027.848372814,3041027.848372814,3048533.02155135,3053540.491268734,0.5,2.821734168366505e-08,0.9999999717826582,0.5,3667724005025969.5,3667724005025959.5,5.113973492176793e-25,8.053305094987482e-10,-1.2877494695774999e-23,6.949919806935502e-09,-1.421931762675e-23,-4.0405914450734854e-21,3.2441688373959575e-13,17.767394377278567,0.02465728409232495,17.742737093186243,1.776739437727857e-15,1.7742737093186242e-15,1.7742819532893158e-15,0.9990554229620185,0.9990497346023863,0.0030514530024916553,-0.0010575008583160184,0.00017198321693350836,-5.9631479149066736e-05
PF,-29.5,29.5,1.0,1e+16,81,3,1.7542997292665087e-13,-17.768126408733064,17.74354974354756,0.0246875,0.00011083459938401902,17.768126408948177,17.768126408946962,17.768126408948195,-1.2150280781497713e-12,1.7763568394002505e-14,1.0725499205265547e-10,-17.768126408839706,-17.76812640884094,1.0725499205263157e-10,-1.7767722593886366,2.001964005529255,2.7284841053187847e-12,5.160972184084021e-16,1.776812640884094e-07,2.7284841053187847e-12,True,1.5356059736051657e-13,3068619.562607894,3066059.375724798,3066059.375724798,3073503.753569888,3078481.237082656,0.5,2.7988499142066373e-08,0.9999999720115009,0.5,3638011793744369.0,3638011793744382.5,-8.893866942916162e-26,8.052960541711715e-10,2.1248867608425e-23,6.893688487124009e-09,2.1549275727299998e-23,-7.215341866202653e-22,6.032964919829931e-14,17.768126408733064,0.024657530017020663,17.743468878716044,1.7768126408733066e-15,1.7743468878716045e-15,1.7743549743547562e-15,0.9990632134281789,0.9990576171999197,0.0028086624067640287,-0.0009116225278305023,0.0001582927456836315,-5.140297677691571e-05
PF,-29.75,29.75,1.0,1e+16,81,3,1.6250958417178226e-13,-17.76880192133741,17.744223478617748,0.0246875,0.00010905708988674502,17.76880192152786,17.768801921527256,17.768801921527846,-6.039613253960852e-13,-1.4210854715202004e-14,9.506944148202958e-11,-17.768801921432186,-17.768801921432775,9.506944148200819e-11,-1.7768201970375592,2.002017357448503,2.7959856652159942e-12,1.7203240613613403e-16,1.7768801921432775e-07,2.7959856652159942e-12,True,1.57353640249851e-13,3093629.995770298,3091090.4060514923,3091090.4060514923,3098474.9467389216,3103422.914505387,0.5000000000000001,2.7763399702121174e-08,0.9999999722366003,0.5,3608768080134160.0,3608768080134170.5,-4.891626818603889e-25,8.05262153692923e-10,2.0407724875575e-23,6.83834207004435e-09,1.8224759211749998e-23,-7.0710350288786e-21,5.799230835875132e-13,17.76880192133741,0.024657771968388652,17.74414414936902,1.776880192133741e-15,1.7744144149369021e-15,1.7744223478617749e-15,0.9990708634201951,0.9990653571155979,0.0025971066511561755,-0.0007808235170258328,0.00014636415424119106,-4.402599718353184e-05
PF,-30.0,30.0,1.0,1e+16,81,3,2.1869285417783606e-13,-17.769428282446007,17.74484810417561,0.0246875,0.00010732156025143837,17.76942828261536,17.769428282613717,17.769428282615372,-1.6413537196058314e-12,1.4210854715202004e-14,8.426796080813839e-11,-17.76942828252945,-17.769428282531106,8.426796080813892e-11,-1.7768635287505774,2.00206565201969,2.9274360713316128e-12,3.8707291380630156e-16,1.7769428282531107e-07,2.9274360713316128e-12,True,1.6474565330892144e-13,3118640.265643417,3116120.9497031807,3116120.9497031807,3123446.591463093,3128365.5041782483,0.5,2.7541943845062783e-08,0.9999999724580562,0.5,3579983080734005.0,3579983080734010.0,-4.6692801450309855e-25,8.05228794809132e-10,8.2512096651e-24,6.7838621556208755e-09,8.9721891504e-24,-7.359648703526706e-21,6.073023273314407e-13,17.769428282446007,0.024658010042188497,17.74477027240382,1.7769428282446006e-15,1.7744770272403819e-15,1.774484810417561e-15,0.9990783789102216,0.9990729603896046,0.002418250648247121,-0.0006500245062466025,0.00013627962555299566,-3.665046402718731e-05
