condition,T_K,V_V,x_cm,x_fraction,n_cm3,p_cm3,G_cm3s,R_cm3s,QFLS_eV,phi_V
sc,200.0,0,0.0,0.0,700743440891.8217,1.2e+20,1.5357919101745596e+22,1.967857680326196e+19,0.9778929192550437,0.0
sc,200.0,0,1.5852610367572685e-11,1.4411463970520622e-06,702567544847.45,1.199464183918895e+20,1.5357919101745596e+22,1.972099244913986e+19,0.9778929203955538,4.481850869892913e-05
sc,200.0,0,3.2208388717036575e-11,2.9280353379124158e-06,704450993966.9574,1.1989115562943984e+20,1.5357919101745596e+22,1.97647502694442e+19,0.977892851559556,9.104324024516425e-05
sc,200.0,0,4.9083304228147994e-11,4.462118566195272e-06,706395765714.3431,1.1983415962778449e+20,1.5357919101745596e+22,1.9809892583801225e+19,0.9778927064094238,0.00013871777893429478
sc,200.0,0,6.649383279366816e-11,6.044893890333469e-06,708403906428.1708,1.197753767322182e+20,1.5357919101745596e+22,1.9856463035622023e+19,0.977892478177053,0.00018788702538581267
sc,200.0,0,8.44569730995004e-11,7.677906645409127e-06,710477533908.688,1.1971475167380521e+20,1.5357919101745596e+22,1.990450663277025e+19,0.9778921596385886,0.00023859723409628108
sc,200.0,0,1.0299026319943172e-10,9.362751199948338e-06,712618840111.8237,1.1965222752398893e+20,1.5357919101745596e+22,1.995406978938519e+19,0.9778917430878722,0.0002908960518753986
sc,200.0,0,1.2211179762539047e-10,1.1101072511399135e-05,714830093957.9487,1.195877456481098e+20,1.5357919101745596e+22,2.000520036894888e+19,0.9778912203085546,0.0003448325572478889
sc,200.0,0,1.418402450356626e-10,1.2894567730514783e-05,717113644259.4949,1.1952124565787489e+20,1.5357919101745596e+22,2.0057947728598917e+19,0.9778905825448229,0.00040045730079346246
sc,200.0,0,1.6219486642243818e-10,1.474498785658529e-05,719471922773.4454,1.1945266536276358e+20,1.5357919101745596e+22,2.011236276472384e+19,0.9778898204706924,0.00045782234644843215
sc,200.0,0,1.8319553390006016e-10,1.6654139445460014e-05,721907447385.4465,1.1938194072032243e+20,1.5357919101745596e+22,2.0168497959881777e+19,0.9778889241578084,0.0005169813137902674
sc,200.0,0,2.0486275007947086e-10,1.8623886370860987e-05,724422825430.4265,1.1930900578541373e+20,1.5357919101745596e+22,2.0226407431041204e+19,0.9778878830417064,0.0005779894212792447
sc,200.0,0,2.2721766807037856e-10,2.065615164276169e-05,727020757159.0588,1.1923379265833935e+20,1.5357919101745596e+22,2.028614697923622e+19,0.9778866858864765,0.0006409035305303238
sc,200.0,0,2.5028211210015303e-10,2.2752919281832096e-05,729704039354.0344,1.1915623143193887e+20,1.5357919101745596e+22,2.0347774140590854e+19,0.9778853207477823,0.0007057821915377675
sc,200.0,0,2.7407859880196337e-10,2.4916236254723945e-05,732475569107.2584,1.1907625013756769e+20,1.5357919101745596e+22,2.0411348238829326e+19,0.9778837749341754,0.0007726856889510208
sc,200.0,0,2.986303591691053e-10,2.7148214469918663e-05,735338347763.4185,1.1899377469003147e+20,1.5357919101745596e+22,2.047693043924253e+19,0.977882034966659,0.0008416760893408883
sc,200.0,0,3.239613612005532e-10,2.9451032836413926e-05,738295485038.6667,1.1890872883143872e+20,1.5357919101745596e+22,2.0544583804142998e+19,0.9778800865364474,0.0009128172894710099
sc,200.0,0,3.5009633327559573e-10,3.182693938869052e-05,741350203325.4656,1.1882103407397598e+20,1.5357919101745596e+22,2.0614373349895905e+19,0.9778779144608674,0.000986175065622216
sc,200.0,0,3.770607882569443e-10,3.427825347790403e-05,744505842190.1464,1.1873060964168712e+20,1.5357919101745596e+22,2.068636610548653e+19,0.9778755026373562,0.0010618171239056987
sc,200.0,0,4.048810483650578e-10,3.680736803318707e-05,747765863075.899,1.186373724112293e+20,1.5357919101745596e+22,2.0760631172724687e+19,0.9778728339955074,0.0011398131516189894
sc,200.0,0,4.335842708358961e-10,3.9416751894172375e-05,751133854220.0208,1.185412368516393e+20,1.5357919101745596e+22,2.083723978806448e+19,0.9778698904471143,0.001220234869608983
sc,200.0,0,4.631984743932449e-10,4.210895221756772e-05,754613535797.677,1.1844211496308145e+20,1.5357919101745596e+22,2.091626538609227e+19,0.9778666528341737,0.0013031560856551973
sc,200.0,0,4.937525665545395e-10,4.488659695950359e-05,758208765303.1316,1.1833991621469721e+20,1.5357919101745596e+22,2.0997783664695665e+19,0.9778631008748039,0.0013886527488477685
sc,200.0,0,5.252763718117115e-10,4.775239743742832e-05,761923543183.14,1.1823454748154082e+20,1.5357919101745596e+22,2.1081872651995226e+19,0.97785921310704,0.001476803004993256
sc,200.0,0,5.578006606901109e-10,5.0709150971828265e-05,765762018732.8967,1.181259129807256e+20,1.5357919101745596e+22,2.116861277499429e+19,0.9778549668304736,0.0015676872529686837
sc,200.0,0,5.91357179736185e-10,5.375974361238045e-05,769728496271.4261,1.1801391420664986e+20,1.5357919101745596e+22,2.125808693001869e+19,0.9778503380457036,0.0016613882020723512
sc,200.0,0,6.259786824534542e-10,5.690715295031401e-05,773827441610.1698,1.1789844986550088e+20,1.5357919101745596e+22,2.135038055495766e+19,0.9778453013915743,0.001757990930327216
sc,200.0,0,6.61698961216095e-10,6.0154451019645006e-05,778063488830.9802,1.1777941580912476e+20,1.5357919101745596e+22,2.144558170334552e+19,0.9778398300801767,0.001857582943714207
sc,200.0,0,6.985528801894402e-10,6.350480728994912e-05,782441447390.2716,1.1765670496826997e+20,1.5357919101745596e+22,2.154378112028497e+19,0.9778338958296019,0.001960254236306714
sc,200.0,0,7.365764092976956e-10,6.696149175433597e-05,786966309568.1478,1.1753020728517907e+20,1.5357919101745596e+22,2.1645072320237728e+19,0.977827468794432,0.0020660973513016334
sc,200.0,0,7.758066592602475e-10,7.052787811456795e-05,791643258279.9767,1.1739980964581674e+20,1.5357919101745596e+22,2.1749551666691535e+19,0.9778205174939691,0.002175207442882772
sc,200.0,0,8.162819177441882e-10,7.420744706765348e-05,796477675273.0635,1.1726539581178131e+20,1.5357919101745596e+22,2.1857318453774037e+19,0.9778130087382061,0.0022876823389183505
sc,200.0,0,8.580416866495465e-10,7.800378969541333e-05,801475149727.3472,1.1712684635183841e+20,1.5357919101745596e+22,2.196847498972229e+19,0.9778049075515517,0.0024036226044001304
sc,200.0,0,9.011267205821794e-10,8.19206109620163e-05,806641487284.8296,1.169840385733534e+20,1.5357919101745596e+22,2.208312668229403e+19,0.9777961770943306,0.00252313160563072
sc,200.0,0,9.455790665399698e-10,8.596173332181545e-05,811982719531.3917,1.1683684645384838e+20,1.5357919101745596e+22,2.2201382126126342e+19,0.9777867785820912,0.0026463155750756973
sc,200.0,0,9.914421048550782e-10,9.013110044137074e-05,817505113957.2667,1.166851405724858e+20,1.5357919101745596e+22,2.232335319198821e+19,0.977776671202758,0.002773283676835913
sc,200.0,0,1.0387605914276564e-09,9.443278103887787e-05,823215184422.546,1.1652878804194773e+20,1.5357919101745596e+22,2.2449155117946827e+19,0.9777658120316853,0.00290414807266573
sc,200.0,0,1.0875807012974414e-09,9.887097284522195e-05,829119702158.1946,1.1636765244087461e+20,1.5357919101745596e+22,2.2578906602474754e+19,0.9777541559446711,0.003039023988483671
sc,200.0,0,1.1379500735910763e-09,0.00010345000669009785,835225707333.4115,1.1620159374669722e+20,1.5357919101745596e+22,2.2712729899403694e+19,0.9777416555290079,0.003178029781288016
sc,200.0,0,1.1899178578885228e-09,0.00010817435071713843,841540521221.4205,1.1603046826957758e+20,1.5357919101745596e+22,2.2850750914768544e+19,0.9777282609926604,0.0033212870063943968
sc,200.0,0,1.243534762056797e-09,0.0001130486147324361,848071759000.3336,1.1585412858727927e+20,1.5357919101745596e+22,2.2993099305480212e+19,0.9777139200716705,0.003468920484914644
sc,200.0,0,1.2988531015943882e-09,0.00011807755469039893,854827343226.175,1.15672423481294e+20,1.5357919101745596e+22,2.313990857978301e+19,0.9776985779359063,0.0036210583713708147
sc,200.0,0,1.3559268505321519e-09,0.00012326607732110473,861815518016.6401,1.1548519787476173e+20,1.5357919101745596e+22,2.3291316199473357e+19,0.9776821770932894,0.0037778322213327335
sc,200.0,0,1.4148116939419752e-09,0.00012861924490381593,869044863990.4768,1.152922927718992e+20,1.5357919101745596e+22,2.3447463683769455e+19,0.9776646572926468,0.003939377058969579
sc,200.0,0,1.475565082107555e-09,0.0001341422801915959,876524314006.2014,1.1509354519995503e+20,1.5357919101745596e+22,2.3608496714860843e+19,0.9776459554253524,0.004105831444400761
sc,200.0,0,1.5382462863975932e-09,0.0001398405714906903,884263169748.291,1.1488878815326952e+20,1.5357919101745596e+22,2.3774565244900848e+19,0.9776260054259419,0.0042773375406786876
sc,200.0,0,1.602916456910408e-09,0.0001457196779009462,892271119214.312,1.1467785054052422e+20,1.5357919101745596e+22,2.394582360454969e+19,0.9776047381719,0.004454041180299909
sc,200.0,0,1.6696386819333165e-09,0.00015178533472121059,900558255155.1641,1.1446055713484925e+20,1.5357919101745596e+22,2.41224306127375e+19,0.9775820813828402,0.0046360919310553025
sc,200.0,0,1.738478049276626e-09,0.00015804345902514783,909135094529.5535,1.1423672852792336e+20,1.5357919101745596e+22,2.430454968774215e+19,0.9775579595193165,0.004823643161059066
sc,200.0,0,1.8095017095494103e-09,0.00016450015541358276,918012599033.5327,1.1400618108773866e+20,1.5357919101745596e+22,2.449234895923423e+19,0.977532293681522,0.00501685210279935
sc,200.0,0,1.8827789414216367e-09,0.00017116172194742152,927202196772.9149,1.1376872692132232e+20,1.5357919101745596e+22,2.4686001381331223e+19,0.9775050015081597,0.005215879915974243
sc,200.0,0,1.958381218950811e-09,0.00017803465626825554,936715805148.5111,1.1352417384209577e+20,1.5357919101745596e+22,2.4885684846274937e+19,0.977475997075779,0.005420891748950155
sc,200.0,0,2.0363822810287035e-09,0.00018512566191170032,946565855032.3947,1.13272325343162e+20,1.5357919101745596e+22,2.5091582298743628e+19,0.9774451907989028,0.005632056798599096
sc,200.0,0,2.1168582030189895e-09,0.00019244165481990816,956765316313.6813,1.1301298057654243e+20,1.5357919101745596e+22,2.5303881850383913e+19,0.9774124893312848,0.005849548368293182
sc,200.0,0,2.199887470647477e-09,0.00019998977005886154,967327724903.1583,1.1274593433925334e+20,1.5357919101745596e+22,2.5522776894441935e+19,0.9773777954686663,0.00607354392378956
sc,200.0,0,2.285551056227353e-09,0.00020777736874794117,978267211287.3433,1.1247097706696165e+20,1.5357919101745596e+22,2.5748466220170748e+19,0.9773410080534116,0.006304225146773855
sc,200.0,0,2.3739324972774643e-09,0.00021581204520704222,989598530732.8615,1.1218789483559651e+20,1.5357919101745596e+22,2.598115412668802e+19,0.9773020218814379,0.006541777985742478
sc,200.0,0,2.4651179776252194e-09,0.00022410163432956542,1001337095245.7003,1.1189646937198908e+20,1.5357919101745596e+22,2.62210505359767e+19,0.9772607276118612,0.006786392703972086
sc,200.0,0,2.5591964110509015e-09,0.00023265421918644558,1013499007398.778,1.1159647807429897e+20,1.5357919101745596e+22,2.6468371104653267e+19,0.9772170116798206,0.007038263924207551
sc,200.0,0,2.656259527577809e-09,0.0002414781388707099,1026101096150.4496,1.1128769404282608e+20,1.5357919101745596e+22,2.6723337334072738e+19,0.9771707562129426,0.007297590669803752
sc,200.0,0,2.756401962466237e-09,0.00025058199658783975,1039160954780.2795,1.1096988612239237e+20,1.5357919101745596e+22,2.6986176678303285e+19,0.9771218389519495,0.007564576401907286
sc,200.0,0,2.8597213480120453e-09,0.00025997466800109503,1052696981084.4799,1.1064281895715167e+20,1.5357919101745596e+22,2.725712264955194e+19,0.9770701331759223,0.007839429052353564
sc,200.0,0,2.9663184082353023e-09,0.00026966530983957293,1066728419976.5475,1.1030625305879372e+20,1.5357919101745596e+22,2.753641492041767e+19,0.9770155076327511,0.008122361051887692
sc,200.0,0,3.0762970565353374e-09,0.0002796633687759398,1081275408651.98,1.0995994488923298e+20,1.5357919101745596e+22,2.782429942239326e+19,0.9769578264753362,0.008413589353266903
sc,200.0,0,3.189764496423941e-09,0.00028997859058399467,1096359024488.9333,1.0960364695891111e+20,1.5357919101745596e+22,2.8121028440023687e+19,0.9768969492041015,0.008713335448869555
sc,200.0,0,3.306831325422199e-09,0.0003006210295838363,1112001335864.498,1.0923710794189391e+20,1.5357919101745596e+22,2.842686069996088e+19,0.976832730616417,0.009021825382338134
sc,200.0,0,3.427611642213779e-09,0.00031160105838307084,1128225456081.732,1.0886007280901543e+20,1.5357919101745596e+22,2.8742061454166335e+19,0.9767650207635374,0.009339289753775702
sc,200.0,0,3.552223157170686e-09,0.00032292937792460785,1145055600617.742,1.0847228298032176e+20,1.5357919101745596e+22,2.906690255646604e+19,0.9766936649156743,0.009665963718048114
sc,200.0,0,3.680787306341249e-09,0.00033461702784920444,1162517147913.65,1.0807347649821981e+20,1.5357919101745596e+22,2.9401662531500773e+19,0.9766185035358391,0.010002086975646675
sc,200.0,0,3.813429369018795e-09,0.0003466753971835268,1180636703947.4985,1.076633882227139e+20,1.5357919101745596e+22,2.9746626635139826e+19,0.9765393722631024,0.010347903755612972
sc,200.0,0,3.950278588993605e-09,0.00035911623536305504,1199442170845.9827,1.0724175005023171e+20,1.5357919101745596e+22,3.0102086905292685e+19,0.9764561019059282,0.01070366278995726
sc,200.0,0,4.091468299609047e-09,0.00037195166360082244,1218962819810.153,1.068082911575508e+20,1.5357919101745596e+22,3.0468342201991066e+19,0.9763685184462447,0.011069617279021452
sc,200.0,0,4.2371360527360675e-09,0.0003851941866123698,1239229368649.0435,1.0636273827242261e+20,1.5357919101745596e+22,3.084569823550447e+19,0.9762764430549239,0.011446024847191821
sc,200.0,0,4.387423751783914e-09,0.0003988567047076286,1260274064236.5962,1.0590481597254127e+20,1.5357919101745596e+22,3.1234467581164986e+19,0.9761796921193474,0.011833147488348681
sc,200.0,0,4.5424777888789516e-09,0.00041295252626172285,1282130770231.2722,1.054342470145197e+20,1.5357919101745596e+22,3.163496967950715e+19,0.9760780772837296,0.012231251500449333
sc,200.0,0,4.702449186337998e-09,0.00042749538057618164,1304835060420.7214,1.0495075269460656e+20,1.5357919101745596e+22,3.2047530820193915e+19,0.9759714055028726,0.012640607408600003
sc,200.0,0,4.8674937425619564e-09,0.0004424994311419961,1328424318079.3235,1.0445405324292645e+20,1.5357919101745596e+22,3.247248410807492e+19,0.9758594791100291,0.01306148987594579
sc,200.0,0,5.03777218249446e-09,0.0004579792893176782,1352937841756.7341,1.0394386825301228e+20,1.5357919101745596e+22,3.291016940965849e+19,0.9757420958995293,0.013494177601732212
sc,200.0,0,5.213450312782919e-09,0.0004739500284348108,1378416957943.9438,1.0341991714849733e+20,1.5357919101745596e+22,3.336093327813305e+19,0.975619049224826,0.013938953205850377
sc,200.0,0,5.394699181784867e-09,0.0004904271983440789,1404905141095.823,1.0288191968873637e+20,1.5357919101745596e+22,3.3825128854925496e+19,0.9754901281125992,0.014396103099171302
sc,200.0,0,5.581695244568585e-09,0.0005074268404153259,1432448141524.239,1.0232959651514566e+20,1.5357919101745596e+22,3.4303115745667314e+19,0.975355117393537,0.014865917338971609
sc,200.0,0,5.7746205330643226e-09,0.0005249655030058475,1461094121712.71,1.0176266974022464e+20,1.5357919101745596e+22,3.4795259868364247e+19,0.9752137978503944,0.015348689468755158
sc,200.0,0,5.973662831521231e-09,0.000543060257411021,1490893801643.2512,1.0118086358095607e+20,1.5357919101745596e+22,3.5301933271342203e+19,0.9750659463839014,0.015844716341758287
sc,200.0,0,6.179015857431192e-09,0.0005617287143119265,1521900613768.3582,1.0058390503815935e+20,1.5357919101745596e+22,3.582351391837238e+19,0.9749113361970665,0.016354297927431483
sc,200.0,0,6.390879448088693e-09,0.0005809890407353357,1554170868307.0955,9.997152462392156e+19,1.5357919101745596e+22,3.636038543844269e+19,0.9747497369983816,0.01687773710020302
sc,200.0,0,6.609459752962621e-09,0.0006008599775420564,1587763929593.9082,9.93434571380464e+19,1.5357919101745596e+22,3.691293683713814e+19,0.9745809152243962,0.017415339409843522
sc,200.0,0,6.83496943204237e-09,0.0006213608574583973,1622742404257.3887,9.869944249574038e+19,1.5357919101745596e+22,3.748156216684545e+19,0.9744046342820936,0.01796741283271855
sc,200.0,0,7.067627860364078e-09,0.0006425116236694617,1659172342068.7966,9.803922660710954e+19,1.5357919101745596e+22,3.80666601524532e+19,0.9742206548114262,0.018534267503329063
sc,200.0,0,7.30766133887939e-09,0.0006643328489890354,1697123450351.607,9.736256231033687e+19,1.5357919101745596e+22,3.8668633769411486e+19,0.9740287349683487,0.019116215425443957
sc,200.0,0,7.555303311878037e-09,0.0006868457556252761,1736669322914.2827,9.666921035901406e+19,1.5357919101745596e+22,3.928788977058839e+19,0.9738286307285872,0.019713570162265468
sc,200.0,0,7.810794591152303e-09,0.0007100722355593003,1777887684532.116,9.59589404645696e+19,1.5357919101745596e+22,3.99248381583493e+19,0.9736200962123437,0.02032664650503426
sc,200.0,0,8.074383587114653e-09,0.0007340348715558775,1820860652078.8718,9.523153239430373e+19,1.5357919101745596e+22,4.057989159815792e+19,0.9734028840300419,0.020955760119566662
sc,200.0,0,8.346326547068184e-09,0.0007587569588243803,1865675013484.0012,9.448677712511643e+19,1.5357919101745596e+22,4.125346476972975e+19,0.9731767456491539,0.021601227170225296
sc,200.0,0,8.62688780086257e-09,0.0007842625273511428,1912422525778.1604,9.372447805269256e+19,1.5357919101745596e+22,4.1945973651758055e+19,0.9729414317820383,0.022263363920947226
sc,200.0,0,8.916340014136991e-09,0.0008105763649215447,1961200233571.2966,9.294445225566649e+19,1.5357919101745596e+22,4.265783473602887e+19,0.9726966927946522,0.022942486312931522
sc,200.0,0,9.214964449395513e-09,0.0008377240408541375,2012110809406.0593,9.214653181365371e+19,1.5357919101745596e+22,4.338946416666779e+19,0.9724422791358697,0.023638909518753488
sc,200.0,0,9.523051235139635e-09,0.0008657319304672395,2065262917524.0955,9.133056517764632e+19,1.5357919101745596e+22,4.41412768000975e+19,0.9721779417870454,0.0243529474726927
sc,200.0,0,9.840899643304701e-09,0.0008946272403004274,2120771602691.964,9.049641859068363e+19,1.5357919101745596e+22,4.4913685181298205e+19,0.9719034327313353,0.02508491237719277
sc,200.0,0,1.0168818375244415e-08,0.0009244380341131286,2178758705841.512,8.964397755613633e+19,1.5357919101745596e+22,4.570709843181619e+19,0.9716185054421662,0.025835114185453287
sc,200.0,0,1.050712585652297e-08,0.0009551932596839063,2239353308395.232,8.877314835026954e+19,1.5357919101745596e+22,4.65219210448955e+19,0.9713229153901033,0.02660386006028817
sc,200.0,0,1.0856150540770048e-08,0.0009869227764336408,2302692207275.406,8.788385957511333e+19,1.5357919101745596e+22,4.735855158319974e+19,0.9710164205672361,0.027391453809483633
sc,200.0,0,1.1216231222873463e-08,0.0010196573838975875,2368920422725.672,8.697606374680004e+19,1.5357919101745596e+22,4.821738127454059e+19,0.9706987820280394,0.028198195298052568
sc,200.0,0,1.1587717361786653e-08,0.001053428851071514,2438191741203.079,8.604973891377432e+19,1.5357919101745596e+22,4.909879250091564e+19,0.9703697644455177,0.02902437983791687
sc,200.0,0,1.1970969413231335e-08,0.0010882699466573942,2510669295757.898,8.510489029860804e+19,1.5357919101745596e+22,5.0003157176673935e+19,0.9700291366812787,0.02987029755569599
sc,200.0,0,1.2366359172584106e-08,0.0011242144702349188,2586526186449.0327,8.414155195595108e+19,1.5357919101745596e+22,5.093083501114934e+19,0.9696766723680134,0.030736232739449705
sc,200.0,0,1.2774270128259657e-08,0.0011612972843872416,2665946143520.7744,8.315978843838743e+19,1.5357919101745596e+22,5.188217165179129e+19,0.9693121505026709,0.03162246316543569
sc,200.0,0,1.3195097825883073e-08,0.001199554347807552,2749124236211.836,8.215969646116679e+19,1.5357919101745596e+22,5.285749670374869e+19,0.9689353560484585,0.032529259406067414
sc,200.0,0,1.3629250243573032e-08,0.0012390227494157302,2836267630249.577,8.114140655546268e+19,1.5357919101745596e+22,5.385712162220751e+19,0.9685460805435986,0.03345688412050184
sc,200.0,0,1.4077148178667454e-08,0.001279740743515223,2927596397249.8696,8.01050846990572e+19,1.5357919101745596e+22,5.488133747406101e+19,0.9681441227145837,0.03440559132949346
sc,200.0,0,1.4539225646207298e-08,0.0013217477860188453,3023344379428.595,7.905093391245795e+19,1.5357919101745596e+22,5.593041256609464e+19,0.9677292890915028,0.035375625676312
sc,200.0,0,1.501593028953513e-08,0.0013650845717759208,3123760113204.1597,7.797919580712336e+19,1.5357919101745596e+22,5.7004589936853434e+19,0.9673013946228001,0.036367221675809476
sc,200.0,0,1.55077238033528e-08,0.001409793073032073,3229107815477.5054,7.689015207189067e+19,1.5357919101745596e+22,5.810408471050572e+19,0.9668602632866552,0.037380602953901255
sc,200.0,0,1.6015082369593702e-08,0.001455916579053973,3339668436538.9067,7.578412588266227e+19,1.5357919101745596e+22,5.92290813110233e+19,0.966405728695992,0.03841598147995832
sc,200.0,0,1.6538497106481364e-08,0.0015034997369528513,3455740783761.2017,7.466148321956556e+19,1.5357919101745596e+22,6.037973053604648e+19,0.965937634693938,0.03947355679485341
sc,200.0,0,1.7078474531153074e-08,0.0015525885937411887,3577642720423.673,7.3522634075095605e+19,1.5357919101745596e+22,6.155614649050033e+19,0.9654558359363926,0.04055351523762723
sc,200.0,0,1.7635537036227667e-08,0.0016032306396570606,3705712444183.855,7.236803353613216e+19,1.5357919101745596e+22,6.275840338065216e+19,0.9649601984582085,0.041656029173950976
sc,200.0,0,1.8210223380721703e-08,0.001655474852792882,3840309849907.6416,7.119818272218953e+19,1.5357919101745596e+22,6.398653217045106e+19,0.964450600219336,0.042781256229815226
sc,200.0,0,1.8803089195716493e-08,0.0017093717450651358,3981817981736.873,7.001362956197137e+19,1.5357919101745596e+22,6.524051710299152e+19,0.9639269316271559,0.04392933853406722
sc,200.0,0,1.9414707505186866e-08,0.0017649734095624425,4130644579423.959,6.881496939010675e+19,1.5357919101745596e+22,6.6520292090864435e+19,0.9633890960311227,0.045100401973621876
sc,200.0,0,2.0045669262421574e-08,0.001822333569311052,4287223724114.8047,6.760284534588833e+19,1.5357919101745596e+22,6.7825736980401816e+19,0.9628370101857393,0.04629455546538224
sc,200.0,0,2.069658390247253e-08,0.0018815076274975029,4452017588883.233,6.637794855640984e+19,1.5357919101745596e+22,6.91566736963292e+19,0.9622706046778255,0.04751189024907549
sc,200.0,0,2.1368079911068928e-08,0.0019425527191880843,4625518299414.376,6.514101808656001e+19,1.5357919101745596e+22,7.051286227423442e+19,0.9616898243140137,0.048752479205346616
sc,200.0,0,2.2060805410459572e-08,0.002005527764587234,4808249910309.567,6.38928406395982e+19,1.5357919101745596e+22,7.189399679023408e+19,0.9610946284643872,0.05001637620362021
sc,200.0,0,2.2775428762647043e-08,0.002070493523877004,5000770502512.062,6.263424999263209e+19,1.5357919101745596e+22,7.329970119822649e+19,0.9604849913582117,0.05130361548432978
sc,200.0,0,2.351263919048374e-08,0.00213751265368034,5203674407339.776,6.136612615318484e+19,1.5357919101745596e+22,7.472952508719922e+19,0.9598609023277769,0.05261421108018919
sc,200.0,0,2.4273147417125106e-08,0.0022066497651931916,5417594562555.85,6.008939422423888e+19,1.5357919101745596e+22,7.618293937237108e+19,0.9592223659964566,0.05394815628125607
sc,200.0,0,2.5057686324324814e-08,0.0022779714840295284,5643205005774.027,5.8805022967468966e+19,1.5357919101745596e+22,7.765933193586773e+19,0.9585694024072537,0.055305423148513944
sc,200.0,0,2.586701163008731e-08,0.002351546511826119,5881223510314.793,5.751402305654828e+19,1.5357919101745596e+22,7.915800323448694e+19,0.9579020470882671,0.056685962080713054
sc,200.0,0,2.670190258619126e-08,0.002427445689653751,6132414368350.401,5.621744501501739e+19,1.5357919101745596e+22,8.067816189388567e+19,0.9572203510517491,0.0580897014391251
sc,200.0,0,2.7563162696108976e-08,0.0025057420632826344,6397591325817.168,5.4916376836124156e+19,1.5357919101745596e+22,8.221892031047978e+19,0.9565243807237017,0.05951654723476511
sc,200.0,0,2.84516204538629e-08,0.002586510950351173,6677620673113.106,5.361194128518727e+19,1.5357919101745596e+22,8.377929028437642e+19,0.9558142178012655,0.06096638288249575
sc,200.0,0,2.9368130104358903e-08,0.002669830009487173,6973424495015.202,5.2305292888446e+19,1.5357919101745596e+22,8.535817870858786e+19,0.9550899590355186,0.06243906902621779
sc,200.0,0,3.031357242576549e-08,0.0027557793114332263,7285984082553.943,5.099761461594965e+19,1.5357919101745596e+22,8.695438334194142e+19,0.9543517159376992,0.06393444343914603
sc,200.0,0,3.12888555344934e-08,0.0028444414122266726,7616343508725.106,4.9690114269780386e+19,1.5357919101745596e+22,8.856658869503756e+19,0.9535996144073163,0.06545232100284704
sc,200.0,0,3.2294915713363566e-08,0.0029359014284875973,7965613368921.3,4.838402059268821e+19,1.5357919101745596e+22,9.019336206065251e+19,0.9528337942810741,0.06699249376842946
sc,200.0,0,3.3332718263538116e-08,0.0030302471148671017,8334974685778.814,4.708057911632544e+19,1.5357919101745596e+22,9.183314972229173e+19,0.9520544088020632,0.06855473110287244
sc,200.0,0,3.44032583808237e-08,0.0031275689437112453,8725682976785.524,4.5781047771742626e+19,1.5357919101745596e+22,9.348427337616962e+19,0.9512616240091931,0.07013877992310974
sc,200.0,0,3.550756205694139e-08,0.0032279601869946717,9139072481426.59,4.448669228902741e+19,1.5357919101745596e+22,9.514492680462192e+19,0.9504556180474171,0.07174436502000497
sc,200.0,0,3.664668700637741e-08,0.0033315170005797645,9576560542846.72,4.319878141612246e+19,1.5357919101745596e+22,9.681317283996154e+19,0.9496365803998731,0.07337118947389241
sc,200.0,0,3.7821723619446636e-08,0.003438338510858785,10039652136992.748,4.1918581990605324e+19,1.5357919101745596e+22,9.848694066043014e+19,0.948804711043649,0.07501893516286456
sc,200.0,0,3.9033795942180146e-08,0.003548526903834559,10529944539977.047,4.0647353900952265e+19,1.5357919101745596e+22,1.0016402346148664e+20,0.9479602195314853,0.07668726336441534
sc,200.0,0,4.0284062683698775e-08,0.0036621875166998885,11049132121831.953,3.938634497659606e+19,1.5357919101745596e+22,1.0184207654702418e+20,0.9471033240022994,0.07837581545056053
sc,200.0,0,4.157371825168804e-08,0.00377942893197164,11599011252034.07,3.8136785848298406e+19,1.5357919101745596e+22,1.0351861588669743e+20,0.9462342501240115,0.08008421367592328
sc,200.0,0,4.290399381665122e-08,0.00390036307424102,12181485299217.895,3.689988482194401e+19,1.5357919101745596e+22,1.0519101718758846e+20,0.945353229972684,0.081812062057783
sc,200.0,0,4.4276158405582135e-08,0.004025105309598376,12798569703965.143,3.5676822810033107e+19,1.5357919101745596e+22,1.0685651552789612e+20,0.9444605008525236,0.08355894734646906
sc,200.0,0,4.5691520025717855e-08,0.0041537745477925325,13452397100158.668,3.4468748365622694e+19,1.5357919101745596e+22,1.085122056031973e+20,0.9435563040617841,0.08532444008394778
sc,200.0,0,4.715142681904483e-08,0.0042864933471858935,14145222456269.967,3.3276772863306207e+19,1.5357919101745596e+22,1.1015504263437651e+20,0.9426408836100335,0.0871080957479297
sc,200.0,0,4.865726824822575e-08,0.004423388022565977,14879428203980.594,3.2101965871017157e+19,1.5357919101745596e+22,1.1178184398819466e+20,0.9417144848926474,0.08890945597830209
sc,200.0,0,5.021047631461167e-08,0.0045645887558737885,15657529316922.227,3.094535075497041e+19,1.5357919101745596e+22,1.1338929155969932e+20,0.9407773533287209,0.09072804988221067
sc,200.0,0,5.1812526809014605e-08,0.0047102297099104184,16482178297882.39,2.980790055793043e+19,1.5357919101745596e+22,1.1497393496664005e+20,0.9398297329688395,0.09256339541369078
sc,200.0,0,5.3464940595922046e-08,0.004860449145083823,17356170027721.113,2.86905341881998e+19,1.5357919101745596e+22,1.1653219560285708e+20,0.9388718650793445,0.09441500082336471
sc,200.0,0,5.516928493180878e-08,0.005015389539255344,18282446424542.297,2.759411295342327e+19,1.5357919101745596e+22,1.1806037159825632e+20,0.9379039867098524,0.09628236617335548
sc,200.0,0,5.692717481823145e-08,0.005175197710748314,19264100856200.695,2.6519437469458833e+19,1.5357919101745596e+22,1.1955464372830791e+20,0.9369263292508083,0.09816498491232711
sc,200.0,0,5.8740274390359504e-08,0.005340024944578137,20304382244382.97,2.5467244970115633e+19,1.5357919101745596e+22,1.2101108231483498e+20,0.9359391169878265,0.10006234550530989
sc,200.0,0,6.061029834160731e-08,0.0055100271219643004,21406698793149.18,2.4438207038990234e+19,1.5357919101745596e+22,1.2242565515535601e+20,0.9349425656594472,0.10197393311283803
sc,200.0,0,6.253901338502271e-08,0.005685364853183883,22574621269787.1,2.3432927779488522e+19,1.5357919101745596e+22,1.2379423651343416e+20,0.9339368810247397,0.10389923131383944
sc,200.0,0,6.452823975206651e-08,0.005866203613824228,23811885761200.58,2.245194243399059e+19,1.5357919101745596e+22,1.2511261719893467e+20,0.9329222574469224,0.10583772386669076
sc,200.0,0,6.657985272942628e-08,0.006052713884493299,25122395824254.52,2.149571645769548e+19,1.5357919101745596e+22,1.263765157590954e+20,0.9318988764988225,0.10778889650292697
sc,200.0,0,6.869578423447609e-08,0.006245071294043281,26510223944558.684,2.0564645047464546e+19,1.5357919101745596e+22,1.275815907961102e+20,0.9308669055956079,0.10975223874819902
sc,200.0,0,7.087802442999102e-08,0.006443456766362821,27979612214748.703,1.965905312058763e+19,1.5357919101745596e+22,1.2872345441912087e+20,0.9298264966597618,0.11172724576527675
sc,200.0,0,7.312862337869174e-08,0.006648056670790159,29534972140321.88,1.877919573346682e+19,1.5357919101745596e+22,1.2979768682984422e+20,0.9287777848227816,0.11371342021413348
sc,200.0,0,7.544969273820284e-08,0.006859062976200259,31180883479273.945,1.7925258925342138e+19,1.5357919101745596e+22,1.307998520323423e+20,0.9277208871675258,0.11571027412448956
sc,200.0,0,7.784340749694441e-08,0.007076673408813128,32922092021009.516,1.7097360967755577e+19,1.5357919101745596e+22,1.3172551464818929e+20,0.9266559015145891,0.11771733077652242
sc,200.0,0,8.031200775148666e-08,0.007301091613771515,34763506210258.93,1.629555399643905e+19,1.5357919101745596e+22,1.325702578075255e+20,0.9255829052554926,0.11973412658590166
sc,200.0,0,8.285780052584041e-08,0.007532527320530946,36710192523513.52,1.5519825998769072e+19,1.5357919101745596e+22,1.3332970207580144e+20,0.9245019542348967,0.12176021298974178
sc,200.0,0,8.548316163314407e-08,0.007771196512104006,38767369508963.99,1.4770103126896214e+19,1.5357919101745596e+22,1.3399952536495617e+20,0.9234130816834629,0.12379515833057693
sc,200.0,0,8.81905375801531e-08,0.008017321598195737,40940400406203.37,1.404625230420116e+19,1.5357919101745596e+22,1.345754837665403e+20,0.9223162972024378,0.1258385497359663
sc,200.0,0,9.098244751490158e-08,0.00827113159226378,43234784269001.375,1.3348084090832785e+19,1.5357919101745596e+22,1.3505343323196288e+20,0.9212115858005112,0.12788999499188272
sc,200.0,0,9.38614852178688e-08,0.008532862292533527,45656145523914.05,1.2675355772764674e+19,1.5357919101745596e+22,1.3542935201350613e+20,0.9200989069830093,0.12994912440859024
sc,200.0,0,9.683032113691836e-08,0.008802756466992578,48210221909259.47,1.202777463806445e+19,1.5357919101745596e+22,1.3569936376824658e+20,0.9189781938930681,0.13201559267825488
sc,200.0,0,9.989170446622597e-08,0.00908106404238418,50902850753316.63,1.1405001403872625e+19,1.5357919101745596e+22,1.358597612156593e+20,0.9178493525040736,0.1340890807240764
sc,200.0,0,1.030484652693735e-07,0.009368042297215773,53739953567317.54,1.0806653757908214e+19,1.5357919101745596e+22,1.3590703022801122e+20,0.9167122608623757,0.13616929754126839
sc,200.0,0,1.0630351664667048e-07,0.009663956058788226,56727518948483.945,1.0232309979136057e+19,1.5357919101745596e+22,1.358378742223543e+20,0.9155667683791032,0.13825598203067718
sc,200.0,0,1.0965985694675306e-07,0.009969077904250279,59871583810958.78,9.68151260346078e+18,1.5357919101745596e+22,1.3564923871327909e+20,0.9144126951698158,0.14034890482633686
sc,200.0,0,1.131205720223829e-07,0.010283688365671173,63178212987795.37,9.153772101949969e+18,1.5357919101745596e+22,1.3533833587640602e+20,0.9132498314407708,0.1424478701186432
sc,200.0,0,1.1668883753031101e-07,0.010608076139119182,66653477275049.05,8.648570541037739e+18,1.5357919101745596e+22,1.3490266896376807e+20,0.9120779369207365,0.14455271747522008
sc,200.0,0,1.2036792127497026e-07,0.010942538297724569,70303430020089.88,8.165365196387441e+18,1.5357919101745596e+22,1.3434005640551819e+20,0.9108967403375842,0.1466633236618521
sc,200.0,0,1.241611855956522e-07,0.011287380508695655,74134082390110.56,7.703592094528591e+18,1.5357919101745596e+22,1.3364865542689856e+20,0.9097059389393484,0.14877960446609856
sc,200.0,0,1.2807208979674554e-07,0.011642917254249596,78151377492342.33,7.262669458968615e+18,1.5357919101745596e+22,1.3282698500341537e+20,0.9085051980600581,0.15090151652638406
sc,200.0,0,1.3210419262045697e-07,0.01200947205640518,82361163555657.36,6.842001040170525e+18,1.5357919101745596e+22,1.3187394797373515e+20,0.9072941507314691,0.15302905916942347
sc,200.0,0,1.3626115476134353e-07,0.012387377705576685,86769166424015.08,6.440979311512831e+18,1.5357919101745596e+22,1.3078885212853841e+20,0.9060723973428285,0.15516227625885065
sc,200.0,0,1.4054674142183642e-07,0.012776976492894221,91380961653077.92,6.058988516074461e+18,1.5357919101745596e+22,1.2957143009114204e+20,0.9048395053520631,0.15730125805780615
sc,200.0,0,1.4496482490780489e-07,0.01317862044616408,96201946543698.8,5.695407551761926e+18,1.5357919101745596e+22,1.2822185780569732e+20,0.9035950090532816,0.15944614310803668
sc,200.0,0,1.4951938726302417e-07,0.013592671569365833,101237312490514.25,5.349612684884012e+18,1.5357919101745596e+22,1.2674077145210046e+20,0.90233840940729,0.1615971201277217
sc,200.0,0,1.542145229413025e-07,0.014019502085572955,106492018064981.38,5.02098008474323e+18,1.5357919101745596e+22,1.2512928260622243e+20,0.9010691739439347,0.1637544299298286
sc,200.0,0,1.5905444151477943e-07,0.014459494683161767,111970763296254.83,4.708888174136796e+18,1.5357919101745596e+22,1.2338899147005059e+20,0.8997867367476032,0.16591836736219845
sc,200.0,0,1.6404347041678602e-07,0.014913042765162365,117677965654156.2,4.4127197928030326e+18,1.5357919101745596e+22,1.215219979999573e+20,0.8984904985401416,0.16808928326989736
sc,200.0,0,1.6918605771739475e-07,0.015380550701581341,123617738276950.94,4.131864172815064e+18,1.5357919101745596e+22,1.1953091076567668e+20,0.8971798268788913,0.170267586479501
sc,200.0,0,1.744867749296319e-07,0.01586243408451199,129793871026005.4,3.865718726683287e+18,1.5357919101745596e+22,1.174188533809726e+20,0.8958540564915496,0.17245374580402406
sc,200.0,0,1.7995031984405312e-07,0.016359119985823012,136209814980688.05,3.613690650500685e+18,1.5357919101745596e+22,1.1518946835064562e+20,0.8945124897742595,0.17464829206605684
sc,200.0,0,1.855815193891665e-07,0.016871047217196955,142868671021494.0,3.375198345820837e+18,1.5357919101745596e+22,1.1284691818917605e+20,0.8931543974847969,0.17685182013539705
sc,200.0,0,1.9138533251492623e-07,0.01739866659226602,149773183174366.7,3.1496726651120916e+18,1.5357919101745596e+22,1.1039588367076629e+20,0.8917790196691341,0.17906499097602538
sc,200.0,0,1.9736685309624657e-07,0.01794244119056787,156925737416314.88,2.936557986606325e+18,1.5357919101745596e+22,1.0784155908091727e+20,0.8903855668671411,0.18128853369567774
sc,200.0,0,2.0353131285319847e-07,0.018502846623018043,164328366664741.0,2.7353131251419187e+18,1.5357919101745596e+22,1.0518964434766868e+20,0.8889732216519681,0.18352324758951896
sc,200.0,0,2.0988408428425337e-07,0.019080371298568488,171982762692473.2,2.545412086198632e+18,1.5357919101745596e+22,1.0244633393788828e+20,0.8875411405679462,0.1857700041675293
sc,200.0,0,2.1643068360860024e-07,0.01967551669169093,179890295735191.38,2.366344670795933e+18,1.5357919101745596e+22,9.961830241616391e+19,0.8860884565439495,0.18802974915317108
sc,200.0,0,2.2317677371326033e-07,0.020288797610296394,188052042579827.44,2.1976169392206817e+18,1.5357919101745596e+22,9.671268657112536e+19,0.884614281873396,0.19030350443875005
sc,200.0,0,2.301281671003057e-07,0.020920742463664155,196468823954463.5,2.03875154175705e+18,1.5357919101745596e+22,9.373706402604306e+19,0.8831177118688651,0.19259236998059331
sc,200.0,0,2.372908288291805e-07,0.0215718935299255,205141252083476.62,1.8892879246715474e+18,1.5357919101745596e+22,9.069942826246237e+19,0.8815978293190906,0.1948975256148283
sc,200.0,0,2.446708794486748e-07,0.022242807222606797,214069789331668.66,1.7487824197209582e+18,1.5357919101745596e+22,8.760815999904878e+19,0.8800537098995102,0.1972202327721192
sc,200.0,0,2.522745979127007e-07,0.022934054355700062,223254818948337.28,1.616808225388478e+18,1.5357919101745596e+22,8.447199488308809e+19,0.8784844287151925,0.1995618360672971
sc,200.0,0,2.601084244735974e-07,0.023646220406690677,232696729048666.97,1.492955287967025e+18,1.5357919101745596e+22,8.129998747136886e+19,0.8768890681876766,0.2019237647374374
sc,200.0,0,2.6817896354620375e-07,0.024379905776927613,242396011148860.94,1.376830090481286e+18,1.5357919101745596e+22,7.810147149879085e+19,0.8752667275359264,0.2043075338996332
sc,200.0,0,2.7649298653549316e-07,0.025135726048681195,252353374823720.06,1.2680553573280312e+18,1.5357919101745596e+22,7.48860164601727e+19,0.8736165341472938,0.20671474559759817
sc,200.0,0,2.850574346200175e-07,0.025914312238183412,262569880406069.97,1.1662696824097098e+18,1.5357919101745596e+22,7.166338056324102e+19,0.871937657188295,0.20914708960433198
sc,200.0,0,2.9387942148292916e-07,0.026716311043902652,273047092129567.72,1.0711270884657398e+18,1.5357919101745596e+22,6.844346015015143e+19,0.8702293238684097,0.21160634394654812
sc,200.0,0,3.029662359817677e-07,0.02754238508925161,283787254773244.2,9.82296525285469e+17,1.5357919101745596e+22,6.52362357327608e+19,0.8684908388444635,0.2140943751154426
sc,200.0,0,3.12325344747639e-07,0.028393213158876274,294793497753922.2,8.994613145236127e+17,1.5357919101745596e+22,6.2051714844316434e+19,0.8667216073397964,0.21661313792781933
sc,200.0,0,3.2196439470382796e-07,0.029269490427620726,306070071805498.0,8.223185489424024e+17,1.5357919101745596e+22,5.889987197898475e+19,0.8649211626526352,0.21916467500168854
sc,200.0,0,3.318912154932562e-07,0.030171928681205107,317622624979368.75,7.505784540775855e+17,1.5357919101745596e+22,5.579058597211812e+19,0.8630891988427607,0.2217511158113339
sc,200.0,0,3.4211382180356256e-07,0.0311012565275966,329458526827492.5,6.839637205649646e+17,1.5357919101745596e+22,5.2733575270091325e+19,0.8612256095148242,0.22437467528862803
sc,200.0,0,3.5264041557793443e-07,0.03205821959799404,341587252460008.2,6.222088156614816e+17,1.5357919101745596e+22,4.973833165035533e+19,0.8593305337593352,0.22703765194018363
sc,200.0,0,3.6347938809909277e-07,0.033043580736281164,354020841933206.2,5.6505928283458426e+17,1.5357919101745596e+22,4.68140530818626e+19,0.8574044104651061,0.22974242545383528
sc,200.0,0,3.74639321933195e-07,0.034058120175745,366774455429102.94,5.122710386512624e+17,1.5357919101745596e+22,4.39695765647273e+19,0.8554480423730083,0.23249145377308691
sc,200.0,0,3.8612899271962657e-07,0.035102635701784235,379867051351018.56,4.6360967654049645e+17,1.5357919101745596e+22,4.12133119576648e+19,0.8534626713885186,0.23528726962451876
sc,200.0,0,3.9795737079193217e-07,0.03617794279926656,393322223345289.1,4.188497872986307e+17,1.5357919101745596e+22,3.855317799533366e+19,0.8514500667904469,0.23813247649080124
sc,200.0,0,4.1013362261439735e-07,0.03728487478312703,407169244136691.2,3.777743063970966e+17,1.5357919101745596e+22,3.5996541917280104e+19,0.8494126280359463,0.2410297440308595
sc,200.0,0,4.2266711201795267e-07,0.03842428291072297,421444379983887.0,3.401738982020433e+17,1.5357919101745596e+22,3.355016438145982e+19,0.8473535038241233,0.24398180295876198
sc,200.0,0,4.3556740121832605e-07,0.03959703647439328,436037770147886.9,3.0588112004314675e+17,1.5357919101745596e+22,3.12126168002662e+19,0.8452733376053028,0.24699143940397023
sc,200.0,0,4.4884425159851984e-07,0.040804022872592716,450919536502149.44,2.7470744665103187e+17,1.5357919101745596e+22,2.8988309057700155e+19,0.8431760165373738,0.2500614856530195
sc,200.0,0,4.625076242368779e-07,0.04204614765789799,466099907249408.75,2.4645891593519805e+17,1.5357919101745596e+22,2.688295153584725e+19,0.8410673523763375,0.2531948122666459
sc,200.0,0,4.765676801611914e-07,0.04332433456010831,481590715308952.2,2.2094742339730986e+17,1.5357919101745596e+22,2.4901209695628317e+19,0.8389543304912237,0.2563943207352041
sc,200.0,0,4.910347803083952e-07,0.04463952548258138,497405413293159.56,1.9799045653844035e+17,1.5357919101745596e+22,2.3046668933077287e+19,0.8368452270121214,0.2596629358394251
sc,200.0,0,5.059194851686406e-07,0.045992680469876424,513559071391976.9,1.7741091839524784e+17,1.5357919101745596e+22,2.1321813864033624e+19,0.8347497051995234,0.26300359780296234
sc,200.0,0,5.212325540916164e-07,0.0473847776446924,530068358598367.1,1.5903704162739958e+17,1.5357919101745596e+22,1.972802310222985e+19,0.8326788743253458,0.2664192543321066
sc,200.0,0,5.369849442321835e-07,0.04881681311201669,546951508160096.44,1.4270239194125698e+17,1.5357919101745596e+22,1.8265580352723198e+19,0.8306452899097411,0.26991285264472725
sc,200.0,0,5.531878091115703e-07,0.05028980082832457,564228268612364.6,1.2824595677460003e+17,1.5357919101745596e+22,1.6933702351204844e+19,0.8286628705400224,0.27348733159429117
sc,200.0,0,5.698524967695082e-07,0.05180477243359166,581919842193898.9,1.1551231217031672e+17,1.5357919101745596e+22,1.573058383904735e+19,0.826746705141256,0.27714561399520393
sc,200.0,0,5.869905474819483e-07,0.05336277704381348,600048812861633.9,1.0435185772166869e+17,1.5357919101745596e+22,1.4653459373252129e+19,0.8249127273577639,0.28089059925229215
sc,200.0,0,6.0461369101819e-07,0.05496488100165364,618639066503184.6,9.462110647885944e+16,1.5357919101745596e+22,1.3698681329088842e+19,0.8231772426402258,0.2847251563896705
sc,200.0,0,6.227338434105047e-07,0.056612167582773154,637715706229212.4,8.618301386672581e+16,1.5357919101745596e+22,1.2861812956836758e+19,0.8215563101103659,0.28865211756240233
sc,200.0,0,6.413631032086649e-07,0.058305736655333174,657304965848033.0,7.890732710675602e+16,1.5357919101745596e+22,1.2137734805425287e+19,0.820065005036659,0.2926742721184136
sc,200.0,0,6.605137471910994e-07,0.06004670429009995,677434124707514.9,7.267093453512101e+16,1.5357919101745596e+22,1.1520762232537965e+19,0.8187166158317788,0.29679436125842057
sc,200.0,0,6.80198225503809e-07,0.0618362023185281,698131427051114.6,6.73581928095444e+16,1.5357919101745596e+22,1.1004771110983772e+19,0.8175218557831821,0.30101507331896304
sc,200.0,0,7.004291561976294e-07,0.06367537783614813,719426008859529.5,6.2861209618319576e+16,1.5357919101745596e+22,1.0583328265644773e+19,0.8164881860084672,0.3053390396790361
sc,200.0,0,7.212193191339467e-07,0.06556539264854061,741347834818182.6,5.908006049715735e+16,1.5357919101745596e+22,1.0249822711139527e+19,0.8156193446391609,0.30976883126564747
sc,200.0,0,7.425816492286187e-07,0.06750742265714715,763927647628344.8,5.592292100805929e+16,1.5357919101745596e+22,9.997593500776829e+18,0.8149151543098464,0.31430695560946825
sc,200.0,0,7.645292290034978e-07,0.06950265718213616,787196931326235.4,5.330609992721314e+16,1.5357919101745596e+22,9.820050026956327e+18,0.814371638791255,0.3189558543801276
sc,200.0,0,7.870752804148289e-07,0.07155229821952991,811187889720431.6,5.1153965001654616e+16,1.5357919101745596e+22,9.710780982947897e+18,0.8139814299331584,0.32371790131309547
sc,200.0,0,8.10233155927669e-07,0.0736575596297881,835933440451772.2,4.939875970022726e+16,1.5357919101745596e+22,9.66364889468787e+18,0.8137344012184169,0.32859540042748464
sc,200.0,0,8.34016328805534e-07,0.07581966625504855,861467224668219.4,4.798031638453821e+16,1.5357919101745596e+22,9.672868085129003e+18,0.8136184355856106,0.33359058442706163
sc,200.0,0,8.584383825846971e-07,0.0780398529622452,887823631829475.1,4.684567757785044e+16,1.5357919101745596e+22,9.733065016766478e+18,0.8136202280980932,0.33870561317526554
sc,200.0,0,8.835129997028664e-07,0.08031936360935149,915037838818661.9,4.594864178494418e+16,1.5357919101745596e+22,9.839321029208336e+18,0.8137260366396396,0.3439425721385562
sc,200.0,0,9.092539492525114e-07,0.08265944993204649,943145862285457.6,4.524925319677461e+16,1.5357919101745596e+22,9.987198422829384e+18,0.8139223190344292,0.349303470700113
sc,200.0,0,9.356750738297962e-07,0.0850613703481633,972184623011645.0,4.4713255542541464e+16,1.5357919101745596e+22,1.017275155458308e+19,0.8141962241735478,0.3547902402566828
sc,200.0,0,9.627902754509441e-07,0.08752638867735857,1002192021054736.5,4.431152957540759e+16,1.5357919101745596e+22,1.0392525075557517e+19,0.8145359307999885,0.3604047320241487
sc,200.0,0,9.906135005090058e-07,0.09005577277354598,1033207020447040.4,4.401953162895842e+16,1.5357919101745596e+22,1.06435416629108e+19,0.8149308465835977,0.36614871449116393
sc,200.0,0,1.0191587237452651e-06,0.09265079306775137,1065269742344801.6,4.381674784867e+16,1.5357919101745596e+22,1.0923281621783843e+19,0.815371691071107,0.37202387047411856
sc,200.0,0,1.0484399312111567e-06,0.09531272101919608,1098421565633743.9,4.3686175533392104e+16,1.5357919101745596e+22,1.1229656606864386e+19,0.8158504901473848,0.37803179374016954
sc,200.0,0,1.0784711021983284e-06,0.09804282747257531,1132705234190125.0,4.361383986802445e+16,1.5357919101745596e+22,1.1560979491770501e+19,0.8163605088232734,0.3841739851775959
sc,200.0,0,1.1092661901166052e-06,0.10084238091969139,1168164970157343.2,4.358835142734713e+16,1.5357919101745596e+22,1.191593214026963e+19,0.8168961455446735,0.3904518485040844
sc,200.0,0,1.140839102302004e-06,0.10371264566381855,1204846592800720.8,4.360050731969394e+16,1.5357919101745596e+22,1.2293532541350466e+19,0.8174528064481257,0.39686668551354903
sc,200.0,0,1.1732036787395748e-06,0.10665487988541589,1242797642696242.0,4.364293677399523e+16,1.5357919101745596e+22,1.2693102483066851e+19,0.8180267731695686,0.40341969087069185
sc,200.0,0,1.2063736696888767e-06,0.1096703336080797,1282067511183293.0,4.3709790356461384e+16,1.5357919101745596e+22,1.3114236672496466e+19,0.8186150735525605,0.4101119464697677
sc,200.0,0,1.2403627122032033e-06,0.11276024656392758,1322707575217477.0,4.379647080185525e+16,1.5357919101745596e+22,1.3556773969890968e+19,0.8192153611490507,0.41694441537999627
sc,200.0,0,1.275184305537256e-06,0.11592584595793237,1364771337909012.8,4.389940260914145e+16,1.5357919101745596e+22,1.4020771196991152e+19,0.8198258067859336,0.4239179354048734
sc,200.0,0,1.3108517854420548e-06,0.1191683441310959,1408314575213367.5,4.401583702563149e+16,1.5357919101745596e+22,1.450647980434888e+19,0.8204450035936615,0.4310332122864605
sc,200.0,0,1.3473782973500965e-06,0.12248893612273604,1453395489394696.2,4.414368877061608e+16,1.5357919101745596e+22,1.5014325538802598e+19,0.8210718856232476,0.4382908125886508
sc,200.0,0,1.384776768458562e-06,0.12588879713259654,1500074870016515.5,4.428140077547431e+16,1.5357919101745596e+22,1.5544891138102061e+19,0.82170565937456,0.4456911562956633
sc,200.0,0,1.4230598787233641e-06,0.1293690798839422,1548416263373502.5,4.442783329440314e+16,1.5357919101745596e+22,1.6098901992924082e+19,0.8223457470970795,0.4532345091636779
sc,200.0,0,1.462240030782253e-06,0.13293091188929573,1598486151397316.2,4.45821739264296e+16,1.5357919101745596e+22,1.6677214653549437e+19,0.822991740502553,0.46092097486478173
sc,200.0,0,1.5023293188310152e-06,0.13657539262100138,1650354141200595.2,4.47438653498099e+16,1.5357919101745596e+22,1.7280808016697014e+19,0.8236433634684193,0.46875048696337146
sc,200.0,0,1.5433394964828389e-06,0.140303590589349,1704093166569264.0,4.4912547875091896e+16,1.5357919101745596e+22,1.7910777004339024e+19,0.8243004423534097,0.4767228007659193
sc,200.0,0,1.585281943647488e-06,0.14411654033158983,1759779702828427.5,4.508801424939496e+16,1.5357919101745596e+22,1.85683285371906e+19,0.8249628826503684,0.4848374850857205
sc,200.0,0,1.6281676324736676e-06,0.14801523931578797,1817493996657195.8,4.52701744735864e+16,1.5357919101745596e+22,1.9254779608712106e+19,0.8256306508369596,0.4930939139648993
sc,200.0,0,1.6720070924050911e-06,0.1520006447640992,1877320312586840.5,4.545902871234061e+16,1.5357919101745596e+22,1.9971557277920084e+19,0.8263037604328382,0.5014912583966494
sc,200.0,0,1.7168103744082338e-06,0.15607367040074854,1939347198069502.2,4.565464667505523e+16,1.5357919101745596e+22,2.072020041851005e+19,0.826982261419165,0.5100284780914641
sc,200.0,0,1.762587014437358e-06,0.16023518313066892,2003667769197538.2,4.585715211709021e+16,1.5357919101745596e+22,2.1502363086136087e+19,0.8276662323150697,0.5187043133319362
sc,200.0,0,1.8093459962104148e-06,0.16448599965549227,2070380019371360.2,4.606671135234326e+16,1.5357919101745596e+22,2.2319819393215713e+19,0.8283557743313907,0.5275172769616494
sc,200.0,0,1.857095713377516e-06,0.16882688303431964,2139587153441679.2,4.628352487874076e+16,1.5357919101745596e+22,2.317446980981339e+19,0.8290510071326115,0.5364656465546662
sc,200.0,0,1.9058439311719748e-06,0.17325853919745227,2211397950130443.8,4.650782139849776e+16,1.5357919101745596e+22,2.4068348839444365e+19,0.8297520658328668,0.5455474568131518
sc,200.0,0,1.9555977476423834e-06,0.17778161342203486,2285927155855482.0,4.673985366654332e+16,1.5357919101745596e+22,2.5003634049147683e+19,0.830459098931785,0.5547604922417362
sc,200.0,0,2.0063635545726346e-06,0.1823966867793304,2363295913443931.5,4.6979895725805656e+16,1.5357919101745596e+22,2.5982656463422226e+19,0.8311722669619783,0.5641022801482334
sc,200.0,0,2.0581469982053558e-06,0.18710427256412326,2443632229634230.0,4.722824119028678e+16,1.5357919101745596e+22,2.7007912361671565e+19,0.8318917416736766,0.573570084021313
sc,200.0,0,2.110952939892684e-06,0.19190481271751675,2527071485756495.5,4.748520231911043e+16,1.5357919101745596e+22,2.8082076548961825e+19,0.8326177056250089,0.5831608973365792
sc,200.0,0,2.164785416806599e-06,0.19679867425514536,2613756996542303.5,4.775110968970226e+16,1.5357919101745596e+22,2.9208017200113558e+19,0.8333503520804438,0.5928714378432111
sc,200.0,0,2.2196476028493208e-06,0.20178614571357462,2703840622658731.5,4.80263123292936e+16,1.5357919101745596e+22,3.0388812408129024e+19,0.8340898851464791,0.602698142383863
sc,200.0,0,2.2755417699120383e-06,0.20686743362836713,2797483443315344.5,4.83111782036463e+16,1.5357919101745596e+22,3.162776860053484e+19,0.8348365200941719,0.6126371623007704
sc,200.0,0,2.3324692496379275e-06,0.2120426590579934,2894856496167689.0,4.860609499194774e+16,1.5357919101745596e+22,3.2928441021699437e+19,0.8355904838338479,0.6226843594810413
sc,200.0,0,2.390430395852468e-06,0.2173118541684062,2996141592762939.5,4.891147110003609e+16,1.5357919101745596e+22,3.4294656517014962e+19,0.8363520155193228,0.632835303093783
sc,200.0,0,2.449424547830708e-06,0.22267495889370076,3101532218957293.5,4.922773688171523e+16,1.5357919101745596e+22,3.5730538896742724e+19,0.83712136726811,0.6430852670710552
sc,200.0,0,2.509449994577191e-06,0.22813181768883556,3211234531131600.5,4.955534605081744e+16,1.5357919101745596e+22,3.724053720437521e+19,0.8378988049910991,0.6534292283836002
sc,200.0,0,2.5705039402994796e-06,0.2336821763908618,3325468460666071.0,4.98947772771841e+16,1.5357919101745596e+22,3.8829457268669555e+19,0.838684609330645,0.6638618661608259
sc,200.0,0,2.632582471260859e-06,0.23932567920553266,3444468941065964.0,5.02465359671727e+16,1.5357919101745596e+22,4.050249698079931e+19,0.8394790767103849,0.6743775617026417
sc,200.0,0,2.6956805242013664e-06,0.24506186583648787,3568487274411869.0,5.061115623560913e+16,1.5357919101745596e+22,4.2265285811076506e+19,0.8402825205037805,0.6849703994283828
sc,200.0,0,2.7597918565189673e-06,0.2508901687744516,3697792656520223.5,5.0989203081251816e+16,1.5357919101745596e+22,4.412392916555348e+19,0.8410952723316392,0.6956341688052349
sc,200.0,0,2.8249090184044093e-06,0.2568099107640372,3832673883433388.0,5.138127478189837e+16,1.5357919101745596e+22,4.608505828404122e+19,0.8419176835019916,0.706362367295293
sc,200.0,0,2.891023327123599e-06,0.26282030246578175,3973441265738874.0,5.178800552967062e+16,1.5357919101745596e+22,4.8155886502290555e+19,0.8427501266088581,0.7171482043565837
sc,200.0,0,2.9581248436407344e-06,0.26892044033097584,4120428781891523.5,5.2210068330269e+16,1.5357919101745596e+22,5.034427284521213e+19,0.8435929973098875,0.7279846065291495
sc,200.0,0,3.026202351773268e-06,0.27510930470666073,4273996507376368.5,5.264817819440062e+16,1.5357919101745596e+22,5.265879409251658e+19,0.8444467163067193,0.7388642236325779
sc,200.0,0,3.095243340066364e-06,0.2813857581878513,4434533363457070.0,5.310309565295036e+16,1.5357919101745596e+22,5.510882666806757e+19,0.8453117315565184,0.7497794360961954
sc,200.0,0,3.165233986569728e-06,0.2877485442336116,4602460237735238.0,5.35756306323037e+16,1.5357919101745596e+22,5.770463996088683e+19,0.8461885207486287,0.7607223634376253
sc,200.0,0,3.2361591466932353e-06,0.2941962860630214,4778233539225994.0,5.406664673032431e+16,1.5357919101745596e+22,6.045750299860033e+19,0.847077594087089,0.7716848738994587
sc,200.0,0,3.3080023443101186e-06,0.30072748584637443,4962349263720092.0,5.457706593893966e+16,1.5357919101745596e+22,6.337980678057559e+19,0.8479794974282351,0.7826585952476083
sc,200.0,0,3.3807457662670037e-06,0.30734052420609126,5155347661610559.0,5.51078738646422e+16,1.5357919101745596e+22,6.648520505656698e+19,0.8488948158333229,0.7936349267284561
sc,200.0,0,3.4543702604492223e-06,0.3140336600408384,5357818621152342.0,5.5660125504243496e+16,1.5357919101745596e+22,6.978877693474228e+19,0.8498241776098238,0.8046050521753247
sc,200.0,0,3.528855337537518e-06,0.3208050306852289,5570407906694638.0,5.623495164013768e+16,1.5357919101745596e+22,7.330721545640029e+19,0.8507682589326387,0.8155599542482196
sc,200.0,0,3.604179176578205e-06,0.32765265241620045,5793824425666291.0,5.683356592607911e+16,1.5357919101745596e+22,7.705904722988871e+19,0.8517277891592561,0.8264904297842776
sc,200.0,0,3.680318634473621e-06,0.33457442131578374,6028848742566383.0,5.745727274236733e+16,1.5357919101745596e+22,8.106488943908785e+19,0.8527035569823052,0.8373871062301913
sc,200.0,0,3.7572492594828904e-06,0.3415681144984446,6276343116349610.0,5.810747590710056e+16,1.5357919101745596e+22,8.534775211768601e+19,0.8536964176008572,0.848240459122175
sc,200.0,0,3.834945308804896e-06,0.34863139170953605,6537263413973486.0,5.878568833779157e+16,1.5357919101745596e+22,8.993339562597509e+19,0.8547073011402122,0.8590408305741447
sc,200.0,0,3.913379770296197e-06,0.3557617972996543,6812673353460600.0,5.949354276502433e+16,1.5357919101745596e+22,9.485075593810543e+19,0.855737222610666,0.8697784487310336
sc,200.0,0,3.992524388356007e-06,0.3629567625778189,7103761662248524.0,6.023280360563739e+16,1.5357919101745596e+22,1.0013245384943552e+20,0.8567872937700709,0.8804434481419648
sc,200.0,0,4.072349693989162e-06,0.37021360854446933,7411862910186771.0,6.1005380106130504e+16,1.5357919101745596e+22,1.0581540881216519e+20,0.8578587373423722,0.891025891008011
sc,200.0,0,4.152825039035608e-06,0.37752954900323704,7738483002162852.0,6.1813340865835224e+16,1.5357919101745596e+22,1.1194158413964222e+20,0.858952904140657,0.901515789262152
sc,200.0,0,4.233918634532076e-06,0.3849016940483706,8085330604474106.0,6.265892984118754e+16,1.5357919101745596e+22,1.1855889819410334e+20,0.8600712937382561,0.9119031274458151
sc,200.0,0,4.315597593148279e-06,0.39232705392257083,8454356141931870.0,6.35445839133332e+16,1.5357919101745596e+22,1.2572234635861357e+20,0.8612155794045697,0.9221778863582566
sc,200.0,0,4.397827975616047e-06,0.39980254323782244,8847800444588170.0,6.447295206611123e+16,1.5357919101745596e+22,1.3349539158204403e+20,0.862387638037592,0.9323300674735178
sc,200.0,0,4.480574841046197e-06,0.40732498554965424,9268255638300976.0,6.544691616312534e+16,1.5357919101745596e+22,1.4195169750429914e+20,0.8635895857251428,0.9423497181466882
sc,200.0,0,4.563802301004022e-06,0.4148911182730929,9718741436355978.0,6.6469613221779816e+16,1.5357919101745596e+22,1.51177297831717e+20,0.8648238192665713,0.9522269576688266
sc,200.0,0,4.6474735771908545e-06,0.4224975979264413,1.0202800541427976e+16,6.754445894719717e+16,1.5357919101745596e+22,1.6127331849605785e+20,0.8660930633703277,0.9619520042805478
sc,200.0,0,4.731551062556339e-06,0.43014100568693997,1.0724617300455834e+16,6.867517209565118e+16,1.5357919101745596e+22,1.7235939412749533e+20,0.8674004221667057,0.9715152033202896
sc,200.0,0,4.8159963856436705e-06,0.4378178532403337,1.1289163894789788e+16,6.986579896973652e+16,1.5357919101745596e+22,1.8457794512564522e+20,0.868749431984179,0.9809070567663971
sc,200.0,0,4.900770477948971e-06,0.4455245889044519,1.1902377936852634e+16,7.11207369896606e+16,1.5357919101745596e+22,1.9809950183396573e+20,0.870144109902977,0.9901182545330447
sc,200.0,0,4.985833644055812e-06,0.45325760400507387,1.2571374036867554e+16,7.244475582283792e+16,1.5357919101745596e+22,2.131292711903428e+20,0.8715889893851083,0.9991397079968264
sc,200.0,0,5.071145634287101e-06,0.46101323948064554,1.330468927970314e+16,7.384301398002163e+16,1.5357919101745596e+22,2.2991512889286856e+20,0.8730891304453253,1.0079625863581194
sc,200.0,0,5.156665719599517e-06,0.4687877926908652,1.4112558169879344e+16,7.53210681055922e+16,1.5357919101745596e+22,2.487571736344038e+20,0.8746500878560246,1.0165783565681414
sc,200.0,0,5.242352768430057e-06,0.4765775244027325,1.5007206095437796e+16,7.688487142778195e+16,1.5357919101745596e+22,2.700188839836212e+20,0.8762778177029807,1.0249788276608411
sc,200.0,0,5.3281653251908174e-06,0.48437866592643797,1.6003141595985552e+16,7.85407570460645e+16,1.5357919101745596e+22,2.941397572639709e+20,0.8779785016613109,1.0331562003920334
sc,200.0,0,5.414061690096534e-06,0.4921874263724122,1.7117417008594396e+16,8.029540100871906e+16,1.5357919101745596e+22,3.216490707313026e+20,0.8797582714502443,1.041103123071478
sc,200.0,0,5.5e-06,0.5,1.8369815393675604e+16,8.215575960626525e+16,1.5357919101745596e+22,3.5318008446503774e+20,0.8816228248113664,1.048812754335523
sc,200.0,0,5.585938309903469e-06,0.5078125736275881,1.9782910851128556e+16,8.412897514998197e+16,1.5357919101745596e+22,3.894836139082923e+20,0.8835769399762868,1.0562788333052673
sc,200.0,0,5.671834674809185e-06,0.5156213340735623,2.138194213921442e+16,8.622224491592586e+16,1.5357919101745596e+22,4.31439471046771e+20,0.8856239170652238,1.0634957570714398
sc,200.0,0,5.757647231569949e-06,0.5234224755972681,2.3194439233752748e+16,8.844264911662278e+16,1.5357919101745596e+22,4.800638661538477e+20,0.887764998677829,1.0704586647241383
sc,200.0,0,5.8433342804004825e-06,0.5312122073091348,2.5249552426646336e+16,9.079693587052774e+16,1.5357919101745596e+22,5.365105613002393e+20,0.8899988419852407,1.0771635262164574
sc,200.0,0,5.928854365712899e-06,0.5389867605193545,2.7577056072141184e+16,9.329126424337162e+16,1.5357919101745596e+22,6.020634728208976e+20,0.8923211235957204,1.083607233272856
sc,200.0,0,6.01416635594419e-06,0.5467423959949264,3.020603430141717e+16,9.593091045380304e+16,1.5357919101745596e+22,6.781186304174474e+20,0.8947243505732525,1.0897876884324955
sc,200.0,0,6.099229522051031e-06,0.5544754110955483,3.3163300984498864e+16,9.871994700445451e+16,1.5357919101745596e+22,7.661539849291571e+20,0.8971979250242447,1.0957038873072598
sc,200.0,0,6.184003614356336e-06,0.5621821467596669,3.647165456946933e+16,1.0166090935471405e+17,1.5357919101745596e+22,8.676865285550024e+20,0.8997284705597833,1.1013559884142978
sc,200.0,0,6.26844893744366e-06,0.56985899431306,4.014811117985676e+16,1.0475446916263206e+17,1.5357919101745596e+22,9.842174875407736e+20,0.9023003866054756,1.1067453646916579
sc,200.0,0,6.352526422809144e-06,0.5775024020735586,4.420228673075872e+16,1.0799913637294509e+17,1.5357919101745596e+22,1.117167823579898e+21,0.9048965621866143,1.1118746311590442
sc,200.0,0,6.4361976989959805e-06,0.5851088817269073,4.863510284979898e+16,1.1139101383057424e+17,1.5357919101745596e+22,1.267807726084776e+21,0.9074991626224231,1.1167476442003552
sc,200.0,0,6.5194251589538055e-06,0.592675014450346,5.343796835357867e+16,1.1492362714011776e+17,1.5357919101745596e+22,1.437184952990567e+21,0.910090402881018,1.1213694695716536
sc,200.0,0,6.602172024383959e-06,0.6001974567621781,5.859253999867027e+16,1.1858784895609603e+17,1.5357919101745596e+22,1.626057561971696e+21,0.9126532368229198,1.1257463183197616
sc,200.0,0,6.684402406851721e-06,0.6076729460774292,6.407110092401124e+16,1.2237193094134422e+17,1.5357919101745596e+22,1.8348366151857409e+21,0.9151719154838084,1.1298854520880361
sc,200.0,0,6.766081365467923e-06,0.6150983059516294,6.983752420948566e+16,1.2626164882839403e+17,1.5357919101745596e+22,2.0635437931354254e+21,0.9176323928618133,1.1337950614987737
sc,200.0,0,6.847174960964395e-06,0.6224704509967632,7.584872482465314e+16,1.3024055723964374e+17,1.5357919101745596e+22,2.311787590800418e+21,0.920022579179812,1.1374841231589174
sc,200.0,0,6.92765030601084e-06,0.629786391455531,8.205645635020082e+16,1.3429034222605869e+17,1.5357919101745596e+22,2.578760071274748e+21,0.92233245673176,1.1409622421221137
sc,200.0,0,7.0074756116439974e-06,0.6370432374221816,8.840928528369722e+16,1.3839125193150632e+17,1.5357919101745596e+22,2.8632542663047056e+21,0.9245540819242498,1.1442394872378
sc,200.0,0,7.086620229703803e-06,0.6442382027003457,9.485457635596152e+16,1.425225802597689e+17,1.5357919101745596e+22,3.163700504318146e+21,0.9266815001248259,1.1473262267181772
sc,200.0,0,7.165054691195103e-06,0.651368608290464,1.0134034336545557e+17,1.4666317547232672e+17,1.5357919101745596e+22,3.478218446717058e+21,0.9287105990927049,1.1502329705454657
sc,200.0,0,7.242750740517112e-06,0.6584318855015556,1.0781685489754795e+17,1.5079194544261232e+17,1.5357919101745596e+22,3.804680582730694e+21,0.9306389236953471,1.1529702251825198
sc,200.0,0,7.3196813655263815e-06,0.6654255786842165,1.1423792527327579e+17,1.5488833361889226e+17,1.5357919101745596e+22,4.1407824425647153e+21,0.9324654705541099,1.1555483646295153
sc,200.0,0,7.3958208234218e-06,0.6723473475838,1.2056186124823254e+17,1.589327440782863e+17,1.5357919101745596e+22,4.4841148201410584e+21,0.9341904770501193,1.1579775203748952
sc,200.0,0,7.471144662462482e-06,0.6791949693147711,1.2675206930296394e+17,1.6290689967920582e+17,1.5357919101745596e+22,4.832233763452264e+21,0.9358152152407636,1.1602674913772182
sc,200.0,0,7.545629739550777e-06,0.6859663399591616,1.3277735402084165e+17,1.6679412347805174e+17,1.5357919101745596e+22,5.182724863308092e+21,0.9373417979161217,1.1624276739982482
sc,200.0,0,7.619254233732998e-06,0.692659475793909,1.3861195430478627e+17,1.7057953957466822e+17,1.5357919101745596e+22,5.53325930830697e+21,0.93877300132953,1.1644670108501483
sc,200.0,0,7.691997655689884e-06,0.6992725141536258,1.442353718370284e+17,1.7425019484580438e+17,1.5357919101745596e+22,5.881640144287904e+21,0.9401121070423635,1.1663939568406063
sc,200.0,0,7.763840853306769e-06,0.705803713936979,1.496320469416341e+17,1.7779510726596483e+17,1.5357919101745596e+22,6.225838076673316e+21,0.9413627637606697,1.168216460284953
sc,200.0,0,7.834766013430272e-06,0.7122514557663884,1.5479093290407754e+17,1.812052495371585e+17,1.5357919101745596e+22,6.564016914337072e+21,0.9425288689253567,1.1699419567673912
sc,200.0,0,7.904756659933636e-06,0.7186142418121487,1.5970501278073866e+17,1.8447347856273248e+17,1.5357919101745596e+22,6.894549338094176e+21,0.9436144690624818,1.1715773734269521
sc,200.0,0,7.973797648226734e-06,0.7248906952933395,1.643707944184893e+17,1.8759442202832214e+17,1.5357919101745596e+22,7.216024078443841e+21,0.9446236774273672,1.1731291414678657
sc,200.0,0,8.041875156359268e-06,0.7310795596690244,1.687878109892543e+17,1.9056433320021853e+17,1.5357919101745596e+22,7.527245819361927e+21,0.9455606072176274,1.1746032149027994
sc,200.0,0,8.108976672876405e-06,0.7371796975342186,1.7295814660577462e+17,1.9338092424556685e+17,1.5357919101745596e+22,7.827229234169194e+21,0.9464293185288228,1.1760050937920628
sc,200.0,0,8.175090981595591e-06,0.7431900892359629,1.7688599994100205e+17,1.9604318714983443e+17,1.5357919101745596e+22,8.115188537827753e+21,0.9472337772360362,1.177339850512371
sc,200.0,0,8.240208143481032e-06,0.7491098312255484,1.805772933877301e+17,1.985512098551108e+17,1.5357919101745596e+22,8.390523840174179e+21,0.9479778240686628,1.178612157853413
sc,200.0,0,8.304319475798637e-06,0.7549381341635124,1.8403933113738195e+17,2.0090599373053315e+17,1.5357919101745596e+22,8.65280543551355e+21,0.9486651522759223,1.1798263179852302
sc,200.0,0,8.367417528739142e-06,0.7606743207944675,1.8728050651282013e+17,2.03109277033989e+17,1.5357919101745596e+22,8.901756990482905e+21,0.9492992924359598,1.1809862915561833
sc,200.0,0,8.429496059700524e-06,0.7663178236091386,1.9031005677391347e+17,2.051633677123812e+17,1.5357919101745596e+22,9.137238412293004e+21,0.9498836031266502,1.1820957263666494
sc,200.0,0,8.490550005422808e-06,0.7718681823111644,1.931378622473945e+17,2.0707098776226496e+17,1.5357919101745596e+22,9.359229006891875e+21,0.9504212663407434,1.1831579852172915
sc,200.0,0,8.550575452169292e-06,0.7773250411062993,1.957742858346395e+17,2.0883513045250694e+17,1.5357919101745596e+22,9.567811379529897e+21,0.9509152866847653,1.1841761726546278
sc,200.0,0,8.609569604147534e-06,0.782688145831594,1.9823004857055635e+17,2.1045893099411683e+17,1.5357919101745596e+22,9.763156393245937e+21,0.9513684935458936,1.1851531604337413
sc,200.0,0,8.667530750362075e-06,0.7879573409420069,2.0051613681829936e+17,2.1194555071656397e+17,1.5357919101745596e+22,9.945509385722556e+21,0.9517835455415611,1.186091611591863
sc,200.0,0,8.724458230087965e-06,0.7931325663716332,2.0264373679060173e+17,2.1329807445236934e+17,1.5357919101745596e+22,1.0115177751521062e+22,0.952162936681993,1.1869940030809834
sc,200.0,0,8.78035239715068e-06,0.7982138542864254,2.0462419231513734e+17,2.145194206140622e+17,1.5357919101745596e+22,1.0272519923213433e+22,0.9525090037763778,1.1878626469460558
sc,200.0,0,8.835214583193402e-06,0.8032013257448547,2.0646898205490746e+17,2.156122633485859e+17,1.5357919101745596e+22,1.0417935729329825e+22,0.9528239346996352,1.1886997100610404
sc,200.0,0,8.889047060107317e-06,0.8080951872824834,2.081897127197416e+17,2.1657896613974797e+17,1.5357919101745596e+22,1.0551858066405745e+22,0.9531097772099001,1.1895072324507845
sc,200.0,0,8.941853001794646e-06,0.8128957274358769,2.0979812514112458e+17,2.174215262836397e+17,1.5357919101745596e+22,1.0674745794672326e+22,0.9533684480681469,1.1902871442349812
sc,200.0,0,8.99363644542737e-06,0.8176033132206699,2.1130611040602192e+17,2.181415297567157e+17,1.5357919101745596e+22,1.0787077748817085e+22,0.9536017422621708,1.191041281233276
sc,200.0,0,9.044402252357615e-06,0.8222183865779651,2.1272573356629117e+17,2.1874011611570502e+17,1.5357919101745596e+22,1.0889347745564932e+22,0.9538113421787127,1.1917713992696641
sc,200.0,0,9.094156068828025e-06,0.8267414608025477,2.140692627341141e+17,2.1921795319601018e+17,1.5357919101745596e+22,1.098206046558921e+22,0.9539988266010816,1.1924791872110747
sc,200.0,0,9.142904286622484e-06,0.8311731169656804,2.153492016651047e+17,2.195752214947144e+17,1.5357919101745596e+22,1.1065728088001808e+22,0.9541656794363025,1.1931662787705943
sc,200.0,0,9.190654003789586e-06,0.8355140003445078,2.1657832419865178e+17,2.1981160822497306e+17,1.5357919101745596e+22,1.114086755903233e+22,0.9543132980966136,1.1938342631010543
sc,200.0,0,9.237412985562645e-06,0.8397648168693314,2.177697091905573e+17,2.1992631109950726e+17,1.5357919101745596e+22,1.120799838238322e+22,0.9544430014759487,1.1944846942004261
sc,200.0,0,9.283189625591765e-06,0.8439263295992514,2.1893677482844502e+17,2.1991805193431286e+17,1.5357919101745596e+22,1.1267640825876908e+22,0.9545560374737188,1.1951190991471516
sc,200.0,0,9.32799290759491e-06,0.8479993552359009,2.2009331146840157e+17,2.1978510015299622e+17,1.5357919101745596e+22,1.1320314446861904e+22,0.954653590026501,1.1957389851816347
sc,200.0,0,9.371832367526334e-06,0.8519847606842121,2.2125351237983334e+17,2.1952530621409142e+17,1.5357919101745596e+22,1.1366536847425507e+22,0.9547367856139141,1.196345845649845
sc,200.0,0,9.414718056352513e-06,0.8558834596684103,2.2243200202635126e+17,2.1913614487729862e+17,1.5357919101745596e+22,1.1406822579128983e+22,0.9548066992087235,1.1969411648265238
sc,200.0,0,9.456660503517164e-06,0.8596964094106513,2.2364386174546067e+17,2.1861476807197155e+17,1.5357919101745596e+22,1.1441682125814906e+22,0.9548643596438385,1.1975264216388528
sc,200.0,0,9.497670681168985e-06,0.8634246073789986,2.2490465292026013e+17,2.1795806693811466e+17,1.5357919101745596e+22,1.1471620902218279e+22,0.9549107543710807,1.1981030923165812
sc,200.0,0,9.537759969217746e-06,0.8670690881107043,2.2623043795273302e+17,2.1716274238555786e+17,1.5357919101745596e+22,1.1497138215409051e+22,0.9549468335891901,1.1986726520013364
sc,200.0,0,9.576940121276638e-06,0.870630920116058,2.2763779954767594e+17,2.1622538327308685e+17,1.5357919101745596e+22,1.1518726145663784e+22,0.9549735137222006,1.1992365753559462
sc,200.0,0,9.61522323154144e-06,0.8741112028674036,2.291438589987187e+17,2.1514255106097757e+17,1.5357919101745596e+22,1.1536868313533124e+22,0.9549916802347259,1.199796336223698
sc,200.0,0,9.652621702649905e-06,0.8775110638772642,2.3076629432103277e+17,2.13910869553162e+17,1.5357919101745596e+22,1.1552038510278056e+22,0.9550021897783055,1.2003534063972396
sc,200.0,0,9.689148214557948e-06,0.8808316558689044,2.3252335919599862e+17,2.125271181355127e+17,1.5357919101745596e+22,1.1564699179522718e+22,0.9550058716730506,1.2009092535667827
sc,200.0,0,9.724815694462743e-06,0.8840741540420676,2.344339037850671e+17,2.1098832675025235e+17,1.5357919101745596e+22,1.1575299749200454e+22,0.9550035287413406,1.2014653385270184
sc,200.0,0,9.759637287796798e-06,0.8872397534360725,2.365173985138659e+17,2.0929187073075344e+17,1.5357919101745596e+22,1.1584274823304775e+22,0.9549959375248893,1.2020231117311937
sc,200.0,0,9.793626330311123e-06,0.8903296663919203,2.3879396194388474e+17,2.0743556356926342e+17,1.5357919101745596e+22,1.1592042253626768e+22,0.9549838479324135,1.2025840092887106
sc,200.0,0,9.826796321260428e-06,0.8933451201145843,2.4128439381616893e+17,2.0541774569769923e+17,1.5357919101745596e+22,1.1599001120554309e+22,0.9549679823814134,1.2031494485090262
sc,200.0,0,9.859160897697999e-06,0.8962873543361817,2.440102142954871e+17,2.0323736743344733e+17,1.5357919101745596e+22,1.160552966021499e+22,0.95494903451302,1.2037208230992034
sc,200.0,0,9.890733809883394e-06,0.8991576190803086,2.4699371034700454e+17,2.0089406436475584e+17,1.5357919101745596e+22,1.16119831807884e+22,0.9549276675722813,1.2042994981249648
sc,200.0,0,9.921528897801673e-06,0.9019571725274248,2.5025799006903722e+17,1.9838822362142454e+17,1.5357919101745596e+22,1.1618692014825965e+22,0.9549045125564851,1.2048868048454164
sc,200.0,0,9.951560068788844e-06,0.904687278980804,2.5382704567573197e+17,1.9572103968115187e+17,1.5357919101745596e+22,1.1625959555604496e+22,0.9548801662402698,1.2054840355296397
sc,200.0,0,9.980841276254737e-06,0.9073492069322489,2.5772582569017536e+17,1.9289455859248938e+17,1.5357919101745596e+22,1.1634060424526755e+22,0.9548551891877869,1.2060924383592218
sc,200.0,0,1.0009386499490995e-05,0.9099442272264542,2.619803167767057e+17,1.899117097425567e+17,1.5357919101745596e+22,1.1643238813386458e+22,0.9548301038588618,1.2067132125145914
sc,200.0,0,1.0037209724549056e-05,0.9124736113226415,2.6661763551747155e+17,1.8677632455417296e+17,1.5357919101745596e+22,1.1653707040246467e+22,0.9548053929081995,1.207347503535011
sc,200.0,0,1.0064324926170204e-05,0.9149386296518368,2.7166613032805014e+17,1.834931417574137e+17,1.5357919101745596e+22,1.166564435117623e+22,0.9547814977647229,1.2079963990325135
sc,200.0,0,1.009074605074749e-05,0.9173405500679536,2.7715549361479062e+17,1.8006779914090182e+17,1.5357919101745596e+22,1.1679195992697604e+22,0.9547588175629855,1.2086609248292728
sc,200.0,0,1.0116487000297136e-05,0.9196806363906487,2.831168842042269e+17,1.7650681194499885e+17,1.5357919101745596e+22,1.1694472571956723e+22,0.9547377084812289,1.2093420415762244
sc,200.0,0,1.0141561617415305e-05,0.921960147037755,2.895830600224581e+17,1.7281753830956336e+17,1.5357919101745596e+22,1.171154971382305e+22,0.9547184835221231,1.2100406418985377
sc,200.0,0,1.0165983671194466e-05,0.9241803337449515,2.965885209719332e+17,1.6900813242870064e+17,1.5357919101745596e+22,1.1730468016735107e+22,0.9547014127535838,1.210757548101133
sc,200.0,0,1.0189766844072332e-05,0.9263424403702121,3.041696619398014e+17,1.650874862929672e+17,1.5357919101745596e+22,1.1751233302521644e+22,0.9546867240091815,1.2114935104551445
sc,200.0,0,1.0212924719585172e-05,0.9284477017804702,3.123649358729675e+17,1.6106516110606874e+17,1.5357919101745596e+22,1.1773817149457365e+22,0.9546746040313708,1.2122492060743348
sc,200.0,0,1.0235470770996504e-05,0.930497342817864,3.212150268760532e+17,1.5695130964994234e+17,1.5357919101745596e+22,1.1798157693371046e+22,0.9546652000266175,1.2130252383792524
sc,200.0,0,1.0257418350771382e-05,0.932492577342853,3.3076303331201024e+17,1.527565910272648e+17,1.5357919101745596e+22,1.1824160677664458e+22,0.9546586215899059,1.213822137136533
sc,200.0,0,1.0278780680866053e-05,0.9344346073514593,3.4105466092170125e+17,1.4849207933502144e+17,1.5357919101745596e+22,1.185170073055686e+22,0.9546549429472917,1.214640359051424
sc,200.0,0,1.029957084380237e-05,0.9363246221638519,3.521384260195534e+17,1.4416916790899536e+17,1.5357919101745596e+22,1.1880622846136646e+22,0.9546542054591447,1.2154802888834246
sc,200.0,0,1.0319801774496192e-05,0.938163797681472,3.640658688630227e+17,1.3979947082578501e+17,1.5357919101745596e+22,1.1910744044835638e+22,0.9546564203234433,1.2163422410479805
sc,200.0,0,1.03394862528089e-05,0.9399532957099002,3.76891777336169e+17,1.353947233545539e+17,1.5357919101745596e+22,1.1941855188766545e+22,0.9546615714176911,1.2172264616615265
sc,200.0,0,1.0358636896791337e-05,0.941694263344667,3.9067442112687654e+17,1.3096668301527274e+17,1.5357919101745596e+22,1.1973722927725946e+22,0.9546696182194644,1.2181331309827825
sc,200.0,0,1.0377266156589495e-05,0.9433878324172269,4.054757966131506e+17,1.2652703282567942e+17,1.5357919101745596e+22,1.2006091752513452e+22,0.9546804987488932,1.219062366200114
sc,200.0,0,1.0395386308981809e-05,0.9450351189983464,4.2136188270257306e+17,1.2208728820876752e+17,1.5357919101745596e+22,1.203868613334896e+22,0.954694132481147,1.2200142245128751
sc,200.0,0,1.0413009452518051e-05,0.9466372229561866,4.384029078904977e+17,1.1765870889087494e+17,1.5357919101745596e+22,1.2071212722525007e+22,0.9547104231828781,1.2209887064538965
sc,200.0,0,1.0430147503230494e-05,0.9481952275664085,4.5667362882124384e+17,1.132522169542468e+17,1.5357919101745596e+22,1.2103362602188486e+22,0.9547292616331556,1.2219857594005687
sc,200.0,0,1.044681219088843e-05,0.9497101991716755,4.762536206328008e+17,1.0887832202080978e+17,1.5357919101745596e+22,1.213481355941163e+22,0.9547505281963906,1.223005281223198
sc,200.0,0,1.0463015055767816e-05,0.9511831868879833,4.972275793692855e+17,1.0454705434702002e+17,1.5357919101745596e+22,1.2165232372766258e+22,0.9547740952217826,1.2240471240213242
sc,200.0,0,1.0478767445908384e-05,0.9526152223553077,5.196856367226019e+17,1.0026790640459752e+17,1.5357919101745596e+22,1.2194277095919724e+22,0.954799829250653,1.2251110979014226
sc,200.0,0,1.0494080514831359e-05,0.9540073195301236,5.4372368733771283e+17,9.604978332012706e+16,1.5357919101745596e+22,1.2221599325476776e+22,0.9548275930194731,1.2261969747526553
sc,200.0,0,1.0508965219691605e-05,0.9553604745174187,5.694437288765828e+17,9.190096235002218e+16,1.5357919101745596e+22,1.2246846441748588e+22,0.954857247252269,1.2273044919810436
sc,200.0,0,1.052343231983881e-05,0.9566756654398918,5.969542149799425e+17,8.782906138342822e+16,1.5357919101745596e+22,1.2269663812458235e+22,0.9548886522413061,1.2284333561664162
sc,200.0,0,1.0537492375763123e-05,0.9579538523421021,6.263704211979222e+17,8.384101629782888e+16,1.5357919101745596e+22,1.2289696950654874e+22,0.9549216692194358,1.229583246610678
sc,200.0,0,1.055115574840148e-05,0.9591959771274073,6.578148238778324e+17,7.994306684357414e+16,1.5357919101745596e+22,1.2306593619229834e+22,0.9549561615312163,1.2307538187502052
sc,200.0,0,1.0564432598781674e-05,0.9604029635256067,6.91417491898551e+17,7.614075060664973e+16,1.5357919101745596e+22,1.2320005875427246e+22,0.9549919956129087,1.2319447074094263
sc,200.0,0,1.0577332887982049e-05,0.9615757170892771,7.273164910235373e+17,7.243890449482286e+16,1.5357919101745596e+22,1.2329592049559562e+22,0.9550290417937148,1.233155529876813
sc,200.0,0,1.0589866377385603e-05,0.9627151252168731,7.656583005145961e+17,6.884167311128642e+16,1.5357919101745596e+22,1.2335018652946089e+22,0.9550671749322367,1.2343858887885049
sc,200.0,0,1.0602042629208068e-05,0.9638220572007334,8.065982414979498e+17,6.5352523321547624e+16,1.5357919101745596e+22,1.2335962210722464e+22,0.955106274903157,1.2356353748085667
sc,200.0,0,1.0613871007280374e-05,0.9648973642982158,8.50300916395568e+17,6.197426428207905e+16,1.5357919101745596e+22,1.2332111015502416e+22,0.9551462269496448,1.2369035690984067
sc,200.0,0,1.0625360678066804e-05,0.965941879824255,8.96940658560645e+17,5.870907218241972e+16,1.5357919101745596e+22,1.2323166798600416e+22,0.9551869219170448,1.238190045571105
sc,200.0,0,1.0636520611900908e-05,0.9669564192637189,9.467019910257171e+17,5.555851895257629e+16,1.5357919101745596e+22,1.230884631547203e+22,0.9552282563831174,1.239494372929312
sc,200.0,0,1.0647359584422066e-05,0.9679417804020061,9.997800930549942e+17,5.252360420361165e+16,1.5357919101745596e+22,1.2288882842520953e+22,0.9552701326995005,1.2408161164879663
sc,200.0,0,1.0657886178196438e-05,0.9688987434724035,1.0563812729313188e+18,4.960478969793801e+16,1.5357919101745596e+22,1.226302758243636e+22,0.9553124589582604,1.2421548397853486
sc,200.0,0,1.0668108784506744e-05,0.969828071318795,1.1167234451278469e+18,4.680203568524526e+16,1.5357919101745596e+22,1.2231050975321478e+22,0.9553551488964315,1.2435101059879088
sc,200.0,0,1.0678035605296172e-05,0.9707305095723793,1.1810366097203156e+18,4.411483848685283e+16,1.5357919101745596e+22,1.21927439128986e+22,0.9553981217503767,1.2448814790959513
sc,200.0,0,1.0687674655252362e-05,0.9716067868411238,1.2495633315691182e+18,4.15422687645365e+16,1.5357919101745596e+22,1.214791885309072e+22,0.9554413020706733,1.2462685249585825
sc,200.0,0,1.0697033764018233e-05,0.9724576149107484,1.3225592164544154e+18,3.908300996630729e+16,1.5357919101745596e+22,1.2096410832195629e+22,0.9554846195070835,1.2476708121073927
sc,200.0,0,1.0706120578517071e-05,0.9732836889560974,1.4002933809801016e+18,3.673539650005798e+16,1.5357919101745596e+22,1.2038078371820074e+22,0.9555280085720383,1.2490879124191476
sc,200.0,0,1.0714942565379982e-05,0.9740856877618166,1.4830489126728765e+18,3.449745124463473e+16,1.5357919101745596e+22,1.1972804277678786e+22,0.9555714083899675,1.2505194016183465
sc,200.0,0,1.0723507013464508e-05,0.9748642739513189,1.5711233162935027e+18,3.236692206538832e+16,1.5357919101745596e+22,1.1900496327308837e+22,0.955614762438764,1.2519648596308872
sc,200.0,0,1.0731821036453796e-05,0.9756200942230724,1.6648289419512233e+18,3.0341317056551156e+16,1.5357919101745596e+22,1.1821087843717682e+22,0.9556580182887044,1.2534238708002692
sc,200.0,0,1.0739891575526403e-05,0.9763537795933094,1.7644933901711101e+18,2.8417938285006372e+16,1.5357919101745596e+22,1.1734538151991729e+22,0.9557011273432435,1.2548960239778302
sc,200.0,0,1.07477254020873e-05,0.9770659456442999,1.870459888610989e+18,2.6593913858605976e+16,1.5357919101745596e+22,1.164083291594737e+22,0.9557440445852886,1.2563809124984147
sc,200.0,0,1.0755329120551326e-05,0.9777571927773933,1.9830876346608707e+18,2.4866228186625364e+16,1.5357919101745596e+22,1.1539984351989219e+22,0.9557867283318269,1.257878134052703
sc,200.0,0,1.0762709171170821e-05,0.9784281064700746,2.1027520976990098e+18,2.3231750340098876e+16,1.5357919101745596e+22,1.1432031317565465e+22,0.9558291399991198,1.2593872904671464
sc,200.0,0,1.0769871832899693e-05,0.9790792575363358,2.229845274321787e+18,2.1687260455457108e+16,1.5357919101745596e+22,1.1317039271868237e+22,0.9558712438801131,1.2609079874021218
sc,200.0,0,1.077682322628674e-05,0.9797112023897037,2.364775889399363e+18,2.0229474156190636e+16,1.5357919101745596e+22,1.1195100106699152e+22,0.9559130069352078,1.2624398339785303
sc,200.0,0,1.07835693163914e-05,0.9803244833083091,2.5079695353926815e+18,1.885506499425471e+16,1.5357919101745596e+22,1.1066331845942403e+22,0.9559543985971083,1.2639824423426271
sc,200.0,0,1.0790115915715747e-05,0.9809196287014316,2.6598674879489905e+18,1.7561109219695066e+16,1.5357919101745596e+22,1.0931137160071046e+22,0.9559958896025789,1.2655354271784514
sc,200.0,0,1.0796468687146801e-05,0.981497153376982,2.820925728505354e+18,1.634533708535938e+16,1.5357919101745596e+22,1.079043447746668e+22,0.9560389276748672,1.2670984051411867
sc,200.0,0,1.0802633146903754e-05,0.9820575588094322,2.9916206248705034e+18,1.5204129890384102e+16,1.5357919101745596e+22,1.0644407408448323e+22,0.9560835335212388,1.268670994207354
sc,200.0,0,1.0808614667485075e-05,0.982601333407734,3.1724451652467046e+18,1.4133928026000886e+16,1.5357919101745596e+22,1.0493259141533963e+22,0.9561297310748775,1.2702528131132582
sc,200.0,0,1.0814418480610833e-05,0.9831289527828031,3.3639086632907525e+18,1.3131242008086892e+16,1.5357919101745596e+22,1.0337211438818568e+22,0.9561775473100891,1.2718434807679702
sc,200.0,0,1.0820049680155946e-05,0.9836408800141769,3.566536349046502e+18,1.219266199803254e+16,1.5357919101745596e+22,1.0176503536401137e+22,0.9562270120619182,1.2734426156489036
sc,200.0,0,1.0825513225070368e-05,0.9841375659154881,3.780868836522354e+18,1.1314865902064916e+16,1.5357919101745596e+22,1.0011390955344435e+22,0.9562781578492242,1.275049835187507
sc,200.0,0,1.0830813942282604e-05,0.9846194492984186,4.00746145877356e+18,1.0494626142409982e+16,1.5357919101745596e+22,9.842144229209928e+21,0.9563310197001778,1.276664755152078
sc,200.0,0,1.0835956529583215e-05,0.9850869572348377,4.2468834615494323e+18,9728815195433772.0,1.5357919101745596e+22,9.669047555004184e+21,0.9563856349790617,1.2782869890342496
sc,200.0,0,1.084094555848522e-05,0.9855405053168382,4.4997170469697736e+18,9014409991894916.0,1.5357919101745596e+22,9.492397375117544e+21,0.9564420432132114,1.2799161474452438
sc,200.0,0,1.0845785477058698e-05,0.9859804979144271,4.766556259192527e+18,8348495273422350.0,1.5357919101745596e+22,9.312500898572422e+21,0.9565002859188809,1.2815518375276298
sc,200.0,0,1.0850480612736976e-05,0.9864073284306342,5.048005704705742e+18,7728265997107185.0,1.5357919101745596e+22,9.129674570452017e+21,0.956560406424794,1.2831936623878986
sc,200.0,0,1.0855035175092196e-05,0.986821379553836,5.344679100774133e+18,7151028877291278.0,1.5357919101745596e+22,8.944242499191041e+21,0.9566224496921236,1.284841220554877
sc,200.0,0,1.0859453258578164e-05,0.9872230235071058,5.657197646604022e+18,6614203150016649.0,1.5357919101745596e+22,8.75653485181523e+21,0.9566864621296394,1.2864941054686476
sc,200.0,0,1.0863738845238655e-05,0.9876126222944233,5.98618821304088e+18,6115320641718288.0,1.5357919101745596e+22,8.566886227804129e+21,0.9567524914027759,1.2881519050043544
sc,200.0,0,1.0867895807379541e-05,0.9879905279435948,6.332281348058695e+18,5652025219415352.0,1.5357919101745596e+22,8.375634022596274e+21,0.9568205862353973,1.2898142010349873
sc,200.0,0,1.0871927910203254e-05,0.9883570827457504,6.696109096962694e+18,5222071695183601.0,1.5357919101745596e+22,8.183116792074392e+21,0.9568907962030815,1.29148056903695
sc,200.0,0,1.0875838814404348e-05,0.9887126194913044,7.078302638070929e+18,4823324253130433.0,1.5357919101745596e+22,7.989672629577031e+21,0.9569631715167923,1.2931505777419654
sc,200.0,0,1.087963207872503e-05,0.9890574617022755,7.479489736680284e+18,4453754462439638.5,1.5357919101745596e+22,7.795637566988911e+21,0.957037762795898,1.294823788838589
sc,200.0,0,1.088331116246969e-05,0.9893919238608808,7.900292022349266e+18,4111438935505575.5,1.5357919101745596e+22,7.60134401144468e+21,0.9571146208295729,1.2964997567263357
sc,200.0,0,1.0886879427977617e-05,0.9897163116343288,8.341322096912565e+18,3794556685668629.0,1.5357919101745596e+22,7.407119228961149e+21,0.9571937963257385,1.2981780283251567
sc,200.0,0,1.0890340143053247e-05,0.9900309220957497,8.80318048317366e+18,3501386234675427.5,1.5357919101745596e+22,7.213283885948929e+21,0.957275339646832,1.299858142942719
sc,200.0,0,1.0893696483353328e-05,0.9903360439412118,9.286452426862735e+18,3230302515792800.5,1.5357919101745596e+22,7.020150659118328e+21,0.9573593005318416,1.3015396322016433
sc,200.0,0,1.0896951534730626e-05,0.9906319577027842,9.7917045671665e+18,2979773614436868.0,1.5357919101745596e+22,6.828022923643277e+21,0.9574457278042249,1.3032220200285634
sc,200.0,0,1.0900108295533774e-05,0.9909189359576158,1.0319481493896063e+19,2748357384322258.5,1.5357919101745596e+22,6.637193528698146e+21,0.957534669065525,1.3049048227065339
sc,200.0,0,1.0903169678863081e-05,0.9911972435330074,1.0870302212117082e+19,2534697973491644.0,1.5357919101745596e+22,6.4479436686466e+21,0.9576261703747198,1.3065875489919923
sc,200.0,0,1.090613851478213e-05,0.9914671377074664,1.1444656537767885e+19,2337522291110610.0,1.5357919101745596e+22,6.260541857134909e+21,0.9577202759135841,1.3082697002971173
sc,200.0,0,1.0909017552485099e-05,0.9917288684077362,1.2043001450385482e+19,2155636442675166.8,1.5357919101745596e+22,6.075243010288716e+21,0.9578170276386069,1.3099507709380576
sc,200.0,0,1.0911809462419846e-05,0.9919826784018042,1.2665757431493546e+19,1987922158234615.2,1.5357919101745596e+22,5.892287644055598e+21,0.9579164649202917,1.3116302484491196
sc,200.0,0,1.0914516838366856e-05,0.992228803487896,1.3313304819416193e+19,1833333235374949.0,1.5357919101745596e+22,5.711901189472495e+21,0.9580186241709754,1.3133076139626036
sc,200.0,0,1.091714219947416e-05,0.9924674726794691,1.3985980213211808e+19,1690892016079255.8,1.5357919101745596e+22,5.534293428416012e+21,0.9581235384626087,1.3149823426535439
sc,200.0,0,1.0919687992248514e-05,0.9926989083862285,1.468407296001658e+19,1559685914105969.2,1.5357919101745596e+22,5.35965805105213e+21,0.9582312371362839,1.3166539042482026
sc,200.0,0,1.0922156592503055e-05,0.9929233265911869,1.5407821761284188e+19,1438864007262739.5,1.5357919101745596e+22,5.188172334930075e+21,0.9583417454056211,1.318321763594712
sc,200.0,0,1.0924550307261798e-05,0.9931409370237998,1.6157411434164834e+19,1327633706852473.5,1.5357919101745596e+22,5.019996944379491e+21,0.9584550839564693,1.3199853812938231
sc,200.0,0,1.0926871376621309e-05,0.9933519433292098,1.693296986453303e+19,1225257514635030.2,1.5357919101745596e+22,4.855275847619069e+21,0.9585712685457092,1.321644214387271
sc,200.0,0,1.0929121975570008e-05,0.9935565432336372,1.7734565187910867e+19,1131049875884565.8,1.5357919101745596e+22,4.694136347824976e+21,0.958690309602275,1.32329771710084
sc,200.0,0,1.0931304215765523e-05,0.9937549287059567,1.8562203233707905e+19,1044374135499219.9,1.5357919101745596e+22,4.536689223280457e+21,0.9588122118338064,1.3249453416387522
sc,200.0,0,1.0933420147270573e-05,0.9939472861155068,1.941582526682379e+19,964639602653155.4,1.5357919101745596e+22,4.383028970752464e+21,0.9589369738426348,1.326586539025609
sc,200.0,0,1.0935471760247933e-05,0.9941337963861758,2.0295306058686726e+19,891298728141249.5,1.5357919101745596e+22,4.233234145325025e+21,0.9590645877550444,1.328220759991706
sc,200.0,0,1.0937460986614977e-05,0.9943146351468162,2.1200452317261644e+19,823844397362973.2,1.5357919101745596e+22,4.087367789158328e+21,0.9591950388679573,1.32984745589715
sc,200.0,0,1.0939389701658392e-05,0.9944899728780356,2.213100150242835e+19,761807340809049.8,1.5357919101745596e+22,3.945477941002324e+21,0.9593283053173401,1.3314660796898805
sc,200.0,0,1.094125972560964e-05,0.9946599750554219,2.308662104956061e+19,704753662941514.5,1.5357919101745596e+22,3.807598217785172e+21,0.9594643577727334,1.3330760868923717
sc,200.0,0,1.0943072825181768e-05,0.9948248022892516,2.4066908020069097e+19,652282489501745.5,1.5357919101745596e+22,3.6737484592643897e+21,0.9596031591623237,1.3346769366115008
sc,200.0,0,1.0944830715068192e-05,0.9949846104607447,2.5071389193131663e+19,604023732516562.8,1.5357919101745596e+22,3.5439354264823005e+21,0.9597446644329506,1.3362680925658899
sc,200.0,0,1.0946535059404077e-05,0.9951395508549161,2.609952160791311e+19,559635971610510.3,1.5357919101745596e+22,3.418153544698333e+21,0.9598888203493097,1.3378490241247558
sc,200.0,0,1.0948187473190986e-05,0.9952897702900896,2.715069356077254e+19,518804449652139.75,1.5357919101745596e+22,3.2963856815538396e+21,0.9600355653364311,1.339419207352279
sc,200.0,0,1.0949789523685387e-05,0.9954354112441262,2.8224226056246985e+19,481239180270728.5,1.5357919101745596e+22,3.178603951363117e+21,0.9601848293692217,1.340978126051305
sc,200.0,0,1.0951342731751775e-05,0.9955766119774341,2.9319374705664537e+19,446673164356721.44,1.5357919101745596e+22,3.064770536757973e+21,0.9603365339125114,1.3425252728002866
sc,200.0,0,1.0952848573180955e-05,0.9957135066528141,3.043533206165051e+19,414860712314403.56,1.5357919101745596e+22,2.95483851930005e+21,0.9604905919146,1.3440601499772908
sc,200.0,0,1.0954308479974282e-05,0.9958462254522075,3.1571230371685974e+19,385575868547528.75,1.5357919101745596e+22,2.848752711156468e+21,0.9606469078567953,1.345582270765102
sc,200.0,0,1.0955723841594418e-05,0.9959748946904017,3.272614472886705e+19,358610934436887.0,1.5357919101745596e+22,2.746450480517814e+21,0.9608053778608492,1.347091160131482
sc,200.0,0,1.0957096006183349e-05,0.996099636925759,3.3899096593398882e+19,333775085895405.06,1.5357919101745596e+22,2.6478625640520446e+21,0.9609658898555653,1.348586355778939
sc,200.0,0,1.0958426281748313e-05,0.9962205710680284,3.50890576538854e+19,310893081465009.94,1.5357919101745596e+22,2.5529138603467483e+21,0.9611283238031663,1.350067409058579
sc,200.0,0,1.09597159373163e-05,0.9963378124833001,3.6294953994007732e+19,289804056841716.5,1.5357919101745596e+22,2.461524199025157e+21,0.9612925519852789,1.3515338858428843
sc,200.0,0,1.0960966204057819e-05,0.9964514730961654,3.751567052656264e+19,270360401675477.6,1.5357919101745596e+22,2.3736090808979255e+21,0.9614584393476647,1.3529853673526713
sc,200.0,0,1.0962178276380554e-05,0.9965616614891413,3.875005565435384e+19,252426714488103.44,1.5357919101745596e+22,2.289080385255277e+21,0.9616258439020565,1.3544214509338142
sc,200.0,0,1.0963353312993623e-05,0.9966684829994202,3.999692611541717e+19,235878831578569.28,1.5357919101745596e+22,2.2078470411062175e+21,0.9617946171827287,1.3558417507797853
sc,200.0,0,1.0964492437943059e-05,0.9967720398130053,4.125507196856551e+19,220602925838762.97,1.5357919101745596e+22,2.1298156598541143e+21,0.9619646047546968,1.3572458985964888
sc,200.0,0,1.0965596741619176e-05,0.9968724310562888,4.252326167458338e+19,206494671478740.22,1.5357919101745596e+22,2.0548911275557215e+21,0.9621356467697643,1.3586335442063622
sc,200.0,0,1.0966667281736461e-05,0.9969697528851329,4.380024722832723e+19,193458470756299.6,1.5357919101745596e+22,1.9829771555282873e+21,0.9623075785659958,1.3600043560891983
sc,200.0,0,1.0967705084286636e-05,0.9970640985715125,4.50847692975974e+19,181406738917556.9,1.5357919101745596e+22,1.913976788640313e+21,0.9624802313056346,1.3613580218576795
sc,200.0,0,1.0968711144465507e-05,0.9971555585877734,4.637556232580498e+19,170259243680548.2,1.5357919101745596e+22,1.847792871145461e+21,0.9626534326459794,1.3626942486660818
sc,200.0,0,1.0969686427574233e-05,0.9972442206885668,4.767135955724613e+19,159942495729227.38,1.5357919101745596e+22,1.7843284703858642e+21,0.9628270074373415,1.3640127635511745
sc,200.0,0,1.0970631869895642e-05,0.9973301699905128,4.897089794604001e+19,150389186829109.56,1.5357919101745596e+22,1.7234872591072517e+21,0.9630007784418818,1.3653133137048066
sc,200.0,0,1.0971548379546137e-05,0.9974134890496489,5.027292291248242e+19,141537672325192.53,1.5357919101745596e+22,1.6651738574862295e+21,0.9631745670669144,1.3665956666781698
sc,200.0,0,1.0972436837303892e-05,0.9974942579367174,5.15761929137003e+19,133331494935688.42,1.5357919101745596e+22,1.6092941362737788e+21,0.9633481941061461,1.3678596105182304
sc,200.0,0,1.0973298097413808e-05,0.9975725543103462,5.287948379896594e+19,125718946910393.62,1.5357919101745596e+22,1.5557554827132637e+21,0.9635214804823171,1.36910495383725
sc,200.0,0,1.0974132988369913e-05,0.9976484534881739,5.418159292341325e+19,118652667777833.06,1.5357919101745596e+22,1.504467031081912e+21,0.9636942479847764,1.3703315258167594
sc,200.0,0,1.0974942313675674e-05,0.9977220285159705,5.5481342997852406e+19,112089275060028.75,1.5357919101745596e+22,1.4553398598659224e+21,0.9638663199957155,1.3715391761477058
sc,200.0,0,1.0975726852582875e-05,0.9977933502348069,5.677758565656645e+19,105989025485499.34,1.5357919101745596e+22,1.4082871576880782e+21,0.9640375221990471,1.3727277749089513
sc,200.0,0,1.0976487360809517e-05,0.9978624873463197,5.8069204727931535e+19,100315504380995.34,1.5357919101745596e+22,1.3632243601574514e+21,0.9642076832662569,1.3738972123865072
sc,200.0,0,1.0977224571237352e-05,0.997929506476123,5.9355119197877e+19,95035341067005.2,1.5357919101745596e+22,1.3200692598705126e+21,0.9643766355139745,1.3750473988362986
sc,200.0,0,1.097793919458954e-05,0.9979944722354128,6.063428585857439e+19,90117948223192.48,1.5357919101745596e+22,1.2787420917631321e+21,0.9645442155284767,1.3761782641934008
sc,200.0,0,1.097863192008893e-05,0.9980574472808119,6.190570163927697e+19,85535283324985.14,1.5357919101745596e+22,1.2391655960066001e+21,0.9647102647528669,1.3772897577309864
sc,200.0,0,1.0979303416097527e-05,0.9981184923725025,6.316840561931598e+19,81261630382456.72,1.5357919101745596e+22,1.2012650605805644e+21,0.9648746300332243,1.3783818476723761
sc,200.0,0,1.0979954330737578e-05,0.998177666430689,6.442148072608897e+19,77273400336942.11,1.5357919101745596e+22,1.1649683455850543e+21,0.9650371641205948,1.37945452075967
sc,200.0,0,1.0980585292494814e-05,0.9982350265904376,6.566405512414852e+19,73548948588439.56,1.5357919101745596e+22,1.130205891270455e+21,0.9651977261263042,1.380507781782633
sc,200.0,0,1.0981196910804284e-05,0.9982906282549349,6.689530330385498e+19,70068408238966.42,1.5357919101745596e+22,1.096910711665947e+21,0.9653561819286511,1.3815416530714844
sc,200.0,0,1.0981789776619278e-05,0.9983445251472072,6.811444688034611e+19,66813537742558.41,1.5357919101745596e+22,1.0650183755779041e+21,0.9655124045296442,1.3825561739573347
sc,200.0,0,1.0982364462963772e-05,0.9983967693603429,6.932075511548258e+19,63767581752396.95,1.5357919101745596e+22,1.0344669766200126e+21,0.9656662743610035,1.3835514002039606
sc,200.0,0,1.0982921525468846e-05,0.9984474114062588,7.051354517715219e+19,60915144048645.64,1.5357919101745596e+22,1.0051970938151696e+21,0.9658176795392109,1.3845274034146455
sc,200.0,0,1.0983461502893518e-05,0.9984965002630471,7.169218215150041e+19,58242071518759.16,1.5357919101745596e+22,9.771517441978662e+20,0.9659665160698856,1.3854842704176622
sc,200.0,0,1.0983984917630406e-05,0.998544083420946,7.285607882486548e+19,55735348243343.1,1.5357919101745596e+22,9.50276328722505e+20,0.966112688002261,1.3864221026339938
sc,200.0,0,1.0984492276196647e-05,0.9985902069269679,7.400469525278843e+19,53382998817350.65,1.5357919101745596e+22,9.245185726705338e+20,0.9662561075349623,1.3873410154307142
sc,200.0,0,1.0984984069710465e-05,0.9986349154282241,7.513753813384908e+19,51174000107359.33,1.5357919101745596e+22,8.998284616355951e+20,0.9663966950746726,1.3882411374633536
sc,200.0,0,1.0985460774353792e-05,0.9986782522139812,7.625416000664737e+19,49098200711565.1,1.5357919101745596e+22,8.761581740611678e+20,0.966534379249627,1.3891226100104157
sc,200.0,0,1.0985922851821332e-05,0.9987202592564848,7.735415828812328e+19,47146247450210.27,1.5357919101745596e+22,8.534620111994987e+20,0.966669096880164,1.3899855863031236
sc,200.0,0,1.0986370749756428e-05,0.9987609772505843,7.84371741706047e+19,45309518270938.914,1.5357919101745596e+22,8.316963252606043e+20,0.9668007929088103,1.3908302308532057
sc,200.0,0,1.0986804902174117e-05,0.9988004456521924,7.950289139605153e+19,43580061005608.08,1.5357919101745596e+22,8.10819446442628e+20,0.9669294202925753,1.391656718781441
sc,200.0,0,1.098722572987174e-05,0.9988387027156127,8.055103492353173e+19,41950537463258.43,1.5357919101745596e+22,7.907916094279435e+20,0.9670549398602939,1.3924652351495088
sc,200.0,0,1.0987633640827416e-05,0.9988757855297651,8.158136950715166e+19,40414172388555.41,1.5357919101745596e+22,7.715748798762904e+20,0.967177320137945,1.3932559742974011
sc,200.0,0,1.0988029030586768e-05,0.9989117300533426,8.2593698199643e+19,38964706855480.58,1.5357919101745596e+22,7.531330813539228e+20,0.9672965371449723,1.394029139188629
sc,200.0,0,1.0988412282638214e-05,0.9989465711489285,8.358786079640646e+19,37596355703807.13,1.5357919101745596e+22,7.3543172308206e+20,0.9674125741646451,1.3947849407651502
sc,200.0,0,1.0988783768777126e-05,0.9989803426161024,8.456373223410147e+19,36303768660248.266,1.5357919101745596e+22,7.184379288292852e+20,0.9675254214914922,1.3955235973137643
sc,200.0,0,1.098914384945923e-05,0.9990130772235664,8.552122095667972e+19,35081994817509.945,1.5357919101745596e+22,7.021203672125478e+20,0.9676350761588338,1.3962453338456648
sc,200.0,0,1.0989492874143477e-05,0.9990448067403161,8.646026726069114e+19,33926450173695.1,1.5357919101745596e+22,6.864491836291994e+20,0.9677415416493347,1.3969503814904585
sc,200.0,0,1.0989831181624756e-05,0.9990755619658869,8.738084163100777e+19,32832887960563.5,1.5357919101745596e+22,6.713959339951261e+20,0.9678448275914594,1.3976389769059963
sc,200.0,0,1.0990159100356695e-05,0.9991053727596996,8.828294307693842e+19,31797371513518.56,1.5357919101745596e+22,6.569335204284115e+20,0.9679449494445727,1.3983113617050669
sc,200.0,0,1.099047694876486e-05,0.9991342680695328,8.916659747771553e+19,30816249458238.016,1.5357919101745596e+22,6.430361289838875e+20,0.9680419281753183,1.398967781899857
sc,200.0,0,1.0990785035550604e-05,0.9991622759591459,9.003185594547944e+19,29886133008936.84,1.5357919101745596e+22,6.296791695141329e+20,0.9681357899277738,1.39960848736499
sc,200.0,0,1.0991083659985862e-05,0.9991894236350785,9.08787932129267e+19,29003875191583.594,1.5357919101745596e+22,6.16839217705391e+20,0.9682265656897275,1.4002337313197664
sc,200.0,0,1.0991373112199139e-05,0.9992157374726489,9.17075060518721e+19,28166551822284.527,1.5357919101745596e+22,6.044939593176345e+20,0.9683142909572697,1.4008437698300955
sc,200.0,0,1.0991653673452932e-05,0.9992412430411757,9.251811172813373e+19,27371444086182.273,1.5357919101745596e+22,5.926221366363297e+20,0.9683990053997252,1.4014388613304958
sc,200.0,0,1.0991925616412885e-05,0.9992659651284441,9.331074649739921e+19,26616022576127.754,1.5357919101745596e+22,5.812034971275444e+20,0.9684807525267991,1.402019266166426
sc,200.0,0,1.0992189205408847e-05,0.9992899277644407,9.408556414609398e+19,25897932663121.527,1.5357919101745596e+22,5.70218744277008e+20,0.9685595793596312,1.4025852461570893
sc,200.0,0,1.0992444696688121e-05,0.9993131542443747,9.484273458033251e+19,25214981081967.184,1.5357919101745596e+22,5.596494905789254e+20,0.9686355361072946,1.403137064178734
sc,200.0,0,1.099269233866112e-05,0.999335667151011,9.558244246529324e+19,24565123626018.047,1.5357919101745596e+22,5.494782126297904e+20,0.9687086758501173,1.4036749837684597
sc,200.0,0,1.0992932372139636e-05,0.9993574883763305,9.630488591769084e+19,23946453854599.72,1.5357919101745596e+22,5.396882082838363e+20,0.9687790542310352,1.4041992687483416
sc,200.0,0,1.0993165030567958e-05,0.9993786391425417,9.70102752518614e+19,23357192725122.81,1.5357919101745596e+22,5.302635558059778e+20,0.9688467291560415,1.40471018286971
sc,200.0,0,1.0993390540247038e-05,0.999399140022458,9.769883178126475e+19,22795679070010.543,1.5357919101745596e+22,5.211890749687693e+20,0.9689117605046436,1.4052079894772884
sc,200.0,0,1.0993609120551912e-05,0.9994190109592647,9.83707866752286e+19,22260360845559.652,1.5357919101745596e+22,5.124502900237745e+20,0.9689742098511022,1.4056929511928895
sc,200.0,0,1.0993820984142568e-05,0.9994382712856881,9.902637987173967e+19,21749787086471.31,1.5357919101745596e+22,5.0403339448542154e+20,0.9690341401970887,1.4061653296182457
sc,200.0,0,1.0994026337168478e-05,0.999456939742589,9.966585904522609e+19,21262600505631.74,1.5357919101745596e+22,4.959252176536003e+20,0.9690916157162746,1.4066253850565889
sc,200.0,0,1.0994225379466936e-05,0.9994750344969942,1.0028947862979607e+20,20797530684197.805,1.5357919101745596e+22,4.881131928125551e+20,0.969146701511246,1.4070733762524688
sc,200.0,0,1.0994418304755431e-05,0.9994925731595847,1.0089749889629454e+20,20353387801815.45,1.5357919101745596e+22,4.805853270309289e+20,0.9691994633830293,1.4075095601493488
sc,200.0,0,1.0994605300818213e-05,0.9995095728016559,1.0149018508253536e+20,19929056861354.29,1.5357919101745596e+22,4.733301724972634e+20,0.9692499676134094,1.407934191664408
sc,200.0,0,1.0994786549687217e-05,0.9995260499715652,1.0206780657565381e+20,19523492366479.113,1.5357919101745596e+22,4.663367993222037e+20,0.9692982807601332,1.4083475234800467
sc,200.0,0,1.0994962227817505e-05,0.9995420207106823,1.0263063614491278e+20,19135713414186.72,1.5357919101745596e+22,4.59594769741084e+20,0.9693444694649965,1.4087498058514447
sc,200.0,0,1.0995132506257437e-05,0.999557500568858,1.0317894922359484e+20,18764799167572.242,1.5357919101745596e+22,4.5309411364914286e+20,0.9693886002747524,1.409141286429702
sc,200.0,0,1.0995297550813662e-05,0.9995725046194238,1.0371302323836684e+20,18409884677364.406,1.5357919101745596e+22,4.468253054085196e+20,0.9694307394746919,1.4095222100998521
sc,200.0,0,1.099545752221112e-05,0.9995870474737383,1.0423313698444929e+20,18070157023341.523,1.5357919101745596e+22,4.407792418635393e+20,0.9694709529346961,1.4098928188332123
sc,200.0,0,1.0995612576248216e-05,0.9996011432952924,1.0473957004484213e+20,17744851749313.434,1.5357919101745596e+22,4.3494722150434e+20,0.9695093059675066,1.4102533515534716
sc,200.0,0,1.0995762863947264e-05,0.9996148058133876,1.0523260225177077e+20,17433249567678.11,1.5357919101745596e+22,4.2932092472175696e+20,0.9695458631989068,1.4106040440158814
sc,200.0,0,1.099590853170039e-05,0.9996280483363992,1.0571251318856609e+20,17134673311576.656,1.5357919101745596e+22,4.238923950974017e+20,0.9695806884494697,1.410945128698967
sc,200.0,0,1.0996049721411005e-05,0.9996408837646369,1.0617958173013354e+20,16848485114607.283,1.5357919101745596e+22,4.1865402167593914e+20,0.9696138446274934,1.4112768347081597
sc,200.0,0,1.0996186570630982e-05,0.9996533246028165,1.0663408562024333e+20,16574083799715.082,1.5357919101745596e+22,4.135985221676851e+20,0.9696453936327202,1.4115993876907984
sc,200.0,0,1.0996319212693658e-05,0.9996653829721508,1.0707630108370046e+20,16310902460570.996,1.5357919101745596e+22,4.0871892703404386e+20,0.9696753962703971,1.4119130097618373
sc,200.0,0,1.0996447776842829e-05,0.9996770706220754,1.0750650247178058e+20,16058406219984.04,1.5357919101745596e+22,4.040085644072233e+20,0.9697039121752445,1.4122179194398172
sc,200.0,0,1.0996572388357787e-05,0.999688398941617,1.0792496193899664e+20,15816090151408.754,1.5357919101745596e+22,3.994610458014898e+20,0.9697309997448537,1.412514331592425
sc,200.0,0,1.0996693168674577e-05,0.9996993789704162,1.0833194914960623e+20,15583477350612.7,1.5357919101745596e+22,3.9507025257234425e+20,0.9697567160820517,1.4128024573911933
sc,200.0,0,1.0996810235503576e-05,0.999710021409416,1.0872773101211119e+20,15360117145764.531,1.5357919101745596e+22,3.908303230839349e+20,0.969781116945752,1.4130825042747706
sc,200.0,0,1.0996923702943464e-05,0.9997203366312241,1.0911257144014386e+20,15145583435143.51,1.5357919101745596e+22,3.867356405464251e+20,0.9698042567098076,1.413354675920247
sc,200.0,0,1.0997033681591765e-05,0.9997303346901605,1.0948673113823923e+20,14939473142536.105,1.5357919101745596e+22,3.827808214862951e+20,0.9698261883293946,1.4136191722220857
sc,200.0,0,1.0997140278651987e-05,0.9997400253319989,1.098504674107578e+20,14741404781310.484,1.5357919101745596e+22,3.789607048160037e+20,0.9698469633144438,1.4138761892781189
sc,200.0,0,1.0997243598037532e-05,0.9997494180034121,1.1020403399269161e+20,14551017118777.426,1.5357919101745596e+22,3.752703414694917e+20,0.9698666317096576,1.4141259193822229
sc,200.0,0,1.0997343740472423e-05,0.9997585218611293,1.1054768090090907e+20,14367967933212.537,1.5357919101745596e+22,3.717049845729428e+20,0.9698852420806517,1.4143685510231743
sc,200.0,0,1.099744080358895e-05,0.9997673457808136,1.1088165430454865e+20,14191932856551.46,1.5357919101745596e+22,3.682600801225503e+20,0.9699028415057651,1.4146042688892466
sc,200.0,0,1.0997534882022375e-05,0.9997758983656704,1.112061964130228e+20,14022604296249.406,1.5357919101745596e+22,3.6493125813927385e+20,0.9699194755731136,1.4148332538782307
sc,200.0,0,1.0997626067502723e-05,0.999784187954793,1.1152154538060967e+20,13859690430393.08,1.5357919101745596e+22,3.617143242755471e+20,0.9699351883824542,1.415055683112402
sc,200.0,0,1.0997714448943772e-05,0.9997922226312521,1.1182793522667422e+20,13702914270669.727,1.5357919101745596e+22,3.586052518513518e+20,0.9699500225514519,1.4152717299580495
sc,200.0,0,1.0997800112529352e-05,0.9998000102299411,1.1212559576983695e+20,13552012788079.717,1.5357919101745596e+22,3.55600174291932e+20,0.9699640192259625,1.4154815640493144
sc,200.0,0,1.099788314179698e-05,0.9998075583451801,1.1241475257547599e+20,13406736096829.406,1.5357919101745596e+22,3.5269537794789134e+20,0.9699772180939478,1.4156853513158867
sc,200.0,0,1.0997963617718971e-05,0.9998148743380884,1.1269562691574374e+20,13266846692177.576,1.5357919101745596e+22,3.4988729527800843e+20,0.9699896574026665,1.4158832540142925
sc,200.0,0,1.0998041618781049e-05,0.9998219653437317,1.1296843574023307e+20,13132118738243.904,1.5357919101745596e+22,3.471724983703323e+20,0.9700013739787974,1.416075430762441
sc,200.0,0,1.0998117221058578e-05,0.9998288382780526,1.1323339165783613e+20,13002337402228.844,1.5357919101745596e+22,3.445476927889185e+20,0.9700124032511731,1.4162620365771934
sc,200.0,0,1.099819049829045e-05,0.9998354998445864,1.1349070292738859e+20,12877298231699.32,1.5357919101745596e+22,3.420097117235344e+20,0.9700227792758107,1.4164432229145625
sc,200.0,0,1.0998261521950722e-05,0.9998419565409749,1.1374057345767162e+20,12756806571860.756,1.5357919101745596e+22,3.3955551042961316e+20,0.9700325347629559,1.4166191377124207
sc,200.0,0,1.0998330361318067e-05,0.9998482146652787,1.1398320281505273e+20,12640677019971.65,1.5357919101745596e+22,3.371821609397828e+20,0.9700417011058651,1.4167899254353604
sc,200.0,0,1.099839708354309e-05,0.9998542803220991,1.142187862386823e+20,12528732914318.633,1.5357919101745596e+22,3.348868470349714e+20,0.9700503084110723,1.4169557271215416
sc,200.0,0,1.0998461753713601e-05,0.9998601594285093,1.1444751466214477e+20,12420805855302.375,1.5357919101745596e+22,3.326668594590182e+20,0.9700583855298985,1.417116680431227
sc,200.0,0,1.0998524434917892e-05,0.9998658577198084,1.1466957474144672e+20,12316735256396.467,1.5357919101745596e+22,3.305195913651657e+20,0.9700659600909901,1.4172729196969343
sc,200.0,0,1.0998585188306059e-05,0.9998713807550962,1.1488514888808766e+20,12216367922941.217,1.5357919101745596e+22,3.2844253398070526e+20,0.9700730585336694,1.417424575974832
sc,200.0,0,1.0998644073149468e-05,0.9998767339226788,1.1509441530758801e+20,12119557656844.814,1.5357919101745596e+22,3.2643327248048796e+20,0.9700797061419194,1.4175717770973535
sc,200.0,0,1.0998701146898405e-05,0.9998819224453096,1.1529754804183196e+20,12026164885397.959,1.5357919101745596e+22,3.244894820542128e+20,0.9700859270788174,1.4177146477267797
sc,200.0,0,1.0998756465237942e-05,0.9998869513852675,1.1549471701609723e+20,11936056312626.107,1.5357919101745596e+22,3.2260892416269274e+20,0.9700917444212628,1.417853309409612
sc,200.0,0,1.099881008214211e-05,0.9998918256492828,1.1568608808891865e+20,11849104591595.703,1.5357919101745596e+22,3.207894429675117e+20,0.9700971801948511,1.4179878806316715
sc,200.0,0,1.0998862049926409e-05,0.9998965499933099,1.1587182310563796e+20,11765188016300.36,1.5357919101745596e+22,3.1902896192915427e+20,0.9701022554087588,1.4181184768736859
sc,200.0,0,1.0998912419298702e-05,0.9999011290271548,1.160520799544768e+20,11684190231846.49,1.5357919101745596e+22,3.17325480563388e+20,0.9701069900905178,1.4182452106672914
sc,200.0,0,1.0998961239408573e-05,0.9999055672189612,1.1622701262486798e+20,11605999961669.74,1.5357919101745596e+22,3.156770713463081e+20,0.9701114033205739,1.4183681916513322
sc,200.0,0,1.0999008557895145e-05,0.9999098688995587,1.1639677126834332e+20,11530510750710.621,1.5357919101745596e+22,3.1408187676327e+20,0.9701155132665269,1.418487526628305
sc,200.0,0,1.099905442093346e-05,0.9999140382666782,1.1656150226072035e+20,11457620723498.664,1.5357919101745596e+22,3.125381064915928e+20,0.9701193372169656,1.4186033196208865
sc,200.0,0,1.0999098873279417e-05,0.999918079389038,1.1672134826597353e+20,11387232356160.426,1.5357919101745596e+22,3.110440347114139e+20,0.9701228916148246,1.4187156719284135
sc,200.0,0,1.0999141958313349e-05,0.9999219962103045,1.168764483016324e+20,11319252261457.768,1.5357919101745596e+22,3.095979975385844e+20,0.9701261920901864,1.4188246821832584
sc,200.0,0,1.0999183718082255e-05,0.9999257925529323,1.1702693780476715e+20,11253590986048.979,1.5357919101745596e+22,3.081983905722394e+20,0.9701292534924786,1.4189304464069874
sc,200.0,0,1.0999224193340739e-05,0.9999294721218854,1.1717294869895874e+20,11190162819161.148,1.5357919101745596e+22,3.068436665520499e+20,0.9701320899220072,1.4190330580662391
sc,200.0,0,1.0999263423590703e-05,0.9999330385082457,1.1731460946210603e+20,11128885611948.59,1.5357919101745596e+22,3.0553233311956245e+20,0.9701347147607884,1.4191326081282782
sc,200.0,0,1.0999301447119812e-05,0.9999364951927101,1.174520451943497e+20,11069680606902.768,1.5357919101745596e+22,3.042629506781358e+20,0.9701371407026371,1.4192291851161234
sc,200.0,0,1.0999338301038783e-05,0.9999398455489803,1.1758537768626959e+20,11012472276670.322,1.5357919101745596e+22,3.030341303469735e+20,0.9701393797824843,1.4193228751631872
sc,200.0,0,1.0999374021317546e-05,0.9999430928470496,1.1771472548742975e+20,10957188171650.787,1.5357919101745596e+22,3.018445320038814e+20,0.9701414434049005,1.4194137620674527
sc,200.0,0,1.0999408642820265e-05,0.9999462402563877,1.1784020397475765e+20,10903758775914.451,1.5357919101745596e+22,3.0069286241374844e+20,0.9701433423718017,1.4195019273450173
sc,200.0,0,1.0999442199339309e-05,0.9999492908490282,1.1796192542065264e+20,10852117370869.457,1.5357919101745596e+22,2.995778734369064e+20,0.970145086909328,1.4195874502830672
sc,200.0,0,1.0999474723628188e-05,0.9999522476025626,1.1807999906094806e+20,10802199906217.09,1.5357919101745596e+22,2.984983603143395e+20,0.9701466866938849,1.4196704079922096
sc,200.0,0,1.0999506247433445e-05,0.9999551134030404,1.1819453116249756e+20,10753944877784.408,1.5357919101745596e+22,2.974531600265671e+20,0.9701481508773394,1.4197508754580783
sc,200.0,0,1.0999536801525606e-05,0.9999578910477824,1.1830562509033318e+20,10707293211766.285,1.5357919101745596e+22,2.9644114972124067e+20,0.9701494881113732,1.4198289255922936
sc,200.0,0,1.0999566415729164e-05,0.9999605832481058,1.1841338137407698e+20,10662188155066.906,1.5357919101745596e+22,2.9546124520758614e+20,0.9701507065709895,1.4199046292826192
sc,200.0,0,1.0999595118951634e-05,0.9999631926319668,1.1851789777385408e+20,10618575171314.178,1.5357919101745596e+22,2.9451239951346978e+20,0.9701518139771849,1.4199780554423969
sc,200.0,0,1.0999622939211742e-05,0.9999657217465221,1.186192693455074e+20,10576401842242.436,1.5357919101745596e+22,2.9359360150271273e+20,0.9701528176187872,1.4200492710591883
sc,200.0,0,1.0999649903666725e-05,0.9999681730606114,1.1871758850507604e+20,10535617774130.78,1.5357919101745596e+22,2.927038745498062e+20,0.9701537243734742,1.4201183412426117
sc,200.0,0,1.0999676038638799e-05,0.9999705489671635,1.1881294509235795e+20,10496174508996.678,1.5357919101745596e+22,2.9184227526893722e+20,0.9701545407279801,1.42018532927137
sc,200.0,0,1.0999701369640831e-05,0.9999728517855301,1.189054264336647e+20,10458025440263.396,1.5357919101745596e+22,2.9100789229494898e+20,0.9701552727975084,1.420250296639469
sc,200.0,0,1.0999725921401199e-05,0.9999750837637453,1.18995117403637e+20,10421125732672.686,1.5357919101745596e+22,2.9019984511437478e+20,0.9701559263443627,1.4203133031015611
sc,200.0,0,1.09997497178879e-05,0.9999772470807182,1.190821004861667e+20,10385432246164.586,1.5357919101745596e+22,2.8941728294348695e+20,0.9701565067958134,1.4203744067174782
sc,200.0,0,1.099977278233193e-05,0.9999793438483573,1.1916645583438234e+20,10350903463510.352,1.5357919101745596e+22,2.886593836514226e+20,0.9701570192612179,1.4204336638959214
sc,200.0,0,1.0999795137249921e-05,0.9999813761136291,1.1924826132953629e+20,10317499421515.32,1.5357919101745596e+22,2.8792535272682573e+20,0.970157468548412,1.4204911294372695
sc,200.0,0,1.0999816804466099e-05,0.9999833458605545,1.193275926389006e+20,10285181645557.467,1.5357919101745596e+22,2.872144222853471e+20,0.9701578591793932,1.420546856575553
sc,200.0,0,1.0999837805133577e-05,0.9999852550121434,1.1940452327266676e+20,10253913087282.504,1.5357919101745596e+22,2.8652585011639275e+20,0.9701581954053144,1.420600897019589
sc,200.0,0,1.0999858159754965e-05,0.9999871054322695,1.1947912463972537e+20,10223658065313.732,1.5357919101745596e+22,2.8585891876798634e+20,0.9701584812208094,1.420653300993216
sc,200.0,0,1.0999877888202374e-05,0.9999888989274885,1.1955146610246397e+20,10194382208757.08,1.5357919101745596e+22,2.8521293466687036e+20,0.9701587203776703,1.4207041172747354
sc,200.0,0,1.0999897009736801e-05,0.9999906372488001,1.1962161503047141e+20,10166052403389.33,1.5357919101745596e+22,2.8458722727319618e+20,0.9701589163978979,1.4207533932354837
sc,200.0,0,1.09999155430269e-05,0.9999923220933546,1.1968963685310189e+20,10138636740393.67,1.5357919101745596e+22,2.8398114826845123e+20,0.9701590725861454,1.4208011748775322
sc,200.0,0,1.0999933506167206e-05,0.9999939551061097,1.1975559511103111e+20,10112104467453.682,1.5357919101745596e+22,2.8339407077395736e+20,0.9701591920415786,1.4208475068706137
sc,200.0,0,1.0999950916695772e-05,0.9999955378814338,1.198195515066892e+20,10086425942135.086,1.5357919101745596e+22,2.828253885999585e+20,0.9701592776691699,1.4208924325881749
sc,200.0,0,1.0999967791611283e-05,0.999997071964662,1.198815659536383e+20,10061572587404.734,1.5357919101745596e+22,2.8227451552329872e+20,0.9701593321904503,1.420935994142625
sc,200.0,0,1.099998414738963e-05,0.9999985588536029,1.199416966248592e+20,10037516849185.95,1.5357919101745596e+22,2.8174088459263816e+20,0.9701593581537378,1.4209782324197646
sc,200.0,0,1.1e-05,1.0,1.2e+20,10014232155828.531,1.5357919101745596e+22,2.8122394745980794e+20,0.9701593579438633,1.4210191871124291
oc,200.0,0.9668947445814203,0.0,0.0,1095116633955.4337,1.2e+20,1.5357919101745596e+22,3.0753533365071495e+19,0.9855904949560467,0.0
oc,200.0,0.9668947445814203,1.5852610367572685e-11,1.4411463970520622e-06,1097955576438.0275,1.1994663086644437e+20,1.5357919101745596e+22,3.081954489246363e+19,0.9855904949560467,4.463964766713695e-05
oc,200.0,0.9668947445814203,3.2208388717036575e-11,2.9280353379124158e-06,1100888437997.8113,1.198915873217585e+20,1.5357919101745596e+22,3.088768925701268e+19,0.9855904501876824,9.067984103440052e-05
oc,200.0,0.9668947445814203,4.9083304228147994e-11,4.462118566195272e-06,1103918450514.2576,1.198348174948421e+20,1.5357919101745596e+22,3.095803661541542e+19,0.9855903565969735,0.00013816398418656857
oc,200.0,0.9668947445814203,6.649383279366816e-11,6.044893890333469e-06,1107048965155.259,1.1977626795150479e+20,1.5357919101745596e+22,3.1030659513614524e+19,0.9855902098547471,0.00018713679180881677
oc,200.0,0.9668947445814203,8.44569730995004e-11,7.677906645409127e-06,1110283457296.1196,1.1971588365028454e+20,1.5357919101745596e+22,3.1105632973544346e+19,0.9855900053405313,0.00023764432655760804
oc,200.0,0.9668947445814203,1.0299026319943172e-10,9.362751199948338e-06,1113625531670.2744,1.1965360789727352e+20,1.5357919101745596e+22,3.1183034583307678e+19,0.9855897381256418,0.00028973403730879845
oc,200.0,0.9668947445814203,1.2211179762539047e-10,1.1101072511399135e-05,1117078927769.323,1.1958938229985891e+20,1.5357919101745596e+22,3.126294459104757e+19,0.9855894029554283,0.00034345479836541656
oc,200.0,0.9668947445814203,1.418402450356626e-10,1.2894567730514783e-05,1120647525503.6953,1.1952314671942119e+20,1.5357919101745596e+22,3.134544600263314e+19,0.9855889942306534,0.000398856949597324
oc,200.0,0.9668947445814203,1.6219486642243818e-10,1.474498785658529e-05,1124335351139.5398,1.194548392229759e+20,1.5357919101745596e+22,3.143062468335683e+19,0.9855885059879719,0.0004559923375360841
oc,200.0,0.9668947445814203,1.8319553390006016e-10,1.6654139445460014e-05,1128146583528.0247,1.1938439603371182e+20,1.5357919101745596e+22,3.1518569463839515e+19,0.9855879318794791,0.0005149143574460682
oc,200.0,0.9668947445814203,2.0486275007947086e-10,1.8623886370860987e-05,1132085560641.7751,1.1931175148048898e+20,1.5357919101745596e+22,3.1609372250304266e+19,0.9855872651512999,0.0005756779963458797
oc,200.0,0.9668947445814203,2.2721766807037856e-10,2.065615164276169e-05,1136156786440.293,1.1923683794621968e+20,1.5357919101745596e+22,3.1703128139524243e+19,0.9855864986211857,0.0006383398770527388
oc,200.0,0.9668947445814203,2.5028211210015303e-10,2.2752919281832096e-05,1140364938077.8662,1.1915958581523051e+20,1.5357919101745596e+22,3.1799935538542707e+19,0.9855856246550941,0.000702958303172449
oc,200.0,0.9668947445814203,2.7407859880196337e-10,2.4916236254723945e-05,1144714873480.0938,1.1907992341951159e+20,1.5357919101745596e+22,3.1899896289539785e+19,0.9855846351427169,0.0007695933051328516
oc,200.0,0.9668947445814203,2.986303591691053e-10,2.7148214469918663e-05,1149211639306.454,1.1899777698393129e+20,1.5357919101745596e+22,3.200311580000059e+19,0.9855835214719335,0.0008383066871998114
oc,200.0,0.9668947445814203,3.239613612005532e-10,2.9451032836413926e-05,1153860479322.5513,1.1891307057037617e+20,1.5357919101745596e+22,3.210970317845227e+19,0.9855822745021612,0.0009091620754904314
oc,200.0,0.9668947445814203,3.5009633327559573e-10,3.182693938869052e-05,1158666843209.9836,1.1882572602082102e+20,1.5357919101745596e+22,3.2219771376144953e+19,0.9855808845365749,0.0009822249670306178
oc,200.0,0.9668947445814203,3.770607882569443e-10,3.427825347790403e-05,1163636395835.7,1.1873566289941071e+20,1.5357919101745596e+22,3.233343733486326e+19,0.9855793412931763,0.0010575627797929075
oc,200.0,0.9668947445814203,4.048810483650578e-10,3.680736803318707e-05,1168775027012.527,1.1864279843352524e+20,1.5357919101745596e+22,3.245082214127754e+19,0.9855776338746886,0.001135244903768036
oc,200.0,0.9668947445814203,4.335842708358961e-10,3.9416751894172375e-05,1174088861778.8765,1.1854704745386875e+20,1.5357919101745596e+22,3.257205118811121e+19,0.9855757507372579,0.001215342753034299
oc,200.0,0.9668947445814203,4.631984743932449e-10,4.210895221756772e-05,1179584271230.9275,1.1844832233354505e+20,1.5357919101745596e+22,3.2697254342500524e+19,0.9855736796579436,0.0012979298188375169
oc,200.0,0.9668947445814203,4.937525665545395e-10,4.488659695950359e-05,1185267883941.037,1.1834653292624262e+20,1.5357919101745596e+22,3.2826566121920942e+19,0.9855714077009861,0.001383081723655829
oc,200.0,0.9668947445814203,5.252763718117115e-10,4.775239743742832e-05,1191146598001.71,1.1824158650351183e+20,1.5357919101745596e+22,3.2960125878141604e+19,0.9855689211828398,0.001470876276281881
oc,200.0,0.9668947445814203,5.578006606901109e-10,5.0709150971828265e-05,1197227593730.2004,1.1813338769126787e+20,1.5357919101745596e+22,3.3098077989535973e+19,0.9855662056359643,0.0015613935278427351
oc,200.0,0.9668947445814203,5.91357179736185e-10,5.375974361238045e-05,1203518347080.2246,1.1802183840538087e+20,1.5357919101745596e+22,3.3240572062258233e+19,0.9855632457713751,0.0016547158288054077
oc,200.0,0.9668947445814203,6.259786824534542e-10,5.690715295031401e-05,1210026643805.333,1.1790683778654816e+20,1.5357919101745596e+22,3.3387763140788187e+19,0.985560025439951,0.0017509278869235394
oc,200.0,0.9668947445814203,6.61698961216095e-10,6.0154451019645006e-05,1216760594422.0737,1.1778828213453793e+20,1.5357919101745596e+22,3.3539811928344998e+19,0.9855565275925119,0.0018501168261021584
oc,200.0,0.9668947445814203,6.985528801894402e-10,6.350480728994912e-05,1223728650024.8667,1.1766606484182992e+20,1.5357919101745596e+22,3.3696885017695887e+19,0.9855527342386765,0.001952372246151363
oc,200.0,0.9668947445814203,7.365764092976956e-10,6.696149175433597e-05,1230939619010.558,1.1754007632660305e+20,1.5357919101745596e+22,3.3859155132949643e+19,0.9855486264045225,0.002057786283423761
oc,200.0,0.9668947445814203,7.758066592602475e-10,7.052787811456795e-05,1238402684771.9124,1.1741020396536134e+20,1.5357919101745596e+22,3.4026801382990156e+19,0.9855441840890764,0.0021664536722711195
oc,200.0,0.9668947445814203,8.162819177441882e-10,7.420744706765348e-05,1246127424426.636,1.1727633202526211e+20,1.5357919101745596e+22,3.420000952724012e+19,0.9855393862196666,0.00227847180732133
oc,200.0,0.9668947445814203,8.580416866495465e-10,7.800378969541333e-05,1254123828648.1062,1.1713834159608113e+20,1.5357919101745596e+22,3.437897225431982e+19,0.9855342106061872,0.0023939408064828846
oc,200.0,0.9668947445814203,9.011267205821794e-10,8.19206109620163e-05,1262402322678.0125,1.1699611052206267e+20,1.5357919101745596e+22,3.456388947452318e+19,0.9855286338943191,0.0025129635746826895
oc,200.0,0.9668947445814203,9.455790665399698e-10,8.596173332181545e-05,1270973788599.1665,1.1684951333391566e+20,1.5357919101745596e+22,3.4754968626890727e+19,0.9855226315177791,0.0026356458682533935
oc,200.0,0.9668947445814203,9.914421048550782e-10,9.013110044137074e-05,1279849588955.4468,1.1669842118075923e+20,1.5357919101745596e+22,3.4952425001627636e+19,0.985516177649662,0.0027620963599249617
oc,200.0,0.9668947445814203,1.0387605914276564e-09,9.443278103887787e-05,1289041591814.0764,1.1654270176243229e+20,1.5357919101745596e+22,3.515648207890397e+19,0.9855092451529673,0.0028924267043456734
oc,200.0,0.9668947445814203,1.0875807012974414e-09,9.887097284522195e-05,1298562197372.2693,1.1638221926240692e+20,1.5357919101745596e+22,3.536737188505598e+19,0.985501805530404,0.003026751604078286
oc,200.0,0.9668947445814203,1.1379500735910763e-09,0.00010345000669009785,1308424366215.1746,1.1621683428109294e+20,1.5357919101745596e+22,3.5585335367065014e+19,0.9854938288735852,0.0031651888759832675
oc,200.0,0.9668947445814203,1.1899178578885228e-09,0.00010817435071713843,1318641649346.2761,1.1604640377022485e+20,1.5357919101745596e+22,3.5810622786667033e+19,0.9854852838117368,0.003307859517905425
oc,200.0,0.9668947445814203,1.243534762056797e-09,0.0001130486147324361,1329228220116.5613,1.1587078096824826e+20,1.5357919101745596e+22,3.604349413518429e+19,0.9854761374600594,0.0034548877755823646
oc,200.0,0.9668947445814203,1.2988531015943882e-09,0.00011807755469039893,1340198908189.4355,1.1568981533689405e+20,1.5357919101745596e+22,3.628421957033451e+19,0.9854663553678981,0.0036064012096679414
oc,200.0,0.9668947445814203,1.3559268505321519e-09,0.00012326607732110473,1351569235693.332,1.1550335249960837e+20,1.5357919101745596e+22,3.6533079876616077e+19,0.985455901466895,0.0037625307627582026
oc,200.0,0.9668947445814203,1.4148116939419752e-09,0.00012861924490381593,1363355455719.402,1.1531123418146565e+20,1.5357919101745596e+22,3.679036695045278e+19,0.985444738019311,0.003923410826309416
oc,200.0,0.9668947445814203,1.475565082107555e-09,0.0001341422801915959,1375574593344.0278,1.1511329815160277e+20,1.5357919101745596e+22,3.7056384312069325e+19,0.9854328255667263,0.004089179307332451
oc,200.0,0.9668947445814203,1.5382462863975932e-09,0.0001398405714906903,1388244489360.4065,1.1490937816779964e+20,1.5357919101745596e+22,3.733144764547259e+19,0.9854201228793494,0.004259977694695221
oc,200.0,0.9668947445814203,1.602916456910408e-09,0.0001457196779009462,1401383846927.9607,1.1469930392418429e+20,1.5357919101745596e+22,3.761588536868306e+19,0.9854065869061803,0.004435951124928445
oc,200.0,0.9668947445814203,1.6696386819333165e-09,0.00015178533472121059,1415012281361.2874,1.1448290100187292e+20,1.5357919101745596e+22,3.791003923601471e+19,0.9853921727263012,0.004617248447344381
oc,200.0,0.9668947445814203,1.738478049276626e-09,0.00015804345902514783,1429150373297.154,1.1425999082351636e+20,1.5357919101745596e+22,3.821426497464748e+19,0.9853768335015834,0.00480402228830709
oc,200.0,0.9668947445814203,1.8095017095494103e-09,0.00016450015541358276,1443819725508.0703,1.1403039061158316e+20,1.5357919101745596e+22,3.852893295778199e+19,0.9853605204311295,0.004996429114495663
oc,200.0,0.9668947445814203,1.8827789414216367e-09,0.00017116172194742152,1459043023638.4712,1.1379391335153582e+20,1.5357919101745596e+22,3.885442891685485e+19,0.9853431827077866,0.005194629294922978
oc,200.0,0.9668947445814203,1.958381218950811e-09,0.00017803465626825554,1474844101181.9907,1.1355036775965598e+20,1.5357919101745596e+22,3.919115469547843e+19,0.9853247674770976,0.005398787161545381
oc,200.0,0.9668947445814203,2.0363822810287035e-09,0.00018512566191170032,1491248009029.0264,1.1329955825681824e+20,1.5357919101745596e+22,3.953952904806251e+19,0.9853052197990784,0.005609071068218377
oc,200.0,0.9668947445814203,2.1168582030189895e-09,0.00019244165481990816,1508281089957.2053,1.1304128494811557e+20,1.5357919101745596e+22,3.989998848615061e+19,0.9852844826132356,0.005825653447774967
oc,200.0,0.9668947445814203,2.199887470647477e-09,0.00019998977005886154,1525971058458.2769,1.1277534360942287e+20,1.5357919101745596e+22,4.027298817586219e+19,0.9852624967072692,0.006048710866958124
oc,200.0,0.9668947445814203,2.285551056227353e-09,0.00020777736874794117,1544347086341.2244,1.1250152568141786e+20,1.5357919101745596e+22,4.065900289013675e+19,0.9852392006899248,0.006278424078973562
oc,200.0,0.9668947445814203,2.3739324972774643e-09,0.00021581204520704222,1563439894582.9236,1.1221961827157775e+20,1.5357919101745596e+22,4.1058528019568935e+19,0.9852145309684958,0.006514978073341241
oc,200.0,0.9668947445814203,2.4651179776252194e-09,0.00022410163432956542,1583281851944.5637,1.1192940416521434e+20,1.5357919101745596e+22,4.1472080646186615e+19,0.9851884217314941,0.006758562122791634
oc,200.0,0.9668947445814203,2.5591964110509015e-09,0.00023265421918644558,1603907080919.312,1.1163066184619295e+20,1.5357919101745596e+22,4.190020068472283e+19,0.9851608049370458,0.0070093698268359995
oc,200.0,0.9668947445814203,2.656259527577809e-09,0.0002414781388707099,1625351571629.206,1.1132316552804065e+20,1.5357919101745596e+22,4.234345209628733e+19,0.985131610307581,0.007267599151743293
oc,200.0,0.9668947445814203,2.756401962466237e-09,0.00025058199658783975,1647653304343.4143,1.110066851965984e+20,1.5357919101745596e+22,4.2802424179824026e+19,0.985100765331432,0.00753345246650741
oc,200.0,0.9668947445814203,2.8597213480120453e-09,0.00025997466800109503,1670852381360.9739,1.1068098666505259e+20,1.5357919101745596e+22,4.327773294723162e+19,0.985068195271965,0.007807136574477259
oc,200.0,0.9668947445814203,2.9663184082353023e-09,0.00026966530983957293,1694991169062.8748,1.103458316422757e+20,1.5357919101745596e+22,4.377002258831232e+19,0.9850338231849007,0.008088862740254998
oc,200.0,0.9668947445814203,3.0762970565353374e-09,0.0002796633687759398,1720114451018.427,1.1000097781563562e+20,1.5357919101745596e+22,4.427996703237533e+19,0.984997569944513,0.008378846711417169
oc,200.0,0.9668947445814203,3.189764496423941e-09,0.00028997859058399467,1746269593121.2703,1.0964617894935075e+20,1.5357919101745596e+22,4.480827161397154e+19,0.9849593542794014,0.008677308734679928
oc,200.0,0.9668947445814203,3.306831325422199e-09,0.0003006210295838363,1773506721816.395,1.0928118499956924e+20,1.5357919101745596e+22,4.535567485066991e+19,0.9849190928185666,0.008984473566032242
oc,200.0,0.9668947445814203,3.427611642213779e-09,0.00031160105838307084,1801878916586.0776,1.0890574224742102e+20,1.5357919101745596e+22,4.592295034152909e+19,0.9848767001485407,0.009300570474352393
oc,200.0,0.9668947445814203,3.552223157170686e-09,0.00032292937792460785,1831442417983.268,1.0851959345128944e+20,1.5357919101745596e+22,4.6510908795767185e+19,0.9848320888823272,0.009625833238055662
oc,200.0,0.9668947445814203,3.680787306341249e-09,0.00033461702784920444,1862256852620.159,1.0812247801969718e+20,1.5357919101745596e+22,4.712040020177525e+19,0.9847851697409373,0.009960500134223222
oc,200.0,0.9668947445814203,3.813429369018795e-09,0.0003466753971835268,1894385476666.6123,1.0771413220618366e+20,1.5357919101745596e+22,4.7752316147598295e+19,0.9847358516483082,0.010304813919708795
oc,200.0,0.9668947445814203,3.950278588993605e-09,0.00035911623536305504,1927895439565.847,1.07294289327667e+20,1.5357919101745596e+22,4.8407592304896614e+19,0.9846840418404071,0.01065902180364905
oc,200.0,0.9668947445814203,4.091468299609047e-09,0.00037195166360082244,1962858069851.5928,1.0686268000779022e+20,1.5357919101745596e+22,4.9087211089519e+19,0.9846296459893218,0.01102337541082274
oc,200.0,0.9668947445814203,4.2371360527360675e-09,0.0003851941866123698,1999349185140.7026,1.0641903244683805e+20,1.5357919101745596e+22,4.979220451287095e+19,0.9845725683431432,0.011398130735257367
oc,200.0,0.9668947445814203,4.387423751783914e-09,0.0003988567047076286,2037449428589.3628,1.059630727198647e+20,1.5357919101745596e+22,5.052365723952801e+19,0.9845127118824415,0.011783548083463656
oc,200.0,0.9668947445814203,4.5424777888789516e-09,0.00041295252626172285,2077244634340.8594,1.0549452510468361e+20,1.5357919101745596e+22,5.128270986792074e+19,0.9844499784941189,0.012179892006686642
oc,200.0,0.9668947445814203,4.702449186337998e-09,0.00042749538057618164,2118826224754.8342,1.0501311244143965e+20,1.5357919101745596e+22,5.20705624523448e+19,0.9843842691634155,0.012587431221520964
oc,200.0,0.9668947445814203,4.8674937425619564e-09,0.0004424994311419961,2162291642500.9592,1.0451855652553594e+20,1.5357919101745596e+22,5.288847828611829e+19,0.9843154841848145,0.013006438518210678
oc,200.0,0.9668947445814203,5.03777218249446e-09,0.0004579792893176782,2207744820930.847,1.0401057853566943e+20,1.5357919101745596e+22,5.373778796753167e+19,0.9842435233925626,0.01343719065597764
oc,200.0,0.9668947445814203,5.213450312782919e-09,0.0004739500284348108,2255296696503.8745,1.0348889949879835e+20,1.5357919101745596e+22,5.461989377206463e+19,0.9841682864114799,0.013879968244680243
oc,200.0,0.9668947445814203,5.394699181784867e-09,0.0004904271983440789,2305065767449.6606,1.029532407939082e+20,1.5357919101745596e+22,5.5536274356451344e+19,0.9840896729286893,0.014335055612096899
oc,200.0,0.9668947445814203,5.581695244568585e-09,0.0005074268404153259,2357178703303.5625,1.0240332469624619e+20,1.5357919101745596e+22,5.648848982229858e+19,0.9840075829868286,0.014802740656124549
oc,200.0,0.9668947445814203,5.7746205330643226e-09,0.0005249655030058475,2411771010458.816,1.0183887496391067e+20,1.5357919101745596e+22,5.7478187169559585e+19,0.9839219172992433,0.015283314681183635
oc,200.0,0.9668947445814203,5.973662831521231e-09,0.000543060257411021,2468987759443.388,1.0125961746871981e+20,1.5357919101745596e+22,5.8507106172818506e+19,0.9838325775875695,0.015777072218103202
oc,200.0,0.9668947445814203,6.179015857431192e-09,0.0005617287143119265,2528984380261.3022,1.006652808727114e+20,1.5357919101745596e+22,5.957708571593778e+19,0.9837394669420283,0.01628431082676369
oc,200.0,0.9668947445814203,6.390879448088693e-09,0.0005809890407353357,2591927532846.433,1.0005559735234111e+20,1.5357919101745596e+22,6.069007062418468e+19,0.9836424902046345,0.01680533088078641
oc,200.0,0.9668947445814203,6.609459752962621e-09,0.0006008599775420564,2657996060468.32,9.94303033716578e+19,1.5357919101745596e+22,6.184811903600313e+19,0.9835415543753978,0.017340435333570794
oc,200.0,0.9668947445814203,6.83496943204237e-09,0.0006213608574583973,2727382034808.125,9.878914050610789e+19,1.5357919101745596e+22,6.305341036035913e+19,0.9834365690414648,0.017889929464947264
oc,200.0,0.9668947445814203,7.067627860364078e-09,0.0006425116236694617,2800291902429.304,9.81318563181095e+19,1.5357919101745596e+22,6.430825386970415e+19,0.9833274468289682,0.018454120607824472
oc,200.0,0.9668947445814203,7.30766133887939e-09,0.0006643328489890354,2876947743464.5625,9.745820528584168e+19,1.5357919101745596e+22,6.561509798284017e+19,0.9832141038772003,0.019033317854112605
oc,200.0,0.9668947445814203,7.555303311878037e-09,0.0006868457556252761,2957588654596.3477,9.676794978581447e+19,1.5357919101745596e+22,6.69765402964119e+19,0.9830964603345052,0.019627831739339015
oc,200.0,0.9668947445814203,7.810794591152303e-09,0.0007100722355593003,3042472269803.257,9.606086113034482e+19,1.5357919101745596e+22,6.839533842918857e+19,0.9829744408750847,0.020237973905336368
oc,200.0,0.9668947445814203,8.074383587114653e-09,0.0007340348715558775,3131876433927.317,9.533672066017988e+19,1.5357919101745596e+22,6.9874421748580024e+19,0.9828479752356692,0.020864056740467266
oc,200.0,0.9668947445814203,8.346326547068184e-09,0.0007587569588243803,3226101045856.6445,9.459532089242947e+19,1.5357919101745596e+22,7.141690405427079e+19,0.9827169987707451,0.021506392996855545
oc,200.0,0.9668947445814203,8.62688780086257e-09,0.0007842625273511428,3325470090139.2637,9.38364667236715e+19,1.5357919101745596e+22,7.302609730101534e+19,0.9825814530247474,0.022165295384214734
oc,200.0,0.9668947445814203,8.916340014136991e-09,0.0008105763649215447,3430333878031.3,9.305997668764125e+19,1.5357919101745596e+22,7.470552644840151e+19,0.9824412863193308,0.02284107613983967
oc,200.0,0.9668947445814203,9.214964449395513e-09,0.0008377240408541375,3541071521532.2705,9.226568426642144e+19,1.5357919101745596e+22,7.645894553351528e+19,0.9822964543534988,0.023534046574489174
oc,200.0,0.9668947445814203,9.523051235139635e-09,0.0008657319304672395,3658093666746.62,9.145343925363902e+19,1.5357919101745596e+22,7.829035506937797e+19,0.9821469208140261,0.02424451659390492
oc,200.0,0.9668947445814203,9.840899643304701e-09,0.0008946272403004274,3781845516124.6294,9.062310916758847e+19,1.5357919101745596e+22,8.020402088109362e+19,0.9819926579932451,0.02497279419583873
oc,200.0,0.9668947445814203,1.0168818375244415e-08,0.0009244380341131286,3912810172677.6553,8.977458071163155e+19,1.5357919101745596e+22,8.220449449957029e+19,0.9818336474108801,0.025719184942539785
oc,200.0,0.9668947445814203,1.050712585652297e-08,0.0009551932596839063,4051512343331.0312,8.89077612785529e+19,1.5357919101745596e+22,8.429663524279517e+19,0.9816698804362091,0.026483991408782968
oc,200.0,0.9668947445814203,1.0856150540770048e-08,0.0009869227764336408,4198522443098.3013,8.802258049488237e+19,1.5357919101745596e+22,8.648563412396458e+19,0.9815013589064207,0.02726751260561446
oc,200.0,0.9668947445814203,1.1216231222873463e-08,0.0010196573838975875,4354461146892.5884,8.711899180045782e+19,1.5357919101745596e+22,8.877703973638386e+19,0.9813280957366024,0.028070043380150064
oc,200.0,0.9668947445814203,1.1587717361786653e-08,0.001053428851071514,4520004441572.628,8.619697405766533e+19,1.5357919101745596e+22,9.11767862760085e+19,0.9811501155163703,0.028891873791891454
oc,200.0,0.9668947445814203,1.1970969413231335e-08,0.0010882699466573942,4695889237334.745,8.525653318387145e+19,1.5357919101745596e+22,9.369122387372106e+19,0.9809674550877174,0.02973328846616766
oc,200.0,0.9668947445814203,1.2366359172584106e-08,0.0011242144702349188,4882919604912.021,8.429770380004517e+19,1.5357919101745596e+22,9.632715142168109e+19,0.9807801640982343,0.03059456592547318
oc,200.0,0.9668947445814203,1.2774270128259657e-08,0.0011612972843872416,5081973713350.5205,8.332055088706301e+19,1.5357919101745596e+22,9.9091852089966e+19,0.9805883055234457,0.031475977899681026
oc,200.0,0.9668947445814203,1.3195097825883073e-08,0.001199554347807552,5294011552484.263,8.232517144081582e+19,1.5357919101745596e+22,1.0199313174273966e+20,0.980391956151626,0.03237778861622808
oc,200.0,0.9668947445814203,1.3629250243573032e-08,0.0012390227494157302,5520083534810.374,8.131169611583323e+19,1.5357919101745596e+22,1.050393604757878e+20,0.9801912070241041,0.03330025407160735
oc,200.0,0.9668947445814203,1.4077148178667454e-08,0.001279740743515223,5761340083400.915,8.028029084653842e+19,1.5357919101745596e+22,1.0823951751083703e+20,0.9799861638237612,0.034243621285702
oc,200.0,0.9668947445814203,1.4539225646207298e-08,0.0013217477860188453,6019042325946.698,7.923115843383348e+19,1.5357919101745596e+22,1.1160323969438833e+20,0.979776947204191,0.03520812754064966
oc,200.0,0.9668947445814203,1.501593028953513e-08,0.0013650845717759208,6294574030250.055,7.816454008420644e+19,1.5357919101745596e+22,1.1514087386263278e+20,0.9795636930518022,0.036193999606205896
oc,200.0,0.9668947445814203,1.55077238033528e-08,0.001409793073032073,6589454933642.541,7.708071688730778e+19,1.5357919101745596e+22,1.1886353334606712e+20,0.9793465526730737,0.03720145295374644
oc,200.0,0.9668947445814203,1.6015082369593702e-08,0.001455916579053973,6905355638186.754,7.598001121716386e+19,1.5357919101745596e+22,1.2278315889977672e+20,0.9791256928991781,0.03823069096127194
oc,200.0,0.9668947445814203,1.6538497106481364e-08,0.0015034997369528513,7244114265390.703,7.486278804137347e+19,1.5357919101745596e+22,1.2691258435653845e+20,0.9789012961003286,0.039281904112014765
oc,200.0,0.9668947445814203,1.7078474531153074e-08,0.0015525885937411887,7607755088826.317,7.372945612190085e+19,1.5357919101745596e+22,1.3126560730972948e+20,0.9786735601024679,0.04035526918946137
oc,200.0,0.9668947445814203,1.7635537036227667e-08,0.0016032306396570606,7998509390931.818,7.258046909046062e+19,1.5357919101745596e+22,1.3585706514246494e+20,0.978442697999332,0.04145094847180348
oc,200.0,0.9668947445814203,1.8210223380721703e-08,0.001655474852792882,8418838821617.815,7.141632638096931e+19,1.5357919101745596e+22,1.4070291672485475e+20,0.9782089378534953,0.04256908892907389
oc,200.0,0.9668947445814203,1.8803089195716493e-08,0.0017093717450651358,8871461571767.148,7.023757400120566e+19,1.5357919101745596e+22,1.4582033010674893e+20,0.9779725222807502,0.04370982142640347
oc,200.0,0.9668947445814203,1.9414707505186866e-08,0.0017649734095624425,9359381714558.943,6.904480512566723e+19,1.5357919101745596e+22,1.512277765335362e+20,0.9777337079130972,0.04487325993702654
oc,200.0,0.9668947445814203,2.0045669262421574e-08,0.001822333569311052,9885922112582.084,6.783866049171639e+19,1.5357919101745596e+22,1.5694513111193787e+20,0.9774927647367392,0.04605950076885973
oc,200.0,0.9668947445814203,2.069658390247253e-08,0.0018815076274975029,10454761339231.645,6.6619828581214355e+19,1.5357919101745596e+22,1.6299378044457583e+20,0.9772499753027605,0.04726862180863544
oc,200.0,0.9668947445814203,2.1368079911068928e-08,0.0019425527191880843,11069975119919.902,6.538904557045648e+19,1.5357919101745596e+22,1.6939673754233297e+20,0.977005633809661,0.04850068178769346
oc,200.0,0.9668947445814203,2.2060805410459572e-08,0.002005527764587234,11736082862668.443,6.414709503211344e+19,1.5357919101745596e+22,1.7617876430646346e+20,0.976760045058564,0.049755719573686304
oc,200.0,0.9668947445814203,2.2775428762647043e-08,0.002070493523877004,12458099919635.87,6.289480737363107e+19,1.5357919101745596e+22,1.8336650184818436e+20,0.9765135232837157,0.05103375349252746
oc,200.0,0.9668947445814203,2.351263919048374e-08,0.00213751265368034,13241596301996.303,6.163305899821359e+19,1.5357919101745596e+22,1.909886088836097e+20,0.9762663908628457,0.05233478068496928
oc,200.0,0.9668947445814203,2.4273147417125106e-08,0.0022066497651931916,14092762661309.287,6.036277117605554e+19,1.5357919101745596e+22,1.9907590840262948e+20,0.9760189769139836,0.05365877650225464
oc,200.0,0.9668947445814203,2.5057686324324814e-08,0.0022779714840295284,15018484452189.053,5.9084908615373365e+19,1.5357919101745596e+22,2.0766154276120196e+20,0.97577161578744,0.05500569394524414
oc,200.0,0.9668947445814203,2.586701163008731e-08,0.002351546511826119,16026425304983.3,5.780047772521914e+19,1.5357919101745596e+22,2.1678113728842623e+20,0.9755246454637757,0.05637546315141358
oc,200.0,0.9668947445814203,2.670190258619126e-08,0.002427445689653751,17125120764535.023,5.651052456457018e+19,1.5357919101745596e+22,2.2647297242882494e+20,0.9752784058706725,0.0577679909340101
oc,200.0,0.9668947445814203,2.7563162696108976e-08,0.0025057420632826344,18324083693443.074,5.521613247506322e+19,1.5357919101745596e+22,2.367781643576486e+20,0.9750332371336274,0.05918316037753072
oc,200.0,0.9668947445814203,2.84516204538629e-08,0.002586510950351173,19633922797121.07,5.391841939788042e+19,1.5357919101745596e+22,2.477408539113388e+20,0.9747894777772415,0.060620830493524784
oc,200.0,0.9668947445814203,2.9368130104358903e-08,0.002669830009487173,21066475904776.34,5.261853487867981e+19,1.5357919101745596e+22,2.5940840356221236e+20,0.9745474628955345,0.06208083594048483
oc,200.0,0.9668947445814203,3.031357242576549e-08,0.0027557793114332263,22634959837661.066,5.131765676801792e+19,1.5357919101745596e+22,2.7183160204386127e+20,0.974307522311093,0.06356298681135797
oc,200.0,0.9668947445814203,3.12888555344934e-08,0.0028444414122266726,24354138914429.86,5.001698762844841e+19,1.5357919101745596e+22,2.8506487608712613e+20,0.9740699787439305,0.06506706849185945
oc,200.0,0.9668947445814203,3.2294915713363566e-08,0.0029359014284875973,26240514386487.58,4.871775086322649e+19,1.5357919101745596e+22,2.9916650857138474e+20,0.9738351460116322,0.06659284159245167
oc,200.0,0.9668947445814203,3.3332718263538116e-08,0.0030302471148671017,28312537364513.78,4.742118658558881e+19,1.5357919101745596e+22,3.141988622155404e+20,0.9736033272826282,0.06814004195641599
oc,200.0,0.9668947445814203,3.44032583808237e-08,0.0031275689437112453,30590848094634.97,4.612854725119545e+19,1.5357919101745596e+22,3.302286077426799e+20,0.9733748134042786,0.06970838074604056
oc,200.0,0.9668947445814203,3.550756205694139e-08,0.0032279601869946717,33098544769890.863,4.484109308019851e+19,1.5357919101745596e+22,3.4732695523866444e+20,0.9731498813268223,0.07129754460842866
oc,200.0,0.9668947445814203,3.664668700637741e-08,0.0033315170005797645,35861485422953.89,4.356008729898052e+19,1.5357919101745596e+22,3.655698871976745e+20,0.9729287926431445,0.07290719592193193
oc,200.0,0.9668947445814203,3.7821723619446636e-08,0.003438338510858785,38908626841599.95,4.2286791234888245e+19,1.5357919101745596e+22,3.850383915036895e+20,0.9727117922627558,0.07453697312367723
oc,200.0,0.9668947445814203,3.9033795942180146e-08,0.003548526903834559,42272404881367.95,4.102245930031068e+19,1.5357919101745596e+22,4.0581869233663076e+20,0.9724991072364118,0.07618649111803957
oc,200.0,0.9668947445814203,4.0284062683698775e-08,0.0036621875166998885,45989161022856.07,3.976833390517356e+19,1.5357919101745596e+22,4.280024767216056e+20,0.9722909457454127,0.07785534176537884
oc,200.0,0.9668947445814203,4.157371825168804e-08,0.00377942893197164,50099620535867.08,3.852564033903068e+19,1.5357919101745596e+22,4.5168711415452664e+20,0.9720874962669498,0.07954309444967356
oc,200.0,0.9668947445814203,4.290399381665122e-08,0.00390036307424102,54649428171691.58,3.729558166560427e+19,1.5357919101745596e+22,4.769758664474485e+20,0.9718889269238961,0.08124929672314339
oc,200.0,0.9668947445814203,4.4276158405582135e-08,0.004025105309598376,59689747909729.54,3.607933367379856e+19,1.5357919101745596e+22,5.039780846435816e+20,0.9716953850243242,0.0829734750252771
oc,200.0,0.9668947445814203,4.5691520025717855e-08,0.0041537745477925325,65277933936136.92,3.487803992966934e+19,1.5357919101745596e+22,5.3280938955193444e+20,0.9715069967927995,0.08471513547309192
oc,200.0,0.9668947445814203,4.715142681904483e-08,0.0042864933471858935,71478280732716.31,3.3692806973695005e+19,1.5357919101745596e+22,5.635918321644179e+20,0.9713238672922867,0.08647376471886374
oc,200.0,0.9668947445814203,4.865726824822575e-08,0.004423388022565977,78362860902879.66,3.252469970691125e+19,1.5357919101745596e+22,5.964540299367994e+20,0.9711460805323534,0.08824883087098076
oc,200.0,0.9668947445814203,5.021047631461167e-08,0.0045645887558737885,86012460157971.33,3.137473700802385e+19,1.5357919101745596e+22,6.315312746466793e+20,0.9709736997564061,0.09003978447302068
oc,200.0,0.9668947445814203,5.1812526809014605e-08,0.0047102297099104184,94517619731348.06,3.0243887621504037e+19,1.5357919101745596e+22,6.689656073010817e+20,0.9708067678979558,0.09184605953565504
oc,200.0,0.9668947445814203,5.3464940595922046e-08,0.004860449145083823,103979797376768.97,2.9133066353928143e+19,1.5357919101745596e+22,7.089058553558265e+20,0.9706453081935099,0.09366707461552305
oc,200.0,0.9668947445814203,5.516928493180878e-08,0.005015389539255344,114512659036799.02,2.804313061254788e+19,1.5357919101745596e+22,7.51507627326213e+20,0.970489324937642,0.09550223393477027
oc,200.0,0.9668947445814203,5.692717481823145e-08,0.005175197710748314,126243514234514.97,2.69748773162232e+19,1.5357919101745596e+22,7.969332597442144e+20,0.9703388043641501,0.09735092853462249
oc,200.0,0.9668947445814203,5.8740274390359504e-08,0.005340024944578137,139314909238247.83,2.592904020455948e+19,1.5357919101745596e+22,8.453517113370186e+20,0.9701937156360003,0.09921253745602676
oc,200.0,0.9668947445814203,6.061029834160731e-08,0.0055100271219643004,153886393067611.88,2.4906287566346924e+19,1.5357919101745596e+22,8.969383992836726e+20,0.9700540119259728,0.10108642894016885
oc,200.0,0.9668947445814203,6.253901338502271e-08,0.005685364853183883,170136472438702.97,2.3907220403547615e+19,1.5357919101745596e+22,9.518749724628272e+20,0.9699196315695787,0.1029719616414944
oc,200.0,0.9668947445814203,6.452823975206651e-08,0.005866203613824228,188264772774026.84,2.293237104172983e+19,1.5357919101745596e+22,1.0103490167282982e+21,0.9697904992718656,0.10486848584573973
oc,200.0,0.9668947445814203,6.657985272942628e-08,0.006052713884493299,208494423412951.16,2.1982202192668004e+19,1.5357919101745596e+22,1.07255368746614e+21,0.9696665273501637,0.10677534468545288
oc,200.0,0.9668947445814203,6.869578423447609e-08,0.006245071294043281,231074686132081.4,2.1057106469459202e+19,1.5357919101745596e+22,1.1386872649859902e+21,0.9695476169955903,0.10869187534549121
oc,200.0,0.9668947445814203,7.087802442999102e-08,0.006443456766362821,256283847000121.16,2.0157406349303046e+19,1.5357919101745596e+22,1.2089526286981928e+21,0.9694336595371733,0.11061741025108197
oc,200.0,0.9668947445814203,7.312862337869174e-08,0.006648056670790159,284432392422095.1,1.928335457403483e+19,1.5357919101745596e+22,1.283556646521077e+21,0.9693245376937456,0.11255127823116966
oc,200.0,0.9668947445814203,7.544969273820284e-08,0.006859062976200259,315866490943611.5,1.843513497376551e+19,1.5357919101745596e+22,1.3627094765619532e+21,0.969220126800219,0.11449280565001121
oc,200.0,0.9668947445814203,7.784340749694441e-08,0.007076673408813128,350971802952726.3,1.7612863694473832e+19,1.5357919101745596e+22,1.446623778808178e+21,0.9691202959964382,0.11644131750021054
oc,200.0,0.9668947445814203,8.031200775148666e-08,0.007301091613771515,390177640797377.7,1.6816590806495703e+19,1.5357919101745596e+22,1.5355138353777313e+21,0.9690249093684692,0.11839613845073384
oc,200.0,0.9668947445814203,8.285780052584041e-08,0.007532527320530946,433961501978466.7,1.6046302267212517e+19,1.5357919101745596e+22,1.6295945787501657e+21,0.9689338270338687,0.12035659384378693
oc,200.0,0.9668947445814203,8.548316163314407e-08,0.007771196512104006,482853997947310.06,1.530192220827232e+19,1.5357919101745596e+22,1.729080528410365e+21,0.9688469061641368,0.12232201063485648
oc,200.0,0.9668947445814203,8.81905375801531e-08,0.008017321598195737,537444200561283.9,1.4583315515224586e+19,1.5357919101745596e+22,1.834184637404782e+21,0.9687640019391771,0.12429171827063756
oc,200.0,0.9668947445814203,9.098244751490158e-08,0.00827113159226378,598385427373952.1,1.3890290665505892e+19,1.5357919101745596e+22,1.945117051437472e+21,0.9686849684300998,0.12626504950003928
oc,200.0,0.9668947445814203,9.38614852178688e-08,0.008532862292533527,666401485607922.8,1.3222602789413274e+19,1.5357919101745596e+22,2.0620837843852308e+21,0.9686096594081206,0.12824134111394958
oc,200.0,0.9668947445814203,9.683032113691836e-08,0.008802756466992578,742293392761837.1,1.257995691796094e+19,1.5357919101745596e+22,2.1852853153152054e+21,0.968537929078594,0.13021993460992962
oc,200.0,0.9668947445814203,9.989170446622597e-08,0.00908106404238418,826946589321328.2,1.1962011381291254e+19,1.5357919101745596e+22,2.314915113446196e+21,0.9684696327403499,0.1322001767785182
oc,200.0,0.9668947445814203,1.030484652693735e-07,0.009368042297215773,921338655812799.0,1.1368381321616746e+19,1.5357919101745596e+22,2.451158098732146e+21,0.9684046273715111,0.1341814202083549
oc,200.0,0.9668947445814203,1.0630351664667048e-07,0.009663956058788226,1026547542449118.4,1.0798642285495534e+19,1.5357919101745596e+22,2.594189047121142e+21,0.9683427721437974,0.13616302370780564
oc,200.0,0.9668947445814203,1.0965985694675306e-07,0.009969077904250279,1143760314685505.8,1.0252333861454807e+19,1.5357919101745596e+22,2.744170950764326e+21,0.9682839288680399,0.1381443526413215
oc,200.0,0.9668947445814203,1.131205720223829e-07,0.010283688365671173,1274282412102321.0,9.728963330605048e+18,1.5357919101745596e+22,2.9012533447321327e+21,0.9682279623741704,0.1401247791792236
oc,200.0,0.9668947445814203,1.1668883753031101e-07,0.010608076139119182,1419547410993143.8,9.228009299825854e+18,1.5357919101745596e+22,3.0655706129422525e+21,0.9681747408293853,0.14210368246011004
oc,200.0,0.9668947445814203,1.2036792127497026e-07,0.010942538297724569,1581127272774226.8,8.748925289341367e+18,1.5357919101745596e+22,3.237240287086904e+21,0.9681241359984953,0.14408044866554254
oc,200.0,0.9668947445814203,1.241611855956522e-07,0.011287380508695655,1760743050746143.5,8.291143248935586e+18,1.5357919101745596e+22,3.416361353361827e+21,0.9680760234506594,0.14605447100712332
oc,200.0,0.9668947445814203,1.2807208979674554e-07,0.011642917254249596,1960276016653084.0,7.85407697964636e+18,1.5357919101745596e+22,3.603012582595012e+21,0.9680302827168086,0.14802514962652544
oc,200.0,0.9668947445814203,1.3210419262045697e-07,0.01200947205640518,2181779155882895.0,7.437125440471694e+18,1.5357919101745596e+22,3.7972509001448434e+21,0.9679867974020836,0.14999189140944408
oc,200.0,0.9668947445814203,1.3626115476134353e-07,0.012387377705576685,2427488965812102.5,7.039675922375013e+18,1.5357919101745596e+22,3.9991098124367734e+21,0.9679454552575565,0.1519541097148648
oc,200.0,0.9668947445814203,1.4054674142183642e-07,0.012776976492894221,2699837475719249.5,6.661107074616799e+18,1.5357919101745596e+22,4.20859790741144e+21,0.967906148215394,0.15391122402143764
oc,200.0,0.9668947445814203,1.4496482490780489e-07,0.01317862044616408,3001464388730704.5,6.300791771131574e+18,1.5357919101745596e+22,4.425697446344751e+21,0.9678687723914676,0.15586265949314546
oc,200.0,0.9668947445814203,1.4951938726302417e-07,0.013592671569365833,3335229226337234.0,5.958099807297441e+18,1.5357919101745596e+22,4.650363064458667e+21,0.9678332280592169,0.15780784646683124
oc,200.0,0.9668947445814203,1.542145229413025e-07,0.014019502085572955,3704223334178192.0,5.632400419952751e+18,1.5357919101745596e+22,4.882520597600811e+21,0.9677994195983561,0.15974621986456533
oc,200.0,0.9668947445814203,1.5905444151477943e-07,0.014459494683161767,4111781583862293.0,5.323064625863176e+18,1.5357919101745596e+22,5.122066051768538e+21,0.9677672554217728,0.16167721853420286
oc,200.0,0.9668947445814203,1.6404347041678602e-07,0.014913042765162365,4561493579812235.0,5.029467376043519e+18,1.5357919101745596e+22,5.368864731713855e+21,0.9677366478837239,0.16360028452192177
oc,200.0,0.9668947445814203,1.6918605771739475e-07,0.015380550701581341,5057214152347431.0,4.75098952537118e+18,1.5357919101745596e+22,5.622750543977046e+21,0.9677075131721776,0.16551486228093537
oc,200.0,0.9668947445814203,1.744867749296319e-07,0.01586243408451199,5603072888823263.0,4.487019618718809e+18,1.5357919101745596e+22,5.883525488708424e+21,0.9676797711879026,0.1674203978210546
oc,200.0,0.9668947445814203,1.7995031984405312e-07,0.016359119985823012,6203482423637415.0,4.2369554964989404e+18,1.5357919101745596e+22,6.150959353391902e+21,0.9676533454126607,0.1693163378042454
oc,200.0,0.9668947445814203,1.855815193891665e-07,0.016871047217196955,6863145175815401.0,4.0002057239058033e+18,1.5357919101745596e+22,6.424789620201321e+21,0.9676281627686272,0.17120212859186587
oc,200.0,0.9668947445814203,1.9138533251492623e-07,0.01739866659226602,7587058189929321.0,3.776190849389545e+18,1.5357919101745596e+22,6.704721597116829e+21,0.9676041534709394,0.17307721524984013
oc,200.0,0.9668947445814203,1.9736685309624657e-07,0.01794244119056787,8380515703022281.0,3.564344498914157e+18,1.5357919101745596e+22,6.990428781211358e+21,0.9675812508750719,0.17494104051865325
oc,200.0,0.9668947445814203,2.0353131285319847e-07,0.018502846623018043,9249109027538906.0,3.3641143134119383e+18,1.5357919101745596e+22,7.281553460620576e+21,0.9675593913205485,0.17679304375573524
oc,200.0,0.9668947445814203,2.0988408428425337e-07,0.019080371298568488,1.019872330898451e+16,3.1749627374983813e+18,1.5357919101745596e+22,7.577707559675846e+21,0.96753851397233,0.17863265985855284
oc,200.0,0.9668947445814203,2.1643068360860024e-07,0.01967551669169093,1.1235530688112356e+16,2.996367668038604e+18,1.5357919101745596e+22,7.87847372957862e+21,0.9675185606610728,0.18045931817753433
oc,200.0,0.9668947445814203,2.2317677371326033e-07,0.020288797610296394,1.2365979372135366e+16,2.8278229714859597e+18,1.5357919101745596e+22,8.183406684710751e+21,0.9674994757233131,0.18227244142884197
oc,200.0,0.9668947445814203,2.301281671003057e-07,0.020920742463664155,1.359677809920346e+16,2.668838879144166e+18,1.5357919101745596e+22,8.492034782383664e+21,0.9674812058425387,0.18407144461793404
oc,200.0,0.9668947445814203,2.372908288291805e-07,0.0215718935299255,1.49348754668449e+16,2.5189422695872794e+18,1.5357919101745596e+22,8.803861841425745e+21,0.9674636998920038,0.18585573398588437
oc,200.0,0.9668947445814203,2.446708794486748e-07,0.022242807222606797,1.6387433590081032e+16,2.377676847450724e+18,1.5357919101745596e+22,9.118369192555779e+21,0.967446908780086,0.18762470599147305
oc,200.0,0.9668947445814203,2.522745979127007e-07,0.022934054355700062,1.7961702048129522e+16,2.2446021578136243e+18,1.5357919101745596e+22,9.434964333424069e+21,0.9674306720715701,0.1893777463431739
oc,200.0,0.9668947445814203,2.601084244735974e-07,0.023646220406690677,1.9665047049881676e+16,2.1192944223246397e+18,1.5357919101745596e+22,9.753032775169206e+21,0.9674148335756181,0.19111422912682594
oc,200.0,0.9668947445814203,2.6817896354620375e-07,0.024379905776927613,2.150501212247579e+16,2.0013477586301686e+18,1.5357919101745596e+22,1.0071998434260634e+22,0.967399356587445,0.19283351603016294
oc,200.0,0.9668947445814203,2.7649298653549316e-07,0.025135726048681195,2.348917910059301e+16,1.8903729421186383e+18,1.5357919101745596e+22,1.039127241749344e+22,0.9673842030270076,0.19453495564349735
oc,200.0,0.9668947445814203,2.850574346200175e-07,0.025914312238183412,2.562510620344857e+16,1.785997196528663e+18,1.5357919101745596e+22,1.071025585105392e+22,0.9673693331707334,0.1962178828829827
oc,200.0,0.9668947445814203,2.9387942148292916e-07,0.026716311043902652,2.7920257965221708e+16,1.687863931220157e+18,1.5357919101745596e+22,1.1028342821917492e+22,0.9673547053626745,0.19788161855696224
oc,200.0,0.9668947445814203,3.029662359817677e-07,0.02754238508925161,3.0381926896168676e+16,1.59563243219525e+18,1.5357919101745596e+22,1.1344923406560714e+22,0.9673402757051794,0.19952546909692645
oc,200.0,0.9668947445814203,3.12325344747639e-07,0.028393213158876274,3.3017146900241456e+16,1.508977513506587e+18,1.5357919101745596e+22,1.165938676017525e+22,0.9673259977295481,0.2011487264754719
oc,200.0,0.9668947445814203,3.2196439470382796e-07,0.029269490427620726,3.5832598651700784e+16,1.4275891352309706e+18,1.5357919101745596e+22,1.1971124238016108e+22,0.9673118220476002,0.20275066833431532
oc,200.0,0.9668947445814203,3.318912154932562e-07,0.030171928681205107,3.883450733857937e+16,1.3511719937245504e+18,1.5357919101745596e+22,1.2279532519298452e+22,0.9672976959856375,0.20433055834580774
oc,200.0,0.9668947445814203,3.4211382180356256e-07,0.0311012565275966,4.2028533414297944e+16,1.279445089419799e+18,1.5357919101745596e+22,1.258401670323004e+22,0.9672835632029494,0.20588764683145766
oc,200.0,0.9668947445814203,3.5264041557793443e-07,0.03205821959799404,4.541965725806183e+16,1.2121412769708188e+18,1.5357919101745596e+22,1.2883993346191858e+22,0.9672693632977785,0.20742117166063484
oc,200.0,0.9668947445814203,3.6347938809909277e-07,0.033043580736281164,4.9012058927760664e+16,1.1490068021158643e+18,1.5357919101745596e+22,1.3178893409265163e+22,0.9672550314045509,0.20893035945181349
oc,200.0,0.9668947445814203,3.74639321933195e-07,0.034058120175745,5.280899448894597e+16,1.0898008292057595e+18,1.5357919101745596e+22,1.3468165085652234e+22,0.9672404977871681,0.2104144270973734
oc,200.0,0.9668947445814203,3.8612899271962657e-07,0.035102635701784235,5.681267071564328e+16,1.0342949629381352e+18,1.5357919101745596e+22,1.3751276478794431e+22,0.9672256874342638,0.21187258363100825
oc,200.0,0.9668947445814203,3.9795737079193217e-07,0.03617794279926656,6.102412027199722e+16,9.822727674555944e+17,1.5357919101745596e+22,1.4027718103577133e+22,0.9672105196635258,0.21330403245416105
oc,200.0,0.9668947445814203,4.1013362261439735e-07,0.03728487478312703,6.5443079788704424e+16,9.335292856037434e+17,1.5357919101745596e+22,1.4297005185385934e+22,0.9671949077434608,0.21470797393454905
oc,200.0,0.9668947445814203,4.2266711201795267e-07,0.03842428291072297,7.0067873531400184e+16,8.878705608042383e+17,1.5357919101745596e+22,1.4558679734748501e+22,0.9671787585423104,0.21608360838570342
oc,200.0,0.9668947445814203,4.3556740121832605e-07,0.03959703647439328,7.489530560480394e+16,8.45113163683541e+17,1.5357919101745596e+22,1.4812312378867423e+22,0.9671619722151764,0.21743013943153303
oc,200.0,0.9668947445814203,4.4884425159851984e-07,0.040804022872592716,7.992056383093677e+16,8.050837253069027e+17,1.5357919101745596e+22,1.5057503935555032e+22,0.9671444419417421,0.21874677775419885
oc,200.0,0.9668947445814203,4.625076242368779e-07,0.04204614765789799,8.513713856523136e+16,7.676184785998392e+17,1.5357919101745596e+22,1.5293886719799163e+22,0.9671260537282246,0.22003274521710023
oc,200.0,0.9668947445814203,4.765676801611914e-07,0.04332433456010831,9.053675975442238e+16,7.325628092961196e+17,1.5357919101745596e+22,1.5521125578383819e+22,0.9671066862883073,0.2212872793475699
oc,200.0,0.9668947445814203,4.910347803083952e-07,0.04463952548258138,9.610935547847331e+16,6.997708175316577e+17,1.5357919101745596e+22,1.5738918653420838e+22,0.967086211018702,0.22250963815603728
oc,200.0,0.9668947445814203,5.059194851686406e-07,0.045992680469876424,1.0184303504286891e+17,6.691048910075196e+17,1.5357919101745596e+22,1.5946997881388176e+22,0.9670644920856025,0.22369910526009051
oc,200.0,0.9668947445814203,5.212325540916164e-07,0.0473847776446924,1.0772409938646955e+17,6.404352904688644e+17,1.5357919101745596e+22,1.6145129239936777e+22,0.9670413866385302,0.22485499527318156
oc,200.0,0.9668947445814203,5.369849442321835e-07,0.04881681311201669,1.1373708113668427e+17,6.136397480925422e+17,1.5357919101745596e+22,1.633311276003904e+22,0.9670167451678523,0.2259766594089013
oc,200.0,0.9668947445814203,5.531878091115703e-07,0.05028980082832457,1.198648160807088e+17,5.886030792412588e+17,1.5357919101745596e+22,1.6510782326246182e+22,0.9669904120214818,0.2270634912430161
oc,200.0,0.9668947445814203,5.698524967695082e-07,0.05180477243359166,1.260885471315861e+17,5.6521680792464083e+17,1.5357919101745596e+22,1.667800529205781e+22,0.9669622260948887,0.22811493256707405
oc,200.0,0.9668947445814203,5.869905474819483e-07,0.05336277704381348,1.323880610663953e+17,5.433788062054814e+17,1.5357919101745596e+22,1.683468194081896e+22,0.9669320217064679,0.2291304792596436
oc,200.0,0.9668947445814203,6.0461369101819e-07,0.05496488100165364,1.3874185742167306e+17,5.22992947704533e+17,1.5357919101745596e+22,1.6980744824982619e+22,0.9668996296675121,0.2301096870944349
oc,200.0,0.9668947445814203,6.227338434105047e-07,0.056612167582773154,1.4512734797566554e+17,5.039687752824201e+17,1.5357919101745596e+22,1.7116158017569454e+22,0.9668648785524706,0.23105217739897332
oc,200.0,0.9668947445814203,6.413631032086649e-07,0.058305736655333174,1.5152108426324672e+17,4.862211829147066e+17,1.5357919101745596e+22,1.7240916309270728e+22,0.9668275961708797,0.23195764247344414
oc,200.0,0.9668947445814203,6.605137471910994e-07,0.06004670429009995,1.5789900959732698e+17,4.696701117228021e+17,1.5357919101745596e+22,1.735504438276059e+22,0.9667876112373535,0.23282585067705863
oc,200.0,0.9668947445814203,6.80198225503809e-07,0.0618362023185281,1.6423673115482048e+17,4.542402600760563e+17,1.5357919101745596e+22,1.7458595992489886e+22,0.9667447552304219,0.23365665108904157
oc,200.0,0.9668947445814203,7.004291561976294e-07,0.06367537783614813,1.7050980686562496e+17,4.398608076397301e+17,1.5357919101745596e+22,1.7551653173192429e+22,0.9666988644249193,0.23444997765327358
oc,200.0,0.9668947445814203,7.212193191339467e-07,0.06556539264854061,1.7669404117109677e+17,4.26465153206512e+17,1.5357919101745596e+22,1.7634325494639146e+22,0.9666497820762352,0.23520585271984654
oc,200.0,0.9668947445814203,7.425816492286187e-07,0.06750742265714715,1.82765783220547e+17,4.1399066611166694e+17,1.5357919101745596e+22,1.7706749372646428e+22,0.9665973607282454,0.23592438990333825
oc,200.0,0.9668947445814203,7.645292290034978e-07,0.06950265718213616,1.88702220794052e+17,4.023784509993871e+17,1.5357919101745596e+22,1.7769087438938068e+22,0.9665414646103733,0.23660579618642355
oc,200.0,0.9668947445814203,7.870752804148289e-07,0.07155229821952991,1.9448166318900534e+17,3.9157312567118426e+17,1.5357919101745596e+22,1.7821527964159096e+22,0.966481972083261,0.2372503732083806
oc,200.0,0.9668947445814203,8.10233155927669e-07,0.0736575596297881,2.0008380650235402e+17,3.815226117108155e+17,1.5357919101745596e+22,1.7864284320404393e+22,0.9664187780872101,0.2378585176908922
oc,200.0,0.9668947445814203,8.34016328805534e-07,0.07581966625504855,2.0548997517601366e+17,3.721779375423123e+17,1.5357919101745596e+22,1.7897594462218471e+22,0.9663517965431541,0.23843072096797538
oc,200.0,0.9668947445814203,8.584383825846971e-07,0.0780398529622452,2.1068333433534963e+17,3.634930535374583e+17,1.5357919101745596e+22,1.7921720398632544e+22,0.966280962652681,0.2389675676025332
oc,200.0,0.9668947445814203,8.835129997028664e-07,0.08031936360935149,2.1564906831009888e+17,3.554246587472396e+17,1.5357919101745596e+22,1.7936947623634892e+22,0.9662062350417541,0.23946973308847072
oc,200.0,0.9668947445814203,9.092539492525114e-07,0.08265944993204649,2.2037452175138144e+17,3.4793203878897146e+17,1.5357919101745596e+22,1.794358446932983e+22,0.9661275976924197,0.23993798065409558
oc,200.0,0.9668947445814203,9.356750738297962e-07,0.0850613703481633,2.2484930089366656e+17,3.409769143783109e+17,1.5357919101745596e+22,1.7941961344514846e+22,0.966045061608063,0.24037315719914912
oc,200.0,0.9668947445814203,9.627902754509441e-07,0.08752638867735857,2.2906533371362573e+17,3.345232999516996e+17,1.5357919101745596e+22,1.7932429822206992e+22,0.9659586661606724,0.24077618841380696
oc,200.0,0.9668947445814203,9.906135005090058e-07,0.09005577277354598,2.330168889464947e+17,3.285373717857265e+17,1.5357919101745596e+22,1.791536154228691e+22,0.9658684800730664,0.24114807314290623
oc,200.0,0.9668947445814203,1.0191587237452651e-06,0.09265079306775137,2.36700555091768e+17,3.22987344980746e+17,1.5357919101745596e+22,1.7891146900217358e+22,0.9657746019949806,0.24148987707208933
oc,200.0,0.9668947445814203,1.0484399312111567e-06,0.09531272101919608,2.4011518161723818e+17,3.1784335864376614e+17,1.5357919101745596e+22,1.7860193499090684e+22,0.9656771606390754,0.2418027258241687
oc,200.0,0.9668947445814203,1.0784711021983284e-06,0.09804282747257531,2.4326178551850726e+17,3.130773685743628e+17,1.5357919101745596e+22,1.7822924349799896e+22,0.9655763144510405,0.24208779756355028
oc,200.0,0.9668947445814203,1.1092661901166052e-06,0.10084238091969139,2.4614342717599587e+17,3.0866304673350445e+17,1.5357919101745596e+22,1.7779775812604615e+22,0.9654722507966118,0.2423463152138361
oc,200.0,0.9668947445814203,1.140839102302004e-06,0.10371264566381855,2.4876506005264675e+17,3.045756867525193e+17,1.5357919101745596e+22,1.7731195281944896e+22,0.9653651846570566,0.24257953839868412
oc,200.0,0.9668947445814203,1.1732036787395748e-06,0.10665487988541589,2.511333591821782e+17,3.007921147185319e+17,1.5357919101745596e+22,1.767763862453267e+22,0.9652553568329334,0.2427887552186619
oc,200.0,0.9668947445814203,1.2063736696888767e-06,0.1096703336080797,2.5325653360990294e+17,2.972906044483544e+17,1.5357919101745596e+22,1.761956738774273e+22,0.96514303166298,0.24297527397731783
oc,200.0,0.9668947445814203,1.2403627122032033e-06,0.11276024656392758,2.5514412798081658e+17,2.940507964275692e+17,1.5357919101745596e+22,1.7557445800588978e+22,0.9650284942699227,0.24314041496823402
oc,200.0,0.9668947445814203,1.275184305537256e-06,0.11592584595793237,2.568068183309386e+17,2.910536195328443e+17,1.5357919101745596e+22,1.7491737591371425e+22,0.9649120473465077,0.2432855024317548
oc,200.0,0.9668947445814203,1.3108517854420548e-06,0.1191683441310959,2.582562068694842e+17,2.882812145519423e+17,1.5357919101745596e+22,1.7422902644113744e+22,0.9647940074911178,0.24341185678583907
oc,200.0,0.9668947445814203,1.3473782973500965e-06,0.12248893612273604,2.595046201539205e+17,2.857168583291004e+17,1.5357919101745596e+22,1.7351393506606725e+22,0.9646747010895902,0.24352078723063794
oc,200.0,0.9668947445814203,1.384776768458562e-06,0.12588879713259654,2.6056491461082854e+17,2.8334488702478352e+17,1.5357919101745596e+22,1.7277651743671486e+22,0.9645544597120925,0.24361358482168968
oc,200.0,0.9668947445814203,1.4230598787233641e-06,0.1293690798839422,2.614502928605621e+17,2.8115061635124666e+17,1.5357919101745596e+22,1.7202104090904192e+22,0.964433614939015,0.24369151610305656
oc,200.0,0.9668947445814203,1.462240030782253e-06,0.13293091188929573,2.6217413381970797e+17,2.7912025544102406e+17,1.5357919101745596e+22,1.7125158291043957e+22,0.9643124924220119,0.24375581739074442
oc,200.0,0.9668947445814203,1.5023293188310152e-06,0.13657539262100138,2.6274983911374646e+17,2.7724080857634445e+17,1.5357919101745596e+22,1.70471983478125e+22,0.9641914047662142,0.24380768980061712
oc,200.0,0.9668947445814203,1.5433394964828389e-06,0.140303590589349,2.6319069798774502e+17,2.7549995370651517e+17,1.5357919101745596e+22,1.6968578611458924e+22,0.9640706423363105,0.24384829512770104
oc,200.0,0.9668947445814203,1.585281943647488e-06,0.14411654033158983,2.6350977271622192e+17,2.7388587381133126e+17,1.5357919101745596e+22,1.688961532970991e+22,0.9639504599080363,0.2438787527130335
oc,200.0,0.9668947445814203,1.6281676324736676e-06,0.14801523931578797,2.637198065424171e+17,2.7238698078076205e+17,1.5357919101745596e+22,1.6810572076548834e+22,0.9638310537249632,0.24390013749752132
oc,200.0,0.9668947445814203,1.6720070924050911e-06,0.1520006447640992,2.6383315627825917e+17,2.7099134200647235e+17,1.5357919101745596e+22,1.6731627507730092e+22,0.9637125114902637,0.2439134796063495
oc,200.0,0.9668947445814203,1.7168103744082338e-06,0.15607367040074854,2.638617489726548e+17,2.6968493034032534e+17,1.5357919101745596e+22,1.665277118701372e+22,0.9635946534754298,0.24391976619133932
oc,200.0,0.9668947445814203,1.762587014437358e-06,0.16023518313066892,2.63816922946775e+17,2.6843272881469555e+17,1.5357919101745596e+22,1.6572633099458782e+22,0.9634752715793642,0.24391994769781616
oc,200.0,0.9668947445814203,1.8093459962104148e-06,0.16448599965549227,2.637114261773445e+17,2.6733400591736352e+17,1.5357919101745596e+22,1.6498199556653484e+22,0.9633646959826179,0.24391497030110226
oc,200.0,0.9668947445814203,1.857095713377516e-06,0.16882688303431964,2.6355509843405392e+17,2.6634875288955402e+17,1.5357919101745596e+22,1.6427651776367198e+22,0.9632601539645352,0.243905661494494
oc,200.0,0.9668947445814203,1.9058439311719748e-06,0.17325853919745227,2.6335694156011907e+17,2.6545972246324947e+17,1.5357919101745596e+22,1.6360508758793623e+22,0.9631608683883404,0.24389276089310738
oc,200.0,0.9668947445814203,1.9555977476423834e-06,0.17778161342203486,2.631250453870762e+17,2.6465462280866643e+17,1.5357919101745596e+22,1.6296527399760582e+22,0.9630664237643295,0.24387693020321083
oc,200.0,0.9668947445814203,2.0063635545726346e-06,0.1823966867793304,2.6286663488998906e+17,2.6392362996136813e+17,1.5357919101745596e+22,1.623555502937866e+22,0.9629765471117698,0.24385875981479474
oc,200.0,0.9668947445814203,2.0581469982053558e-06,0.18710427256412326,2.62588123261439e+17,2.632585335113823e+17,1.5357919101745596e+22,1.6177482388189045e+22,0.9628910376132008,0.24383877421276964
oc,200.0,0.9668947445814203,2.110952939892684e-06,0.19190481271751675,2.6229516540472048e+17,2.6265231854728086e+17,1.5357919101745596e+22,1.6122222978713988e+22,0.9628097352704489,0.24381743684367663
oc,200.0,0.9668947445814203,2.164785416806599e-06,0.19679867425514536,2.619927113361669e+17,2.6209891671836806e+17,1.5357919101745596e+22,1.6069702402057836e+22,0.9627325043285244,0.24379515468073773
oc,200.0,0.9668947445814203,2.2196476028493208e-06,0.20178614571357462,2.616850592376127e+17,2.6159303806104093e+17,1.5357919101745596e+22,1.601985230974868e+22,0.9626592235463757,0.24377228258782768
oc,200.0,0.9668947445814203,2.2755417699120383e-06,0.20686743362836713,2.6137590780826294e+17,2.6113004725609168e+17,1.5357919101745596e+22,1.5972606784088444e+22,0.9625897800957621,0.2437491275217278
oc,200.0,0.9668947445814203,2.3324692496379275e-06,0.2120426590579934,2.6106840751326707e+17,2.607058670826303e+17,1.5357919101745596e+22,1.592790011922597e+22,0.9625240655783001,0.24372595258331872
oc,200.0,0.9668947445814203,2.390430395852468e-06,0.2173118541684062,2.60765210330061e+17,2.6031690001139632e+17,1.5357919101745596e+22,1.5885665467197192e+22,0.9624619733746461,0.2437029809147134
oc,200.0,0.9668947445814203,2.449424547830708e-06,0.22267495889370076,2.6046851763279597e+17,2.5995996278660064e+17,1.5357919101745596e+22,1.5845834046505264e+22,0.9624033968822129,0.2436803994333471
oc,200.0,0.9668947445814203,2.509449994577191e-06,0.22813181768883556,2.6018012591287382e+17,2.5963223086940416e+17,1.5357919101745596e+22,1.5808334731178536e+22,0.962348228373858,0.24365836239220376
oc,200.0,0.9668947445814203,2.5705039402994796e-06,0.2336821763908618,2.5990147009844605e+17,2.5933119073126147e+17,1.5357919101745596e+22,1.5773093904602565e+22,0.9622963583065923,0.2436369947558252
oc,200.0,0.9668947445814203,2.632582471260859e-06,0.23932567920553266,2.5963366430092493e+17,2.5905459862920355e+17,1.5357919101745596e+22,1.5740035501034758e+22,0.9622476749652541,0.24361639538347574
oc,200.0,0.9668947445814203,2.6956805242013664e-06,0.24506186583648787,2.593775398779706e+17,2.588004448807974e+17,1.5357919101745596e+22,1.5709081181233135e+22,0.9622020643598949,0.2435966400131983
oc,200.0,0.9668947445814203,2.7597918565189673e-06,0.2508901687744516,2.5913368075784493e+17,2.5856692289460525e+17,1.5357919101745596e+22,1.5680150603543068e+22,0.9621594103168916,0.24357778404310626
oc,200.0,0.9668947445814203,2.8249090184044093e-06,0.2568099107640372,2.5890245601831613e+17,2.5835240236304083e+17,1.5357919101745596e+22,1.5653161761591796e+22,0.9621195947176895,0.24355986510886254
oc,200.0,0.9668947445814203,2.891023327123599e-06,0.26282030246578175,2.586840497540806e+17,2.5815540612336214e+17,1.5357919101745596e+22,1.5628031366422117e+22,0.9620824978485158,0.24354290545874768
oc,200.0,0.9668947445814203,2.9581248436407344e-06,0.26892044033097584,2.5847848830013827e+17,2.579745902597243e+17,1.5357919101745596e+22,1.5604675255616928e+22,0.9620479988310762,0.24352691412991678
oc,200.0,0.9668947445814203,3.026202351773268e-06,0.27510930470666073,2.5828566490498656e+17,2.5780872706725414e+17,1.5357919101745596e+22,1.5583008815420415e+22,0.9620159761091968,0.24351188893133788
oc,200.0,0.9668947445814203,3.095243340066364e-06,0.2813857581878513,2.5810536196766765e+17,2.5765669053573018e+17,1.5357919101745596e+22,1.5562947404492492e+22,0.9619863079702197,0.243497818240473
oc,200.0,0.9668947445814203,3.165233986569728e-06,0.2877485442336116,2.5793727096717818e+17,2.5751744404043635e+17,1.5357919101745596e+22,1.554440677001066e+22,0.9619588730831101,0.24348468262200548
oc,200.0,0.9668947445814203,3.2361591466932353e-06,0.2941962860630214,2.5778101022240275e+17,2.5739002995400822e+17,1.5357919101745596e+22,1.552730344854204e+22,0.9619335510379089,0.24347245627785183
oc,200.0,0.9668947445814203,3.3080023443101186e-06,0.30072748584637443,2.5763614062618397e+17,2.5727356091735216e+17,1.5357919101745596e+22,1.5511555145546238e+22,0.961910222873535,0.2434611083383449
oc,200.0,0.9668947445814203,3.3807457662670037e-06,0.30734052420609126,2.5750217949926342e+17,2.571672125309037e+17,1.5357919101745596e+22,1.5497081088631156e+22,0.9618887715830995,0.24345060400487453
oc,200.0,0.9668947445814203,3.4543702604492223e-06,0.3140336600408384,2.5737861270914627e+17,2.570702172500552e+17,1.5357919101745596e+22,1.5483802350794278e+22,0.9618690825878614,0.2434409055544526
oc,200.0,0.9668947445814203,3.528855337537518e-06,0.3208050306852289,2.5726490519614003e+17,2.5698185929069018e+17,1.5357919101745596e+22,1.5471642140882296e+22,0.9618510441728024,0.24343197321666732
oc,200.0,0.9668947445814203,3.604179176578205e-06,0.32765265241620045,2.5716051004440352e+17,2.5690147037226298e+17,1.5357919101745596e+22,1.5460526059409564e+22,0.9618345478784934,0.2434237659333446
oc,200.0,0.9668947445814203,3.680318634473621e-06,0.33457442131578374,2.570648762302407e+17,2.5682842614674586e+17,1.5357919101745596e+22,1.5450382318691083e+22,0.9618194888455049,0.24341624201096648
oc,200.0,0.9668947445814203,3.7572492594828904e-06,0.3415681144984446,2.5697745517348474e+17,2.56762143181638e+17,1.5357919101745596e+22,1.5441141926980638e+22,0.9618057661090473,0.24340935967554336
oc,200.0,0.9668947445814203,3.834945308804896e-06,0.34863139170953605,2.5689770621093453e+17,2.567020763840913e+17,1.5357919101745596e+22,1.5432738836962003e+22,0.9617932828428262,0.24340307753921622
oc,200.0,0.9668947445814203,3.913379770296197e-06,0.3557617972996543,2.568251011036544e+17,2.5664771677070173e+17,1.5357919101745596e+22,1.542511005951349e+22,0.9617819465522532,0.2433973549874017
oc,200.0,0.9668947445814203,3.992524388356007e-06,0.3629567625778189,2.5675912768273546e+17,2.565985895036177e+17,1.5357919101745596e+22,1.541819574416304e+22,0.9617716692181534,0.2433921524947996
oc,200.0,0.9668947445814203,4.072349693989162e-06,0.37021360854446933,2.5669929273094877e+17,2.565542521281553e+17,1.5357919101745596e+22,1.5411939228066213e+22,0.961762367392965,0.24338743187807657
oc,200.0,0.9668947445814203,4.152825039035608e-06,0.37752954900323704,2.566451241906949e+17,2.565142929600906e+17,1.5357919101745596e+22,1.5406287055675606e+22,0.9617539622521353,0.24338315649252562
oc,200.0,0.9668947445814203,4.233918634532076e-06,0.3849016940483706,2.5659617278186038e+17,2.5647832958215763e+17,1.5357919101745596e+22,1.54011889715333e+22,0.9617463796039679,0.24337929137949268
oc,200.0,0.9668947445814203,4.315597593148279e-06,0.39232705392257083,2.5655201310661613e+17,2.564460074190986e+17,1.5357919101745596e+22,1.5396597888804146e+22,0.9617395498616054,0.24337580337085912
oc,200.0,0.9668947445814203,4.397827975616047e-06,0.39980254323782244,2.565122443119042e+17,2.5641699836892803e+17,1.5357919101745596e+22,1.5392469836288127e+22,0.9617334079811127,0.24337266115637898
oc,200.0,0.9668947445814203,4.480574841046197e-06,0.40732498554965424,2.564764903743429e+17,2.563909994749795e+17,1.5357919101745596e+22,1.5388763886705084e+22,0.9617278933698032,0.24336983531919518
oc,200.0,0.9668947445814203,4.563802301004022e-06,0.4148911182730929,2.56444400066526e+17,2.5636773162893126e+17,1.5357919101745596e+22,1.538544206904269e+22,0.9617229497690065,0.24336729834439913
oc,200.0,0.9668947445814203,4.6474735771908545e-06,0.4224975979264413,2.564156466582344e+17,2.5634693829946826e+17,1.5357919101745596e+22,1.5382469267705817e+22,0.96171852511545,0.24336502460505863
oc,200.0,0.9668947445814203,4.731551062556339e-06,0.43014100568693997,2.5638992740088893e+17,2.563283842846568e+17,1.5357919101745596e+22,1.537981311111168e+22,0.9617145713853088,0.24336299032971612
oc,200.0,0.9668947445814203,4.8159963856436705e-06,0.4378178532403337,2.5636696283863686e+17,2.5631185448865174e+17,1.5357919101745596e+22,1.5377443852236855e+22,0.9617110444248055,0.2433611735549576
oc,200.0,0.9668947445814203,4.900770477948971e-06,0.4455245889044519,2.5634649598482445e+17,2.5629715272510378e+17,1.5357919101745596e+22,1.5375334243464364e+22,0.9617079037709989,0.24335955406627086
oc,200.0,0.9668947445814203,4.985833644055812e-06,0.45325760400507387,2.5632829139822032e+17,2.5628410055078342e+17,1.5357919101745596e+22,1.537345940789677e+22,0.9617051124661405,0.2433581133300505
oc,200.0,0.9668947445814203,5.071145634287101e-06,0.46101323948064554,2.5631213418924006e+17,2.562725361335177e+17,1.5357919101745596e+22,1.5371796709095556e+22,0.9617026368686652,0.24335683441926906
oc,200.0,0.9668947445814203,5.156665719599517e-06,0.4687877926908652,2.5629782898258947e+17,2.5626231315873718e+17,1.5357919101745596e+22,1.5370325621004944e+22,0.9617004464635702,0.24335570193501585
oc,200.0,0.9668947445814203,5.242352768430057e-06,0.4765775244027325,2.5628519885917766e+17,2.562532997787938e+17,1.5357919101745596e+22,1.536902759960637e+22,0.9616985136746099,0.24335470192581107
oc,200.0,0.9668947445814203,5.3281653251908174e-06,0.48437866592643797,2.5627408429687334e+17,2.5624537760883562e+17,1.5357919101745596e+22,1.536788595763722e+22,0.9616968136804057,0.24335382180633164
oc,200.0,0.9668947445814203,5.414061690096534e-06,0.4921874263724122,2.5626434212665878e+17,2.5623844077248976e+17,1.5357919101745596e+22,1.536688574350649e+22,0.9616953242362588,0.2433530502769361
oc,200.0,0.9668947445814203,5.5e-06,0.5,2.5625584451802733e+17,2.5623239499996445e+17,1.5357919101745596e+22,1.5366013625346092e+22,0.9616940255031489,0.2433523772451517
oc,200.0,0.9668947445814203,5.585938309903469e-06,0.5078125736275881,2.562484780049956e+17,2.562271567805048e+17,1.5357919101745596e+22,1.536525778095248e+22,0.9616928998851179,0.24335179375008256
oc,200.0,0.9668947445814203,5.671834674809185e-06,0.5156213340735623,2.562421425619356e+17,2.562226525704608e+17,1.5357919101745596e+22,1.5364607794216096e+22,0.9616919318759857,0.24335129189051902
oc,200.0,0.9668947445814203,5.757647231569949e-06,0.5234224755972681,2.5623675073650115e+17,2.5621881805761267e+17,1.5357919101745596e+22,1.5364054558478139e+22,0.961691107916113,0.24335086475736867
oc,200.0,0.9668947445814203,5.8433342804004825e-06,0.5312122073091348,2.5623222684524003e+17,2.5621559748196694e+17,1.5357919101745596e+22,1.5363590187144823e+22,0.9616904162597334,0.24335050637089126
oc,200.0,0.9668947445814203,5.928854365712899e-06,0.5389867605193545,2.5622850623605542e+17,2.5621294301301792e+17,1.5357919101745596e+22,1.5363207931783148e+22,0.9616898468532369,0.24335021162310028
oc,200.0,0.9668947445814203,6.01416635594419e-06,0.5467423959949264,2.5622553462039632e+17,2.5621081418378483e+17,1.5357919101745596e+22,1.536290210787659e+22,0.9616893912246978,0.2433499762255888
oc,200.0,0.9668947445814203,6.099229522051031e-06,0.5544754110955483,2.562232674769797e+17,2.5620917738282246e+17,1.5357919101745596e+22,1.5362668028405664e+22,0.9616890423849341,0.24334979666294607
oc,200.0,0.9668947445814203,6.184003614356336e-06,0.5621821467596669,2.562216695277727e+17,2.5620800540580115e+17,1.5357919101745596e+22,1.5362501945382192e+22,0.9616887947403304,0.24334967015184156
oc,200.0,0.9668947445814203,6.26844893744366e-06,0.56985899431306,2.5622071428576534e+17,2.5620727705389626e+17,1.5357919101745596e+22,1.536240099853466e+22,0.9616886440161603,0.2433495946057677
oc,200.0,0.9668947445814203,6.352526422809144e-06,0.5775024020735586,2.5622038367223056e+17,2.5620697663118925e+17,1.5357919101745596e+22,1.5362363162140703e+22,0.9616885871759385,0.24334956860539303
oc,200.0,0.9668947445814203,6.4361976989959805e-06,0.5851088817269073,2.5622066770237622e+17,2.562070927479607e+17,1.5357919101745596e+22,1.536238715436761e+22,0.9616886222793616,0.24334959137497156
oc,200.0,0.9668947445814203,6.5194251589538055e-06,0.592675014450346,2.562215642802324e+17,2.562076169134455e+17,1.5357919101745596e+22,1.5362472340563847e+22,0.9616887483290397,0.24334966276783296
oc,200.0,0.9668947445814203,6.602172024383959e-06,0.6001974567621781,2.562230791684867e+17,2.562085439082695e+17,1.5357919101745596e+22,1.5362618753769873e+22,0.9616889653039844,0.24334978326475243
oc,200.0,0.9668947445814203,6.684402406851721e-06,0.6076729460774292,2.5622522608628093e+17,2.5620987209667085e+17,1.5357919101745596e+22,1.536282711930972e+22,0.9616892741980012,0.24334995398286935
oc,200.0,0.9668947445814203,6.766081365467923e-06,0.6150983059516294,2.5622802690609914e+17,2.5621160293075174e+17,1.5357919101745596e+22,1.5363098836894464e+22,0.9616896769882568,0.24335017669338957
oc,200.0,0.9668947445814203,6.847174960964395e-06,0.6224704509967632,2.562315119705256e+17,2.5621374023107456e+17,1.5357919101745596e+22,1.5363435956521457e+22,0.9616901765922671,0.2433504538493113
oc,200.0,0.9668947445814203,6.92765030601084e-06,0.629786391455531,2.5623572055464832e+17,2.5621628938730826e+17,1.5357919101745596e+22,1.5363841158325796e+22,0.9616907768293639,0.24335078862521495
oc,200.0,0.9668947445814203,7.0074756116439974e-06,0.6370432374221816,2.5624070150136682e+17,2.56219256459895e+17,1.5357919101745596e+22,1.5364317736881107e+22,0.9616914823870907,0.24335118497142028
oc,200.0,0.9668947445814203,7.086620229703803e-06,0.6442382027003457,2.562465140602477e+17,2.5622264714166493e+17,1.5357919101745596e+22,1.5364869589318402e+22,0.9616922987911276,0.24335164768511058
oc,200.0,0.9668947445814203,7.165054691195103e-06,0.651368608290464,2.5625322896525558e+17,2.5622646553460115e+17,1.5357919101745596e+22,1.5365501206698236e+22,0.9616932323773724,0.2433521825014141
oc,200.0,0.9668947445814203,7.242750740517112e-06,0.6584318855015556,2.5626092979234077e+17,2.5623071269384166e+17,1.5357919101745596e+22,1.53662176682115e+22,0.9616942902649845,0.2433527962079008
oc,200.0,0.9668947445814203,7.3196813655263815e-06,0.6654255786842165,2.5626971464431843e+17,2.5623538488672896e+17,1.5357919101745596e+22,1.5367024637923098e+22,0.9616954803293158,0.243353496786489
oc,200.0,0.9668947445814203,7.3958208234218e-06,0.6723473475838,2.5627969821754122e+17,2.5624047150961795e+17,1.5357919101745596e+22,1.5367928363879837e+22,0.9616968111737509,0.24335429358733895
oc,200.0,0.9668947445814203,7.471144662462482e-06,0.6791949693147711,2.5629101431234512e+17,2.5624595259948682e+17,1.5357919101745596e+22,1.5368935679509253e+22,0.9616982920995535,0.2433551975399299
oc,200.0,0.9668947445814203,7.545629739550777e-06,0.6859663399591616,2.5630381885699245e+17,2.5625179587153565e+17,1.5357919101745596e+22,1.5370054007345075e+22,0.961699933072884,0.24335622140715157
oc,200.0,0.9668947445814203,7.619254233732998e-06,0.692659475793909,2.5631829352253098e+17,2.562579532081674e+17,1.5357919101745596e+22,1.5371291365211466e+22,0.9617017446882321,0.24335738008886987
oc,200.0,0.9668947445814203,7.691997655689884e-06,0.6992725141536258,2.5633465001339875e+17,2.5626435651937174e+17,1.5357919101745596e+22,1.5372656375110107e+22,0.9617037381275783,0.24335869098202365
oc,200.0,0.9668947445814203,7.763840853306769e-06,0.705803713936979,2.5635313512537235e+17,2.562709128899432e+17,1.5357919101745596e+22,1.537415827515722e+22,0.9617059251146973,0.24336017440484636
oc,200.0,0.9668947445814203,7.834766013430272e-06,0.7122514557663884,2.5637403666819725e+17,2.562774989255073e+17,1.5357919101745596e+22,1.5375806935024852e+22,0.9617083178641154,0.24336185409324518
oc,200.0,0.9668947445814203,7.904756659933636e-06,0.7186142418121487,2.5639769035450304e+17,2.5628395420755184e+17,1.5357919101745596e+22,1.537761287543903e+22,0.9617109290243553,0.24336375777767394
oc,200.0,0.9668947445814203,7.973797648226734e-06,0.7248906952933395,2.5642448775902253e+17,2.562900737678904e+17,1.5357919101745596e+22,1.537958729238513e+22,0.9617137716152294,0.2433659178489649
oc,200.0,0.9668947445814203,8.041875156359268e-06,0.7310795596690244,2.5645488545208918e+17,2.562955994958855e+17,1.5357919101745596e+22,1.5381742086745483e+22,0.9617168589591003,0.24336837212148682
oc,200.0,0.9668947445814203,8.108976672876405e-06,0.7371796975342186,2.5648941540858483e+17,2.5630021039767834e+17,1.5357919101745596e+22,1.5384089900163543e+22,0.9617202046061791,0.2433711647016355
oc,200.0,0.9668947445814203,8.175090981595591e-06,0.7431900892359629,2.5652869678736266e+17,2.5630351163626515e+17,1.5357919101745596e+22,1.5386644157959487e+22,0.9617238222541107,0.24337434696898855
oc,200.0,0.9668947445814203,8.240208143481032e-06,0.7491098312255484,2.565734491664291e+17,2.5630502229485443e+17,1.5357919101745596e+22,1.5389419119932219e+22,0.9617277256622697,0.2433779786764289
oc,200.0,0.9668947445814203,8.304319475798637e-06,0.7549381341635124,2.566245073055069e+17,2.5630416182409373e+17,1.5357919101745596e+22,1.5392429939846554e+22,0.9617319285613711,0.2433821291741297
oc,200.0,0.9668947445814203,8.367417528739142e-06,0.7606743207944675,2.566828374898296e+17,2.5630023515673584e+17,1.5357919101745596e+22,1.5395692734323488e+22,0.9617364445591737,0.24338687876046414
oc,200.0,0.9668947445814203,8.429496059700524e-06,0.7663178236091386,2.567495554872892e+17,2.562924165014111e+17,1.5357919101745596e+22,1.5399224661722576e+22,0.961741287043226,0.2433923201606511
oc,200.0,0.9668947445814203,8.490550005422808e-06,0.7718681823111644,2.5682594612541392e+17,2.562797318605474e+17,1.5357919101745596e+22,1.5403044011406992e+22,0.9617464690817451,0.24339856013126235
oc,200.0,0.9668947445814203,8.550575452169292e-06,0.7773250411062993,2.5691348446563786e+17,2.5626104035610227e+17,1.5357919101745596e+22,1.540717030353738e+22,0.9617520033238612,0.24340572118561776
oc,200.0,0.9668947445814203,8.609569604147534e-06,0.782688145831594,2.5701385852057405e+17,2.562350144904648e+17,1.5357919101745596e+22,1.5411624399214788e+22,0.9617579019005553,0.2434139434316182
oc,200.0,0.9668947445814203,8.667530750362075e-06,0.7879573409420069,2.5712899342634938e+17,2.5620011951832848e+17,1.5357919101745596e+22,1.541642862041776e+22,0.9617641763276985,0.24342338650975454
oc,200.0,0.9668947445814203,8.724458230087965e-06,0.7931325663716332,2.5726107694775216e+17,2.561545921579158e+17,1.5357919101745596e+22,1.5421606878728337e+22,0.961770837412639,0.24343423161496977
oc,200.0,0.9668947445814203,8.78035239715068e-06,0.7982138542864254,2.5741258616018512e+17,2.5609641892586906e+17,1.5357919101745596e+22,1.5427184811344067e+22,0.9617778951657915,0.24344668358181892
oc,200.0,0.9668947445814203,8.835214583193402e-06,0.8032013257448547,2.575863151208096e+17,2.5602331443843008e+17,1.5357919101745596e+22,1.543318992231471e+22,0.9617853587186472,0.2434609730080858
oc,200.0,0.9668947445814203,8.889047060107317e-06,0.8080951872824834,2.577854033134039e+17,2.5593270008086973e+17,1.5357919101745596e+22,1.5439651726354576e+22,0.96179323624955,0.24347735838779916
oc,200.0,0.9668947445814203,8.941853001794646e-06,0.8128957274358769,2.5801336462895142e+17,2.5582168350610582e+17,1.5357919101745596e+22,1.5446601891949268e+22,0.9618015349184817,0.24349612822057576
oc,200.0,0.9668947445814203,8.99363644542737e-06,0.8176033132206699,2.5827411662855574e+17,2.5568703948028013e+17,1.5357919101745596e+22,1.5454074379851436e+22,0.96181026081194,0.24351760306055864
oc,200.0,0.9668947445814203,9.044402252357615e-06,0.8222183865779651,2.585720098283272e+17,2.5552519264586563e+17,1.5357919101745596e+22,1.546210557241689e+22,0.9618194188988272,0.24354213746505066
oc,200.0,0.9668947445814203,9.094156068828025e-06,0.8267414608025477,2.5891185674878214e+17,2.553322028195504e+17,1.5357919101745596e+22,1.547073438863699e+22,0.9618290129980517,0.24357012180042337
oc,200.0,0.9668947445814203,9.142904286622484e-06,0.8311731169656804,2.592989604849978e+17,2.551037534804311e+17,1.5357919101745596e+22,1.5480002379152693e+22,0.9618390457583172,0.2436019838611371
oc,200.0,0.9668947445814203,9.190654003789586e-06,0.8355140003445078,2.597391425787367e+17,2.548351441316247e+17,1.5357919101745596e+22,1.548995379505321e+22,0.9618495186503363,0.24363819025686506
oc,200.0,0.9668947445814203,9.237412985562645e-06,0.8397648168693314,2.602387700103681e+17,2.545212872328154e+17,1.5357919101745596e+22,1.5500635623860145e+22,0.9618604319714475,0.24367924752287523
oc,200.0,0.9668947445814203,9.283189625591765e-06,0.8439263295992514,2.6080478117605587e+17,2.5415671040020182e+17,1.5357919101745596e+22,1.5512097585818866e+22,0.9618717848623747,0.24372570291006182
oc,200.0,0.9668947445814203,9.32799290759491e-06,0.8479993552359009,2.6144471077362374e+17,2.537355645513749e+17,1.5357919101745596e+22,1.5524392083477548e+22,0.9618835753356251,0.24377814481338478
oc,200.0,0.9668947445814203,9.371832367526334e-06,0.8519847606842121,2.621667135873022e+17,2.53251638633866e+17,1.5357919101745596e+22,1.5537574097553606e+22,0.9618958003148068,0.24383720280097856
oc,200.0,0.9668947445814203,9.414718056352513e-06,0.8558834596684103,2.6297958723541043e+17,2.526983815155365e+17,1.5357919101745596e+22,1.5551701022277825e+22,0.961908455683954,0.2439035472108158
oc,200.0,0.9668947445814203,9.456660503517164e-06,0.8596964094106513,2.6389279402372346e+17,2.5206893153130538e+17,1.5357919101745596e+22,1.5566832433803488e+22,0.9619215363457846,0.243977888287495
oc,200.0,0.9668947445814203,9.497670681168985e-06,0.8634246073789986,2.649164821282177e+17,2.5135615407305453e+17,1.5357919101745596e+22,1.5583029785841472e+22,0.9619350362876911,0.24406097483837452
oc,200.0,0.9668947445814203,9.537759969217746e-06,0.8670690881107043,2.660615064111607e+17,2.5055268747762387e+17,1.5357919101745596e+22,1.5600356027452493e+22,0.9619489486541822,0.24415359239577006
oc,200.0,0.9668947445814203,9.576940121276638e-06,0.870630920116058,2.673394492526033e+17,2.496509973124945e+17,1.5357919101745596e+22,1.5618875138939755e+22,0.9619632658244395,0.24425656088011624
oc,200.0,0.9668947445814203,9.61522323154144e-06,0.8741112028674036,2.6876264185123808e+17,2.4864343898140096e+17,1.5357919101745596e+22,1.5638651582961792e+22,0.961977979493647,0.24437073176768093
oc,200.0,0.9668947445814203,9.652621702649905e-06,0.8775110638772642,2.7034418651234406e+17,2.4752232837543334e+17,1.5357919101745596e+22,1.5659749669315732e+22,0.9619930807567825,0.24449698477541357
oc,200.0,0.9668947445814203,9.689148214557948e-06,0.8808316558689044,2.7209798049365632e+17,2.4628002008246627e+17,1.5357919101745596e+22,1.5682232833268794e+22,0.9620085601936087,0.24463622408459107
oc,200.0,0.9668947445814203,9.724815694462743e-06,0.8840741540420676,2.740387420253013e+17,2.449089924444284e+17,1.5357919101745596e+22,1.5706162829085645e+22,0.9620244079536909,0.24478937413387006
oc,200.0,0.9668947445814203,9.759637287796798e-06,0.8872397534360725,2.7618203914729146e+17,2.4340193852422416e+17,1.5357919101745596e+22,1.5731598841977049e+22,0.9620406138403733,0.2449573750209444
oc,200.0,0.9668947445814203,9.793626330311123e-06,0.8903296663919203,2.785443220262839e+17,2.417518618165638e+17,1.5357919101745596e+22,1.5758596523428592e+22,0.9620571673927568,0.24514117756001844
oc,200.0,0.9668947445814203,9.826796321260428e-06,0.8933451201145843,2.81142959420052e+17,2.3995217532095293e+17,1.5357919101745596e+22,1.5787206956795977e+22,0.9620740579648515,0.24534173804953807
oc,200.0,0.9668947445814203,9.859160897697999e-06,0.8962873543361817,2.8399627994655014e+17,2.3799680239616435e+17,1.5357919101745596e+22,1.5817475561540605e+22,0.9620912748012004,0.24556001281088577
oc,200.0,0.9668947445814203,9.890733809883394e-06,0.8991576190803086,2.8712361880083066e+17,2.3588027764238435e+17,1.5357919101745596e+22,1.5849440946348087e+22,0.9621088071083962,0.24579695256387946
oc,200.0,0.9668947445814203,9.921528897801673e-06,0.9019571725274248,2.905453705324838e+17,2.3359784592060083e+17,1.5357919101745596e+22,1.5883133722785464e+22,0.9621266441220213,0.24605349670878726
oc,200.0,0.9668947445814203,9.951560068788844e-06,0.904687278980804,2.94283048461422e+17,2.3114555752381002e+17,1.5357919101745596e+22,1.5918575292527405e+22,0.9621447751686574,0.24633056758707705
oc,200.0,0.9668947445814203,9.980841276254737e-06,0.9073492069322489,2.9835935127112166e+17,2.2852035746935978e+17,1.5357919101745596e+22,1.5955776622436979e+22,0.9621631897226877,0.24662906479420152
oc,200.0,0.9668947445814203,1.0009386499490995e-05,0.9099442272264542,3.027982372722946e+17,2.257201668932427e+17,1.5357919101745596e+22,1.5994737022703677e+22,0.9621818774577074,0.24694985961734026
oc,200.0,0.9668947445814203,1.0037209724549056e-05,0.9124736113226415,3.0762500678518426e+17,2.2274395459597117e+17,1.5357919101745596e+22,1.6035442943950571e+22,0.9622008282924105,0.2472937896692018
oc,200.0,0.9668947445814203,1.0064324926170204e-05,0.9149386296518368,3.128663930437383e+17,2.195917969201079e+17,1.5357919101745596e+22,1.6077866809701691e+22,0.9622200324308782,0.24766165378576563
oc,200.0,0.9668947445814203,1.009074605074749e-05,0.9173405500679536,3.185506619817608e+17,2.1626492432942182e+17,1.5357919101745596e+22,1.612196590077222e+22,0.9622394803972353,0.24805420725131225
oc,200.0,0.9668947445814203,1.0116487000297136e-05,0.9196806363906487,3.247077212217343e+17,2.1276575330570083e+17,1.5357919101745596e+22,1.6167681308050307e+22,0.9622591630646686,0.24847215740835776
oc,200.0,0.9668947445814203,1.0141561617415305e-05,0.921960147037755,3.3136923855207206e+17,2.0909790247559126e+17,1.5357919101745596e+22,1.6214936969753135e+22,0.9622790716788274,0.24891615970332823
oc,200.0,0.9668947445814203,1.0165983671194466e-05,0.9241803337449515,3.38568770148897e+17,2.0526619221791693e+17,1.5357919101745596e+22,1.6263638808587605e+22,0.9622991978756481,0.24938681421115116
oc,200.0,0.9668947445814203,1.0189766844072332e-05,0.9263424403702121,3.4634189877508614e+17,2.0127662737144448e+17,1.5357919101745596e+22,1.6313673983361802e+22,0.9623195336936586,0.24988466267359544
oc,200.0,0.9668947445814203,1.0212924719585172e-05,0.9284477017804702,3.547263821727397e+17,1.971363630519664e+17,1.5357919101745596e+22,1.6364910268535106e+22,0.9623400715808391,0.2504101860773667
oc,200.0,0.9668947445814203,1.0235470770996504e-05,0.930497342817864,3.637623118487926e+17,1.928536539817861e+17,1.5357919101745596e+22,1.6417195573612699e+22,0.9623608043961377,0.2509638027888744
oc,200.0,0.9668947445814203,1.0257418350771382e-05,0.932492577342853,3.734922824546229e+17,1.884377881217648e+17,1.5357919101745596e+22,1.647035761315264e+22,0.9623817254057501,0.25154586725344147
oc,200.0,0.9668947445814203,1.0278780680866053e-05,0.9344346073514593,3.8396157194896e+17,1.8389900576190624e+17,1.5357919101745596e+22,1.652420373605994e+22,0.9624028282743154,0.2521566692577429
oc,200.0,0.9668947445814203,1.029957084380237e-05,0.9363246221638519,3.952183327437568e+17,1.7924840555758144e+17,1.5357919101745596e+22,1.6578520921410862e+22,0.9624241070511939,0.25279643374562777
oc,200.0,0.9668947445814203,1.0319801774496192e-05,0.938163797681472,4.0731379403179014e+17,1.744978392851285e+17,1.5357919101745596e+22,1.663307594593793e+22,0.9624455561520356,0.25346532116938225
oc,200.0,0.9668947445814203,1.03394862528089e-05,0.9399532957099002,4.2030247550270394e+17,1.6965979732289555e+17,1.5357919101745596e+22,1.668761572647941e+22,0.9624671703358807,0.25416342835108996
oc,200.0,0.9668947445814203,1.0358636896791337e-05,0.941694263344667,4.342424126616741e+17,1.64747287034357e+17,1.5357919101745596e+22,1.6741867838740953e+22,0.9624889446780724,0.25489078982216967
oc,200.0,0.9668947445814203,1.0377266156589495e-05,0.9433878324172269,4.491953939704154e+17,1.597737063358474e+17,1.5357919101745596e+22,1.6795541211773846e+22,0.9625108745393032,0.2556473796035231
oc,200.0,0.9668947445814203,1.0395386308981809e-05,0.9450351189983464,4.652272100352101e+17,1.5475271477051795e+17,1.5357919101745596e+22,1.6848326995701943e+22,0.9625329555311528,0.2564331133840843
oc,200.0,0.9668947445814203,1.0413009452518051e-05,0.9466372229561866,4.824079150675556e+17,1.4969810438397738e+17,1.5357919101745596e+22,1.6899899598397118e+22,0.9625551834785174,0.2572478510519626
oc,200.0,0.9668947445814203,1.0430147503230494e-05,0.9481952275664085,5.0081210083988045e+17,1.4462367260960637e+17,1.5357919101745596e+22,1.6949917885066803e+22,0.9625775543793583,0.2580913995298311
oc,200.0,0.9668947445814203,1.044681219088843e-05,0.9497101991716755,5.205191833534379e+17,1.3954309922909605e+17,1.5357919101745596e+22,1.6998026533251978e+22,0.9626000643622354,0.25896351586471283
oc,200.0,0.9668947445814203,1.0463015055767816e-05,0.9511831868879833,5.416137024153208e+17,1.344698292832357e+17,1.5357919101745596e+22,1.7043857534017901e+22,0.9626227096421126,0.2598639105218127
oc,200.0,0.9668947445814203,1.0478767445908384e-05,0.9526152223553077,5.6418563430505043e+17,1.294169635804503e+17,1.5357919101745596e+22,1.7087031829106839e+22,0.9626454864749383,0.26079225083247504
oc,200.0,0.9668947445814203,1.0494080514831359e-05,0.9540073195301236,5.883307176733768e+17,1.2439715819368118e+17,1.5357919101745596e+22,1.7127161072391486e+22,0.962668391111522,0.26174816454762007
oc,200.0,0.9668947445814203,1.0508965219691605e-05,0.9553604745174187,6.141507927812084e+17,1.1942253406223554e+17,1.5357919101745596e+22,1.7163849503270712e+22,0.9626914197512286,0.2627312434500431
oc,200.0,0.9668947445814203,1.052343231983881e-05,0.9566756654398918,6.41754154126688e+17,1.1450459753239458e+17,1.5357919101745596e+22,1.7196695918544366e+22,0.9627145684960099,0.26374104698162487
oc,200.0,0.9668947445814203,1.0537492375763123e-05,0.9579538523421021,6.712559164478714e+17,1.0965417239022803e+17,1.5357919101745596e+22,1.7225295728888989e+22,0.9627378333052846,0.2647771058446912
oc,200.0,0.9668947445814203,1.055115574840148e-05,0.9591959771274073,7.027783940082985e+17,1.0488134366853962e+17,1.5357919101745596e+22,1.7249243085471736e+22,0.9627612099521612,0.26583892554036714
oc,200.0,0.9668947445814203,1.0564432598781674e-05,0.9604029635256067,7.364514929787414e+17,1.0019541325603986e+17,1.5357919101745596e+22,1.726813306191986e+22,0.9627846939814737,0.2669259898106583
oc,200.0,0.9668947445814203,1.0577332887982049e-05,0.9615757170892771,7.724131166195571e+17,9.560486710569845e+16,1.5357919101745596e+22,1.7281563876697236e+22,0.9628082806700746,0.26803776395507756
oc,200.0,0.9668947445814203,1.0589866377385603e-05,0.9627151252168731,8.108095828424298e+17,9.111735363532427e+16,1.5357919101745596e+22,1.728913914089298e+22,0.9628319649897956,0.2691736979967944
oc,200.0,0.9668947445814203,1.0602042629208068e-05,0.9638220572007334,8.517960535852145e+17,8.673967273968032e+16,1.5357919101745596e+22,1.7290470116471922e+22,0.9628557415734454,0.27033322967743867
oc,200.0,0.9668947445814203,1.0613871007280374e-05,0.9648973642982158,8.955369752688805e+17,8.24777746913979e+16,1.5357919101745596e+22,1.7285177970183486e+22,0.9628796046841825,0.2715157872637514
oc,200.0,0.9668947445814203,1.0625360678066804e-05,0.965941879824255,9.422065294278835e+17,7.833676809787541e+16,1.5357919101745596e+22,1.7272896008711825e+22,0.9629035481885481,0.2727207921531788
oc,200.0,0.9668947445814203,1.0636520611900908e-05,0.9669564192637189,9.919890923927803e+17,7.432093600197733e+16,1.5357919101745596e+22,1.725327188073854e+22,0.9629275655334071,0.2739476612691958
oc,200.0,0.9668947445814203,1.0647359584422066e-05,0.9679417804020061,1.045079702683652e+18,7.043375916516961e+16,1.5357919101745596e+22,1.7225969732208309e+22,0.9629516497269982,0.2751958092405695
oc,200.0,0.9668947445814203,1.0657886178196438e-05,0.9688987434724035,1.1016845345211677e+18,6.667794554834107e+16,1.5357919101745596e+22,1.7190672301341639e+22,0.9629757933242461,0.2764646503619121
oc,200.0,0.9668947445814203,1.0668108784506744e-05,0.969828071318795,1.1620213755938972e+18,6.30554650071008e+16,1.5357919101745596e+22,1.7147082940541554e+22,0.9629999884164487,0.27775360033569624
oc,200.0,0.9668947445814203,1.0678035605296172e-05,0.9707305095723793,1.2263201069164554e+18,5.956758823975923e+16,1.5357919101745596e+22,1.7094927552603155e+22,0.9630242266254043,0.279062077798405
oc,200.0,0.9668947445814203,1.0687674655252362e-05,0.9716067868411238,1.2948231823063496e+18,5.621492906561309e+16,1.5357919101745596e+22,1.7033956429422643e+22,0.9630484991020005,0.2803895056356626
oc,200.0,0.9668947445814203,1.0697033764018233e-05,0.9724576149107484,1.3677861046562194e+18,5.299748916357384e+16,1.5357919101745596e+22,1.6963945981653142e+22,0.9630727965292518,0.2817353120930444
oc,200.0,0.9668947445814203,1.0706120578517071e-05,0.9732836889560974,1.4454778958164396e+18,4.991470446483294e+16,1.5357919101745596e+22,1.6884700348396148e+22,0.9630971091297228,0.2830989316908126
oc,200.0,0.9668947445814203,1.0714942565379982e-05,0.9740856877618166,1.5281815565171543e+18,4.696549246396317e+16,1.5357919101745596e+22,1.6796052876533185e+22,0.9631214266772472,0.28447980595206857
oc,200.0,0.9668947445814203,1.0723507013464508e-05,0.9748642739513189,1.6161945123527114e+18,4.414829978824216e+16,1.5357919101745596e+22,1.669786745983199e+22,0.9631457385128097,0.2858773839548007
oc,200.0,0.9668947445814203,1.0731821036453796e-05,0.9756200942230724,1.7098290414261737e+18,4.146114944261581e+16,1.5357919101745596e+22,1.6590039728526622e+22,0.963170033564431,0.2872911227190282
oc,200.0,0.9668947445814203,1.0739891575526403e-05,0.9763537795933094,1.809412678812884e+18,3.890168722530109e+16,1.5357919101745596e+22,1.647249808066268e+22,0.9631943003708627,0.28872048744075895
oc,200.0,0.9668947445814203,1.07477254020873e-05,0.9770659456442999,1.9152885925498913e+18,3.646722688494021e+16,1.5357919101745596e+22,1.634520454712788e+22,0.9632185271088716,0.2901649515847716
oc,200.0,0.9668947445814203,1.0755329120551326e-05,0.9777571927773933,2.0278159253988705e+18,3.415479366291477e+16,1.5357919101745596e+22,1.6208155482947295e+22,0.9632427016238679,0.2916239968483821
oc,200.0,0.9668947445814203,1.0762709171170821e-05,0.9784281064700746,2.1473700961670674e+18,3.196116593293534e+16,1.5357919101745596e+22,1.606138207814917e+22,0.9632668114636134,0.29309711300832797
oc,200.0,0.9668947445814203,1.0769871832899693e-05,0.9790792575363358,2.274343053912005e+18,2.988291471347109e+16,1.5357919101745596e+22,1.5904950682295778e+22,0.9632908439147173,0.29458379766277065
oc,200.0,0.9668947445814203,1.077682322628674e-05,0.9797112023897037,2.409143477909922e+18,2.7916440886497056e+16,1.5357919101745596e+22,1.5738962937665448e+22,0.9633147860416198,0.2960835558801755
oc,200.0,0.9668947445814203,1.07835693163914e-05,0.9803244833083091,2.552196915827352e+18,2.6058010008110676e+16,1.5357919101745596e+22,1.5563555716950657e+22,0.9633386247277436,0.29759589976649425
oc,200.0,0.9668947445814203,1.0790115915715747e-05,0.9809196287014316,2.7039458521301064e+18,2.4303784642656496e+16,1.5357919101745596e+22,1.537890086236085e+22,0.9633623467184839,0.29912034796170994
oc,200.0,0.9668947445814203,1.0796468687146801e-05,0.981497153376982,2.864849737165675e+18,2.2650728088864868e+16,1.5357919101745596e+22,1.5185790818576614e+22,0.9633867656213301,0.3006564250763479
oc,200.0,0.9668947445814203,1.0802633146903754e-05,0.9820575588094322,3.035384822299541e+18,2.1095014542099788e+16,1.5357919101745596e+22,1.4984663199380081e+22,0.9634121742565327,0.30220366106144614
oc,200.0,0.9668947445814203,1.0808614667485075e-05,0.982601333407734,3.216043983053181e+18,1.9632498751315284e+16,1.5357919101745596e+22,1.4775798393778477e+22,0.9634386078216292,0.30376159055610025
oc,200.0,0.9668947445814203,1.0814418480610833e-05,0.9831289527828031,3.4073364347070054e+18,1.825905043322713e+16,1.5357919101745596e+22,1.4559504805265196e+22,0.9634661023642878,0.3053297522091527
oc,200.0,0.9668947445814203,1.0820049680155946e-05,0.9836408800141769,3.6097873216581996e+18,1.6970574172523534e+16,1.5357919101745596e+22,1.433611744631609e+22,0.9634946947716573,0.30690768797704315
oc,200.0,0.9668947445814203,1.0825513225070368e-05,0.9841375659154881,3.823937183497206e+18,1.5763027013629592e+16,1.5357919101745596e+22,1.410599637707968e+22,0.9635244227556948,0.30849494240627273
oc,200.0,0.9668947445814203,1.0830813942282604e-05,0.9846194492984186,4.050341288678825e+18,1.4632433860949736e+16,1.5357919101745596e+22,1.386952499725282e+22,0.9635553248339718,0.31009106190840763
oc,200.0,0.9668947445814203,1.0835956529583215e-05,0.9850869572348377,4.2895688268414167e+18,1.357490081287599e+16,1.5357919101745596e+22,1.3627108201194882e+22,0.9635874403054365,0.31169559403508124
oc,200.0,0.9668947445814203,1.084094555848522e-05,0.9855405053168382,4.542201951253857e+18,1.2586626560229706e+16,1.5357919101745596e+22,1.3379170407795049e+22,0.9636208092205816,0.3133080867599475
oc,200.0,0.9668947445814203,1.0845785477058698e-05,0.9859804979144271,4.808834663332446e+18,1.1663911982628046e+16,1.5357919101745596e+22,1.3126153477584658e+22,0.9636554723454415,0.3149280877741391
oc,200.0,0.9668947445814203,1.0850480612736976e-05,0.9864073284306342,5.090071531882352e+18,1.0803168076896458e+16,1.5357919101745596e+22,1.2868514530782127e+22,0.9636914711188296,0.31655514380131006
oc,200.0,0.9668947445814203,1.0855035175092196e-05,0.986821379553836,5.386526240595277e+18,1.0000922350600838e+16,1.5357919101745596e+22,1.2606723681122223e+22,0.9637288476021986,0.31818879993798
oc,200.0,0.9668947445814203,1.0859453258578164e-05,0.9872230235071058,5.698819958358187e+18,9253823811073310.0,1.5357919101745596e+22,1.2341261701073752e+22,0.9637676444215014,0.3198285990244905
oc,200.0,0.9668947445814203,1.0863738845238655e-05,0.9876126222944233,6.027579528189594e+18,8558646676639328.0,1.5357919101745596e+22,1.207261763505135e+22,0.9638079047004164,0.3214740810515308
oc,200.0,0.9668947445814203,1.0867895807379541e-05,0.9879905279435948,6.373435472080187e+18,7912292932019745.0,1.5357919101745596e+22,1.180128637790005e+22,0.9638496719842982,0.32312478260683586
oc,200.0,0.9668947445814203,1.0871927910203254e-05,0.9883570827457504,6.73701981065107e+18,7311793844502266.0,1.5357919101745596e+22,1.1527766236431888e+22,0.9638929901542245,0.3247802363663171
oc,200.0,0.9668947445814203,1.0875838814404348e-05,0.9887126194913044,7.118963698396981e+18,6754310551646530.0,1.5357919101745596e+22,1.1252556492241988e+22,0.9639379033305157,0.32643997063357405
oc,200.0,0.9668947445814203,1.087963207872503e-05,0.9890574617022755,7.519894877318743e+18,6237133825050958.0,1.5357919101745596e+22,1.0976154984177136e+22,0.963984455765129,0.3281035089313908
oc,200.0,0.9668947445814203,1.088331116246969e-05,0.9893919238608808,7.940434953984371e+18,5757683108311175.0,1.5357919101745596e+22,1.0699055728833488e+22,0.964032691722363,0.32977036964851364
oc,200.0,0.9668947445814203,1.0886879427977617e-05,0.9897163116343288,8.381196507434175e+18,5313504920850259.0,1.5357919101745596e+22,1.0421746597273086e+22,0.9640826553473513,0.3314400657446768
oc,200.0,0.9668947445814203,1.0890340143053247e-05,0.9900309220957497,8.842780037876592e+18,4902270712816490.0,1.5357919101745596e+22,1.014470706568172e+22,0.9641343905218798,0.3331121045165245
oc,200.0,0.9668947445814203,1.0893696483353328e-05,0.9903360439412118,9.32577076875996e+18,4521774249875424.0,1.5357919101745596e+22,9.8684060570371e+21,0.9641879407071414,0.3347859874267318
oc,200.0,0.9668947445814203,1.0896951534730626e-05,0.9906319577027842,9.830735317525445e+18,4169928600519771.0,1.5357919101745596e+22,9.593299890014547e+21,0.96424334877312,0.33646120999829826
oc,200.0,0.9668947445814203,1.0900108295533774e-05,0.9909189359576158,1.0358218253105971e+19,3844762792493915.5,1.5357919101745596e+22,9.319830350272289e+21,0.9643006568144076,0.3381372617756247
oc,200.0,0.9668947445814203,1.0903169678863081e-05,0.9911972435330074,1.0908738560993253e+19,3544418199135766.0,1.5357919101745596e+22,9.048422897964723e+21,0.9643599059523742,0.3398136263536182
oc,200.0,0.9668947445814203,1.090613851478213e-05,0.9914671377074664,1.148278603939529e+19,3267144710919094.0,1.5357919101745596e+22,8.779485023894511e+21,0.9644211361237528,0.3414897814756981
oc,200.0,0.9668947445814203,1.0909017552485099e-05,0.9917288684077362,1.2080817652597324e+19,3011296742228710.5,1.5357919101745596e+22,8.51340476509215e+21,0.9644843858558538,0.34316519920116556
oc,200.0,0.9668947445814203,1.0911809462419846e-05,0.9919826784018042,1.2703253870076635e+19,2775329118419629.0,1.5357919101745596e+22,8.25054938883297e+21,0.9645496920288011,0.3448393461420116
oc,200.0,0.9668947445814203,1.0914516838366856e-05,0.992228803487896,1.3350475022128255e+19,2557792883539240.0,1.5357919101745596e+22,7.991264252227845e+21,0.9646170896253702,0.346511683768804
oc,200.0,0.9668947445814203,1.091714219947416e-05,0.9924674726794691,1.402281770468339e+19,2357331064709196.0,1.5357919101745596e+22,7.735871842587779e+21,0.964686611469217,0.34818166878485585
oc,200.0,0.9668947445814203,1.0919687992248514e-05,0.9926989083862285,1.4720571267602024e+19,2172674425049197.2,1.5357919101745596e+22,7.484671001713883e+21,0.9647582879525087,0.34984875356746165
oc,200.0,0.9668947445814203,1.0922156592503055e-05,0.9929233265911869,1.5443974421913848e+19,2002637233211827.5,1.5357919101745596e+22,7.237936335246966e+21,0.9648321467541976,0.35151238667450885
oc,200.0,0.9668947445814203,1.0924550307261798e-05,0.9931409370237998,1.6193212002239975e+19,1846113074057238.5,1.5357919101745596e+22,6.995917806212672e+21,0.964908212550426,0.35317201341434135
oc,200.0,0.9668947445814203,1.0926871376621309e-05,0.9933519433292098,1.6968411920886254e+19,1702070721705011.5,1.5357919101745596e+22,6.758840509887455e+21,0.9649865067187979,0.35482707647628836
oc,200.0,0.9668947445814203,1.0929121975570008e-05,0.9935565432336372,1.7769642349850378e+19,1569550093183575.5,1.5357919101745596e+22,6.526904625252537e+21,0.9650670470385032,0.35647701661884157
oc,200.0,0.9668947445814203,1.0931304215765523e-05,0.9937549287059567,1.859690916614647e+19,1447658298118425.2,1.5357919101745596e+22,6.300285536517506e+21,0.9651498473885329,0.35812127341200234
oc,200.0,0.9668947445814203,1.0933420147270573e-05,0.9939472861155068,1.945015369446348e+19,1335565797344489.0,1.5357919101745596e+22,6.079134116525444e+21,0.9652349174464614,0.35975928602992274
oc,200.0,0.9668947445814203,1.0935471760247933e-05,0.9941337963861758,2.0329250779221697e+19,1232502681017468.0,1.5357919101745596e+22,5.863577162430835e+21,0.9653222623905019,0.36139049408954954
oc,200.0,0.9668947445814203,1.0937460986614977e-05,0.9943146351468162,2.1234007215539704e+19,1137755074671403.5,1.5357919101745596e+22,5.653717972685727e+21,0.9654118826077542,0.363014338530598
oc,200.0,0.9668947445814203,1.0939389701658392e-05,0.9944899728780356,2.2164160565534953e+19,1050661679770244.4,1.5357919101745596e+22,5.449637053336866e+21,0.9655037734117417,0.3646302625318416
oc,200.0,0.9668947445814203,1.094125972560964e-05,0.9946599750554219,2.311937838271123e+19,970610453563155.5,1.5357919101745596e+22,5.251392940682097e+21,0.9655979247724951,0.36623771245839487
oc,200.0,0.9668947445814203,1.0943072825181768e-05,0.9948248022892516,2.4099257863188234e+19,897035431519346.0,1.5357919101745596e+22,5.059023126759062e+21,0.965694321062551,0.3678361388343644
oc,200.0,0.9668947445814203,1.0944830715068192e-05,0.9949846104607447,2.5103325938054038e+19,829413694226395.9,1.5357919101745596e+22,4.872545073639963e+21,0.9657929408223117,0.369424997335072
oc,200.0,0.9668947445814203,1.0946535059404077e-05,0.9951395508549161,2.6131039816055206e+19,767262479422724.0,1.5357919101745596e+22,4.691957302286579e+21,0.9658937565482251,0.37100374979278444
oc,200.0,0.9668947445814203,1.0948187473190986e-05,0.9952897702900896,2.7181787981086982e+19,710136438751222.2,1.5357919101745596e+22,4.5172405417531345e+21,0.965996734507234,0.3725718652098638
oc,200.0,0.9668947445814203,1.0949789523685387e-05,0.9954354112441262,2.825489164341584e+19,657625037885115.4,1.5357919101745596e+22,4.3483589246795147e+21,0.9661018345808311,0.3741288207730509
oc,200.0,0.9668947445814203,1.0951342731751775e-05,0.9955766119774341,2.9349606638239527e+19,609350097860401.4,1.5357919101745596e+22,4.1852612153861703e+21,0.9662090101419358,0.3756741028627049
oc,200.0,0.9668947445814203,1.0952848573180955e-05,0.9957135066528141,3.0465125760112288e+19,564963474757365.2,1.5357919101745596e+22,4.027882057492504e+21,0.9663182079675756,0.37720720805072705
oc,200.0,0.9668947445814203,1.0954308479974282e-05,0.9958462254522075,3.160058151612296e+19,524144874281805.7,1.5357919101745596e+22,3.8761432285732646e+21,0.9664293681901075,0.3787276440811199
oc,200.0,0.9668947445814203,1.0955723841594418e-05,0.9959748946904017,3.2755049276239094e+19,486599797313478.4,1.5357919101745596e+22,3.729954890297322e+21,0.966542424289366,0.3802349308271566
oc,200.0,0.9668947445814203,1.0957096006183349e-05,0.996099636925759,3.3927550794092184e+19,452057612089680.0,1.5357919101745596e+22,3.589216823324898e+21,0.966657303127751,0.38172860121943586
oc,200.0,0.9668947445814203,1.0958426281748313e-05,0.9962205710680284,3.51170580674963e+19,420269748380159.6,1.5357919101745596e+22,3.453819637293089e+21,0.9667739250298217,0.38320820213932055
oc,200.0,0.9668947445814203,1.09597159373163e-05,0.9963378124833001,3.632249750416793e+19,391008008772091.3,1.5357919101745596e+22,3.323645947274948e+21,0.9668922039074811,0.3846732952725308
oc,200.0,0.9668947445814203,1.0960966204057819e-05,0.9964514730961654,3.754275435462987e+19,364062992012290.56,1.5357919101745596e+22,3.198571509154111e+21,0.9670120474313137,0.38612345791807956
oc,200.0,0.9668947445814203,1.0962178276380554e-05,0.9965616614891413,3.877667737188106e+19,339242623245903.75,1.5357919101745596e+22,3.078466307501164e+21,0.9671333572480808,0.3875582837480664
oc,200.0,0.9668947445814203,1.0963353312993623e-05,0.9966684829994202,4.002308365526324e+19,316370785933975.6,1.5357919101745596e+22,2.9631955906086626e+21,0.9672560292438144,0.3889773835143251
oc,200.0,0.9668947445814203,1.0964492437943059e-05,0.9967720398130053,4.128076363454041e+19,295286050225039.56,1.5357919101745596e+22,2.8526208484158844e+21,0.9673799538513631,0.39038038569833744
oc,200.0,0.9668947445814203,1.0965596741619176e-05,0.9968724310562888,4.254848614953837e+19,275840492588512.0,1.5357919101745596e+22,2.746600730080849e+21,0.9675050164006725,0.3917669371013341
oc,200.0,0.9668947445814203,1.0966667281736461e-05,0.9969697528851329,4.3825003580620415e+19,257898601587018.0,1.5357919101745596e+22,2.644991898932032e+21,0.967631097509517,0.3931367033719844
oc,200.0,0.9668947445814203,1.0967705084286636e-05,0.9970640985715125,4.510905698588513e+19,241336264763618.5,1.5357919101745596e+22,2.5476498234337935e+21,0.967758073511864,0.3944893694696122
oc,200.0,0.9668947445814203,1.0968711144465507e-05,0.9971555585877734,4.639938120211889e+19,226039831745631.0,1.5357919101745596e+22,2.4544295036370886e+21,0.9678858169205555,0.3958246400613536
oc,200.0,0.9668947445814203,1.0969686427574233e-05,0.9972442206885668,4.769470986834553e+19,211905248812082.12,1.5357919101745596e+22,2.3651861333351365e+21,0.9680141969205385,0.39714223985223196
oc,200.0,0.9668947445814203,1.0970631869895642e-05,0.9973301699905128,4.899378033304129e+19,198837260335219.34,1.5357919101745596e+22,2.2797756988135385e+21,0.9681430798884788,0.3984419138476047
oc,200.0,0.9668947445814203,1.0971548379546137e-05,0.9974134890496489,5.029533840878483e+19,186748672682974.62,1.5357919101745596e+22,2.1980555156706388e+21,0.9682723299342645,0.39972342754792495
oc,200.0,0.9668947445814203,1.0972436837303892e-05,0.9974942579367174,5.1598142941242606e+19,175559676354859.66,1.5357919101745596e+22,2.1198847056765198e+21,0.9684018094596398,0.4009865670762801
oc,200.0,0.9668947445814203,1.0973298097413808e-05,0.9975725543103462,5.29009701628485e+19,165197222317424.53,1.5357919101745596e+22,2.04512461606476e+21,0.9685313797290264,0.402231139239584
oc,200.0,0.9668947445814203,1.0974132988369913e-05,0.9976484534881739,5.420261780501691e+19,155594448702326.16,1.5357919101745596e+22,1.9736391839745088e+21,0.9686609014474785,0.40345697152475896
oc,200.0,0.9668947445814203,1.0974942313675674e-05,0.9977220285159705,5.550190894644448e+19,146690154229714.47,1.5357919101745596e+22,1.9052952490258423e+21,0.9687902353406743,0.404663912031593
oc,200.0,0.9668947445814203,1.0975726852582875e-05,0.9977933502348069,5.679769557956174e+19,138428314917886.48,1.5357919101745596e+22,1.8399628172151848e+21,0.9689192427319124,0.4058518293444196
oc,200.0,0.9668947445814203,1.0976487360809517e-05,0.9978624873463197,5.808886187985597e+19,130757640838345.17,1.5357919101745596e+22,1.777515279409862e+21,0.9690477861111688,0.40702061234497977
oc,200.0,0.9668947445814203,1.0977224571237352e-05,0.997929506476123,5.937432716819761e+19,123631169868378.9,1.5357919101745596e+22,1.71782958783576e+21,0.969175729691485,0.4081701699692263
oc,200.0,0.9668947445814203,1.097793919458954e-05,0.9979944722354128,6.065304855843742e+19,117005895583214.22,1.5357919101745596e+22,1.6607863939225113e+21,0.9693029399481804,0.409300430910997
oc,200.0,0.9668947445814203,1.097863192008893e-05,0.9980574472808119,6.192402328735277e+19,110842426613026.72,1.5357919101745596e+22,1.606270150879156e+21,0.9694292861367088,0.41041134327576123
oc,200.0,0.9668947445814203,1.0979303416097527e-05,0.9981184923725025,6.3186290726830375e+19,105104674967515.95,1.5357919101745596e+22,1.5541691842891208e+21,0.9695546407853205,0.4115028741878165
oc,200.0,0.9668947445814203,1.0979954330737578e-05,0.998177666430689,6.4438934081156284e+19,99759571001367.89,1.5357919101745596e+22,1.5043757339183476e+21,0.969678880159089,0.4125750093543891
oc,200.0,0.9668947445814203,1.0980585292494814e-05,0.9982350265904376,6.568108177555779e+19,94776802856291.78,1.5357919101745596e+22,1.456785969810698e+21,0.9698018846922891,0.4136277525902911
oc,200.0,0.9668947445814203,1.0981196910804284e-05,0.9982906282549349,6.691190854441812e+19,90128578370899.95,1.5357919101745596e+22,1.4112999855995963e+21,0.9699235393865566,0.41466112530676474
oc,200.0,0.9668947445814203,1.0981789776619278e-05,0.9983445251472072,6.813063622992523e+19,85789407596581.11,1.5357919101745596e+22,1.3678217718034897e+21,0.9700437341727285,0.415675165968242
oc,200.0,0.9668947445814203,1.0982364462963772e-05,0.9983967693603429,6.9336534303813894e+19,81735904196834.36,1.5357919101745596e+22,1.326259171704105e+21,0.9701623642347191,0.4166699295206888
oc,200.0,0.9668947445814203,1.0982921525468846e-05,0.9984474114062588,7.0528920126573265e+19,77946604138511.4,1.5357919101745596e+22,1.2865238222282534e+21,0.9702793302942633,0.4176454867952485
oc,200.0,0.9668947445814203,1.0983461502893518e-05,0.9984965002630471,7.170715895968661e+19,74401800206984.17,1.5357919101745596e+22,1.2485310820759023e+21,0.9703945388557973,0.4186019238907444
oc,200.0,0.9668947445814203,1.0983984917630406e-05,0.998544083420946,7.287066374766069e+19,71083390992281.69,1.5357919101745596e+22,1.2121999491528243e+21,0.9705079024112003,0.4195393415386281
oc,200.0,0.9668947445814203,1.0984492276196647e-05,0.9985902069269679,7.401889468724242e+19,67974743101651.61,1.5357919101745596e+22,1.177452969192434e+21,0.9706193396045139,0.4204578544537717
oc,200.0,0.9668947445814203,1.0984984069710465e-05,0.9986349154282241,7.515135860153167e+19,65060565454407.68,1.5357919101745596e+22,1.1442161372709763e+21,0.9707287753571645,0.42135759067442574
oc,200.0,0.9668947445814203,1.0985460774353792e-05,0.9986782522139812,7.626760813728571e+19,62326794608666.56,1.5357919101745596e+22,1.1124187937601016e+21,0.9708361409545443,0.42223869089449567
oc,200.0,0.9668947445814203,1.0985922851821332e-05,0.9987202592564848,7.736724080368632e+19,59760490156505.17,1.5357919101745596e+22,1.0819935160977293e+21,0.9709413740951535,0.4231013077911996
oc,200.0,0.9668947445814203,1.0986370749756428e-05,0.9987609772505843,7.844989786983468e+19,57349739304786.12,1.5357919101745596e+22,1.0528760075973269e+21,0.971044418903763,0.42394560535091136
oc,200.0,0.9668947445814203,1.0986804902174117e-05,0.9988004456521924,7.951526313953462e+19,55083569833328.625,1.5357919101745596e+22,1.0250049843947869e+21,0.9711452259103265,0.42477175819589624
oc,200.0,0.9668947445814203,1.098722572987174e-05,0.9988387027156127,8.056306161931549e+19,52951870690913.7,1.5357919101745596e+22,9.983220614680179e+20,0.9712437519965652,0.4255799509144792
oc,200.0,0.9668947445814203,1.0987633640827416e-05,0.9988757855297651,8.159305809698985e+19,50945319553415.305,1.5357919101745596e+22,9.727716385746957e+20,0.9713399603123215,0.4263703773968881
oc,200.0,0.9668947445814203,1.0988029030586768e-05,0.9989117300533426,8.260505564584024e+19,49055316726322.06,1.5357919101745596e+22,9.483007868111838e+20,0.9714338201639207,0.42714324017900496
oc,200.0,0.9668947445814203,1.0988412282638214e-05,0.9989465711489285,8.359889406932587e+19,47273924828059.734,1.5357919101745596e+22,9.248591364078088e+20,0.9715253068768657,0.42789874979593323
oc,200.0,0.9668947445814203,1.0988783768777126e-05,0.9989803426161024,8.457444830034054e+19,45593813739788.75,1.5357919101745596e+22,9.02398766279337e+20,0.9716144016352644,0.42863712414713234
oc,200.0,0.9668947445814203,1.098914384945923e-05,0.9990130772235664,8.553162676791776e+19,44008210352400.72,1.5357919101745596e+22,8.808740957575426e+20,0.9717010913004229,0.42935858787479214
oc,200.0,0.9668947445814203,1.0989492874143477e-05,0.9990448067403161,8.647036974321394e+19,42510852683358.484,1.5357919101745596e+22,8.60241778863075e+20,0.9717853682110351,0.43006337175675946
oc,200.0,0.9668947445814203,1.0989831181624756e-05,0.9990755619658869,8.739064767591149e+19,41095947973558.17,1.5357919101745596e+22,8.404606014001328e+20,0.9718672299673912,0.4307517121153484
oc,200.0,0.9668947445814203,1.0990159100356695e-05,0.9991053727596996,8.829245953100821e+19,39758134409394.63,1.5357919101745596e+22,8.2149138109928e+20,0.9719466792019779,0.43142385024308505
oc,200.0,0.9668947445814203,1.099047694876486e-05,0.9991342680695328,8.91758311349688e+19,38492446146921.23,1.5357919101745596e+22,8.032968709792542e+20,0.9720237233387714,0.4320800318462839
oc,200.0,0.9668947445814203,1.0990785035550604e-05,0.9991622759591459,9.004081353936169e+19,37294281343848.98,1.5357919101745596e+22,7.858416660498783e+20,0.9720983743434616,0.43272050650726335
oc,200.0,0.9668947445814203,1.0991083659985862e-05,0.9991894236350785,9.088748140914313e+19,36159372931728.47,1.5357919101745596e+22,7.690921134394355e+20,0.9721706484667276,0.43334552716581726
oc,200.0,0.9668947445814203,1.0991373112199139e-05,0.9992157374726489,9.171593144184201e+19,35083761884641.707,1.5357919101745596e+22,7.530162259913972e+20,0.9722405659825951,0.4339553496204318
oc,200.0,0.9668947445814203,1.0991653673452932e-05,0.9992412430411757,9.252628082304595e+19,34063772762773.52,1.5357919101745596e+22,7.375835993460123e+20,0.9723081509237729,0.43455023204961757
oc,200.0,0.9668947445814203,1.0991925616412885e-05,0.9992659651284441,9.331866572284584e+19,33095991329275.664,1.5357919101745596e+22,7.227653324972004e+20,0.9723734308157528,0.4351304345536189
oc,200.0,0.9668947445814203,1.0992189205408847e-05,0.9992899277644407,9.409323983724872e+19,32177244056894.75,1.5357919101745596e+22,7.085339517900963e+20,0.9724364364113137,0.43569621871663594
oc,200.0,0.9668947445814203,1.0992444696688121e-05,0.9993131542443747,9.485017297767735e+19,31304579357740.707,1.5357919101745596e+22,6.94863338311672e+20,0.9724972014269468,0.4362478471895823
oc,200.0,0.9668947445814203,1.099269233866112e-05,0.999335667151011,9.55896497108466e+19,30475250384182.49,1.5357919101745596e+22,6.81728658599904e+20,0.9725557622825824,0.43678558329338524
oc,200.0,0.9668947445814203,1.0992932372139636e-05,0.9993574883763305,9.631186805170328e+19,29686699263113.133,1.5357919101745596e+22,6.691062986037507e+20,0.972612157845854,0.43730969064263414
oc,200.0,0.9668947445814203,1.0993165030567958e-05,0.9993786391425417,9.701703820999521e+19,28936542637843.418,1.5357919101745596e+22,6.569738007943402e+20,0.972666429182016,0.43782043278941835
oc,200.0,0.9668947445814203,1.0993390540247038e-05,0.999399140022458,9.770538139216975e+19,28222558403500.465,1.5357919101745596e+22,6.453098043384815e+20,0.9727186193104888,0.43831807288704877
oc,200.0,0.9668947445814203,1.0993609120551912e-05,0.9994190109592647,9.837712865855493e+19,27542673532000.39,1.5357919101745596e+22,6.340939882278794e+20,0.9727687729688862,0.43880287337336543
oc,200.0,0.9668947445814203,1.0993820984142568e-05,0.9994382712856881,9.903251983650649e+19,26894952892046.805,1.5357919101745596e+22,6.233070172616188e+20,0.9728169363852537,0.4392750956732051
oc,200.0,0.9668947445814203,1.0994026337168478e-05,0.999456939742589,9.967180248855342e+19,26277588978082.77,1.5357919101745596e+22,6.129304907675375e+20,0.972863157059131,0.43973499991963766
oc,200.0,0.9668947445814203,1.0994225379466936e-05,0.9994750344969942,1.0029523093597582e+20,25688892469943.457,1.5357919101745596e+22,6.029468939599276e+20,0.9729074835519396,0.4401828446934657
oc,200.0,0.9668947445814203,1.0994418304755431e-05,0.9994925731595847,1.0090306533615075e+20,25127283551843.1,1.5357919101745596e+22,5.933395518157326e+20,0.9729499652871001,0.4406188867805177
oc,200.0,0.9668947445814203,1.0994605300818213e-05,0.9995095728016559,1.0149557081308004e+20,24591283925827.383,1.5357919101745596e+22,5.840925853631953e+20,0.9729906523601721,0.44104338094616863
oc,200.0,0.9668947445814203,1.0994786549687217e-05,0.9995260499715652,1.0207301664000785e+20,24079509460505.8,1.5357919101745596e+22,5.751908702734369e+20,0.9730295953592374,0.4414565797265799
oc,200.0,0.9668947445814203,1.0994962227817505e-05,0.9995420207106823,1.0263567547245955e+20,23590663421300.035,1.5357919101745596e+22,5.666199976485422e+20,0.973066845195641,0.44185873323600516
oc,200.0,0.9668947445814203,1.0995132506257437e-05,0.999557500568858,1.031838226303583e+20,23123530232972.184,1.5357919101745596e+22,5.58366236898977e+20,0.9731024529451571,0.4422500889896972
oc,200.0,0.9668947445814203,1.0995297550813662e-05,0.9995725046194238,1.0371773542759173e+20,22676969729843.285,1.5357919101745596e+22,5.504165006118531e+20,0.9731364696995478,0.44263089174169906
oc,200.0,0.9668947445814203,1.099545752221112e-05,0.9995870474737383,1.042376925473633e+20,22249911852827.098,1.5357919101745596e+22,5.4275831130935224e+20,0.9731689464284412,0.4430013833369829
oc,200.0,0.9668947445814203,1.0995612576248216e-05,0.9996011432952924,1.047439734615876e+20,21841351756061.785,1.5357919101745596e+22,5.3537977000148074e+20,0.9731999338513906,0.4433618025773427
oc,200.0,0.9668947445814203,1.0995762863947264e-05,0.9996148058133876,1.0523685789248194e+20,21450345289249.137,1.5357919101745596e+22,5.282695264418656e+20,0.973229482319928,0.4437123851003943
oc,200.0,0.9668947445814203,1.099590853170039e-05,0.9996280483363992,1.0571662531458327e+20,21076004824680.87,1.5357919101745596e+22,5.214167509972627e+20,0.9732576417093823,0.44405336327111394
oc,200.0,0.9668947445814203,1.0996049721411005e-05,0.9996408837646369,1.0618355449533502e+20,20717495400695.09,1.5357919101745596e+22,5.148111080461531e+20,0.9732844613201957,0.4443849660852998
oc,200.0,0.9668947445814203,1.0996186570630982e-05,0.9996533246028165,1.0663792307248452e+20,20374031155676.168,1.5357919101745596e+22,5.084427308238671e+20,0.9733099897884406,0.44470741908441697
oc,200.0,0.9668947445814203,1.0996319212693658e-05,0.9996653829721508,1.0708000716634574e+20,20044872029104.742,1.5357919101745596e+22,5.0230219763841525e+20,0.9733342750052056,0.44502094428115296
oc,200.0,0.9668947445814203,1.0996447776842829e-05,0.9996770706220754,1.075100810253176e+20,19729320707943.18,1.5357919101745596e+22,4.9638050938000454e+20,0.9733573640445126,0.44532576009524866
oc,200.0,0.9668947445814203,1.0996572388357787e-05,0.999688398941617,1.079284167027203e+20,19426719798773.125,1.5357919101745596e+22,4.906690682559606e+20,0.9733793030993888,0.44562208129892045
oc,200.0,0.9668947445814203,1.0996693168674577e-05,0.9996993789704162,1.0833528376336114e+20,19136449207540.71,1.5357919101745596e+22,4.85159657681857e+20,0.9734001374257266,0.44591011897143157
oc,200.0,0.9668947445814203,1.0996810235503576e-05,0.999710021409416,1.0873094901808847e+20,18857923710446.645,1.5357919101745596e+22,4.7984442326551796e+20,0.9734199112935343,0.4461900804622405
oc,200.0,0.9668947445814203,1.0996923702943464e-05,0.9997203366312241,1.0911567628471524e+20,18590590700886.367,1.5357919101745596e+22,4.7471585482370725e+20,0.9734386679451904,0.44646216936220895
oc,200.0,0.9668947445814203,1.0997033681591765e-05,0.9997303346901605,1.0948972617382684e+20,18333928098547.855,1.5357919101745596e+22,4.697667693729147e+20,0.9734564495603036,0.4467265854824233
oc,200.0,0.9668947445814203,1.0997140278651987e-05,0.9997400253319989,1.0985335589773227e+20,18087442408042.74,1.5357919101745596e+22,4.6499029504009896e+20,0.973473297226781,0.4469835248400847
oc,200.0,0.9668947445814203,1.0997243598037532e-05,0.9997494180034121,1.1020681910128863e+20,17850666915376.746,1.5357919101745596e+22,4.603798558407652e+20,0.9734892509177161,0.44723317965108284
oc,200.0,0.9668947445814203,1.0997343740472423e-05,0.9997585218611293,1.1055036571315482e+20,17623160011682.336,1.5357919101745596e+22,4.55929157277319e+20,0.9735043494737036,0.44747573832875503
oc,200.0,0.9668947445814203,1.099744080358895e-05,0.9997673457808136,1.1088424181619761e+20,17404503634412.643,1.5357919101745596e+22,4.516321727112371e+20,0.9735186305901996,0.4477113854883928
oc,200.0,0.9668947445814203,1.0997534882022375e-05,0.9997758983656704,1.1120868953549822e+20,17194301816937.488,1.5357919101745596e+22,4.474831304619996e+20,0.9735321308095615,0.4479403019571731
oc,200.0,0.9668947445814203,1.0997626067502723e-05,0.999784187954793,1.1152394694293794e+20,16992179338431.764,1.5357919101745596e+22,4.434765015958108e+20,0.9735448855173969,0.44816266478903977
oc,200.0,0.9668947445814203,1.0997714448943772e-05,0.9997922226312521,1.1183024797741446e+20,16797780466432.996,1.5357919101745596e+22,4.3960698836465556e+20,0.9735569289428737,0.448378647284156
oc,200.0,0.9668947445814203,1.0997800112529352e-05,0.9998000102299411,1.1212782237900217e+20,16610767785044.174,1.5357919101745596e+22,4.3586951325485354e+20,0.9735682941626549,0.4485884190126619
oc,200.0,0.9668947445814203,1.099788314179698e-05,0.9998075583451801,1.1241689563643678e+20,16430821102519.686,1.5357919101745596e+22,4.3225920861569955e+20,0.9735790131081283,0.4487921458422992
oc,200.0,0.9668947445814203,1.0997963617718971e-05,0.9998148743380884,1.1269768894711716e+20,16257636432218.7,1.5357919101745596e+22,4.2877140683282645e+20,0.973589116575623,0.4489899899696273
oc,200.0,0.9668947445814203,1.0998041618781049e-05,0.9998219653437317,1.1297041918775353e+20,16090925041634.416,1.5357919101745596e+22,4.2540163101504917e+20,0.9735986342393108,0.4491821099545025
oc,200.0,0.9668947445814203,1.0998117221058578e-05,0.9998288382780526,1.1323529889619912e+20,15930412564372.717,1.5357919101745596e+22,4.221455861674951e+20,0.9736075946665164,0.4493686607575805
oc,200.0,0.9668947445814203,1.099819049829045e-05,0.9998354998445864,1.1349253626207755e+20,15775838170662.693,1.5357919101745596e+22,4.189991508223373e+20,0.9736160253351596,0.4495497937804552
oc,200.0,0.9668947445814203,1.0998261521950722e-05,0.9998419565409749,1.1374233512675077e+20,15626953791992.844,1.5357919101745596e+22,4.1595836910178533e+20,0.9736239526530845,0.44972565690830507
oc,200.0,0.9668947445814203,1.0998330361318067e-05,0.9998482146652787,1.1398489499094024e+20,15483523396108.533,1.5357919101745596e+22,4.1301944318918794e+20,0.9736314019790314,0.44989639455469604
oc,200.0,0.9668947445814203,1.099839708354309e-05,0.9998542803220991,1.1422041102988791e+20,15345322308674.584,1.5357919101745596e+22,4.1017872618492586e+20,0.9736383976450302,0.4500621477083736
oc,200.0,0.9668947445814203,1.0998461753713601e-05,0.9998601594285093,1.1444907411498354e+20,15212136578394.785,1.5357919101745596e+22,4.074327153270334e+20,0.9736449629800046,0.4502230539817444
oc,200.0,0.9668947445814203,1.0998524434917892e-05,0.9998658577198084,1.1467107084171405e+20,15083762382353.512,1.5357919101745596e+22,4.0477804555349806e+20,0.9736511203343956,0.4503792476609767
oc,200.0,0.9668947445814203,1.0998585188306059e-05,0.9998713807550962,1.1488658356271132e+20,14960005468968.482,1.5357919101745596e+22,4.022114833906454e+20,0.973656891105617,0.4505308597573468
oc,200.0,0.9668947445814203,1.0998644073149468e-05,0.9998767339226788,1.150957904262392e+20,14840680635719.855,1.5357919101745596e+22,3.99729921147006e+20,0.9736622957641798,0.4506780180598052
oc,200.0,0.9668947445814203,1.0998701146898405e-05,0.9998819224453096,1.1529886541851163e+20,14725611239402.281,1.5357919101745596e+22,3.9733037139611845e+20,0.9736673538803289,0.45082084718851356
oc,200.0,0.9668947445814203,1.0998756465237942e-05,0.9998869513852675,1.154959784106815e+20,14614628736583.617,1.5357919101745596e+22,3.950099617349811e+20,0.9736720841510476,0.4509594686491728
oc,200.0,0.9668947445814203,1.099881008214211e-05,0.9998918256492828,1.1568729520867503e+20,14507572252197.346,1.5357919101745596e+22,3.927659297980092e+20,0.9736765044273057,0.45109400088807994
oc,200.0,0.9668947445814203,1.0998862049926409e-05,0.9998965499933099,1.1587297760670841e+20,14404288174413.44,1.5357919101745596e+22,3.905956185184984e+20,0.9736806317414223,0.4512245593476729
oc,200.0,0.9668947445814203,1.0998912419298702e-05,0.9999011290271548,1.1605318344332349e+20,14304629773935.857,1.5357919101745596e+22,3.884964716193269e+20,0.9736844823344449,0.45135125652249425
oc,200.0,0.9668947445814203,1.0998961239408573e-05,0.9999055672189612,1.1622806665968828e+20,14208456846145.32,1.5357919101745596e+22,3.864660293225109e+20,0.9736880716834407,0.4514742020154503
oc,200.0,0.9668947445814203,1.0999008557895145e-05,0.9999098688995587,1.1639777736045054e+20,14115635374534.062,1.5357919101745596e+22,3.845019242669896e+20,0.9736914145286137,0.45159350259422
oc,200.0,0.9668947445814203,1.099905442093346e-05,0.9999140382666782,1.1656246187589063e+20,14026037214007.81,1.5357919101745596e+22,3.826018776200606e+20,0.9736945249001715,0.4517092622477461
oc,200.0,0.9668947445814203,1.0999098873279417e-05,0.999918079389038,1.1672226282576023e+20,13939539792797.316,1.5357919101745596e+22,3.807636953756389e+20,0.9736974161448655,0.4518215822426806
oc,200.0,0.9668947445814203,1.0999141958313349e-05,0.9999219962103045,1.1687731918464721e+20,13856025831694.287,1.5357919101745596e+22,3.789852648279102e+20,0.9737001009521508,0.45193056117972663
oc,200.0,0.9668947445814203,1.0999183718082255e-05,0.9999257925529323,1.1702776634792822e+20,13775383079523.857,1.5357919101745596e+22,3.7726455120988937e+20,0.973702591379903,0.45203629504976534
oc,200.0,0.9668947445814203,1.0999224193340739e-05,0.9999294721218854,1.1717373619870822e+20,13697504063815.64,1.5357919101745596e+22,3.7559959449054636e+20,0.973704898879652,0.45213887728970265
oc,200.0,0.9668947445814203,1.0999263423590703e-05,0.9999330385082457,1.1731535717559571e+20,13622285855649.004,1.5357919101745596e+22,3.7398850632092385e+20,0.9737070343212868,0.4522383988379922
oc,200.0,0.9668947445814203,1.0999301447119812e-05,0.9999364951927101,1.1745275434059381e+20,13549629847797.045,1.5357919101745596e+22,3.724294671206899e+20,0.973709008017201,0.45233494818973546
oc,200.0,0.9668947445814203,1.0999338301038783e-05,0.9999398455489803,1.1758604944726914e+20,13479441545355.154,1.5357919101745596e+22,3.709207232995503e+20,0.9737108297458446,0.4524286114512927
oc,200.0,0.9668947445814203,1.0999374021317546e-05,0.9999430928470496,1.1771536100926569e+20,13411630367990.88,1.5357919101745596e+22,3.694605846052412e+20,0.9737125087746671,0.45251947239443213
oc,200.0,0.9668947445814203,1.0999408642820265e-05,0.9999462402563877,1.178408043686548e+20,13346109463173.375,1.5357919101745596e+22,3.680474215927447e+20,0.9737140538824232,0.45260761250984843
oc,200.0,0.9668947445814203,1.0999442199339309e-05,0.9999492908490282,1.179624917640137e+20,13282795529629.168,1.5357919101745596e+22,3.6667966320668456e+20,0.9737154733808335,0.4526931110601103
oc,200.0,0.9668947445814203,1.0999474723628188e-05,0.9999522476025626,1.1808053239836015e+20,13221608650425.271,1.5357919101745596e+22,3.6535579447279976e+20,0.9737167751355889,0.45277604513196906
oc,200.0,0.9668947445814203,1.0999506247433445e-05,0.9999551134030404,1.18195032506711e+20,13162472135112.014,1.5357919101745596e+22,3.640743542932113e+20,0.9737179665866865,0.4528564896879407
oc,200.0,0.9668947445814203,1.0999536801525606e-05,0.9999578910477824,1.1830609542321293e+20,13105312370294.564,1.5357919101745596e+22,3.628339333382792e+20,0.9737190547681012,0.4529345176172418
oc,200.0,0.9668947445814203,1.0999566415729164e-05,0.9999605832481058,1.1841382164752615e+20,13050058678216.254,1.5357919101745596e+22,3.616331720320399e+20,0.9737200463267862,0.4530101997859244
oc,200.0,0.9668947445814203,1.0999595118951634e-05,0.9999631926319668,1.1851830891071247e+20,12996643182805.201,1.5357919101745596e+22,3.604707586257987e+20,0.9737209475410076,0.4530836050862891
oc,200.0,0.9668947445814203,1.0999622939211742e-05,0.9999657217465221,1.1861965224042557e+20,12945000682764.54,1.5357919101745596e+22,3.5934542735575994e+20,0.9737217643380155,0.4531548004855067
oc,200.0,0.9668947445814203,1.0999649903666725e-05,0.9999681730606114,1.1871794402536147e+20,12895068531286.053,1.5357919101745596e+22,3.582559566807141e+20,0.9737225023110596,0.4532238510734333
oc,200.0,0.9668947445814203,1.0999676038638799e-05,0.9999705489671635,1.1881327407880066e+20,12846786521984.78,1.5357919101745596e+22,3.5720116759503883e+20,0.9737231667357567,0.45329082010962013
oc,200.0,0.9668947445814203,1.0999701369640831e-05,0.9999728517855301,1.1890572970133486e+20,12800096780689.182,1.5357919101745596e+22,3.5617992201387966e+20,0.973723762585819,0.45335576906951114
oc,200.0,0.9668947445814203,1.0999725921401199e-05,0.9999750837637453,1.1899539574266397e+20,12754943662780.686,1.5357919101745596e+22,3.5519112122775156e+20,0.9737242945481577,0.45341875768977113
oc,200.0,0.9668947445814203,1.09997497178879e-05,0.9999772470807182,1.1908235466249103e+20,12711273655713.719,1.5357919101745596e+22,3.542337044220229e+20,0.9737247670373689,0.4534798440127972
oc,200.0,0.9668947445814203,1.099977278233193e-05,0.9999793438483573,1.1916668659049044e+20,12669035286428.998,1.5357919101745596e+22,3.533066472585829e+20,0.9737251842096224,0.45353908443039487
oc,200.0,0.9668947445814203,1.0999795137249921e-05,0.9999813761136291,1.1924846938516949e+20,12628179033414.873,1.5357919101745596e+22,3.524089605171703e+20,0.9737255499759597,0.4535965337265672
oc,200.0,0.9668947445814203,1.0999816804466099e-05,0.9999833458605545,1.1932777869174546e+20,12588657243109.523,1.5357919101745596e+22,3.5153968879283e+20,0.9737258680150235,0.4536522451194743
oc,200.0,0.9668947445814203,1.0999837805133577e-05,0.9999852550121434,1.1940468799902504e+20,12550424050411.5,1.5357919101745596e+22,3.50697909247129e+20,0.9737261417852292,0.45370627030255145
oc,200.0,0.9668947445814203,1.0999858159754965e-05,0.9999871054322695,1.1947926869516468e+20,12513435303106.13,1.5357919101745596e+22,3.498827304114217e+20,0.9737263745363968,0.4537586594847299
oc,200.0,0.9668947445814203,1.0999877888202374e-05,0.9999888989274885,1.1955159012244629e+20,12477648489918.623,1.5357919101745596e+22,3.490932910381778e+20,0.9737265693208592,0.45380946142986245
oc,200.0,0.9668947445814203,1.0999897009736801e-05,0.9999906372488001,1.196217196309672e+20,12443022672047.402,1.5357919101745596e+22,3.483287589993342e+20,0.9737267290040631,0.45385872349528206
oc,200.0,0.9668947445814203,1.09999155430269e-05,0.9999923220933546,1.1968972263118265e+20,12409518417993.422,1.5357919101745596e+22,3.475883302296291e+20,0.9737268562746794,0.453906491669489
oc,200.0,0.9668947445814203,1.0999933506167206e-05,0.9999939551061097,1.197556626454454e+20,12377097741442.768,1.5357919101745596e+22,3.468712277114481e+20,0.9737269536542392,0.45395281060906145
oc,200.0,0.9668947445814203,1.0999950916695772e-05,0.9999955378814338,1.1981960135842308e+20,12345724042106.836,1.5357919101745596e+22,3.461767005009491e+20,0.9737270235063137,0.45399772367469776
oc,200.0,0.9668947445814203,1.0999967791611283e-05,0.999997071964662,1.1988159866645465e+20,12315362049324.312,1.5357919101745596e+22,3.455040227927696e+20,0.9737270680452529,0.45404127296645064
oc,200.0,0.9668947445814203,1.099998414738963e-05,0.9999985588536029,1.1994171272582634e+20,12285977768288.906,1.5357919101745596e+22,3.44852493021761e+20,0.9737270893445004,0.45408349935814496
oc,200.0,0.9668947445814203,1.1e-05,1.0,1.2e+20,12257538428747.703,1.5357919101745596e+22,3.442214329998746e+20,0.9737270893445004,0.4541244425310088
mpp,200.0,0.6388568014660193,0.0,0.0,710371058613.466,1.2e+20,1.5357919101745596e+22,1.994894367894282e+19,0.9781281669611124,0.0
mpp,200.0,0.6388568014660193,1.5852610367572685e-11,1.4411463970520622e-06,712216631082.3983,1.199465215996882e+20,1.5357919101745596e+22,1.999185842311989e+19,0.9781281676011999,4.473168196855274e-05
mpp,200.0,0.6388568014660193,3.2208388717036575e-11,2.9280353379124158e-06,714122269806.0686,1.1989136532052564e+20,1.5357919101745596e+22,2.003613186976221e+19,0.97812809919824,9.086683085636776e-05
mpp,200.0,0.6388568014660193,4.9083304228147994e-11,4.462118566195272e-06,716089977756.6337,1.1983447918148357e+20,1.5357919101745596e+22,2.0081806907932148e+19,0.9781279554993032,0.00013844894347705093
mpp,200.0,0.6388568014660193,6.649383279366816e-11,6.044893890333469e-06,718121827765.7195,1.1977580963497286e+20,1.5357919101745596e+22,2.0128927771499766e+19,0.9781277298266777,0.00018752283018967677
mpp,200.0,0.6388568014660193,8.44569730995004e-11,7.677906645409127e-06,720219965154.8098,1.1971530152255416e+20,1.5357919101745596e+22,2.0177540080675267e+19,0.9781274150529269,0.00023813465236347024
mpp,200.0,0.6388568014660193,1.0299026319943172e-10,9.362751199948338e-06,722386610474.5973,1.1965289802965275e+20,1.5357919101745596e+22,2.022769088473371e+19,0.9781270035746795,0.0002903319607226285
mpp,200.0,0.6388568014660193,1.2211179762539047e-10,1.1101072511399135e-05,724624062361.5319,1.195885406391847e+20,1.5357919101745596e+22,2.0279428706031133e+19,0.9781264872851053,0.0003441637346539803
mpp,200.0,0.6388568014660193,1.418402450356626e-10,1.2894567730514783e-05,726934700515.5739,1.1952216908413737e+20,1.5357919101745596e+22,2.0332803585307247e+19,0.9781258575450215,0.0003996804224497128
mpp,200.0,0.6388568014660193,1.6219486642243818e-10,1.474498785658529e-05,729320988805.5624,1.1945372129909006e+20,1.5357919101745596e+22,2.038786712831945e+19,0.9781251051525827,0.000456933982508623
mpp,200.0,0.6388568014660193,1.8319553390006016e-10,1.6654139445460014e-05,731785478508.9248,1.193831333706268e+20,1.5357919101745596e+22,2.0444672553852817e+19,0.9781242203114987,0.0005159779255170549
mpp,200.0,0.6388568014660193,2.0486275007947086e-10,1.8623886370860987e-05,734330811690.8705,1.1931033948670635e+20,1.5357919101745596e+22,2.050327474310239e+19,0.9781231925977317,0.0005768673575836421
mpp,200.0,0.6388568014660193,2.2721766807037856e-10,2.065615164276169e-05,736959724732.623,1.1923527188491072e+20,1.5357919101745596e+22,2.0563730290528633e+19,0.978122010924617,0.0006396590244007493
mpp,200.0,0.6388568014660193,2.5028211210015303e-10,2.2752919281832096e-05,739675052012.6667,1.1915786079967166e+20,1.5357919101745596e+22,2.062609755614022e+19,0.9781206635063588,0.0007044113563551812
mpp,200.0,0.6388568014660193,2.7407859880196337e-10,2.4916236254723945e-05,742479729752.4271,1.1907803440838053e+20,1.5357919101745596e+22,2.0690436719320056e+19,0.9781191378198449,0.0007711845146863772
mpp,200.0,0.6388568014660193,2.986303591691053e-10,2.7148214469918663e-05,745376800032.1263,1.1899571877645861e+20,1.5357919101745596e+22,2.0756809834179805e+19,0.9781174205647308,0.0008400404386311354
mpp,200.0,0.6388568014660193,3.239613612005532e-10,2.9451032836413926e-05,748369414985.8287,1.1891083780134963e+20,1.5357919101745596e+22,2.0825280886472065e+19,0.9781154976217442,0.0009110428935697151
mpp,200.0,0.6388568014660193,3.5009633327559573e-10,3.182693938869052e-05,751460841186.7697,1.18823313155438e+20,1.5357919101745596e+22,2.0895915852149625e+19,0.9781133540091551,0.0009842575202206804
mpp,200.0,0.6388568014660193,3.770607882569443e-10,3.427825347790403e-05,754654464230.06,1.1873306422797505e+20,1.5357919101745596e+22,2.0968782757545374e+19,0.9781109738373664,0.0010597518848204078
mpp,200.0,0.6388568014660193,4.048810483650578e-10,3.680736803318707e-05,757953793525.3019,1.1864000806598525e+20,1.5357919101745596e+22,2.1043951741260214e+19,0.9781083402615769,0.001137595530340996
mpp,200.0,0.6388568014660193,4.335842708358961e-10,3.9416751894172375e-05,761362467308.818,1.1854405931418929e+20,1.5357919101745596e+22,2.1121495117762703e+19,0.9781054354324704,0.0012178600287107355
mpp,200.0,0.6388568014660193,4.631984743932449e-10,4.210895221756772e-05,764884257887.8236,1.1844513015391096e+20,1.5357919101745596e+22,2.120148744274795e+19,0.9781022404448888,0.0013006190340501302
mpp,200.0,0.6388568014660193,4.937525665545395e-10,4.488659695950359e-05,768523077127.965,1.1834313024108995e+20,1.5357919101745596e+22,2.1284005580279874e+19,0.9780987352844491,0.0013859483368978544
mpp,200.0,0.6388568014660193,5.252763718117115e-10,4.775239743742832e-05,772282982198.9655,1.1823796664338316e+20,1.5357919101745596e+22,2.136912877179061e+19,0.9780948987720637,0.001473925919459456
mpp,200.0,0.6388568014660193,5.578006606901109e-10,5.0709150971828265e-05,776168181589.4099,1.1812954377648447e+20,1.5357919101745596e+22,2.1456938706911396e+19,0.9780907085063363,0.0015646320117991938
mpp,200.0,0.6388568014660193,5.91357179736185e-10,5.375974361238045e-05,780183041408.2198,1.1801776333952744e+20,1.5357919101745596e+22,2.154751959621347e+19,0.9780861408037965,0.0016581491490232384
mpp,200.0,0.6388568014660193,6.259786824534542e-10,5.690715295031401e-05,784332091986.9062,1.179025242497681e+20,1.5357919101745596e+22,2.1640958245878395e+19,0.9780811706369518,0.001754562229409886
mpp,200.0,0.6388568014660193,6.61698961216095e-10,6.0154451019645006e-05,788620034799.0164,1.177837225766366e+20,1.5357919101745596e+22,2.1737344134330405e+19,0.9780757715701364,0.0018539585734639618
mpp,200.0,0.6388568014660193,6.985528801894402e-10,6.350480728994912e-05,793051749714.1995,1.1766125147517349e+20,1.5357919101745596e+22,2.1836769490850898e+19,0.9780699156931402,0.001956427983866445
mpp,200.0,0.6388568014660193,7.365764092976956e-10,6.696149175433597e-05,797632302606.7329,1.1753500111881393e+20,1.5357919101745596e+22,2.1939329376215167e+19,0.9780635735526103,0.00206206280631444
mpp,200.0,0.6388568014660193,7.758066592602475e-10,7.052787811456795e-05,802366953336.4467,1.1740485863180861e+20,1.5357919101745596e+22,2.2045121765366735e+19,0.9780567140812222,0.002170957991187118
mpp,200.0,0.6388568014660193,8.162819177441882e-10,7.420744706765348e-05,807261164124.6532,1.1727070802133824e+20,1.5357919101745596e+22,2.2154247632190915e+19,0.9780493045246268,0.002283211156039073
mpp,200.0,0.6388568014660193,8.580416866495465e-10,7.800378969541333e-05,812320608345.533,1.171324301092564e+20,1.5357919101745596e+22,2.2266811036327297e+19,0.9780413103661874,0.0023989226488284423
mpp,200.0,0.6388568014660193,9.011267205821794e-10,8.19206109620163e-05,817551179758.8599,1.1698990246372463e+20,1.5357919101745596e+22,2.2382919212127937e+19,0.9780326952495254,0.0025181956118860093
mpp,200.0,0.6388568014660193,9.455790665399698e-10,8.596173332181545e-05,822959002207.2826,1.1684299933098343e+20,1.5357919101745596e+22,2.2502682659744887e+19,0.9780234208989095,0.002641136046541686
mpp,200.0,0.6388568014660193,9.914421048550782e-10,9.013110044137074e-05,828550439806.0818,1.1669159156705953e+20,1.5357919101745596e+22,2.2626215238325846e+19,0.9780134470375287,0.0027678528783634483
mpp,200.0,0.6388568014660193,1.0387605914276564e-09,9.443278103887787e-05,834332107653.5038,1.1653554656985435e+20,1.5357919101745596e+22,2.2753634261370704e+19,0.978002731303701,0.0028984580229341815
mpp,200.0,0.6388568014660193,1.0875807012974414e-09,9.887097284522195e-05,840310883091.8931,1.1637472821181368e+20,1.5357919101745596e+22,2.2885060594255516e+19,0.9779912291650821,0.003033066452112573
mpp,200.0,0.6388568014660193,1.1379500735910763e-09,0.00010345000669009785,846493917551.9672,1.1620899677298845e+20,1.5357919101745596e+22,2.3020618753851666e+19,0.9779788938309515,0.003171796260690268
mpp,200.0,0.6388568014660193,1.1899178578885228e-09,0.00010817435071713843,852888649014.9674,1.1603820887519286e+20,1.5357919101745596e+22,2.3160437010341786e+19,0.9779656761626631,0.0033147687333619905
mpp,200.0,0.6388568014660193,1.243534762056797e-09,0.0001130486147324361,859502815128.4272,1.1586221741712513e+20,1.5357919101745596e+22,2.3304647491127177e+19,0.9779515245823647,0.0034621084119274954
mpp,200.0,0.6388568014660193,1.2988531015943882e-09,0.00011807755469039893,866344467015.5994,1.15680871510711e+20,1.5357919101745596e+22,2.3453386286836756e+19,0.9779363849801059,0.003613943162618889
mpp,200.0,0.6388568014660193,1.3559268505321519e-09,0.00012326607732110473,873421983819.3639,1.1549401641927246e+20,1.5357919101745596e+22,2.360679355946067e+19,0.9779202006194644,0.003770404243441267
mpp,200.0,0.6388568014660193,1.4148116939419752e-09,0.00012861924490381593,880744088024.3376,1.1530149349719007e+20,1.5357919101745596e+22,2.3765013652433224e+19,0.9779029120418429,0.003931626371416729
mpp,200.0,0.6388568014660193,1.475565082107555e-09,0.0001341422801915959,888319861606.8705,1.1510314013209238e+20,1.5357919101745596e+22,2.392819520283492e+19,0.9778844569696002,0.004097747789616552
mpp,200.0,0.6388568014660193,1.5382462863975932e-09,0.0001398405714906903,896158763059.4382,1.1489878968916671e+20,1.5357919101745596e+22,2.4096491255400186e+19,0.9778647702082052,0.004268910333813683
mpp,200.0,0.6388568014660193,1.602916456910408e-09,0.0001457196779009462,904270645347.1519,1.1468827145863165e+20,1.5357919101745596e+22,2.4270059378517602e+19,0.9778437835476078,0.004445259498651446
mpp,200.0,0.6388568014660193,1.6696386819333165e-09,0.00015178533472121059,912665774850.9598,1.1447141060610123e+20,1.5357919101745596e+22,2.4449061781931954e+19,0.9778214256630565,0.004626944503138622
mpp,200.0,0.6388568014660193,1.738478049276626e-09,0.00015804345902514783,921354851359.4048,1.1424802812690352e+20,1.5357919101745596e+22,2.4633665436206027e+19,0.9777976220155983,0.00481411835531011
mpp,200.0,0.6388568014660193,1.8095017095494103e-09,0.00016450015541358276,930349029176.0267,1.1401794080409451e+20,1.5357919101745596e+22,2.4824042193740603e+19,0.9777722947525198,0.0050069379158952975
mpp,200.0,0.6388568014660193,1.8827789414216367e-09,0.00017116172194742152,939659939408.7065,1.1378096117140349e+20,1.5357919101745596e+22,2.5020368911291707e+19,0.9777453626080174,0.005205563960757292
mpp,200.0,0.6388568014660193,1.958381218950811e-09,0.00017803465626825554,949299713519.6521,1.1353689748081485e+20,1.5357919101745596e+22,2.5222827573786665e+19,0.9777167408043931,0.005410161241939294
mpp,200.0,0.6388568014660193,2.0363822810287035e-09,0.00018512566191170032,959281008212.0151,1.1328555367609442e+20,1.5357919101745596e+22,2.5431605419343884e+19,0.9776863409541022,0.005620898547073874
mpp,200.0,0.6388568014660193,2.1168582030189895e-09,0.00019244165481990816,969617031741.7721,1.13026729372213e+20,1.5357919101745596e+22,2.5646895065272787e+19,0.9776540709629961,0.0058379487569327065
mpp,200.0,0.6388568014660193,2.199887470647477e-09,0.00019998977005886154,980321571742.2643,1.1276021984165859e+20,1.5357919101745596e+22,2.5868894634833625e+19,0.9776198349351355,0.006061488900849088
mpp,200.0,0.6388568014660193,2.285551056227353e-09,0.00020777736874794117,991409024662.8317,1.1248581600827148e+20,1.5357919101745596e+22,2.609780788463382e+19,0.9775835330795516,0.006291700209780436
mpp,200.0,0.6388568014660193,2.3739324972774643e-09,0.00021581204520704222,1002894426922.0311,1.1220330444903981e+20,1.5357919101745596e+22,2.6333844332247937e+19,0.9775450616193815,0.006528768166690147
mpp,200.0,0.6388568014660193,2.4651179776252194e-09,0.00022410163432956542,1014793487890.0558,1.119124674049312e+20,1.5357919101745596e+22,2.657721938393792e+19,0.9775043127038009,0.006772882553996046
mpp,200.0,0.6388568014660193,2.5591964110509015e-09,0.00023265421918644558,1027122624817.3595,1.1161308280146294e+20,1.5357919101745596e+22,2.6828154462078177e+19,0.9774611743232205,0.007024237497715711
mpp,200.0,0.6388568014660193,2.656259527577809e-09,0.0002414781388707099,1039898999838.8911,1.113049242796544e+20,1.5357919101745596e+22,2.708687713193666e+19,0.9774155302282173,0.007283031508042726
mpp,200.0,0.6388568014660193,2.756401962466237e-09,0.00025058199658783975,1053140559190.258,1.1098776123853996e+20,1.5357919101745596e+22,2.735362122748997e+19,0.9773672598527073,0.007549467515938778
mpp,200.0,0.6388568014660193,2.8597213480120453e-09,0.00025997466800109503,1066866074781.7676,1.1066135889008635e+20,1.5357919101745596e+22,2.7628626975805837e+19,0.9773162382418802,0.007823752905415609
mpp,200.0,0.6388568014660193,2.9663184082353023e-09,0.00026966530983957293,1081095188289.1218,1.1032547832746256e+20,1.5357919101745596e+22,2.7912141119575855e+19,0.9772623359854333,0.008106099541113744
mpp,200.0,0.6388568014660193,3.0762970565353374e-09,0.0002796633687759398,1095848457926.9117,1.0997987660778468e+20,1.5357919101745596e+22,2.8204417037252936e+19,0.977205419156679,0.00839672379073431
mpp,200.0,0.6388568014660193,3.189764496423941e-09,0.00028997859058399467,1111147408086.7622,1.0962430685044344e+20,1.5357919101745596e+22,2.8505714860280734e+19,0.9771453492580964,0.00869584654194706
mpp,200.0,0.6388568014660193,3.306831325422199e-09,0.0003006210295838363,1127014582033.6477,1.0925851835219116e+20,1.5357919101745596e+22,2.881630158682098e+19,0.9770819831739292,0.009003693213300351
mpp,200.0,0.6388568014660193,3.427611642213779e-09,0.00031160105838307084,1143473597866.7007,1.0888225672023979e+20,1.5357919101745596e+22,2.9136451191307686e+19,0.977015173130456,0.009320493758650501
mpp,200.0,0.6388568014660193,3.552223157170686e-09,0.00032292937792460785,1160549207968.1614,1.0849526402461916e+20,1.5357919101745596e+22,2.946644472913402e+19,0.9769447666645513,0.009646482664660706
mpp,200.0,0.6388568014660193,3.680787306341249e-09,0.00033461702784920444,1178267362177.869,1.080972789711968e+20,1.5357919101745596e+22,2.9806570435690422e+19,0.9768706066011964,0.009981898940821911
mpp,200.0,0.6388568014660193,3.813429369018795e-09,0.0003466753971835268,1196655274951.3313,1.0768803709673805e+20,1.5357919101745596e+22,3.0157123818952823e+19,0.9767925310405946,0.010326986101494873
mpp,200.0,0.6388568014660193,3.950278588993605e-09,0.00035911623536305504,1215741496774.2336,1.0726727098750385e+20,1.5357919101745596e+22,3.0518407744685662e+19,0.9767103733555623,0.01068199213940216
mpp,200.0,0.6388568014660193,4.091468299609047e-09,0.00037195166360082244,1235555990129.7522,1.0683471052289325e+20,1.5357919101745596e+22,3.089073251330562e+19,0.9766239621998789,0.011047169490018199
mpp,200.0,0.6388568014660193,4.2371360527360675e-09,0.0003851941866123698,1256130210335.1028,1.0639008314572146e+20,1.5357919101745596e+22,3.1274415927354446e+19,0.9765331215282768,0.011422774986259437
mpp,200.0,0.6388568014660193,4.387423751783914e-09,0.0003988567047076286,1277497191587.3218,1.0593311416077746e+20,1.5357919101745596e+22,3.166978334844674e+19,0.9764376706287746,0.011809069802858424
mpp,200.0,0.6388568014660193,4.5424777888789516e-09,0.00041295252626172285,1299691638584.4622,1.0546352706331745e+20,1.5357919101745596e+22,3.2077167742485918e+19,0.976337424168038,0.012206319389814556
mpp,200.0,0.6388568014660193,4.702449186337998e-09,0.00042749538057618164,1322750024114.3992,1.0498104389922225e+20,1.5357919101745596e+22,3.249690971184129e+19,0.9762321922504665,0.012614793394273183
mpp,200.0,0.6388568014660193,4.8674937425619564e-09,0.0004424994311419961,1346710693032.4336,1.0448538565859595e+20,1.5357919101745596e+22,3.2929357513075393e+19,0.976121780491702,0.013034765570157914
mpp,200.0,0.6388568014660193,5.03777218249446e-09,0.0004579792893176782,1371613973081.8796,1.0397627270456577e+20,1.5357919101745596e+22,3.337486705874001e+19,0.9760059901072401,0.013466513674905058
mpp,200.0,0.6388568014660193,5.213450312782919e-09,0.0004739500284348108,1397502293044.4785,1.0345342523913128e+20,1.5357919101745596e+22,3.3833801901652886e+19,0.9758846180168237,0.013910319352607265
mpp,200.0,0.6388568014660193,5.394699181784867e-09,0.0004904271983440789,1424420308744.0466,1.0291656380788633e+20,1.5357919101745596e+22,3.430653319994248e+19,0.9757574569652822,0.014366468002866459
mpp,200.0,0.6388568014660193,5.581695244568585e-09,0.0005074268404153259,1452415037466.1194,1.0236540984532217e+20,1.5357919101745596e+22,3.479343966101628e+19,0.9756242956604686,0.014835248634652527
mpp,200.0,0.6388568014660193,5.7746205330643226e-09,0.0005249655030058475,1481536001399.2363,1.0179968626265914e+20,1.5357919101745596e+22,3.5294907462578192e+19,0.9754849189289178,0.015316953704465914
mpp,200.0,0.6388568014660193,5.973662831521231e-09,0.000543060257411021,1511835380748.1096,1.0121911808002848e+20,1.5357919101745596e+22,3.581133014866727e+19,0.9753391078898324,0.015811878938085035
mpp,200.0,0.6388568014660193,6.179015857431192e-09,0.0005617287143119265,1543368177218.216,1.0062343310440695e+20,1.5357919101745596e+22,3.6343108498433008e+19,0.9751866401479777,0.01632032313518385
mpp,200.0,0.6388568014660193,6.390879448088693e-09,0.0005809890407353357,1576192388624.3213,1.0001236265549388e+20,1.5357919101745596e+22,3.6890650365561418e+19,0.9750272900060218,0.0168425879561172
mpp,200.0,0.6388568014660193,6.609459752962621e-09,0.0006008599775420564,1610369195432.7134,9.93856423405399e+19,1.5357919101745596e+22,3.745437048575109e+19,0.9748608286968272,0.017378977690184066
mpp,200.0,0.6388568014660193,6.83496943204237e-09,0.0006213608574583973,1645963160105.1763,9.87430128801607e+19,1.5357919101745596e+22,3.803469024987224e+19,0.9746870246361677,0.017929799004646637
mpp,200.0,0.6388568014660193,7.067627860364078e-09,0.0006425116236694617,1683042440183.9392,9.808422098588949e+19,1.5357919101745596e+22,3.8632037440021406e+19,0.9745056436962664,0.01849536067389465
mpp,200.0,0.6388568014660193,7.30766133887939e-09,0.0006643328489890354,1721679016120.5122,9.740902029124579e+19,1.5357919101745596e+22,3.924684592584217e+19,0.9743164495005329,0.019075973288048404
mpp,200.0,0.6388568014660193,7.555303311878037e-09,0.0006868457556252761,1761948934933.529,9.671717233671668e+19,1.5357919101745596e+22,3.987955531806253e+19,0.974119203739791,0.01967194894042921
mpp,200.0,0.6388568014660193,7.810794591152303e-09,0.0007100722355593003,1803932570858.4705,9.600844760976826e+19,1.5357919101745596e+22,4.0530610576353935e+19,0.9739136665102338,0.0202836008932913
mpp,200.0,0.6388568014660193,8.074383587114653e-09,0.0007340348715558775,1847714904241.8745,9.528262664025288e+19,1.5357919101745596e+22,4.120046156836471e+19,0.9736995966732672,0.020911243221293657
mpp,200.0,0.6388568014660193,8.346326547068184e-09,0.0007587569588243803,1893385820025.1973,9.453950115129595e+19,1.5357919101745596e+22,4.188956257663942e+19,0.9734767522373303,0.02155519043219807
mpp,200.0,0.6388568014660193,8.62688780086257e-09,0.0007842625273511428,1941040427267.6765,9.377887526551042e+19,1.5357919101745596e+22,4.2598371750161375e+19,0.9732448907616762,0.02221575706440118
mpp,200.0,0.6388568014660193,8.916340014136991e-09,0.0008105763649215447,1990779401262.0425,9.300056676600024e+19,1.5357919101745596e+22,4.332735049705512e+19,0.9730037697820327,0.022893257260884897
mpp,200.0,0.6388568014660193,9.214964449395513e-09,0.0008377240408541375,2042709349918.9607,9.220440841104908e+19,1.5357919101745596e+22,4.4076962815003255e+19,0.9727531472579302,0.023588004319333465
mpp,200.0,0.6388568014660193,9.523051235139635e-09,0.0008657319304672395,2096943206215.5059,9.139024930099803e+19,1.5357919101745596e+22,4.4847674555758354e+19,0.972492782041397,0.02430031021818383
mpp,200.0,0.6388568014660193,9.840899643304701e-09,0.0008946272403004274,2153600648640.122,9.055795629522715e+19,1.5357919101745596e+22,4.563995262015947e+19,0.9722224343665976,0.025030485118505114
mpp,200.0,0.6388568014660193,1.0168818375244415e-08,0.0009244380341131286,2212808551711.9663,8.970741547658519e+19,1.5357919101745596e+22,4.645426408005404e+19,0.9719418663598626,0.025778836841683785
mpp,200.0,0.6388568014660193,1.050712585652297e-08,0.0009551932596839063,2274701468802.9536,8.88385336599373e+19,1.5357919101745596e+22,4.729107522345374e+19,0.971650842569434,0.026545670323023178
mpp,200.0,0.6388568014660193,1.0856150540770048e-08,0.0009869227764336408,2339422149652.7354,8.795123994084645e+19,1.5357919101745596e+22,4.815085051922952e+19,0.9713491305141044,0.027331287041462694
mpp,200.0,0.6388568014660193,1.1216231222873463e-08,0.0010196573838975875,2407122095153.8647,8.704548727964605e+19,1.5357919101745596e+22,4.903405149792591e+19,0.9710365012497835,0.028135984425783862
mpp,200.0,0.6388568014660193,1.1587717361786653e-08,0.001053428851071514,2477962152158.0527,8.612125411523207e+19,1.5357919101745596e+22,4.994113554498334e+19,0.9707127299528632,0.02896005523780249
mpp,200.0,0.6388568014660193,1.1970969413231335e-08,0.0010882699466573942,2552113151263.369,8.517854600226883e+19,1.5357919101745596e+22,5.0872554603041825e+19,0.9703775965191049,0.029803786933190815
mpp,200.0,0.6388568014660193,1.2366359172584106e-08,0.0011242144702349188,2629756590755.788,8.421739726463545e+19,1.5357919101745596e+22,5.182875378017899e+19,0.9700308861765946,0.03066746100074049
mpp,200.0,0.6388568014660193,1.2774270128259657e-08,0.0011612972843872416,2711085370098.0903,8.323787265650465e+19,1.5357919101745596e+22,5.281016986062559e+19,0.9696723901111258,0.031551352281086985
mpp,200.0,0.6388568014660193,1.3195097825883073e-08,0.001199554347807552,2796304576615.201,8.224006902245677e+19,1.5357919101745596e+22,5.381722971559551e+19,0.969301906102219,0.032455728266038264
mpp,200.0,0.6388568014660193,1.3629250243573032e-08,0.0012390227494157302,2885632329260.4165,8.122411694591577e+19,1.5357919101745596e+22,5.485034861100325e+19,0.9689192391677756,0.033380848379891165
mpp,200.0,0.6388568014660193,1.4077148178667454e-08,0.001279740743515223,2979300683646.333,8.019018237525937e+19,1.5357919101745596e+22,5.590992841032735e+19,0.968524202215184,0.03432696324432264
mpp,200.0,0.6388568014660193,1.4539225646207298e-08,0.0013217477860188453,3077556602784.7207,7.913846821524126e+19,1.5357919101745596e+22,5.699635567022211e+19,0.9681166166965208,0.035294313928600544
mpp,200.0,0.6388568014660193,1.501593028953513e-08,0.0013650845717759208,3180662998304.363,7.806921587070417e+19,1.5357919101745596e+22,5.810999962747063e+19,0.9676963132652754,0.0362831311871429
mpp,200.0,0.6388568014660193,1.55077238033528e-08,0.001409793073032073,3288899847233.7236,7.698270672865508e+19,1.5357919101745596e+22,5.925121007624373e+19,0.9672631324318561,0.03729363468662972
mpp,200.0,0.6388568014660193,1.6015082369593702e-08,0.001455916579053973,3402565389760.358,7.587926356376524e+19,1.5357919101745596e+22,6.042031513483125e+19,0.9668169252149466,0.03832603222509994
mpp,200.0,0.6388568014660193,1.6538497106481364e-08,0.0015034997369528513,3521977413756.521,7.475925185158559e+19,1.5357919101745596e+22,6.161761890195457e+19,0.9663575537855948,0.03938051894570671
mpp,200.0,0.6388568014660193,1.7078474531153074e-08,0.0015525885937411887,3647474632219.5957,7.362308097303633e+19,1.5357919101745596e+22,6.284339900314564e+19,0.9658848921007473,0.040457276548023245
mpp,200.0,0.6388568014660193,1.7635537036227667e-08,0.0016032306396570606,3779418160165.1934,7.247120529311507e+19,1.5357919101745596e+22,6.409790402829915e+19,0.965398826522783,0.04155647249999663
mpp,200.0,0.6388568014660193,1.8210223380721703e-08,0.001655474852792882,3918193097926.6445,7.130412509623358e+19,1.5357919101745596e+22,6.538135086234602e+19,0.9648992564214363,0.042678259253895116
mpp,200.0,0.6388568014660193,1.8803089195716493e-08,0.0017093717450651358,4064210228234.769,7.012238736027414e+19,1.5357919101745596e+22,6.669392191168853e+19,0.9643860947543759,0.04382277346978114
mpp,200.0,0.6388568014660193,1.9414707505186866e-08,0.0017649734095624425,4217907834884.5044,6.892658635134896e+19,1.5357919101745596e+22,6.803576222979215e+19,0.963859268622582,0.044990135250239705
mpp,200.0,0.6388568014660193,2.0045669262421574e-08,0.001822333569311052,4379753651253.231,6.771736402119236e+19,1.5357919101745596e+22,6.940697654616301e+19,0.9633187197965664,0.04618044739029555
mpp,200.0,0.6388568014660193,2.069658390247253e-08,0.0018815076274975029,4550246947400.385,6.649541018932964e+19,1.5357919101745596e+22,7.080762620374599e+19,0.9627644052094019,0.04739379464661668
mpp,200.0,0.6388568014660193,2.1368079911068928e-08,0.0019425527191880843,4729920764948.724,6.526146249305744e+19,1.5357919101745596e+22,7.223772601097179e+19,0.9621962974124935,0.048630243030230884
mpp,200.0,0.6388568014660193,2.2060805410459572e-08,0.002005527764587234,4919344309435.886,6.401630608836555e+19,1.5357919101745596e+22,7.369724101498622e+19,0.961614384989993,0.04988983912714247
mpp,200.0,0.6388568014660193,2.2775428762647043e-08,0.002070493523877004,5119125510310.395,6.276077308680787e+19,1.5357919101745596e+22,7.51860832043226e+19,0.9610186729277769,0.051172609451318074
mpp,200.0,0.6388568014660193,2.351263919048374e-08,0.00213751265368034,5329913759234.739,6.149574171396996e+19,1.5357919101745596e+22,7.670410814943647e+19,0.9604091829329677,0.05247855983457714
mpp,200.0,0.6388568014660193,2.4273147417125106e-08,0.0022066497651931916,5552402837848.829,6.022213517731781e+19,1.5357919101745596e+22,7.825111159103536e+19,0.9597859537000546,0.053807674857989124
mpp,200.0,0.6388568014660193,2.5057686324324814e-08,0.0022779714840295284,5787334046620.932,5.894092023303907e+19,1.5357919101745596e+22,7.982682598682378e+19,0.9591490411198094,0.0551599173293477
mpp,200.0,0.6388568014660193,2.586701163008731e-08,0.002351546511826119,6035499546884.416,5.765310544373778e+19,1.5357919101745596e+22,8.143091702827839e+19,0.9584985184273569,0.05653522781129517
mpp,200.0,0.6388568014660193,2.670190258619126e-08,0.002427445689653751,6297745928600.548,5.635973912150291e+19,1.5357919101745596e+22,8.306298013996617e+19,0.9578344762859781,0.05793352420457555
mpp,200.0,0.6388568014660193,2.7563162696108976e-08,0.0025057420632826344,6574978016806.685,5.506190695374609e+19,1.5357919101745596e+22,8.472253697486946e+19,0.9571570228034827,0.05935470139078212
mpp,200.0,0.6388568014660193,2.84516204538629e-08,0.002586510950351173,6868162930093.889,5.376072931233618e+19,1.5357919101745596e+22,8.640903192004121e+19,0.9564662834782933,0.06079863093881531
mpp,200.0,0.6388568014660193,2.9368130104358903e-08,0.002669830009487173,7178334404789.826,5.2457358249955795e+19,1.5357919101745596e+22,8.812182862772753e+19,0.9557624010727314,0.062265160879043706
mpp,200.0,0.6388568014660193,3.031357242576549e-08,0.0027557793114332263,7506597398812.995,5.115297419115415e+19,1.5357919101745596e+22,8.986020658797699e+19,0.9550455354113832,0.06375411554894267
mpp,200.0,0.6388568014660193,3.12888555344934e-08,0.0028444414122266726,7854132989363.709,4.9848782329351365e+19,1.5357919101745596e+22,9.162335775943628e+19,0.954315863102869,0.06526529551364979
mpp,200.0,0.6388568014660193,3.2294915713363566e-08,0.0029359014284875973,8222203578766.342,4.854600874490003e+19,1.5357919101745596e+22,9.341038327602033e+19,0.9535735771838045,0.06679847756457447
mpp,200.0,0.6388568014660193,3.3332718263538116e-08,0.0030302471148671017,8612158422811.984,4.724589626302018e+19,1.5357919101745596e+22,9.522029024753766e+19,0.9528188866842598,0.06835341479878015
mpp,200.0,0.6388568014660193,3.44032583808237e-08,0.0031275689437112453,9025439495873.236,4.59497000745521e+19,1.5357919101745596e+22,9.70519886734398e+19,0.9520520161145597,0.06992983678147213
mpp,200.0,0.6388568014660193,3.550756205694139e-08,0.0032279601869946717,9463587706855.914,4.465868314593175e+19,1.5357919101745596e+22,9.890428848890436e+19,0.9512732048738449,0.0715274497934246
mpp,200.0,0.6388568014660193,3.664668700637741e-08,0.0033315170005797645,9928249479765.525,4.33741114486499e+19,1.5357919101745596e+22,1.0077589676423623e+20,0.9504827065814102,0.07314593716470187
mpp,200.0,0.6388568014660193,3.7821723619446636e-08,0.003438338510858785,10421183712094.57,4.2097249041517535e+19,1.5357919101745596e+22,1.0266541507777855e+20,0.9496807883324312,0.07478495969551498
mpp,200.0,0.6388568014660193,3.9033795942180146e-08,0.003548526903834559,10944269123583.572,4.082935304240588e+19,1.5357919101745596e+22,1.0457133708423779e+20,0.9488677298803323,0.0764441561644627
mpp,200.0,0.6388568014660193,4.0284062683698775e-08,0.0036621875166998885,11499512007090.645,3.957166852849899e+19,1.5357919101745596e+22,1.0649204630091435e+20,0.94804382274864,0.07812314392389635
mpp,200.0,0.6388568014660193,4.157371825168804e-08,0.00377942893197164,12089054392036.852,3.832542340644122e+19,1.5357919101745596e+22,1.0842581413371588e+20,0.9472093692758135,0.079821519581491
mpp,200.0,0.6388568014660193,4.290399381665122e-08,0.00390036307424102,12715182629792.889,3.7091823295392735e+19,1.5357919101745596e+22,1.10370798167679e+20,0.9463646815971102,0.08153885976659189
mpp,200.0,0.6388568014660193,4.4276158405582135e-08,0.004025105309598376,13380336408482.854,3.5872046467116626e+19,1.5357919101745596e+22,1.1232504074468439e+20,0.945510080568146,0.0832747219792618
mpp,200.0,0.6388568014660193,4.5691520025717855e-08,0.0041537745477925325,14087118203096.146,3.466723888771653e+19,1.5357919101745596e+22,1.1428646785448195e+20,0.9446458946353474,0.08502864551939572
mpp,200.0,0.6388568014660193,4.715142681904483e-08,0.0042864933471858935,14838303164309.018,3.347850940549254e+19,1.5357919101745596e+22,1.1625288836298025e+20,0.9437724586589962,0.08680015249271796
mpp,200.0,0.6388568014660193,4.865726824822575e-08,0.004423388022565977,15636849447212.846,3.2306925128587497e+19,1.5357919101745596e+22,1.1822199360503297e+20,0.9428901126950279,0.08858874888992627
mpp,200.0,0.6388568014660193,5.021047631461167e-08,0.0045645887558737885,16485908978064.31,3.1153507034635485e+19,1.5357919101745596e+22,1.2019135736739642e+20,0.9419992007421644,0.09039392573473425
mpp,200.0,0.6388568014660193,5.1812526809014605e-08,0.0047102297099104184,17388838654137.887,3.0019225852505317e+19,1.5357919101745596e+22,1.2215843628928347e+20,0.9411000694612893,0.09221516029610727
mpp,200.0,0.6388568014660193,5.3464940595922046e-08,0.004860449145083823,18349211968269.098,2.890499825346041e+19,1.5357919101745596e+22,1.2412057070845883e+20,0.9401930668742595,0.09405191735956937
mpp,200.0,0.6388568014660193,5.516928493180878e-08,0.005015389539255344,19370831045646.613,2.7811683385777586e+19,1.5357919101745596e+22,1.2607498598020035e+20,0.9392785410495644,0.09590365055205799
mpp,200.0,0.6388568014660193,5.692717481823145e-08,0.005175197710748314,20457739076358.055,2.6740079783008317e+19,1.5357919101745596e+22,1.2801879429799893e+20,0.9383568387823591,0.0977698037145247
mpp,200.0,0.6388568014660193,5.8740274390359504e-08,0.005340024944578137,21614233122599.9,2.5690922671693365e+19,1.5357919101745596e+22,1.2994899704433055e+20,0.937428304276472,0.09964981231619377
mpp,200.0,0.6388568014660193,6.061029834160731e-08,0.0055100271219643004,22844877274528.32,2.466488169968917e+19,1.5357919101745596e+22,1.3186248769955945e+20,0.9364932778359557,0.10154310490421906
mpp,200.0,0.6388568014660193,6.253901338502271e-08,0.005685364853183883,24154516123639.793,2.366255910129073e+19,1.5357919101745596e+22,1.3375605533729479e+20,0.9355520945736512,0.10344910458235394
mpp,200.0,0.6388568014660193,6.452823975206651e-08,0.005866203613824228,25548288517186.457,2.2684488310006227e+19,1.5357919101745596e+22,1.3562638873336028e+20,0.9346050831440694,0.1053672305121834
mpp,200.0,0.6388568014660193,6.657985272942628e-08,0.006052713884493299,27031641551533.293,2.1731133024706863e+19,1.5357919101745596e+22,1.3747008111538858e+20,0.9336525645076319,0.10729689943050363
mpp,200.0,0.6388568014660193,6.869578423447609e-08,0.006245071294043281,28610344756645.863,2.0802886729357767e+19,1.5357919101745596e+22,1.392836355776883e+20,0.9326948507330147,0.1092375271764993
mpp,200.0,0.6388568014660193,7.087802442999102e-08,0.006443456766362821,30290504418198.29,1.9900072661457654e+19,1.5357919101745596e+22,1.4106347118534894e+20,0.9317322438439495,0.11118853022253508
mpp,200.0,0.6388568014660193,7.312862337869174e-08,0.006648056670790159,32078577978125.77,1.902294421918203e+19,1.5357919101745596e+22,1.4280592978894166e+20,0.9307650347164136,0.11314932720257789
mpp,200.0,0.6388568014660193,7.544969273820284e-08,0.006859062976200259,33981388449008.977,1.8171685792423123e+19,1.5357919101745596e+22,1.4450728356853604e+20,0.929793502031652,0.11511934043257285
mpp,200.0,0.6388568014660193,7.784340749694441e-08,0.007076673408813128,36006138772547.81,1.7346413998569984e+19,1.5357919101745596e+22,1.4616374332310664e+20,0.928817911289973,0.11709799741739244
mpp,200.0,0.6388568014660193,8.031200775148666e-08,0.007301091613771515,38160426047834.63,1.654717929977298e+19,1.5357919101745596e+22,1.4777146751745478e+20,0.9278385138897036,0.11908473233939819
mpp,200.0,0.6388568014660193,8.285780052584041e-08,0.007532527320530946,40452255551244.71,1.5773967974925249e+19,1.5357919101745596e+22,1.4932657209471553e+20,0.9268555462751377,0.12107898752406311
mpp,200.0,0.6388568014660193,8.548316163314407e-08,0.007771196512104006,42890054466899.836,1.5026704416590981e+19,1.5357919101745596e+22,1.5082514105827374e+20,0.925869229156743,0.12308021487859198
mpp,200.0,0.6388568014660193,8.81905375801531e-08,0.008017321598195737,45482685244954.43,1.4305253720626276e+19,1.5357919101745596e+22,1.5226323782162976e+20,0.9248797668063252,0.12508787729996637
mpp,200.0,0.6388568014660193,9.098244751490158e-08,0.00827113159226378,48239458504795.34,1.3609424534347227e+19,1.5357919101745596e+22,1.5363691731936395e+20,0.9238873464293155,0.12710145004937645
mpp,200.0,0.6388568014660193,9.38614852178688e-08,0.008532862292533527,51170145401936.2,1.293897212777915e+19,1.5357919101745596e+22,1.5494223886647634e+20,0.9228921376158145,0.12912042209055571
mpp,200.0,0.6388568014660193,9.683032113691836e-08,0.008802756466992578,54284989381275.08,1.2293601651782654e+19,1.5357919101745596e+22,1.561752797471869e+20,0.9218942918715571,0.13114429739008365
mpp,200.0,0.6388568014660193,9.989170446622597e-08,0.00908106404238418,57594717245932.49,1.1672971546649244e+19,1.5357919101745596e+22,1.5733214950777612e+20,0.9208939422295281,0.1331725961782894
mpp,200.0,0.6388568014660193,1.030484652693735e-07,0.009368042297215773,61110549480547.0,1.1076697065077717e+19,1.5357919101745596e+22,1.5840900492135154e+20,0.9198912029425782,0.13520485616996453
mpp,200.0,0.6388568014660193,1.0630351664667048e-07,0.009663956058788226,64844209781106.734,1.0504353874260754e+19,1.5357919101745596e+22,1.5940206558553483e+20,0.9188861692570989,0.13724063374461365
mpp,200.0,0.6388568014660193,1.0965985694675306e-07,0.009969077904250279,68807933760872.07,9.955481703041681e+18,1.5357919101745596e+22,1.603076301072499e+20,0.9178789172675732,0.13927950508654724
mpp,200.0,0.6388568014660193,1.131205720223829e-07,0.010283688365671173,73014476824124.81,9.429588001740394e+18,1.5357919101745596e+22,1.6112209282190954e+20,0.9168695038516856,0.14132106728560792
mpp,200.0,0.6388568014660193,1.1668883753031101e-07,0.010608076139119182,77477121227171.23,8.926151584201671e+18,1.5357919101745596e+22,1.6184196098762067e+20,0.9158579666856188,0.14336493939982675
mpp,200.0,0.6388568014660193,1.2036792127497026e-07,0.010942538297724569,82209682379963.45,8.444626223851203e+18,1.5357919101745596e+22,1.624638723885648e+20,0.9148443243392226,0.14541076348176252
mpp,200.0,0.6388568014660193,1.241611855956522e-07,0.011287380508695655,87226514482642.6,7.984444177992497e+18,1.5357919101745596e+22,1.6298461327557273e+20,0.9138285764508984,0.1474582055706943
mpp,200.0,0.6388568014660193,1.2807208979674554e-07,0.011642917254249596,92542515640292.1,7.545019617174179e+18,1.5357919101745596e+22,1.6340113656621148e+20,0.9128107039823107,0.1495069566532415
mpp,200.0,0.6388568014660193,1.3210419262045697e-07,0.01200947205640518,98173132657070.5,7.125751939164485e+18,1.5357919101745596e+22,1.6371058022145832e+20,0.91179066955345,0.15155673359530594
mpp,200.0,0.6388568014660193,1.3626115476134353e-07,0.012387377705576685,104134365778947.6,6.726028949814874e+18,1.5357919101745596e+22,1.6391028571145755e+20,0.9107684178590869,0.15360728004854765
mpp,200.0,0.6388568014660193,1.4054674142183642e-07,0.012776976492894221,110442773733654.25,6.345229895844483e+18,1.5357919101745596e+22,1.6399781647880942e+20,0.9097438761683271,0.15565836733485167
mpp,200.0,0.6388568014660193,1.4496482490780489e-07,0.01317862044616408,117115479508630.47,5.982728337279669e+18,1.5357919101745596e+22,1.639709763046422e+20,0.9087169549097905,0.15770979531245122
mpp,200.0,0.6388568014660193,1.4951938726302417e-07,0.013592671569365833,124170177414233.2,5.63789484990561e+18,1.5357919101745596e+22,1.638278274801534e+20,0.9076875483459111,0.1597613932275121
mpp,200.0,0.6388568014660193,1.542145229413025e-07,0.014019502085572955,131625142102263.36,5.310099550585293e+18,1.5357919101745596e+22,1.6356670868465277e+20,0.906655535340977,0.16181302055511207
mpp,200.0,0.6388568014660193,1.5905444151477943e-07,0.014459494683161767,139499240350708.06,4.998714440666803e+18,1.5357919101745596e+22,1.6318625247022075e+20,0.9056207802288603,0.16386456783356543
mpp,200.0,0.6388568014660193,1.6404347041678602e-07,0.014913042765162365,147811946587339.72,4.703115564888222e+18,1.5357919101745596e+22,1.626854022531338e+20,0.9045831337878875,0.16591595749607
mpp,200.0,0.6388568014660193,1.6918605771739475e-07,0.015380550701581341,156583363309745.56,4.4226849852059177e+18,1.5357919101745596e+22,1.6206342871296803e+20,0.9035424343320232,0.16796714470356588
mpp,200.0,0.6388568014660193,1.744867749296319e-07,0.01586243408451199,165834247771287.9,4.156812570786768e+18,1.5357919101745596e+22,1.6131994550207952e+20,0.9024985089294859,0.17001811818260576
mpp,200.0,0.6388568014660193,1.7995031984405312e-07,0.016359119985823012,175586046544805.2,3.904897607026526e+18,1.5357919101745596e+22,1.604549241706043e+20,0.9014511747621179,0.17206890107184672
mpp,200.0,0.6388568014660193,1.855815193891665e-07,0.016871047217196955,185860939853500.25,3.666350227872192e+18,1.5357919101745596e+22,1.5946870821558036e+20,0.9004002406413022,0.17411955178055405
mpp,200.0,0.6388568014660193,1.9138533251492623e-07,0.01739866659226602,196681897876827.4,3.44059267694339e+18,1.5357919101745596e+22,1.583620261669221e+20,0.8993455086989971,0.17617016486221806
mpp,200.0,0.6388568014660193,1.9736685309624657e-07,0.01794244119056787,208072751604812.94,3.2270604039697044e+18,1.5357919101745596e+22,1.57136003628019e+20,0.8982867762755636,0.17822087190603578
mpp,200.0,0.6388568014660193,2.0353131285319847e-07,0.018502846623018043,220058281235282.16,3.025203003894985e+18,1.5357919101745596e+22,1.5579217419445672e+20,0.8972238380295428,0.1802718424486002
mpp,200.0,0.6388568014660193,2.0988408428425337e-07,0.019080371298568488,232664325594530.97,2.83448500665609e+18,1.5357919101745596e+22,1.5433248918096652e+20,0.8961564882984042,0.18232328490766816
mpp,200.0,0.6388568014660193,2.1643068360860024e-07,0.01967551669169093,245917916624715.1,2.6543865261347077e+18,1.5357919101745596e+22,1.5275932609390192e+20,0.8950845237436175,0.18437544753933552
mpp,200.0,0.6388568014660193,2.2317677371326033e-07,0.020288797610296394,259847443635678.62,2.4844037771177047e+18,1.5357919101745596e+22,1.510754957949165e+20,0.894007746318174,0.1864286194193527
mpp,200.0,0.6388568014660193,2.301281671003057e-07,0.020920742463664155,274482852781676.62,2.324049469301834e+18,1.5357919101745596e+22,1.4928424831036536e+20,0.8929259666000193,0.18848313144862253
mpp,200.0,0.6388568014660193,2.372908288291805e-07,0.0215718935299255,289855888116733.7,2.172853087450633e+18,1.5357919101745596e+22,1.473892772507523e+20,0.8918390075407081,0.19053935738219693
mpp,200.0,0.6388568014660193,2.446708794486748e-07,0.022242807222606797,306000381632588.4,2.030361066776258e+18,1.5357919101745596e+22,1.4539472281564625e+20,0.8907467086850626,0.19259771488025668
mpp,200.0,0.6388568014660193,2.522745979127007e-07,0.022934054355700062,322952600922382.5,1.8961368724862318e+18,1.5357919101745596e+22,1.4330517337148796e+20,0.8896489309246775,0.1946586665786702
mpp,200.0,0.6388568014660193,2.601084244735974e-07,0.023646220406690677,340751664583132.1,1.7697609922201106e+18,1.5357919101745596e+22,1.4112566560384354e+20,0.8885455618558077,0.19672272117576797
mpp,200.0,0.6388568014660193,2.6817896354620375e-07,0.024379905776927613,359440037216566.75,1.650830849818771e+18,1.5357919101745596e+22,1.3886168326063786e+20,0.8874365218204885,0.1987904345309186
mpp,200.0,0.6388568014660193,2.7649298653549316e-07,0.025135726048681195,379064117974520.1,1.5389606485292774e+18,1.5357919101745596e+22,1.3651915452042107e+20,0.8863217707186052,0.20086241076939068
mpp,200.0,0.6388568014660193,2.850574346200175e-07,0.025914312238183412,399674939096393.94,1.4337811513662753e+18,1.5357919101745596e+22,1.3410444804038672e+20,0.885201315688012,0.20293930338678864
mpp,200.0,0.6388568014660193,2.9387942148292916e-07,0.026716311043902652,421328993896445.9,1.33493940593465e+18,1.5357919101745596e+22,1.3162436776330497e+20,0.8840752197595181,0.2050218163451129
mpp,200.0,0.6388568014660193,3.029662359817677e-07,0.02754238508925161,443866387253670.25,1.2421357706523197e+18,1.5357919101745596e+22,1.2902525490315235e+20,0.8829356379097926,0.20711070515117727
mpp,200.0,0.6388568014660193,3.12325344747639e-07,0.028393213158876274,467259590518225.75,1.1550570428045266e+18,1.5357919101745596e+22,1.2630340397138469e+20,0.8817807849090826,0.2092067762299908
mpp,200.0,0.6388568014660193,3.2196439470382796e-07,0.029269490427620726,491518564268707.06,1.0733974225021563e+18,1.5357919101745596e+22,1.2346784619210616e+20,0.8806104442005378,0.21131088718636065
mpp,200.0,0.6388568014660193,3.318912154932562e-07,0.030171928681205107,516652662770824.9,9.96865845580033e+17,1.5357919101745596e+22,1.2052823234665469e+20,0.8794244552881871,0.2134239472522393
mpp,200.0,0.6388568014660193,3.4211382180356256e-07,0.0311012565275966,542670750544221.75,9.251854997428138e+17,1.5357919101745596e+22,1.1749479568406164e+20,0.8782227247106257,0.21554691759821062
mpp,200.0,0.6388568014660193,3.5264041557793443e-07,0.03205821959799404,569581342986355.5,8.580933190406385e+17,1.5357919101745596e+22,1.143783098139954e+20,0.8770052384525588,0.21768081148737567
mpp,200.0,0.6388568014660193,3.6347938809909277e-07,0.033043580736281164,597392771594966.6,7.953394611446655e+17,1.5357919101745596e+22,1.1119004162201924e+20,0.8757720759469568,0.21982669424853524
mpp,200.0,0.6388568014660193,3.74639321933195e-07,0.034058120175745,626113374082722.9,7.36686771557676e+17,1.5357919101745596e+22,1.0794169930120901e+20,0.8745234258254898,0.2219856830443826
mpp,200.0,0.6388568014660193,3.8612899271962657e-07,0.035102635701784235,655751709371932.1,6.819102385930784e+17,1.5357919101745596e+22,1.0464537564531674e+20,0.8732596035751183,0.22415894640941716
mpp,200.0,0.6388568014660193,3.9795737079193217e-07,0.03617794279926656,686316797181829.5,6.30796442687159e+17,1.5357919101745596e+22,1.0131348681426821e+20,0.8719810712519149,0.22634770353156228
mpp,200.0,0.6388568014660193,4.1013362261439735e-07,0.03728487478312703,717818381606596.5,5.831430033762387e+17,1.5357919101745596e+22,9.795870684688051e+19,0.8706884593863565,0.22855322325105842
mpp,200.0,0.6388568014660193,4.2266711201795267e-07,0.03842428291072297,750267217795715.9,5.3875802707255674e+17,1.5357919101745596e+22,9.45938982697909e+19,0.869382591183555,0.2307768227501436
mpp,200.0,0.6388568014660193,4.3556740121832605e-07,0.03959703647439328,783675380571045.9,4.9745955860822214e+17,1.5357919101745596e+22,9.123203922891519e+19,0.8680645090722182,0.23301986590742735
mpp,200.0,0.6388568014660193,4.4884425159851984e-07,0.040804022872592716,818056593552881.5,4.5907503938400614e+17,1.5357919101745596e+22,8.788614764996082e+19,0.866735503581485,0.23528376129172637
mpp,200.0,0.6388568014660193,4.625076242368779e-07,0.04204614765789799,853426577152927.0,4.234407748548881e+17,1.5357919101745596e+22,8.456920301947132e+19,0.8653971444178329,0.2375699597715473
mpp,200.0,0.6388568014660193,4.765676801611914e-07,0.04332433456010831,889803413619435.8,3.90401414002573e+17,1.5357919101745596e+22,8.129406646367558e+19,0.8640513134666875,0.2398799517184062
mpp,200.0,0.6388568014660193,4.910347803083952e-07,0.04463952548258138,927207927205630.8,3.598094433807931e+17,1.5357919101745596e+22,7.807339988868026e+19,0.8627002392460597,0.24221526378480057
mpp,200.0,0.6388568014660193,5.059194851686406e-07,0.045992680469876424,965664077489977.5,3.315246982642542e+17,1.5357919101745596e+22,7.491958503067864e+19,0.8613465320834592,0.24457745524095337
mpp,200.0,0.6388568014660193,5.212325540916164e-07,0.0473847776446924,1005199363919680.4,3.054138933789971e+17,1.5357919101745596e+22,7.184464334740081e+19,0.8599932189648543,0.24696811385839743
mpp,200.0,0.6388568014660193,5.369849442321835e-07,0.04881681311201669,1045845239785813.9,2.8135017563061283e+17,1.5357919101745596e+22,6.886015775971029e+19,0.8586437766113569,0.24938885133309352
mpp,200.0,0.6388568014660193,5.531878091115703e-07,0.05028980082832457,1087637534083811.6,2.5921270116740646e+17,1.5357919101745596e+22,6.597719732337778e+19,0.8573021608780992,0.25184129824601986
mpp,200.0,0.6388568014660193,5.698524967695082e-07,0.05180477243359166,1130616880078036.0,2.3888623900747597e+17,1.5357919101745596e+22,6.320624597360523e+19,0.8559728300535708,0.254327098564971
mpp,200.0,0.6388568014660193,5.869905474819483e-07,0.05336277704381348,1174829149885410.2,2.202608033105124e+17,1.5357919101745596e+22,6.055713653653042e+19,0.8546607590956393,0.2568479036975883
mpp,200.0,0.6388568014660193,6.0461369101819e-07,0.05496488100165364,1220325895031898.0,2.0323131617644765e+17,1.5357919101745596e+22,5.803899124050338e+19,0.853371441323203,0.25940536611225645
mpp,200.0,0.6388568014660193,6.227338434105047e-07,0.056612167582773154,1267164793727725.2,1.8769730259299478e+17,1.5357919101745596e+22,5.56601699826031e+19,0.8521108736670228,0.26200113255029644
mpp,200.0,0.6388568014660193,6.413631032086649e-07,0.058305736655333174,1315410106564839.5,1.7356261882367437e+17,1.5357919101745596e+22,5.342822760983568e+19,0.8508855213757646,0.2646368368596704
mpp,200.0,0.6388568014660193,6.605137471910994e-07,0.06004670429009995,1365133143473357.5,1.607352151195148e+17,1.5357919101745596e+22,5.1349881456241074e+19,0.849702258205406,0.2673140924869402
mpp,200.0,0.6388568014660193,6.80198225503809e-07,0.0618362023185281,1416412746095975.5,1.4912693314346803e+17,1.5357919101745596e+22,4.9430990331913675e+19,0.8485682787375938,0.2700344846702592
mpp,200.0,0.6388568014660193,7.004291561976294e-07,0.06367537783614813,1469335791264159.5,1.3865333791902939e+17,1.5357919101745596e+22,4.767654608425191e+19,0.8474909807109124,0.2727995623814295
mpp,200.0,0.6388568014660193,7.212193191339467e-07,0.06556539264854061,1523997723002721.8,1.2923358345010955e+17,1.5357919101745596e+22,4.609067873835249e+19,0.8464778171969253,0.27561083006926335
mpp,200.0,0.6388568014660193,7.425816492286187e-07,0.06750742265714715,1580503122471507.8,1.2079031042286437e+17,1.5357919101745596e+22,4.467667606890501e+19,0.8455361211046697,0.27846973925937474
mpp,200.0,0.6388568014660193,7.645292290034978e-07,0.06950265718213616,1638966327499078.2,1.1324957360635701e+17,1.5357919101745596e+22,4.343701825486547e+19,0.844672907705481,0.28137768006684444
mpp,200.0,0.6388568014660193,7.870752804148289e-07,0.07155229821952991,1699512115909399.8,1.0654079574833872e+17,1.5357919101745596e+22,4.237342801954278e+19,0.8438946643130286,0.28433597267778926
mpp,200.0,0.6388568014660193,8.10233155927669e-07,0.0736575596297881,1762276469736182.5,1.0059674395858166e+17,1.5357919101745596e+22,4.148693636647877e+19,0.8432071394399854,0.2873458588535733
mpp,200.0,0.6388568014660193,8.34016328805534e-07,0.07581966625504855,1827407440726721.8,9.535352383690968e+16,1.5357919101745596e+22,4.077796369489408e+19,0.8426151460800874,0.2904084935072361
mpp,200.0,0.6388568014660193,8.584383825846971e-07,0.0780398529622452,1895066141347939.2,9.075058600449717e+16,1.5357919101745596e+22,4.0246415737997296e+19,0.8421223946346196,0.293524936395747
mpp,200.0,0.6388568014660193,8.835129997028664e-07,0.08031936360935149,1965427889946606.0,8.673073929920467e+16,1.5357919101745596e+22,3.989179344004243e+19,0.8417313699784316,0.29669614396413524
mpp,200.0,0.6388568014660193,9.092539492525114e-07,0.08265944993204649,2038683543945450.8,8.324016476306691e+16,1.5357919101745596e+22,3.97133156109614e+19,0.8414432641179954,0.2999229613687031
mpp,200.0,0.6388568014660193,9.356750738297962e-07,0.0850613703481633,2115041061194453.0,8.022842472294875e+16,1.5357919101745596e+22,3.9710053010041315e+19,0.8412579711128871,0.3032061146968174
mpp,200.0,0.6388568014660193,9.627902754509441e-07,0.08752638867735857,2194727337116332.5,7.764846176113258e+16,1.5357919101745596e+22,3.9881072453353955e+19,0.8411741450823835,0.3065462033906423
mpp,200.0,0.6388568014660193,9.906135005090058e-07,0.09005577277354598,2277990374438755.5,7.54565831693499e+16,1.5357919101745596e+22,4.0225589646776386e+19,0.8411893161268681,0.30994369287216195
mpp,200.0,0.6388568014660193,1.0191587237452651e-06,0.09265079306775137,2365101853524630.0,7.361242752143427e+16,1.5357919101745596e+22,4.07431297404544e+19,0.841300053824377,0.3133989073573795
mpp,200.0,0.6388568014660193,1.0484399312111567e-06,0.09531272101919608,2456360185129637.5,7.207891120214171e+16,1.5357919101745596e+22,4.143369509226417e+19,0.8415021643878533,0.3169120228391565
mpp,200.0,0.6388568014660193,1.0784711021983284e-06,0.09804282747257531,2552094144475990.0,7.082215398992682e+16,1.5357919101745596e+22,4.229794041496281e+19,0.8417909059988655,0.32048306021108347
mpp,200.0,0.6388568014660193,1.1092661901166052e-06,0.10084238091969139,2652667206606763.0,6.981138400754901e+16,1.5357919101745596e+22,4.333735635514783e+19,0.8421612072615307,0.32411187849934214
mpp,200.0,0.6388568014660193,1.140839102302004e-06,0.10371264566381855,2758482728993549.0,6.901882343698425e+16,1.5357919101745596e+22,4.455446360052945e+19,0.8426078757823292,0.3277981681658615
mpp,200.0,0.6388568014660193,1.1732036787395748e-06,0.10665487988541589,2869990159392603.5,6.8419557278359896e+16,1.5357919101745596e+22,4.5953020828828205e+19,0.8431257869974508,0.3315414444442666
mpp,200.0,0.6388568014660193,1.2063736696888767e-06,0.1096703336080797,2987692486232080.5,6.799138808062573e+16,1.5357919101745596e+22,4.753825120182173e+19,0.8437100469064424,0.3353410406701493
mpp,200.0,0.6388568014660193,1.2403627122032033e-06,0.11276024656392758,3112155196797262.5,6.7714679975358504e+16,1.5357919101745596e+22,4.931709369171481e+19,0.8443561257789458,0.33919610156900293
mpp,200.0,0.6388568014660193,1.275184305537256e-06,0.11592584595793237,3244017066751731.5,6.757219552043657e+16,1.5357919101745596e+22,5.1298487343252144e+19,0.8450599627916726,0.3431055764686527
mpp,200.0,0.6388568014660193,1.3108517854420548e-06,0.1191683441310959,3384003174804734.0,6.75489288370566e+16,1.5357919101745596e+22,5.349369868076135e+19,0.8458180437189406,0.3470682124081346
mpp,200.0,0.6388568014660193,1.3473782973500965e-06,0.12248893612273604,3532940620350253.0,6.7631938343270136e+16,1.5357919101745596e+22,5.59167049419482e+19,0.8466274551934019,0.35108254712161
mpp,200.0,0.6388568014660193,1.384776768458562e-06,0.12588879713259654,3691777521284816.0,6.7810182090696376e+16,1.5357919101745596e+22,5.85846487521794e+19,0.8474859197361164,0.35514690188410125
mpp,200.0,0.6388568014660193,1.4230598787233641e-06,0.1293690798839422,3861605985212384.5,6.807435833926251e+16,1.5357919101745596e+22,6.151838335235456e+19,0.8483918158487948,0.35925937421559095
mpp,200.0,0.6388568014660193,1.462240030782253e-06,0.13293091188929573,4043689880348140.5,6.841675359179552e+16,1.5357919101745596e+22,6.474313167723425e+19,0.8493441871049804,0.3634178304515152
mpp,200.0,0.6388568014660193,1.5023293188310152e-06,0.13657539262100138,4239498381769335.0,6.883109988408546e+16,1.5357919101745596e+22,6.828928756925901e+19,0.8503427434988703,0.3676198982011328
mpp,200.0,0.6388568014660193,1.5433394964828389e-06,0.140303590589349,4450746431278937.5,6.931244270717263e+16,1.5357919101745596e+22,7.2193393318458245e+19,0.8513878574118496,0.37186295873099073
mpp,200.0,0.6388568014660193,1.585281943647488e-06,0.14411654033158983,4679443418711191.0,6.985702054192588e+16,1.5357919101745596e+22,7.64993346295914e+19,0.8524805555096977,0.3761441393292782
mpp,200.0,0.6388568014660193,1.6281676324736676e-06,0.14801523931578797,4927951558053499.0,7.046215661911979e+16,1.5357919101745596e+22,8.125980207219504e+19,0.8536225067357046,0.3804603057288357
mpp,200.0,0.6388568014660193,1.6720070924050911e-06,0.1520006447640992,5199055575622678.0,7.112616318478236e+16,1.5357919101745596e+22,8.653807702072369e+19,0.8548160053513475,0.38480805469278223
mpp,200.0,0.6388568014660193,1.7168103744082338e-06,0.15607367040074854,5496045423272009.0,7.184825825039237e+16,1.5357919101745596e+22,9.241020985977364e+19,0.8560639467329922,0.38918370689806037
mpp,200.0,0.6388568014660193,1.762587014437358e-06,0.16023518313066892,5822813739307630.0,7.262849453513654e+16,1.5357919101745596e+22,9.896766842608817e+19,0.8573697924152015,0.3935833002896919
mpp,200.0,0.6388568014660193,1.8093459962104148e-06,0.16448599965549227,6183969651794381.0,7.346770005688827e+16,1.5357919101745596e+22,1.0632054461283143e+20,0.8587375197695162,0.39800258412332246
mpp,200.0,0.6388568014660193,1.857095713377516e-06,0.16882688303431964,6584970185556648.0,7.436742959033987e+16,1.5357919101745596e+22,1.1460141570442056e+20,0.860171550863684,0.4024370139667615
mpp,200.0,0.6388568014660193,1.9058439311719748e-06,0.17325853919745227,7032269911173193.0,7.532992597331944e+16,1.5357919101745596e+22,1.2396996276362617e+20,0.8616766546596448,0.40688174799360843
mpp,200.0,0.6388568014660193,1.9555977476423834e-06,0.17778161342203486,7533488462502437.0,7.635808999471091e+16,1.5357919101745596e+22,1.3461844905046527e+20,0.8632578170282774,0.4113316449742003
mpp,200.0,0.6388568014660193,2.0063635545726346e-06,0.1823966867793304,8097594040565638.0,7.74554573270876e+16,1.5357919101745596e+22,1.4677815407701094e+20,0.8649200743518608,0.41578126445082597
mpp,200.0,0.6388568014660193,2.0581469982053558e-06,0.18710427256412326,8735098910576835.0,7.86261806631198e+16,1.5357919101745596e+22,1.607268397796553e+20,0.8666683089738567,0.420224869674159
mpp,200.0,0.6388568014660193,2.110952939892684e-06,0.19190481271751675,9458260102730538.0,7.987501486867483e+16,1.5357919101745596e+22,1.767972899827846e+20,0.8685070085259496,0.42465643397329184
mpp,200.0,0.6388568014660193,2.164785416806599e-06,0.19679867425514536,1.0281275014902464e+16,8.120730257309718e+16,1.5357919101745596e+22,1.9538690788262517e+20,0.8704399960569794,0.429069651327619
mpp,200.0,0.6388568014660193,2.2196476028493208e-06,0.20178614571357462,1.1220457445853388e+16,8.262895718122672e+16,1.5357919101745596e+22,2.169682736682178e+20,0.8724701434192277,0.4334579519974312
mpp,200.0,0.6388568014660193,2.2755417699120383e-06,0.20686743362836713,1.2294374955865814e+16,8.414643982479906e+16,1.5357919101745596e+22,2.4210045123835917e+20,0.8745990856949867,0.43781452414052585
mpp,200.0,0.6388568014660193,2.3324692496379275e-06,0.2120426590579934,1.3523923735098422e+16,8.576672629836003e+16,1.5357919101745596e+22,2.7144068659509015e+20,0.8768269584755329,0.4421323423801285
mpp,200.0,0.6388568014660193,2.390430395852468e-06,0.2173118541684062,1.4932312953457374e+16,8.749725958799432e+16,1.5357919101745596e+22,3.05755961310735e+20,0.8791521814147539,0.4464042042772972
mpp,200.0,0.6388568014660193,2.449424547830708e-06,0.22267495889370076,1.6544927692207658e+16,8.934588325926442e+16,1.5357919101745596e+22,3.459336576027527e+20,0.8815713098501108,0.4506227755787152
mpp,200.0,0.6388568014660193,2.509449994577191e-06,0.22813181768883556,1.8389039030944856e+16,9.13207508027548e+16,1.5357919101745596e+22,3.929903685234578e+20,0.8840789712132382,0.45478064493752146
mpp,200.0,0.6388568014660193,2.5705039402994796e-06,0.2336821763908618,2.0493332788607916e+16,9.343020613705589e+16,1.5357919101745596e+22,4.4807766688722597e+20,0.8866678950364689,0.4588703885216766
mpp,200.0,0.6388568014660193,2.632582471260859e-06,0.23932567920553266,2.28872358113569e+16,9.568263094735438e+16,1.5357919101745596e+22,5.124834575916095e+20,0.8893290359208536,0.4628846445181596
mpp,200.0,0.6388568014660193,2.6956805242013664e-06,0.24506186583648787,2.5600031244119996e+16,9.808625550506731e+16,1.5357919101745596e+22,5.876274156219692e+20,0.8920517795847239,0.4668161970090019
mpp,200.0,0.6388568014660193,2.7597918565189673e-06,0.2508901687744516,2.8659771966248304e+16,1.0064893116336838e+17,1.5357919101745596e+22,6.750489973924198e+20,0.8948242147012632,0.47065806804875177
mpp,200.0,0.6388568014660193,2.8249090184044093e-06,0.2568099107640372,3.209202345631353e+16,1.0337786492155477e+17,1.5357919101745596e+22,7.763866481803403e+20,0.8976334487805995,0.47440361604323295
mpp,200.0,0.6388568014660193,2.891023327123599e-06,0.26282030246578175,3.591849183201232e+16,1.0627931929825056e+17,1.5357919101745596e+22,8.933471491597335e+20,0.900465945212815,0.4780466377681088
mpp,200.0,0.6388568014660193,2.9581248436407344e-06,0.26892044033097584,4.0155616678628104e+16,1.0935828417135056e+17,1.5357919101745596e+22,1.0276645751114427e+21,0.9033078603731934,0.48158147064425155
mpp,200.0,0.6388568014660193,3.026202351773268e-06,0.27510930470666073,4.481322775138951e+16,1.1261813104503067e+17,1.5357919101745596e+22,1.1810490654679895e+21,0.9061453635011536,0.4850030912909533
mpp,200.0,0.6388568014660193,3.095243340066364e-06,0.2813857581878513,4.9893375745776424e+16,1.1606026408896275e+17,1.5357919101745596e+22,1.3551265123429292e+21,0.9089649268222932,0.48830720599785987
mpp,200.0,0.6388568014660193,3.165233986569728e-06,0.2877485442336116,5.538944672900669e+16,1.1968378585188355e+17,1.5357919101745596e+22,1.551371269218263e+21,0.9117535781286168,0.49149032867334286
mpp,200.0,0.6388568014660193,3.2361591466932353e-06,0.2941962860630214,6.128565565105204e+16,1.2348519829156192e+17,1.5357919101745596e+22,1.7710349789559718e+21,0.9144991121019138,0.49454984209785285
mpp,200.0,0.6388568014660193,3.3080023443101186e-06,0.30072748584637443,6.755698690434539e+16,1.2745816117512125e+17,1.5357919101745596e+22,2.0150754818633074e+21,0.9171902597406492,0.4974840389546937
mpp,200.0,0.6388568014660193,3.3807457662670037e-06,0.30734052420609126,7.416961190548918e+16,1.3159332953399413e+17,1.5357919101745596e+22,2.2840903592495166e+21,0.9198168173050596,0.5002921400996264
mpp,200.0,0.6388568014660193,3.4543702604492223e-06,0.3140336600408384,8.108176999159733e+16,1.3587828940041317e+17,1.5357919101745596e+22,2.5782598771150406e+21,0.9223697373919507,0.5029742887884494
mpp,200.0,0.6388568014660193,3.528855337537518e-06,0.3208050306852289,8.82450557050445e+16,1.402976064340765e+17,1.5357919101745596e+22,2.897303840305785e+21,0.9248411853365017,0.5055315209910504
mpp,200.0,0.6388568014660193,3.604179176578205e-06,0.32765265241620045,9.560601900666155e+16,1.448329954859375e+17,1.5357919101745596e+22,3.2404561314652304e+21,0.9272245643589488,0.5079657133393227
mpp,200.0,0.6388568014660193,3.680318634473621e-06,0.33457442131578374,1.0310796014187328e+17,1.494636111609663e+17,1.5357919101745596e+22,3.606459542851256e+21,0.9295145129235756,0.5102795115390483
mpp,200.0,0.6388568014660193,3.7572492594828904e-06,0.3415681144984446,1.1069279066175117e+17,1.5416645081038016e+17,1.5357919101745596e+22,3.993582030490108e+21,0.9317068777794938,0.5124762430952529
mpp,200.0,0.6388568014660193,3.834945308804896e-06,0.34863139170953605,1.1830283674907898e+17,1.5891685303878797e+17,1.5357919101745596e+22,4.3996538967529006e+21,0.9337986661634222,0.5145598188668044
mpp,200.0,0.6388568014660193,3.913379770296197e-06,0.3557617972996543,1.258824783741709e+17,1.636890676996959e+17,1.5357919101745596e+22,4.822123829060341e+21,0.9357879806694858,0.5165346282379352
mpp,200.0,0.6388568014660193,3.992524388356007e-06,0.3629567625778189,1.3337954403889461e+17,1.6845686828268403e+17,1.5357919101745596e+22,5.258130369861853e+21,0.9376739403057162,0.5184054325814187
mpp,200.0,0.6388568014660193,4.072349693989162e-06,0.37021360854446933,1.4074641131089517e+17,1.731941751070155e+17,1.5357919101745596e+22,5.704584408529394e+21,0.9394565912270977,0.5201772612439635
mpp,200.0,0.6388568014660193,4.152825039035608e-06,0.37752954900323704,1.479407935450587e+17,1.7787565802023562e+17,1.5357919101745596e+22,6.158257753391255e+21,0.9411368105308615,0.5218553135936962
mpp,200.0,0.6388568014660193,4.233918634532076e-06,0.3849016940483706,1.5492621959419974e+17,1.8247729018340643e+17,1.5357919101745596e+22,6.61587277969371e+21,0.9427162063046068,0.5234448698320311
mpp,200.0,0.6388568014660193,4.315597593148279e-06,0.39232705392257083,1.616722336853322e+17,1.8697682952125594e+17,1.5357919101745596e+22,7.074188513142838e+21,0.9441970168308498,0.5249512123866737
mpp,200.0,0.6388568014660193,4.397827975616047e-06,0.39980254323782244,1.681543561042089e+17,1.9135421082825104e+17,1.5357919101745596e+22,7.530079209017243e+21,0.9455820114862227,0.5263795588544685
mpp,200.0,0.6388568014660193,4.480574841046197e-06,0.40732498554965424,1.743538521461119e+17,1.955918385663068e+17,1.5357919101745596e+22,7.980602407380424e+21,0.9468743954532639,0.527735006716489
mpp,200.0,0.6388568014660193,4.563802301004022e-06,0.4148911182730929,1.802573579900022e+17,1.9967477731829568e+17,1.5357919101745596e+22,8.42305446372792e+21,0.9480777199159706,0.5290224894429375
mpp,200.0,0.6388568014660193,4.6474735771908545e-06,0.4224975979264413,1.8585640917975165e+17,2.0359084305389898e+17,1.5357919101745596e+22,8.8550125618237e+21,0.9491957989654024,0.5302467431585309
mpp,200.0,0.6388568014660193,4.731551062556339e-06,0.43014100568693997,1.911469117425391e+17,2.073306033930806e+17,1.5357919101745596e+22,9.274363124624101e+21,0.9502326340232876,0.5314122827472564
mpp,200.0,0.6388568014660193,4.8159963856436705e-06,0.4378178532403337,1.961285889873451e+17,2.1088729869193603e+17,1.5357919101745596e+22,9.67931729258242e+21,0.9511923462183384,0.5325233861219429
mpp,200.0,0.6388568014660193,4.900770477948971e-06,0.4455245889044519,2.0080442975307677e+17,2.1425669799154374e+17,1.5357919101745596e+22,1.0068414707068266e+22,0.9520791168334652,0.5335840853441437
mpp,200.0,0.6388568014660193,4.985833644055812e-06,0.45325760400507387,2.0518015704237162e+17,2.174369047739588e+17,1.5357919101745596e+22,1.044051721550412e+22,0.9528971356872566,0.5345981633252741
mpp,200.0,0.6388568014660193,5.071145634287101e-06,0.46101323948064554,2.092637300114392e+17,2.2042812727493718e+17,1.5357919101745596e+22,1.0794794318270749e+22,0.9536505571193191,0.5355691549434605
mpp,200.0,0.6388568014660193,5.156665719599517e-06,0.4687877926908652,2.130648873752466e+17,2.2323242706945498e+17,1.5357919101745596e+22,1.113070223124631e+22,0.9543434631115723,0.5365003515479785
mpp,200.0,0.6388568014660193,5.242352768430057e-06,0.4765775244027325,2.1659473644384342e+17,2.2585345804403683e+17,1.5357919101745596e+22,1.1447958373706574e+22,0.954979832989012,0.5373948079749797
mpp,200.0,0.6388568014660193,5.3281653251908174e-06,0.48437866592643797,2.1986538913814342e+17,2.2829620594595328e+17,1.5357919101745596e+22,1.1746512942007407e+22,0.9555635190951529,0.5382553513498586
mpp,200.0,0.6388568014660193,5.414061690096534e-06,0.4921874263724122,2.2288964429688992e+17,2.305667366606063e+17,1.5357919101745596e+22,1.2026519025548008e+22,0.9560982278206482,0.539084591093246
mpp,200.0,0.6388568014660193,5.5e-06,0.5,2.2568071421637802e+17,2.3267195937318086e+17,1.5357919101745596e+22,1.228830248901523e+22,0.9565875053703364,0.5398849296733896
mpp,200.0,0.6388568014660193,5.585938309903469e-06,0.5078125736275881,2.282519925064845e+17,2.3461940893076176e+17,1.5357919101745596e+22,1.2532332604891547e+22,0.9570347276772078,0.5406585737549181
mpp,200.0,0.6388568014660193,5.671834674809185e-06,0.5156213340735623,2.3061685986606496e+17,2.3641705010449482e+17,1.5357919101745596e+22,1.2759194188297628e+22,0.957443093905798,0.5414075454823195
mpp,200.0,0.6388568014660193,5.757647231569949e-06,0.5234224755972681,2.3278852416894608e+17,2.38073105089887e+17,1.5357919101745596e+22,1.2969561773162614e+22,0.957815623027885,0.5421336937070343
mpp,200.0,0.6388568014660193,5.8433342804004825e-06,0.5312122073091348,2.347798912222169e+17,2.395959044870753e+17,1.5357919101745596e+22,1.3164176181113697e+22,0.9581551529968321,0.5428387050219152
mpp,200.0,0.6388568014660193,5.928854365712899e-06,0.5389867605193545,2.366034626507361e+17,2.4099376115542768e+17,1.5357919101745596e+22,1.3343823675417636e+22,0.9584643420911971,0.5435241145083698
mpp,200.0,0.6388568014660193,6.01416635594419e-06,0.5467423959949264,2.3827125753396803e+17,2.422748657183442e+17,1.5357919101745596e+22,1.350931776278199e+22,0.9587456720418089,0.5441913161322649
mpp,200.0,0.6388568014660193,6.099229522051031e-06,0.5544754110955483,2.397947546320148e+17,2.434472020713563e+17,1.5357919101745596e+22,1.3661483603875504e+22,0.9590014525984422,0.5448415727469738
mpp,200.0,0.6388568014660193,6.184003614356336e-06,0.5621821467596669,2.4118485228465296e+17,2.4451848099041283e+17,1.5357919101745596e+22,1.3801144917849557e+22,0.9592338272319437,0.5454760256778154
mpp,200.0,0.6388568014660193,6.26844893744366e-06,0.56985899431306,2.4245184331406282e+17,2.4549608981096637e+17,1.5357919101745596e+22,1.3929113212323732e+22,0.9594447797048996,0.5460957038732906
mpp,200.0,0.6388568014660193,6.352526422809144e-06,0.5775024020735586,2.4360540252027203e+17,2.463870561284213e+17,1.5357919101745596e+22,1.4046179136300139e+22,0.959636141278537,0.5467015326163055
mpp,200.0,0.6388568014660193,6.4361976989959805e-06,0.5851088817269073,2.446545846082864e+17,2.471980235247398e+17,1.5357919101745596e+22,1.4153105734786743e+22,0.9598095983555066,0.547294341794058
mpp,200.0,0.6388568014660193,6.5194251589538055e-06,0.592675014450346,2.456078306267882e+17,2.4793523743493574e+17,1.5357919101745596e+22,1.4250623377617642e+22,0.9599667003875048,0.5478748737292063
mpp,200.0,0.6388568014660193,6.602172024383959e-06,0.6001974567621781,2.4647298123215955e+17,2.4860453941211427e+17,1.5357919101745596e+22,1.4339426138392642e+22,0.9601088679034094,0.548443790577897
mpp,200.0,0.6388568014660193,6.684402406851721e-06,0.6076729460774292,2.4725729530906746e+17,2.4921136821406662e+17,1.5357919101745596e+22,1.4420169409527519e+22,0.9602374005377933,0.5490016813025821
mpp,200.0,0.6388568014660193,6.766081365467923e-06,0.6150983059516294,2.4796747268287882e+17,2.497607663074928e+17,1.5357919101745596e+22,1.4493468554206017e+22,0.9603534849614119,0.5495490682295328
mpp,200.0,0.6388568014660193,6.847174960964395e-06,0.6224704509967632,2.4860967984796883e+17,2.502573905585285e+17,1.5357919101745596e+22,1.4559898413729218e+22,0.960458202634642,0.5500864132027274
mpp,200.0,0.6388568014660193,6.92765030601084e-06,0.629786391455531,2.491895778095264e+17,2.507055260441363e+17,1.5357919101745596e+22,1.4619993507935669e+22,0.9605525373219524,0.5506141233474012
mpp,200.0,0.6388568014660193,7.0074756116439974e-06,0.6370432374221816,2.497123512933746e+17,2.5110910207360864e+17,1.5357919101745596e+22,1.4674248785870975e+22,0.9606373823204643,0.5511325564580735
mpp,200.0,0.6388568014660193,7.086620229703803e-06,0.6442382027003457,2.5018273871999098e+17,2.5147170965012736e+17,1.5357919101745596e+22,1.472312080297612e+22,0.9607135473686119,0.551642026027296
mpp,200.0,0.6388568014660193,7.165054691195103e-06,0.651368608290464,2.5060506246573264e+17,2.517966197276898e+17,1.5357919101745596e+22,1.4767029219153792e+22,0.9607817652120021,0.552142805932716
mpp,200.0,0.6388568014660193,7.242750740517112e-06,0.6584318855015556,2.5098325904628685e+17,2.5208680172855827e+17,1.5357919101745596e+22,1.480635852881281e+22,0.9608426978129283,0.5526351348012745
mpp,200.0,0.6388568014660193,7.3196813655263815e-06,0.6654255786842165,2.5132090895679005e+17,2.5234494188010064e+17,1.5357919101745596e+22,1.484145994915491e+22,0.9608969421977914,0.5531192200705403
mpp,200.0,0.6388568014660193,7.3958208234218e-06,0.6723473475838,2.5162126598903888e+17,2.5257346100957062e+17,1.5357919101745596e+22,1.4872653406483413e+22,0.9609450359430656,0.5535952417681832
mpp,200.0,0.6388568014660193,7.471144662462482e-06,0.6791949693147711,2.5188728592166186e+17,2.5277453150083904e+17,1.5357919101745596e+22,1.4900229572165273e+22,0.9609874623055685,0.5540633560315263
mpp,200.0,0.6388568014660193,7.545629739550777e-06,0.6859663399591616,2.5212165454358998e+17,2.529500931705757e+17,1.5357919101745596e+22,1.4924451910140958e+22,0.9610246550068351,0.5545236983899067
mpp,200.0,0.6388568014660193,7.619254233732998e-06,0.692659475793909,2.5232681502646742e+17,2.5310186786393546e+17,1.5357919101745596e+22,1.4945558706624152e+22,0.9610570026844463,0.5549763868332483
mpp,200.0,0.6388568014660193,7.691997655689884e-06,0.6992725141536258,2.5250499470817312e+17,2.532313726032528e+17,1.5357919101745596e+22,1.4963765060033034e+22,0.9610848530254267,0.5554215246907743
mpp,200.0,0.6388568014660193,7.763840853306769e-06,0.705803713936979,2.5265823138836125e+17,2.5333993114902794e+17,1.5357919101745596e+22,1.4979264815343975e+22,0.9611085165983688,0.5558592033441703
mpp,200.0,0.6388568014660193,7.834766013430272e-06,0.7122514557663884,2.5278839926819354e+17,2.534286838522647e+17,1.5357919101745596e+22,1.4992232432109036e+22,0.9611282704019102,0.5562895047997191
mpp,200.0,0.6388568014660193,7.904756659933636e-06,0.7186142418121487,2.528972346909112e+17,2.5349859569262838e+17,1.5357919101745596e+22,1.50028247794881e+22,0.9611443611476956,0.5567125041439449
mpp,200.0,0.6388568014660193,7.973797648226734e-06,0.7248906952933395,2.5298636185755674e+17,2.5355046240940592e+17,1.5357919101745596e+22,1.5011182854899558e+22,0.9611570082960535,0.5571282719071061
mpp,200.0,0.6388568014660193,8.041875156359268e-06,0.7310795596690244,2.53057318703342e+17,2.5358491464348157e+17,1.5357919101745596e+22,1.5017433425451269e+22,0.9611664068624324,0.5575368763584073
mpp,200.0,0.6388568014660193,8.108976672876405e-06,0.7371796975342186,2.5311158312467293e+17,2.5360242001993878e+17,1.5357919101745596e+22,1.5021690593248507e+22,0.9611727300122122,0.557938385756046
mpp,200.0,0.6388568014660193,8.175090981595591e-06,0.7431900892359629,2.5315059974481114e+17,2.5360328311382304e+17,1.5357919101745596e+22,1.502405728709477e+22,0.9611761314609089,0.5583328705741059
mpp,200.0,0.6388568014660193,8.240208143481032e-06,0.7491098312255484,2.531758073971193e+17,2.5358764325754726e+17,1.5357919101745596e+22,1.5024626684086398e+22,0.9611767476960704,0.5587204057268121
mpp,200.0,0.6388568014660193,8.304319475798637e-06,0.7549381341635124,2.5318866748906314e+17,2.5355547016848333e+17,1.5357919101745596e+22,1.5023483565210006e+22,0.9611747000363652,0.5591010728087422
mpp,200.0,0.6388568014660193,8.367417528739142e-06,0.7606743207944675,2.5319069338712016e+17,2.5350655740068493e+17,1.5357919101745596e+22,1.5020705609354232e+22,0.961170096542521,0.5594749623671866
mpp,200.0,0.6388568014660193,8.429496059700524e-06,0.7663178236091386,2.531834809329218e+17,2.5344051365636992e+17,1.5357919101745596e+22,1.5016364630181088e+22,0.9611630337939205,0.5598421762199494
mpp,200.0,0.6388568014660193,8.490550005422808e-06,0.7718681823111644,2.531687401642354e+17,2.5335675203155552e+17,1.5357919101745596e+22,1.5010527760126134e+22,0.9611535985438063,0.5602028298284516
mpp,200.0,0.6388568014660193,8.550575452169292e-06,0.7773250411062993,2.5314832827143027e+17,2.5325447731653034e+17,1.5357919101745596e+22,1.5003258585415653e+22,0.961141869265216,0.5605570547320505
mpp,200.0,0.6388568014660193,8.609569604147534e-06,0.782688145831594,2.5312428377150435e+17,2.5313267152607872e+17,1.5357919101745596e+22,1.4994618235467887e+22,0.9611279175989754,0.5609050010450121
mpp,200.0,0.6388568014660193,8.667530750362075e-06,0.7879573409420069,2.5309886182877523e+17,2.5299007789617194e+17,1.5357919101745596e+22,1.4984666429377965e+22,0.9611118097142979,0.5612468400126418
mpp,200.0,0.6388568014660193,8.724458230087965e-06,0.7931325663716332,2.530745705951262e+17,2.528251836529841e+17,1.5357919101745596e+22,1.497346248140134e+22,0.9610936075917934,0.5615827666177204
mpp,200.0,0.6388568014660193,8.78035239715068e-06,0.7982138542864254,2.530542083854536e+17,2.526362019352155e+17,1.5357919101745596e+22,1.4961066266470268e+22,0.9610733702379465,0.5619130022227184
mpp,200.0,0.6388568014660193,8.835214583193402e-06,0.8032013257448547,2.5304090144731933e+17,2.5242105333057046e+17,1.5357919101745596e+22,1.4947539145794056e+22,0.9610511548393541,0.5622377972273827
mpp,200.0,0.6388568014660193,8.889047060107317e-06,0.8080951872824834,2.5303814203067363e+17,2.5217734756937558e+17,1.5357919101745596e+22,1.4932944851525991e+22,0.9610270178641939,0.5625574337153407
mpp,200.0,0.6388568014660193,8.941853001794646e-06,0.8128957274358769,2.5304982641626922e+17,2.5190236599998496e+17,1.5357919101745596e+22,1.4917350328319649e+22,0.9610010161174434,0.5628722280575337
mpp,200.0,0.6388568014660193,8.99363644542737e-06,0.8176033132206699,2.5308029252309514e+17,2.5159304554825376e+17,1.5357919101745596e+22,1.4900826528342602e+22,0.9609732077552567,0.5631825334347244
mpp,200.0,0.6388568014660193,9.044402252357615e-06,0.8222183865779651,2.531343566886823e+17,2.512459649324929e+17,1.5357919101745596e+22,1.4883449154958088e+22,0.9609436532625185,0.5634887422362791
mpp,200.0,0.6388568014660193,9.094156068828025e-06,0.8267414608025477,2.5321734920437235e+17,2.508573339612776e+17,1.5357919101745596e+22,1.486529934881828e+22,0.9609124163958745,0.5637912882880578
mpp,200.0,0.6388568014660193,9.142904286622484e-06,0.8311731169656804,2.5333514819324557e+17,2.504229867786569e+17,1.5357919101745596e+22,1.4846464308534317e+22,0.9608795650923886,0.5640906488588099
mpp,200.0,0.6388568014660193,9.190654003789586e-06,0.8355140003445078,2.534942114437e+17,2.4993837993430205e+17,1.5357919101745596e+22,1.482703783641142e+22,0.9608451723413438,0.564387346392167
mpp,200.0,0.6388568014660193,9.237412985562645e-06,0.8397648168693314,2.5370160585808544e+17,2.4939859613953667e+17,1.5357919101745596e+22,1.4807120797979684e+22,0.960809317013557,0.5646819499103273
mpp,200.0,0.6388568014660193,9.283189625591765e-06,0.8439263295992514,2.539650342444183e+17,2.4879835451954442e+17,1.5357919101745596e+22,1.4786821482302094e+22,0.9607720846389461,0.5649750760360179
mpp,200.0,0.6388568014660193,9.32799290759491e-06,0.8479993552359009,2.5429285926952694e+17,2.4813202808412138e+17,1.5357919101745596e+22,1.4766255848372442e+22,0.9607335681190983,0.5652673895814336
mpp,200.0,0.6388568014660193,9.371832367526334e-06,0.8519847606842121,2.54694124502617e+17,2.4739366901316982e+17,1.5357919101745596e+22,1.4745547641502371e+22,0.9606938683574541,0.5655596036566458
mpp,200.0,0.6388568014660193,9.414718056352513e-06,0.8558834596684103,2.5517857260615005e+17,2.4657704219024045e+17,1.5357919101745596e+22,1.4724828362622907e+22,0.9606530947857745,0.5658524792555066
mpp,200.0,0.6388568014660193,9.456660503517164e-06,0.8596964094106513,2.5575666087188077e+17,2.4567566722245475e+17,1.5357919101745596e+22,1.4704237073146338e+22,0.9606113657622395,0.5661468242842721
mpp,200.0,0.6388568014660193,9.497670681168985e-06,0.8634246073789986,2.5643957444766336e+17,2.4468286896532134e+17,1.5357919101745596e+22,1.4683920018654842e+22,0.9605688088143358,0.5664434920069391
mpp,200.0,0.6388568014660193,9.537759969217746e-06,0.8670690881107043,2.572392377490572e+17,2.4359183633611776e+17,1.5357919101745596e+22,1.4664030056481607e+22,0.9605255606991394,0.5667433788914429
mpp,200.0,0.6388568014660193,9.576940121276638e-06,0.870630920116058,2.581683246903953e+17,2.4239568896048374e+17,1.5357919101745596e+22,1.4644725875305517e+22,0.9604817672551214,0.5670474218521212
mpp,200.0,0.6388568014660193,9.61522323154144e-06,0.8741112028674036,2.5924026849621962e+17,2.4108755096606253e+17,1.5357919101745596e+22,1.462617099936333e+22,0.9604375830235077,0.567356594895918
mpp,200.0,0.6388568014660193,9.652621702649905e-06,0.8775110638772642,2.6046927195843584e+17,2.3966063102305965e+17,1.5357919101745596e+22,1.4608532575583897e+22,0.960393170623512,0.5676719051922651
mpp,200.0,0.6388568014660193,9.689148214557948e-06,0.8808316558689044,2.6187031908144848e+17,2.3810830754154506e+17,1.5357919101745596e+22,1.459197994857109e+22,0.9603486998742556,0.5679943885990614
mpp,200.0,0.6388568014660193,9.724815694462743e-06,0.8840741540420676,2.6345918910436973e+17,2.3642421777719146e+17,1.5357919101745596e+22,1.4576683035769237e+22,0.960304346666325,0.5683251046892284
mpp,200.0,0.6388568014660193,9.759637287796798e-06,0.8872397534360725,2.652524739057633e+17,2.3460234946672016e+17,1.5357919101745596e+22,1.4562810522558114e+22,0.9602602915969902,0.5686651313335439
mpp,200.0,0.6388568014660193,9.793626330311123e-06,0.8903296663919203,2.6726759977932416e+17,2.326371335158836e+17,1.5357919101745596e+22,1.4550527903987585e+22,0.9602167183942222,0.5690155589054892
mpp,200.0,0.6388568014660193,9.826796321260428e-06,0.8933451201145843,2.695228545260815e+17,2.305235361903264e+17,1.5357919101745596e+22,1.4539995405916758e+22,0.9601738121648851,0.5693774841823412
mpp,200.0,0.6388568014660193,9.859160897697999e-06,0.8962873543361817,2.720374207459963e+17,2.2825714921312992e+17,1.5357919101745596e+22,1.453136582324885e+22,0.960131757511065,0.5697520040234687
mpp,200.0,0.6388568014660193,9.890733809883394e-06,0.8991576190803086,2.7483141612373946e+17,2.2583427614811965e+17,1.5357919101745596e+22,1.4524782315706148e+22,0.960090736564788,0.5701402089115665
mpp,200.0,0.6388568014660193,9.921528897801673e-06,0.9019571725274248,2.7792594141576723e+17,2.232520134492747e+17,1.5357919101745596e+22,1.452037620339167e+22,0.9600509269950058,0.5705431764453022
mpp,200.0,0.6388568014660193,9.951560068788844e-06,0.904687278980804,2.8134313674150662e+17,2.205083245811809e+17,1.5357919101745596e+22,1.4518264803722097e+22,0.9600125000416098,0.5709619648725216
mpp,200.0,0.6388568014660193,9.980841276254737e-06,0.9073492069322489,2.851062466845266e+17,2.1760210567028768e+17,1.5357919101745596e+22,1.4518549349624803e+22,0.9599756186294486,0.5713976067518406
mpp,200.0,0.6388568014660193,1.0009386499490995e-05,0.9099442272264542,2.892396946146637e+17,2.145332412344199e+17,1.5357919101745596e+22,1.4521313025793884e+22,0.9599404356112407,0.5718511028272343
mpp,200.0,0.6388568014660193,1.0037209724549056e-05,0.9124736113226415,2.93769166553482e+17,2.1130264866177626e+17,1.5357919101745596e+22,1.4526619155653538e+22,0.9599070921822774,0.572323416195296
mpp,200.0,0.6388568014660193,1.0064324926170204e-05,0.9149386296518368,2.9872170482911424e+17,2.0791231027363702e+17,1.5357919101745596e+22,1.4534509567012392e+22,0.9598757165024544,0.5728154668383743
mpp,200.0,0.6388568014660193,1.009074605074749e-05,0.9173405500679536,3.041258117015119e+17,2.043652920072916e+17,1.5357919101745596e+22,1.4545003159352282e+22,0.9598464225529167,0.5733281265890361
mpp,200.0,0.6388568014660193,1.0116487000297136e-05,0.9196806363906487,3.100115630867332e+17,2.0066574799549117e+17,1.5357919101745596e+22,1.455809469058192e+22,0.959819309245971,0.5738622145824916
mpp,200.0,0.6388568014660193,1.0141561617415305e-05,0.921960147037755,3.164107324696745e+17,1.968189105912107e+17,1.5357919101745596e+22,1.4573753796107998e+22,0.959794459798314,0.5744184932440022
mpp,200.0,0.6388568014660193,1.0165983671194466e-05,0.9241803337449515,3.2335692506783136e+17,1.9283106568479677e+17,1.5357919101745596e+22,1.459192424837295e+22,0.9597719413694037,0.5749976648481491
mpp,200.0,0.6388568014660193,1.0189766844072332e-05,0.9263424403702121,3.308857222945195e+17,1.8870951347637462e+17,1.5357919101745596e+22,1.4612523460796896e+22,0.9597518049592607,0.5756003686763997
mpp,200.0,0.6388568014660193,1.0212924719585172e-05,0.9284477017804702,3.390348365660972e+17,1.8446251518712317e+17,1.5357919101745596e+22,1.4635442236200292e+22,0.9597340855533075,0.576227178788934
mpp,200.0,0.6388568014660193,1.0235470770996504e-05,0.930497342817864,3.478442764999294e+17,1.800992265097422e+17,1.5357919101745596e+22,1.4660544756358924e+22,0.9597188024962144,0.5768786024163955
mpp,200.0,0.6388568014660193,1.0257418350771382e-05,0.932492577342853,3.573565225685591e+17,1.7562961889752275e+17,1.5357919101745596e+22,1.468766880674911e+22,0.9597059600721644,0.5775550789673496
mpp,200.0,0.6388568014660193,1.0278780680866053e-05,0.9344346073514593,3.676167132868452e+17,1.710643900631414e+17,1.5357919101745596e+22,1.4716626227863797e+22,0.9596955482655457,0.5782569796379187
mpp,200.0,0.6388568014660193,1.029957084380237e-05,0.9363246221638519,3.786728420372507e+17,1.6641486529115466e+17,1.5357919101745596e+22,1.474720358273708e+22,0.9596875436737773,0.5789846076015197
mpp,200.0,0.6388568014660193,1.0319801774496192e-05,0.938163797681472,3.9057596466122214e+17,1.616928913562749e+17,1.5357919101745596e+22,1.4779163028708015e+22,0.959681910542743,0.579738198748968
mpp,200.0,0.6388568014660193,1.03394862528089e-05,0.9399532957099002,4.0338041797041875e+17,1.569107249743495e+17,1.5357919101745596e+22,1.4812243380220014e+22,0.9596786018950703,0.5805179229425445
mpp,200.0,0.6388568014660193,1.0358636896791337e-05,0.941694263344667,4.1714404935725165e+17,1.5208091779238938e+17,1.5357919101745596e+22,1.484616134859554e+22,0.9596775607221064,0.5813238857420359
mpp,200.0,0.6388568014660193,1.0377266156589495e-05,0.9433878324172269,4.319284577066718e+17,1.4721619994626765e+17,1.5357919101745596e+22,1.4880612944089824e+22,0.9596787212118417,0.582156130556279
mpp,200.0,0.6388568014660193,1.0395386308981809e-05,0.9450351189983464,4.4779924582967584e+17,1.4232936418099122e+17,1.5357919101745596e+22,1.4915275025121886e+22,0.9596820099870177,0.5830146411704021
mpp,200.0,0.6388568014660193,1.0413009452518051e-05,0.9466372229561866,4.6482628465303494e+17,1.3743315244229957e+17,1.5357919101745596e+22,1.4949806979394709e+22,0.9596873473301555,0.5838993445967338
mpp,200.0,0.6388568014660193,1.0430147503230494e-05,0.9481952275664085,4.830839894087568e+17,1.3254014671470378e+17,1.5357919101745596e+22,1.4983852521595561e+22,0.9596946483750557,0.5848101141962062
mpp,200.0,0.6388568014660193,1.044681219088843e-05,0.9497101991716755,5.026516080614262e+17,1.2766266570820862e+17,1.5357919101745596e+22,1.5017041592358399e+22,0.9597038242473696,0.585746773016962
mpp,200.0,0.6388568014660193,1.0463015055767816e-05,0.9511831868879833,5.236135222125163e+17,1.2281266878959358e+17,1.5357919101745596e+22,1.5048992343613753e+22,0.959714783139964,0.5867090972976724
mpp,200.0,0.6388568014660193,1.0478767445908384e-05,0.9526152223553077,5.460595606909597e+17,1.18001668325831e+17,1.5357919101745596e+22,1.5079313195455358e+22,0.9597274313119216,0.5876968200847407
mpp,200.0,0.6388568014660193,1.0494080514831359e-05,0.9540073195301236,5.700853260220975e+17,1.13240651363179e+17,1.5357919101745596e+22,1.5107604950326727e+22,0.9597416740030174,0.5887096349149213
mpp,200.0,0.6388568014660193,1.0508965219691605e-05,0.9553604745174187,5.957925339188477e+17,1.0854001131702262e+17,1.5357919101745596e+22,1.5133462950587832e+22,0.9597574162583271,0.5897471995178937
mpp,200.0,0.6388568014660193,1.052343231983881e-05,0.9566756654398918,6.232893658898477e+17,1.039094901003486e+17,1.5357919101745596e+22,1.515647926606097e+22,0.959774563660205,0.5908091394967948
mpp,200.0,0.6388568014660193,1.0537492375763123e-05,0.9579538523421021,6.526908349937775e+17,9.935813088208114e+16,1.5357919101745596e+22,1.517624489870648e+22,0.9597930229671444,0.5918950519485795
mpp,200.0,0.6388568014660193,1.055115574840148e-05,0.9591959771274073,6.8411916468755e+17,9.48942414455081e+16,1.5357919101745596e+22,1.5192351992084544e+22,0.9598127026610276,0.5930045089901796
mpp,200.0,0.6388568014660193,1.0564432598781674e-05,0.9604029635256067,7.177041806211606e+17,9.052536791685074e+16,1.5357919101745596e+22,1.5204396033822087e+22,0.9598335134059156,0.5941370611607039
mpp,200.0,0.6388568014660193,1.0577332887982049e-05,0.9615757170892771,7.535837151205281e+17,8.625827845853389e+16,1.5357919101745596e+22,1.5211978039868739e+22,0.9598553684228822,0.595292240674215
mpp,200.0,0.6388568014660193,1.0589866377385603e-05,0.9627151252168731,7.919040239696026e+17,8.209895637303253e+16,1.5357919101745596e+22,1.5214706709839621e+22,0.9598781837864198,0.5964695645019015
mpp,200.0,0.6388568014660193,1.0602042629208068e-05,0.9638220572007334,8.32820214955059e+17,7.805260194267672e+16,1.5357919101745596e+22,1.5212200543263916e+22,0.9599018786486971,0.5976685372666027
mpp,200.0,0.6388568014660193,1.0613871007280374e-05,0.9648973642982158,8.764966874750926e+17,7.412364223854571e+16,1.5357919101745596e+22,1.5204089907159773e+22,0.9599263753984341,0.5988886539366138
mpp,200.0,0.6388568014660193,1.0625360678066804e-05,0.965941879824255,9.231075823186592e+17,7.031574806663845e+16,1.5357919101745596e+22,1.5190019045683525e+22,0.9599515997614133,0.6001294023094239
mpp,200.0,0.6388568014660193,1.0636520611900908e-05,0.9669564192637189,9.728372405224352e+17,6.663185717986189e+16,1.5357919101745596e+22,1.5169648023133152e+22,0.9599774808497094,0.6013902652795031
mpp,200.0,0.6388568014660193,1.0647359584422066e-05,0.9679417804020061,1.0258806699761576e+18,6.307420286924297e+16,1.5357919101745596e+22,1.5142654592011257e+22,0.9600039511666011,0.602670722887387
mpp,200.0,0.6388568014660193,1.0657886178196438e-05,0.9688987434724035,1.0824440182032695e+18,5.964434705181927e+16,1.5357919101745596e+22,1.5108735978175308e+22,0.9600309465738928,0.6039702541501457
mpp,200.0,0.6388568014660193,1.0668108784506744e-05,0.969828071318795,1.1427450494570447e+18,5.6343216996346056e+16,1.5357919101745596e+22,1.5067610575444204e+22,0.960058406228011,0.6052883386758091
mpp,200.0,0.6388568014660193,1.0678035605296172e-05,0.9707305095723793,1.2070136239879252e+18,5.3171144864814904e+16,1.5357919101745596e+22,1.5019019542380463e+22,0.960086272490828,0.6066244580664867
mpp,200.0,0.6388568014660193,1.0687674655252362e-05,0.9716067868411238,1.2754921770072407e+18,5.01279092976879e+16,1.5357919101745596e+22,1.4962728294210446e+22,0.9601144908206636,0.6079780971167544
mpp,200.0,0.6388568014660193,1.0697033764018233e-05,0.9724576149107484,1.348436194530951e+18,4.721277832884289e+16,1.5357919101745596e+22,1.48985278831024e+22,0.9601430096484128,0.6093487448154121
mpp,200.0,0.6388568014660193,1.0706120578517071e-05,0.9732836889560974,1.4261146829209508e+18,4.442455298069941e+16,1.5357919101745596e+22,1.4826236260265646e+22,0.9601717802432133,0.6107358951599519
mpp,200.0,0.6388568014660193,1.0714942565379982e-05,0.9740856877618166,1.5088106285533092e+18,4.176161095825246e+16,1.5357919101745596e+22,1.474569941357091e+22,0.9602007565715334,0.6121390477940349
mpp,200.0,0.6388568014660193,1.0723507013464508e-05,0.9748642739513189,1.596821443634651e+18,3.922194993052997e+16,1.5357919101745596e+22,1.4656792374630383e+22,0.960229895153047,0.6135577084789999
mpp,200.0,0.6388568014660193,1.0731821036453796e-05,0.9756200942230724,1.6904593937621245e+18,3.6803229957527336e+16,1.5357919101745596e+22,1.4559420089521834e+22,0.9602591549161654,0.6149913894109097
mpp,200.0,0.6388568014660193,1.0739891575526403e-05,0.9763537795933094,1.7900520023828193e+18,3.4502814688400356e+16,1.5357919101745596e+22,1.4453518147624416e+22,0.9602884970556265,0.6164396093949575
mpp,200.0,0.6388568014660193,1.07477254020873e-05,0.9770659456442999,1.895942426853736e+18,3.2317811021489424e+16,1.5357919101745596e+22,1.4339053363342533e+22,0.9603178848941087,0.6179018938891585
mpp,200.0,0.6388568014660193,1.0755329120551326e-05,0.9777571927773933,2.0084898003448627e+18,3.0245106977540292e+16,1.5357919101745596e+22,1.4216024205864263e+22,0.9603472837494427,0.6193777749292574
mpp,200.0,0.6388568014660193,1.0762709171170821e-05,0.9784281064700746,2.1280695333641375e+18,2.828140759372726e+16,1.5357919101745596e+22,1.4084461072524388e+22,0.960376660808626,0.6208667909466219
mpp,200.0,0.6388568014660193,1.0769871832899693e-05,0.9790792575363358,2.2550735682266962e+18,2.6423268697283868e+16,1.5357919101745596e+22,1.3944426401864e+22,0.9604059850095334,0.6223684864906648
mpp,200.0,0.6388568014660193,1.077682322628674e-05,0.9797112023897037,2.389910579334123e+18,2.466712846349376e+16,1.5357919101745596e+22,1.3796014623004366e+22,0.9604352269309263,0.6238824118670104
mpp,200.0,0.6388568014660193,1.07835693163914e-05,0.9803244833083091,2.533006111696108e+18,2.3009336703452264e+16,1.5357919101745596e+22,1.363935193864351e+22,0.9604643586911159,0.6254081227022342
mpp,200.0,0.6388568014660193,1.0790115915715747e-05,0.9809196287014316,2.684802649740331e+18,2.1446181862361388e+16,1.5357919101745596e+22,1.3474595939833883e+22,0.9604933538554291,0.626945179445594
mpp,200.0,0.6388568014660193,1.0796468687146801e-05,0.981497153376982,2.8457570118706775e+18,1.9975212637892084e+16,1.5357919101745596e+22,1.330278660458434e+22,0.9605235457885632,0.6284931468176966
mpp,200.0,0.6388568014660193,1.0802633146903754e-05,0.9820575588094322,3.016345432279019e+18,1.8592477407060948e+16,1.5357919101745596e+22,1.312416665741115e+22,0.9605549920268492,0.6300515931379231
mpp,200.0,0.6388568014660193,1.0808614667485075e-05,0.982601333407734,3.197060837558226e+18,1.729401518520241e+16,1.5357919101745596e+22,1.293898279329285e+22,0.960587718922743,0.631620089714119
mpp,200.0,0.6388568014660193,1.0814418480610833e-05,0.9831289527828031,3.3884124870336553e+18,1.6075909225657168e+16,1.5357919101745596e+22,1.2747505778108213e+22,0.9606217548613545,0.6331982102044709
mpp,200.0,0.6388568014660193,1.0820049680155946e-05,0.9836408800141769,3.5909255628510275e+18,1.493430212876469e+16,1.5357919101745596e+22,1.255002914631209e+22,0.9606571301631784,0.6347855299579236
mpp,200.0,0.6388568014660193,1.0825513225070368e-05,0.9841375659154881,3.805140636762203e+18,1.3865409025467588e+16,1.5357919101745596e+22,1.234686777322915e+22,0.9606938769868401,0.6363816253412838
mpp,200.0,0.6388568014660193,1.0830813942282604e-05,0.9846194492984186,4.0316130044376786e+18,1.286552894566942e+16,1.5357919101745596e+22,1.213835632974871e+22,0.9607320292311838,0.6379860730606097
mpp,200.0,0.6388568014660193,1.0835956529583215e-05,0.9850869572348377,4.270911878423543e+18,1.1931054486158548e+16,1.5357919101745596e+22,1.1924847628265435e+22,0.9607716224359786,0.6395984494840197
mpp,200.0,0.6388568014660193,1.084094555848522e-05,0.9855405053168382,4.5236194311565757e+18,1.1058479895725304e+16,1.5357919101745596e+22,1.1706710869634894e+22,0.9608126936804517,0.641218329972552
mpp,200.0,0.6388568014660193,1.0845785477058698e-05,0.9859804979144271,4.790329680017186e+18,1.024440769556886e+16,1.5357919101745596e+22,1.148432980187399e+22,0.960855281478827,0.642845288225319
mpp,200.0,0.6388568014660193,1.0850480612736976e-05,0.9864073284306342,5.071647207076881e+18,9485553952296536.0,1.5357919101745596e+22,1.1258100802342479e+22,0.9608994256720021,0.6444788956447378
mpp,200.0,0.6388568014660193,1.0855035175092196e-05,0.986821379553836,5.3681857070442e+18,8778752318479254.0,1.5357919101745596e+22,1.1028430895870686e+22,0.9609451673144765,0.6461187207272829
mpp,200.0,0.6388568014660193,1.0859453258578164e-05,0.9872230235071058,5.680566357977534e+18,8120956952439774.0,1.5357919101745596e+22,1.0795735722119995e+22,0.9609925485556247,0.6477643284848111
mpp,200.0,0.6388568014660193,1.0863738845238655e-05,0.9876126222944233,6.009416010590084e+18,7509244424879092.0,1.5357919101745596e+22,1.0560437466206625e+22,0.9610416125143969,0.6494152799011846
mpp,200.0,0.6388568014660193,1.0867895807379541e-05,0.9879905279435948,6.355365193410466e+18,6940814715139734.0,1.5357919101745596e+22,1.032296276706236e+22,0.9610924031465427,0.651071131428588
mpp,200.0,0.6388568014660193,1.0871927910203254e-05,0.9883570827457504,6.719045932709395e+18,6412991394797653.0,1.5357919101745596e+22,1.0083740618512944e+22,0.9611449651034487,0.6527314345276082
mpp,200.0,0.6388568014660193,1.0875838814404348e-05,0.9887126194913044,7.101089387961431e+18,5923221090775627.0,1.5357919101745596e+22,9.843200278325763e+21,0.9611993435817305,0.654395735254863
mpp,200.0,0.6388568014660193,1.087963207872503e-05,0.9890574617022755,7.502123305653544e+18,5469072314518139.0,1.5357919101745596e+22,9.601769200576232e+21,0.9612555841627366,0.6560635739016412
mpp,200.0,0.6388568014660193,1.088331116246969e-05,0.9893919238608808,7.922769296469749e+18,5048233738090976.0,1.5357919101745596e+22,9.359871006680692e+21,0.9613137326411862,0.6577344846867244
mpp,200.0,0.6388568014660193,1.0886879427977617e-05,0.9897163116343288,8.363639943269746e+18,4658511992354557.0,1.5357919101745596e+22,9.117923510201236e+21,0.9613738348422287,0.6594079955062628
mpp,200.0,0.6388568014660193,1.0890340143053247e-05,0.9900309220957497,8.825335749808258e+18,4297829056736676.0,1.5357919101745596e+22,8.876336810106894e+21,0.961435936426293,0.6610836277432617
mpp,200.0,0.6388568014660193,1.0893696483353328e-05,0.9903360439412118,9.308441942777424e+18,3964219304675730.5,1.5357919101745596e+22,8.635511466626658e+21,0.9615000826812006,0.6627608961389199
mpp,200.0,0.6388568014660193,1.0896951534730626e-05,0.9906319577027842,9.8135251424813e+18,3655826263489304.5,1.5357919101745596e+22,8.39583677305454e+21,0.9615663183011335,0.664439308727742
mpp,200.0,0.6388568014660193,1.0900108295533774e-05,0.9909189359576158,1.0341129920208716e+19,3370899142317301.5,1.5357919101745596e+22,8.157689135900729e+21,0.9616346871521838,0.6661183668379964
mpp,200.0,0.6388568014660193,1.0903169678863081e-05,0.9911972435330074,1.0891775263125144e+19,3107789176935882.0,1.5357919101745596e+22,7.921430574714754e+21,0.9617052320243752,0.6677975651587428
mpp,200.0,0.6388568014660193,1.090613851478213e-05,0.9914671377074664,1.1465950970208434e+19,2864945835604120.5,1.5357919101745596e+22,7.68740735163934e+21,0.9617779943702196,0.6694763918742862
mpp,200.0,0.6388568014660193,1.0909017552485099e-05,0.9917288684077362,1.206411400534374e+19,2640912925721627.5,1.5357919101745596e+22,7.455948739342847e+21,0.9618530140300701,0.6711543288665208
mpp,200.0,0.6388568014660193,1.0911809462419846e-05,0.9919826784018042,1.268668483613183e+19,2434324636964102.5,1.5357919101745596e+22,7.227365934503634e+21,0.9619303289447483,0.6728308519852426
mpp,200.0,0.6388568014660193,1.0914516838366856e-05,0.992228803487896,1.3334043789168812e+19,2243901552696625.5,1.5357919101745596e+22,7.001951122420744e+21,0.9620099748561592,0.6745054313860848
mpp,200.0,0.6388568014660193,1.091714219947416e-05,0.9924674726794691,1.400652745448225e+19,2068446657840627.0,1.5357919101745596e+22,6.779976696636462e+21,0.9620919849968518,0.6761775319353022
mpp,200.0,0.6388568014660193,1.0919687992248514e-05,0.9926989083862285,1.4704425173415428e+19,1906841368014557.8,1.5357919101745596e+22,6.561694635796665e+21,0.9621763897697565,0.6778466136802144
mpp,200.0,0.6388568014660193,1.0922156592503055e-05,0.9929233265911869,1.5427975645433756e+19,1758041601638512.0,1.5357919101745596e+22,6.34733603824639e+21,0.9622632164195992,0.6795121323836466
mpp,200.0,0.6388568014660193,1.0924550307261798e-05,0.9931409370237998,1.6177363690092362e+19,1621073913791120.8,1.5357919101745596e+22,6.137110813146771e+21,0.9623524886977753,0.6811735401202818
mpp,200.0,0.6388568014660193,1.0926871376621309e-05,0.9933519433292098,1.6952717200664592e+19,1495031707951234.5,1.5357919101745596e+22,5.931207525300298e+21,0.9624442265227611,0.6828302859323726
mpp,200.0,0.6388568014660193,1.0929121975570008e-05,0.9935565432336372,1.7754104325677636e+19,1379071539282899.8,1.5357919101745596e+22,5.729793389239942e+21,0.9625384456384126,0.6844818165418395
mpp,200.0,0.6388568014660193,1.0931304215765523e-05,0.9937549287059567,1.8581530913759166e+19,1272409520884743.2,1.5357919101745596e+22,5.53301440670577e+21,0.9626351572727929,0.6861275771153168
mpp,200.0,0.6388568014660193,1.0933420147270573e-05,0.9939472861155068,1.9434938255833674e+19,1174317842356019.2,1.5357919101745596e+22,5.340995640248992e+21,0.9627343678004222,0.6877670120783156
mpp,200.0,0.6388568014660193,1.0935471760247933e-05,0.9941337963861758,2.031420115673081e+19,1084121408164526.2,1.5357919101745596e+22,5.153841614507482e+21,0.962836078411099,0.6893995659742581
mpp,200.0,0.6388568014660193,1.0937460986614977e-05,0.9943146351468162,2.1219126365733007e+19,1001194601599512.6,1.5357919101745596e+22,4.971636835629599e+21,0.9629402847886529,0.6910246843637525
mpp,200.0,0.6388568014660193,1.0939389701658392e-05,0.9944899728780356,2.2149451392470503e+19,924958178562015.4,1.5357919101745596e+22,4.794446418443378e+21,0.9630469768031752,0.6926418147591421
mpp,200.0,0.6388568014660193,1.094125972560964e-05,0.9946599750554219,2.310484373095112e+19,854876294062718.5,1.5357919101745596e+22,4.622316810241871e+21,0.963156138220422,0.6942504075890509
mpp,200.0,0.6388568014660193,1.0943072825181768e-05,0.9948248022892516,2.408490051048842e+19,790453663073006.6,1.5357919101745596e+22,4.455276599585811e+21,0.9632677464321744,0.6958499171873438
mpp,200.0,0.6388568014660193,1.0944830715068192e-05,0.9949846104607447,2.508914858778466e+19,731232856272481.6,1.5357919101745596e+22,4.2933373981401924e+21,0.9633817722113884,0.6974398028007495
mpp,200.0,0.6388568014660193,1.0946535059404077e-05,0.9951395508549161,2.6117045089409356e+19,676791730279213.6,1.5357919101745596e+22,4.1364947834258284e+21,0.9634981794959515,0.6990195296091241
mpp,200.0,0.6388568014660193,1.0948187473190986e-05,0.9952897702900896,2.7167978409169867e+19,626740991097874.4,1.5357919101745596e+22,3.9847292904289966e+21,0.963616925204778,0.7005885697523108
mpp,200.0,0.6388568014660193,1.0949789523685387e-05,0.9954354112441262,2.8241269659230294e+19,580721888792293.1,1.5357919101745596e+22,3.8380074401616516e+21,0.9637379590898377,0.7021464033573493
mpp,200.0,0.6388568014660193,1.0951342731751775e-05,0.9955766119774341,2.9336174568695493e+19,538404040756180.44,1.5357919101745596e+22,3.696282793635034e+21,0.9638612236274894,0.703692519559896
mpp,200.0,0.6388568014660193,1.0952848573180955e-05,0.9957135066528141,3.0451885818078618e+19,499483380426939.9,1.5357919101745596e+22,3.559497020221162e+21,0.96398665395221,0.7052264175136225
mpp,200.0,0.6388568014660193,1.0954308479974282e-05,0.9958462254522075,3.1587535792647442e+19,463680227839132.3,1.5357919101745596e+22,3.4275809699349114e+21,0.9641141778354572,0.7067476073815799
mpp,200.0,0.6388568014660193,1.0955723841594418e-05,0.9959748946904017,3.2742199732957516e+19,430737478054986.25,1.5357919101745596e+22,3.3004557399462857e+21,0.9642437157119853,0.708255611303539
mpp,200.0,0.6388568014660193,1.0957096006183349e-05,0.996099636925759,3.391489925595631e+19,400418903218032.0,1.5357919101745596e+22,3.1780337263800746e+21,0.9643751807554586,0.7097499643336139
mpp,200.0,0.6388568014660193,1.0958426281748313e-05,0.9962205710680284,3.5104606215844286e+19,372507563755920.4,1.5357919101745596e+22,3.06021965333979e+21,0.9645084790046736,0.7112302153427031
mpp,200.0,0.6388568014660193,1.09597159373163e-05,0.9963378124833001,3.6310246870228017e+19,346804324099050.0,1.5357919101745596e+22,2.9469115720161915e+21,0.9646435095411275,0.712695927880546
mpp,200.0,0.6388568014660193,1.0960966204057819e-05,0.9964514730961654,3.753070631352915e+19,323126468174925.3,1.5357919101745596e+22,2.8380018236285235e+21,0.9647801647180608,0.7141466809926139
mpp,200.0,0.6388568014660193,1.0962178276380554e-05,0.9965616614891413,3.876483313720083e+19,301306409883079.06,1.5357919101745596e+22,2.7333779609201373e+21,0.9649183304404647,0.7155820699873805
mpp,200.0,0.6388568014660193,1.0963353312993623e-05,0.9966684829994202,4.001144427420153e+19,281190493741220.2,1.5357919101745596e+22,2.632923623839761e+21,0.9650578864949039,0.7170017071499916
mpp,200.0,0.6388568014660193,1.0964492437943059e-05,0.9967720398130053,4.126932998373037e+19,262637880918658.6,1.5357919101745596e+22,2.536519365943039e+21,0.9651987069273535,0.7184052223987744
mpp,200.0,0.6388568014660193,1.0965596741619176e-05,0.9968724310562888,4.25372589315608e+19,245519515930110.22,1.5357919101745596e+22,2.4440434289133764e+21,0.9653406604666224,0.7197922638815296
mpp,200.0,0.6388568014660193,1.0966667281736461e-05,0.9969697528851329,4.3813983321242214e+19,229717169349135.84,1.5357919101745596e+22,2.3553724634198686e+21,0.9654836109903324,0.7211624985090321
mpp,200.0,0.6388568014660193,1.0967705084286636e-05,0.9970640985715125,4.509824403204515e+19,215122552009690.84,1.5357919101745596e+22,2.270382195286337e+21,0.9656274180298551,0.7225156124236979
mpp,200.0,0.6388568014660193,1.0968711144465507e-05,0.9971555585877734,4.638877572067909e+19,201636496294018.62,1.5357919101745596e+22,2.1889480366425105e+21,0.9657719373100959,0.7238513114018557
mpp,200.0,0.6388568014660193,1.0969686427574233e-05,0.9972442206885668,4.76843118456134e+19,189168200250285.66,1.5357919101745596e+22,2.1109456423541638e+21,0.9659170213195667,0.7251693211886162
mpp,200.0,0.6388568014660193,1.0970631869895642e-05,0.9973301699905128,4.898358957506032e+19,177634530441723.1,1.5357919101745596e+22,2.0362514125836478e+21,0.9660625199058003,0.726469387764813
mpp,200.0,0.6388568014660193,1.0971548379546137e-05,0.9974134890496489,5.02853545423852e+19,166959379597079.9,1.5357919101745596e+22,1.9647429428177965e+21,0.966208280890859,0.7277512775459749
mpp,200.0,0.6388568014660193,1.0972436837303892e-05,0.9974942579367174,5.158836541583722e+19,157073075306529.97,1.5357919101745596e+22,1.8962994231079936e+21,0.9663541507014708,0.7290147775138097
mpp,200.0,0.6388568014660193,1.0973298097413808e-05,0.9975725543103462,5.289139825295775e+19,147911836186839.0,1.5357919101745596e+22,1.8308019886146488e+21,0.9664999750081812,0.7302596952810892
mpp,200.0,0.6388568014660193,1.0974132988369913e-05,0.9976484534881739,5.419325061346529e+19,139417272120841.06,1.5357919101745596e+22,1.7681340238119906e+21,0.9666455993678704,0.7314858590912908
mpp,200.0,0.6388568014660193,1.0974942313675674e-05,0.9977220285159705,5.549274540822834e+19,131535925358645.33,1.5357919101745596e+22,1.7081814229271862e+21,0.9667908698640081,0.7326931177546885
mpp,200.0,0.6388568014660193,1.0975726852582875e-05,0.9977933502348069,5.678873446632183e+19,124218849447912.83,1.5357919101745596e+22,1.6508328093465368e+21,0.9669356337391504,0.7338813405230621
mpp,200.0,0.6388568014660193,1.0976487360809517e-05,0.9978624873463197,5.808010180492259e+19,117421223139583.27,1.5357919101745596e+22,1.5959797167947102e+21,0.9670797400143667,0.7350504169053889
mpp,200.0,0.6388568014660193,1.0977224571237352e-05,0.997929506476123,5.936576659214466e+19,111101996588882.02,1.5357919101745596e+22,1.543516735181231e+21,0.9672230400905636,0.7362002564272953
mpp,200.0,0.6388568014660193,1.097793919458954e-05,0.9979944722354128,6.064468579512002e+19,105223567341588.9,1.5357919101745596e+22,1.4933416239769453e+21,0.9673653883269917,0.737330788337203
mpp,200.0,0.6388568014660193,1.097863192008893e-05,0.9980574472808119,6.191585651034278e+19,99751483759110.88,1.5357919101745596e+22,1.4453553959836975e+21,0.9675066425926224,0.7384419612623873
mpp,200.0,0.6388568014660193,1.0979303416097527e-05,0.9981184923725025,6.317831797621451e+19,94654173693761.83,1.5357919101745596e+22,1.3994623742851579e+21,0.9676466647865043,0.7395337428183313
mpp,200.0,0.6388568014660193,1.0979954330737578e-05,0.998177666430689,6.443115327064238e+19,89902696377194.05,1.5357919101745596e+22,1.355570225081237e+21,0.9677853213236798,0.740606119174842
mpp,200.0,0.6388568014660193,1.0980585292494814e-05,0.9982350265904376,6.567349069982349e+19,85470515628644.31,1.5357919101745596e+22,1.3135899690032345e+21,0.9679224835837416,0.7416590945825876
mpp,200.0,0.6388568014660193,1.0981196910804284e-05,0.9982906282549349,6.690450488665464e+19,81333292627188.03,1.5357919101745596e+22,1.2734359733812165e+21,0.9680580283196152,0.7426926908636982
mpp,200.0,0.6388568014660193,1.0981789776619278e-05,0.9983445251472072,6.812341756951978e+19,77468696621701.5,1.5357919101745596e+22,1.2350259277953465e+21,0.968191838024672,0.743706946870161
mpp,200.0,0.6388568014660193,1.0982364462963772e-05,0.9983967693603429,6.932949812412264e+19,73856232075151.23,1.5357919101745596e+22,1.1982808051011268e+21,0.9683238012567937,0.744701917913692
mpp,200.0,0.6388568014660193,1.0982921525468846e-05,0.9984474114062588,7.052206382273267e+19,70477080854612.89,1.5357919101745596e+22,1.1631248099607813e+21,0.9684538129185123,0.7456776751708025
mpp,200.0,0.6388568014660193,1.0983461502893518e-05,0.9984965002630471,7.170047984642065e+19,67313958187340.984,1.5357919101745596e+22,1.1294853167677989e+21,0.9685817744928334,0.7466343050666289
mpp,200.0,0.6388568014660193,1.0983984917630406e-05,0.998544083420946,7.2864159067041186e+19,64350981203778.375,1.5357919101745596e+22,1.0972927986897698e+21,0.9687075942348167,0.7475719086411157
mpp,200.0,0.6388568014660193,1.0984492276196647e-05,0.9985902069269679,7.401256161635621e+19,61573548983594.17,1.5357919101745596e+22,1.0664807494110316e+21,0.9688311873194135,0.7484906009009614
mpp,200.0,0.6388568014660193,1.0984984069710465e-05,0.9986349154282241,7.514519426002028e+19,58968233108477.91,1.5357919101745596e+22,1.0369855990007807e+21,0.9689524759464612,0.7493905101606481
mpp,200.0,0.6388568014660193,1.0985460774353792e-05,0.9986782522139812,7.626160959473772e+19,56522677807648.695,1.5357919101745596e+22,1.0087466252010527e+21,0.9690713894040867,0.7502717773757169
mpp,200.0,0.6388568014660193,1.0985922851821332e-05,0.9987202592564848,7.736140508682946e+19,54225508857708.37,1.5357919101745596e+22,9.817058612870966e+20,0.9691878640921042,0.7511345554713567
mpp,200.0,0.6388568014660193,1.0986370749756428e-05,0.9987609772505843,7.844422196952159e+19,52066250469101.16,1.5357919101745596e+22,9.558080015200871e+20,0.9693018435072507,0.7519790086691127
mpp,200.0,0.6388568014660193,1.0986804902174117e-05,0.9988004456521924,7.950974401748922e+19,50035249456295.836,1.5357919101745596e+22,9.310003051099822e+20,0.969413278192349,0.7528053118144291
mpp,200.0,0.6388568014660193,1.098722572987174e-05,0.9988387027156127,8.055769621462981e+19,48123606048796.55,1.5357919101745596e+22,9.072324994670964e+20,0.9695221256516867,0.7536136497075675
mpp,200.0,0.6388568014660193,1.0987633640827416e-05,0.9988757855297651,8.158784333233817e+19,46323110755681.07,1.5357919101745596e+22,8.844566834476184e+20,0.9696283502350314,0.7544042164401491
mpp,200.0,0.6388568014660193,1.0988029030586768e-05,0.9989117300533426,8.25999884334244e+19,44626186746832.53,1.5357919101745596e+22,8.626272311774845e+20,0.9697319229928437,0.7551772147395562
mpp,200.0,0.6388568014660193,1.0988412282638214e-05,0.9989465711489285,8.359397131651881e+19,43025837261163.32,1.5357919101745596e+22,8.417006969656025e+20,0.969832821505305,0.755932855323105
mpp,200.0,0.6388568014660193,1.0988783768777126e-05,0.9989803426161024,8.456966691503153e+19,41515597594985.91,1.5357919101745596e+22,8.216357217377177e+20,0.9699310296878236,0.7566713562637433
mpp,200.0,0.6388568014660193,1.098914384945923e-05,0.9990130772235664,8.552698366355336e+19,40089491262857.37,1.5357919101745596e+22,8.023929413443272e+20,0.9700265375757067,0.7573929423689506
mpp,200.0,0.6388568014660193,1.0989492874143477e-05,0.9990448067403161,8.646586184353453e+19,38741989959670.336,1.5357919101745596e+22,7.839348970383017e+20,0.9701193410906415,0.7580978445741521
mpp,200.0,0.6388568014660193,1.0989831181624756e-05,0.9990755619658869,8.738627191938227e+19,37467976985370.64,1.5357919101745596e+22,7.662259483562372e+20,0.9702094417916132,0.7587862993519843
mpp,200.0,0.6388568014660193,1.0990159100356695e-05,0.9991053727596996,8.828821287494563e+19,36262713824106.195,1.5357919101745596e+22,7.492321885889575e+20,0.9702968466127991,0.7594585481384638
mpp,200.0,0.6388568014660193,1.099047694876486e-05,0.9991342680695328,8.917171055936836e+19,35121809597132.3,1.5357919101745596e+22,7.329213629813234e+20,0.9703815675908984,0.7601148367769577
mpp,200.0,0.6388568014660193,1.0990785035550604e-05,0.9991622759591459,9.003681605043125e+19,34041193133924.625,1.5357919101745596e+22,7.172627897616375e+20,0.9704636215842578,0.7607554149807676
mpp,200.0,0.6388568014660193,1.0991083659985862e-05,0.9991894236350785,9.088360404255151e+19,33017087428918.668,1.5357919101745596e+22,7.022272840667359e+20,0.9705430299860327,0.7613805358149436
mpp,200.0,0.6388568014660193,1.0991373112199139e-05,0.9992157374726489,9.17121712656852e+19,32045986272212.133,1.5357919101745596e+22,6.877870847983872e+20,0.9706198184334954,0.7619904551978207
mpp,200.0,0.6388568014660193,1.0991653673452932e-05,0.9992412430411757,9.252263494054455e+19,31124632861765.49,1.5357919101745596e+22,6.739157844238859e+20,0.9706940165154657,0.7625854314226498
mpp,200.0,0.6388568014660193,1.0991925616412885e-05,0.9992659651284441,9.331513127478074e+19,30250000221757.523,1.5357919101745596e+22,6.605882617069934e+20,0.9707656574797027,0.7631657246995841
mpp,200.0,0.6388568014660193,1.0992189205408847e-05,0.9992899277644407,9.408981400415302e+19,29419273267855.934,1.5357919101745596e+22,6.477806173439442e+20,0.9708347779419435,0.763731596718162
mpp,200.0,0.6388568014660193,1.0992444696688121e-05,0.9993131542443747,9.48468529817802e+19,28629832374326.75,1.5357919101745596e+22,6.35470112457307e+20,0.970901417598129,0.7642833102303069
mpp,200.0,0.6388568014660193,1.099269233866112e-05,0.999335667151011,9.558643281779163e+19,27879238311127.28,1.5357919101745596e+22,6.236351098900848e+20,0.9709656189412189,0.7648211286538538
mpp,200.0,0.6388568014660193,1.0992932372139636e-05,0.9993574883763305,9.630875157205716e+19,27165218430947.312,1.5357919101745596e+22,6.122550182365212e+20,0.9710274269838356,0.7653453156964097
mpp,200.0,0.6388568014660193,1.0993165030567958e-05,0.9993786391425417,9.701401950053736e+19,26485653997099.33,1.5357919101745596e+22,6.013102385298061e+20,0.9710868889878501,0.7658561349993905
mpp,200.0,0.6388568014660193,1.0993390540247038e-05,0.999399140022458,9.770245785700416e+19,25838568552881.348,1.5357919101745596e+22,5.907821135092258e+20,0.971144054201872,0.766353849801927
mpp,200.0,0.6388568014660193,1.0993609120551912e-05,0.9994190109592647,9.837429775002459e+19,25222117242001.32,1.5357919101745596e+22,5.806528793759241e+20,0.9711989736074829,0.7668387226243472
mpp,200.0,0.6388568014660193,1.0993820984142568e-05,0.9994382712856881,9.902977905594868e+19,24634576997897.223,1.5357919101745596e+22,5.709056199535986e+20,0.9712516996749129,0.7673110149708057
mpp,200.0,0.6388568014660193,1.0994026337168478e-05,0.999456939742589,9.966914938688982e+19,24074337526979.938,1.5357919101745596e+22,5.615242231555249e+20,0.971302286128749,0.7677709870506739
mpp,200.0,0.6388568014660193,1.0994225379466936e-05,0.9994750344969942,1.0029266311415112e+20,23539893017692.336,1.5357919101745596e+22,5.524933396722832e+20,0.9713507877241405,0.7682188975181827
mpp,200.0,0.6388568014660193,1.0994418304755431e-05,0.9994925731595847,1.0090058044543938e+20,23029834513272.11,1.5357919101745596e+22,5.4379834378117834e+20,0.9713972600338686,0.7686550032298495
mpp,200.0,0.6388568014660193,1.0994605300818213e-05,0.9995095728016559,1.0149316655526137e+20,22542842891724.266,1.5357919101745596e+22,5.3542529618827883e+20,0.9714417592465361,0.7690795590191262
mpp,200.0,0.6388568014660193,1.0994786549687217e-05,0.9995260499715652,1.0207069076742052e+20,22077682401447.125,1.5357919101745596e+22,5.273609088110391e+20,0.971484341976053,0.7694928174877576
mpp,200.0,0.6388568014660193,1.0994962227817505e-05,0.9995420207106823,1.026334257879516e+20,21633194705664.156,1.5357919101745596e+22,5.195925114120887e+20,0.9715250650824946,0.7698950288131995
mpp,200.0,0.6388568014660193,1.0995132506257437e-05,0.999557500568858,1.0318164698713494e+20,21208293392750.617,1.5357919101745596e+22,5.121080199941143e+20,0.9715639855043477,0.7702864405716309
mpp,200.0,0.6388568014660193,1.0995297550813662e-05,0.9995725046194238,1.0371563172897323e+20,20801958913586.098,1.5357919101745596e+22,5.048959068733331e+20,0.9716011601020765,0.7706672975758447
mpp,200.0,0.6388568014660193,1.099545752221112e-05,0.9995870474737383,1.0423565874645952e+20,20413233910287.062,1.5357919101745596e+22,4.979451723471701e+20,0.9716366455128811,0.7710378417274807
mpp,200.0,0.6388568014660193,1.0995612576248216e-05,0.9996011432952924,1.0474200756089651e+20,20041218903853.22,1.5357919101745596e+22,4.912453178754357e+20,0.9716704980164741,0.7713983118830058
mpp,200.0,0.6388568014660193,1.0995762863947264e-05,0.9996148058133876,1.0523495794342234e+20,19685068311156.504,1.5357919101745596e+22,4.847863206987541e+20,0.9717027734116367,0.771748943732799
mpp,200.0,0.6388568014660193,1.099590853170039e-05,0.9996280483363992,1.0571478941696477e+20,19343986764198.2,1.5357919101745596e+22,4.785586098190924e+20,0.9717335269032844,0.7720899696927688
mpp,200.0,0.6388568014660193,1.0996049721411005e-05,0.9996408837646369,1.0618178079677619e+20,19017225706958.293,1.5357919101745596e+22,4.7255304327148975e+20,0.9717628129997312,0.7724216188078895
mpp,200.0,0.6388568014660193,1.0996186570630982e-05,0.9996533246028165,1.066362097677806e+20,18704080247232.367,1.5357919101745596e+22,4.66760886617728e+20,0.9717906854198126,0.7727441166671171
mpp,200.0,0.6388568014660193,1.0996319212693658e-05,0.9996653829721508,1.0707835249679509e+20,18403886242923.57,1.5357919101745596e+22,4.611737925983159e+20,0.9718171970094938,0.7730576853290123
mpp,200.0,0.6388568014660193,1.0996447776842829e-05,0.9996770706220754,1.0750848327801212e+20,18116017603814.125,1.5357919101745596e+22,4.557837818780648e+20,0.971842399667586,0.7733625432576356
mpp,200.0,0.6388568014660193,1.0996572388357787e-05,0.999688398941617,1.079268742098017e+20,17839883791699.547,1.5357919101745596e+22,4.5058322482829256e+20,0.9718663442801554,0.77365890526803
mpp,200.0,0.6388568014660193,1.0996693168674577e-05,0.9996993789704162,1.0833379490125124e+20,17574927503010.3,1.5357919101745596e+22,4.455648242872338e+20,0.9718890806632154,0.7739469824808497
mpp,200.0,0.6388568014660193,1.0996810235503576e-05,0.999710021409416,1.0872951220669612e+20,17320622519523.787,1.5357919101745596e+22,4.40721599245811e+20,0.971910657513279,0.7742269822855633
mpp,200.0,0.6388568014660193,1.0996923702943464e-05,0.9997203366312241,1.0911428998662465e+20,17076471713939.643,1.5357919101745596e+22,4.3604686940774105e+20,0.9719311223653359,0.774499108311715
mpp,200.0,0.6388568014660193,1.0997033681591765e-05,0.9997303346901605,1.0948838889346941e+20,16842005198165.98,1.5357919101745596e+22,4.31534240575137e+20,0.9719505215578331,0.7747635604077941
mpp,200.0,0.6388568014660193,1.0997140278651987e-05,0.9997400253319989,1.0985206618054623e+20,16616778603277.088,1.5357919101745596e+22,4.271775908144529e+20,0.9719689002042248,0.7750205346271742
mpp,200.0,0.6388568014660193,1.0997243598037532e-05,0.9997494180034121,1.1020557553286955e+20,16400371480877.625,1.5357919101745596e+22,4.2297105735817206e+20,0.9719863021706703,0.7752702232207311
mpp,200.0,0.6388568014660193,1.0997343740472423e-05,0.9997585218611293,1.1054916691840157e+20,16192385816572.008,1.5357919101745596e+22,4.189090242019229e+20,0.9720027700594625,0.7755128146356456
mpp,200.0,0.6388568014660193,1.099744080358895e-05,0.9997673457808136,1.1088308645845305e+20,15992444647015.363,1.5357919101745596e+22,4.1498611035973294e+20,0.9720183451977742,0.7757484935199509
mpp,200.0,0.6388568014660193,1.0997534882022375e-05,0.9997758983656704,1.1120757631568734e+20,15800190772565.223,1.5357919101745596e+22,4.1119715873685314e+20,0.9720330676313284,0.7759774407325036
mpp,200.0,0.6388568014660193,1.0997626067502723e-05,0.999784187954793,1.1152287459870931e+20,15615285558366.58,1.5357919101745596e+22,4.0753722558787086e+20,0.9720469761226014,0.7761998333579029
mpp,200.0,0.6388568014660193,1.0997714448943772e-05,0.9997922226312521,1.1182921528228372e+20,15437407817286.438,1.5357919101745596e+22,4.040015705297327e+20,0.9720601081531814,0.7764158447259789
mpp,200.0,0.6388568014660193,1.0997800112529352e-05,0.9998000102299411,1.1212682814149698e+20,15266252768443.797,1.5357919101745596e+22,4.0058564707280296e+20,0.9720724999299272,0.776625644435585
mpp,200.0,0.6388568014660193,1.099788314179698e-05,0.9998075583451801,1.1241593869925273e+20,15101531065839.568,1.5357919101745596e+22,3.972850936456273e+20,0.9720841863945755,0.7768293983822556
mpp,200.0,0.6388568014660193,1.0997963617718971e-05,0.9998148743380884,1.1269676818627636e+20,14942967891884.28,1.5357919101745596e+22,3.940957250856451e+20,0.9720952012364658,0.7770272687894539
mpp,200.0,0.6388568014660193,1.0998041618781049e-05,0.9998219653437317,1.1296953351177345e+20,14790302111024.77,1.5357919101745596e+22,3.910135245656619e+20,0.9721055769080656,0.7772194142430816
mpp,200.0,0.6388568014660193,1.0998117221058578e-05,0.9998288382780526,1.1323444724527278e+20,14643285479133.836,1.5357919101745596e+22,3.880346359378348e+20,0.972115344643001,0.7774059897290109
mpp,200.0,0.6388568014660193,1.099819049829045e-05,0.9998354998445864,1.1349171760726059e+20,14501681904603.852,1.5357919101745596e+22,3.851553564661545e+20,0.972124534476297,0.7775871466732512
mpp,200.0,0.6388568014660193,1.0998261521950722e-05,0.9998419565409749,1.1374154846916395e+20,14365266757430.162,1.5357919101745596e+22,3.8237212993066926e+20,0.9721331752665713,0.7777630329846222
mpp,200.0,0.6388568014660193,1.0998330361318067e-05,0.9998482146652787,1.1398413936097963e+20,14233826222812.639,1.5357919101745596e+22,3.79681540078669e+20,0.9721412947199188,0.7779337930995834
mpp,200.0,0.6388568014660193,1.099839708354309e-05,0.9998542803220991,1.1421968548645287e+20,14107156696174.504,1.5357919101745596e+22,3.7708030440728547e+20,0.9721489194152585,0.7780995680290507
mpp,200.0,0.6388568014660193,1.0998461753713601e-05,0.9998601594285093,1.1444837774471238e+20,13985064216615.893,1.5357919101745596e+22,3.7456526825649924e+20,0.9721560748309108,0.7782604954069015
mpp,200.0,0.6388568014660193,1.0998524434917892e-05,0.9998658577198084,1.146704027582396e+20,13867363936108.465,1.5357919101745596e+22,3.721333991971467e+20,0.972162785372211,0.7784167095400997
mpp,200.0,0.6388568014660193,1.0998585188306059e-05,0.9998713807550962,1.1488594290592416e+20,13753879621969.969,1.5357919101745596e+22,3.697817816965051e+20,0.9721690743999556,0.7785683414600632
mpp,200.0,0.6388568014660193,1.0998644073149468e-05,0.9998767339226788,1.150951763615708e+20,13644443190272.992,1.5357919101745596e+22,3.675076120482536e+20,0.9721749642595132,0.7787155189752514
mpp,200.0,0.6388568014660193,1.0998701146898405e-05,0.9998819224453096,1.1529827713622817e+20,13538894268060.754,1.5357919101745596e+22,3.653081935489395e+20,0.9721804763104318,0.7788583667247241
mpp,200.0,0.6388568014660193,1.0998756465237942e-05,0.9998869513852675,1.1549541512519434e+20,13437079782424.17,1.5357919101745596e+22,3.631809319124757e+20,0.972185630956391,0.7789970062324876
mpp,200.0,0.6388568014660193,1.099881008214211e-05,0.9998918256492828,1.1568675615786656e+20,13338853574573.69,1.5357919101745596e+22,3.611233309044957e+20,0.9721904476753673,0.7791315559625727
mpp,200.0,0.6388568014660193,1.0998862049926409e-05,0.9998965499933099,1.158724620512701e+20,13244076037229.613,1.5357919101745596e+22,3.5913298818890216e+20,0.9721949450498796,0.7792621313745963
mpp,200.0,0.6388568014660193,1.0998912419298702e-05,0.9999011290271548,1.160526906661126e+20,13152613773786.332,1.5357919101745596e+22,3.572075913734645e+20,0.9721991407972082,0.7793888449797443
mpp,200.0,0.6388568014660193,1.0998961239408573e-05,0.9999055672189612,1.1622759596509684e+20,13064339277752.08,1.5357919101745596e+22,3.553449142429886e+20,0.9722030517994785,0.7795118063970473
mpp,200.0,0.6388568014660193,1.0999008557895145e-05,0.9999098688995587,1.1639732807378985e+20,12979130631142.41,1.5357919101745596e+22,3.535428131724809e+20,0.972206694133522,0.7796311224098058
mpp,200.0,0.6388568014660193,1.099905442093346e-05,0.9999140382666782,1.1656203334279171e+20,12896871220589.111,1.5357919101745596e+22,3.5179922370838607e+20,0.9722100831004278,0.7797468970220987
mpp,200.0,0.6388568014660193,1.0999098873279417e-05,0.999918079389038,1.1672185441158732e+20,12817449469983.121,1.5357919101745596e+22,3.50112157310321e+20,0.9722132332547141,0.7798592315152424
mpp,200.0,0.6388568014660193,1.0999141958313349e-05,0.9999219962103045,1.1687693027392677e+20,12740758588563.066,1.5357919101745596e+22,3.484796982449396e+20,0.9722161584330538,0.7799682245041495
mpp,200.0,0.6388568014660193,1.0999183718082255e-05,0.9999257925529323,1.1702739634379245e+20,12666696333498.0,1.5357919101745596e+22,3.469000006232069e+20,0.9722188717824967,0.7800739719934687
mpp,200.0,0.6388568014660193,1.0999224193340739e-05,0.9999294721218854,1.1717338452235248e+20,12595164785990.209,1.5357919101745596e+22,3.453712855743044e+20,0.9722213857881424,0.7801765674334467
mpp,200.0,0.6388568014660193,1.0999263423590703e-05,0.9999330385082457,1.1731502326574963e+20,12526070140024.555,1.5357919101745596e+22,3.438918385489154e+20,0.9722237123002171,0.7802761017754637
mpp,200.0,0.6388568014660193,1.0999301447119812e-05,0.9999364951927101,1.174524376530075e+20,12459322503006.205,1.5357919101745596e+22,3.4246000674495404e+20,0.972225862560522,0.7803726635271472
mpp,200.0,0.6388568014660193,1.0999338301038783e-05,0.9999398455489803,1.1758574945421186e+20,12394835707525.914,1.5357919101745596e+22,3.4107419665014856e+20,0.972227847228224,0.7804663388069952
mpp,200.0,0.6388568014660193,1.0999374021317546e-05,0.9999430928470496,1.1771507719903776e+20,12332527133496.441,1.5357919101745596e+22,3.397328716943938e+20,0.9722296764049607,0.7805572113985381
mpp,200.0,0.6388568014660193,1.0999408642820265e-05,0.9999462402563877,1.1784053624511422e+20,12272317540106.348,1.5357919101745596e+22,3.384345500079946e+20,0.9722313596592465,0.7806453628038684
mpp,200.0,0.6388568014660193,1.0999442199339309e-05,0.9999492908490282,1.1796223884611404e+20,12214130906922.77,1.5357919101745596e+22,3.3717780227866054e+20,0.9722329060501584,0.7807308722965999
mpp,200.0,0.6388568014660193,1.0999474723628188e-05,0.9999522476025626,1.1808029421970196e+20,12157894283583.877,1.5357919101745596e+22,3.359612497031542e+20,0.9722343241502986,0.7808138169741877
mpp,200.0,0.6388568014660193,1.0999506247433445e-05,0.9999551134030404,1.1819480861510494e+20,12103537647597.16,1.5357919101745596e+22,3.347835620296675e+20,0.9722356220680207,0.7808942718095205
mpp,200.0,0.6388568014660193,1.0999536801525606e-05,0.9999578910477824,1.1830588538025643e+20,12050993769681.6,1.5357919101745596e+22,3.336434556844944e+20,0.9722368074689222,0.7809723097018672
mpp,200.0,0.6388568014660193,1.0999566415729164e-05,0.9999605832481058,1.1841362502818985e+20,12000198086289.092,1.5357919101745596e+22,3.325396919808281e+20,0.9722378875965989,0.7810480015270211
mpp,200.0,0.6388568014660193,1.0999595118951634e-05,0.9999631926319668,1.1851812530294053e+20,11951088578796.266,1.5357919101745596e+22,3.3147107540428e+20,0.9722388692926678,0.7811214161867238
mpp,200.0,0.6388568014660193,1.0999622939211742e-05,0.9999657217465221,1.1861948124474555e+20,11903605659007.62,1.5357919101745596e+22,3.304364519720702e+20,0.9722397590160602,0.7811926206572951
mpp,200.0,0.6388568014660193,1.0999649903666725e-05,0.9999681730606114,1.1871778525450645e+20,11857692060592.379,1.5357919101745596e+22,3.294347076622687e+20,0.9722405628615978,0.7812616800374582
mpp,200.0,0.6388568014660193,1.0999676038638799e-05,0.9999705489671635,1.1881312715734167e+20,11813292736104.979,1.5357919101745596e+22,3.2846476690938003e+20,0.9722412865778549,0.7813286575953574
mpp,200.0,0.6388568014660193,1.0999701369640831e-05,0.9999728517855301,1.1890559426532391e+20,11770354759253.01,1.5357919101745596e+22,3.2752559116306743e+20,0.9722419355843233,0.7813936148147647
mpp,200.0,0.6388568014660193,1.0999725921401199e-05,0.9999750837637453,1.189952714392876e+20,11728827232139.59,1.5357919101745596e+22,3.2661617750781624e+20,0.9722425149878895,0.7814566114404162
mpp,200.0,0.6388568014660193,1.09997497178879e-05,0.9999772470807182,1.1908224114973355e+20,11688661197157.479,1.5357919101745596e+22,3.2573555733969666e+20,0.9722430295986412,0.7815177055225312
mpp,200.0,0.6388568014660193,1.099977278233193e-05,0.9999793438483573,1.1916658353680712e+20,11649809553273.014,1.5357919101745596e+22,3.2488279509777836e+20,0.972243483945013,0.7815769534604963
mpp,200.0,0.6388568014660193,1.0999795137249921e-05,0.9999813761136291,1.1924837646916995e+20,11612226976487.54,1.5357919101745596e+22,3.240569870481176e+20,0.9722438822882942,0.7816344100456619
mpp,200.0,0.6388568014660193,1.0999816804466099e-05,0.9999833458605545,1.1932769560188523e+20,11575869844200.623,1.5357919101745596e+22,3.2325726011727905e+20,0.972244228636507,0.7816901285033093
mpp,200.0,0.6388568014660193,1.0999837805133577e-05,0.9999852550121434,1.1940461443330684e+20,11540696163261.334,1.5357919101745596e+22,3.224827707731885e+20,0.9722445267576822,0.7817441605337749
mpp,200.0,0.6388568014660193,1.0999858159754965e-05,0.9999871054322695,1.1947920436084841e+20,11506665501540.15,1.5357919101745596e+22,3.2173270395187705e+20,0.9722447801925406,0.7817965563526791
mpp,200.0,0.6388568014660193,1.0999877888202374e-05,0.9999888989274885,1.1955153473576803e+20,11473738922763.064,1.5357919101745596e+22,3.210062720267221e+20,0.9722449922666038,0.7818473647303573
mpp,200.0,0.6388568014660193,1.0999897009736801e-05,0.9999906372488001,1.1962167291686527e+20,11441878924477.492,1.5357919101745596e+22,3.203027138192789e+20,0.972245166101751,0.7818966330304256
mpp,200.0,0.6388568014660193,1.09999155430269e-05,0.9999923220933546,1.1968968432303302e+20,11411049378983.072,1.5357919101745596e+22,3.196212936498627e+20,0.972245304627241,0.7819444072474735
mpp,200.0,0.6388568014660193,1.0999933506167206e-05,0.9999939551061097,1.19755632484805e+20,11381215477014.354,1.5357919101745596e+22,3.189613004249366e+20,0.9722454105902154,0.7819907320439815
mpp,200.0,0.6388568014660193,1.0999950916695772e-05,0.9999955378814338,1.1981957909477956e+20,11352343674086.186,1.5357919101745596e+22,3.18322046761114e+20,0.9722454865657048,0.7820356507863679
mpp,200.0,0.6388568014660193,1.0999967791611283e-05,0.999997071964662,1.198815840569852e+20,11324401639324.861,1.5357919101745596e+22,3.1770286814320866e+20,0.9722455349661523,0.7820792055802297
mpp,200.0,0.6388568014660193,1.099998414738963e-05,0.9999985588536029,1.1994170553516242e+20,11297358206668.496,1.5357919101745596e+22,3.1710312211532074e+20,0.9722455580504769,0.7821214373047649
mpp,200.0,0.6388568014660193,1.1e-05,1.0,1.2e+20,11271183328293.172,1.5357919101745596e+22,3.165221875030052e+20,0.9722455579326891,0.7821623856464098
