condition,T_K,V_V,x_cm,x_fraction,n_cm3,p_cm3,G_cm3s,R_cm3s,QFLS_eV,phi_V
sc,100.0,0,0.0,0.0,9.576088763207411e+16,1.2e+20,1.5357919101745596e+22,1.355720808175079e+22,1.212736939554886,0.0
sc,100.0,0,7.86438789518451e-12,7.149443541076828e-07,9.587899981648664e+16,1.1997313492984334e+20,1.5357919101745596e+22,1.3570890770659737e+22,1.212737020748372,2.1297103379145342e-05
sc,100.0,0,1.5852610367572685e-11,1.4411463970520622e-06,9.599825581384558e+16,1.1994585121871885e+20,1.5357919101745596e+22,1.3584680419688664e+22,1.2127369528468241,4.2925631960189847e-05
sc,100.0,0,2.3966617162196613e-11,2.1787833783815103e-06,9.61186567644219e+16,1.1991814242004034e+20,1.5357919101745596e+22,1.3598576171967635e+22,1.2127367303081595,6.489068031563434e-05
sc,100.0,0,3.2208388717036575e-11,2.9280353379124158e-06,9.624020352155829e+16,1.1989000199056948e+20,1.5357919101745596e+22,1.3612577111829647e+22,1.2127363474577129,8.719741933666066e-05
sc,100.0,0,4.0579936646634174e-11,3.689085149694016e-06,9.636289664576963e+16,1.1986142328905528e+20,1.5357919101745596e+22,1.3626682263707417e+22,1.2127357984864455,0.00010985109731471522
sc,100.0,0,4.9083304228147994e-11,4.462118566195272e-06,9.648673639887478e+16,1.1983239957487495e+20,1.5357919101745596e+22,1.364089059103444e+22,1.2127350774491708,0.00013285704102238948
sc,100.0,0,5.7720566905727906e-11,5.247324264157083e-06,9.661172273842101e+16,1.1980292400662266e+20,1.5357919101745596e+22,1.3655200995182238e+22,1.2127341782628056,0.00015622065683632865
sc,100.0,0,6.649383279366816e-11,6.044893890333469e-06,9.673785531210101e+16,1.1977298964071326e+20,1.5357919101745596e+22,1.366961231439856e+22,1.2127330947046484,0.00017994743184905352
sc,100.0,0,7.540524319055164e-11,6.855022108231967e-06,9.686513345238656e+16,1.1974258942995946e+20,1.5357919101745596e+22,1.3684123322772328e+22,1.2127318204106834,0.0002040429350025049
sc,100.0,0,8.44569730995004e-11,7.677906645409127e-06,9.69935561712938e+16,1.197117162221405e+20,1.5357919101745596e+22,1.369873272921813e+22,1.2127303488739167,0.000228512818229844
sc,100.0,0,9.365123176369172e-11,8.513748342153793e-06,9.71231221554393e+16,1.1968036275852924e+20,1.5357919101745596e+22,1.3713439176497065e+22,1.2127286734427454,0.00025336281763001266
sc,100.0,0,1.0299026319943172e-10,9.362751199948338e-06,9.725382976114371e+16,1.1964852167244012e+20,1.5357919101745596e+22,1.3728241240246208e+22,1.21272678731936,0.000278598754626913
sc,100.0,0,1.1247634674693696e-10,1.0225122431539724e-05,9.738567700988282e+16,1.1961618548772951e+20,1.5357919101745596e+22,1.3743137428053995e+22,1.2127246835581866,0.0003042265371674111
sc,100.0,0,1.2211179762539047e-10,1.1101072511399135e-05,9.751866158391227e+16,1.1958334661729473e+20,1.5357919101745596e+22,1.3758126178558684e+22,1.2127223550643678,0.00033025216092156287
sc,100.0,0,1.3189896749532525e-10,1.199081522684775e-05,9.765278082212933e+16,1.1954999736156119e+20,1.5357919101745596e+22,1.3773205860581049e+22,1.2127197945922892,0.0003566817104930348
sc,100.0,0,1.418402450356626e-10,1.2894567730514783e-05,9.778803171627824e+16,1.195161299069345e+20,1.5357919101745596e+22,1.3788374772302242e+22,1.2127169947441476,0.00038352136065920677
sc,100.0,0,1.519380565219719e-10,1.3812550592906536e-05,9.792441090733869e+16,1.194817363242621e+20,1.5357919101745596e+22,1.3803631140467678e+22,1.2127139479685687,0.00041077737760436794
sc,100.0,0,1.6219486642243818e-10,1.474498785658529e-05,9.806191468234592e+16,1.1944680856724893e+20,1.5357919101745596e+22,1.3818973119649738e+22,1.212710646559278,0.00043845612019020847
sc,100.0,0,1.7261317799505126e-10,1.5692107090459206e-05,9.820053897141243e+16,1.1941133847088459e+20,1.5357919101745596e+22,1.3834398791538775e+22,1.2127070826538218,0.0004665640412187683
sc,100.0,0,1.8319553390006016e-10,1.6654139445460014e-05,9.834027934519075e+16,1.1937531774983455e+20,1.5357919101745596e+22,1.3849906164295103e+22,1.212703248232345,0.0004951076887254177
sc,100.0,0,1.939445168173126e-10,1.7631319710664783e-05,9.848113101262947e+16,1.1933873799683113e+20,1.5357919101745596e+22,1.3865493171941457e+22,1.2126991351164316,0.0005240937072735095
sc,100.0,0,2.0486275007947086e-10,1.8623886370860987e-05,9.862308881919864e+16,1.1930159068102795e+20,1.5357919101745596e+22,1.388115767381935e+22,1.2126947349680008,0.0005535288392799964
sc,100.0,0,2.159528983095016e-10,1.9632081664500145e-05,9.876614724545462e+16,1.1926386714635744e+20,1.5357919101745596e+22,1.3896897454094259e+22,1.2126900392882727,0.0005834199263403483
sc,100.0,0,2.2721766807037856e-10,2.065615164276169e-05,9.891030040605962e+16,1.1922555860986331e+20,1.5357919101745596e+22,1.3912710221322439e+22,1.2126850394168003,0.0006137739105738082
sc,100.0,0,2.3865980852272316e-10,2.169634622933847e-05,9.905554204921874e+16,1.191866561600254e+20,1.5357919101745596e+22,1.3928593608077254e+22,1.2126797265305709,0.0006445978359770706
sc,100.0,0,2.5028211210015303e-10,2.2752919281832096e-05,9.920186555669363e+16,1.191471507550439e+20,1.5357919101745596e+22,1.3944545170652807e+22,1.2126740916431797,0.0006758988498123054
sc,100.0,0,2.6208741518463083e-10,2.382612865314826e-05,9.93492639441762e+16,1.1910703322114331e+20,1.5357919101745596e+22,1.39605623888202e+22,1.212668125604083,0.0007076842039814
sc,100.0,0,2.7407859880196337e-10,2.4916236254723945e-05,9.949772986229179e+16,1.1906629425082982e+20,1.5357919101745596e+22,1.3976642665669626e+22,1.212661819097926,0.0007399612564402847
sc,100.0,0,2.8625858932157523e-10,2.60235081201432e-05,9.964725559806989e+16,1.1902492440115416e+20,1.5357919101745596e+22,1.3992783327518014e+22,1.2126551626439548,0.0007727374726101359
sc,100.0,0,2.986303591691053e-10,2.7148214469918663e-05,9.979783307701042e+16,1.1898291409195206e+20,1.5357919101745596e+22,1.4008981623899708e+22,1.212648146595513,0.0008060204268080356
sc,100.0,0,3.1119692755365857e-10,2.8290629777605325e-05,9.994945386575467e+16,1.1894025360405825e+20,1.5357919101745596e+22,1.4025234727638422e+22,1.2126407611396235,0.0008398178037015395
sc,100.0,0,3.239613612005532e-10,2.9451032836413926e-05,1.0010210917532906e+17,1.1889693307752546e+20,1.5357919101745596e+22,1.4041539735002221e+22,1.2126329962966627,0.0008741373997620355
sc,100.0,0,3.3692677510299696e-10,3.062970682754518e-05,1.0025578986509158e+17,1.1885294250980429e+20,1.5357919101745596e+22,1.4057893665951908e+22,1.2126248419201238,0.0009089871247525328
sc,100.0,0,3.5009633327559573e-10,3.182693938869052e-05,1.0041048644722472e+17,1.1880827175394198e+20,1.5357919101745596e+22,1.407429346446897e+22,1.212616287696482,0.0009443750032034023
sc,100.0,0,3.634732495304549e-10,3.304302268458681e-05,1.0056618909204288e+17,1.187629105167275e+20,1.5357919101745596e+22,1.4090735998991967e+22,1.2126073231451489,0.0009803091759313606
sc,100.0,0,3.770607882569443e-10,3.427825347790403e-05,1.0072288763390968e+17,1.1871684835685266e+20,1.5357919101745596e+22,1.4107218062940238e+22,1.2125979376185363,0.0010167979015502783
sc,100.0,0,3.908622652197824e-10,3.55329332017984e-05,1.0088057157794344e+17,1.1867007468303843e+20,1.5357919101745596e+22,1.4123736375343354e+22,1.2125881203022164,0.0010538495580126415
sc,100.0,0,4.048810483650578e-10,3.680736803318707e-05,1.0103923010743698e+17,1.1862257875216474e+20,1.5357919101745596e+22,1.414028758157142e+22,1.2125778602151909,0.0010914726441532102
sc,100.0,0,4.191205586421276e-10,3.8101868967466146e-05,1.0119885209208965e+17,1.1857434966737428e+20,1.5357919101745596e+22,1.4156868254175137e+22,1.2125671462102676,0.0011296757812556107
sc,100.0,0,4.335842708358961e-10,3.9416751894172375e-05,1.0135942609700872e+17,1.1852537637616956e+20,1.5357919101745596e+22,1.4173474893831434e+22,1.2125559669745476,0.0011684677146264978
sc,100.0,0,4.482757144155802e-10,4.075233767414366e-05,1.0152094039257275e+17,1.1847564766848695e+20,1.5357919101745596e+22,1.4190103930407068e+22,1.2125443110300214,0.001207857315193059
sc,100.0,0,4.631984743932449e-10,4.210895221756772e-05,1.0168338296510813e+17,1.1842515217477055e+20,1.5357919101745596e+22,1.4206751724133264e+22,1.2125321667342839,0.0012478535811051956
sc,100.0,0,4.783561921957724e-10,4.348692656325204e-05,1.018467415284196e+17,1.1837387836403607e+20,1.5357919101745596e+22,1.4223414566897922e+22,1.2125195222813656,0.0012884656393515614
sc,100.0,0,4.937525665545395e-10,4.488659695950359e-05,1.0201100353626792e+17,1.1832181454190463e+20,1.5357919101745596e+22,1.424008868366296e+22,1.2125063657026776,0.0013297027474002364
sc,100.0,0,5.093913544079176e-10,4.630830494617433e-05,1.0217615619573774e+17,1.1826894884862983e+20,1.5357919101745596e+22,1.4256770234004175e+22,1.212492684868078,0.0013715742948502288
sc,100.0,0,5.252763718117115e-10,4.775239743742832e-05,1.02342186481468e+17,1.1821526925713593e+20,1.5357919101745596e+22,1.4273455313769038e+22,1.2124784674870652,0.0014140898050800325
sc,100.0,0,5.414114948721904e-10,4.9219226806562766e-05,1.0250908115091898e+17,1.1816076357102025e+20,1.5357919101745596e+22,1.429013995687164e+22,1.2124637011100865,0.0014572589369317422
sc,100.0,0,5.578006606901109e-10,5.0709150971828265e-05,1.026768267605769e+17,1.1810541942255331e+20,1.5357919101745596e+22,1.4306820137214013e+22,1.2124483731299742,0.0015010914863988942
sc,100.0,0,5.744478683175624e-10,5.222253348341477e-05,1.0284540968310411e+17,1.1804922427067541e+20,1.5357919101745596e+22,1.4323491770734473e+22,1.2124324707835077,0.0015455973883221738
sc,100.0,0,5.91357179736185e-10,5.375974361238045e-05,1.0301481612557706e+17,1.1799216539896506e+20,1.5357919101745596e+22,1.434015071759885e+22,1.2124159811530977,0.0015907867181150389
sc,100.0,0,6.085327208414926e-10,5.532115644013569e-05,1.0318503214862205e+17,1.1793422991363298e+20,1.5357919101745596e+22,1.4356792784514565e+22,1.2123988911686023,0.001636669693477629
sc,100.0,0,6.259786824534542e-10,5.690715295031401e-05,1.0335604368671512e+17,1.1787540474146652e+20,1.5357919101745596e+22,1.437341372719346e+22,1.2123811876092636,0.001683256676151965
sc,100.0,0,6.436993213319586e-10,5.851812012108715e-05,1.0352783656938811e+17,1.1781567662780329e+20,1.5357919101745596e+22,1.439000925293811e+22,1.212362857105779,0.0017305581736604583
sc,100.0,0,6.61698961216095e-10,6.0154451019645006e-05,1.0370039654359026e+17,1.1775503213447492e+20,1.5357919101745596e+22,1.4406575023376612e+22,1.2123438861424936,0.0017785848410774127
sc,100.0,0,6.799819938774765e-10,6.181654489795241e-05,1.0387370929706854e+17,1.1769345763775529e+20,1.5357919101745596e+22,1.4423106657330802e+22,1.2123242610597222,0.0018273474828064769
sc,100.0,0,6.985528801894402e-10,6.350480728994912e-05,1.0404776048282694e+17,1.1763093932629765e+20,1.5357919101745596e+22,1.443959973382355e+22,1.2123039680561973,0.001876857054368012
sc,100.0,0,7.174161512115141e-10,6.521965011013764e-05,1.0422253574463526e+17,1.1756746319907512e+20,1.5357919101745596e+22,1.4456049795221806e+22,1.212282993191644,0.001927124664193761
sc,100.0,0,7.365764092976956e-10,6.696149175433597e-05,1.0439802074369464e+17,1.1750301506330015e+20,1.5357919101745596e+22,1.4472452350525888e+22,1.2122613223894751,0.0019781615754506086
sc,100.0,0,7.560383292083972e-10,6.873075720076338e-05,1.0457420118625424e+17,1.1743758053238288e+20,1.5357919101745596e+22,1.4488802878782236e+22,1.2122389414396213,0.002029979207838698
sc,100.0,0,7.758066592602475e-10,7.052787811456795e-05,1.0475106285248442e+17,1.173711450238151e+20,1.5357919101745596e+22,1.450509683264915e+22,1.2122158360014625,0.0020825891394539407
sc,100.0,0,7.958862224722307e-10,7.235329295202098e-05,1.0492859162625795e+17,1.173036937571319e+20,1.5357919101745596e+22,1.4521329642081194e+22,1.2121919916069026,0.002136003108603235
sc,100.0,0,8.162819177441882e-10,7.420744706765348e-05,1.051067735261175e+17,1.1723521175182749e+20,1.5357919101745596e+22,1.4537496718157803e+22,1.2121673936635466,0.002190233015667215
sc,100.0,0,8.369987210505857e-10,7.609079282278053e-05,1.0528559473729318e+17,1.1716568382527265e+20,1.5357919101745596e+22,1.4553593457038995e+22,1.2121420274579942,0.002245290924963838
sc,100.0,0,8.580416866495465e-10,7.800378969541333e-05,1.0546504164474878e+17,1.1709509459065183e+20,1.5357919101745596e+22,1.456961524404804e+22,1.2121158781592525,0.0023011890666116428
sc,100.0,0,8.794159483138664e-10,7.994690439216967e-05,1.0564510086729838e+17,1.17023428454899e+20,1.5357919101745596e+22,1.458555745788096e+22,1.2120889308222527,0.002357939838409326
sc,100.0,0,9.011267205821794e-10,8.19206109620163e-05,1.0582575929277997e+17,1.169506696166233e+20,1.5357919101745596e+22,1.460141547494043e+22,1.2120611703914694,0.0024155558077255013
sc,100.0,0,9.231793000253896e-10,8.392539091139906e-05,1.0600700411419502e+17,1.1687680206405914e+20,1.5357919101745596e+22,1.4617184673781636e+22,1.212032581704652,0.0024740497133843875
sc,100.0,0,9.455790665399698e-10,8.596173332181545e-05,1.0618882286690866e+17,1.1680180957300828e+20,1.5357919101745596e+22,1.4632860439681205e+22,1.2120031494966372,0.002533434467576897
sc,100.0,0,9.683314846528623e-10,8.803013496844203e-05,1.0637120346675726e+17,1.1672567570480479e+20,1.5357919101745596e+22,1.4648438169305268e+22,1.2119728584032714,0.0025937231577552655
sc,100.0,0,9.914421048550782e-10,9.013110044137074e-05,1.0655413424917507e+17,1.1664838380426805e+20,1.5357919101745596e+22,1.4663913275490161e+22,1.2119416929654063,0.002654929048555165
sc,100.0,0,1.014916564950563e-09,9.226514226823301e-05,1.0673760400919886e+17,1.1656991699769367e+20,1.5357919101745596e+22,1.467928119211891e+22,1.2119096376329863,0.0027170655837082582
sc,100.0,0,1.0387605914276564e-09,9.443278103887787e-05,1.0692160204235435e+17,1.1649025819083578e+20,1.5357919101745596e+22,1.469453737908616e+22,1.2118766767692066,0.002780146387963135
sc,100.0,0,1.0629800008555845e-09,9.663454553232587e-05,1.0710611818646086e+17,1.1640939006690232e+20,1.5357919101745596e+22,1.4709677327357309e+22,1.211842794654742,0.002844185269019581
sc,100.0,0,1.0875807012974414e-09,9.887097284522195e-05,1.0729114286417854e+17,1.1632729508458678e+20,1.5357919101745596e+22,1.4724696564099753e+22,1.2118079754920406,0.0029091962194519832
sc,100.0,0,1.1125686937469846e-09,0.00010114260852245316,1.074766671263662e+17,1.1624395547609668e+20,1.5357919101745596e+22,1.4739590657886705e+22,1.2117722034096763,0.0029751934186396955
sc,100.0,0,1.1379500735910763e-09,0.00010345000669009785,1.0766268269618672e+17,1.1615935324520786e+20,1.5357919101745596e+22,1.4754355223967807e+22,1.2117354624667445,0.0030421912347075317
sc,100.0,0,1.1637310320904425e-09,0.00010579373019004024,1.0784918201386349e+17,1.1607347016534557e+20,1.5357919101745596e+22,1.4768985929590564e+22,1.2116977366573045,0.0031102042264553463
sc,100.0,0,1.1899178578885228e-09,0.00010817435071713843,1.0803615828211312e+17,1.1598628777766768e+20,1.5357919101745596e+22,1.4783478499371156e+22,1.2116590099148499,0.003179247145300782
sc,100.0,0,1.2165169385374153e-09,0.00011059244895794684,1.0822360551210954e+17,1.1589778738921095e+20,1.5357919101745596e+22,1.4797828720699304e+22,1.2116192661168153,0.003249334937204387
sc,100.0,0,1.243534762056797e-09,0.0001130486147324361,1.0841151857002635e+17,1.1580795007101193e+20,1.5357919101745596e+22,1.4812032449170794e+22,1.2115784890890786,0.0033204827446171674
sc,100.0,0,1.2709779185062774e-09,0.00011554344713693432,1.0859989322398909e+17,1.157167566563115e+20,1.5357919101745596e+22,1.482608561403553e+22,1.2115366626104958,0.0033927059083971737
sc,100.0,0,1.2988531015943882e-09,0.00011807755469039893,1.0878872619149029e+17,1.156241877387426e+20,1.5357919101745596e+22,1.483998422365431e+22,1.2114937704174094,0.0034660199697543496
sc,100.0,0,1.327167110300398e-09,0.00012065155548185436,1.0897801518707333e+17,1.1553022367058765e+20,1.5357919101745596e+22,1.4853724370943724e+22,1.2114497962081632,0.0035404406721589506
sc,100.0,0,1.3559268505321519e-09,0.00012326607732110473,1.091677589703337e+17,1.1543484456105284e+20,1.5357919101745596e+22,1.4867302238809812e+22,1.2114047236475807,0.003615983963272591
sc,100.0,0,1.3851393368040642e-09,0.00012592175789127857,1.0935795739411331e+17,1.1533803027457612e+20,1.5357919101745596e+22,1.488071410555022e+22,1.211358536371418,0.0036926659968580444
sc,100.0,0,1.4148116939419752e-09,0.00012861924490381593,1.095486114527738e+17,1.152397604292003e+20,1.5357919101745596e+22,1.4893956350212164e+22,1.2113112179907732,0.0037705031346833644
sc,100.0,0,1.4449511588185415e-09,0.00013135919625623105,1.097397233305851e+17,1.1514001439495283e+20,1.5357919101745596e+22,1.4907025457901417e+22,1.211262752096431,0.0038495119484277273
sc,100.0,0,1.475565082107555e-09,0.0001341422801915959,1.0993129644999573e+17,1.1503877129231824e+20,1.5357919101745596e+22,1.491991802501733e+22,1.2112131222631608,0.003929709221556321
sc,100.0,0,1.5066609300761201e-09,0.00013696917546146548,1.1012333551988102e+17,1.1493600999071305e+20,1.5357919101745596e+22,1.4932630764413514e+22,1.2111623120539166,0.004011111951211626
sc,100.0,0,1.5382462863975932e-09,0.0001398405714906903,1.1031584658352154e+17,1.1483170910704255e+20,1.5357919101745596e+22,1.494516051045919e+22,1.21111030502396,0.004093737350073885
sc,100.0,0,1.5703288539944404e-09,0.00014275716854494913,1.1050883706633216e+17,1.1472584700430826e+20,1.5357919101745596e+22,1.495750422399502e+22,1.2110570847248803,0.0041776028482123605
sc,100.0,0,1.602916456910408e-09,0.0001457196779009462,1.1070231582322778e+17,1.146184017902671e+20,1.5357919101745596e+22,1.496965899716636e+22,1.211002634708504,0.004262726094923306
sc,100.0,0,1.636017042215665e-09,0.0001487288220196059,1.108962931855364e+17,1.145093513161495e+20,1.5357919101745596e+22,1.4981622058121538e+22,1.2109469385306715,0.004349124960561635
sc,100.0,0,1.6696386819333165e-09,0.00015178533472121059,1.1109078100734091e+17,1.1439867317545886e+20,1.5357919101745596e+22,1.4993390775556735e+22,1.2108899797548893,0.004436817538333393
sc,100.0,0,1.703789575003778e-09,0.0001548899613639798,1.1128579271123246e+17,1.142863447028276e+20,1.5357919101745596e+22,1.5004962663100362e+22,1.2108317419558292,0.0045258221460894345
sc,100.0,0,1.738478049276626e-09,0.00015804345902514783,1.1148134333332101e+17,1.1417234297294383e+20,1.5357919101745596e+22,1.5016335383515636e+22,1.2107722087226631,0.00461615732809041
sc,100.0,0,1.7737125635354234e-09,0.0001612465966850385,1.1167744956744768e+17,1.1405664479955986e+20,1.5357919101745596e+22,1.50275067527131e+22,1.210711363662232,0.004707841856754624
sc,100.0,0,1.8095017095494103e-09,0.00016450015541358276,1.1187412980848414e+17,1.1393922673458851e+20,1.5357919101745596e+22,1.5038474743553248e+22,1.2106491904020331,0.004800894734369962
sc,100.0,0,1.845854214164888e-09,0.00016780492856044438,1.1207140419468118e+17,1.1382006506726346e+20,1.5357919101745596e+22,1.504923748943143e+22,1.2105856725930062,0.004895335194800329
sc,100.0,0,1.8827789414216367e-09,0.00017116172194742152,1.1226929464891163e+17,1.1369913582341492e+20,1.5357919101745596e+22,1.5059793287627453e+22,1.2105207939121216,0.004991182705145428
sc,100.0,0,1.9202848947090234e-09,0.00017457135406445667,1.1246782491879291e+17,1.1357641476480936e+20,1.5357919101745596e+22,1.5070140602406792e+22,1.2104545380647436,0.00508845696738889
sc,100.0,0,1.958381218950811e-09,0.00017803465626825554,1.1266702061554122e+17,1.1345187738861796e+20,1.5357919101745596e+22,1.5080278067862582e+22,1.2103868887867761,0.0051871779200030246
sc,100.0,0,1.9970772028266025e-09,0.0001815524729842366,1.1286690925152202e+17,1.1332549892695917e+20,1.5357919101745596e+22,1.5090204490481892e+22,1.2103178298465664,0.005287365739527559
sc,100.0,0,2.0363822810287035e-09,0.00018512566191170032,1.1306752027642323e+17,1.1319725434657094e+20,1.5357919101745596e+22,1.5099918851433143e+22,1.2102473450465627,0.005389040842115846
sc,100.0,0,2.0763060365507346e-09,0.00018875509423188497,1.1326888511191568e+17,1.1306711834858301e+20,1.5357919101745596e+22,1.5109420308547374e+22,1.2101754182247209,0.005492223885035666
sc,100.0,0,2.1168582030189895e-09,0.00019244165481990816,1.1347103718483179e+17,1.1293506536840233e+20,1.5357919101745596e+22,1.5118708198001468e+22,1.2101020332556378,0.005596935768149557
sc,100.0,0,2.158048667047607e-09,0.0001961862424588734,1.1367401195865173e+17,1.1280106957575566e+20,1.5357919101745596e+22,1.5127782035674918e+22,1.2100271740514357,0.005703197635322187
sc,100.0,0,2.199887470647477e-09,0.00019998977005886154,1.1387784696342731e+17,1.1266510487480023e+20,1.5357919101745596e+22,1.5136641518185793e+22,1.2099508245623383,0.005811030875828416
sc,100.0,0,2.242384813658349e-09,0.00020385316487803173,1.1408258182389693e+17,1.1252714490443176e+20,1.5357919101745596e+22,1.5145286523587972e+22,1.2098729687769896,0.005920457125679444
sc,100.0,0,2.285551056227353e-09,0.00020777736874794117,1.142882582858597e+17,1.1238716303868717e+20,1.5357919101745596e+22,1.5153717111722378e+22,1.2097935907224668,0.006031498268923137
sc,100.0,0,2.3293967213192655e-09,0.00021176333830175142,1.1449492024070907e+17,1.1224513238732726e+20,1.5357919101745596e+22,1.5161933524220514e+22,1.2097126744640163,0.0061441764388768345
sc,100.0,0,2.3739324972774643e-09,0.00021581204520704222,1.1470261374815598e+17,1.1210102579653822e+20,1.5357919101745596e+22,1.5169936184150845e+22,1.2096302041044704,0.006258514019337351
sc,100.0,0,2.419169240409913e-09,0.00021992447640090118,1.1491138705696978e+17,1.119548158498277e+20,1.5357919101745596e+22,1.5177725695299206e+22,1.2095461637833897,0.00637453364569812
sc,100.0,0,2.4651179776252194e-09,0.00022410163432956542,1.1512129062387886e+17,1.1180647486906763e+20,1.5357919101745596e+22,1.5185302841088163e+22,1.2094605376758958,0.006492258206033716
sc,100.0,0,2.5117899091126605e-09,0.00022834453719206005,1.1533237713053333e+17,1.1165597491570034e+20,1.5357919101745596e+22,1.5192668583128193e+22,1.2093733099911923,0.006611710842131668
sc,100.0,0,2.5591964110509015e-09,0.00023265421918644558,1.1554470149846107e+17,1.1150328779215792e+20,1.5357919101745596e+22,1.5199824059394431e+22,1.209284464970814,0.006732914950428148
sc,100.0,0,2.607349038376561e-09,0.00023703173076150552,1.157583209021786e+17,1.1134838504342064e+20,1.5357919101745596e+22,1.5206770582039294e+22,1.2091939868865522,0.006855894182922828
sc,100.0,0,2.656259527577809e-09,0.0002414781388707099,1.159732947802625e+17,1.1119123795883093e+20,1.5357919101745596e+22,1.5213509634830874e+22,1.2091018600381134,0.006980672447979273
sc,100.0,0,2.7059397995459752e-09,0.0002459945272314523,1.1618968484458517e+17,1.1103181757405551e+20,1.5357919101745596e+22,1.5220042870228271e+22,1.2090080687504747,0.007107273911090532
sc,100.0,0,2.756401962466237e-09,0.00025058199658783975,1.164075550876394e+17,1.1087009467327955e+20,1.5357919101745596e+22,1.522637210609253e+22,1.2089125973709633,0.0072357229955567854
sc,100.0,0,2.8076583147473855e-09,0.00025524166497703504,1.1662697178797154e+17,1.1070603979164236e+20,1.5357919101745596e+22,1.523249932204016e+22,1.2088154302660763,0.007366044383070277
sc,100.0,0,2.8597213480120453e-09,0.00025997466800109503,1.1684800351388917e+17,1.1053962321785122e+20,1.5357919101745596e+22,1.5238426655446117e+22,1.2087165518180152,0.007498263014256968
sc,100.0,0,2.9126037501180366e-09,0.0002647821591016397,1.1707072112533067e+17,1.1037081499707746e+20,1.5357919101745596e+22,1.5244156397100357e+22,1.208615946420993,0.0076324040890952535
sc,100.0,0,2.9663184082353023e-09,0.00026966530983957293,1.1729519777411458e+17,1.1019958493407363e+20,1.5357919101745596e+22,1.5249690986533223e+22,1.2085135984772906,0.00776849306726878
sc,100.0,0,3.020878411969852e-09,0.00027462531017907743,1.1752150890255445e+17,1.100259025965486e+20,1.5357919101745596e+22,1.5255033007014639e+22,1.2084094923930893,0.007906555668426287
sc,100.0,0,3.0762970565353374e-09,0.0002796633687759398,1.1774973224057552e+17,1.0984973731880963e+20,1.5357919101745596e+22,1.5260185180243919e+22,1.2083036125740971,0.008046617872344715
sc,100.0,0,3.1325878459722566e-09,0.00028478071327020515,1.1797994780137814e+17,1.0967105820568052e+20,1.5357919101745596e+22,1.5265150360737878e+22,1.2081959434209844,0.008188705918990118
sc,100.0,0,3.189764496423941e-09,0.00028997859058399467,1.182122378758345e+17,1.09489834136683e+20,1.5357919101745596e+22,1.5269931529937739e+22,1.2080864693246367,0.008332846308493961
sc,100.0,0,3.247840939454072e-09,0.00029525826722309745,1.1844668702564194e+17,1.0930603377054173e+20,1.5357919101745596e+22,1.527453179004611e+22,1.2079751746612688,0.008479065801000552
sc,100.0,0,3.306831325422199e-09,0.0003006210295838363,1.1868338207542538e+17,1.0911962554997228e+20,1.5357919101745596e+22,1.527895435761344e+22,1.2078620437873953,0.008627391416421486
sc,100.0,0,3.366750026913612e-09,0.0003060681842648738,1.1892241210393845e+17,1.0893057770677774e+20,1.5357919101745596e+22,1.5283202556893837e+22,1.2077470610346863,0.008777850434081906
sc,100.0,0,3.427611642213779e-09,0.00031160105838307084,1.1916386843442368e+17,1.0873885826729717e+20,1.5357919101745596e+22,1.5287279812985053e+22,1.2076302107047572,0.008930470392228032
sc,100.0,0,3.489430998849352e-09,0.00031722099989539565,1.1940784462438797e+17,1.0854443505814995e+20,1.5357919101745596e+22,1.5291189644775775e+22,1.207511477063867,0.009085279087445108
sc,100.0,0,3.552223157170686e-09,0.00032292937792460785,1.1965443645488192e+17,1.0834727571236987e+20,1.5357919101745596e+22,1.5294935657724313e+22,1.2073908443376136,0.009242304573916707
sc,100.0,0,3.6160034140021447e-09,0.00032872758309110406,1.1990374191950227e+17,1.0814734767586001e+20,1.5357919101745596e+22,1.529852153648508e+22,1.2072682967055943,0.009401575162584936
sc,100.0,0,3.680787306341249e-09,0.00033461702784920444,1.2015586121327534e+17,1.0794461821424217e+20,1.5357919101745596e+22,1.5301951037411974e+22,1.207143818296101,0.009563119420157648
sc,100.0,0,3.746590615119505e-09,0.0003405991468290459,1.2041089672160086e+17,1.0773905442007512e+20,1.5357919101745596e+22,1.5305227980958167e+22,1.207017393180859,0.009726966167988276
sc,100.0,0,3.813429369018795e-09,0.0003466753971835268,1.2066895300946677e+17,1.0753062322047576e+20,1.5357919101745596e+22,1.5308356243997856e+22,1.206889005369848,0.00989314448080637
sc,100.0,0,3.881319848351272e-09,0.00035284725894102476,1.2093013681113622e+17,1.0731929138513358e+20,1.5357919101745596e+22,1.5311339752097436e+22,1.2067586388062255,0.010061683685311868
sc,100.0,0,3.950278588993605e-09,0.00035911623536305504,1.2119455702046397e+17,1.0710502553476235e+20,1.5357919101745596e+22,1.531418247175622e+22,1.2066262773613987,0.01023261335860349
sc,100.0,0,4.020322386390218e-09,0.00036548385330820166,1.2146232468213928e+17,1.068877921499585e+20,1.5357919101745596e+22,1.5316888402647291e+22,1.2064919048302576,0.010405963326470697
sc,100.0,0,4.091468299609047e-09,0.00037195166360082244,1.2173355298395307e+17,1.0666755758053412e+20,1.5357919101745596e+22,1.5319461569880794e+22,1.2063555049266228,0.010581763661501273
sc,100.0,0,4.1637336554724015e-09,0.00037852124140658194,1.2200835725041648e+17,1.0644428805526982e+20,1.5357919101745596e+22,1.5321906016315582e+22,1.2062170612789105,0.010760044681053326
sc,100.0,0,4.2371360527360675e-09,0.0003851941866123698,1.2228685493783683e+17,1.062179496921869e+20,1.5357919101745596e+22,1.53242257949467e+22,1.2060765574260883,0.010940836945018028
sc,100.0,0,4.311693366352676e-09,0.0003919721242138796,1.225691656311845e+17,1.0598850850924428e+20,1.5357919101745596e+22,1.532642496138982e+22,1.2059339768138961,0.01112417125345469
sc,100.0,0,4.387423751783914e-09,0.0003988567047076286,1.2285541104285094e+17,1.057559304355858e+20,1.5357919101745596e+22,1.5328507566492366e+22,1.2057893027914242,0.011310078644003341
sc,100.0,0,4.464345649389079e-09,0.00040584960448991625,1.2314571501359878e+17,1.0552018132326996e+20,1.5357919101745596e+22,1.5330477649090132e+22,1.2056425186080337,0.011498590389135036
sc,100.0,0,4.5424777888789516e-09,0.00041295252626172285,1.234402035158741e+17,1.0528122695953287e+20,1.5357919101745596e+22,1.5332339228936306e+22,1.205493607410671,0.011689737993205135
sc,100.0,0,4.621839193842958e-09,0.0004201671994402689,1.2373900465972765e+17,1.050390330795771e+20,1.5357919101745596e+22,1.5334096299823775e+22,1.2053425522415926,0.01188355318932129
sc,100.0,0,4.702449186337998e-09,0.00042749538057618164,1.24042248701503e+17,1.0479356537993942e+20,1.5357919101745596e+22,1.5335752822924885e+22,1.205189336036548,0.012080067935989949
sc,100.0,0,4.784327391556042e-09,0.00043493885377782204,1.243500680555367e+17,1.0454478953240175e+20,1.5357919101745596e+22,1.5337312720362878e+22,1.2050339416234277,0.012279314413575309
sc,100.0,0,4.8674937425619564e-09,0.0004424994311419961,1.2466259730907246e+17,1.042926711984904e+20,1.5357919101745596e+22,1.5338779869043076e+22,1.2048763517214076,0.012481325020541768
sc,100.0,0,4.951968485102764e-09,0.0004501789531911604,1.2497997324055026e+17,1.0403717604457488e+20,1.5357919101745596e+22,1.5340158094755318e+22,1.2047165489406249,0.012686132369474846
sc,100.0,0,5.03777218249446e-09,0.0004579792893176782,1.2530233484147878e+17,1.0377826975756642e+20,1.5357919101745596e+22,1.5341451166565775e+22,1.2045545157823907,0.012893769282887312
sc,100.0,0,5.124925720582707e-09,0.00046590233823479155,1.2562982334207411e+17,1.0351591806124484e+20,1.5357919101745596e+22,1.5342662791514032e+22,1.204390234639979,0.013104268788793304
sc,100.0,0,5.213450312782919e-09,0.0004739500284348108,1.2596258224083992e+17,1.0325008673321458e+20,1.5357919101745596e+22,1.5343796609631042e+22,1.204223687799993,0.013317664116055575
sc,100.0,0,5.30336750519117e-09,0.0004821243186537427,1.2630075733819846e+17,1.0298074162253539e+20,1.5357919101745596e+22,1.5344856189283617e+22,1.204054857444353,0.013533988689476802
sc,100.0,0,5.394699181784867e-09,0.0004904271983440789,1.2664449677443866e+17,1.027078486679834e+20,1.5357919101745596e+22,1.5345845022864156e+22,1.2038837256528876,0.01375327612467233
sc,100.0,0,5.487467569696092e-09,0.0004988606881541902,1.269939510720125e+17,1.024313739170119e+20,1.5357919101745596e+22,1.5346766522826367e+22,1.2037102744065722,0.013975560222674521
sc,100.0,0,5.581695244568585e-09,0.0005074268404153259,1.273492731823793e+17,1.0215128354539941e+20,1.5357919101745596e+22,1.5347624018078698e+22,1.203534485591414,0.014200874964286844
sc,100.0,0,5.6774051360002356e-09,0.000516127739636385,1.2771061853750829e+17,1.0186754387759953e+20,1.5357919101745596e+22,1.5348420750737693e+22,1.2033563410029884,0.01442925450418343
sc,100.0,0,5.7746205330643226e-09,0.0005249655030058475,1.2807814510615491e+17,1.015801214078163e+20,1.5357919101745596e+22,1.5349159873246619e+22,1.2031758223516522,0.01466073316472945
sc,100.0,0,5.873365089922977e-09,0.0005339422809020888,1.2845201345502555e+17,1.0128898282179173e+20,1.5357919101745596e+22,1.5349844445857227e+22,1.202992911268418,0.014895345429545861
sc,100.0,0,5.973662831521231e-09,0.000543060257411021,1.2883238681490715e+17,1.009940950193626e+20,1.5357919101745596e+22,1.535047743447933e+22,1.2028075893115115,0.015133125936782154
sc,100.0,0,6.075538159372062e-09,0.0005523216508520057,1.2921943115186117e+17,1.0069542513775197e+20,1.5357919101745596e+22,1.5351061708888772e+22,1.202619837973605,0.015374109472113233
sc,100.0,0,6.179015857431192e-09,0.0005617287143119265,1.2961331524357112e+17,1.0039294057563005e+20,1.5357919101745596e+22,1.535160004129631e+22,1.2024296386897249,0.015618330961448823
sc,100.0,0,6.284121098061035e-09,0.0005712837361873668,1.3001421076087122e+17,1.000866090179651e+20,1.5357919101745596e+22,1.5352095105267695e+22,1.2022369728458362,0.01586582546334533
sc,100.0,0,6.390879448088693e-09,0.0005809890407353357,1.3042229235456581e+17,9.97763984616392e+19,1.5357919101745596e+22,1.535254947498926e+22,1.2020418217880977,0.01611662816112306
sc,100.0,0,6.49931687495614e-09,0.0005908469886323764,1.308377377475321e+17,9.946227724188706e+19,1.5357919101745596e+22,1.5352965624868379e+22,1.2018441668327786,0.016370774354675807
sc,100.0,0,6.609459752962621e-09,0.0006008599775420564,1.3126072783219018e+17,9.914421405952968e+19,1.5357919101745596e+22,1.5353345929460341e+22,1.2016439892768387,0.016628299451964347
sc,100.0,0,6.721334869610851e-09,0.0006110304426918955,1.3169144677335456e+17,9.882217800901983e+19,1.5357919101745596e+22,1.5353692663708815e+22,1.2014412704091406,0.016889238960212376
sc,100.0,0,6.83496943204237e-09,0.0006213608574583973,1.3213008211648867e+17,9.849613860732145e+19,1.5357919101745596e+22,1.5354008003485224e+22,1.201235991522312,0.017153628476762117
sc,100.0,0,6.950391073580364e-09,0.0006318537339618513,1.3257682490139922e+17,9.816606582361081e+19,1.5357919101745596e+22,1.5354294026416607e+22,1.2010281339252142,0.01742150367962392
sc,100.0,0,7.067627860364078e-09,0.0006425116236694617,1.330318697813631e+17,9.783193010982558e+19,1.5357919101745596e+22,1.5354552712983497e+22,1.2008176789560352,0.017692900317674506
sc,100.0,0,7.186708298094979e-09,0.0006533371180086345,1.3349541514771363e+17,9.749370243204746e+19,1.5357919101745596e+22,1.5354785947872362e+22,1.2006046079959563,0.017967854200542397
sc,100.0,0,7.30766133887939e-09,0.0006643328489890354,1.3396766325987133e+17,9.715135430273212e+19,1.5357919101745596e+22,1.5354995521564518e+22,1.2003889024834042,0.018246401188136845
sc,100.0,0,7.430516388181651e-09,0.0006755014898346956,1.3444882038087002e+17,9.680485781379424e+19,1.5357919101745596e+22,1.535518313214904e+22,1.2001705439288555,0.01852857717984471
sc,100.0,0,7.555303311878037e-09,0.0006868457556252761,1.3493909691829894e+17,9.64541856705477e+19,1.5357919101745596e+22,1.535535038733384e+22,1.1999495139301837,0.01881441810336477
sc,100.0,0,7.682052443429732e-09,0.0006983684039481575,1.354387075707646e+17,9.609931122647227e+19,1.5357919101745596e+22,1.5355498806641762e+22,1.199725794188509,0.019103959903213643
sc,100.0,0,7.810794591152303e-09,0.0007100722355593003,1.3594787147977053e+17,9.574020851887851e+19,1.5357919101745596e+22,1.5355629823772747e+22,1.1994993665245697,0.019397238528843813
sc,100.0,0,7.941561045610335e-09,0.000721960095055485,1.3646681238710053e+17,9.53768523053737e+19,1.5357919101745596e+22,1.5355744789109135e+22,1.199270212895545,0.019694289922431944
sc,100.0,0,8.074383587114653e-09,0.0007340348715558775,1.3699575879767483e+17,9.500921810121009e+19,1.5357919101745596e+22,1.5355844972351463e+22,1.199038315412357,0.019995150006278363
sc,100.0,0,8.209294493341068e-09,0.0007462994993946426,1.3753494414787122e+17,9.463728221746006e+19,1.5357919101745596e+22,1.535593156526085e+22,1.1988036563573907,0.020299854669853807
sc,100.0,0,8.346326547068184e-09,0.0007587569588243803,1.3808460697939525e+17,9.42610218000157e+19,1.5357919101745596e+22,1.5356005684492238e+22,1.1985662182026293,0.02060843975648062
sc,100.0,0,8.485513044023895e-09,0.0007714102767294451,1.3864499111860776e+17,9.38804148694418e+19,1.5357919101745596e+22,1.5356068374499855e+22,1.1983259836281948,0.020920941049618277
sc,100.0,0,8.62688780086257e-09,0.0007842625273511428,1.3921634586144883e+17,9.349544036161788e+19,1.5357919101745596e+22,1.5356120610496353e+22,1.198082935541242,0.02123739425879633
sc,100.0,0,8.770485163261287e-09,0.0007973168330237534,1.3979892616395282e+17,9.310607816919261e+19,1.5357919101745596e+22,1.5356163301453748e+22,1.1978370570952115,0.021557835005162215
sc,100.0,0,8.916340014136991e-09,0.0008105763649215447,1.4039299283832939e+17,9.271230918383542e+19,1.5357919101745596e+22,1.5356197293120933e+22,1.1975883317094131,0.021882298806641966
sc,100.0,0,9.064487781994312e-09,0.0008240443438176648,1.4099881275479723e+17,9.231411533924644e+19,1.5357919101745596e+22,1.5356223371052405e+22,1.1973367430889101,0.022210821062730143
sc,100.0,0,9.214964449395513e-09,0.0008377240408541375,1.4161665904908909e+17,9.191147965493569e+19,1.5357919101745596e+22,1.5356242263625318e+22,1.1970822752447057,0.02254343703888421
sc,100.0,0,9.367806561569048e-09,0.0008516187783244589,1.4224681133583678e+17,9.15043862807109e+19,1.5357919101745596e+22,1.535625464503796e+22,1.1968249125141797,0.022880181850554966
sc,100.0,0,9.523051235139635e-09,0.0008657319304672395,1.4288955592779245e+17,9.109282054190093e+19,1.5357919101745596e+22,1.5356261138271329e+22,1.1965646395817977,0.023221090446810238
sc,100.0,0,9.68073616699755e-09,0.0008800669242725045,1.4354518606108235e+17,9.067676898524674e+19,1.5357919101745596e+22,1.53562623180068e+22,1.196301441500039,0.023566197593586635
sc,100.0,0,9.840899643304701e-09,0.0008946272403004274,1.4421400212655034e+17,9.025621942544282e+19,1.5357919101745596e+22,1.5356258713485634e+22,1.1960353037105407,0.023915537856559747
sc,100.0,0,1.0003580548631985e-08,0.0009094164135119986,1.4489631190730643e+17,8.983116099231752e+19,1.5357919101745596e+22,1.5356250811302544e+22,1.1957662120654498,0.02426914558361706
sc,100.0,0,1.0168818375244415e-08,0.0009244380341131286,1.4559243082269133e+17,8.940158417857969e+19,1.5357919101745596e+22,1.5356239058127234e+22,1.1954941528489442,0.024627054886966378
sc,100.0,0,1.0336653232521809e-08,0.0009396957484110735,1.4630268217865773e+17,8.896748088813203e+19,1.5357919101745596e+22,1.5356223863337815e+22,1.195219112798928,0.02498929962485015
sc,100.0,0,1.050712585652297e-08,0.0009551932596839063,1.4702739742490643e+17,8.852884448489515e+19,1.5357919101745596e+22,1.5356205601573422e+22,1.194941079128882,0.025355913382880683
sc,100.0,0,1.0680277619703748e-08,0.0009709343290639771,1.4776691641881626e+17,8.808566984207796e+19,1.5357919101745596e+22,1.5356184615184912e+22,1.1946600395498328,0.02572692945501653
sc,100.0,0,1.0856150540770048e-08,0.0009869227764336408,1.4852158769641312e+17,8.76379533919022e+19,1.5357919101745596e+22,1.5356161216593948e+22,1.19437598229247,0.026102380824137877
sc,100.0,0,1.103478729469387e-08,0.0010031624813358064,1.4929176875059677e+17,8.718569317566469e+19,1.5357919101745596e+22,1.5356135690544743e+22,1.1940888961293483,0.026482300142280275
sc,100.0,0,1.1216231222873463e-08,0.0010196573838975875,1.5007782631681133e+17,8.672888889413676e+19,1.5357919101745596e+22,1.5356108296255986e+22,1.1937987703971997,0.026866719710485588
sc,100.0,0,1.1400526343451012e-08,0.0010364114857682738,1.5088013666638982e+17,8.626754195821683e+19,1.5357919101745596e+22,1.5356079269462055e+22,1.1935055950193207,0.027255671458299064
sc,100.0,0,1.1587717361786653e-08,0.001053428851071514,1.5169908590785907e+17,8.580165553978453e+19,1.5357919101745596e+22,1.535604882435145e+22,1.193209360528034,0.02764918692291036
sc,100.0,0,1.1777849681093688e-08,0.0010707136073721535,1.5253507029642557e+17,8.533123462268903e+19,1.5357919101745596e+22,1.5356017155395585e+22,1.1929100580872003,0.028047297227950112
sc,100.0,0,1.1970969413231335e-08,0.0010882699466573942,1.5338849655191242e+17,8.485628605381349e+19,1.5357919101745596e+22,1.535598443907232e+22,1.1926076795147813,0.02845003306193611
sc,100.0,0,1.216712338966297e-08,0.0011061021263329973,1.54259782185472e+17,8.437681859413035e+19,1.5357919101745596e+22,1.5355950835483275e+22,1.1923022173054336,0.028857424656388072
sc,100.0,0,1.2366359172584106e-08,0.0011242144702349188,1.551493558353427e+17,8.38928429696792e+19,1.5357919101745596e+22,1.5355916489868871e+22,1.1919936646531144,0.029269501763623015
sc,100.0,0,1.2568725066213426e-08,0.001142611369655766,1.560576576119605e+17,8.34043719223981e+19,1.5357919101745596e+22,1.535588153402218e+22,1.1916820154737016,0.029686293634220637
sc,100.0,0,1.2774270128259657e-08,0.0011612972843872416,1.569851394527773e+17,8.291142026070186e+19,1.5357919101745596e+22,1.535584608760301e+22,1.1913672644276025,0.03010782899418983
sc,100.0,0,1.2983044181557602e-08,0.0011802767437779638,1.5793226548708118e+17,8.241400490976036e+19,1.5357919101745596e+22,1.535581025935993e+22,1.191049406942348,0.03053413602182722
sc,100.0,0,1.3195097825883073e-08,0.001199554347807552,1.5889951241120685e+17,8.191214496133883e+19,1.5357919101745596e+22,1.535577414825658e+22,1.190728439235147,0.030965242324293565
sc,100.0,0,1.3410482449947358e-08,0.0012191347681770326,1.598873698744986e+17,8.14058617231481e+19,1.5357919101745596e+22,1.5355737844515724e+22,1.1904043583353947,0.03140117491391533
sc,100.0,0,1.3629250243573032e-08,0.0012390227494157302,1.6089634087634778e+17,8.089517876757255e+19,1.5357919101745596e+22,1.5355701430572737e+22,1.1900771621071164,0.031841960184222314
sc,100.0,0,1.3851454210046853e-08,0.0012592231100042595,1.6192694217474147e+17,8.038012197972627e+19,1.5357919101745596e+22,1.5355664981956296e+22,1.189746849271344,0.03228762388572024
sc,100.0,0,1.4077148178667454e-08,0.001279740743515223,1.6297970470668138e+17,7.98607196046626e+19,1.5357919101745596e+22,1.5355628568086365e+22,1.1894134194283867,0.03273819110144282
sc,100.0,0,1.4306386817481698e-08,0.0013005806197710634,1.640551740209469e+17,7.933700229368427e+19,1.5357919101745596e+22,1.5355592253009344e+22,1.1890768730799912,0.03319368622227956
sc,100.0,0,1.4539225646207298e-08,0.0013217477860188453,1.6515391072348877e+17,7.880900314962464e+19,1.5357919101745596e+22,1.5355556096058218e+22,1.1887372116513844,0.03365413292208469
sc,100.0,0,1.4775721049351432e-08,0.0013432473681228574,1.662764909359976e+17,7.827675777098659e+19,1.5357919101745596e+22,1.5355520152454683e+22,1.1883944375131668,0.0341195541325972
sc,100.0,0,1.501593028953513e-08,0.0013650845717759208,1.6742350676807174e+17,7.77403042948047e+19,1.5357919101745596e+22,1.535548447385332e+22,1.1880485540030314,0.03458997201820267
sc,100.0,0,1.525991152100331e-08,0.0013872646837275737,1.6859556680331786e+17,7.719968343814986e+19,1.5357919101745596e+22,1.5355449108827604e+22,1.1876995654473164,0.035065407950508935
sc,100.0,0,1.55077238033528e-08,0.001409793073032073,1.697932966000192e+17,7.66549385380973e+19,1.5357919101745596e+22,1.535541410331096e+22,1.1873474771823358,0.0355458824828124
sc,100.0,0,1.5759427115455136e-08,0.0014326751923141035,1.7101733920664464e+17,7.610611559008762e+19,1.5357919101745596e+22,1.5355379500984893e+22,1.186992295575497,0.03603141532442266
sc,100.0,0,1.6015082369593702e-08,0.001455916579053973,1.722683556928471e+17,7.555326328451174e+19,1.5357919101745596e+22,1.5355345343632315e+22,1.186634028046164,0.03652202531489807
sc,100.0,0,1.627475142581336e-08,0.0014795228568921237,1.735470256963116e+17,7.499643304139938e+19,1.5357919101745596e+22,1.5355311671445799e+22,1.1862726830862504,0.03701773039820348
sc,100.0,0,1.6538497106481364e-08,0.0015034997369528513,1.7485404798597965e+17,7.443567904308919e+19,1.5357919101745596e+22,1.535527852330081e+22,1.1859082702805182,0.03751854759680332
sc,100.0,0,1.6806383211068697e-08,0.0015278530191880635,1.761901410421903e+17,7.38710582647317e+19,1.5357919101745596e+22,1.5355245936999586e+22,1.185540800326559,0.038024492985724294
sc,100.0,0,1.7078474531153074e-08,0.0015525885937411887,1.775560436541984e+17,7.330263050249103e+19,1.5357919101745596e+22,1.5355213949482935e+22,1.1851702850544266,0.03853558166660674
sc,100.0,0,1.7354836865641156e-08,0.001577712442331014,1.7895251553558336e+17,7.273045839932111e+19,1.5357919101745596e+22,1.5355182597015186e+22,1.184796737445905,0.03905182774175793
sc,100.0,0,1.7635537036227667e-08,0.0016032306396570606,1.803803379581474e+17,7.2154607468146565e+19,1.5357919101745596e+22,1.5355151915347224e+22,1.184420171653368,0.03957324428825891
sc,100.0,0,1.7920642903071327e-08,0.001629149354824666,1.8184031440471738e+17,7.157514611235879e+19,1.5357919101745596e+22,1.5355121939854955e+22,1.1840406030182313,0.040099843332106165
sc,100.0,0,1.8210223380721703e-08,0.001655474852792882,1.833332712415186e+17,7.09921456434242e+19,1.5357919101745596e+22,1.5355092705659782e+22,1.1836580480889267,0.04063163582247146
sc,100.0,0,1.8504348454263465e-08,0.001682213495842133,1.8486005841055043e+17,7.0405680295542055e+19,1.5357919101745596e+22,1.5355064247732159e+22,1.1832725246384233,0.04116863160603766
sc,100.0,0,1.8803089195716493e-08,0.0017093717450651358,1.8642155014262458e+17,6.981582723714281e+19,1.5357919101745596e+22,1.5355036600978794e+22,1.1828840516812156,0.04171083940150249
sc,100.0,0,1.9106517780674737e-08,0.0017369561618795215,1.880186456915424e+17,6.922266657913236e+19,1.5357919101745596e+22,1.5355009800314227e+22,1.182492649489777,0.04225826677423954
sc,100.0,0,1.9414707505186866e-08,0.0017649734095624425,1.896522700900284e+17,6.862628137974832e+19,1.5357919101745596e+22,1.5354983880724138e+22,1.1820983396104519,0.042810920111144395
sc,100.0,0,1.972773280289525e-08,0.001793430254808659,1.9132337492797846e+17,6.802675764587069e+19,1.5357919101745596e+22,1.5354958877313802e+22,1.181701144878734,0.04336880459571758
sc,100.0,0,2.0045669262421574e-08,0.001822333569311052,1.93032939153564e+17,6.742418433068812e+19,1.5357919101745596e+22,1.535493482534794e+22,1.1813010894339253,0.04393192418338612
sc,100.0,0,2.036859364501875e-08,0.001851690331365341,1.947819698978745e+17,6.681865332756039e+19,1.5357919101745596e+22,1.5354911760281932e+22,1.1808981987331193,0.04450028157712151
sc,100.0,0,2.069658390247253e-08,0.0018815076274975029,1.9657150332355014e+17,6.6210259459994755e+19,1.5357919101745596e+22,1.5354889717786392e+22,1.180492499564508,0.04507387820334803
sc,100.0,0,2.1029719195275465e-08,0.0019117926541159513,1.984026054980666e+17,6.559910046758489e+19,1.5357919101745596e+22,1.5354868733761592e+22,1.1800840200599534,0.045652714188205115
sc,100.0,0,2.1368079911068928e-08,0.0019425527191880843,2.0027637329230064e+17,6.498527698781393e+19,1.5357919101745596e+22,1.5354848844350354e+22,1.179672789706807,0.04623678833417954
sc,100.0,0,2.1711747683348937e-08,0.0019737952439408124,2.021939353048314e+17,6.436889253362196e+19,1.5357919101745596e+22,1.5354830085940593e+22,1.1792588393589514,0.04682609809712433
sc,100.0,0,2.2060805410459572e-08,0.002005527764587234,2.0415645281271702e+17,6.375005346661596e+19,1.5357919101745596e+22,1.5354812495166746e+22,1.1788422012470148,0.04742063956372936
sc,100.0,0,2.241533727485384e-08,0.002037757934077622,2.0616512074921142e+17,6.3128868965856125e+19,1.5357919101745596e+22,1.5354796108904026e+22,1.1784229089877511,0.04802040742943313
sc,100.0,0,2.2775428762647043e-08,0.002070493523877004,2.082211687090949e+17,6.250545099210273e+19,1.5357919101745596e+22,1.5354780964260478e+22,1.1780009975925376,0.04862539497684255
sc,100.0,0,2.3141166683446733e-08,0.002103742425767885,2.103258619820848e+17,6.187991424748e+19,1.5357919101745596e+22,1.5354767098564366e+22,1.1775765034749774,0.049235594054657834
sc,100.0,0,2.351263919048374e-08,0.00213751265368034,2.12480502615034e+17,6.1252376130445025e+19,1.5357919101745596e+22,1.5354754549347921e+22,1.177149464457557,0.049850995057167634
sc,100.0,0,2.388993580103199e-08,0.002171812345548363,2.1468643050335427e+17,6.0622956686037705e+19,1.5357919101745596e+22,1.5354743354329064e+22,1.1767199197773521,0.05047158690431718
sc,100.0,0,2.4273147417125106e-08,0.0022066497651931916,2.169450245122501e+17,5.999177855134766e+19,1.5357919101745596e+22,1.5354733551388522e+22,1.176287910090744,0.05109735702238646
sc,100.0,0,2.4662366346580756e-08,0.002242033304234614,2.1925770362834493e+17,5.935896689614585e+19,1.5357919101745596e+22,1.5354725178545524e+22,1.1758534774771205,0.05172829132531955
sc,100.0,0,2.5057686324324814e-08,0.0022779714840295284,2.2162592814210803e+17,5.872464935867964e+19,1.5357919101745596e+22,1.5354718273929807e+22,1.175416665441539,0.052364374196714594
sc,100.0,0,2.5459202534034273e-08,0.0023144729576394796,2.240512008617191e+17,5.8088955976575164e+19,1.5357919101745596e+22,1.5354712875751963e+22,1.1749775189163205,0.05300558847252742
sc,100.0,0,2.586701163008731e-08,0.002351546511826119,2.2653506835870333e+17,5.745201911287839e+19,1.5357919101745596e+22,1.5354709022269015e+22,1.1745360842615622,0.0536519154244916
sc,100.0,0,2.6281211759833278e-08,0.0023892010690757526,2.290791222458552e+17,5.6813973377223746e+19,1.5357919101745596e+22,1.535470675175073e+22,1.174092409264542,0.054303334744296765
sc,100.0,0,2.670190258619126e-08,0.002427445689653751,2.3168500048789302e+17,5.6174955542138544e+19,1.5357919101745596e+22,1.5354706102440167e+22,1.1736465431379821,0.05495982452855875
sc,100.0,0,2.7129185310566738e-08,0.0024662895736878854,2.3435438874514902e+17,5.553510445454348e+19,1.5357919101745596e+22,1.535470711251401e+22,1.173198536517178,0.055621361264584813
sc,100.0,0,2.7563162696108976e-08,0.0025057420632826344,2.3708902175069053e+17,5.489456094246634e+19,1.5357919101745596e+22,1.5354709820037757e+22,1.1727484414559435,0.056287919816988045
sc,100.0,0,2.8003939091295727e-08,0.002545812644663248,2.3989068472116896e+17,5.425346771705539e+19,1.5357919101745596e+22,1.5354714262921477e+22,1.1722963114213856,0.0569594734151477
sc,100.0,0,2.84516204538629e-08,0.002586510950351173,2.4276121480161645e+17,5.361196926994716e+19,1.5357919101745596e+22,1.5354720478869437e+22,1.1718422012874727,0.05763599364155982
sc,100.0,0,2.8906314375077457e-08,0.002627846761370678,2.457025025444162e+17,5.297021176608756e+19,1.5357919101745596e+22,1.5354728505329748e+22,1.1713861673273915,0.05831745042109076
sc,100.0,0,2.9368130104358903e-08,0.002669830009487173,2.487164934225656e+17,5.232834293210866e+19,1.5357919101745596e+22,1.535473837943789e+22,1.1709282672046777,0.059003812011156655
sc,100.0,0,2.983717857425316e-08,0.0027124707794775604,2.5180518937730858e+17,5.168651194038171e+19,1.5357919101745596e+22,1.5354750137961546e+22,1.1704685599631193,0.059695044992847945
sc,100.0,0,3.031357242576549e-08,0.0027557793114332263,2.5497065040010253e+17,5.104486928887669e+19,1.5357919101745596e+22,1.5354763817236942e+22,1.1700071060154118,0.060391114263020955
sc,100.0,0,3.079742603405422e-08,0.0027997660030958382,2.5821499614886534e+17,5.040356667698153e+19,1.5357919101745596e+22,1.535477945310592e+22,1.1695439671305687,0.06109198302737021
sc,100.0,0,3.12888555344934e-08,0.0028444414122266726,2.6154040759833747e+17,4.976275687744065e+19,1.5357919101745596e+22,1.5354797080848791e+22,1.16907920642008,0.061797612794502715
sc,100.0,0,3.178797884910417e-08,0.00288981625900947,2.649491287241809e+17,4.912259360459732e+19,1.5357919101745596e+22,1.5354816735111163e+22,1.1686128883228182,0.06250796337102209
sc,100.0,0,3.2294915713363566e-08,0.0029359014284875973,2.68443468220564e+17,4.848323137912873e+19,1.5357919101745596e+22,1.5354838449830224e+22,1.1681450785886893,0.06322299285764191
sc,100.0,0,3.280978770339371e-08,0.002982707973035792,2.720258012506025e+17,4.784482538948379e+19,1.5357919101745596e+22,1.5354862258153834e+22,1.167675844261035,0.06394265764633751
sc,100.0,0,3.3332718263538116e-08,0.0030302471148671017,2.7569857122913072e+17,4.7207531350243205e+19,1.5357919101745596e+22,1.5354888192358634e+22,1.167205253657786,0.0646669124185495
sc,100.0,0,3.3863832734323975e-08,0.0030785302485749066,2.794642916369119e+17,4.6571505357644866e+19,1.5357919101745596e+22,1.535491628376126e+22,1.1667333763513776,0.06539571014443915
sc,100.0,0,3.44032583808237e-08,0.0031275689437112453,2.8332554786541776e+17,4.593690374251294e+19,1.5357919101745596e+22,1.53549465626251e+22,1.1662602831474336,0.06612900208321536
sc,100.0,0,3.495112442141468e-08,0.0031773749474013346,2.872849990910914e+17,4.530388292086039e+19,1.5357919101745596e+22,1.535497905806389e+22,1.1657860460622278,0.06686673778452963
sc,100.0,0,3.550756205694139e-08,0.0032279601869946717,2.913453801777199e+17,4.467259924243988e+19,1.5357919101745596e+22,1.5355013797937968e+22,1.165310738298944,0.06760886509094265
sc,100.0,0,3.607270450029026e-08,0.0032793367727536604,2.955095036055226e+17,4.404320883751985e+19,1.5357919101745596e+22,1.5355050808747397e+22,1.1648344342227406,0.06835533014147216
sc,100.0,0,3.664668700637741e-08,0.0033315170005797645,2.99780261425206e+17,4.341586746218818e+19,1.5357919101745596e+22,1.5355090115517087e+22,1.164357209334641,0.06910607737621577
sc,100.0,0,3.722964690255637e-08,0.0033845133547778516,3.041606272350415e+17,4.279073034248913e+19,1.5357919101745596e+22,1.5355131741678009e+22,1.1638791402442743,0.06986104954205105
sc,100.0,0,3.7821723619446636e-08,0.003438338510858785,3.086536581787638e+17,4.216795201771044e+19,1.5357919101745596e+22,1.53551757089413e+22,1.1634003046414816,0.07062018769940441
sc,100.0,0,3.8423058722196925e-08,0.0034930053383815385,3.132624969618873e+17,4.1547686183131595e+19,1.5357919101745596e+22,1.535522203716505e+22,1.1629207812668159,0.07138343123009648
sc,100.0,0,3.9033795942180146e-08,0.003548526903834559,3.1799037388360486e+17,4.0930085532578955e+19,1.5357919101745596e+22,1.5355270744216296e+22,1.1624406498809592,0.07215071784624728
sc,100.0,0,3.9654081209125614e-08,0.003604916473556874,3.228406088812173e+17,4.03153016011145e+19,1.5357919101745596e+22,1.5355321845824698e+22,1.1619599912330925,0.07292198360023469
sc,100.0,0,4.0284062683698775e-08,0.0036621875166998885,3.2781661358362995e+17,3.970348460819889e+19,1.5357919101745596e+22,1.535537535542772e+22,1.1614788870282362,0.07369716289570426
sc,100.0,0,4.092389079052738e-08,0.003720353708229762,3.329218933701847e+17,3.909478330167904e+19,1.5357919101745596e+22,1.5355431284011409e+22,1.1609974198936084,0.07447618849961173
sc,100.0,0,4.157371825168804e-08,0.00377942893197164,3.381600494305582e+17,3.848934480293409e+19,1.5357919101745596e+22,1.535548963993876e+22,1.1605156733440207,0.07525899155529814
sc,100.0,0,4.223370012064276e-08,0.0038394272836947962,3.435347808210583e+17,3.788731445355013e+19,1.5357919101745596e+22,1.5355550428773246e+22,1.1600337317463614,0.07604550159656537
sc,100.0,0,4.290399381665122e-08,0.00390036307424102,3.490498865123948e+17,3.72888356638437e+19,1.5357919101745596e+22,1.5355613653093071e+22,1.1595516802831913,0.07683564656276332
sc,100.0,0,4.358475915964527e-08,0.0039622508326950245,3.5470926742303e+17,3.6694049763606323e+19,1.5357919101745596e+22,1.5355679312293524e+22,1.1590696049155007,0.07762935281485064
sc,100.0,0,4.4276158405582135e-08,0.004025105309598376,3.60516928432293e+17,3.6103095855398474e+19,1.5357919101745596e+22,1.5355747402385927e+22,1.1585875923446636,0.07842654515242727
sc,100.0,0,4.4978356282275756e-08,0.004088941480206887,3.664769803662433e+17,3.5516110670739157e+19,1.5357919101745596e+22,1.5355817915779562e+22,1.1581057299736324,0.07922714683171418
sc,100.0,0,4.5691520025717855e-08,0.0041537745477925325,3.725936419492647e+17,3.4933228429525197e+19,1.5357919101745596e+22,1.5355890841062367e+22,1.1576241058674162,0.08003107958447102
sc,100.0,0,4.641581941688383e-08,0.004219619946989439,3.78871241713083e+17,3.4354580703008985e+19,1.5357919101745596e+22,1.5355966162763201e+22,1.1571428087128874,0.08083826363782087
sc,100.0,0,4.715142681904483e-08,0.0042864933471858935,3.853142198548547e+17,3.3780296280650457e+19,1.5357919101745596e+22,1.535604386111145e+22,1.1566619277779597,0.08164861773498278
sc,100.0,0,4.789851721556532e-08,0.004354410655960483,3.9192713003449043e+17,3.321050104117076e+19,1.5357919101745596e+22,1.535612391178135e+22,1.156181552870189,0.08246205915686312
sc,100.0,0,4.865726824822575e-08,0.004423388022565977,3.987146411014245e+17,3.264531782808086e+19,1.5357919101745596e+22,1.5356206285629319e+22,1.1557017742948343,0.08327850374452604
sc,100.0,0,4.942786025604229e-08,0.00449344184145839,4.056815387392708e+17,3.2084866330003993e+19,1.5357919101745596e+22,1.5356290948418268e+22,1.155222682812434,0.08409786592248636
sc,100.0,0,5.021047631461167e-08,0.0045645887558737885,4.1283272701671706e+17,3.1529262966048076e+19,1.5357919101745596e+22,1.5356377860535034e+22,1.1547443695959405,0.08492005872283191
sc,100.0,0,5.100530227597572e-08,0.004636845661452338,4.20173229831442e+17,3.0978620776497725e+19,1.5357919101745596e+22,1.5356466976695446e+22,1.1542669261874563,0.08574499381014516
sc,100.0,0,5.1812526809014605e-08,0.0047102297099104184,4.2770819223318675e+17,3.0433049319072117e+19,1.5357919101745596e+22,1.5356558245641532e+22,1.1537904444546252,0.08657258150721088
sc,100.0,0,5.263234144037326e-08,0.004784758312761206,4.354428816107723e+17,2.9892654570979443e+19,1.5357919101745596e+22,1.5356651609828658e+22,1.1533150165467132,0.08740273082149164
sc,100.0,0,5.3464940595922046e-08,0.004860449145083823,4.4338268872690496e+17,2.935753883698335e+19,1.5357919101745596e+22,1.535674700510576e+22,1.1528407348504368,0.08823534947235209
sc,100.0,0,5.431052164276817e-08,0.004937320149342561,4.515331285832344e+17,2.882780066366879e+19,1.5357919101745596e+22,1.5356844360386732e+22,1.1523676919455659,0.08907034391902838
sc,100.0,0,5.516928493180878e-08,0.005015389539255344,4.598998410969552e+17,2.830353476009364e+19,1.5357919101745596e+22,1.5356943597315669e+22,1.1518959805603546,0.08990761938931571
sc,100.0,0,5.6041433840840926e-08,0.0050946758037128115,4.6848859156881837e+17,2.778483192497483e+19,1.5357919101745596e+22,1.535704462992762e+22,1.1514256935268317,0.09074707990897274
sc,100.0,0,5.692717481823145e-08,0.005175197710748314,4.773052709211421e+17,2.727177898054569e+19,1.5357919101745596e+22,1.535714736430593e+22,1.1509569237359893,0.09158862833183154
sc,100.0,0,5.782671742714684e-08,0.005256974311558804,4.8635589568264454e+17,2.6764458713201353e+19,1.5357919101745596e+22,1.535725169823673e+22,1.1504897640929048,0.09243216637060106
sc,100.0,0,5.8740274390359504e-08,0.005340024944578137,4.9564660769583795e+17,2.6262949821017076e+19,1.5357919101745596e+22,1.5357357520864816e+22,1.1500243074718166,0.09327759462837026
sc,100.0,0,5.966806163561761e-08,0.005424369239601601,5.0518367352059014e+17,2.5767326868219494e+19,1.5357919101745596e+22,1.535746471235191e+22,1.1495606466711956,0.09412481263079224
sc,100.0,0,6.061029834160731e-08,0.0055100271219643004,5.149734835063871e+17,2.527766024664366e+19,1.5357919101745596e+22,1.5357573143542226e+22,1.1490988743688153,0.09497371885897224
sc,100.0,0,6.156720698448764e-08,0.005597018816771604,5.2502255050349e+17,2.4794016144212767e+19,1.5357919101745596e+22,1.535768267563466e+22,1.1486390830768518,0.09582421078304071
sc,100.0,0,6.253901338502271e-08,0.005685364853183883,5.353375081821307e+17,2.4316456520429818e+19,1.5357919101745596e+22,1.5357793159871122e+22,1.1481813650970125,0.09667618489643724
sc,100.0,0,6.35259467563024e-08,0.0057750860687547645,5.4592510892649536e+17,2.384503908886417e+19,1.5357919101745596e+22,1.5357904437240035e+22,1.1477258124757097,0.09752953675090377
sc,100.0,0,6.452823975206651e-08,0.005866203613824228,5.567922212689105e+17,2.3379817306581037e+19,1.5357919101745596e+22,1.5358016338204148e+22,1.1472725169592624,0.09838416099221092
sc,100.0,0,6.554612851563202e-08,0.005958738955966547,5.679458268276686e+17,2.2920840370444665e+19,1.5357919101745596e+22,1.5358128682454875e+22,1.14682156994913,0.09923995139663247
sc,100.0,0,6.657985272942628e-08,0.006052713884493299,5.79393016710044e+17,2.2468153220202377e+19,1.5357919101745596e+22,1.5358241278700236e+22,1.1463730624571498,0.10009680090818879
sc,100.0,0,6.762965566513684e-08,0.0061481505150124405,5.911409873406692e+17,2.202179654822835e+19,1.5357919101745596e+22,1.5358353924495279e+22,1.1459270850607548,0.10095460167669341
sc,100.0,0,6.869578423447609e-08,0.006245071294043281,6.031970356733183e+17,2.158180681578973e+19,1.5357919101745596e+22,1.535846640611821e+22,1.1454837278581367,0.10181324509662916
sc,100.0,0,6.977848904057438e-08,0.00634349900368858,6.155685537430346e+17,2.114821627566832e+19,1.5357919101745596e+22,1.535857849850344e+22,1.1450430804232998,0.10267262184689945
sc,100.0,0,7.087802442999102e-08,0.006443456766362821,6.28263022513631e+17,2.0721053000959082e+19,1.5357919101745596e+22,1.5358689965239993e+22,1.1446052317609585,0.10353262193148532
sc,100.0,0,7.199464854536281e-08,0.006544968049578437,6.412880049746246e+17,2.0300340919833186e+19,1.5357919101745596e+22,1.535880055864157e+22,1.1441702702611956,0.10439313472106904
sc,100.0,0,7.312862337869174e-08,0.006648056670790159,6.54651138440574e+17,1.9886099856040452e+19,1.5357919101745596e+22,1.5358910019901116e+22,1.1437382836538081,0.10525404899567567
sc,100.0,0,7.42802148252601e-08,0.006752746802296372,6.683601260045586e+17,1.947834557491147e+19,1.5357919101745596e+22,1.5359018079338541e+22,1.1433093589622418,0.10611525298838012
sc,100.0,0,7.544969273820284e-08,0.006859062976200259,6.82422727097846e+17,1.9077089834584633e+19,1.5357919101745596e+22,1.5359124456754037e+22,1.142883582457006,0.10697663443016568
sc,100.0,0,7.663733098372088e-08,0.0069670300894291715,6.968467471066459e+17,1.8682340442184647e+19,1.5357919101745596e+22,1.5359228861894212e+22,1.1424610396084407,0.10783808059598955
sc,100.0,0,7.784340749694441e-08,0.007076673408813128,7.116400259980502e+17,1.8294101314651939e+19,1.5357919101745596e+22,1.5359330995046869e+22,1.1420418150387102,0.10869947835213846
sc,100.0,0,7.906820433846068e-08,0.007188018576223698,7.268104259075634e+17,1.7912372543907086e+19,1.5357919101745596e+22,1.5359430547771107e+22,1.1416259924728553,0.10956071420496652
sc,100.0,0,8.031200775148666e-08,0.007301091613771515,7.423658176422295e+17,1.7537150466032177e+19,1.5357919101745596e+22,1.5359527203778687e+22,1.141213654688759,0.11042167435109004
sc,100.0,0,8.157510821971942e-08,0.0074159189290654015,7.583140660554463e+17,1.7168427734122609e+19,1.5357919101745596e+22,1.5359620639969933e+22,1.1408048834658202,0.11128224472915833
sc,100.0,0,8.285780052584041e-08,0.007532527320530946,7.746630142524229e+17,1.6806193394471014e+19,1.5357919101745596e+22,1.5359710527641008e+22,1.140399759532167,0.112142311073287
sc,100.0,0,8.41603838106953e-08,0.007650943982790481,7.914204665889829e+17,1.6450432965723724e+19,1.5357919101745596e+22,1.5359796533867466e+22,1.1399983625101864,0.1130017589682781
sc,100.0,0,8.548316163314407e-08,0.007771196512104006,8.085941704310376e+17,1.6101128520652562e+19,1.5357919101745596e+22,1.5359878323069755e+22,1.1396007708601603,0.1138604739067419
sc,100.0,0,8.682644203058415e-08,0.007893312911871286,8.26191796647767e+17,1.5758258770179377e+19,1.5357919101745596e+22,1.5359955558768767e+22,1.139207061821778,0.11471834134824627
sc,100.0,0,8.81905375801531e-08,0.008017321598195737,8.44220918818597e+17,1.5421799149289667e+19,1.5357919101745596e+22,1.536002790553198e+22,1.138817311353296,0.11557524678063127
sc,100.0,0,8.957576546060974e-08,0.008143251405509977,8.626889911419037e+17,1.5091721904474925e+19,1.5357919101745596e+22,1.5360095031112875e+22,1.1384315940680956,0.11643107578362852
sc,100.0,0,9.098244751490158e-08,0.00827113159226378,8.81603325042857e+17,1.4767996182346846e+19,1.5357919101745596e+22,1.5360156608774636e+22,1.1380499831684059,0.1172857140949386
sc,100.0,0,9.24109103134052e-08,0.0084009918466732,9.009710644885667e+17,1.4450588119078973e+19,1.5357919101745596e+22,1.5360212319798364e+22,1.1376725503759477,0.11813904767891516
sc,100.0,0,9.38614852178688e-08,0.008532862292533527,9.207991600313064e+17,1.4139460930332047e+19,1.5357919101745596e+22,1.536026185616003e+22,1.1372993658592656,0.11899096279803816
sc,100.0,0,9.53345084460277e-08,0.008666773495093427,9.410943416131841e+17,1.3834575001347529e+19,1.5357919101745596e+22,1.5360304923357976e+22,1.1369304981575246,0.11984134608733206
sc,100.0,0,9.683032113691836e-08,0.008802756466992578,9.618630901824343e+17,1.3535887976897423e+19,1.5357919101745596e+22,1.5360341243378314e+22,1.1365660141005667,0.12069008463192617
sc,100.0,0,9.834926941687449e-08,0.008940842674261318,9.831116081865043e+17,1.324335485080869e+19,1.5357919101745596e+22,1.5360370557762585e+22,1.1362059787250407,0.12153706604793822
sc,100.0,0,9.989170446622597e-08,0.00908106404238418,1.0048457890266368e+18,1.2956928054795237e+19,1.5357919101745596e+22,1.5360392630752e+22,1.135850455186452,0.1223821785668928
sc,100.0,0,1.0145798258667493e-07,0.009223452962424994,1.0270711855770982e+18,1.2676557546366255e+19,1.5357919101745596e+22,1.5360407252468175e+22,1.1354995046670147,0.12322531112386956
sc,100.0,0,1.030484652693735e-07,0.009368042297215773,1.0497929778937088e+18,1.2402190895598447e+19,1.5357919101745596e+22,1.5360414242088287e+22,1.135153186279228,0.12406635344961323
sc,100.0,0,1.0466351926369088e-07,0.009514865387608262,1.0730159402579963e+18,1.2133773370598275e+19,1.5357919101745596e+22,1.5360413450967563e+22,1.1348115569651527,0.12490519616682733
sc,100.0,0,1.0630351664667048e-07,0.009663956058788226,1.0967444077259604e+18,1.1871248021509786e+19,1.5357919101745596e+22,1.5360404765653516e+22,1.1344746713914298,0.12574173089089066
sc,100.0,0,1.0796883489318065e-07,0.009815348626652787,1.1209822423746413e+18,1.1614555762958885e+19,1.5357919101745596e+22,1.536038811073928e+22,1.1341425818401323,0.12657585033524757
sc,100.0,0,1.0965985694675306e-07,0.009969077904250279,1.1457327994626871e+18,1.136363545486258e+19,1.5357919101745596e+22,1.5360363451490484e+22,1.1338153380956353,0.12740744842172907
sc,100.0,0,1.1137697129110978e-07,0.010125179208282709,1.170998893746553e+18,1.1118423981564672e+19,1.5357919101745596e+22,1.5360330796189369e+22,1.1334929873277564,0.12823642039607686
sc,100.0,0,1.131205720223829e-07,0.010283688365671173,1.1967827662169513e+18,1.0878856329296785e+19,1.5357919101745596e+22,1.5360290198130052e+22,1.1331755739715121,0.12906266294895533
sc,100.0,0,1.1489105892200752e-07,0.010444641720182501,1.2230860515435773e+18,1.0644865662000837e+19,1.5357919101745596e+22,1.536024175720391e+22,1.132863139603927,0.12988607434273788
sc,100.0,0,1.1668883753031101e-07,0.010608076139119182,1.2499097465391644e+18,1.0416383395574292e+19,1.5357919101745596e+22,1.5360185621015742e+22,1.1325557228184195,0.13070655454438743
sc,100.0,0,1.1851431922077509e-07,0.010774029020070464,1.277254179974134e+18,1.0193339270638944e+19,1.5357919101745596e+22,1.5360121985479351e+22,1.1322533590973982,0.1315240053647418
sc,100.0,0,1.2036792127497026e-07,0.010942538297724569,1.3051189840923354e+18,9.975661423952464e+18,1.5357919101745596e+22,1.5360051094840182e+22,1.131956080683787,0.132338330604541
sc,100.0,0,1.2225006695817458e-07,0.011113642450743144,1.3335030681954447e+18,9.76327645860643e+18,1.5357919101745596e+22,1.5359973241088452e+22,1.1316639164522901,0.1331494362075536
sc,100.0,0,1.241611855956522e-07,0.011287380508695655,1.3624045946776358e+18,9.55610951317068e+18,1.5357919101745596e+22,1.5359888762733293e+22,1.1313768917813067,0.13395723042115903
sc,100.0,0,1.261017126495984e-07,0.0114637920590544,1.3918209579032305e+18,9.354084329953354e+18,1.5357919101745596e+22,1.5359798042922777e+22,1.1310950284264663,0.13476162396477492
sc,100.0,0,1.2807208979674554e-07,0.011642917254249596,1.4217487663280763e+18,9.157123322547716e+18,1.5357919101745596e+22,1.5359701506900825e+22,1.1308183443968347,0.1355625302065306
sc,100.0,0,1.3007276500662229e-07,0.011824796818783845,1.4521838282700096e+18,8.965147642833571e+18,1.5357919101745596e+22,1.5359599618816846e+22,1.1305468538348957,0.13635986534860767
sc,100.0,0,1.3210419262045697e-07,0.01200947205640518,1.4831211417344438e+18,8.778077247589456e+18,1.5357919101745596e+22,1.5359492877913357e+22,1.1302805669014377,0.1371535486216898
sc,100.0,0,1.3416683343072837e-07,0.012196984857338944,1.514554888698189e+18,8.595830964848973e+18,1.5357919101745596e+22,1.5359381814126865e+22,1.1300194896664977,0.1379435024889923
sc,100.0,0,1.3626115476134353e-07,0.012387377705576685,1.5464784342482967e+18,8.418326560109797e+18,1.5357919101745596e+22,1.5359266983159137e+22,1.1297636240075102,0.13872965286035852
sc,100.0,0,1.3838763054844443e-07,0.012580693686222222,1.5788843309625556e+18,8.245480802465734e+18,1.5357919101745596e+22,1.5359148961078926e+22,1.129512967515769,0.13951192931694759
sc,100.0,0,1.4054674142183642e-07,0.012776976492894221,1.6117643289051556e+18,8.077209530689184e+18,1.5357919101745596e+22,1.5359028338523558e+22,1.1292675134122394,0.1402902653470654
sc,100.0,0,1.427389747870162e-07,0.01297627043518329,1.6451093915932854e+18,7.913427719241429e+18,1.5357919101745596e+22,1.535890571455413e+22,1.1290272504736631,0.14106459859372064
sc,100.0,0,1.4496482490780489e-07,0.01317862044616408,1.6789097182717158e+18,7.754049544125974e+18,1.5357919101745596e+22,1.5358781690202263e+22,1.128792162969728,0.14183487111453746
sc,100.0,0,1.4722479298957047e-07,0.013384072089960952,1.7131547728067784e+18,7.598988448431587e+18,1.5357919101745596e+22,1.5358656861672529e+22,1.1285622306118142,0.14260102965469093
sc,100.0,0,1.4951938726302417e-07,0.013592671569365833,1.7478333194808888e+18,7.448157207323861e+18,1.5357919101745596e+22,1.5358531813016615e+22,1.1283374285134415,0.1433630259335826
sc,100.0,0,1.518491230685864e-07,0.013804465733507854,1.7829334659269906e+18,7.301467992124522e+18,1.5357919101745596e+22,1.5358407107798085e+22,1.1281177271618117,0.14412081694603246
sc,100.0,0,1.542145229413025e-07,0.014019502085572955,1.8184427133768837e+18,7.158832432937832e+18,1.5357919101745596e+22,1.5358283278621503e+22,1.127903092398541,0.1448743652788213
sc,100.0,0,1.566161166963006e-07,0.014237828790572782,1.8543480142840522e+18,7.020161678968527e+18,1.5357919101745596e+22,1.535816081206421e+22,1.1276934854050824,0.14562363944349552
sc,100.0,0,1.5905444151477943e-07,0.014459494683161767,1.8906358371641413e+18,6.885366455079738e+18,1.5357919101745596e+22,1.5358040123726218e+22,1.1274888626830921,0.14636861422642594
sc,100.0,0,1.6153004203050185e-07,0.01468454927550017,1.927292238050629e+18,6.754357111927128e+18,1.5357919101745596e+22,1.5357921512064608e+22,1.127289176008898,0.14710927105720767
sc,100.0,0,1.6404347041678602e-07,0.014913042765162365,1.9643029370250685e+18,6.627043664445145e+18,1.5357919101745596e+22,1.5357805066674267e+22,1.1270943723175268,0.147845598396606
sc,100.0,0,1.6659528647398002e-07,0.015145026043089094,2.00165339624881e+18,6.503335807923902e+18,1.5357919101745596e+22,1.5357690478245806e+22,1.1269043934201048,0.14857759214539434
sc,100.0,0,1.6918605771739475e-07,0.015380550701581341,2.0393288914718e+18,6.38314288874347e+18,1.5357919101745596e+22,1.5357576634866562e+22,1.1267191753446613,0.14930525607561126
sc,100.0,0,1.718163594656804e-07,0.015619669042334583,2.077314559111862e+18,6.266373779716927e+18,1.5357919101745596e+22,1.5357460749885366e+22,1.1265386468365477,0.15002860228603046
sc,100.0,0,1.744867749296319e-07,0.01586243408451199,2.1155953788324475e+18,6.152936548898212e+18,1.5357919101745596e+22,1.5357336452627815e+22,1.1263627259822735,0.15074765168406054
sc,100.0,0,1.7719789530139395e-07,0.016108899572853996,2.1541560012779464e+18,6.042737671509548e+18,1.5357919101745596e+22,1.5357189558435821e+22,1.1261913126149408,0.1514624344970513
sc,100.0,0,1.7995031984405312e-07,0.016359119985823012,2.192980215384659e+18,5.935680213928208e+18,1.5357919101745596e+22,1.5356988588615342e+22,1.1260242711478246,0.1521729908175166
sc,100.0,0,1.8274465598158962e-07,0.016613150543780875,2.2320495825191437e+18,5.831659671427613e+18,1.5357919101745596e+22,1.5356663277400963e+22,1.125861391455583,0.15287937119007744
sc,100.0,0,1.855815193891665e-07,0.016871047217196955,2.2713401382049119e+18,5.730554380255732e+18,1.5357919101745596e+22,1.535605526981079e+22,1.1257022988329402,0.15358163725539611
sc,100.0,0,1.8846153408373512e-07,0.01713286673488501,2.310814575827311e+18,5.632203225270535e+18,1.5357919101745596e+22,1.5354803675856414e+22,1.1255462444218423,0.15427986248382938
sc,100.0,0,1.9138533251492623e-07,0.01739866659226602,2.350403757881104e+18,5.536353230886068e+18,1.5357919101745596e+22,1.5352076181166772e+22,1.1253916116011324,0.15497413307326208
sc,100.0,0,1.9435355565620198e-07,0.017668505059654727,2.3898562672677105e+18,5.443981480572568e+18,1.5357919101745596e+22,1.534932472462282e+22,1.1252421726364297,0.15566454918708875
sc,100.0,0,1.9736685309624657e-07,0.01794244119056787,2.4288964519849185e+18,5.356097041495469e+18,1.5357919101745596e+22,1.534822970086453e+22,1.1251021230934333,0.15635121972267507
sc,100.0,0,2.0042588313055408e-07,0.018220534830050372,2.4674207933812956e+18,5.272386934896196e+18,1.5357919101745596e+22,1.534798436965328e+22,1.1249698032584814,0.1570342560239562
sc,100.0,0,2.0353131285319847e-07,0.018502846623018043,2.5053637435951903e+18,5.192603466208495e+18,1.5357919101745596e+22,1.5348177033772656e+22,1.1248442415509152,0.15771377209994855
sc,100.0,0,2.0668381824874192e-07,0.018789438022612903,2.542681291035781e+18,5.116534671813174e+18,1.5357919101745596e+22,1.5348597655668523e+22,1.1247248198441806,0.15838988475934004
sc,100.0,0,2.0988408428425337e-07,0.019080371298568488,2.579342416046256e+18,5.043988602020767e+18,1.5357919101745596e+22,1.534913653446456e+22,1.1246110973832986,0.15906271371276895
sc,100.0,0,2.1313280500140307e-07,0.019375709545582098,2.6153245757502484e+18,4.974785780417563e+18,1.5357919101745596e+22,1.5349733223733658e+22,1.1245027226460498,0.15973238167405085
sc,100.0,0,2.1643068360860024e-07,0.01967551669169093,2.6506111811528474e+18,4.908756109568383e+18,1.5357919101745596e+22,1.5350351804498956e+22,1.1243993917459105,0.16039901447533159
sc,100.0,0,2.1977843257313156e-07,0.019979857506648324,2.685190046012812e+18,4.845737929789147e+18,1.5357919101745596e+22,1.5350969330691062e+22,1.1243008300369228,0.16106274120009736
sc,100.0,0,2.2317677371326033e-07,0.020288797610296394,2.719052324690386e+18,4.785577936535027e+18,1.5357919101745596e+22,1.5351570497569401e+22,1.1242067844278703,0.16172369433160036
sc,100.0,0,2.2662643829025575e-07,0.02060240348093234,2.752191722822005e+18,4.728131302785764e+18,1.5357919101745596e+22,1.535214507688213e+22,1.12411702015518,0.1623820099113095
sc,100.0,0,2.301281671003057e-07,0.020920742463664155,2.784603886835409e+18,4.673261727526043e+18,1.5357919101745596e+22,1.5352686518672172e+22,1.1240313191514697,0.16303782770120046
sc,100.0,0,2.3368271056625915e-07,0.021243882778750833,2.8162859291098947e+18,4.620841327486282e+18,1.5357919101745596e+22,1.5353191040271421e+22,1.123949478850523,0.16369129134406107
sc,100.0,0,2.372908288291805e-07,0.0215718935299255,2.8472360643791104e+18,4.5707503777514644e+18,1.5357919101745596e+22,1.5353656941762444e+22,1.1238713110462983,0.16434254851685762
sc,100.0,0,2.4095329183963207e-07,0.021904844712693827,2.8774533391881656e+18,4.5228769376859955e+18,1.5357919101745596e+22,1.5354084057664383e+22,1.123796640732566,0.16499175107317848
sc,100.0,0,2.446708794486748e-07,0.022242807222606797,2.906937438411269e+18,4.4771164026984274e+18,1.5357919101745596e+22,1.535447331417519e+22,1.123725304947112,0.16563905517171265
sc,100.0,0,2.48444381498505e-07,0.022585852863500455,2.935688554231446e+18,4.433371016332046e+18,1.5357919101745596e+22,1.5354826377563931e+22,1.123657151659257,0.16628462138850345
sc,100.0,0,2.522745979127007e-07,0.022934054355700062,2.96370730449613e+18,4.39154936879771e+18,1.5357919101745596e+22,1.5355145381751036e+22,1.1235920387291716,0.1669286148113892
sc,100.0,0,2.5616233878600337e-07,0.023287485344182124,2.990994689063316e+18,4.3515659004057155e+18,1.5357919101745596e+22,1.5355432722788365e+22,1.12352983295404,0.16757120511556747
sc,100.0,0,2.601084244735974e-07,0.023646220406690677,3.017552074513526e+18,4.313340422236334e+18,1.5357919101745596e+22,1.535569090807418e+22,1.1234704092058014,0.16821256661964903
sc,100.0,0,2.6411368567981104e-07,0.024010335061801003,3.0433811992769085e+18,4.276797661802645e+18,1.5357919101745596e+22,1.5355922449053732e+22,1.1234136496586673,0.16885287832190232
sc,100.0,0,2.6817896354620375e-07,0.024379905776927613,3.068484192739734e+18,4.2418668381406725e+18,1.5357919101745596e+22,1.5356129787635483e+22,1.1233594431009999,0.16949232391666158
sc,100.0,0,2.7230510973895295e-07,0.02475500997626845,3.092863603207345e+18,4.208481268416681e+18,1.5357919101745596e+22,1.5356315248178873e+22,1.1233076843244243,0.17013109179107697
sc,100.0,0,2.7649298653549316e-07,0.025135726048681195,3.116522430709072e+18,4.176578006524795e+18,1.5357919101745596e+22,1.5356481008469514e+22,1.1232582735824903,0.17076937500256062
sc,100.0,0,2.8074346691033843e-07,0.02552213335548531,3.1394641615506893e+18,4.146097513066424e+18,1.5357919101745596e+22,1.5356629084515017e+22,1.123211116111307,0.17140737123741415
sc,100.0,0,2.850574346200175e-07,0.025914312238183412,3.161692802268117e+18,4.116983355406911e+18,1.5357919101745596e+22,1.5356761325153328e+22,1.1231661217050282,0.17204528275123285
sc,100.0,0,2.8943578428705664e-07,0.026312344026096057,3.1832129112422927e+18,4.089181936086326e+18,1.5357919101745596e+22,1.5356879413439631e+22,1.1231232043396726,0.17268331629177072
sc,100.0,0,2.9387942148292916e-07,0.026716311043902652,3.2040296267183447e+18,4.0626422476383805e+18,1.5357919101745596e+22,1.5356984872541343e+22,1.1230822818394341,0.173321683005023
sc,100.0,0,2.9838926280991484e-07,0.027126296619083168,3.224148690356748e+18,4.037315651782671e+18,1.5357919101745596e+22,1.5357079074468499e+22,1.123043275580294,0.1739605983253457
sc,100.0,0,3.029662359817677e-07,0.02754238508925161,3.243576465748239e+18,4.013155680959473e+18,1.5357919101745596e+22,1.5357163250430144e+22,1.1230061102263675,0.17460028185047854
sc,100.0,0,3.076112799031355e-07,0.027964661809375957,3.2623199515611766e+18,3.9901178602394476e+18,1.5357919101745596e+22,1.535723850195404e+22,1.1229707134949853,0.17524095720238705
sc,100.0,0,3.12325344747639e-07,0.028393213158876274,3.280386789178447e+18,3.968159547740481e+18,1.5357919101745596e+22,1.5357305812175014e+22,1.1229370159470116,0.1758828518748722
sc,100.0,0,3.17109392034528e-07,0.028828126548593458,3.297785264823557e+18,3.9472397918055035e+18,1.5357919101745596e+22,1.5357366056886095e+22,1.1229049507993543,0.17652619706893058
sc,100.0,0,3.2196439470382796e-07,0.029269490427620726,3.314524306289321e+18,3.9273192033265203e+18,1.5357919101745596e+22,1.5357420015094782e+22,1.1228744537570243,0.17717122751687348
sc,100.0,0,3.2689133718989104e-07,0.029717394289990096,3.3306134744667745e+18,3.908359841732321e+18,1.5357919101745596e+22,1.535746837892453e+22,1.1228454628624318,0.17781818129623894
sc,100.0,0,3.318912154932562e-07,0.030171928681205107,3.3460629499387105e+18,3.890325113287829e+18,1.5357919101745596e+22,1.53575117627798e+22,1.1228179183599194,0.17846729963454722
sc,100.0,0,3.369650372507253e-07,0.03063318520461139,3.3608835149500237e+18,3.873179680477398e+18,1.5357919101745596e+22,1.535755071174641e+22,1.1227917625737898,0.17911882670596624
sc,100.0,0,3.4211382180356256e-07,0.0311012565275966,3.375086531101137e+18,3.856889381359743e+18,1.5357919101745596e+22,1.5357585709219782e+22,1.1227669397983062,0.1797730094209665
sc,100.0,0,3.4733860026371343e-07,0.03157623638761031,3.388683913139284e+18,3.841421157888937e+18,1.5357919101745596e+22,1.5357617183798722e+22,1.1227433961983506,0.18043009721004838
sc,100.0,0,3.5264041557793443e-07,0.03205821959799404,3.4016880992350966e+18,3.8267429922928645e+18,1.5357919101745596e+22,1.5357645515475793e+22,1.1227210797195697,0.1810903418026307
sc,100.0,0,3.5802032258974794e-07,0.03254730205361345,3.4141120181438444e+18,3.8128238506908867e+18,1.5357919101745596e+22,1.5357671041179861e+22,1.1226999400070237,0.181753997002189
sc,100.0,0,3.6347938809909277e-07,0.033043580736281164,3.425969053653213e+18,3.7996336332075295e+18,1.5357919101745596e+22,1.5357694059716138e+22,1.1226799283314175,0.1824213184587232
sc,100.0,0,3.69018690919575e-07,0.033547153719961365,3.437273006719197e+18,3.7871431299145375e+18,1.5357919101745596e+22,1.5357714836162448e+22,1.1226609975221666,0.18309256343962846
sc,100.0,0,3.74639321933195e-07,0.034058120175745,3.4480380556862147e+18,3.7753239819934244e+18,1.5357919101745596e+22,1.5357733605771366e+22,1.122643101906586,0.18376799060002572
sc,100.0,0,3.803423841424418e-07,0.03457658037658562,3.458278714978969e+18,3.7641486475690813e+18,1.5357919101745596e+22,1.5357750577427036e+22,1.122626197254604,0.18444785975359282
sc,100.0,0,3.8612899271962657e-07,0.035102635701784235,3.4680097926437376e+18,3.753590371713248e+18,1.5357919101745596e+22,1.5357765936704907e+22,1.1226102407284444,0.18513243164491056
sc,100.0,0,3.9200027505334535e-07,0.03563638864121321,3.4772463471008256e+18,3.743623160163475e+18,1.5357919101745596e+22,1.535777984857733e+22,1.1225951908368004,0.18582196772431472
sc,100.0,0,3.9795737079193217e-07,0.03617794279926656,3.486003643456287e+18,3.73422175634027e+18,1.5357919101745596e+22,1.5357792459801458e+22,1.1225810073930476,0.18651672992620855
sc,100.0,0,4.0400143188377985e-07,0.03672740289852544,3.4942971097027753e+18,3.725361621282074e+18,1.5357919101745596e+22,1.5357803901029278e+22,1.1225676514771035,0.18721698045175725
sc,100.0,0,4.1013362261439735e-07,0.03728487478312703,3.502142293119912e+18,3.7170189161490463e+18,1.5357919101745596e+22,1.5357814288667875e+22,1.122555085400567,0.18792298155684417
sc,100.0,0,4.163551196400648e-07,0.037850465421824075,3.509554817165686e+18,3.709170486974221e+18,1.5357919101745596e+22,1.5357823726522825e+22,1.1225432726747988,0.1886349953461238
sc,100.0,0,4.2266711201795267e-07,0.03842428291072297,3.516550339128313e+18,3.7017938513665705e+18,1.5357919101745596e+22,1.535783230724451e+22,1.1225321779816333,0.18935328357395895
sc,100.0,0,4.290708012325603e-07,0.0390064364756873,3.5231445087870996e+18,3.6948671868941706e+18,1.5357919101745596e+22,1.5357840113606867e+22,1.1225217671464391,0.19007810745297735
sc,100.0,0,4.3556740121832605e-07,0.03959703647439328,3.5293529283078917e+18,3.688369320896218e+18,1.5357919101745596e+22,1.5357847219633897e+22,1.1225120071132542,0.19080972747092728
sc,100.0,0,4.4215813837827274e-07,0.0401961943980248,3.535191113577179e+18,3.6822797214916613e+18,1.5357919101745596e+22,1.5357853691593626e+22,1.1225028659217415,0.1915484032164548
sc,100.0,0,4.4884425159851984e-07,0.040804022872592716,3.540674457155424e+18,3.6765784895717125e+18,1.5357919101745596e+22,1.535785958887597e+22,1.1224943126857365,0.1922943932143627
sc,100.0,0,4.556269922585227e-07,0.0414206356598657,3.545818193008181e+18,3.671246351578826e+18,1.5357919101745596e+22,1.535786496476495e+22,1.1224863175731568,0.19304795477085065
sc,100.0,0,4.625076242368779e-07,0.04204614765789799,3.5506373631519544e+18,3.666264652891853e+18,1.5357919101745596e+22,1.5357869867123983e+22,1.1224788517870685,0.19380934382916865
sc,100.0,0,4.694874239125256e-07,0.04268067490113869,3.5551467863287434e+18,3.6616153516510305e+18,1.5357919101745596e+22,1.5357874338999189e+22,1.1224718875477124,0.1945788148360503
sc,100.0,0,4.765676801611914e-07,0.04332433456010831,3.5593610288034524e+18,3.6572810128711296e+18,1.5357919101745596e+22,1.5357878419151246e+22,1.122465398075299,0.19535662061922554
sc,100.0,0,4.837496943469012e-07,0.04397724494062738,3.563294377356288e+18,3.653244802706343e+18,1.5357919101745596e+22,1.5357882142527561e+22,1.1224593575734119,0.1961430122762435
sc,100.0,0,4.910347803083952e-07,0.04463952548258138,3.5669608145244257e+18,3.649490482740641e+18,1.5357919101745596e+22,1.535788554067725e+22,1.1224537412128446,0.19693823907476818
sc,100.0,0,4.984242643402648e-07,0.04531129675820589,3.570373996126844e+18,3.6460024041936676e+18,1.5357919101745596e+22,1.5357888642120948e+22,1.122448525115735,0.1977425483644405
sc,100.0,0,5.059194851686406e-07,0.045992680469876424,3.573547231089267e+18,3.642765501941913e+18,1.5357919101745596e+22,1.5357891472675123e+22,1.1224436863398441,0.19855618550033444
sc,100.0,0,5.135217939212421e-07,0.046683799447385654,3.57649346356889e+18,3.639765288268951e+18,1.5357919101745596e+22,1.5357894055739603e+22,1.1224392028628738,0.1993793937779666
sc,100.0,0,5.212325540916164e-07,0.0473847776446924,3.579225257363899e+18,3.6369878462692844e+18,1.5357919101745596e+22,1.5357896412554244e+22,1.1224350535666956,0.20021241437975595
sc,100.0,0,5.290531414973651e-07,0.04809574013612411,3.5817547825767526e+18,3.6344198228416783e+18,1.5357919101745596e+22,1.5357898562422069e+22,1.1224312182213956,0.20105548633276468
sc,100.0,0,5.369849442321835e-07,0.04881681311201669,3.5840938044882524e+18,3.63204842122043e+18,1.5357919101745596e+22,1.5357900522911812e+22,1.1224276774690543,0.201908846477494
sc,100.0,0,5.450293626115079e-07,0.04954812387377344,3.5862536745868534e+18,3.6298613930007485e+18,1.5357919101745596e+22,1.5357902310032936e+22,1.1224244128071732,0.20277272944744795
sc,100.0,0,5.531878091115703e-07,0.05028980082832457,3.5882453236860324e+18,3.6278470296288666e+18,1.5357919101745596e+22,1.5357903938393114e+22,1.1224214065717026,0.20364736765912453
sc,100.0,0,5.614617083016814e-07,0.05104197348197104,3.5900792570543155e+18,3.6259941533330637e+18,1.5357919101745596e+22,1.5357905421337344e+22,1.122418641919608,0.20453299131204433
sc,100.0,0,5.698524967695082e-07,0.05180477243359166,3.5917655514722883e+18,3.6242921074850683e+18,1.5357919101745596e+22,1.5357906771071704e+22,1.1224161028109483,0.2054298283983748
sc,100.0,0,5.783616230391752e-07,0.05257832936719775,3.5933138541250104e+18,3.6227307463870106e+18,1.5357919101745596e+22,1.535790799877313e+22,1.1224137739904319,0.20633810472167105
sc,100.0,0,5.869905474819483e-07,0.05336277704381348,3.594733383230795e+18,3.6213004244901243e+18,1.5357919101745596e+22,1.535790911468565e+22,1.1224116409684466,0.20725804392420819
sc,100.0,0,5.957407422193069e-07,0.05415824929266427,3.596032930303387e+18,3.619991985057313e+18,1.5357919101745596e+22,1.5357910128208357e+22,1.1224096900015554,0.2081898675223504
sc,100.0,0,6.0461369101819e-07,0.05496488100165364,3.5972208639393444e+18,3.618796748290517e+18,1.5357919101745596e+22,1.535791104797156e+22,1.1224079080724723,0.20913379494937073
sc,100.0,0,6.136108891781953e-07,0.05578280810710867,3.5983051350200714e+18,3.6177064989486705e+18,1.5357919101745596e+22,1.5357911881905758e+22,1.122406282869528,0.2100900436051087
sc,100.0,0,6.227338434105047e-07,0.056612167582773154,3.5992932832159903e+18,3.6167134734901596e+18,1.5357919101745596e+22,1.535791263730373e+22,1.1224048027656708,0.2110588289118332
sc,100.0,0,6.319840717083361e-07,0.057453097428030564,3.6001924446781297e+18,3.615810346776839e+18,1.5357919101745596e+22,1.5357913320874003e+22,1.1224034567970191,0.21204036437566456
sc,100.0,0,6.413631032086649e-07,0.058305736655333174,3.6010093608041764e+18,3.614990218382602e+18,1.5357919101745596e+22,1.5357913938790944e+22,1.1224022346410236,0.2130348616528932
sc,100.0,0,6.508724780450197e-07,0.05917022527681998,3.6017503879638175e+18,3.6142465985533117e+18,1.5357919101745596e+22,1.535791449673819e+22,1.1224011265942893,0.21404253062053374
sc,100.0,0,6.605137471910994e-07,0.06004670429009995,3.6024215080725386e+18,3.613573393867438e+18,1.5357919101745596e+22,1.5357914999950108e+22,1.1224001235501064,0.2150635794504446
sc,100.0,0,6.702884722950026e-07,0.060935315663182055,3.6030283399019474e+18,3.61296489264925e+18,1.5357919101745596e+22,1.5357915453244108e+22,1.1223992169757582,0.21609821468635254
sc,100.0,0,6.80198225503809e-07,0.0618362023185281,3.603576151020528e+18,3.612415750189758e+18,1.5357919101745596e+22,1.5357915861056972e+22,1.1223983988896709,0.217146641323123
sc,100.0,0,6.902445892783118e-07,0.06274950811621016,3.6040698702587904e+18,3.6119209738291236e+18,1.5357919101745596e+22,1.5357916227471262e+22,1.1223976618384701,0.2182090628876351
sc,100.0,0,7.004291561976294e-07,0.06367537783614813,3.6045141005993477e+18,3.61147590795707e+18,1.5357919101745596e+22,1.535791655624359e+22,1.122396998874018,0.2192856815206289
sc,100.0,0,7.107535287534933e-07,0.06461395715940849,3.6049131323945405e+18,3.6110762189862267e+18,1.5357919101745596e+22,1.5357916850828725e+22,1.1223964035304945,0.22037669805891788
sc,100.0,0,7.212193191339467e-07,0.06556539264854061,3.6052709568200264e+18,3.6107178803534413e+18,1.5357919101745596e+22,1.5357917114400885e+22,1.1223958698016043,0.22148231211737712
sc,100.0,0,7.31828148996233e-07,0.06652983172693028,3.6055912794774374e+18,3.6103971576023485e+18,1.5357919101745596e+22,1.5357917349875437e+22,1.1223953921179697,0.22260272217014673
sc,100.0,0,7.425816492286187e-07,0.06750742265714715,3.6058775340643594e+18,3.6101105935987845e+18,1.5357919101745596e+22,1.5357917559928771e+22,1.1223949653247813,0.22373812563051407
sc,100.0,0,7.53481459700921e-07,0.06849831451826555,3.6061328960347955e+18,3.6098549939284577e+18,1.5357919101745596e+22,1.5357917747012694e+22,1.1223945846597738,0.22488871892897325
sc,100.0,0,7.645292290034978e-07,0.06950265718213616,3.6063602961804677e+18,3.609627412523813e+18,1.5357919101745596e+22,1.5357917913372881e+22,1.1223942457315834,0.2260546975889895
sc,100.0,0,7.75726614174454e-07,0.07052060128858673,3.606562434067381e+18,3.60942513756369e+18,1.5357919101745596e+22,1.5357918061063712e+22,1.122393944498555,0.22723625630003055
sc,100.0,0,7.870752804148289e-07,0.07155229821952991,3.6067417912685937e+18,3.609245677686487e+18,1.5357919101745596e+22,1.5357918191962238e+22,1.122393677248046,0.22843358898746255
sc,100.0,0,7.985769007915122e-07,0.07259790007195566,3.606900644340094e+18,3.6090867485534623e+18,1.5357919101745596e+22,1.5357918307780622e+22,1.12239344057628,0.22964688887894266
sc,100.0,0,8.10233155927669e-07,0.0736575596297881,3.607041077492536e+18,3.608946259795672e+18,1.5357919101745596e+22,1.535791841007836e+22,1.1223932313687945,0.23087634856698
sc,100.0,0,8.220457336804192e-07,0.07473143033458357,3.6071649949165225e+18,3.608822302374208e+18,1.5357919101745596e+22,1.535791850027517e+22,1.1223930467815277,0.23212216006736844
sc,100.0,0,8.34016328805534e-07,0.07581966625504855,3.607274132725752e+18,3.608713136378508e+18,1.5357919101745596e+22,1.5357918579659586e+22,1.12239288422257,0.23338451487323378
sc,100.0,0,8.461466426089286e-07,0.07692242205535715,3.607370070487326e+18,3.608617179285054e+18,1.5357919101745596e+22,1.5357918649400447e+22,1.1223927413346182,0.23466360400447459
sc,100.0,0,8.584383825846971e-07,0.0780398529622452,3.6074542423134633e+18,3.608532994693596e+18,1.5357919101745596e+22,1.5357918710555824e+22,1.1223926159781508,0.23595961805240637
sc,100.0,0,8.708932620394697e-07,0.07917211473086089,3.6075279474944794e+18,3.6084592815549036e+18,1.5357919101745596e+22,1.5357918764081974e+22,1.122392506215348,0.2372727472194579
sc,100.0,0,8.835129997028664e-07,0.08031936360935149,3.6075923606573573e+18,3.6083948638995123e+18,1.5357919101745596e+22,1.535791881084131e+22,1.1223924102947604,0.2386031813537971
sc,100.0,0,8.962993193238147e-07,0.08148175630216498,3.6076485414387927e+18,3.6083386810744274e+18,1.5357919101745596e+22,1.5357918851610033e+22,1.122392326636747,0.23995110997879707
sc,100.0,0,9.092539492525114e-07,0.08265944993204649,3.607697443666082e+18,3.608289778490227e+18,1.5357919101745596e+22,1.5357918887086433e+22,1.122392253819674,0.24131672231728038
sc,100.0,0,9.223786220078049e-07,0.08385260200070954,3.6077399240424146e+18,3.608247298877928e+18,1.5357919101745596e+22,1.5357918917895574e+22,1.1223921905668786,0.24270020731050815
sc,100.0,0,9.356750738297962e-07,0.0850613703481633,3.607776750337955e+18,3.608210474052786e+18,1.5357919101745596e+22,1.535791894459814e+22,1.1223921357343922,0.24410175363190653
sc,100.0,0,9.491450442174411e-07,0.08628591311067646,3.6078086090901944e+18,3.608178617178071e+18,1.5357919101745596e+22,1.5357918967694356e+22,1.1223920882994114,0.2455215496955449
sc,100.0,0,9.627902754509441e-07,0.08752638867735857,3.6078361128209516e+18,3.6081511155199227e+18,1.5357919101745596e+22,1.535791898762989e+22,1.1223920473494975,0.24695978365940235
sc,100.0,0,9.766125120987632e-07,0.08878295564534211,3.607859806779124e+18,3.60812742368291e+18,1.5357919101745596e+22,1.5357919004801733e+22,1.1223920120725013,0.24841664342347866
sc,100.0,0,9.906135005090058e-07,0.09005577277354598,3.6078801752218363e+18,3.6081070573119493e+18,1.5357919101745596e+22,1.5357919019561596e+22,1.1223919817471784,0.24989231662282044
sc,100.0,0,1.0047949882850608e-06,0.09134499893500553,3.607897647247398e+18,3.608089587246486e+18,1.5357919101745596e+22,1.5357919032221465e+22,1.122391955734481,0.2513869906155521
sc,100.0,0,1.0191587237452651e-06,0.09265079306775137,3.6079126021960284e+18,3.608074634109731e+18,1.5357919101745596e+22,1.5357919043056336e+22,1.122391933469498,0.25290085246600996
sc,100.0,0,1.0337064553664431e-06,0.09397331412422211,3.607925374635241e+18,3.608061863315972e+18,1.5357919101745596e+22,1.5357919052309555e+22,1.122391914454019,0.25443408892309066
sc,100.0,0,1.0484399312111567e-06,0.09531272101919608,3.6079362589483356e+18,3.608050980476306e+18,1.5357919101745596e+22,1.5357919060194132e+22,1.1223918982496905,0.25598688639393335
sc,100.0,0,1.0633608983385028e-06,0.09666917257622754,3.6079455135447726e+18,3.6080417271843067e+18,1.5357919101745596e+22,1.5357919066898091e+22,1.1223918844717418,0.25755943091306144
sc,100.0,0,1.0784711021983284e-06,0.09804282747257531,3.607953364712192e+18,3.60803387716065e+18,1.5357919101745596e+22,1.535791907258501e+22,1.1223918727832398,0.259151908107117
sc,100.0,0,1.0937722860087129e-06,0.09943384418261025,3.607960010130548e+18,3.6080272327370537e+18,1.5357919101745596e+22,1.5357919077398496e+22,1.1223918628898564,0.260764503155321
sc,100.0,0,1.1092661901166052e-06,0.10084238091969139,3.607965622067561e+18,3.608021621659213e+18,1.5357919101745596e+22,1.5357919081463605e+22,1.1223918545351055,0.262397400745798
sc,100.0,0,1.124954551341493e-06,0.10226859557649937,3.6079703502768246e+18,3.6080168941872927e+18,1.5357919101745596e+22,1.535791908488815e+22,1.1223918474960248,0.26405078502790297
sc,100.0,0,1.140839102302004e-06,0.10371264566381855,3.607974324617685e+18,3.608012920475782e+18,1.5357919101745596e+22,1.535791908776664e+22,1.1223918415792766,0.2657248395606875
sc,100.0,0,1.1569215707253575e-06,0.10517468824775977,3.60797765741709e+18,3.608009588210904e+18,1.5357919101745596e+22,1.5357919090180585e+22,1.1223918366176273,0.26741974725764284
sc,100.0,0,1.1732036787395748e-06,0.10665487988541589,3.6079804455919846e+18,3.6080068004879165e+18,1.5357919101745596e+22,1.5357919092200043e+22,1.122391832466787,0.2691356903278521
sc,100.0,0,1.1896871421484001e-06,0.10815337655894547,3.6079827725513405e+18,3.608004473908996e+18,1.5357919101745596e+22,1.5357919093885365e+22,1.122391829002578,0.27087285021368424
sc,100.0,0,1.2063736696888767e-06,0.1096703336080797,3.6079847098953897e+18,3.608002536884025e+18,1.5357919101745596e+22,1.5357919095288815e+22,1.1223918261184047,0.27263140752515597
sc,100.0,0,1.2232649622715382e-06,0.11120590566104893,3.6079863189289897e+18,3.6080009281169597e+18,1.5357919101745596e+22,1.5357919096454047e+22,1.1223918237229977,0.2744115419710848
sc,100.0,0,1.2403627122032033e-06,0.11276024656392758,3.607987652005827e+18,3.607999595262051e+18,1.5357919101745596e+22,1.5357919097419691e+22,1.1223918217384166,0.2762134322871524
sc,100.0,0,1.2576686023923764e-06,0.11433350930839786,3.6079887537184404e+18,3.6079984937335803e+18,1.5357919101745596e+22,1.53579190982175e+22,1.1223918200982739,0.2780372561609913
sc,100.0,0,1.275184305537256e-06,0.11592584595793237,3.607989661948653e+18,3.6079975856556964e+18,1.5357919101745596e+22,1.5357919098875522e+22,1.1223918187461732,0.27988319015440477
sc,100.0,0,1.292911483296395e-06,0.11753740757239955,3.607990408791911e+18,3.607996838938058e+18,1.5357919101745596e+22,1.5357919099416453e+22,1.1223918176343335,0.28175140962282286
sc,100.0,0,1.3108517854420548e-06,0.1191683441310959,3.607991021368559e+18,3.607996226464605e+18,1.5357919101745596e+22,1.5357919099859935e+22,1.122391816722379,0.28364208863209484
sc,100.0,0,1.3290068489963223e-06,0.12081880445421112,3.6079915225332997e+18,3.6079957253845417e+18,1.5357919101745596e+22,1.535791910022321e+22,1.1223918159762865,0.28555539987271056
sc,100.0,0,1.3473782973500965e-06,0.12248893612273604,3.607991931493681e+18,3.60799531649332e+18,1.5357919101745596e+22,1.5357919100519374e+22,1.1223918153674601,0.2874915145715432
sc,100.0,0,1.365967739365027e-06,0.12417888539682065,3.607992264348223e+18,3.6079949836951593e+18,1.5357919101745596e+22,1.535791910076054e+22,1.1223918148719336,0.2894506024011965
sc,100.0,0,1.384776768458562e-06,0.12588879713259654,3.607992534552325e+18,3.607994713536856e+18,1.5357919101745596e+22,1.53579191009562e+22,1.1223918144696763,0.29143283138703924
sc,100.0,0,1.4038069616722303e-06,0.1276188146974755,3.6079927533212483e+18,3.6079944948050345e+18,1.5357919101745596e+22,1.5357919101114649e+22,1.1223918141439917,0.29343836781200305
sc,100.0,0,1.4230598787233641e-06,0.1293690798839422,3.607992929976921e+18,3.6079943181793505e+18,1.5357919101745596e+22,1.5357919101242652e+22,1.1223918138810012,0.29546737611922036
sc,100.0,0,1.4425370610404372e-06,0.13113973282185792,3.6079930722457303e+18,3.607994175934673e+18,1.5357919101745596e+22,1.5357919101345667e+22,1.1223918136692033,0.29752001881257273
sc,100.0,0,1.462240030782253e-06,0.13293091188929573,3.6079931865137024e+18,3.6079940616861537e+18,1.5357919101745596e+22,1.53579191014286e+22,1.1223918134990911,0.29959645635521753
sc,100.0,0,1.4821702898412239e-06,0.13474275362192945,3.607993278043845e+18,3.607993970171584e+18,1.5357919101745596e+22,1.5357919101494948e+22,1.1223918133628286,0.3016968470661616
sc,100.0,0,1.5023293188310152e-06,0.13657539262100138,3.6079933511612216e+18,3.6079938970666353e+18,1.5357919101745596e+22,1.5357919101547874e+22,1.1223918132539779,0.30382134701494534
sc,100.0,0,1.5227185760588555e-06,0.13842896145989597,3.607993409410073e+18,3.607993838827668e+18,1.5357919101745596e+22,1.5357919101589995e+22,1.1223918131672617,0.3059701099145022
sc,100.0,0,1.5433394964828389e-06,0.140303590589349,3.607993455686142e+18,3.6079937925594747e+18,1.5357919101745596e+22,1.5357919101623497e+22,1.1223918130983699,0.3081432870122562
sc,100.0,0,1.5641934906545607e-06,0.1421994082413237,3.607993492348505e+18,3.607993755903341e+18,1.5357919101745596e+22,1.5357919101650123e+22,1.1223918130437898,0.3103410269795189
sc,100.0,0,1.585281943647488e-06,0.14411654033158983,3.607993521313485e+18,3.6079937269432914e+18,1.5357919101745596e+22,1.5357919101671075e+22,1.122391813000669,0.3125634757992501
sc,100.0,0,1.6066062139714432e-06,0.1460551103610403,3.6079935441330125e+18,3.607993704127662e+18,1.5357919101745596e+22,1.5357919101687662e+22,1.1223918129666974,0.31481077665224144
sc,100.0,0,1.6281676324736676e-06,0.14801523931578797,3.607993562060301e+18,3.6079936862034145e+18,1.5357919101745596e+22,1.5357919101700538e+22,1.1223918129400088,0.3170830698017896
sc,100.0,0,1.6499675012269185e-06,0.1499970455660835,3.607993576104312e+18,3.6079936721617966e+18,1.5357919101745596e+22,1.5357919101710798e+22,1.1223918129191013,0.3193804924769205
sc,100.0,0,1.6720070924050911e-06,0.1520006447640992,3.6079935870748467e+18,3.607993661193136e+18,1.5357919101745596e+22,1.5357919101718763e+22,1.1223918129027695,0.32170317875423027
sc,100.0,0,1.6942876471469117e-06,0.15402614974062834,3.607993595620008e+18,3.607993652649449e+18,1.5357919101745596e+22,1.5357919101724983e+22,1.1223918128900483,0.3240512594384103
sc,100.0,0,1.7168103744082338e-06,0.15607367040074854,3.607993602256855e+18,3.607993646013695e+18,1.5357919101745596e+22,1.5357919101729785e+22,1.1223918128801675,0.32642486194152254
sc,100.0,0,1.7395764498035548e-06,0.15814331361850498,3.6079936073966423e+18,3.6079936408747853e+18,1.5357919101745596e+22,1.5357919101733386e+22,1.1223918128725157,0.3288241101610977
sc,100.0,0,1.762587014437358e-06,0.16023518313066892,3.607993611365522e+18,3.6079936369066296e+18,1.5357919101745596e+22,1.535791910173655e+22,1.1223918128666075,0.3312491243571277
sc,100.0,0,1.7858431737259404e-06,0.16234937942963096,3.6079936144212326e+18,3.6079936338514033e+18,1.5357919101745596e+22,1.5357919101738623e+22,1.1223918128620585,0.3337000210280259
sc,100.0,0,1.8093459962104148e-06,0.16448599965549227,3.607993616767108e+18,3.6079936315059313e+18,1.5357919101745596e+22,1.535791910174026e+22,1.1223918128585662,0.3361769127856353
sc,100.0,0,1.8330965123615917e-06,0.16664513748741744,3.607993618562645e+18,3.6079936297107277e+18,1.5357919101745596e+22,1.5357919101741787e+22,1.1223918128558932,0.33867990822936045
sc,100.0,0,1.857095713377516e-06,0.16882688303431964,3.607993619932898e+18,3.607993628340642e+18,1.5357919101745596e+22,1.5357919101742553e+22,1.1223918128538528,0.34120911181951025
sc,100.0,0,1.8813445499744301e-06,0.1710313227249482,3.607993620975566e+18,3.6079936272981883e+18,1.5357919101745596e+22,1.5357919101743316e+22,1.1223918128523007,0.34376462374993466
sc,100.0,0,1.9058439311719748e-06,0.17325853919745227,3.607993621766556e+18,3.6079936265073137e+18,1.5357919101745596e+22,1.5357919101743861e+22,1.1223918128511232,0.3463465398200431
sc,100.0,0,1.9305947230735074e-06,0.1755086111885007,3.6079936223648404e+18,3.6079936259091154e+18,1.5357919101745596e+22,1.5357919101744298e+22,1.1223918128502322,0.3489549513063008
sc,100.0,0,1.9555977476423834e-06,0.17778161342203486,3.6079936228160046e+18,3.6079936254580603e+18,1.5357919101745596e+22,1.5357919101744625e+22,1.122391812849561,0.3515899448332912
sc,100.0,0,1.980853781475158e-06,0.18007761649774162,3.607993623155222e+18,3.607993625118888e+18,1.5357919101745596e+22,1.5357919101744843e+22,1.1223918128490558,0.3542516022444502
sc,100.0,0,2.0063635545726346e-06,0.1823966867793304,3.607993623409483e+18,3.6079936248646876e+18,1.5357919101745596e+22,1.5357919101745172e+22,1.1223918128486774,0.3569400004725666
sc,100.0,0,2.0321277491097545e-06,0.18473888628270496,3.607993623599496e+18,3.607993624674716e+18,1.5357919101745596e+22,1.5357919101745281e+22,1.1223918128483945,0.35965521141015877
sc,100.0,0,2.0581469982053558e-06,0.18710427256412326,3.6079936237410534e+18,3.607993624533159e+18,1.5357919101745596e+22,1.535791910174539e+22,1.1223918128481838,0.3623973017798335
sc,100.0,0,2.0844218846928104e-06,0.18949289860843732,3.6079936238462167e+18,3.6079936244280084e+18,1.5357919101745596e+22,1.535791910174539e+22,1.122391812848027,0.36516633300473555
sc,100.0,0,2.110952939892684e-06,0.19190481271751675,3.607993623924103e+18,3.6079936243501373e+18,1.5357919101745596e+22,1.535791910174539e+22,1.1223918128479111,0.3679623610792086
sc,100.0,0,2.1377406423884723e-06,0.19434005839895202,3.6079936239816023e+18,3.6079936242927027e+18,1.5357919101745596e+22,1.5357919101745717e+22,1.1223918128478259,0.3707854364397784
sc,100.0,0,2.164785416806599e-06,0.19679867425514536,3.6079936240238833e+18,3.6079936242503706e+18,1.5357919101745596e+22,1.53579191017455e+22,1.1223918128477628,0.3736356038365849
sc,100.0,0,2.1920876326018336e-06,0.199280693872894,3.607993624054929e+18,3.607993624219322e+18,1.5357919101745596e+22,1.53579191017455e+22,1.1223918128477164,0.3765129022053835
sc,100.0,0,2.2196476028493208e-06,0.20178614571357462,3.607993624077688e+18,3.607993624196611e+18,1.5357919101745596e+22,1.5357919101745717e+22,1.1223918128476826,0.37941736454024355
sc,100.0,0,2.2474655830444835e-06,0.20431505300404396,3.6079936240942326e+18,3.607993624180044e+18,1.5357919101745596e+22,1.5357919101745608e+22,1.1223918128476578,0.3823490177670751
sc,100.0,0,2.2755417699120383e-06,0.20686743362836713,3.607993624106291e+18,3.6079936241679944e+18,1.5357919101745596e+22,1.5357919101745608e+22,1.12239181284764,0.38530788261811616
sc,100.0,0,2.3038763002254197e-06,0.20944330002049272,3.6079936241150106e+18,3.6079936241592975e+18,1.5357919101745596e+22,1.5357919101745717e+22,1.1223918128476273,0.38829397350751643
sc,100.0,0,2.3324692496379275e-06,0.2120426590579934,3.607993624121295e+18,3.6079936241529523e+18,1.5357919101745596e+22,1.53579191017455e+22,1.1223918128476174,0.3913072984081562
sc,100.0,0,2.3613206315269245e-06,0.21466551195699313,3.607993624125852e+18,3.6079936241484247e+18,1.5357919101745596e+22,1.5357919101745608e+22,1.122391812847611,0.39434785872984046
sc,100.0,0,2.390430395852468e-06,0.2173118541684062,3.607993624129121e+18,3.607993624145166e+18,1.5357919101745596e+22,1.5357919101745608e+22,1.122391812847606,0.3974156491990136
sc,100.0,0,2.4197984280317437e-06,0.21998167527561308,3.6079936241314534e+18,3.6079936241428004e+18,1.5357919101745596e+22,1.53579191017455e+22,1.1223918128476023,0.4005106577401405
sc,100.0,0,2.449424547830708e-06,0.22267495889370076,3.607993624133139e+18,3.6079936241411727e+18,1.5357919101745596e+22,1.5357919101745717e+22,1.1223918128476,0.4036328653588994
sc,100.0,0,2.4793085082743803e-06,0.2253916825703982,3.6079936241343217e+18,3.607993624139977e+18,1.5357919101745596e+22,1.5357919101745717e+22,1.1223918128475983,0.4067822460273417
sc,100.0,0,2.509449994577191e-06,0.22813181768883556,3.6079936241351485e+18,3.607993624139148e+18,1.5357919101745596e+22,1.5357919101745608e+22,1.1223918128475971,0.4099587665711645
sc,100.0,0,2.5398486230948953e-06,0.2308953293722632,3.6079936241357215e+18,3.6079936241385196e+18,1.5357919101745596e+22,1.53579191017455e+22,1.1223918128475958,0.4131623865592558
sc,100.0,0,2.5705039402994796e-06,0.2336821763908618,3.6079936241361546e+18,3.6079936241381094e+18,1.5357919101745596e+22,1.53579191017455e+22,1.1223918128475954,0.4163930581956637
sc,100.0,0,2.6014154217785738e-06,0.23649231107077945,3.607993624136478e+18,3.6079936241378335e+18,1.5357919101745596e+22,1.5357919101745717e+22,1.1223918128475951,0.41965072621414673
sc,100.0,0,2.632582471260859e-06,0.23932567920553266,3.6079936241366574e+18,3.6079936241375933e+18,1.5357919101745596e+22,1.53579191017455e+22,1.1223918128475947,0.42293532777546516
sc,100.0,0,2.664004419668962e-06,0.24218221996990563,3.6079936241367987e+18,3.607993624137481e+18,1.5357919101745596e+22,1.5357919101745608e+22,1.1223918128475947,0.426246792367568
sc,100.0,0,2.6956805242013664e-06,0.24506186583648787,3.6079936241369073e+18,3.607993624137369e+18,1.5357919101745596e+22,1.5357919101745608e+22,1.1223918128475945,0.42958504170883893
sc,100.0,0,2.727609967444852e-06,0.24796454249498656,3.607993624136978e+18,3.6079936241372984e+18,1.5357919101745596e+22,1.5357919101745608e+22,1.1223918128475945,0.4329499896545582
sc,100.0,0,2.7597918565189673e-06,0.2508901687744516,3.6079936241370163e+18,3.607993624137234e+18,1.5357919101745596e+22,1.53579191017455e+22,1.1223918128475943,0.43634154210674203
sc,100.0,0,2.7922252222540666e-06,0.25383865656855154,3.6079936241370516e+18,3.607993624137215e+18,1.5357919101745596e+22,1.5357919101745608e+22,1.1223918128475943,0.4397595969275176
sc,100.0,0,2.8249090184044093e-06,0.2568099107640372,3.607993624137087e+18,3.6079936241371863e+18,1.5357919101745596e+22,1.5357919101745608e+22,1.122391812847594,0.4432040438561946
sc,100.0,0,2.8578421208978493e-06,0.25980382917253175,3.607993624137087e+18,3.6079936241371924e+18,1.5357919101745596e+22,1.5357919101745608e+22,1.1223918128475943,0.44667476443019216
sc,100.0,0,2.891023327123599e-06,0.26282030246578175,3.6079936241371223e+18,3.607993624137154e+18,1.5357919101745596e+22,1.5357919101745608e+22,1.122391812847594,0.45017163190997794
sc,100.0,0,2.924451355259565e-06,0.2658592141145059,3.6079936241371223e+18,3.607993624137141e+18,1.5357919101745596e+22,1.53579191017455e+22,1.122391812847594,0.45369451120817866
sc,100.0,0,2.9581248436407344e-06,0.26892044033097584,3.6079936241371223e+18,3.607993624137148e+18,1.5357919101745596e+22,1.53579191017455e+22,1.122391812847594,0.4572432588230159
sc,100.0,0,2.992042350170052e-06,0.2720038500154593,3.6079936241371223e+18,3.607993624137148e+18,1.5357919101745596e+22,1.53579191017455e+22,1.122391812847594,0.4608177227762206
sc,100.0,0,3.026202351773268e-06,0.27510930470666073,3.6079936241371223e+18,3.6079936241371254e+18,1.5357919101745596e+22,1.535791910174539e+22,1.122391812847594,0.4644177425555803
sc,100.0,0,3.060603243899132e-06,0.2782366585362847,3.6079936241371223e+18,3.607993624137148e+18,1.5357919101745596e+22,1.53579191017455e+22,1.122391812847594,0.4680431490622671
sc,100.0,0,3.095243340066364e-06,0.2813857581878513,3.6079936241371223e+18,3.607993624137148e+18,1.5357919101745596e+22,1.53579191017455e+22,1.122391812847594,0.47169376456309364
sc,100.0,0,3.1301208714587585e-06,0.2845564428598871,3.6079936241371576e+18,3.607993624137141e+18,1.5357919101745596e+22,1.5357919101745717e+22,1.122391812847594,0.47536940264784244
sc,100.0,0,3.165233986569728e-06,0.2877485442336116,3.6079936241371576e+18,3.607993624137141e+18,1.5357919101745596e+22,1.5357919101745717e+22,1.1223918128475943,0.4790698681918055
sc,100.0,0,3.2005807508976505e-06,0.29096188644524096,3.6079936241371223e+18,3.607993624137141e+18,1.5357919101745596e+22,1.53579191017455e+22,1.122391812847594,0.48279495732367805
sc,100.0,0,3.2361591466932353e-06,0.2941962860630214,3.6079936241371576e+18,3.607993624137154e+18,1.5357919101745596e+22,1.5357919101745826e+22,1.1223918128475943,0.4865444573989338
sc,100.0,0,3.27196707276015e-06,0.29745155206910456,3.6079936241371576e+18,3.607993624137135e+18,1.5357919101745596e+22,1.5357919101745717e+22,1.122391812847594,0.4903181469788139
sc,100.0,0,3.3080023443101186e-06,0.30072748584637443,3.6079936241371223e+18,3.6079936241371254e+18,1.5357919101745596e+22,1.535791910174539e+22,1.122391812847594,0.49411579581505616
sc,100.0,0,3.344262692873571e-06,0.30402388117032464,3.6079936241371576e+18,3.607993624137135e+18,1.5357919101745596e+22,1.5357919101745717e+22,1.122391812847594,0.49793716484047845
sc,100.0,0,3.3807457662670037e-06,0.30734052420609126,3.6079936241371223e+18,3.607993624137148e+18,1.5357919101745596e+22,1.53579191017455e+22,1.122391812847594,0.5017820061655394
sc,100.0,0,3.4174491286180456e-06,0.3106771935107314,3.6079936241371576e+18,3.607993624137154e+18,1.5357919101745596e+22,1.5357919101745826e+22,1.1223918128475943,0.5056500630809793
sc,100.0,0,3.4543702604492223e-06,0.3140336600408384,3.6079936241371576e+18,3.607993624137141e+18,1.5357919101745596e+22,1.5357919101745717e+22,1.122391812847594,0.5095410700666484
sc,100.0,0,3.49150655882137e-06,0.3174096871655791,3.6079936241371576e+18,3.607993624137103e+18,1.5357919101745596e+22,1.5357919101745608e+22,1.1223918128475936,0.5134547528066209
sc,100.0,0,3.528855337537518e-06,0.3208050306852289,3.6079936241371576e+18,3.607993624137148e+18,1.5357919101745596e+22,1.5357919101745717e+22,1.1223918128475943,0.5173908282106807
sc,100.0,0,3.5664138274081023e-06,0.32421943885528204,3.6079936241371576e+18,3.607993624137135e+18,1.5357919101745596e+22,1.5357919101745717e+22,1.122391812847594,0.5213490044422725
sc,100.0,0,3.604179176578205e-06,0.32765265241620045,3.6079936241371576e+18,3.6079936241371254e+18,1.5357919101745596e+22,1.5357919101745608e+22,1.122391812847594,0.5253289809529877
sc,100.0,0,3.6421484509175184e-06,0.3311044046288653,3.6079936241371223e+18,3.607993624137148e+18,1.5357919101745596e+22,1.53579191017455e+22,1.122391812847594,0.5293304485236624
sc,100.0,0,3.680318634473621e-06,0.33457442131578374,3.6079936241371223e+18,3.607993624137141e+18,1.5357919101745596e+22,1.53579191017455e+22,1.122391812847594,0.533353089312146
sc,100.0,0,3.718686629989085e-06,0.3380624209080987,3.6079936241371223e+18,3.607993624137135e+18,1.5357919101745596e+22,1.53579191017455e+22,1.122391812847594,0.5373965769077981
sc,100.0,0,3.7572492594828904e-06,0.3415681144984446,3.6079936241371576e+18,3.607993624137141e+18,1.5357919101745596e+22,1.5357919101745717e+22,1.122391812847594,0.5414605763927616
sc,100.0,0,3.7960032648964994e-06,0.3450912058996818,3.6079936241371576e+18,3.607993624137148e+18,1.5357919101745596e+22,1.5357919101745717e+22,1.1223918128475943,0.5455447444100509
sc,100.0,0,3.834945308804896e-06,0.34863139170953605,3.6079936241371576e+18,3.607993624137148e+18,1.5357919101745596e+22,1.5357919101745717e+22,1.1223918128475943,0.5496487292384862
sc,100.0,0,3.874071975192807e-06,0.35218836138116427,3.6079936241371576e+18,3.607993624137135e+18,1.5357919101745596e+22,1.5357919101745717e+22,1.122391812847594,0.5537721708744967
sc,100.0,0,3.913379770296197e-06,0.3557617972996543,3.6079936241371223e+18,3.6079936241371187e+18,1.5357919101745596e+22,1.535791910174539e+22,1.1223918128475936,0.5579147011208038
sc,100.0,0,3.952865123509147e-06,0.35935137486446794,3.6079936241371223e+18,3.607993624137164e+18,1.5357919101745596e+22,1.5357919101745608e+22,1.1223918128475943,0.5620759436819939
sc,100.0,0,3.992524388356007e-06,0.3629567625778189,3.6079936241371223e+18,3.6079936241371187e+18,1.5357919101745596e+22,1.535791910174539e+22,1.1223918128475936,0.5662555142669707
sc,100.0,0,4.0323538435287325e-06,0.36657762213897566,3.6079936241371576e+18,3.607993624137148e+18,1.5357919101745596e+22,1.5357919101745717e+22,1.1223918128475943,0.5704530206982771
sc,100.0,0,4.072349693989162e-06,0.37021360854446933,3.6079936241371223e+18,3.6079936241371254e+18,1.5357919101745596e+22,1.535791910174539e+22,1.122391812847594,0.5746680630282606
sc,100.0,0,4.112508072135931e-06,0.3738643701941755,3.6079936241371576e+18,3.6079936241371704e+18,1.5357919101745596e+22,1.5357919101745826e+22,1.1223918128475945,0.5789002336620513
sc,100.0,0,4.152825039035608e-06,0.37752954900323704,3.6079936241371576e+18,3.6079936241371187e+18,1.5357919101745596e+22,1.5357919101745608e+22,1.122391812847594,0.5831491174873075
sc,100.0,0,4.1932965857175825e-06,0.38120878051978024,3.6079936241371576e+18,3.607993624137148e+18,1.5357919101745596e+22,1.5357919101745717e+22,1.1223918128475943,0.5874142920106797
sc,100.0,0,4.233918634532076e-06,0.3849016940483706,3.6079936241371576e+18,3.607993624137148e+18,1.5357919101745596e+22,1.5357919101745717e+22,1.1223918128475943,0.5916953275009277
sc,100.0,0,4.274687040570635e-06,0.3886079127791487,3.6079936241371223e+18,3.607993624137135e+18,1.5357919101745596e+22,1.53579191017455e+22,1.122391812847594,0.5959917871386217
sc,100.0,0,4.315597593148279e-06,0.39232705392257083,3.6079936241371576e+18,3.607993624137141e+18,1.5357919101745596e+22,1.5357919101745717e+22,1.122391812847594,0.6003032271723419
sc,100.0,0,4.35664601734649e-06,0.39605872884968096,3.6079936241371223e+18,3.6079936241371254e+18,1.5357919101745596e+22,1.535791910174539e+22,1.122391812847594,0.6046291970812894
sc,100.0,0,4.397827975616047e-06,0.39980254323782244,3.6079936241371576e+18,3.6079936241371254e+18,1.5357919101745596e+22,1.5357919101745608e+22,1.122391812847594,0.6089692397442035
sc,100.0,0,4.439139069438646e-06,0.40355809722169506,3.6079936241371576e+18,3.607993624137154e+18,1.5357919101745596e+22,1.5357919101745826e+22,1.1223918128475945,0.6133228916144756
sc,100.0,0,4.480574841046197e-06,0.40732498554965424,3.6079936241371576e+18,3.607993624137141e+18,1.5357919101745596e+22,1.5357919101745717e+22,1.122391812847594,0.6176896829013406
sc,100.0,0,4.522130775196497e-06,0.41110279774513614,3.6079936241371576e+18,3.607993624137135e+18,1.5357919101745596e+22,1.5357919101745717e+22,1.122391812847594,0.6220691377570092
sc,100.0,0,4.563802301004022e-06,0.4148911182730929,3.6079936241371576e+18,3.607993624137141e+18,1.5357919101745596e+22,1.5357919101745717e+22,1.122391812847594,0.6264607744696101
sc,100.0,0,4.6055847938243644e-06,0.4186895267113059,3.6079936241371223e+18,3.6079936241371187e+18,1.5357919101745596e+22,1.535791910174539e+22,1.1223918128475936,0.6308641056617851
sc,100.0,0,4.6474735771908545e-06,0.4224975979264413,3.6079936241371223e+18,3.6079936241371126e+18,1.5357919101745596e+22,1.535791910174539e+22,1.1223918128475936,0.6352786384947835
sc,100.0,0,4.689463924801754e-06,0.42631490225470486,3.6079936241371576e+18,3.607993624137164e+18,1.5357919101745596e+22,1.5357919101745826e+22,1.1223918128475943,0.6397038748778872
sc,100.0,0,4.731551062556339e-06,0.43014100568693997,3.6079936241371223e+18,3.607993624137148e+18,1.5357919101745596e+22,1.53579191017455e+22,1.122391812847594,0.6441393116829862
sc,100.0,0,4.773730170638174e-06,0.43397547005801584,3.6079936241371223e+18,3.607993624137148e+18,1.5357919101745596e+22,1.53579191017455e+22,1.122391812847594,0.6485844409641295
sc,100.0,0,4.8159963856436705e-06,0.4378178532403337,3.6079936241371576e+18,3.6079936241371254e+18,1.5357919101745596e+22,1.5357919101745608e+22,1.122391812847594,0.6530387501818472
sc,100.0,0,4.858344802754087e-06,0.4416677093412807,3.6079936241371223e+18,3.607993624137141e+18,1.5357919101745596e+22,1.53579191017455e+22,1.122391812847594,0.6575017224320512
sc,100.0,0,4.900770477948971e-06,0.4455245889044519,3.6079936241371223e+18,3.607993624137154e+18,1.5357919101745596e+22,1.5357919101745608e+22,1.122391812847594,0.6619728366793027
sc,100.0,0,4.943268430258946e-06,0.44938803911444963,3.6079936241371223e+18,3.6079936241371704e+18,1.5357919101745596e+22,1.5357919101745608e+22,1.1223918128475943,0.6664515679942272
sc,100.0,0,4.985833644055812e-06,0.45325760400507387,3.6079936241371576e+18,3.6079936241371126e+18,1.5357919101745596e+22,1.5357919101745608e+22,1.122391812847594,0.6709373877948613
sc,100.0,0,5.028461071377706e-06,0.45713282467070054,3.6079936241371223e+18,3.607993624137135e+18,1.5357919101745596e+22,1.53579191017455e+22,1.122391812847594,0.6754297640916934
sc,100.0,0,5.071145634287101e-06,0.46101323948064554,3.6079936241371576e+18,3.6079936241371254e+18,1.5357919101745596e+22,1.5357919101745608e+22,1.122391812847594,0.6799281617361679
sc,100.0,0,5.113882227259372e-06,0.4648983842963066,3.6079936241371576e+18,3.607993624137148e+18,1.5357919101745596e+22,1.5357919101745717e+22,1.1223918128475943,0.684432042672407
sc,100.0,0,5.156665719599517e-06,0.4687877926908652,3.6079936241371576e+18,3.607993624137148e+18,1.5357919101745596e+22,1.5357919101745717e+22,1.1223918128475943,0.6889408661919032
sc,100.0,0,5.199490957884688e-06,0.47268099617133524,3.6079936241371223e+18,3.607993624137148e+18,1.5357919101745596e+22,1.53579191017455e+22,1.122391812847594,0.6934540891909293
sc,100.0,0,5.242352768430057e-06,0.4765775244027325,3.6079936241371223e+18,3.607993624137135e+18,1.5357919101745596e+22,1.53579191017455e+22,1.122391812847594,0.6979711664304097
sc,100.0,0,5.285245959775534e-06,0.4804769054341395,3.6079936241371576e+18,3.607993624137141e+18,1.5357919101745596e+22,1.5357919101745717e+22,1.122391812847594,0.7024915507979866
sc,100.0,0,5.3281653251908174e-06,0.48437866592643797,3.6079936241371576e+18,3.607993624137154e+18,1.5357919101745596e+22,1.5357919101745826e+22,1.1223918128475943,0.707014693572021
sc,100.0,0,5.371105645196191e-06,0.48828233138147187,3.6079936241371576e+18,3.6079936241371126e+18,1.5357919101745596e+22,1.5357919101745608e+22,1.122391812847594,0.7115400446872512
sc,100.0,0,5.414061690096534e-06,0.4921874263724122,3.6079936241371576e+18,3.607993624137141e+18,1.5357919101745596e+22,1.5357919101745717e+22,1.122391812847594,0.7160670530018451
sc,100.0,0,5.457028222525894e-06,0.49609347477508126,3.6079936241371576e+18,3.607993624137141e+18,1.5357919101745596e+22,1.5357919101745717e+22,1.1223918128475943,0.7205951665655645
sc,100.0,0,5.5e-06,0.5,3.6079936241371576e+18,3.607993624137141e+18,1.5357919101745596e+22,1.5357919101745717e+22,1.122391812847594,0.7251238328887669
sc,100.0,0,5.542971777474112e-06,0.5039065252249193,3.6079936241371576e+18,3.6079936241371254e+18,1.5357919101745596e+22,1.5357919101745608e+22,1.122391812847594,0.7296524992119701
sc,100.0,0,5.585938309903469e-06,0.5078125736275881,3.6079936241371576e+18,3.607993624137141e+18,1.5357919101745596e+22,1.5357919101745717e+22,1.1223918128475943,0.7341806127756892
sc,100.0,0,5.628894354803809e-06,0.5117176686185281,3.6079936241371576e+18,3.607993624137141e+18,1.5357919101745596e+22,1.5357919101745717e+22,1.122391812847594,0.7387076210902827
sc,100.0,0,5.671834674809185e-06,0.5156213340735623,3.6079936241371576e+18,3.6079936241371704e+18,1.5357919101745596e+22,1.5357919101745826e+22,1.1223918128475945,0.7432329722055132
sc,100.0,0,5.7147540402244655e-06,0.5195230945658605,3.6079936241371576e+18,3.607993624137141e+18,1.5357919101745596e+22,1.5357919101745717e+22,1.122391812847594,0.7477561149795473
sc,100.0,0,5.757647231569949e-06,0.5234224755972681,3.6079936241371576e+18,3.6079936241371254e+18,1.5357919101745596e+22,1.5357919101745608e+22,1.122391812847594,0.7522764993471248
sc,100.0,0,5.800509042115315e-06,0.527319003828665,3.6079936241371223e+18,3.6079936241371254e+18,1.5357919101745596e+22,1.535791910174539e+22,1.122391812847594,0.7567935765866048
sc,100.0,0,5.8433342804004825e-06,0.5312122073091348,3.6079936241371576e+18,3.607993624137154e+18,1.5357919101745596e+22,1.5357919101745826e+22,1.1223918128475943,0.7613067995856307
sc,100.0,0,5.8861177727406295e-06,0.5351016157036936,3.6079936241371223e+18,3.607993624137141e+18,1.5357919101745596e+22,1.53579191017455e+22,1.122391812847594,0.7658156231051272
sc,100.0,0,5.928854365712899e-06,0.5389867605193545,3.6079936241371223e+18,3.607993624137141e+18,1.5357919101745596e+22,1.53579191017455e+22,1.122391812847594,0.7703195040413661
sc,100.0,0,5.971538928622301e-06,0.5428671753293001,3.6079936241371576e+18,3.6079936241371704e+18,1.5357919101745596e+22,1.5357919101745826e+22,1.1223918128475945,0.7748179016858412
sc,100.0,0,6.01416635594419e-06,0.5467423959949264,3.6079936241371576e+18,3.607993624137141e+18,1.5357919101745596e+22,1.5357919101745717e+22,1.122391812847594,0.7793102779826728
sc,100.0,0,6.0567315697410535e-06,0.5506119608855503,3.6079936241371576e+18,3.607993624137141e+18,1.5357919101745596e+22,1.5357919101745717e+22,1.122391812847594,0.7837960977833065
sc,100.0,0,6.099229522051031e-06,0.5544754110955483,3.6079936241371223e+18,3.6079936241371254e+18,1.5357919101745596e+22,1.535791910174539e+22,1.122391812847594,0.7882748290982313
sc,100.0,0,6.1416551972459115e-06,0.5583322906587193,3.6079936241371576e+18,3.6079936241371254e+18,1.5357919101745596e+22,1.5357919101745608e+22,1.122391812847594,0.7927459433454825
sc,100.0,0,6.184003614356336e-06,0.5621821467596669,3.6079936241371576e+18,3.6079936241371254e+18,1.5357919101745596e+22,1.5357919101745608e+22,1.122391812847594,0.7972089155956874
sc,100.0,0,6.226269829361829e-06,0.5660245299419845,3.6079936241371576e+18,3.6079936241371254e+18,1.5357919101745596e+22,1.5357919101745608e+22,1.122391812847594,0.8016632248134048
sc,100.0,0,6.26844893744366e-06,0.56985899431306,3.6079936241371576e+18,3.607993624137141e+18,1.5357919101745596e+22,1.5357919101745717e+22,1.122391812847594,0.8061083540945476
sc,100.0,0,6.310536075198249e-06,0.5736850977452954,3.6079936241371576e+18,3.607993624137141e+18,1.5357919101745596e+22,1.5357919101745717e+22,1.1223918128475943,0.8105437908996471
sc,100.0,0,6.352526422809144e-06,0.5775024020735586,3.6079936241371576e+18,3.6079936241371254e+18,1.5357919101745596e+22,1.5357919101745608e+22,1.122391812847594,0.8149690272827502
sc,100.0,0,6.394415206175641e-06,0.5813104732886947,3.6079936241371223e+18,3.607993624137141e+18,1.5357919101745596e+22,1.53579191017455e+22,1.122391812847594,0.8193835601157493
sc,100.0,0,6.4361976989959805e-06,0.5851088817269073,3.6079936241371576e+18,3.607993624137141e+18,1.5357919101745596e+22,1.5357919101745717e+22,1.122391812847594,0.823786891307924
sc,100.0,0,6.477869224803503e-06,0.5888972022548639,3.6079936241371576e+18,3.607993624137141e+18,1.5357919101745596e+22,1.5357919101745717e+22,1.122391812847594,0.8281785280205246
sc,100.0,0,6.5194251589538055e-06,0.592675014450346,3.6079936241371223e+18,3.6079936241371126e+18,1.5357919101745596e+22,1.535791910174539e+22,1.1223918128475936,0.8325579828761935
sc,100.0,0,6.560860930561354e-06,0.5964419027783049,3.6079936241371576e+18,3.607993624137154e+18,1.5357919101745596e+22,1.5357919101745826e+22,1.1223918128475943,0.8369247741630582
sc,100.0,0,6.602172024383959e-06,0.6001974567621781,3.6079936241371576e+18,3.607993624137141e+18,1.5357919101745596e+22,1.5357919101745717e+22,1.122391812847594,0.8412784260333309
sc,100.0,0,6.643353982653513e-06,0.6039412711503194,3.6079936241371223e+18,3.6079936241371254e+18,1.5357919101745596e+22,1.535791910174539e+22,1.122391812847594,0.8456184686962448
sc,100.0,0,6.684402406851721e-06,0.6076729460774292,3.6079936241371223e+18,3.607993624137141e+18,1.5357919101745596e+22,1.53579191017455e+22,1.122391812847594,0.8499444386051919
sc,100.0,0,6.725312959429368e-06,0.6113920872208516,3.6079936241371223e+18,3.6079936241371254e+18,1.5357919101745596e+22,1.535791910174539e+22,1.122391812847594,0.8542558786389125
sc,100.0,0,6.766081365467923e-06,0.6150983059516294,3.6079936241371223e+18,3.607993624137141e+18,1.5357919101745596e+22,1.53579191017455e+22,1.122391812847594,0.8585523382766062
sc,100.0,0,6.806703414282423e-06,0.6187912194802203,3.6079936241371223e+18,3.6079936241371126e+18,1.5357919101745596e+22,1.535791910174539e+22,1.1223918128475936,0.8628333737668548
sc,100.0,0,6.847174960964395e-06,0.6224704509967632,3.6079936241371223e+18,3.6079936241371254e+18,1.5357919101745596e+22,1.535791910174539e+22,1.122391812847594,0.8670985482902267
sc,100.0,0,6.887491927864069e-06,0.6261356298058245,3.6079936241371576e+18,3.607993624137154e+18,1.5357919101745596e+22,1.5357919101745826e+22,1.1223918128475943,0.8713474321154826
sc,100.0,0,6.92765030601084e-06,0.629786391455531,3.6079936241371576e+18,3.607993624137141e+18,1.5357919101745596e+22,1.5357919101745717e+22,1.122391812847594,0.8755796027492735
sc,100.0,0,6.967646156471268e-06,0.6334223778610244,3.6079936241371576e+18,3.6079936241371254e+18,1.5357919101745596e+22,1.5357919101745608e+22,1.122391812847594,0.879794645079257
sc,100.0,0,7.0074756116439974e-06,0.6370432374221816,3.6079936241371576e+18,3.607993624137154e+18,1.5357919101745596e+22,1.5357919101745826e+22,1.1223918128475943,0.8839921515105637
sc,100.0,0,7.047134876490855e-06,0.6406486251355323,3.6079936241371223e+18,3.607993624137141e+18,1.5357919101745596e+22,1.53579191017455e+22,1.122391812847594,0.8881717220955402
sc,100.0,0,7.086620229703803e-06,0.6442382027003457,3.6079936241371576e+18,3.607993624137141e+18,1.5357919101745596e+22,1.5357919101745717e+22,1.122391812847594,0.8923329646567301
sc,100.0,0,7.125928024807195e-06,0.647811638618836,3.6079936241371223e+18,3.6079936241371254e+18,1.5357919101745596e+22,1.535791910174539e+22,1.122391812847594,0.8964754949030375
sc,100.0,0,7.165054691195103e-06,0.651368608290464,3.6079936241371223e+18,3.607993624137141e+18,1.5357919101745596e+22,1.53579191017455e+22,1.122391812847594,0.9005989365390478
sc,100.0,0,7.203996735103505e-06,0.6549087941003187,3.6079936241371576e+18,3.607993624137154e+18,1.5357919101745596e+22,1.5357919101745826e+22,1.1223918128475943,0.9047029213674835
sc,100.0,0,7.242750740517112e-06,0.6584318855015556,3.6079936241371223e+18,3.607993624137154e+18,1.5357919101745596e+22,1.5357919101745608e+22,1.1223918128475943,0.9087870893847726
sc,100.0,0,7.281313370010914e-06,0.6619375790919013,3.6079936241371223e+18,3.6079936241371254e+18,1.5357919101745596e+22,1.535791910174539e+22,1.122391812847594,0.9128510888697358
sc,100.0,0,7.3196813655263815e-06,0.6654255786842165,3.6079936241371576e+18,3.607993624137141e+18,1.5357919101745596e+22,1.5357919101745717e+22,1.1223918128475943,0.9168945764653882
sc,100.0,0,7.3578515490824805e-06,0.6688955953711346,3.6079936241371576e+18,3.607993624137141e+18,1.5357919101745596e+22,1.5357919101745717e+22,1.122391812847594,0.9209172172538714
sc,100.0,0,7.3958208234218e-06,0.6723473475838,3.6079936241371576e+18,3.607993624137154e+18,1.5357919101745596e+22,1.5357919101745826e+22,1.1223918128475943,0.9249186848245466
sc,100.0,0,7.433586172591901e-06,0.6757805611447183,3.6079936241371576e+18,3.6079936241371254e+18,1.5357919101745596e+22,1.5357919101745608e+22,1.122391812847594,0.9288986613352618
sc,100.0,0,7.471144662462482e-06,0.6791949693147711,3.6079936241371576e+18,3.607993624137141e+18,1.5357919101745596e+22,1.5357919101745717e+22,1.1223918128475943,0.9328568375668532
sc,100.0,0,7.508493441178631e-06,0.6825903128344211,3.6079936241371576e+18,3.6079936241371254e+18,1.5357919101745596e+22,1.5357919101745608e+22,1.122391812847594,0.9367929129709133
sc,100.0,0,7.545629739550777e-06,0.6859663399591616,3.6079936241371576e+18,3.607993624137141e+18,1.5357919101745596e+22,1.5357919101745717e+22,1.1223918128475943,0.9407065957108854
sc,100.0,0,7.5825508713819604e-06,0.6893228064892691,3.6079936241371576e+18,3.607993624137141e+18,1.5357919101745596e+22,1.5357919101745717e+22,1.122391812847594,0.9445976026965552
sc,100.0,0,7.619254233732998e-06,0.692659475793909,3.6079936241371223e+18,3.607993624137154e+18,1.5357919101745596e+22,1.5357919101745608e+22,1.1223918128475943,0.9484656596119947
sc,100.0,0,7.655737307126428e-06,0.6959761188296754,3.6079936241371576e+18,3.607993624137141e+18,1.5357919101745596e+22,1.5357919101745717e+22,1.122391812847594,0.9523105009370554
sc,100.0,0,7.691997655689884e-06,0.6992725141536258,3.6079936241371223e+18,3.6079936241371254e+18,1.5357919101745596e+22,1.535791910174539e+22,1.122391812847594,0.9561318699624779
sc,100.0,0,7.72803292723985e-06,0.7025484479308954,3.6079936241371576e+18,3.6079936241371254e+18,1.5357919101745596e+22,1.5357919101745608e+22,1.122391812847594,0.95992951879872
sc,100.0,0,7.763840853306769e-06,0.705803713936979,3.6079936241371576e+18,3.607993624137154e+18,1.5357919101745596e+22,1.5357919101745826e+22,1.1223918128475943,0.9637032083786006
sc,100.0,0,7.799419249102351e-06,0.7090381135547592,3.6079936241371576e+18,3.607993624137141e+18,1.5357919101745596e+22,1.5357919101745717e+22,1.1223918128475943,0.967452708453856
sc,100.0,0,7.834766013430272e-06,0.7122514557663884,3.6079936241371576e+18,3.607993624137154e+18,1.5357919101745596e+22,1.5357919101745826e+22,1.1223918128475945,0.9711777975857284
sc,100.0,0,7.869879128541244e-06,0.7154435571401131,3.6079936241371576e+18,3.6079936241371704e+18,1.5357919101745596e+22,1.5357919101745826e+22,1.1223918128475945,0.9748782631296917
sc,100.0,0,7.904756659933636e-06,0.7186142418121487,3.6079936241371576e+18,3.6079936241371126e+18,1.5357919101745596e+22,1.5357919101745608e+22,1.122391812847594,0.9785539012144402
sc,100.0,0,7.939396756100872e-06,0.7217633414637157,3.6079936241371576e+18,3.607993624137141e+18,1.5357919101745596e+22,1.5357919101745717e+22,1.1223918128475943,0.9822045167152672
sc,100.0,0,7.973797648226734e-06,0.7248906952933395,3.6079936241371576e+18,3.607993624137154e+18,1.5357919101745596e+22,1.5357919101745826e+22,1.1223918128475943,0.9858299232219537
sc,100.0,0,8.007957649829948e-06,0.7279961499845407,3.6079936241371576e+18,3.607993624137154e+18,1.5357919101745596e+22,1.5357919101745826e+22,1.1223918128475943,0.9894299430013132
sc,100.0,0,8.041875156359268e-06,0.7310795596690244,3.6079936241371576e+18,3.607993624137141e+18,1.5357919101745596e+22,1.5357919101745717e+22,1.1223918128475943,0.9930044069545181
sc,100.0,0,8.075548644740435e-06,0.734140785885494,3.6079936241371576e+18,3.6079936241371254e+18,1.5357919101745596e+22,1.5357919101745608e+22,1.122391812847594,0.9965531545693551
sc,100.0,0,8.108976672876405e-06,0.7371796975342186,3.6079936241371576e+18,3.607993624137141e+18,1.5357919101745596e+22,1.5357919101745717e+22,1.1223918128475943,1.0000760338675563
sc,100.0,0,8.142157879102152e-06,0.7401961708274685,3.6079936241371223e+18,3.6079936241371254e+18,1.5357919101745596e+22,1.535791910174539e+22,1.122391812847594,1.0035729013473416
sc,100.0,0,8.175090981595591e-06,0.7431900892359629,3.6079936241371576e+18,3.6079936241371126e+18,1.5357919101745596e+22,1.5357919101745608e+22,1.122391812847594,1.007043621921339
sc,100.0,0,8.207774777745935e-06,0.7461613434314487,3.6079936241371576e+18,3.6079936241371704e+18,1.5357919101745596e+22,1.5357919101745826e+22,1.1223918128475945,1.010488068850016
sc,100.0,0,8.240208143481032e-06,0.7491098312255484,3.6079936241371576e+18,3.607993624137154e+18,1.5357919101745596e+22,1.5357919101745826e+22,1.1223918128475943,1.013906123670791
sc,100.0,0,8.272390032555152e-06,0.7520354575050139,3.6079936241371576e+18,3.607993624137141e+18,1.5357919101745596e+22,1.5357919101745717e+22,1.1223918128475943,1.017297676122975
sc,100.0,0,8.304319475798637e-06,0.7549381341635124,3.6079936241371223e+18,3.607993624137141e+18,1.5357919101745596e+22,1.53579191017455e+22,1.122391812847594,1.0206626240686936
sc,100.0,0,8.335995580331038e-06,0.7578177800300944,3.6079936241371223e+18,3.607993624137154e+18,1.5357919101745596e+22,1.5357919101745608e+22,1.1223918128475943,1.0240008734099633
sc,100.0,0,8.367417528739142e-06,0.7606743207944675,3.6079936241371223e+18,3.6079936241371254e+18,1.5357919101745596e+22,1.535791910174539e+22,1.122391812847594,1.0273123380020652
sc,100.0,0,8.398584578221425e-06,0.7635076889292205,3.6079936241371223e+18,3.6079936241371254e+18,1.5357919101745596e+22,1.535791910174539e+22,1.122391812847594,1.030596939563382
sc,100.0,0,8.429496059700524e-06,0.7663178236091386,3.6079936241371576e+18,3.607993624137141e+18,1.5357919101745596e+22,1.5357919101745717e+22,1.1223918128475943,1.0338546075818633
sc,100.0,0,8.460151376905108e-06,0.769104670627737,3.6079936241371576e+18,3.6079936241371254e+18,1.5357919101745596e+22,1.5357919101745608e+22,1.122391812847594,1.0370852792182679
sc,100.0,0,8.490550005422808e-06,0.7718681823111644,3.6079936241371576e+18,3.607993624137141e+18,1.5357919101745596e+22,1.5357919101745717e+22,1.122391812847594,1.0402888992063546
sc,100.0,0,8.520691491725621e-06,0.774608317429602,3.6079936241371223e+18,3.607993624137141e+18,1.5357919101745596e+22,1.53579191017455e+22,1.122391812847594,1.0434654197501714
sc,100.0,0,8.550575452169292e-06,0.7773250411062993,3.6079936241371223e+18,3.607993624137154e+18,1.5357919101745596e+22,1.5357919101745608e+22,1.1223918128475943,1.0466148004186044
sc,100.0,0,8.58020157196826e-06,0.7800183247243873,3.6079936241371576e+18,3.6079936241371126e+18,1.5357919101745596e+22,1.5357919101745608e+22,1.122391812847594,1.0497370080373514
sc,100.0,0,8.609569604147534e-06,0.782688145831594,3.6079936241371576e+18,3.607993624137141e+18,1.5357919101745596e+22,1.5357919101745717e+22,1.1223918128475943,1.0528320165784606
sc,100.0,0,8.638679368473076e-06,0.7853344880430069,3.6079936241371576e+18,3.6079936241371704e+18,1.5357919101745596e+22,1.5357919101745826e+22,1.1223918128475945,1.0558998070476093
sc,100.0,0,8.667530750362075e-06,0.7879573409420069,3.6079936241371576e+18,3.607993624137154e+18,1.5357919101745596e+22,1.5357919101745826e+22,1.1223918128475943,1.05894036736926
sc,100.0,0,8.69612369977458e-06,0.7905566999795073,3.6079936241371576e+18,3.607993624137141e+18,1.5357919101745596e+22,1.5357919101745717e+22,1.1223918128475943,1.0619536922698525
sc,100.0,0,8.724458230087965e-06,0.7931325663716332,3.6079936241371576e+18,3.6079936241371254e+18,1.5357919101745596e+22,1.5357919101745608e+22,1.122391812847594,1.064939783159188
sc,100.0,0,8.752534416955517e-06,0.7956849469959562,3.6079936241371576e+18,3.607993624137141e+18,1.5357919101745596e+22,1.5357919101745717e+22,1.122391812847594,1.0678986480101391
sc,100.0,0,8.78035239715068e-06,0.7982138542864254,3.6079936241371576e+18,3.607993624137141e+18,1.5357919101745596e+22,1.5357919101745717e+22,1.1223918128475943,1.0708303012368472
sc,100.0,0,8.807912367398168e-06,0.8007193061271062,3.6079936241371576e+18,3.6079936241371254e+18,1.5357919101745596e+22,1.5357919101745608e+22,1.122391812847594,1.0737347635715382
sc,100.0,0,8.835214583193402e-06,0.8032013257448547,3.6079936241371576e+18,3.6079936241371254e+18,1.5357919101745596e+22,1.5357919101745608e+22,1.122391812847594,1.0766120619401054
sc,100.0,0,8.862259357611531e-06,0.8056599416010484,3.6079936241371576e+18,3.6079936241371126e+18,1.5357919101745596e+22,1.5357919101745608e+22,1.122391812847594,1.0794622293365972
sc,100.0,0,8.889047060107317e-06,0.8080951872824834,3.607993624137196e+18,3.6079936241370516e+18,1.5357919101745596e+22,1.535791910174539e+22,1.1223918128475936,1.082285304696739
sc,100.0,0,8.91557811530719e-06,0.8105071013915627,3.6079936241372314e+18,3.607993624137039e+18,1.5357919101745596e+22,1.53579191017455e+22,1.122391812847594,1.0850813327706321
sc,100.0,0,8.941853001794646e-06,0.8128957274358769,3.607993624137266e+18,3.607993624136994e+18,1.5357919101745596e+22,1.53579191017455e+22,1.1223918128475936,1.0878503639947517
sc,100.0,0,8.967872250890245e-06,0.815261113717295,3.607993624137375e+18,3.6079936241369334e+18,1.5357919101745596e+22,1.5357919101745717e+22,1.122391812847594,1.0905924543633727
sc,100.0,0,8.99363644542737e-06,0.8176033132206699,3.607993624137481e+18,3.6079936241368177e+18,1.5357919101745596e+22,1.5357919101745608e+22,1.1223918128475936,1.0933076652995513
sc,100.0,0,9.019146218524843e-06,0.8199223835022585,3.6079936241376604e+18,3.6079936241366543e+18,1.5357919101745596e+22,1.5357919101745717e+22,1.1223918128475934,1.0959960635257757
sc,100.0,0,9.044402252357615e-06,0.8222183865779651,3.607993624137914e+18,3.607993624136376e+18,1.5357919101745596e+22,1.5357919101745608e+22,1.122391812847593,1.098657720934411
sc,100.0,0,9.069405276926494e-06,0.8244913888114995,3.6079936241382723e+18,3.6079936241360067e+18,1.5357919101745596e+22,1.5357919101745608e+22,1.1223918128475923,1.101292714458046
sc,100.0,0,9.094156068828025e-06,0.8267414608025477,3.607993624138811e+18,3.607993624135475e+18,1.5357919101745596e+22,1.5357919101745608e+22,1.1223918128475914,1.1039011259398537
sc,100.0,0,9.118655450025574e-06,0.8289686772750522,3.6079936241395994e+18,3.607993624134664e+18,1.5357919101745596e+22,1.53579191017455e+22,1.1223918128475905,1.1064830420040808
sc,100.0,0,9.142904286622484e-06,0.8311731169656804,3.607993624140785e+18,3.607993624133501e+18,1.5357919101745596e+22,1.5357919101745608e+22,1.1223918128475885,1.1090385539267522
sc,100.0,0,9.166903487638408e-06,0.8333548625125826,3.60799362414247e+18,3.6079936241318216e+18,1.5357919101745596e+22,1.5357919101745608e+22,1.1223918128475863,1.111567757506715
sc,100.0,0,9.190654003789586e-06,0.8355140003445078,3.6079936241449477e+18,3.607993624129316e+18,1.5357919101745596e+22,1.5357919101745608e+22,1.1223918128475825,1.114070752937094
sc,100.0,0,9.21415682627406e-06,0.8376506205703691,3.6079936241485015e+18,3.607993624125781e+18,1.5357919101745596e+22,1.5357919101745608e+22,1.1223918128475774,1.116547644677269
sc,100.0,0,9.237412985562645e-06,0.8397648168693314,3.607993624153597e+18,3.607993624120686e+18,1.5357919101745596e+22,1.5357919101745608e+22,1.1223918128475694,1.1189985413254606
sc,100.0,0,9.260423550196446e-06,0.8418566863814951,3.607993624160919e+18,3.6079936241133507e+18,1.5357919101745596e+22,1.53579191017455e+22,1.1223918128475587,1.1214235554920036
sc,100.0,0,9.283189625591765e-06,0.8439263295992514,3.6079936241713275e+18,3.6079936241029555e+18,1.5357919101745596e+22,1.5357919101745608e+22,1.122391812847543,1.1238228036733986
sc,100.0,0,9.30571235285309e-06,0.8459738502593718,3.607993624186152e+18,3.6079936240881505e+18,1.5357919101745596e+22,1.5357919101745717e+22,1.1223918128475212,1.1261964061272196
sc,100.0,0,9.32799290759491e-06,0.8479993552359009,3.6079936242070774e+18,3.6079936240672184e+18,1.5357919101745596e+22,1.5357919101745608e+22,1.12239181284749,1.128544486747947
sc,100.0,0,9.350032498773084e-06,0.8500029544339167,3.6079936242365814e+18,3.607993624037701e+18,1.5357919101745596e+22,1.5357919101745608e+22,1.122391812847446,1.130867172943811
sc,100.0,0,9.371832367526334e-06,0.8519847606842121,3.607993624277997e+18,3.607993623996295e+18,1.5357919101745596e+22,1.5357919101745608e+22,1.1223918128473842,1.1331645955146996
sc,100.0,0,9.393393786028557e-06,0.8539448896389596,3.607993624335929e+18,3.607993623938367e+18,1.5357919101745596e+22,1.5357919101745608e+22,1.122391812847298,1.135436888531211
sc,100.0,0,9.414718056352513e-06,0.8558834596684103,3.607993624416616e+18,3.6079936238577055e+18,1.5357919101745596e+22,1.5357919101745717e+22,1.1223918128471777,1.1376841892149
sc,100.0,0,9.43580650934544e-06,0.8578005917586763,3.607993624528525e+18,3.60799362374579e+18,1.5357919101745596e+22,1.5357919101745826e+22,1.122391812847011,1.1399066378197864
sc,100.0,0,9.456660503517164e-06,0.8596964094106513,3.6079936246832916e+18,3.60799362359103e+18,1.5357919101745596e+22,1.5357919101745826e+22,1.1223918128467805,1.14210437751518
sc,100.0,0,9.477281423941145e-06,0.8615710385401041,3.607993624896454e+18,3.607993623377905e+18,1.5357919101745596e+22,1.5357919101745935e+22,1.1223918128464634,1.1442775542698673
sc,100.0,0,9.497670681168985e-06,0.8634246073789986,3.6079936251889075e+18,3.6079936230854815e+18,1.5357919101745596e+22,1.5357919101746044e+22,1.1223918128460277,1.1464263167377207
sc,100.0,0,9.517829710158777e-06,0.8652572463780707,3.6079936255886003e+18,3.6079936226857784e+18,1.5357919101745596e+22,1.5357919101746044e+22,1.122391812845432,1.1485508161447688
sc,100.0,0,9.537759969217746e-06,0.8670690881107043,3.607993626133049e+18,3.607993622141391e+18,1.5357919101745596e+22,1.5357919101746263e+22,1.1223918128446213,1.1506512061777723
sc,100.0,0,9.557462938959565e-06,0.8688602671781422,3.607993626871744e+18,3.6079936214027505e+18,1.5357919101745596e+22,1.535791910174648e+22,1.1223918128435209,1.1527276428743496
sc,100.0,0,9.576940121276638e-06,0.870630920116058,3.607993627870404e+18,3.607993620404193e+18,1.5357919101745596e+22,1.5357919101746917e+22,1.1223918128420338,1.1547802845146866
sc,100.0,0,9.596193038327769e-06,0.8723811853025245,3.6079936292156416e+18,3.6079936190591217e+18,1.5357919101745596e+22,1.535791910174768e+22,1.1223918128400305,1.1568092915148673
sc,100.0,0,9.61522323154144e-06,0.8741112028674036,3.6079936310211963e+18,3.6079936172537405e+18,1.5357919101745596e+22,1.5357919101748337e+22,1.1223918128373414,1.1588148263218585
sc,100.0,0,9.634032260634972e-06,0.8758211146031794,3.607993633435838e+18,3.607993614839307e+18,1.5357919101745596e+22,1.535791910174921e+22,1.122391812833745,1.1607970533101737
sc,100.0,0,9.652621702649905e-06,0.8775110638772642,3.607993636653676e+18,3.6079936116217897e+18,1.5357919101745596e+22,1.5357919101750627e+22,1.1223918128289527,1.1627561386802554
sc,100.0,0,9.67099315100368e-06,0.879181195545789,3.607993640926666e+18,3.607993607349209e+18,1.5357919101745596e+22,1.5357919101752374e+22,1.1223918128225887,1.1646922503585864
sc,100.0,0,9.689148214557948e-06,0.8808316558689044,3.607993646580934e+18,3.6079936016954767e+18,1.5357919101745596e+22,1.5357919101754666e+22,1.1223918128141677,1.1666055578995667
sc,100.0,0,9.707088516703606e-06,0.8824625924276005,3.6079936540370156e+18,3.6079935942400845e+18,1.5357919101745596e+22,1.535791910175761e+22,1.122391812803063,1.1684962323891688
sc,100.0,0,9.724815694462743e-06,0.8840741540420676,3.6079936638351724e+18,3.6079935844428636e+18,1.5357919101745596e+22,1.535791910176154e+22,1.1223918127884702,1.1703644463503982
sc,100.0,0,9.742331397607624e-06,0.8856664906916023,3.607993676666893e+18,3.60799357161239e+18,1.5357919101745596e+22,1.5357919101766886e+22,1.1223918127693595,1.1722103736505702
sc,100.0,0,9.759637287796798e-06,0.8872397534360725,3.6079936934143713e+18,3.60799355486653e+18,1.5357919101745596e+22,1.5357919101773763e+22,1.122391812744417,1.174034189410428
sc,100.0,0,9.776735037728463e-06,0.8887940943389513,3.6079937151988076e+18,3.607993533084165e+18,1.5357919101745596e+22,1.53579191017826e+22,1.1223918127119725,1.1758360699151118
sc,100.0,0,9.793626330311123e-06,0.8903296663919203,3.6079937434402386e+18,3.6079935048454016e+18,1.5357919101745596e+22,1.535791910179395e+22,1.1223918126699113,1.1776161925269968
sc,100.0,0,9.810312857851599e-06,0.8918466234410545,3.60799377993122e+18,3.6079934683579387e+18,1.5357919101745596e+22,1.53579191018089e+22,1.1223918126155643,1.1793747356004178
sc,100.0,0,9.826796321260428e-06,0.8933451201145843,3.607993826926174e+18,3.607993421367424e+18,1.5357919101745596e+22,1.5357919101827779e+22,1.1223918125455723,1.1811118783982886
sc,100.0,0,9.843078429274643e-06,0.8948253117522403,3.607993887251253e+18,3.607993361048095e+18,1.5357919101745596e+22,1.5357919101852221e+22,1.1223918124557282,1.1828278010106337
sc,100.0,0,9.859160897697999e-06,0.8962873543361817,3.607993964436905e+18,3.607993283869846e+18,1.5357919101745596e+22,1.535791910188376e+22,1.1223918123407728,1.1845226842750523
sc,100.0,0,9.875045448658508e-06,0.8977314044235007,3.607994062878554e+18,3.60799318543755e+18,1.5357919101745596e+22,1.535791910192348e+22,1.1223918121941594,1.1861967096991202
sc,100.0,0,9.890733809883394e-06,0.8991576190803086,3.607994188030517e+18,3.6079930602975555e+18,1.5357919101745596e+22,1.5357919101974114e+22,1.122391812007766,1.187850059384758
sc,100.0,0,9.906227713991289e-06,0.9005661558173899,3.607994346638259e+18,3.6079929017049953e+18,1.5357919101745596e+22,1.5357919102038608e+22,1.1223918117715457,1.1894829159545737
sc,100.0,0,9.921528897801673e-06,0.9019571725274248,3.6079945470168986e+18,3.607992701345521e+18,1.5357919101745596e+22,1.5357919102119795e+22,1.1223918114731142,1.1910954624802088
sc,100.0,0,9.9366391016615e-06,0.9033308274237727,3.607994799382793e+18,3.60799244900382e+18,1.5357919101745596e+22,1.5357919102222046e+22,1.1223918110972564,1.1926878824127065
sc,100.0,0,9.951560068788844e-06,0.904687278980804,3.6079951162479795e+18,3.607992132169103e+18,1.5357919101745596e+22,1.5357919102350813e+22,1.1223918106253377,1.19426035951493
sc,100.0,0,9.966293544633558e-06,0.906026685875778,3.607995512886579e+18,3.6079917355686687e+18,1.5357919101745596e+22,1.5357919102511662e+22,1.1223918100346093,1.1958130777960616
sc,100.0,0,9.980841276254737e-06,0.9073492069322489,3.6079960078855173e+18,3.6079912406174915e+18,1.5357919101745596e+22,1.5357919102712452e+22,1.1223918092973897,1.1973462214482133
sc,100.0,0,9.995205011714939e-06,0.9086550010649945,3.6079966237918013e+18,3.607990624770801e+18,1.5357919101745596e+22,1.5357919102962346e+22,1.1223918083800986,1.1988599747851914
sc,100.0,0,1.0009386499490995e-05,0.9099442272264542,3.607997387870888e+18,3.6079898607659955e+18,1.5357919101745596e+22,1.535791910327226e+22,1.122391807242129,1.2003545221834564
sc,100.0,0,1.0023387487901238e-05,0.911217044354658,3.6079983329918925e+18,3.6079889157373476e+18,1.5357919101745596e+22,1.535791910365605e+22,1.122391805834529,1.201830048025327
sc,100.0,0,1.0037209724549056e-05,0.9124736113226415,3.6079994986580746e+18,3.6079877501857116e+18,1.5357919101745596e+22,1.5357919104129107e+22,1.1223918040984646,1.2032867366444866
sc,100.0,0,1.005085495578256e-05,0.9137140868893237,3.6080009322016855e+18,3.6079863167839985e+18,1.5357919101745596e+22,1.535791910471074e+22,1.1223918019634436,1.2047247722738503
sc,100.0,0,1.0064324926170204e-05,0.9149386296518368,3.6080026901646305e+18,3.607984558996696e+18,1.5357919101745596e+22,1.5357919105424525e+22,1.122391799345258,1.206144338995863
sc,100.0,0,1.0077621377992197e-05,0.9161473979992907,3.6080048398892165e+18,3.6079824094891935e+18,1.5357919101745596e+22,1.5357919106297085e+22,1.1223917961436143,1.2075456206953075
sc,100.0,0,1.009074605074749e-05,0.9173405500679536,3.608007461344215e+18,3.607979788302424e+18,1.5357919101745596e+22,1.5357919107361377e+22,1.122391792239416,1.2089288010147006
sc,100.0,0,1.0103700680676184e-05,0.918518243697835,3.608010649214339e+18,3.607976600763616e+18,1.5357919101745596e+22,1.5357919108655594e+22,1.122391787491651,1.2102940633123784
sc,100.0,0,1.0116487000297136e-05,0.9196806363906487,3.608014515283465e+18,3.607972735103864e+18,1.5357919101745596e+22,1.535791911022524e+22,1.1223917817338431,1.2116415906233622
sc,100.0,0,1.012910673796053e-05,0.9208278852691392,3.6080191911434e+18,3.6079680597501527e+18,1.5357919101745596e+22,1.535791911212379e+22,1.1223917747700192,1.2129715656231173
sc,100.0,0,1.0141561617415305e-05,0.921960147037755,3.6080248312635433e+18,3.6079624202568284e+18,1.5357919101745596e+22,1.5357919114414208e+22,1.1223917663701384,1.2142841705943273
sc,100.0,0,1.0153853357391072e-05,0.923077577944643,3.60803161645717e+18,3.607955635840625e+18,1.5357919101745596e+22,1.5357919117169494e+22,1.1223917562649315,1.2155795873967972
sc,100.0,0,1.0165983671194466e-05,0.9241803337449515,3.608039757784e+18,3.6079474954803476e+18,1.5357919101745596e+22,1.535791912047575e+22,1.1223917441400935,1.2168579974406317
sc,100.0,0,1.0177954266319582e-05,0.9252685696654166,3.6080495009292636e+18,3.60793775354013e+18,1.5357919101745596e+22,1.5357919124432825e+22,1.1223917296297623,1.2181195816628183
sc,100.0,0,1.0189766844072332e-05,0.9263424403702121,3.6080611311017595e+18,3.607926124875119e+18,1.5357919101745596e+22,1.5357919129156828e+22,1.122391712309233,1.2193645205073675
sc,100.0,0,1.020142309920849e-05,0.9274020999280446,3.60807497849517e+18,3.6079122793743493e+18,1.5357919101745596e+22,1.5357919134781547e+22,1.122391691686828,1.220592993909166
sc,100.0,0,1.0212924719585172e-05,0.9284477017804702,3.6080914243580616e+18,3.607895835897481e+18,1.5357919101745596e+22,1.535791914146248e+22,1.1223916671948695,1.2218051812816941
sc,100.0,0,1.0224273385825546e-05,0.9294793987114133,3.608110907718988e+18,3.6078763555573335e+18,1.5357919101745596e+22,1.5357919149377504e+22,1.1223916381796755,1.2230012615087775
sc,100.0,0,1.0235470770996504e-05,0.930497342817864,3.608133932814158e+18,3.6078533343035284e+18,1.5357919101745596e+22,1.5357919158732428e+22,1.1223916038905177,1.2241814129405328
sc,100.0,0,1.0246518540299081e-05,0.9315016854817346,3.608161077264813e+18,3.6078261947590246e+18,1.5357919101745596e+22,1.5357919169761866e+22,1.1223915634674644,1.2253458133936754
sc,100.0,0,1.0257418350771382e-05,0.932492577342853,3.6081930010523525e+18,3.607794277264294e+18,1.5357919101745596e+22,1.5357919182734597e+22,1.1223915159280484,1.2264946401563548
sc,100.0,0,1.0268171851003767e-05,0.9334701682730697,3.6082304563378263e+18,3.607756830082371e+18,1.5357919101745596e+22,1.5357919197956384e+22,1.1223914601526852,1.2276280699976805
sc,100.0,0,1.0278780680866053e-05,0.9344346073514593,3.608274298171893e+18,3.6077129987215754e+18,1.5357919101745596e+22,1.5357919215775335e+22,1.122391394868777,1.2287462791820956
sc,100.0,0,1.0289246471246506e-05,0.9353860428405916,3.60832549613929e+18,3.6076618143335163e+18,1.5357919101745596e+22,1.5357919236586702e+22,1.1223913186334493,1.2298494434887512
sc,100.0,0,1.029957084380237e-05,0.9363246221638519,3.6083851469800366e+18,3.6076021811467377e+18,1.5357919101745596e+22,1.5357919260836914e+22,1.1223912298148453,1.2309377382360187
sc,100.0,0,1.030975541072169e-05,0.9372504918837901,3.608454488226614e+18,3.6075328629009756e+18,1.5357919101745596e+22,1.5357919289030667e+22,1.1223911265719457,1.2320113383112772
sc,100.0,0,1.0319801774496192e-05,0.938163797681472,3.6085349128926833e+18,3.6074524682500654e+18,1.5357919101745596e+22,1.5357919321735521e+22,1.1223910068328546,1.233070418206082
sc,100.0,0,1.0329711527704998e-05,0.939064684336818,3.608627985245316e+18,3.607359435107462e+18,1.5357919101745596e+22,1.5357919359590294e+22,1.1223908682715185,1.2341151520568223
sc,100.0,0,1.03394862528089e-05,0.9399532957099002,3.608735457686924e+18,3.607252013914274e+18,1.5357919101745596e+22,1.5357919403309856e+22,1.1223907082828506,1.2351457136909316
sc,100.0,0,1.0349127521954981e-05,0.9408297747231802,3.6088592887687516e+18,3.6071282498170035e+18,1.5357919101745596e+22,1.5357919453695076e+22,1.1223905239562462,1.2361622766787157
sc,100.0,0,1.0358636896791337e-05,0.941694263344667,3.609001662350544e+18,3.6069859637492705e+18,1.5357919101745596e+22,1.53579195116387e+22,1.1223903120474794,1.237165014390821
sc,100.0,0,1.0368015928291665e-05,0.9425469025719695,3.609165007915094e+18,3.6068227324218465e+18,1.5357919101745596e+22,1.5357919578135074e+22,1.1223900689489936,1.2381541000613385
sc,100.0,0,1.0377266156589495e-05,0.9433878324172269,3.609352022038027e+18,3.606635867234994e+18,1.5357919101745596e+22,1.5357919654289737e+22,1.122389790658613,1.2391297068565137
sc,100.0,0,1.0386389110821806e-05,0.9442171918928914,3.6095656910056817e+18,3.606422392137638e+18,1.5357919101745596e+22,1.535791974132816e+22,1.1223894727467145,1.2400920079489872
sc,100.0,0,1.0395386308981809e-05,0.9450351189983464,3.609809314565396e+18,3.6061790204703887e+18,1.5357919101745596e+22,1.5357919840606104e+22,1.1223891103219208,1.2410411765974658
sc,100.0,0,1.0404259257780694e-05,0.9458417507073358,3.610086530782931e+18,3.605902130843189e+18,1.5357919101745596e+22,1.5357919953622179e+22,1.1223886979954047,1.2419773862316685
sc,100.0,0,1.0413009452518051e-05,0.9466372229561866,3.6104013419724396e+18,3.6055877421108157e+18,1.5357919101745596e+22,1.5357920082026788e+22,1.1223882298439,1.2429008105423671
sc,100.0,0,1.0421638376960825e-05,0.9474216706328022,3.610758141654766e+18,3.605231487526847e+18,1.5357919101745596e+22,1.5357920227636743e+22,1.122387699371556,1.243811623576276
sc,100.0,0,1.0430147503230494e-05,0.9481952275664085,3.611161742489411e+18,3.604828588170515e+18,1.5357919101745596e+22,1.535792039244706e+22,1.1223870994707867,1.2447099998355238
sc,100.0,0,1.0438538291698319e-05,0.9489580265180291,3.611617405115023e+18,3.604373825760343e+18,1.5357919101745596e+22,1.5357920578644054e+22,1.122386422382301,1.2455961143813654
sc,100.0,0,1.044681219088843e-05,0.9497101991716755,3.6121308678233876e+18,3.6038615149848023e+18,1.5357919101745596e+22,1.535792078862159e+22,1.1223856596545247,1.2464701429417702
sc,100.0,0,1.0454970637388493e-05,0.9504518761262266,3.612708376981265e+18,3.603285475499047e+18,1.5357919101745596e+22,1.5357921024993965e+22,1.1223848021026566,1.2473322620224507
sc,100.0,0,1.0463015055767816e-05,0.9511831868879833,3.6133567181041065e+18,3.6026390037582797e+18,1.5357919101745596e+22,1.53579212906137e+22,1.1223838397676393,1.2481826490208643
sc,100.0,0,1.0470946858502635e-05,0.951904259863876,3.614083247475901e+18,3.6019148448759434e+18,1.5357919101745596e+22,1.5357921588587138e+22,1.122382761875346,1.249021482342656
sc,100.0,0,1.0478767445908384e-05,0.9526152223553077,3.6148959242003226e+18,3.6011051647178936e+18,1.5357919101745596e+22,1.5357921922293103e+22,1.1223815567963362,1.2498489415199743
sc,100.0,0,1.0486478206078759e-05,0.9533162005526145,3.61580334255881e+18,3.6002015224633226e+18,1.5357919101745596e+22,1.535792229540157e+22,1.1223802120065542,1.2506652073310387
sc,100.0,0,1.0494080514831359e-05,0.9540073195301236,3.6168147645429765e+18,3.5991948438857953e+18,1.5357919101745596e+22,1.5357922711893185e+22,1.1223787140493873,1.251470461920286
sc,100.0,0,1.0501575735659735e-05,0.9546887032417941,3.617940152421909e+18,3.598075395628679e+18,1.5357919101745596e+22,1.5357923176081212e+22,1.1223770484995408,1.2522648889183945
sc,100.0,0,1.0508965219691605e-05,0.9553604745174187,3.6191902011974595e+18,3.596832760769848e+18,1.5357919101745596e+22,1.5357923692633353e+22,1.1223751999292118,1.253048673561424
sc,100.0,0,1.05162503056531e-05,0.9560227550593727,3.6205763707955246e+18,3.5954558159933706e+18,1.5357919101745596e+22,1.5357924266596956e+22,1.1223731518770974,1.2538220028082863
sc,100.0,0,1.052343231983881e-05,0.9566756654398918,3.622110917836812e+18,3.5939327107033405e+18,1.5357919101745596e+22,1.535792490342367e+22,1.122370886820793,1.2545850654557238
sc,100.0,0,1.0530512576087475e-05,0.9573193250988613,3.62380692682715e+18,3.5922508484365834e+18,1.5357919101745596e+22,1.5357925608997616e+22,1.1223683861531792,1.2553380522499333
sc,100.0,0,1.0537492375763123e-05,0.9579538523421021,3.62567834060605e+18,3.5903968709467904e+18,1.5357919101745596e+22,1.535792638966527e+22,1.1223656301634275,1.256081155993961
sc,100.0,0,1.0544373007741478e-05,0.9585793643401344,3.6277399898906225e+18,3.5883566453502095e+18,1.5357919101745596e+22,1.5357927252267125e+22,1.1223625980232856,1.2568145716499604
sc,100.0,0,1.055115574840148e-05,0.9591959771274073,3.630007621754331e+18,3.5861152547350195e+18,1.5357919101745596e+22,1.5357928204173253e+22,1.1223592677793262,1.2575384964354002
sc,100.0,0,1.0557841861621727e-05,0.9598038056019753,3.6324979268813363e+18,3.583656992649068e+18,1.5357919101745596e+22,1.5357929253320415e+22,1.1223556163518698,1.2582531299122899
sc,100.0,0,1.0564432598781674e-05,0.9604029635256067,3.635228565441652e+18,3.5809653618875387e+18,1.5357919101745596e+22,1.5357930408252877e+22,1.1223516195413124,1.2589586740684942
sc,100.0,0,1.057092919876744e-05,0.9609935635243128,3.638218191438349e+18,3.578023078006985e+18,1.5357919101745596e+22,1.535793167816812e+22,1.1223472520425966,1.259655333390206
sc,100.0,0,1.0577332887982049e-05,0.9615757170892771,3.6414864753844035e+18,3.57481207799042e+18,1.5357919101745596e+22,1.5357933072964441e+22,1.1223424874685697,1.2603433149246615
sc,100.0,0,1.0583644880359935e-05,0.962149534578176,3.645054125176425e+18,3.571313534485863e+18,1.5357919101745596e+22,1.5357934603295607e+22,1.1223372983829791,1.26102282833219
sc,100.0,0,1.0589866377385603e-05,0.9627151252168731,3.648942905041941e+18,3.5675078760271995e+18,1.5357919101745596e+22,1.5357936280629028e+22,1.122331656343835,1.2616940859267278
sc,100.0,0,1.059599856811622e-05,0.9632725971014746,3.6531756524494444e+18,3.5633748136314685e+18,1.5357919101745596e+22,1.5357938117308936e+22,1.1223255319578538,1.262357302703939
sc,100.0,0,1.0602042629208068e-05,0.9638220572007334,3.657776292883923e+18,3.558893374143288e+18,1.5357919101745596e+22,1.535794012663028e+22,1.1223188949466696,1.263012696356148
sc,100.0,0,1.0607999724946654e-05,0.9643636113587868,3.662769852403348e+18,3.554041940665691e+18,1.5357919101745596e+22,1.5357942322913012e+22,1.1223117142254457,1.2636604872733095
sc,100.0,0,1.0613871007280374e-05,0.9648973642982158,3.668182467910903e+18,3.5487983003797105e+18,1.5357919101745596e+22,1.5357944721590626e+22,1.1223039579944791,1.2643008985293196
sc,100.0,0,1.0619657615857558e-05,0.9654234196234144,3.6740413950904986e+18,3.543139700008333e+18,1.5357919101745596e+22,1.5357947339302232e+22,1.1222955938443084,1.264934155853015
sc,100.0,0,1.0625360678066804e-05,0.965941879824255,3.6803750139753334e+18,3.5370429091256996e+18,1.5357919101745596e+22,1.5357950193997881e+22,1.1222865888747569,1.2655604875832889
sc,100.0,0,1.0630981309080423e-05,0.9664528462800386,3.6872128321358075e+18,3.530484291449182e+18,1.5357919101745596e+22,1.5357953305053474e+22,1.1222769098282521,1.2661801246078255
sc,100.0,0,1.0636520611900908e-05,0.9669564192637189,3.694585485492038e+18,3.523439884180843e+18,1.5357919101745596e+22,1.5357956693395488e+22,1.1222665232376385,1.2667933002850285
sc,100.0,0,1.0641979677410253e-05,0.9674526979463867,3.702524736779611e+18,3.515885485382907e+18,1.5357919101745596e+22,1.5357960381641553e+22,1.1222553955885821,1.2674002503488324
sc,100.0,0,1.0647359584422066e-05,0.9679417804020061,3.711063471713887e+18,3.5077967492850273e+18,1.5357919101745596e+22,1.5357964394253097e+22,1.1222434934965186,1.268001212796152
sc,100.0,0,1.0652661399736287e-05,0.9684237636123898,3.720235692921726e+18,3.499149289322652e+18,1.5357919101745596e+22,1.535796875770474e+22,1.1222307838979502,1.268596427756857
sc,100.0,0,1.0657886178196438e-05,0.9688987434724035,3.7300765117277384e+18,3.489918788605168e+18,1.5357919101745596e+22,1.5357973500670459e+22,1.1222172342557115,1.2691861373462432
sc,100.0,0,1.0663034962749275e-05,0.9693668147953887,3.7406221379045407e+18,3.4800811174009073e+18,1.5357919101745596e+22,1.5357978654230494e+22,1.1222028127776675,1.2697705855000976
sc,100.0,0,1.0668108784506744e-05,0.969828071318795,3.751909867513557e+18,3.4696124571141023e+18,1.5357919101745596e+22,1.5357984252096607e+22,1.1221874886480905,1.2703500177925662
sc,100.0,0,1.067310866281011e-05,0.97028260571001,3.7639780689839037e+18,3.4584894301125627e+18,1.5357919101745596e+22,1.5357990330865686e+22,1.1221712322708017,1.270924681237149
sc,100.0,0,1.0678035605296172e-05,0.9707305095723793,3.776866167592788e+18,3.4466892346452977e+18,1.5357919101745596e+22,1.535799693029499e+22,1.1221540155229188,1.271494824071275
sc,100.0,0,1.0682890607965472e-05,0.9711718734514065,3.790614628528344e+18,3.434189783975073e+18,1.5357919101745596e+22,1.5358004093609891e+22,1.1221358120178957,1.2720606955250224
sc,100.0,0,1.0687674655252362e-05,0.9716067868411238,3.8052649387299676e+18,3.4209698487357645e+18,1.5357919101745596e+22,1.5358011867847325e+22,1.122116597376302,1.2726225455746811
sc,100.0,0,1.0692388720096866e-05,0.9720353381906242,3.8208595877136133e+18,3.4070092014164357e+18,1.5357919101745596e+22,1.5358020304231192e+22,1.1220963495026157,1.2731806246819648
sc,100.0,0,1.0697033764018233e-05,0.9724576149107484,3.8374420476024095e+18,3.39228876177554e+18,1.5357919101745596e+22,1.5358029458595924e+22,1.122075048866117,1.273735183519806
sc,100.0,0,1.0701610737190086e-05,0.9728737033809168,3.8550567525888236e+18,3.3767907418994304e+18,1.5357919101745596e+22,1.5358039391858476e+22,1.122052678783799,1.2742864726857792
sc,100.0,0,1.0706120578517071e-05,0.9732836889560974,3.8737490780635617e+18,3.3604987895430205e+18,1.5357919101745596e+22,1.5358050170545017e+22,1.1220292257030535,1.2748347424043018
sc,100.0,0,1.0710564215712944e-05,0.973687655973904,3.893565319648684e+18,3.343398128332691e+18,1.5357919101745596e+22,1.5358061867384621e+22,1.122004679481775,1.2753802422188738
sc,100.0,0,1.0714942565379982e-05,0.9740856877618166,3.914552672374537e+18,3.3254756933693184e+18,1.5357919101745596e+22,1.5358074561978608e+22,1.1219790336634117,1.275923220675708
sc,100.0,0,1.0719256533089662e-05,0.9744778666445147,3.936759210238661e+18,3.306720260749243e+18,1.5357919101745596e+22,1.5358088341557835e+22,1.1219522857444295,1.2764639250001872
sc,100.0,0,1.0723507013464508e-05,0.9748642739513189,3.96023386638121e+18,3.2871225695221796e+18,1.5357919101745596e+22,1.5358103301846955e+22,1.1219244374316122,1.2770026007676638
sc,100.0,0,1.0727694890261048e-05,0.9752449900237316,3.985026414104552e+18,3.266675434630032e+18,1.5357919101745596e+22,1.5358119548047327e+22,1.1218954948866215,1.2775394915701834
sc,100.0,0,1.0731821036453796e-05,0.9756200942230724,4.0111874489578947e+18,3.2453738494196654e+18,1.5357919101745596e+22,1.535813719596942e+22,1.1218654689552827,1.2780748386807663
sc,100.0,0,1.0735886314320188e-05,0.9759896649381989,4.0387683720943667e+18,3.223215076397635e+18,1.5357919101745596e+22,1.5358156373337592e+22,1.1218343753791373,1.2786088807169136
sc,100.0,0,1.0739891575526403e-05,0.9763537795933094,4.0678213750990413e+18,3.2001987249903416e+18,1.5357919101745596e+22,1.5358177221301565e+22,1.1218022349869232,1.2791418533050458
sc,100.0,0,1.0743837661213997e-05,0.9767125146558179,4.0983994264690376e+18,3.176326815197611e+18,1.5357919101745596e+22,1.5358199896196432e+22,1.1217690738638069,1.2796739887475728
sc,100.0,0,1.07477254020873e-05,0.9770659456442999,4.130556259914629e+18,3.1516038261686226e+18,1.5357919101745596e+22,1.5358224571600743e+22,1.1217349234963967,1.2802055156943115
sc,100.0,0,1.0751555618501495e-05,0.9774141471364997,4.164346364633149e+18,3.1260367288933883e+18,1.5357919101745596e+22,1.5358251440755102e+22,1.1216998208917996,1.2807366588199312
sc,100.0,0,1.0755329120551326e-05,0.9777571927773933,4.1998249776921155e+18,3.099635002382525e+18,1.5357919101745596e+22,1.5358280719411903e+22,1.1216638086692705,1.2812676385090795
sc,100.0,0,1.0759046708160368e-05,0.9780951552873063,4.2370480786441057e+18,3.072410632901898e+18,1.5357919101745596e+22,1.5358312649210062e+22,1.1216269351233037,1.2817986705507995
sc,100.0,0,1.0762709171170821e-05,0.9784281064700746,4.2760723864795356e+18,3.0443780960344735e+18,1.5357919101745596e+22,1.5358347501682622e+22,1.1215892542573682,1.2823299658437701
sc,100.0,0,1.076631728943374e-05,0.9787561172212491,4.316955359014889e+18,3.015554321550118e+18,1.5357919101745596e+22,1.53583855830307e+22,1.1215508257878433,1.2828617301138416
sc,100.0,0,1.0769871832899693e-05,0.9790792575363358,4.3597551948012795e+18,2.9859586412807516e+18,1.5357919101745596e+22,1.5358427239829601e+22,1.1215117151181129,1.2833941636452322
sc,100.0,0,1.0773373561709743e-05,0.9793975965190677,4.4045308376333256e+18,2.9556127204074373e+18,1.5357919101745596e+22,1.5358472865856207e+22,1.121471993283168,1.2839274610266647
sc,100.0,0,1.077682322628674e-05,0.9797112023897037,4.451341983737363e+18,2.924540472774383e+18,1.5357919101745596e+22,1.5358522910291171e+22,1.1214317368655082,1.2844618109135997
sc,100.0,0,1.0780221567426868e-05,0.9800201424933517,4.50024909171879e+18,2.89276796104007e+18,1.5357919101745596e+22,1.535857788757317e+22,1.121391027883547,1.2849973958076029
sc,100.0,0,1.07835693163914e-05,0.9803244833083091,4.5513133953590456e+18,2.8603232826610273e+18,1.5357919101745596e+22,1.5358638389272787e+22,1.1213499536541838,1.2855343918537623
sc,100.0,0,1.0786867194998597e-05,0.980624290454418,4.6045969193661875e+18,2.827236442871235e+18,1.5357919101745596e+22,1.5358705098409965e+22,1.121308606631654,1.2860729686569223
sc,100.0,0,1.0790115915715747e-05,0.9809196287014316,4.660162498209638e+18,2.7935392159671516e+18,1.5357919101745596e+22,1.5358778806743991e+22,1.1212670842252204,1.286613289117381
sc,100.0,0,1.0793316181751259e-05,0.9812105619773872,4.718073798198055e+18,2.7592649963404426e+18,1.5357919101745596e+22,1.535886043567813e+22,1.121225488598767,1.2871555092865388
sc,100.0,0,1.0796468687146801e-05,0.981497153376982,4.778395343005047e+18,2.724448640802027e+18,1.5357919101745596e+22,1.5358951061557814e+22,1.1211839264558243,1.2876997782428579
sc,100.0,0,1.0799574116869445e-05,0.9817794651699496,4.841192542900848e+18,2.689126303824932e+18,1.5357919101745596e+22,1.5359051946310769e+22,1.1211425088140772,1.288246237988345
sc,100.0,0,1.0802633146903754e-05,0.9820575588094322,4.906531728014473e+18,2.6533352673849313e+18,1.5357919101745596e+22,1.5359164574538568e+22,1.1211013507738663,1.2887950233656347
sc,100.0,0,1.0805646444343797e-05,0.9823314949403452,4.974480186032239e+18,2.617113767074978e+18,1.5357919101745596e+22,1.5359290698187095e+22,1.1210605712853485,1.2893462619956135
sc,100.0,0,1.0808614667485075e-05,0.982601333407734,5.045106204822878e+18,2.5805008160203003e+18,1.5357919101745596e+22,1.5359432389174005e+22,1.121020292917687,1.2899000742354105
sc,100.0,0,1.0811538465916265e-05,0.982867133265115,5.118479120524691e+18,2.5435360274740685e+18,1.5357919101745596e+22,1.5359592096486526e+22,1.1209806416265522,1.2904565731564397
sc,100.0,0,1.0814418480610833e-05,0.9831289527828031,5.194669371477092e+18,2.506259434712743e+18,1.5357919101745596e+22,1.5359772689525107e+22,1.1209417464890987,1.291015864542098
sc,100.0,0,1.081725534401841e-05,0.9833868494562192,5.273748557455117e+18,2.468711299701169e+18,1.5357919101745596e+22,1.5359977420315905e+22,1.120903739285338,1.291578046904612
sc,100.0,0,1.0820049680155946e-05,0.9836408800141769,5.355789500222939e+18,2.4309318813739264e+18,1.5357919101745596e+22,1.53602095896555e+22,1.1208667535347459,1.2921432115205018
sc,100.0,0,1.0822802104698606e-05,0.983891100427146,5.440866290531764e+18,2.3929610801048934e+18,1.5357919101745596e+22,1.5360471299294067e+22,1.120830921861859,1.2927114424841701
sc,100.0,0,1.0825513225070368e-05,0.9841375659154881,5.529054275722713e+18,2.3548377447659325e+18,1.5357919101745596e+22,1.5360759668123206e+22,1.1207963687392237,1.2932828167794381
sc,100.0,0,1.082818364053432e-05,0.9843803309576654,5.620429861698014e+18,2.3165981447771704e+18,1.5357919101745596e+22,1.5361056605802355e+22,1.1207631915184224,1.2938574043696907
sc,100.0,0,1.0830813942282604e-05,0.9846194492984186,5.715069811146798e+18,2.2782725473723643e+18,1.5357919101745596e+22,1.5361303494242307e+22,1.1207314141034077,1.294435268309277
sc,100.0,0,1.083340471352602e-05,0.9848549739569109,5.813049297964929e+18,2.2398778350147653e+18,1.5357919101745596e+22,1.536134315761279e+22,1.1207008815052109,1.2950164648829094
sc,100.0,0,1.0835956529583215e-05,0.9850869572348377,5.914437121726054e+18,2.2014024862179848e+18,1.5357919101745596e+22,1.5360796103273387e+22,1.120671035960597,1.2956010437873955
sc,100.0,0,1.0838469957969498e-05,0.9853154507244999,6.019284882961309e+18,2.162777958427089e+18,1.5357919101745596e+22,1.5358814175158415e+22,1.1206404727292196,1.2961890483826104
sc,100.0,0,1.084094555848522e-05,0.9855405053168382,6.127454670319983e+18,2.1244328738406835e+18,1.5357919101745596e+22,1.5357621965758046e+22,1.1206134362821907,1.2967805160568262
sc,100.0,0,1.08433838833037e-05,0.9857621712094272,6.23894760242876e+18,2.0864108149917786e+18,1.5357919101745596e+22,1.5357199153162405e+22,1.1205900047034425,1.297375476436279
sc,100.0,0,1.0845785477058698e-05,0.9859804979144271,6.3538293742061e+18,2.0486721996555512e+18,1.5357919101745596e+22,1.5357088075052447e+22,1.1205694433492093,1.2979739514291784
sc,100.0,0,1.0848150876931413e-05,0.9861955342664921,6.472175186852591e+18,2.011213765477585e+18,1.5357919101745596e+22,1.5357104861061092e+22,1.120551516893125,1.2985759557271397
sc,100.0,0,1.0850480612736976e-05,0.9864073284306342,6.594064100363439e+18,1.9740462236684485e+18,1.5357919101745596e+22,1.5357175066873184e+22,1.120536188681821,1.2991814971970057
sc,100.0,0,1.085277520701043e-05,0.986615927910039,6.719576809032843e+18,1.9371854342682278e+18,1.5357919101745596e+22,1.5357268249345685e+22,1.1205235010628345,1.2997905772236222
sc,100.0,0,1.0855035175092196e-05,0.986821379553836,6.848794747900473e+18,1.9006488788983667e+18,1.5357919101745596e+22,1.5357371763787209e+22,1.1205135273793547,1.3004031910270304
sc,100.0,0,1.0857261025212985e-05,0.9870237295648168,6.981799718587502e+18,1.8644542241986547e+18,1.5357919101745596e+22,1.535748020726525e+22,1.1205063525228076,1.3010193279633404
sc,100.0,0,1.0859453258578164e-05,0.9872230235071058,7.118673717836978e+18,1.8286187179375227e+18,1.5357919101745596e+22,1.5357591141340271e+22,1.1205020649383366,1.30163897181311
sc,100.0,0,1.0861612369451554e-05,0.9874193063137777,7.259498844463978e+18,1.7931589213019162e+18,1.5357919101745596e+22,1.5357703349940257e+22,1.120500753255269,1.3022621010589008
sc,100.0,0,1.0863738845238655e-05,0.9876126222944233,7.404357235660857e+18,1.75809058019836e+18,1.5357919101745596e+22,1.5357816126606997e+22,1.1205025048009059,1.3028886891528475
sc,100.0,0,1.0865833166569272e-05,0.9878030151426611,7.553331013191272e+18,1.7234285567173169e+18,1.5357919101745596e+22,1.5357928981995723e+22,1.1205074048903367,1.3035187047747245
sc,100.0,0,1.0867895807379541e-05,0.9879905279435948,7.706502231707726e+18,1.6891867889390264e+18,1.5357919101745596e+22,1.5358041523827373e+22,1.1205155364425403,1.304152112080841
sc,100.0,0,1.0869927234993378e-05,0.9881752031812162,7.863952826080307e+18,1.655378266041593e+18,1.5357919101745596e+22,1.5358153407911195e+22,1.1205269797390163,1.3047888709440325
sc,100.0,0,1.0871927910203254e-05,0.9883570827457504,8.025764556481715e+18,1.6220150132086423e+18,1.5357919101745596e+22,1.5358264318537243e+22,1.1205418122494033,1.3054289371849648
sc,100.0,0,1.0873898287350402e-05,0.9885362079409457,8.192018950726591e+18,1.5891080838670676e+18,1.5357919101745596e+22,1.5358373960993819e+22,1.1205601084927583,1.306072262794969
sc,100.0,0,1.0875838814404348e-05,0.9887126194913044,8.362797243663983e+18,1.5566675580100145e+18,1.5357919101745596e+22,1.5358482059042004e+22,1.1205819399213137,1.30671879615059
sc,100.0,0,1.0877749933041825e-05,0.9888863575492568,8.538180313551268e+18,1.5247025458546435e+18,1.5357919101745596e+22,1.5358588354357501e+22,1.120607374821008,1.3073684822200395
sc,100.0,0,1.087963207872503e-05,0.9890574617022755,8.718248615391089e+18,1.4932211962838339e+18,1.5357919101745596e+22,1.535869260667964e+22,1.120636478226154,1.3080212627617365
sc,100.0,0,1.0881485680779226e-05,0.9892259709799296,8.903082111240968e+18,1.4622307096048965e+18,1.5357919101745596e+22,1.535879459415529e+22,1.1206693118468753,1.3086770765151035
sc,100.0,0,1.088331116246969e-05,0.9893919238608808,9.092760197523822e+18,1.431737354192009e+18,1.5357919101745596e+22,1.5358894113648097e+22,1.1207059340084333,1.3093358593838151
sc,100.0,0,1.0885108941077993e-05,0.9895553582798176,9.287361629375877e+18,1.4017464866009134e+18,1.5357919101745596e+22,1.5358990980937496e+22,1.1207463996017855,1.3099975446116625
sc,100.0,0,1.0886879427977617e-05,0.9897163116343288,9.486964442084055e+18,1.3722625747563873e+18,1.5357919101745596e+22,1.5359085030774407e+22,1.1207907600447695,1.310662062951224
sc,100.0,0,1.088862302870889e-05,0.9898748207917173,9.691645869674134e+18,1.3432892238269455e+18,1.5357919101745596e+22,1.5359176116789037e+22,1.1208390632533423,1.311329342825527
sc,100.0,0,1.0890340143053247e-05,0.9900309220957497,9.901482260721975e+18,1.314829204415594e+18,1.5357919101745596e+22,1.5359264111258082e+22,1.12089135362229,1.3119993104828815
sc,100.0,0,1.089203116510682e-05,0.9901846513733472,1.0116548991476705e+19,1.2868844827107955e+18,1.5357919101745596e+22,1.5359348904742978e+22,1.1209476720148526,1.31267189014509
sc,100.0,0,1.0893696483353328e-05,0.9903360439412118,1.0336920376388665e+19,1.2594562522599035e+18,1.5357919101745596e+22,1.535943040561177e+22,1.1210080557606712,1.3133470041492117
sc,100.0,0,1.089533648073631e-05,0.9904851346123917,1.056266957616024e+19,1.2325449670451057e+18,1.5357919101745596e+22,1.5359508539461369e+22,1.121072538661507,1.3140245730830928
sc,100.0,0,1.0896951534730626e-05,0.9906319577027842,1.0793868503436093e+19,1.206150375562486e+18,1.5357919101745596e+22,1.5359583248450587e+22,1.1211411510041585,1.3147045159148574
sc,100.0,0,1.0898542017413324e-05,0.990776547037575,1.1030587726275303e+19,1.1802715556247596e+18,1.5357919101745596e+22,1.5359654490563355e+22,1.1212139195800332,1.3153867501165597
sc,100.0,0,1.0900108295533774e-05,0.9909189359576158,1.127289636955422e+19,1.1549069496290386e+18,1.5357919101745596e+22,1.5359722238812176e+22,1.1212908677108357,1.3160711917822112
sc,100.0,0,1.0901650730583125e-05,0.9910591573257387,1.152086201446108e+19,1.1300544000526655e+18,1.5357919101745596e+22,1.5359786480396965e+22,1.1213720152798548,1.31675775574038
sc,100.0,0,1.0903169678863081e-05,0.9911972435330074,1.1774550596260784e+19,1.1057111849602098e+18,1.5357919101745596e+22,1.5359847215828906e+22,1.121457378768347,1.3174463556615799
sc,100.0,0,1.0904665491553973e-05,0.9913332265049066,1.2034026300519217e+19,1.0818740533261563e+18,1.5357919101745596e+22,1.535990445803612e+22,1.121546971296547,1.3181369041606514
sc,100.0,0,1.090613851478213e-05,0.9914671377074664,1.2299351457981927e+19,1.0585392599979012e+18,1.5357919101745596e+22,1.535995823145464e+22,1.1216408026688371,1.318829312894341
sc,100.0,0,1.0907589089686595e-05,0.9915990081533268,1.2570586438329547e+19,1.0357026001422597e+18,1.5357919101745596e+22,1.5360008571118567e+22,1.1217388794226573,1.3195234926542996
sc,100.0,0,1.0909017552485099e-05,0.9917288684077362,1.2847789543021328e+19,1.0133594430393288e+18,1.5357919101745596e+22,1.5360055521756068e+22,1.121841204880741,1.3202193534556865
sc,100.0,0,1.091042423453939e-05,0.99185674859449,1.3131016897473038e+19,9.915047651033203e+17,1.5357919101745596e+22,1.5360099136900262e+22,1.1219477792063006,1.3209168046216013
sc,100.0,0,1.0911809462419846e-05,0.9919826784018042,1.3420322342802672e+19,9.701331820286685e+17,1.5357919101745596e+22,1.5360139478017868e+22,1.1220585994608048,1.3216157548635306
sc,100.0,0,1.0913173557969417e-05,0.9921066870881288,1.371575732740858e+19,9.492389799741225e+17,1.5357919101745596e+22,1.5360176613664433e+22,1.1221736596640137,1.3223161123580254
sc,100.0,0,1.0914516838366856e-05,0.992228803487896,1.4017370798627994e+19,9.2881614571415e+17,1.5357919101745596e+22,1.5360210618668678e+22,1.1222929508559716,1.3230177848197773
sc,100.0,0,1.0915839616189305e-05,0.9923490560172095,1.4325209094762693e+19,9.088583956984603e+17,1.5357919101745596e+22,1.5360241573350194e+22,1.1224164611606708,1.3237206795713188
sc,100.0,0,1.091714219947416e-05,0.9924674726794691,1.4639315837734496e+19,8.893592039755107e+17,1.5357919101745596e+22,1.5360269562772825e+22,1.1225441758511296,1.3244247036095014
sc,100.0,0,1.091842489178028e-05,0.9925840810709345,1.495973182665832e+19,8.703118289458765e+17,1.5357919101745596e+22,1.5360294676037745e+22,1.1226760774156457,1.3251297636689505
sc,100.0,0,1.0919687992248514e-05,0.9926989083862285,1.528649493262679e+19,8.517093389221939e+17,1.5357919101745596e+22,1.5360317005614067e+22,1.1228121456250135,1.3258357662826752
sc,100.0,0,1.092093179566154e-05,0.9928119814237764,1.5619639994985363e+19,8.335446364828763e+17,1.5357919101745596e+22,1.536033664671147e+22,1.1229523576005072,1.3265426178399837
sc,100.0,0,1.0922156592503055e-05,0.9929233265911869,1.5959198719408013e+19,8.158104816138628e+17,1.5357919101745596e+22,1.5360353696694166e+22,1.1230966878824593,1.327250224641895
sc,100.0,0,1.092336266901628e-05,0.9930329699105709,1.6305199578059395e+19,7.984995136416672e+17,1.5357919101745596e+22,1.5360368254535263e+22,1.1232451084992723,1.327958492954181
sc,100.0,0,1.0924550307261798e-05,0.9931409370237998,1.6657667712146668e+19,7.816042719668059e+17,1.5357919101745596e+22,1.5360380420311493e+22,1.123397589036724,1.3286673290582056
sc,100.0,0,1.092571978517474e-05,0.9932472531977037,1.7016624837160147e+19,7.651172156130331e+17,1.5357919101745596e+22,1.5360390294738343e+22,1.1235540967074482,1.3293766392996984
sc,100.0,0,1.0926871376621309e-05,0.9933519433292098,1.7382089151097694e+19,7.49030741612787e+17,1.5357919101745596e+22,1.5360397978744673e+22,1.1237145964204742,1.3300863301356034
sc,100.0,0,1.0928005351454637e-05,0.9934550319504216,1.7754075245969641e+19,7.333372022534547e+17,1.5357919101745596e+22,1.5360403573082717e+22,1.12387905085073,1.3307963081791363
sc,100.0,0,1.0929121975570008e-05,0.9935565432336372,1.8132594022870587e+19,7.180289212134354e+17,1.5357919101745596e+22,1.5360407177977167e+22,1.1240474205084268,1.3315064802431635
sc,100.0,0,1.0930221510959425e-05,0.9936565009963114,1.8517652610917683e+19,7.030982086187511e+17,1.5357919101745596e+22,1.5360408892807531e+22,1.1242196638082558,1.332216753382046
sc,100.0,0,1.0931304215765523e-05,0.9937549287059567,1.890925429031635e+19,6.885373750552355e+17,1.5357919101745596e+22,1.536040881582185e+22,1.1243957371383193,1.3329270349320204
sc,100.0,0,1.0932370344334861e-05,0.9938518494849875,1.930739841984883e+19,6.743387445716259e+17,1.5357919101745596e+22,1.5360407043885972e+22,1.1245755949287644,1.3336372325502597
sc,100.0,0,1.0933420147270573e-05,0.9939472861155068,1.9712080369039876e+19,6.604946667114627e+17,1.5357919101745596e+22,1.5360403672257207e+22,1.1247591897200548,1.3343472542526902
sc,100.0,0,1.0934453871484367e-05,0.9940412610440335,2.012329145525138e+19,6.46997527612818e+17,1.5357919101745596e+22,1.5360398794389398e+22,1.1249464722308484,1.3350570084506448
sc,100.0,0,1.0935471760247933e-05,0.9941337963861758,2.054101888597348e+19,6.338397602145868e+17,1.5357919101745596e+22,1.5360392501762674e+22,1.1251373914254545,1.3357664039864723
sc,100.0,0,1.0936474053243696e-05,0.9942249139312452,2.0965245706521706e+19,6.210138536100247e+17,1.5357919101745596e+22,1.5360384883736793e+22,1.125331894580832,1.3364753501681363
sc,100.0,0,1.0937460986614977e-05,0.9943146351468162,2.1395950753386148e+19,6.085123615868453e+17,1.5357919101745596e+22,1.5360376027427845e+22,1.1255299273531179,1.3371837568029115
sc,100.0,0,1.0938432793015513e-05,0.9944029811832285,2.183310861342205e+19,5.963279103942308e+17,1.5357919101745596e+22,1.536036601760428e+22,1.1257314338436568,1.3378915342302133
sc,100.0,0,1.0939389701658392e-05,0.9944899728780356,2.2276689589095494e+19,5.844532057757915e+17,1.5357919101745596e+22,1.5360354936604007e+22,1.1259363566645275,1.3385985933536424
sc,100.0,0,1.0940331938364382e-05,0.9945756307603985,2.2726659669953094e+19,5.728810393076076e+17,1.5357919101745596e+22,1.536034286426701e+22,1.126144637003548,1.3393048456722862
sc,100.0,0,1.094125972560964e-05,0.9946599750554219,2.318298051047465e+19,5.6160429407966176e+17,1.5357919101745596e+22,1.5360329877884871e+22,1.1263562146887462,1.3400102033113133
sc,100.0,0,1.0942173282572852e-05,0.9947430256884412,2.3645609414474326e+19,5.5061594975753363e+17,1.5357919101745596e+22,1.5360316052165158e+22,1.126571028252301,1.340714579051933
sc,100.0,0,1.0943072825181768e-05,0.9948248022892516,2.4114499326156993e+19,5.399090870611483e+17,1.5357919101745596e+22,1.5360301459207598e+22,1.126789014993928,1.3414178863607251
sc,100.0,0,1.0943958566159159e-05,0.9949053241962872,2.4589598827957584e+19,5.294768916955899e+17,1.5357919101745596e+22,1.5360286168493899e+22,1.1270101110437254,1.342120039418394
sc,100.0,0,1.0944830715068192e-05,0.9949846104607447,2.507085214523795e+19,5.193126577682968e+17,1.5357919101745596e+22,1.5360270246886752e+22,1.1272342514244515,1.3428209531479538
sc,100.0,0,1.0945689478357231e-05,0.9950626798506574,2.5558199157931987e+19,5.0940979072527494e+17,1.5357919101745596e+22,1.5360253758639195e+22,1.1274613701132508,1.3435205432423896
sc,100.0,0,1.0946535059404077e-05,0.9951395508549161,2.6051575419175096e+19,4.99761809838307e+17,1.5357919101745596e+22,1.5360236765412508e+22,1.1276914001028073,1.3442187261917988
sc,100.0,0,1.0947367658559627e-05,0.9952152416872388,2.6550912180955824e+19,4.903623502734055e+17,1.5357919101745596e+22,1.5360219326301078e+22,1.1279242734619281,1.3449154193100281
sc,100.0,0,1.0948187473190986e-05,0.9952897702900896,2.705613642679374e+19,4.812051647697406e+17,1.5357919101745596e+22,1.5360201497864277e+22,1.1281599213955438,1.3456105407608134
sc,100.0,0,1.0948994697724025e-05,0.9953631543385477,2.7567170911446807e+19,4.7228412495672e+17,1.5357919101745596e+22,1.536018333416411e+22,1.1283982743041296,1.3463040095834482
sc,100.0,0,1.0949789523685387e-05,0.9954354112441262,2.808393420759766e+19,4.635932223359249e+17,1.5357919101745596e+22,1.5360164886807449e+22,1.1286392618425285,1.3469957457179558
sc,100.0,0,1.0950572139743958e-05,0.9955065581585416,2.860634075948539e+19,4.551265689530299e+17,1.5357919101745596e+22,1.5360146204993513e+22,1.1288828129781767,1.3476856700297943
sc,100.0,0,1.0951342731751775e-05,0.9955766119774341,2.913430094338772e+19,4.4687839778389754e+17,1.5357919101745596e+22,1.5360127335563438e+22,1.1291288560487134,1.3483737043340638
sc,100.0,0,1.0952101482784434e-05,0.9956455893440395,2.9667721134879986e+19,4.388430628573511e+17,1.5357919101745596e+22,1.5360108323054836e+22,1.1293773188189724,1.349059771419237
sc,100.0,0,1.0952848573180955e-05,0.9957135066528141,3.020650378274994e+19,4.3101503913625274e+17,1.5357919101745596e+22,1.5360089209756933e+22,1.1296281285373426,1.3497437950703983
sc,100.0,0,1.0953584180583116e-05,0.9957803800530105,3.0750547489416913e+19,4.2338892217751443e+17,1.5357919101745596e+22,1.5360070035769508e+22,1.1298812119914767,1.3504257000919642
sc,100.0,0,1.0954308479974282e-05,0.9958462254522075,3.12997470977293e+19,4.159594275897443e+17,1.5357919101745596e+22,1.5360050839060864e+22,1.1301364955633446,1.3511054123299038
sc,100.0,0,1.0955021643717723e-05,0.9959110585197931,3.1853993783945245e+19,4.087213903071233e+17,1.5357919101745596e+22,1.5360031655531242e+22,1.1303939052836136,1.3517828586934264
sc,100.0,0,1.0955723841594418e-05,0.9959748946904017,3.2413175156711854e+19,4.01669763696188e+17,1.5357919101745596e+22,1.5360012519072105e+22,1.1306533668853338,1.352457967176127
sc,100.0,0,1.0956415240840354e-05,0.9960377491673049,3.2977175361833787e+19,3.947996185117265e+17,1.5357919101745596e+22,1.5359993461629444e+22,1.1309148058569192,1.353130666876577
sc,100.0,0,1.0957096006183349e-05,0.996099636925759,3.3545875192611045e+19,3.881061417165908e+17,1.5357919101745596e+22,1.535997451326645e+22,1.1311781474944078,1.3538008880183499
sc,100.0,0,1.0957766299879358e-05,0.9961605727163052,3.4119152205483004e+19,3.815846351797207e+17,1.5357919101745596e+22,1.5359955702224735e+22,1.1314433169529685,1.3544685619694399
sc,100.0,0,1.0958426281748313e-05,0.9962205710680284,3.46968808407504e+19,3.7523051426521e+17,1.5357919101745596e+22,1.535993705498701e+22,1.131710239297656,1.355133621261095
sc,100.0,0,1.0959076109209472e-05,0.9962796462917702,3.5278932548078383e+19,3.690393063249722e+17,1.5357919101745596e+22,1.5359918596339406e+22,1.1319788395533752,1.355795999606007
sc,100.0,0,1.09597159373163e-05,0.9963378124833001,3.5865175916514198e+19,3.630066491061812e+17,1.5357919101745596e+22,1.5359900349431953e+22,1.132249042754048,1.3564556319158725
sc,100.0,0,1.0960345918790874e-05,0.9963950835264431,3.645547680871277e+19,3.571282890842863e+17,1.5357919101745596e+22,1.53598823358384e+22,1.1325207739909526,1.3571124543182853
sc,100.0,0,1.0960966204057819e-05,0.9964514730961654,3.704969849906429e+19,3.514000797314924e+17,1.5357919101745596e+22,1.5359864575616147e+22,1.1327939584602158,1.3577664041729467
sc,100.0,0,1.0961576941277803e-05,0.9965069946616185,3.764770181542052e+19,3.4581797972976954e+17,1.5357919101745596e+22,1.5359847087365186e+22,1.1330685215094447,1.358417420087187
sc,100.0,0,1.0962178276380554e-05,0.9965616614891413,3.82493452840749e+19,3.4037805113703616e+17,1.5357919101745596e+22,1.535982988828389e+22,1.1333443886834598,1.3590654419307615
sc,100.0,0,1.0962770353097443e-05,0.9966154866452221,3.88544852776856e+19,3.350764575142986e+17,1.5357919101745596e+22,1.5359812994227409e+22,1.1336214857691282,1.3597104108499223
sc,100.0,0,1.0963353312993623e-05,0.9966684829994202,3.9462976165788434e+19,3.2990946202103866e+17,1.5357919101745596e+22,1.5359796419759733e+22,1.1338997388392555,1.3603522692807368
sc,100.0,0,1.096392729549971e-05,0.9967206632272463,4.007467046756617e+19,3.2487342548564634e+17,1.5357919101745596e+22,1.5359780178209706e+22,1.1341790742955271,1.3609909609616346
sc,100.0,0,1.0964492437943059e-05,0.9967720398130053,4.0689419006542225e+19,3.199648044568224e+17,1.5357919101745596e+22,1.5359764281722856e+22,1.1344594189104782,1.3616264309451929
sc,100.0,0,1.0965048875578585e-05,0.9968226250525987,4.130707106681706e+19,3.151801492419871e+17,1.5357919101745596e+22,1.535974874131162e+22,1.1347406998684615,1.3622586256091007
sc,100.0,0,1.0965596741619176e-05,0.9968724310562888,4.192747455054562e+19,3.1051610193749094e+17,1.5357919101745596e+22,1.5359733566904904e+22,1.1350228448056028,1.3628874926663406
sc,100.0,0,1.0966136167265675e-05,0.996921469751425,4.255047613628099e+19,3.05969394455704e+17,1.5357919101745596e+22,1.5359718767397842e+22,1.1353057818487222,1.3635129811745337
sc,100.0,0,1.0966667281736461e-05,0.9969697528851329,4.317592143784689e+19,3.01536846553114e+17,1.5357919101745596e+22,1.5359704350696894e+22,1.135589439653201,1.3641350415444669
sc,100.0,0,1.0967190212296606e-05,0.9970172920269642,4.3803655163400356e+19,2.972153638635221e+17,1.5357919101745596e+22,1.5359690323766005e+22,1.1358737474397693,1.3647536255477637
sc,100.0,0,1.0967705084286636e-05,0.9970640985715125,4.443352127435401e+19,2.930019359398006e+17,1.5357919101745596e+22,1.5359676692671037e+22,1.1361586350302175,1.3653686863237242
sc,100.0,0,1.0968212021150896e-05,0.9971101837409906,4.5065363143814775e+19,2.8889363430755635e+17,1.5357919101745596e+22,1.5359663462621574e+22,1.1364440328819903,1.3659801783852963
sc,100.0,0,1.0968711144465507e-05,0.9971555585877734,4.569902371423183e+19,2.8488761053355088e+17,1.5357919101745596e+22,1.5359650638013808e+22,1.1367298721216665,1.3665880576241929
sc,100.0,0,1.0969202573965946e-05,0.9972002339969042,4.633434565391556e+19,2.809810943115753e+17,1.5357919101745596e+22,1.5359638222467563e+22,1.137016084577303,1.3671922813151378
sc,100.0,0,1.0969686427574233e-05,0.9972442206885668,4.697117151215037e+19,2.7717139156808157e+17,1.5357919101745596e+22,1.5359626218868941e+22,1.1373026028096345,1.3677928081192505
sc,100.0,0,1.0970162821425747e-05,0.9972875292205224,4.7609343872562954e+19,2.7345588258974656e+17,1.5357919101745596e+22,1.5359614629404847e+22,1.1375893601421097,1.3683895980865501
sc,100.0,0,1.0970631869895642e-05,0.9973301699905128,4.8248705504500425e+19,2.6983202017471507e+17,1.5357919101745596e+22,1.535960345559941e+22,1.1378762906897633,1.3689826126575981
sc,100.0,0,1.0971093685624922e-05,0.9973721532386293,4.88890995121082e+19,2.6629732780930237e+17,1.5357919101745596e+22,1.5359592698350028e+22,1.1381633293869091,1.3695718146642673
sc,100.0,0,1.0971548379546137e-05,0.9974134890496489,4.953036948086543e+19,2.6284939787147475e+17,1.5357919101745596e+22,1.5359582357959662e+22,1.1384504120136545,1.3701571683296503
sc,100.0,0,1.0971996060908704e-05,0.9974541873553368,5.017235962130333e+19,2.5948588986249027e+17,1.5357919101745596e+22,1.5359572434170673e+22,1.1387374752212114,1.3707386392670908
sc,100.0,0,1.0972436837303892e-05,0.9974942579367174,5.081491490969703e+19,2.5620452866756918e+17,1.5357919101745596e+22,1.535956292619396e+22,1.1390244565560306,1.371316194478386
sc,100.0,0,1.0972870814689434e-05,0.9975337104263121,5.145788122546383e+19,2.5300310284682163e+17,1.5357919101745596e+22,1.5359553832741274e+22,1.1393112944827224,1.3718898023511046
sc,100.0,0,1.0973298097413808e-05,0.9975725543103462,5.210110548510709e+19,2.4987946295682314e+17,1.5357919101745596e+22,1.5359545152053149e+22,1.1395979284057913,1.3724594326550974
sc,100.0,0,1.0973718788240166e-05,0.9976107989309242,5.274443577245521e+19,2.4683151990380077e+17,1.5357919101745596e+22,1.53595368819263e+22,1.1398842986901645,1.3730250565381545
sc,100.0,0,1.0974132988369913e-05,0.9976484534881739,5.33877214650436e+19,2.4385724332877053e+17,1.5357919101745596e+22,1.5359529019741343e+22,1.1401703466805242,1.3735866465208442
sc,100.0,0,1.0974540797465966e-05,0.9976855270423606,5.403081335647852e+19,2.4095466002497558e+17,1.5357919101745596e+22,1.5359521562488887e+22,1.14045601471945,1.3741441764905533
sc,100.0,0,1.0974942313675674e-05,0.9977220285159705,5.467356377459052e+19,2.3812185238806915e+17,1.5357919101745596e+22,1.535951450679331e+22,1.1407412461643667,1.3746976216947195
sc,100.0,0,1.097533763365342e-05,0.9977579666957654,5.531582669529438e+19,2.353569568990014e+17,1.5357919101745596e+22,1.5359507848936785e+22,1.1410259854033178,1.3752469587333014
sc,100.0,0,1.0975726852582875e-05,0.9977933502348069,5.595745785196897e+19,2.32658162640014e+17,1.5357919101745596e+22,1.5359501584883385e+22,1.1413101778695525,1.375792165550457
sc,100.0,0,1.0976110064198969e-05,0.9978281876544517,5.6598314840302125e+19,2.3002370984344464e+17,1.5357919101745596e+22,1.5359495710299178e+22,1.1415937700549528,1.3763332214254949
sc,100.0,0,1.0976487360809517e-05,0.9978624873463197,5.72382572184832e+19,2.274518884735073e+17,1.5357919101745596e+22,1.5359490220576003e+22,1.1418767095223068,1.3768701069630858
sc,100.0,0,1.0976858833316553e-05,0.9978962575742322,5.787714660266174e+19,2.249410368407978e+17,1.5357919101745596e+22,1.5359485110848506e+22,1.1421589449164313,1.377402804082766
sc,100.0,0,1.0977224571237352e-05,0.997929506476123,5.851484675760702e+19,2.22489540249506e+17,1.5357919101745596e+22,1.5359480376016616e+22,1.142440425974167,1.3779312960077341
sc,100.0,0,1.0977584662725147e-05,0.9979622420659224,5.915122368254236e+19,2.200958296768608e+17,1.5357919101745596e+22,1.5359476010762134e+22,1.1427211035332598,1.3784555672529972
sc,100.0,0,1.097793919458954e-05,0.9979944722354128,5.9786145692068815e+19,2.17758380484813e+17,1.5357919101745596e+22,1.5359472009567392e+22,1.1430009295401302,1.3789756036128356
sc,100.0,0,1.0978288252316651e-05,0.9980262047560592,6.041948349222197e+19,2.1547571116335184e+17,1.5357919101745596e+22,1.535946836673261e+22,1.1432798570565756,1.3794913921476681
sc,100.0,0,1.097863192008893e-05,0.9980574472808119,6.105111025158411e+19,2.132463821053171e+17,1.5357919101745596e+22,1.535946507639139e+22,1.1435578402653899,1.380002921170285
sc,100.0,0,1.0978970280804725e-05,0.9980882073458841,6.168090166750085e+19,2.1106899441220618e+17,1.5357919101745596e+22,1.535946213252828e+22,1.1438348344749465,1.380510180231504
sc,100.0,0,1.0979303416097527e-05,0.9981184923725025,6.230873602738577e+19,2.089421887305765e+17,1.5357919101745596e+22,1.535945952899089e+22,1.144110796122744,1.3810131601052573
sc,100.0,0,1.097963140635498e-05,0.9981483096686347,6.293449426518655e+19,2.0686464411851504e+17,1.5357919101745596e+22,1.5359457259506706e+22,1.1443856827779606,1.3815118527731585
sc,100.0,0,1.0979954330737578e-05,0.998177666430689,6.355806001297853e+19,2.0483507694190698e+17,1.5357919101745596e+22,1.5359455317696063e+22,1.1446594531430097,1.3820062514085254
sc,100.0,0,1.0980272267197105e-05,0.9982065697451914,6.417931964780108e+19,2.028522397997462e+17,1.5357919101745596e+22,1.5359453697084374e+22,1.144932067054139,1.382496350359935
sc,100.0,0,1.0980585292494814e-05,0.9982350265904376,6.4798162333762265e+19,2.009149204781878e+17,1.5357919101745596e+22,1.535945239111577e+22,1.145203485481097,1.382982145134303
sc,100.0,0,1.0980893482219326e-05,0.9982630438381205,6.541448005947377e+19,1.9902194093272406e+17,1.5357919101745596e+22,1.5359451393165101e+22,1.1454736705258761,1.383463632379519
sc,100.0,0,1.0981196910804284e-05,0.9982906282549349,6.602816767092131e+19,1.9717215629793654e+17,1.5357919101745596e+22,1.5359450696547433e+22,1.145742585420576,1.3839408098666763
sc,100.0,0,1.0981495651545737e-05,0.9983177865041579,6.663912289981853e+19,1.9536445392437094e+17,1.5357919101745596e+22,1.5359450294531471e+22,1.1460101945243983,1.384413676471895
sc,100.0,0,1.0981789776619278e-05,0.9983445251472072,6.7247246387569025e+19,1.9359775244186314e+17,1.5357919101745596e+22,1.535945018034708e+22,1.146276463319804,1.3848822321577907
sc,100.0,0,1.098207935709693e-05,0.9983708506451754,6.7852441704921375e+19,1.9187100084887293e+17,1.5357919101745596e+22,1.5359450347197952e+22,1.1465413584078645,1.385346477954594
sc,100.0,0,1.0982364462963772e-05,0.9983967693603429,6.845461536740791e+19,1.9018317762720637e+17,1.5357919101745596e+22,1.5359450788268914e+22,1.1468048475028225,1.385806415940954
sc,100.0,0,1.0982645163134358e-05,0.9984222875576689,6.905367684672623e+19,1.8853328988151478e+17,1.5357919101745596e+22,1.5359451496734112e+22,1.1470668994259072,1.3862620492244628
sc,100.0,0,1.0982921525468846e-05,0.9984474114062588,6.964953857811453e+19,1.869203725032e+17,1.5357919101745596e+22,1.5359452465768253e+22,1.1473274840984053,1.3867133819218844
sc,100.0,0,1.0983193616788932e-05,0.998472146980812,7.024211596389433e+19,1.8534348735792707e+17,1.5357919101745596e+22,1.5359453688551835e+22,1.147586572534043,1.387160419139167
sc,100.0,0,1.0983461502893518e-05,0.9984965002630471,7.0831327373280846e+19,1.8380172249636115e+17,1.5357919101745596e+22,1.5359455158279447e+22,1.147844136830687,1.3876031669512183
sc,100.0,0,1.0983725248574186e-05,0.9985204771431079,7.1417094138624614e+19,1.8229419138744064e+17,1.5357919101745596e+22,1.5359456868167626e+22,1.148100150161412,1.3880416323815057
sc,100.0,0,1.0983984917630406e-05,0.998544083420946,7.199934054813773e+19,1.8082003217379715e+17,1.5357919101745596e+22,1.5359458811459324e+22,1.1483545867649336,1.3884758233814583
sc,100.0,0,1.0984240572884544e-05,0.9985673248076858,7.257799383534228e+19,1.7937840694863792e+17,1.5357919101745596e+22,1.5359460981434067e+22,1.148607421935466,1.3889057488097378
sc,100.0,0,1.0984492276196647e-05,0.9985902069269679,7.31529841652959e+19,1.779685010535612e+17,1.5357919101745596e+22,1.5359463371408815e+22,1.1488586320120153,1.3893314184113843
sc,100.0,0,1.0984740088478996e-05,0.9986127353162724,7.3724244617773515e+19,1.7658952239690314e+17,1.5357919101745596e+22,1.5359465974748666e+22,1.1491081943671333,1.38975284279684
sc,100.0,0,1.0984984069710465e-05,0.9986349154282241,7.429171116753214e+19,1.7524070079188755e+17,1.5357919101745596e+22,1.5359468784867502e+22,1.1493560873951756,1.390170033420915
sc,100.0,0,1.0985224278950648e-05,0.9986567526318771,7.485532266179758e+19,1.7392128731425162e+17,1.5357919101745596e+22,1.5359471795236292e+22,1.1496022905000722,1.390583002561668
sc,100.0,0,1.0985460774353792e-05,0.9986782522139812,7.541502079512958e+19,1.7263055367867274e+17,1.5357919101745596e+22,1.5359474999385701e+22,1.1498467840826594,1.3909917632992705
sc,100.0,0,1.0985693613182519e-05,0.998699419380229,7.597075008176244e+19,1.7136779163363395e+17,1.5357919101745596e+22,1.5359478390910244e+22,1.1500895495275751,1.391396329494831
sc,100.0,0,1.0985922851821332e-05,0.9987202592564848,7.652245782561643e+19,1.701323123741349e+17,1.5357919101745596e+22,1.5359481963473734e+22,1.1503305691897645,1.3917967157692253
sc,100.0,0,1.0986148545789953e-05,0.9987407768899957,7.707009408807831e+19,1.6892344597178083e+17,1.5357919101745596e+22,1.5359485710811257e+22,1.150569826380618,1.3921929374819544
sc,100.0,0,1.0986370749756428e-05,0.9987609772505843,7.761361165369175e+19,1.6774054082181898e+17,1.5357919101745596e+22,1.5359489626732319e+22,1.1508073053537589,1.3925850107100266
sc,100.0,0,1.0986589517550052e-05,0.998780865231823,7.815296599390349e+19,1.665829631066285e+17,1.5357919101745596e+22,1.5359493705125232e+22,1.151042991290509,1.3929729522268919
sc,100.0,0,1.0986804902174117e-05,0.9988004456521924,7.868811522900964e+19,1.6545009627513702e+17,1.5357919101745596e+22,1.5359497939958735e+22,1.1512768702850733,1.3933567794814703
sc,100.0,0,1.0987016955818443e-05,0.998819723256222,7.92190200884039e+19,1.6434134053781658e+17,1.5357919101745596e+22,1.5359502325283962e+22,1.1515089293294483,1.3937365105772541
sc,100.0,0,1.098722572987174e-05,0.9988387027156127,7.97456438692513e+19,1.6325611237682534e+17,1.5357919101745596e+22,1.535950685523652e+22,1.151739156298075,1.3941121642515002
sc,100.0,0,1.0987431274933787e-05,0.9988573886303442,8.026795239377658e+19,1.6219384407071546e+17,1.5357919101745596e+22,1.5359511524038226e+22,1.15196753993229,1.3944837598545785
sc,100.0,0,1.0987633640827416e-05,0.9988757855297651,8.078591396520111e+19,1.6115398323349523e+17,1.5357919101745596e+22,1.5359516325998968e+22,1.1521940698245605,1.394851317329419
sc,100.0,0,1.0987832876610338e-05,0.998893897873667,8.129949932252661e+19,1.6013599236743107e+17,1.5357919101745596e+22,1.535952125551605e+22,1.1524187364025564,1.3952148571911402
sc,100.0,0,1.0988029030586768e-05,0.9989117300533426,8.180868159422048e+19,1.5913934842937286e+17,1.5357919101745596e+22,1.5359526307074952e+22,1.1526415309130582,1.3955744005068131
sc,100.0,0,1.0988222150318905e-05,0.9989292863926278,8.23134362509667e+19,1.5816354241006403e+17,1.5357919101745596e+22,1.5359531475249662e+22,1.1528624454057388,1.3959299688754228
sc,100.0,0,1.0988412282638214e-05,0.9989465711489285,8.281374105754544e+19,1.5720807892615904e+17,1.5357919101745596e+22,1.5359536754700702e+22,1.1530814727168237,1.3962815844079965
sc,100.0,0,1.0988599473656549e-05,0.9989635885142317,8.330957602399163e+19,1.5627247582450605e+17,1.5357919101745596e+22,1.5359542140174707e+22,1.153298606452669,1.3966292697079496
sc,100.0,0,1.0988783768777126e-05,0.9989803426161024,8.38009233561132e+19,1.553562637983428e+17,1.5357919101745596e+22,1.5359547626501022e+22,1.1535138409732602,1.396973047851637
sc,100.0,0,1.0988965212705306e-05,0.9989968375186642,8.428776740546324e+19,1.5445898601509946e+17,1.5357919101745596e+22,1.535955320858932e+22,1.1537271713756596,1.397312942369121
sc,100.0,0,1.098914384945923e-05,0.9990130772235664,8.477009461885592e+19,1.5358019775543123e+17,1.5357919101745596e+22,1.5359558881424783e+22,1.1539385934774062,1.3976489772251663
sc,100.0,0,1.0989319722380296e-05,0.999029065670936,8.524789348756406e+19,1.5271946606309267e+17,1.5357919101745596e+22,1.5359564640062768e+22,1.154148103799913,1.3979811768004882
sc,100.0,0,1.0989492874143477e-05,0.9990448067403161,8.572115449623059e+19,1.5187636940540646e+17,1.5357919101745596e+22,1.5359570479621375e+22,1.154355699551851,1.3983095658732432
sc,100.0,0,1.0989663346767477e-05,0.9990603042515889,8.618987007157323e+19,1.51050497344034e+17,1.5357919101745596e+22,1.5359576395273378e+22,1.1545613786125348,1.398634169600753
sc,100.0,0,1.0989831181624756e-05,0.9990755619658869,8.665403453107447e+19,1.502414502155094e+17,1.5357919101745596e+22,1.5359582382235199e+22,1.1547651395153744,1.3989550135015518
sc,100.0,0,1.0989996419451368e-05,0.9990905835864881,8.711364403152867e+19,1.4944883882162928e+17,1.5357919101745596e+22,1.5359588435753808e+22,1.1549669814313148,1.3992721234376218
sc,100.0,0,1.0990159100356695e-05,0.9991053727596996,8.756869651773809e+19,1.4867228412898717e+17,1.5357919101745596e+22,1.53595945510908e+22,1.1551669041523764,1.399585525596974
sc,100.0,0,1.0990319263833002e-05,0.9991199330757274,8.80191916712918e+19,1.4791141697763043e+17,1.5357919101745596e+22,1.5359600723504048e+22,1.1553649080752493,1.3998952464764856
sc,100.0,0,1.099047694876486e-05,0.9991342680695328,8.84651308595076e+19,1.471658777985107e+17,1.5357919101745596e+22,1.5359606948225113e+22,1.15556099418496,1.400201312865014
sc,100.0,0,1.099063219343843e-05,0.9991483812216755,8.890651708464277e+19,1.464353163393787e+17,1.5357919101745596e+22,1.5359613220431315e+22,1.155755164038642,1.4005037518268175
sc,100.0,0,1.0990785035550604e-05,0.9991622759591459,8.934335493341241e+19,1.4571939139891008e+17,1.5357919101745596e+22,1.5359619535215054e+22,1.1559474197494115,1.4008025906852772
sc,100.0,0,1.0990935512218005e-05,0.9991759556561823,8.977565052683931e+19,1.4501777056884842e+17,1.5357919101745596e+22,1.5359625887545068e+22,1.1561377639703416,1.4010978570068966
sc,100.0,0,1.0991083659985862e-05,0.9991894236350785,9.020341147055515e+19,1.4433012998379373e+17,1.5357919101745596e+22,1.5359632272224644e+22,1.1563261998785836,1.4013895785856347
sc,100.0,0,1.0991229514836739e-05,0.9992026831669762,9.062664680550123e+19,1.4365615407853962e+17,1.5357919101745596e+22,1.5359638683837362e+22,1.1565127311595953,1.4016777834275134
sc,100.0,0,1.0991373112199139e-05,0.9992157374726489,9.10453669591895e+19,1.4299553535255832e+17,1.5357919101745596e+22,1.5359645116687947e+22,1.156697361991528,1.401962499735564
sc,100.0,0,1.0991514486955977e-05,0.9992285897232706,9.145958369746485e+19,1.4234797414158046e+17,1.5357919101745596e+22,1.5359651564733954e+22,1.1568800970297461,1.402243755895055
sc,100.0,0,1.0991653673452932e-05,0.9992412430411757,9.18693100768787e+19,1.4171317839582805e+17,1.5357919101745596e+22,1.5359658021501945e+22,1.157060941391517,1.4025215804590647
sc,100.0,0,1.0991790705506659e-05,0.9992537005006054,9.22745603976419e+19,1.4109086346492806e+17,1.5357919101745596e+22,1.5359664479996796e+22,1.1572399006408352,1.4027960021343264
sc,100.0,0,1.0991925616412885e-05,0.9992659651284441,9.267535015727689e+19,1.4048075188903952e+17,1.5357919101745596e+22,1.535967093259365e+22,1.1574169807734376,1.4030670497674274
sc,100.0,0,1.099205843895439e-05,0.9992780399049446,9.307169600490696e+19,1.3988257319616078e+17,1.5357919101745596e+22,1.5359677370913505e+22,1.157592188201972,1.4033347523313007
sc,100.0,0,1.0992189205408847e-05,0.9992899277644407,9.346361569626566e+19,1.3929606370536661e+17,1.5357919101745596e+22,1.5359683785685903e+22,1.1577655297413307,1.403599138912021
sc,100.0,0,1.099231794755657e-05,0.9993016315960519,9.385112804944557e+19,1.3872096633568971e+17,1.5357919101745596e+22,1.535969016658557e+22,1.1579370125941837,1.4038602386959496
sc,100.0,0,1.0992444696688121e-05,0.9993131542443747,9.423425290139333e+19,1.3815703042058098e+17,1.5357919101745596e+22,1.5359696502054506e+22,1.158106644336662,1.404118080957154
sc,100.0,0,1.0992569483611817e-05,0.9993244985101652,9.461301106516181e+19,1.3760401152766229e+17,1.5357919101745596e+22,1.535970277909364e+22,1.1582744329042396,1.404372695045166
sc,100.0,0,1.099269233866112e-05,0.999335667151011,9.498742428799853e+19,1.3706167128359869e+17,1.5357919101745596e+22,1.5359708983035072e+22,1.1584403865777888,1.4046241103730461
sc,100.0,0,1.0992813291701904e-05,0.9993466628819914,9.535751521014787e+19,1.3652977720399597e+17,1.5357919101745596e+22,1.535971509727881e+22,1.158604513969804,1.4048723564057342
sc,100.0,0,1.0992932372139636e-05,0.9993574883763305,9.572330732459205e+19,1.3600810252795851e+17,1.5357919101745596e+22,1.5359721103005753e+22,1.1587668240108333,1.405117462648751
sc,100.0,0,1.099304960892642e-05,0.9993681462660382,9.608482493751022e+19,1.3549642605734005e+17,1.5357919101745596e+22,1.5359726978849722e+22,1.1589273259360642,1.4053594586371707
sc,100.0,0,1.0993165030567958e-05,0.9993786391425417,9.644209312964118e+19,1.3499453200038523e+17,1.5357919101745596e+22,1.535973270053927e+22,1.1590860292721006,1.4055983739249087
sc,100.0,0,1.0993278665130389e-05,0.9993889695573082,9.679513771846466e+19,1.3450220981962902e+17,1.5357919101745596e+22,1.5359738240495283e+22,1.1592429438239116,1.4058342380743127
sc,100.0,0,1.0993390540247038e-05,0.999399140022458,9.714398522123785e+19,1.3401925408390637e+17,1.5357919101745596e+22,1.5359743567388e+22,1.159398079661964,1.4060670806460558
sc,100.0,0,1.0993500683125042e-05,0.9994091530113676,9.748866281888375e+19,1.3354546432433176e+17,1.5357919101745596e+22,1.5359748645651877e+22,1.1595514471095123,1.4062969311893077
sc,100.0,0,1.0993609120551912e-05,0.9994190109592647,9.782919832075346e+19,1.3308064489400208e+17,1.5357919101745596e+22,1.53597534349469e+22,1.1597030567300797,1.4065238192322322
sc,100.0,0,1.0993715878901939e-05,0.9994287162638127,9.816562013018926e+19,1.326246048314569e+17,1.5357919101745596e+22,1.5359757889572721e+22,1.1598529193150773,1.4067477742727266
sc,100.0,0,1.0993820984142568e-05,0.9994382712856881,9.849795721102665e+19,1.3217715772753075e+17,1.5357919101745596e+22,1.5359761957830202e+22,1.1600010458716172,1.406968825769495
sc,100.0,0,1.0993924461840627e-05,0.9994476783491479,9.88262390548973e+19,1.3173812159561811e+17,1.5357919101745596e+22,1.5359765581322728e+22,1.1601474476104707,1.4071870031333822
sc,100.0,0,1.0994026337168478e-05,0.999456939742589,9.915049564938484e+19,1.3130731874519413e+17,1.5357919101745596e+22,1.535976869420185e+22,1.160292135934183,1.4074023357189829
sc,100.0,0,1.0994126634910076e-05,0.9994660577190979,9.947075744703922e+19,1.3088457565842112e+17,1.5357919101745596e+22,1.5359771222350947e+22,1.160435122425341,1.4076148528165284
sc,100.0,0,1.0994225379466936e-05,0.9994750344969942,9.97870553352499e+19,1.3046972286971814e+17,1.5357919101745596e+22,1.5359773082506792e+22,1.1605764188350023,1.4078245836440582
sc,100.0,0,1.0994322594864e-05,0.9994838722603636,1.000994206069273e+20,1.3006259484822794e+17,1.5357919101745596e+22,1.5359774181313137e+22,1.1607160370712595,1.4080315573398454
sc,100.0,0,1.0994418304755431e-05,0.9994925731595847,1.0040788493203369e+20,1.296630298830239e+17,1.5357919101745596e+22,1.5359774414310579e+22,1.1608539891879577,1.4082358029550934
sc,100.0,0,1.0994512532430303e-05,0.9995011393118458,1.0071248032990839e+20,1.2927086997100784e+17,1.5357919101745596e+22,1.5359773664857769e+22,1.1609902873735394,1.4084373494468754
sc,100.0,0,1.0994605300818213e-05,0.9995095728016559,1.010132391424615e+20,1.2888596070728342e+17,1.5357919101745596e+22,1.5359771802983264e+22,1.1611249439400535,1.408636225671364
sc,100.0,0,1.099469663249481e-05,0.9995178756813463,1.0131019400811492e+20,1.2850815117807912e+17,1.5357919101745596e+22,1.5359768684170893e+22,1.1612579713122777,1.4088324603772764
sc,100.0,0,1.0994786549687217e-05,0.9995260499715652,1.0160337783655042e+20,1.2813729385601566e+17,1.5357919101745596e+22,1.5359764148072514e+22,1.1613893820169823,1.409026082199573
sc,100.0,0,1.0994875074279418e-05,0.9995340976617653,1.018928237842764e+20,1.2777324449764549e+17,1.5357919101745596e+22,1.5359758017157136e+22,1.161519188672345,1.4092171196534256
sc,100.0,0,1.0994962227817505e-05,0.9995420207106823,1.021785652309151e+20,1.2741586204327339e+17,1.5357919101745596e+22,1.5359750095289291e+22,1.1616474039774758,1.4094056011283818
sc,100.0,0,1.0995048031514896e-05,0.9995498210468088,1.0246063575630773e+20,1.2706500851887869e+17,1.5357919101745596e+22,1.5359740166244892e+22,1.1617740407021042,1.4095915548828049
sc,100.0,0,1.0995132506257437e-05,0.999557500568858,1.0273906911831304e+20,1.2672054894021325e+17,1.5357919101745596e+22,1.5359727992164e+22,1.161899111676377,1.4097750090385064
sc,100.0,0,1.0995215672608444e-05,0.9995650611462221,1.0301389923137348e+20,1.2638235121891914e+17,1.5357919101745596e+22,1.5359713311943951e+22,1.1620226297808094,1.4099559915756197
sc,100.0,0,1.0995297550813662e-05,0.9995725046194238,1.0328516014580795e+20,1.2605028607064437e+17,1.5357919101745596e+22,1.535969583957639e+22,1.162144607936376,1.410134530327696
sc,100.0,0,1.0995378160806157e-05,0.9995798328005597,1.0355288602779995e+20,1.2572422692517794e+17,1.5357919101745596e+22,1.5359675262433988e+22,1.1622650590947419,1.4103106529770082
sc,100.0,0,1.099545752221112e-05,0.9995870474737383,1.0381711114010044e+20,1.254040498384918e+17,1.5357919101745596e+22,1.5359651239509958e+22,1.1623839962286495,1.4104843870500723
sc,100.0,0,1.0995535654350611e-05,0.9995941503955101,1.0407786982340316e+20,1.250896334067441e+17,1.5357919101745596e+22,1.5359623399618975e+22,1.1625014323224536,1.4106557599133678
sc,100.0,0,1.0995612576248216e-05,0.9996011432952924,1.0433519647839281e+20,1.2478085868217453e+17,1.5357919101745596e+22,1.5359591339562291e+22,1.162617380362818,1.4108247987692637
sc,100.0,0,1.0995688306633648e-05,0.9996080278757862,1.0458912554846169e+20,1.2447760909091037e+17,1.5357919101745596e+22,1.5359554622268646e+22,1.1627318533295867,1.4109915306521439
sc,100.0,0,1.0995762863947264e-05,0.9996148058133876,1.0483969150303732e+20,1.2417977035269058e+17,1.5357919101745596e+22,1.5359512774913942e+22,1.162844864186812,1.4111559824247082
sc,100.0,0,1.0995836266344527e-05,0.9996214787585934,1.0508692882160307e+20,1.2388723040244904e+17,1.5357919101745596e+22,1.5359465287034706e+22,1.1629564258740006,1.4113181807745006
sc,100.0,0,1.099590853170039e-05,0.9996280483363992,1.053308719782592e+20,1.2359987931387438e+17,1.5357919101745596e+22,1.5359411608636032e+22,1.163066551297513,1.4114781522105722
sc,100.0,0,1.0995979677613609e-05,0.9996345161466917,1.055715554269237e+20,1.2331760922487789e+17,1.5357919101745596e+22,1.5359351148312057e+22,1.16317525332219,1.4116359230603495
sc,100.0,0,1.0996049721411005e-05,0.9996408837646369,1.0580901358714883e+20,1.230403142649766e+17,1.5357919101745596e+22,1.5359283271384544e+22,1.1632825447632038,1.4117915194666928
sc,100.0,0,1.0996118680151648e-05,0.999647152741059,1.0604328083044093e+20,1.2276789048472429e+17,1.5357919101745596e+22,1.5359207298069613e+22,1.1633884383781017,1.4119449673850828
sc,100.0,0,1.0996186570630982e-05,0.9996533246028165,1.0627439146720148e+20,1.2250023578709134e+17,1.5357919101745596e+22,1.5359122501687161e+22,1.1634929468591195,1.4120962925810114
sc,100.0,0,1.099625340938488e-05,0.999659400853171,1.06502379734174e+20,1.2223724986092517e+17,1.5357919101745596e+22,1.53590281069232e+22,1.1635960828257248,1.4122455206275082
sc,100.0,0,1.0996319212693658e-05,0.9996653829721508,1.0672727978246577e+20,1.2197883411641968e+17,1.5357919101745596e+22,1.535892328815271e+22,1.1636978588174418,1.4123926769028532
sc,100.0,0,1.0996383996585998e-05,0.9996712724169089,1.0694912566603335e+20,1.217248916227845e+17,1.5357919101745596e+22,1.5358807167843032e+22,1.1637982872869315,1.412537786588406
sc,100.0,0,1.0996447776842829e-05,0.9996770706220754,1.0716795133071912e+20,1.2147532704798946e+17,1.5357919101745596e+22,1.535867881504286e+22,1.1638973805933768,1.4126808746666153
sc,100.0,0,1.099651056900115e-05,0.9996827790001046,1.0738379060374487e+20,1.212300466007401e+17,1.5357919101745596e+22,1.53585372439709e+22,1.1639951509961584,1.4128219659191514
sc,100.0,0,1.0996572388357787e-05,0.999688398941617,1.0759667718372236e+20,1.2098895797463976e+17,1.5357919101745596e+22,1.535838141271778e+22,1.1640916106488624,1.4129610849252054
sc,100.0,0,1.0996633249973086e-05,0.9996939318157352,1.078066446310644e+20,1.207519702946964e+17,1.5357919101745596e+22,1.5358210222071573e+22,1.1641867715935883,1.4130982560598842
sc,100.0,0,1.0996693168674577e-05,0.9996993789704162,1.0801372635892702e+20,1.2051899406603066e+17,1.5357919101745596e+22,1.5358022514478374e+22,1.1642806457556305,1.4132335034927888
sc,100.0,0,1.0996752159060546e-05,0.9997047417327769,1.082179556245247e+20,1.2028994112502698e+17,1.5357919101745596e+22,1.5357817073151093e+22,1.1643732449384834,1.4133668511866784
sc,100.0,0,1.0996810235503576e-05,0.999710021409416,1.0841936552091083e+20,1.200647245927988e+17,1.5357919101745596e+22,1.5357592621335387e+22,1.1644645808192298,1.4134983228962867
sc,100.0,0,1.0996867412154028e-05,0.9997152192867298,1.0861798896914173e+20,1.1984325883109192e+17,1.5357919101745596e+22,1.5357347821742115e+22,1.1645546649442886,1.4136279421672422
sc,100.0,0,1.0996923702943464e-05,0.9997203366312241,1.0881385871086205e+20,1.1962545940062206e+17,1.5357919101745596e+22,1.535708127616052e+22,1.164643508725559,1.4137557323351186
sc,100.0,0,1.099697912158803e-05,0.9997253746898209,1.0900700730128543e+20,1.1941124302185374e+17,1.5357919101745596e+22,1.5356791525256966e+22,1.164731123436957,1.4138817165245992
sc,100.0,0,1.0997033681591765e-05,0.9997303346901605,1.0919746710252682e+20,1.1920052753829182e+17,1.5357919101745596e+22,1.5356477048569897e+22,1.1648175202113398,1.4140059176487376
sc,100.0,0,1.0997087396249881e-05,0.9997352178408984,1.093852702773083e+20,1.1899323188224851e+17,1.5357919101745596e+22,1.535613626470601e+22,1.164902710037851,1.4141283584083362
sc,100.0,0,1.0997140278651987e-05,0.9997400253319989,1.0957044878304172e+20,1.1878927604309571e+17,1.5357919101745596e+22,1.535576753174829e+22,1.1649867037596844,1.4142490612914385
sc,100.0,0,1.0997192341685253e-05,0.999744758335023,1.0975303436622037e+20,1.1858858103806355e+17,1.5357919101745596e+22,1.5355369147879012e+22,1.165069512072245,1.414368048572894
sc,100.0,0,1.0997243598037532e-05,0.9997494180034121,1.0993305855716383e+20,1.1839106888550237e+17,1.5357919101745596e+22,1.5354939352221722e+22,1.1651511455217518,1.4144853423140433
sc,100.0,0,1.0997294060200454e-05,0.9997540054727685,1.1011055266508125e+20,1.1819666258063816e+17,1.5357919101745596e+22,1.5354476325908039e+22,1.1652316145042592,1.4146009643624962
sc,100.0,0,1.0997343740472423e-05,0.9997585218611293,1.1028554777342327e+20,1.1800528607382854e+17,1.5357919101745596e+22,1.535397819336993e+22,1.1653109292650838,1.4147149363519742
sc,100.0,0,1.0997392650961624e-05,0.9997629682692385,1.1045807473556654e+20,1.1781686425123042e+17,1.5357919101745596e+22,1.5353443023861584e+22,1.1653890998986762,1.41482727970227
sc,100.0,0,1.099744080358895e-05,0.9997673457808136,1.1062816417077271e+20,1.1763132291787931e+17,1.5357919101745596e+22,1.5352868833205842e+22,1.1654661363489065,1.4149380156192886
sc,100.0,0,1.0997488210090888e-05,0.999771655462808,1.1079584646040873e+20,1.1744858878318842e+17,1.5357919101745596e+22,1.535225358577172e+22,1.165542048409743,1.4150471650951362
sc,100.0,0,1.0997534882022375e-05,0.9997758983656704,1.1096115174448402e+20,1.1726858944870686e+17,1.5357919101745596e+22,1.5351595196674757e+22,1.1656168457263736,1.4151547489083387
sc,100.0,0,1.099758083075959e-05,0.999780075523599,1.1112410991838686e+20,1.1709125339821114e+17,1.5357919101745596e+22,1.5350891534198533e+22,1.165690537796698,1.4152607876240904
sc,100.0,0,1.0997626067502723e-05,0.999784187954793,1.1128475062993763e+20,1.1691650998996682e+17,1.5357919101745596e+22,1.5350140422437147e+22,1.1657631339732293,1.415365301594601
sc,100.0,0,1.099767060327868e-05,0.9997882366616982,1.1144310327660714e+20,1.1674428945117734e+17,1.5357919101745596e+22,1.5349339644145382e+22,1.1658346434653615,1.4154683109594919
sc,100.0,0,1.0997714448943772e-05,0.9997922226312521,1.1159919700305173e+20,1.1657452287443397e+17,1.5357919101745596e+22,1.5348486943796265e+22,1.1659050753420264,1.4155698356462874
sc,100.0,0,1.099775761518634e-05,0.999796146835122,1.1175306069882644e+20,1.1640714221621714e+17,1.5357919101745596e+22,1.5347580030839478e+22,1.1659744385346948,1.4156698953709486
sc,100.0,0,1.0997800112529352e-05,0.9998000102299411,1.1190472299630235e+20,1.1624208029725472e+17,1.5357919101745596e+22,1.5346616583139709e+22,1.1660427418407147,1.4157685096384722
sc,100.0,0,1.0997841951332953e-05,0.9998038137575411,1.1205421226884029e+20,1.1607927080471294e+17,1.5357919101745596e+22,1.5345594250606582e+22,1.1661099939269834,1.415865697743554
sc,100.0,0,1.099788314179698e-05,0.9998075583451801,1.1220155662910957e+20,1.159186482960728e+17,1.5357919101745596e+22,1.5344510658980866e+22,1.166176203333925,1.415961478771305
sc,100.0,0,1.099792369396345e-05,0.9998112449057681,1.1234678392765658e+20,1.1576014820461618e+17,1.5357919101745596e+22,1.5343363413787751e+22,1.1662413784797587,1.416055871598027
sc,100.0,0,1.0997963617718971e-05,0.9998148743380884,1.124899217515966e+20,1.1560370684642013e+17,1.5357919101745596e+22,1.534215010442773e+22,1.1663055276650323,1.4161488948920267
sc,100.0,0,1.0998002922797174e-05,0.9998184475270158,1.1263099742354714e+20,1.1544926142870603e+17,1.5357919101745596e+22,1.534086830840409e+22,1.16636865907742,1.4162405671145024
sc,100.0,0,1.0998041618781049e-05,0.9998219653437317,1.1277003800069199e+20,1.1529675005946603e+17,1.5357919101745596e+22,1.533951559566412e+22,1.1664307807967371,1.416330906520461
sc,100.0,0,1.0998079715105292e-05,0.9998254286459356,1.1290707027402093e+20,1.1514611175824792e+17,1.5357919101745596e+22,1.5338089533048294e+22,1.166491900800173,1.4164199311596886
sc,100.0,0,1.0998117221058578e-05,0.9998288382780526,1.1304212076770972e+20,1.1499728646797858e+17,1.5357919101745596e+22,1.5336587688824852e+22,1.166552026967692,1.416507658877742
sc,100.0,0,1.0998154145785834e-05,0.9998321950714395,1.1317521573869357e+20,1.1485021506763853e+17,1.5357919101745596e+22,1.5335007637300062e+22,1.166611167087631,1.4165941073170305
sc,100.0,0,1.099819049829045e-05,0.9998354998445864,1.1330638117635678e+20,1.1470483938577163e+17,1.5357919101745596e+22,1.5333346963487155e+22,1.16666932886241,1.4166792939178905
sc,100.0,0,1.0998226287436464e-05,0.999838753403315,1.1343564280233258e+20,1.1456110221464949e+17,1.5357919101745596e+22,1.5331603267815192e+22,1.1667265199143642,1.4167632359197078
sc,100.0,0,1.0998261521950722e-05,0.9998419565409749,1.1356302607051193e+20,1.1441894732492203e+17,1.5357919101745596e+22,1.5329774170868348e+22,1.1667827477916863,1.4168459503621
sc,100.0,0,1.0998296210424997e-05,0.9998451100386361,1.136885561671005e+20,1.1427831948073147e+17,1.5357919101745596e+22,1.5327857318131545e+22,1.166838019974424,1.4169274540861017
sc,100.0,0,1.0998330361318067e-05,0.9998482146652787,1.138122580108453e+20,1.1413916445509266e+17,1.5357919101745596e+22,1.5325850384735773e+22,1.1668923438805314,1.4170077637353962
sc,100.0,0,1.0998363982957783e-05,0.9998512711779803,1.1393415625337528e+20,1.1400142904541171e+17,1.5357919101745596e+22,1.5323751080177403e+22,1.1669457268719543,1.4170868957575882
sc,100.0,0,1.099839708354309e-05,0.9998542803220991,1.1405427527961613e+20,1.1386506108911712e+17,1.5357919101745596e+22,1.5321557153004544e+22,1.1669981762606998,1.4171648664054775
sc,100.0,0,1.0998429671146006e-05,0.999857242831455,1.1417263920834116e+20,1.1373000947917862e+17,1.5357919101745596e+22,1.5319266395449369e+22,1.1670496993148953,1.417241691738373
sc,100.0,0,1.0998461753713601e-05,0.9998601594285093,1.1428927189284141e+20,1.1359622417941867e+17,1.5357919101745596e+22,1.5316876647992511e+22,1.1671003032648253,1.41731738762346
sc,100.0,0,1.0998493339069924e-05,0.9998630308245385,1.1440419692165241e+20,1.1346365623961112e+17,1.5357919101745596e+22,1.5314385803849624e+22,1.167149995308873,1.4173919697371409
sc,100.0,0,1.0998524434917892e-05,0.9998658577198084,1.1451743761936682e+20,1.1333225781013438e+17,1.5357919101745596e+22,1.5311791813354876e+22,1.1671987826193975,1.417465453566427
sc,100.0,0,1.0998555048841182e-05,0.9998686408037438,1.1462901704760631e+20,1.1320198215611357e+17,1.5357919101745596e+22,1.5309092688241403e+22,1.1672466723485149,1.4175378544103612
sc,100.0,0,1.0998585188306059e-05,0.9998713807550962,1.1473895800597515e+20,1.1307278367103509e+17,1.5357919101745596e+22,1.530628650579567e+22,1.1672936716337439,1.4176091873814307
sc,100.0,0,1.0998614860663196e-05,0.9998740782421087,1.1484728303317796e+20,1.1294461788961099e+17,1.5357919101745596e+22,1.5303371412875214e+22,1.1673397876035239,1.4176794674070259
sc,100.0,0,1.0998644073149468e-05,0.9998767339226788,1.1495401440816998e+20,1.1281744149991547e+17,1.5357919101745596e+22,1.5300345629783236e+22,1.1673850273825754,1.4177487092309
sc,100.0,0,1.0998672832889698e-05,0.9998793484445181,1.1505917415137308e+20,1.1269121235466949e+17,1.5357919101745596e+22,1.5297207453979714e+22,1.167429398097086,1.4178169274146508
sc,100.0,0,1.0998701146898405e-05,0.9998819224453096,1.1516278402599489e+20,1.1256588948159267e+17,1.5357919101745596e+22,1.5293955263630208e+22,1.1674729068797123,1.417884136339212
sc,100.0,0,1.0998729022081493e-05,0.9998844565528631,1.1526486553935775e+20,1.1244143309278112e+17,1.5357919101745596e+22,1.529058752096961e+22,1.1675155608743808,1.4179503502063602
sc,100.0,0,1.0998756465237942e-05,0.9998869513852675,1.1536543994434478e+20,1.123178045930185e+17,1.5357919101745596e+22,1.528710277548616e+22,1.1675573672408832,1.418015583040238
sc,100.0,0,1.0998783483061462e-05,0.999889407551042,1.1546452824088604e+20,1.1219496658695312e+17,1.5357919101745596e+22,1.5283499666903914e+22,1.167598333159245,1.4180798486888955
sc,100.0,0,1.099881008214211e-05,0.9998918256492828,1.1556215117743535e+20,1.1207288288521882e+17,1.5357919101745596e+22,1.5279776927970868e+22,1.1676384658338463,1.4181431608258035
sc,100.0,0,1.099883626896791e-05,0.99989420626981,1.1565832925262648e+20,1.1195151850919123e+17,1.5357919101745596e+22,1.5275933387031908e+22,1.167677772497329,1.4182055329514403
sc,100.0,0,1.0998862049926409e-05,0.9998965499933099,1.157530827168296e+20,1.11830839694687e+17,1.5357919101745596e+22,1.527196797039632e+22,1.1677162604142177,1.4182669783948134
sc,100.0,0,1.0998887431306253e-05,0.9998988573914775,1.1584643157386868e+20,1.1171081389422486e+17,1.5357919101745596e+22,1.52678797044788e+22,1.1677539368843148,1.4183275103150546
sc,100.0,0,1.0998912419298702e-05,0.9999011290271548,1.1593839558272387e+20,1.1159140977811957e+17,1.5357919101745596e+22,1.526366771773057e+22,1.16779080924581,1.4183871417029739
sc,100.0,0,1.0998937019999144e-05,0.9999033654544677,1.1602899425927722e+20,1.1147259723418162e+17,1.5357919101745596e+22,1.5259331242335863e+22,1.1678268848781324,1.4184458853826434
sc,100.0,0,1.0998961239408573e-05,0.9999055672189612,1.1611824687810522e+20,1.1135434736613051e+17,1.5357919101745596e+22,1.525486961569019e+22,1.1678621712045274,1.4185037540129772
sc,100.0,0,1.0998985083435049e-05,0.9999077348577318,1.162061724743071e+20,1.1123663249065629e+17,1.5357919101745596e+22,1.5250282281649813e+22,1.1678966756943574,1.4185607600893124
sc,100.0,0,1.0999008557895145e-05,0.9999098688995587,1.1629278984536426e+20,1.1111942613312944e+17,1.5357919101745596e+22,1.5245568791552568e+22,1.1679304058651414,1.418616915945011
sc,100.0,0,1.0999031668515347e-05,0.9999119698650316,1.1637811755299334e+20,1.1100270302203437e+17,1.5357919101745596e+22,1.5240728805015776e+22,1.1679633692842895,1.4186722337530246
sc,100.0,0,1.099905442093346e-05,0.9999140382666782,1.1646217392509818e+20,1.1088643908200424e+17,1.5357919101745596e+22,1.5235762090508286e+22,1.1679955735705967,1.4187267255275076
sc,100.0,0,1.0999076820699974e-05,0.9999160746090886,1.1654497705767705e+20,1.1077061142559176e+17,1.5357919101745596e+22,1.5230668525696759e+22,1.168027026395442,1.4187804031253988
sc,100.0,0,1.0999098873279417e-05,0.999918079389038,1.1662654481678723e+20,1.1065519834373653e+17,1.5357919101745596e+22,1.5225448097575439e+22,1.1680577354837225,1.4188332782480144
sc,100.0,0,1.0999120584051686e-05,0.9999200530956078,1.167068948405348e+20,1.105401792949551e+17,1.5357919101745596e+22,1.522010090237855e+22,1.1680877086145218,1.4188853624426405
sc,100.0,0,1.0999141958313349e-05,0.9999219962103045,1.1678604454105136e+20,1.1042553489331555e+17,1.5357919101745596e+22,1.5214627145278957e+22,1.1681169536215108,1.418936667104114
sc,100.0,0,1.0999163001278949e-05,0.9999239092071772,1.1686401110652838e+20,1.1031124689514675e+17,1.5357919101745596e+22,1.5209027139877686e+22,1.168145478393101,1.4189872034764257
sc,100.0,0,1.0999183718082255e-05,0.9999257925529323,1.1694081150322832e+20,1.1019729818464878e+17,1.5357919101745596e+22,1.5203301307495402e+22,1.1681732908723266,1.4190369826542841
sc,100.0,0,1.0999204113777527e-05,0.9999276467070479,1.1701646247754788e+20,1.100836727582857e+17,1.5357919101745596e+22,1.5197450176261045e+22,1.1682003990565035,1.419086015584713
sc,100.0,0,1.0999224193340739e-05,0.9999294721218854,1.1709098055806575e+20,1.0997035570811843e+17,1.5357919101745596e+22,1.5191474380010995e+22,1.168226810996635,1.4191343130686298
sc,100.0,0,1.0999243961670792e-05,0.9999312692427993,1.1716438205759326e+20,1.0985733320411829e+17,1.5357919101745596e+22,1.5185374657007162e+22,1.1682525347965822,1.419181885762404
sc,100.0,0,1.0999263423590703e-05,0.9999330385082457,1.1723668307526472e+20,1.0974459247541802e+17,1.5357919101745596e+22,1.5179151848474803e+22,1.1682775786120205,1.4192287441794331
sc,100.0,0,1.099928258384879e-05,0.9999347803498899,1.173078994986431e+20,1.0963212179058491e+17,1.5357919101745596e+22,1.5172806896966726e+22,1.1683019506491905,1.4192748986917278
sc,100.0,0,1.0999301447119812e-05,0.9999364951927101,1.1737804700574081e+20,1.095199104371242e+17,1.5357919101745596e+22,1.5166340844573753e+22,1.1683256591634046,1.4193203595314259
sc,100.0,0,1.0999320018006121e-05,0.999938183455102,1.1744714106718401e+20,1.0940794869993931e+17,1.5357919101745596e+22,1.5159754830971459e+22,1.168348712457404,1.4193651367923859
sc,100.0,0,1.0999338301038783e-05,0.9999398455489803,1.175151969482827e+20,1.0929622783912672e+17,1.5357919101745596e+22,1.5153050091326762e+22,1.1683711188794983,1.4194092404317151
sc,100.0,0,1.0999356300678668e-05,0.9999414818798789,1.175822297111181e+20,1.0918474006698653e+17,1.5357919101745596e+22,1.5146227954063182e+22,1.1683928868215319,1.4194526802713063
sc,100.0,0,1.0999374021317546e-05,0.9999430928470496,1.1764825421665626e+20,1.0907347852433038e+17,1.5357919101745596e+22,1.5139289838496518e+22,1.1684140247166892,1.4194954659993748
sc,100.0,0,1.0999391467279158e-05,0.9999446788435599,1.177132851268523e+20,1.0896243725616715e+17,1.5357919101745596e+22,1.513223725235185e+22,1.1684345410371382,1.4195376071719819
sc,100.0,0,1.0999408642820265e-05,0.9999462402563877,1.1777733690674258e+20,1.0885161118681827e+17,1.5357919101745596e+22,1.5125071789165348e+22,1.168454444291524,1.419579113214547
sc,100.0,0,1.0999425552131683e-05,0.9999477774665166,1.1784042382655445e+20,1.087409960944903e+17,1.5357919101745596e+22,1.5117795125583097e+22,1.168473743022334,1.4196199934233653
sc,100.0,0,1.0999442199339309e-05,0.9999492908490282,1.1790255996378487e+20,1.0863058858542386e+17,1.5357919101745596e+22,1.511040901856569e+22,1.1684924458031247,1.419660256967096
sc,100.0,0,1.0999458588505128e-05,0.9999507807731934,1.1796375920532308e+20,1.0852038606757958e+17,1.5357919101745596e+22,1.510291530250485e+22,1.1685105612356448,1.4196999128882701
sc,100.0,0,1.0999474723628188e-05,0.9999522476025626,1.1802403524950804e+20,1.0841038672405806e+17,1.5357919101745596e+22,1.5095315886266112e+22,1.1685280979468373,1.4197389701047514
sc,100.0,0,1.0999490608645592e-05,0.9999536916950538,1.1808340160822141e+20,1.0830058948616496e+17,1.5357919101745596e+22,1.5087612750159891e+22,1.168545064585759,1.419777437411219
sc,100.0,0,1.0999506247433445e-05,0.9999551134030404,1.1814187160898301e+20,1.081909940062033e+17,1.5357919101745596e+22,1.507980794284702e+22,1.1685614698204125,1.419815323480644
sc,100.0,0,1.0999521643807803e-05,0.9999565130734367,1.1819945839698893e+20,1.0808160063020995e+17,1.5357919101745596e+22,1.5071903578204523e+22,1.1685773223344926,1.4198526368657174
sc,100.0,0,1.0999536801525606e-05,0.9999578910477824,1.1825617493721283e+20,1.0797241037040645e+17,1.5357919101745596e+22,1.506390183213404e+22,1.1685926308240826,1.4198893860003183
sc,100.0,0,1.0999551724285584e-05,0.9999592476623258,1.1831203401642138e+20,1.0786342487771744e+17,1.5357919101745596e+22,1.5055804939346658e+22,1.1686074039942775,1.4199255792009249
sc,100.0,0,1.0999566415729164e-05,0.9999605832481058,1.1836704824525042e+20,1.077546464141237e+17,1.5357919101745596e+22,1.504761519010724e+22,1.1686216505557774,1.4199612246680557
sc,100.0,0,1.0999580879441357e-05,0.9999618981310325,1.1842123006023e+20,1.0764607782512573e+17,1.5357919101745596e+22,1.5039334926967575e+22,1.1686353792214335,1.4199963304876748
sc,100.0,0,1.0999595118951634e-05,0.9999631926319668,1.1847459172580773e+20,1.0753772251225152e+17,1.5357919101745596e+22,1.503096654148457e+22,1.168648598702767,1.420030904632591
sc,100.0,0,1.099960913773478e-05,0.9999644670667982,1.1852714533638735e+20,1.0742958440563493e+17,1.5357919101745596e+22,1.5022512470928055e+22,1.1686613177064749,1.420064954963859
sc,100.0,0,1.0999622939211742e-05,0.9999657217465221,1.1857890281830556e+20,1.0732166793683659e+17,1.5357919101745596e+22,1.5013975194998046e+22,1.1686735449309162,1.4200984892321455
sc,100.0,0,1.099963652675047e-05,0.9999669569773154,1.1862987593184554e+20,1.0721397801176437e+17,1.5357919101745596e+22,1.5005357232540984e+22,1.1686852890626018,1.4201315150791103
sc,100.0,0,1.0999649903666725e-05,0.9999681730606114,1.1868007627321942e+20,1.0710651998388352e+17,1.5357919101745596e+22,1.4996661138284492e+22,1.16869655877269,1.4201640400387616
sc,100.0,0,1.0999663073224897e-05,0.9999693702931725,1.1872951527652273e+20,1.0699929962773616e+17,1.5357919101745596e+22,1.4987889499596497e+22,1.1687073627134879,1.4201960715387925
sc,100.0,0,1.0999676038638799e-05,0.9999705489671635,1.1877820421572244e+20,1.0689232311266006e+17,1.5357919101745596e+22,1.4979044933259678e+22,1.1687177095149823,1.420227616901934
sc,100.0,0,1.0999688803072447e-05,0.9999717093702224,1.1882615420657857e+20,1.0678559697698581e+17,1.5357919101745596e+22,1.4970130082289863e+22,1.1687276077813933,1.4202586833472652
sc,100.0,0,1.0999701369640831e-05,0.9999728517855301,1.188733762085832e+20,1.0667912810252168e+17,1.5357919101745596e+22,1.496114761278239e+22,1.1687370660877578,1.4202892779915286
sc,100.0,0,1.0999713741410678e-05,0.9999739764918798,1.1891988102687277e+20,1.0657292368949526e+17,1.5357919101745596e+22,1.495210021080603e+22,1.1687460929765594,1.4203194078504284
sc,100.0,0,1.0999725921401199e-05,0.9999750837637453,1.1896567931415596e+20,1.0646699123186467e+17,1.5357919101745596e+22,1.4942990579336928e+22,1.1687546969544051,1.4203490798399323
sc,100.0,0,1.0999737912584815e-05,0.9999761738713469,1.1901078157255893e+20,1.0636133849324082e+17,1.5357919101745596e+22,1.4933821435257131e+22,1.1687628864887405,1.4203783007775186
sc,100.0,0,1.09997497178879e-05,0.9999772470807182,1.1905519815556124e+20,1.062559734830599e+17,1.5357919101745596e+22,1.4924595506386408e+22,1.1687706700046436,1.4204070773834798
sc,100.0,0,1.0999761340191477e-05,0.9999783036537706,1.1909893926980434e+20,1.0615090443351954e+17,1.5357919101745596e+22,1.4915315528596523e+22,1.1687780558816585,1.420435416282143
sc,100.0,0,1.099977278233193e-05,0.9999793438483573,1.1914201497697852e+20,1.0604613977682786e+17,1.5357919101745596e+22,1.490598424296713e+22,1.168785052450712,1.4204633240031368
sc,100.0,0,1.099978404710169e-05,0.9999803679183354,1.1918443519560814e+20,1.0594168812321187e+17,1.5357919101745596e+22,1.4896604393027697e+22,1.1687916679910868,1.4204908069825908
sc,100.0,0,1.0999795137249921e-05,0.9999813761136291,1.1922620970291782e+20,1.0583755823924786e+17,1.5357919101745596e+22,1.488717872204492e+22,1.1687979107274826,1.4205178715643856
sc,100.0,0,1.0999806055483183e-05,0.9999823686802893,1.1926734813659365e+20,1.0573375902700955e+17,1.5357919101745596e+22,1.4877709970403685e+22,1.1688037888271448,1.42054452400133
sc,100.0,0,1.0999816804466099e-05,0.9999833458605545,1.1930785999659147e+20,1.05630299503626e+17,1.5357919101745596e+22,1.4868200873044763e+22,1.1688093103970802,1.4205707704563713
sc,100.0,0,1.0999827386822005e-05,0.9999843078929096,1.1934775464690983e+20,1.0552718878150358e+17,1.5357919101745596e+22,1.4858654156982082e+22,1.168814483481356,1.4205966170037794
sc,100.0,0,1.0999837805133577e-05,0.9999852550121434,1.1938704131729926e+20,1.0542443604928706e+17,1.5357919101745596e+22,1.484907253891168e+22,1.1688193160584812,1.4206220696302867
sc,100.0,0,1.0999848061943478e-05,0.9999861874494071,1.1942572910506328e+20,1.0532205055315061e+17,1.5357919101745596e+22,1.483945872287083e+22,1.1688238160388869,1.4206471342362865
sc,100.0,0,1.0999858159754965e-05,0.9999871054322695,1.1946382697672607e+20,1.052200415790275e+17,1.5357919101745596e+22,1.4829815398007004e+22,1.1688279912624866,1.420671816636945
sc,100.0,0,1.0999868101032505e-05,0.9999880091847732,1.1950134376976925e+20,1.051184184352509e+17,1.5357919101745596e+22,1.4820145236408139e+22,1.1688318494963403,1.420696122563353
sc,100.0,0,1.0999877888202374e-05,0.9999888989274885,1.1953828819430577e+20,1.050171904359435e+17,1.5357919101745596e+22,1.4810450891025827e+22,1.1688353984324051,1.4207200576636378
sc,100.0,0,1.0999887523653253e-05,0.9999897748775685,1.195746688347645e+20,1.0491636688497262e+17,1.5357919101745596e+22,1.4800734993674884e+22,1.1688386456853863,1.4207436275040808
sc,100.0,0,1.0999897009736801e-05,0.9999906372488001,1.1961049415152175e+20,1.0481595706063787e+17,1.5357919101745596e+22,1.4791000153124648e+22,1.168841598790683,1.4207668375701996
sc,100.0,0,1.0999906348768236e-05,0.9999914862516579,1.1964577248256218e+20,1.0471597020087728e+17,1.5357919101745596e+22,1.4781248953264336e+22,1.1688442652024351,1.4207896932678468
sc,100.0,0,1.09999155430269e-05,0.9999923220933546,1.196805120450988e+20,1.0461641548916053e+17,1.5357919101745596e+22,1.4771483951356206e+22,1.168846652291664,1.4208121999242818
sc,100.0,0,1.099992459475681e-05,0.9999931449778918,1.1971472093716754e+20,1.0451730204104616e+17,1.5357919101745596e+22,1.476170767637531e+22,1.1688487673445147,1.420834362789225
sc,100.0,0,1.0999933506167206e-05,0.9999939551061097,1.1974840713923194e+20,1.0441863889129118e+17,1.5357919101745596e+22,1.4751922627427772e+22,1.1688506175605968,1.4208561870359173
sc,100.0,0,1.0999942279433094e-05,0.9999947526757358,1.1978157851574126e+20,1.0432043498166021e+17,1.5357919101745596e+22,1.4742131272256546e+22,1.168852210051422,1.420877677762148
sc,100.0,0,1.0999950916695772e-05,0.9999955378814338,1.1981424281670543e+20,1.0422269914925486e+17,1.5357919101745596e+22,1.4732336045822973e+22,1.1688535518389422,1.4208988399912923
sc,100.0,0,1.0999959420063353e-05,0.9999963109148503,1.1984640767921263e+20,1.0412544011556496e+17,1.5357919101745596e+22,1.4722539348979284e+22,1.1688546498541839,1.4209196786733134
sc,100.0,0,1.0999967791611283e-05,0.999997071964662,1.1987808062897098e+20,1.04028666476004e+17,1.5357919101745596e+22,1.4712743547212048e+22,1.1688555109359804,1.4209401986857761
sc,100.0,0,1.0999976033382838e-05,0.9999978212166216,1.1990926908180528e+20,1.0393238669011523e+17,1.5357919101745596e+22,1.4702950969472279e+22,1.1688561418298002,1.420960404834833
sc,100.0,0,1.099998414738963e-05,0.9999985588536029,1.199399803451477e+20,1.038366090723275e+17,1.5357919101745596e+22,1.469316390708127e+22,1.1688565491866711,1.4209803018562026
sc,100.0,0,1.0999992135612104e-05,0.9999992850556458,1.1997022161952558e+20,1.037413417832402e+17,1.5357919101745596e+22,1.4683384612710454e+22,1.1688567395621974,1.4209998944161502
sc,100.0,0,1.1e-05,1.0,1.2e+20,1.0364659282157202e+17,1.5357919101745596e+22,1.467361529944616e+22,1.1688567194156727,1.4210191871124291
oc,100.0,1.1335790912490644,0.0,0.0,9.594919078903426e+16,1.2e+20,1.5357919101745596e+22,1.3583866826719471e+22,1.2127708814186509,0.0
oc,100.0,1.1335790912490644,7.86438789518451e-12,7.149443541076828e-07,9.606582342848136e+16,1.199734182947459e+20,1.5357919101745596e+22,1.3597366245442089e+22,1.2127708814186509,2.0992130674791315e-05
oc,100.0,1.1335790912490644,1.5852610367572685e-11,1.4411463970520622e-06,9.618358528311398e+16,1.1994642239588988e+20,1.5357919101745596e+22,1.3610971144210654e+22,1.2127707335405193,4.2310884373453504e-05
oc,100.0,1.1335790912490644,2.3966617162196613e-11,2.1787833783815103e-06,9.630247746935138e+16,1.1991900592628217e+20,1.5357919101745596e+22,1.3624680675900213e+22,1.212770432310432,6.396128004950128e-05
oc,100.0,1.1335790912490644,3.2208388717036575e-11,2.9280353379124158e-06,9.642250082010051e+16,1.1989116241318992e+20,1.5357919101745596e+22,1.3638493935341727e+22,1.212769972123632,8.594841178395249e-05
oc,100.0,1.1335790912490644,4.0579936646634174e-11,3.689085149694016e-06,9.654365587892603e+16,1.1986288528695252e+20,1.5357919101745596e+22,1.3652409958232826e+22,1.212769347242655,0.00010827744984809564
oc,100.0,1.1335790912490644,4.9083304228147994e-11,4.462118566195272e-06,9.666594289426142e+16,1.1983416787963825e+20,1.5357919101745596e+22,1.3666427720054497e+22,1.2127685517955746,0.00013095364176545627
oc,100.0,1.1335790912490644,5.7720566905727906e-11,5.247324264157083e-06,9.678936181389789e+16,1.1980500342364961e+20,1.5357919101745596e+22,1.3680546135021646e+22,1.21276757977427,0.0001539823134150772
oc,100.0,1.1335790912490644,6.649383279366816e-11,6.044893890333469e-06,9.691391227948358e+16,1.1977538505034334e+20,1.5357919101745596e+22,1.369476405503677e+22,1.2127664250327201,0.00017736887012375537
oc,100.0,1.1335790912490644,7.540524319055164e-11,6.855022108231967e-06,9.703959362121782e+16,1.1974530578862427e+20,1.5357919101745596e+22,1.3709080268668989e+22,1.2127650812853223,0.00020111879777957124
oc,100.0,1.1335790912490644,8.44569730995004e-11,7.677906645409127e-06,9.716640485269e+16,1.1971475856353069e+20,1.5357919101745596e+22,1.3723493500152453e+22,1.2127635421052478,0.00022523766395343245
oc,100.0,1.1335790912490644,9.365123176369172e-11,8.513748342153793e-06,9.729434466599813e+16,1.1968373619477896e+20,1.5357919101745596e+22,1.3738002408420615e+22,1.212761800922821,0.00024973111905278114
oc,100.0,1.1335790912490644,1.0299026319943172e-10,9.362751199948338e-06,9.742341142691733e+16,1.196522313953284e+20,1.5357919101745596e+22,1.3752605586149473e+22,1.2127598510239392,0.0002746048974600107
oc,100.0,1.1335790912490644,1.1247634674693696e-10,1.0225122431539724e-05,9.755360317041314e+16,1.1962023676989936e+20,1.5357919101745596e+22,1.3767301558845745e+22,1.212757685548528,0.00029986481870901405
oc,100.0,1.1335790912490644,1.2211179762539047e-10,1.1101072511399135e-05,9.768491759632389e+16,1.1958774481349001e+20,1.5357919101745596e+22,1.378208878395839e+22,1.2127552974890354,0.000325516788663784
oc,100.0,1.1335790912490644,1.3189896749532525e-10,1.199081522684775e-05,9.781735206527709e+16,1.1955474790988128e+20,1.5357919101745596e+22,1.3796965650023806e+22,1.212752679688969,0.000351566800706918
oc,100.0,1.1335790912490644,1.418402450356626e-10,1.2894567730514783e-05,9.795090359495006e+16,1.1952123833010718e+20,1.5357919101745596e+22,1.38119304758547e+22,1.2127498248414772,0.0003780209369572307
oc,100.0,1.1335790912490644,1.519380565219719e-10,1.3812550592906536e-05,9.808556885650923e+16,1.1948720823093504e+20,1.5357919101745596e+22,1.3826981509757248e+22,1.21274672548798,0.0004048853694804064
oc,100.0,1.1335790912490644,1.6219486642243818e-10,1.474498785658529e-05,9.822134417146886e+16,1.1945264965329963e+20,1.5357919101745596e+22,1.3842116928802201e+22,1.212743374016846,0.00043216636153625454
oc,100.0,1.1335790912490644,1.7261317799505126e-10,1.5692107090459206e-05,9.835822550876662e+16,1.1941755452074934e+20,1.5357919101745596e+22,1.3857334838129685e+22,1.212739762662126,0.000459870268818366
oc,100.0,1.1335790912490644,1.8319553390006016e-10,1.6654139445460014e-05,9.849620848225536e+16,1.1938191463785642e+20,1.5357919101745596e+22,1.3872633270308308e+22,1.2127358835023394,0.00048800354072320426
oc,100.0,1.1335790912490644,1.939445168173126e-10,1.7631319710664783e-05,9.863528834849811e+16,1.1934572168862715e+20,1.5357919101745596e+22,1.3888010184738529e+22,1.2127317284593202,0.0005165727216206704
oc,100.0,1.1335790912490644,2.0486275007947086e-10,1.8623886370860987e-05,9.877546000502454e+16,1.1930896723487582e+20,1.5357919101745596e+22,1.3903463467117835e+22,1.2127272892971244,0.0005455844521550082
oc,100.0,1.1335790912490644,2.159528983095016e-10,1.9632081664500145e-05,9.891671798891672e+16,1.1927164271460205e+20,1.5357919101745596e+22,1.3918990928953198e+22,1.2127225576209988,0.0005750454705448369
oc,100.0,1.1335790912490644,2.2721766807037856e-10,2.065615164276169e-05,9.905905647585078e+16,1.1923373944034343e+20,1.5357919101745596e+22,1.393459030713596e+22,1.2127175248764184,0.0006049626139030392
oc,100.0,1.1335790912490644,2.3865980852272316e-10,2.169634622933847e-05,9.920246927955275e+16,1.191952485975205e+20,1.5357919101745596e+22,1.395025926357516e+22,1.2127121823481952,0.0006353428195647551
oc,100.0,1.1335790912490644,2.5028211210015303e-10,2.2752919281832096e-05,9.93469498518177e+16,1.1915616124274134e+20,1.5357919101745596e+22,1.3965995384906172e+22,1.2127065211596535,0.0006661931264490235
oc,100.0,1.1335790912490644,2.6208741518463083e-10,2.382612865314826e-05,9.949249128288578e+16,1.1911646830212627e+20,1.5357919101745596e+22,1.3981796182253483e+22,1.2127005322718842,0.0006975206764066325
oc,100.0,1.1335790912490644,2.7407859880196337e-10,2.4916236254723945e-05,9.963908630244776e+16,1.1907616056958561e+20,1.5357919101745596e+22,1.39976590910754e+22,1.2126942064830781,0.0007293327156072618
oc,100.0,1.1335790912490644,2.8625858932157523e-10,2.60235081201432e-05,9.978672728110675e+16,1.1903522870510451e+20,1.5357919101745596e+22,1.4013581471077284e+22,1.212687534427936,0.0007616365959233235
oc,100.0,1.1335790912490644,2.986303591691053e-10,2.7148214469918663e-05,9.993540623241974e+16,1.1899366323300432e+20,1.5357919101745596e+22,1.402956060620176e+22,1.2126805065771658,0.0007944397763327519
oc,100.0,1.1335790912490644,3.1119692755365857e-10,2.8290629777605325e-05,1.0008511481556226e+17,1.1895145454017836e+20,1.5357919101745596e+22,1.4045593704706093e+22,1.2126731132370627,0.0008277498243451193
oc,100.0,1.1335790912490644,3.239613612005532e-10,2.9451032836413926e-05,1.0023584433852765e+17,1.1890859287433249e+20,1.5357919101745596e+22,1.4061677899314222e+22,1.2126653445491822,0.0008615744174263177
oc,100.0,1.1335790912490644,3.3692677510299696e-10,3.062970682754518e-05,1.0038758576204328e+17,1.1886506834218675e+20,1.5357919101745596e+22,1.4077810247466337e+22,1.2126571904900996,0.0008959213444569219
oc,100.0,1.1335790912490644,3.5009633327559573e-10,3.182693938869052e-05,1.0054032970401912e+17,1.188208709076967e+20,1.5357919101745596e+22,1.409398773164522e+22,1.2126486408712687,0.0009307985071784181
oc,100.0,1.1335790912490644,3.634732495304549e-10,3.304302268458681e-05,1.0069406644480008e+17,1.1877599039022136e+20,1.5357919101745596e+22,1.4110207259810111e+22,1.2126396853389751,0.0009662139216817851
oc,100.0,1.1335790912490644,3.770607882569443e-10,3.427825347790403e-05,1.0084878593301558e+17,1.187304164627066e+20,1.5357919101745596e+22,1.4126465665914857e+22,1.2126303133743892,0.0010021757198877415
oc,100.0,1.1335790912490644,3.908622652197824e-10,3.55329332017984e-05,1.0100447779222386e+17,1.186841386498345e+20,1.5357919101745596e+22,1.4142759710534748e+22,1.21262051429372,0.001038692151056919
oc,100.0,1.1335790912490644,4.048810483650578e-10,3.680736803318707e-05,1.0116113132824629e+17,1.1863714632617519e+20,1.5357919101745596e+22,1.4159086081589035e+22,1.2126102772484775,0.0010757715833019064
oc,100.0,1.1335790912490644,4.191205586421276e-10,3.8101868967466146e-05,1.0131873553730894e+17,1.1858942871431556e+20,1.5357919101745596e+22,1.417544139517325e+22,1.2125995912258347,0.0011134225051215925
oc,100.0,1.1335790912490644,4.335842708358961e-10,3.9416751894172375e-05,1.014772791149467e+17,1.1854097488297943e+20,1.5357919101745596e+22,1.419182219649707e+22,1.2125884450491087,0.00115165352694266
oc,100.0,1.1335790912490644,4.482757144155802e-10,4.075233767414366e-05,1.0163675046575675e+17,1.1849177374512521e+20,1.5357919101745596e+22,1.420822496093694e+22,1.2125768273783397,0.0011904733826837556
oc,100.0,1.1335790912490644,4.631984743932449e-10,4.210895221756772e-05,1.0179713771394939e+17,1.1844181405604327e+20,1.5357919101745596e+22,1.422464609519813e+22,1.2125647267109974,0.0012298909313239416
oc,100.0,1.1335790912490644,4.783561921957724e-10,4.348692656325204e-05,1.0195842871475696e+17,1.1839108441144368e+20,1.5357919101745596e+22,1.4241081938595484e+22,1.2125521313827923,0.0012699151584844596
oc,100.0,1.1335790912490644,4.937525665545395e-10,4.488659695950359e-05,1.021206110667613e+17,1.1833957324551581e+20,1.5357919101745596e+22,1.4257528764455251e+22,1.2125390295686096,0.0013105551780344174
oc,100.0,1.1335790912490644,5.093913544079176e-10,4.630830494617433e-05,1.022836721251089e+17,1.1828726882897954e+20,1.5357919101745596e+22,1.4273982781638956e+22,1.212525409283554,0.0013518202337067834
oc,100.0,1.1335790912490644,5.252763718117115e-10,4.775239743742832e-05,1.024475990155777e+17,1.1823415926714728e+20,1.5357919101745596e+22,1.429044013618361e+22,1.2125112583841284,0.0013937197007111008
oc,100.0,1.1335790912490644,5.414114948721904e-10,4.9219226806562766e-05,1.0261237864966746e+17,1.1818023249795075e+20,1.5357919101745596e+22,1.4306896913077725e+22,1.212496564569521,0.0014362630873808574
oc,100.0,1.1335790912490644,5.578006606901109e-10,5.0709150971828265e-05,1.0277799774060576e+17,1.1812547628996826e+20,1.5357919101745596e+22,1.4323349138160816e+22,1.2124813153830203,0.001479460036824124
oc,100.0,1.1335790912490644,5.744478683175624e-10,5.222253348341477e-05,1.0294444282030808e+17,1.1806987824044576e+20,1.5357919101745596e+22,1.433979278015075e+22,1.2124654982135574,0.0015233203285815297
oc,100.0,1.1335790912490644,5.91357179736185e-10,5.375974361238045e-05,1.0311170025738475e+17,1.1801342577329024e+20,1.5357919101745596e+22,1.4356223752809918e+22,1.2124491002973645,0.0015678538803133002
oc,100.0,1.1335790912490644,6.085327208414926e-10,5.532115644013569e-05,1.0327975627606258e+17,1.1795610613708802e+20,1.5357919101745596e+22,1.4372637917233885e+22,1.2124321087197683,0.0016130707494743013
oc,100.0,1.1335790912490644,6.259786824534542e-10,5.690715295031401e-05,1.0344859697622722e+17,1.1789790640307788e+20,1.5357919101745596e+22,1.4389031084286387e+22,1.2124145104171002,0.001658981135029324
oc,100.0,1.1335790912490644,6.436993213319586e-10,5.851812012108715e-05,1.0361820835438493e+17,1.178388134631495e+20,1.5357919101745596e+22,1.4405399017157416e+22,1.2123962921787417,0.0017055953791514553
oc,100.0,1.1335790912490644,6.61698961216095e-10,6.0154451019645006e-05,1.037885763257409e+17,1.1777881402781177e+20,1.5357919101745596e+22,1.4421737434065431e+22,1.2123774406492887,0.0017529239689524723
oc,100.0,1.1335790912490644,6.799819938774765e-10,6.181654489795241e-05,1.039596867473038e+17,1.1771789462416748e+20,1.5357919101745596e+22,1.4438042011094733e+22,1.212357942330843,0.0018009775382186084
oc,100.0,1.1335790912490644,6.985528801894402e-10,6.350480728994912e-05,1.041315254420383e+17,1.1765604159387912e+20,1.5357919101745596e+22,1.4454308385166878e+22,1.2123377835854325,0.0018497668691555699
oc,100.0,1.1335790912490644,7.174161512115141e-10,6.521965011013764e-05,1.0430407822406533e+17,1.1759324109113431e+20,1.5357919101745596e+22,1.4470532157148578e+22,1.2123169506375528,0.0018993028941402218
oc,100.0,1.1335790912490644,7.365764092976956e-10,6.696149175433597e-05,1.0447733092499147e+17,1.1752947908058921e+20,1.5357919101745596e+22,1.4486708895102047e+22,1.2122954295768305,0.00194959669750039
oc,100.0,1.1335790912490644,7.560383292083972e-10,6.873075720076338e-05,1.0465126942118078e+17,1.1746474133535718e+20,1.5357919101745596e+22,1.450283413765894e+22,1.2122732063608206,0.0020006595172688303
oc,100.0,1.1335790912490644,7.758066592602475e-10,7.052787811456795e-05,1.0482587966227515e+17,1.1739901343491929e+20,1.5357919101745596e+22,1.4518903397544043e+22,1.2122502668179023,0.0020525027470000698
oc,100.0,1.1335790912490644,7.958862224722307e-10,7.235329295202098e-05,1.0500114770058797e+17,1.1733228076310947e+20,1.5357919101745596e+22,1.4534912165216529e+22,1.2122265966503185,0.002105137937540045
oc,100.0,1.1335790912490644,8.162819177441882e-10,7.420744706765348e-05,1.051770597216873e+17,1.172645285060587e+20,1.5357919101745596e+22,1.4550855912653341e+22,1.2122021814373152,0.0021585767988419554
oc,100.0,1.1335790912490644,8.369987210505857e-10,7.609079282278053e-05,1.0535360207600293e+17,1.17195741650142e+20,1.5357919101745596e+22,1.4566730097258473e+22,1.2121770066384003,0.0022128312017823046
oc,100.0,1.1335790912490644,8.580416866495465e-10,7.800378969541333e-05,1.0553076131144854e+17,1.1712590497993877e+20,1.5357919101745596e+22,1.458253016589657e+22,1.2121510575967145,0.0022679131799759568
oc,100.0,1.1335790912490644,8.794159483138664e-10,7.994690439216967e-05,1.0570852420710557e+17,1.1705500307619488e+20,1.5357919101745596e+22,1.4598251559053458e+22,1.2121243195425093,0.002323834931606596
oc,100.0,1.1335790912490644,9.011267205821794e-10,8.19206109620163e-05,1.0588687780793e+17,1.1698302031378032e+20,1.5357919101745596e+22,1.4613889715117023e+22,1.2120967775967295,0.0023806088212665103
oc,100.0,1.1335790912490644,9.231793000253896e-10,8.392539091139906e-05,1.0606580946042698e+17,1.1690994085966193e+20,1.5357919101745596e+22,1.4629440074770503e+22,1.2120684167746967,0.0024382473817916423
oc,100.0,1.1335790912490644,9.455790665399698e-10,8.596173332181545e-05,1.0624530684936387e+17,1.1683574867087059e+20,1.5357919101745596e+22,1.4644898085504568e+22,1.2120392219898857,0.0024967633161209267
oc,100.0,1.1335790912490644,9.683314846528623e-10,8.803013496844203e-05,1.0642535803537634e+17,1.167604274924996e+20,1.5357919101745596e+22,1.466025920623206e+22,1.2120091780578017,0.002556169499138627
oc,100.0,1.1335790912490644,9.914421048550782e-10,9.013110044137074e-05,1.0660595149357043e+17,1.1668396085567888e+20,1.5357919101745596e+22,1.4675518912008123e+22,1.2119782696999335,0.0026164789795429734
oc,100.0,1.1335790912490644,1.014916564950563e-09,9.226514226823301e-05,1.0678707615299011e+17,1.1660633207559155e+20,1.5357919101745596e+22,1.4690672698846656e+22,1.211946481547795,0.002677704981704545
oc,100.0,1.1335790912490644,1.0387605914276564e-09,9.443278103887787e-05,1.0696872143696722e+17,1.165275242494898e+20,1.5357919101745596e+22,1.4705716088627255e+22,1.211913798147041,0.002739860907532079
oc,100.0,1.1335790912490644,1.0629800008555845e-09,9.663454553232587e-05,1.0715087730434069e+17,1.1644752025470845e+20,1.5357919101745596e+22,1.4720644634089183e+22,1.211880203961649,0.002802960338350534
oc,100.0,1.1335790912490644,1.0875807012974414e-09,9.887097284522195e-05,1.0733353429143662e+17,1.1636630274672633e+20,1.5357919101745596e+22,1.4735453923901205e+22,1.211845683378169,0.002867017036767555
oc,100.0,1.1335790912490644,1.1125686937469846e-09,0.00010114260852245316,1.0751668355482246e+17,1.1628385415722457e+20,1.5357919101745596e+22,1.4750139587799785e+22,1.2118102207100288,0.0029320449485458603
oc,100.0,1.1335790912490644,1.1379500735910763e-09,0.00010345000669009785,1.0770031691480294e+17,1.1620015669215722e+20,1.5357919101745596e+22,1.4764697301794096e+22,1.2117738002018827,0.002998058204484658
oc,100.0,1.1335790912490644,1.1637310320904425e-09,0.00010579373019004024,1.0788442689955237e+17,1.16115192329868e+20,1.5357919101745596e+22,1.4779122793421958e+22,1.211736406034011,0.003065071122289315
oc,100.0,1.1335790912490644,1.1899178578885228e-09,0.00010817435071713843,1.0806900678990392e+17,1.1602894281919418e+20,1.5357919101745596e+22,1.4793411847052027e+22,1.2116980223267402,0.003133098208452978
oc,100.0,1.1335790912490644,1.2165169385374153e-09,0.00011059244895794684,1.0825405066465523e+17,1.1594138967763391e+20,1.5357919101745596e+22,1.4807560309219307e+22,1.2116586331449013,0.003202154160119782
oc,100.0,1.1335790912490644,1.243534762056797e-09,0.0001130486147324361,1.0843955344645637e+17,1.1585251418950294e+20,1.5357919101745596e+22,1.482156409399264e+22,1.2116182225022918,0.0032722538669690644
oc,100.0,1.1335790912490644,1.2709779185062774e-09,0.00011554344713693432,1.0862551094806563e+17,1.1576229740414937e+20,1.5357919101745596e+22,1.4835419188348559e+22,1.2115767743661578,0.00334341241306796
oc,100.0,1.1335790912490644,1.2988531015943882e-09,0.00011807755469039893,1.088119199190823e+17,1.1567072013417787e+20,1.5357919101745596e+22,1.4849121657561471e+22,1.2115342726616576,0.0034156450787506845
oc,100.0,1.1335790912490644,1.327167110300398e-09,0.00012065155548185436,1.089987780929149e+17,1.1557776295372369e+20,1.5357919101745596e+22,1.4862667650576316e+22,1.2114907012763316,0.0034889673424607346
oc,100.0,1.1335790912490644,1.3559268505321519e-09,0.00012326607732110473,1.0918608423407942e+17,1.1548340619674927e+20,1.5357919101745596e+22,1.4876053405373523e+22,1.211446044064533,0.003563394882614147
oc,100.0,1.1335790912490644,1.3851393368040642e-09,0.00012592175789127857,1.0937383818564288e+17,1.1538762995538292e+20,1.5357919101745596e+22,1.4889275254298701e+22,1.2114002848518353,0.0036389435794405706
oc,100.0,1.1335790912490644,1.4148116939419752e-09,0.00012861924490381593,1.0956204091678078e+17,1.1529041407830011e+20,1.5357919101745596e+22,1.490232962935193e+22,1.2113534074393968,0.003715629516817424
oc,100.0,1.1335790912490644,1.4449511588185415e-09,0.00013135919625623105,1.0975069457039826e+17,1.1519173816914203e+20,1.5357919101745596e+22,1.4915213067425933e+22,1.2113053956082633,0.0037934689841044073
oc,100.0,1.1335790912490644,1.475565082107555e-09,0.0001341422801915959,1.0993980251065456e+17,1.1509158158499047e+20,1.5357919101745596e+22,1.492792221547107e+22,1.211256233123618,0.0038724784779461223
oc,100.0,1.1335790912490644,1.5066609300761201e-09,0.00013696917546146548,1.1012936937042954e+17,1.1498992343488035e+20,1.5357919101745596e+22,1.49404538355874e+22,1.2112059037389424,0.003952674704089414
oc,100.0,1.1335790912490644,1.5382462863975932e-09,0.0001398405714906903,1.1031940109854194e+17,1.1488674257836053e+20,1.5357919101745596e+22,1.4952804810016877e+22,1.2111543912000957,0.004034074579168869
oc,100.0,1.1335790912490644,1.5703288539944404e-09,0.00014275716854494913,1.1050990500668757e+17,1.1478201762413275e+20,1.5357919101745596e+22,1.4964972146032703e+22,1.2111016792492955,0.0041166952324817215
oc,100.0,1.1335790912490644,1.602916456910408e-09,0.0001457196779009462,1.1070088981600912e+17,1.1467572692871843e+20,1.5357919101745596e+22,1.4976952980704491e+22,1.2110477516289864,0.004200554007748087
oc,100.0,1.1335790912490644,1.636017042215665e-09,0.0001487288220196059,1.1089236570322704e+17,1.1456784859520172e+20,1.5357919101745596e+22,1.4988744585532404e+22,1.2109925920855786,0.004285668464863369
oc,100.0,1.1335790912490644,1.6696386819333165e-09,0.00015178533472121059,1.1108434434617413e+17,1.1445836047203844e+20,1.5357919101745596e+22,1.5000344370927368e+22,1.2109361843730655,0.004372056381610373
oc,100.0,1.1335790912490644,1.703789575003778e-09,0.0001548899613639798,1.1127683896874069e+17,1.1434724015193311e+20,1.5357919101745596e+22,1.5011749890533437e+22,1.210878512256484,0.004459735755370876
oc,100.0,1.1335790912490644,1.738478049276626e-09,0.00015804345902514783,1.1146986438507866e+17,1.1423446497077343e+20,1.5357919101745596e+22,1.5022958845369659e+22,1.2108195595152196,0.004548724804807167
oc,100.0,1.1335790912490644,1.7737125635354234e-09,0.0001612465966850385,1.1166343704300645e+17,1.14120012006659e+20,1.5357919101745596e+22,1.503396908778345e+22,1.2107593099461404,0.004639041971524849
oc,100.0,1.1335790912490644,1.8095017095494103e-09,0.00016450015541358276,1.1185757506648742e+17,1.1400385807899954e+20,1.5357919101745596e+22,1.504477862519654e+22,1.2106977473665579,0.004730705921698378
oc,100.0,1.1335790912490644,1.845854214164888e-09,0.00016780492856044438,1.1205229829716856e+17,1.1388597974769874e+20,1.5357919101745596e+22,1.5055385623636637e+22,1.21063485561698,0.004823735547689214
oc,100.0,1.1335790912490644,1.8827789414216367e-09,0.00017116172194742152,1.1224762833480429e+17,1.1376635331242231e+20,1.5357919101745596e+22,1.5065788411032149e+22,1.2105706185636793,0.00491814996961601
oc,100.0,1.1335790912490644,1.9202848947090234e-09,0.00017457135406445667,1.124435885765637e+17,1.1364495481196516e+20,1.5357919101745596e+22,1.507598548026761e+22,1.2105050201010297,0.005013968536911235
oc,100.0,1.1335790912490644,1.958381218950811e-09,0.00017803465626825554,1.126402042550715e+17,1.1352176002370439e+20,1.5357919101745596e+22,1.5085975491975724e+22,1.2104380441536318,0.00511121082983293
oc,100.0,1.1335790912490644,1.9970772028266025e-09,0.0001815524729842366,1.1283750247514947e+17,1.1339674446316796e+20,1.5357919101745596e+22,1.5095757277064086e+22,1.2103696746781978,0.005209896660948623
oc,100.0,1.1335790912490644,2.0363822810287035e-09,0.00018512566191170032,1.1303551224916629e+17,1.1326988338369148e+20,1.5357919101745596e+22,1.510532983895627e+22,1.210299895665193,0.005310046076584911
oc,100.0,1.1335790912490644,2.0763060365507346e-09,0.00018875509423188497,1.1323426453090502e+17,1.131411517762031e+20,1.5357919101745596e+22,1.511469235554153e+22,1.2102286911402305,0.005411679358229972
oc,100.0,1.1335790912490644,2.1168582030189895e-09,0.00019244165481990816,1.1343379224792325e+17,1.1301052436910727e+20,1.5357919101745596e+22,1.5123844180820676e+22,1.2101560451651932,0.005514817023913484
oc,100.0,1.1335790912490644,2.158048667047607e-09,0.0001961862424588734,1.1363413033225397e+17,1.1287797562831484e+20,1.5357919101745596e+22,1.5132784846233649e+22,1.21008194183911,0.005619479829512178
oc,100.0,1.1335790912490644,2.199887470647477e-09,0.00019998977005886154,1.1383531574952138e+17,1.127434797573669e+20,1.5357919101745596e+22,1.5141514061669735e+22,1.2100063652987285,0.005725688770053473
oc,100.0,1.1335790912490644,2.242384813658349e-09,0.00020385316487803173,1.1403738752626936e+17,1.126070106977176e+20,1.5357919101745596e+22,1.5150031716140263e+22,1.2099292997188325,0.005833465080935788
oc,100.0,1.1335790912490644,2.285551056227353e-09,0.00020777736874794117,1.1424038677555624e+17,1.1246854212913822e+20,1.5357919101745596e+22,1.5158337878112959e+22,1.2098507293122567,0.005942830239120655
oc,100.0,1.1335790912490644,2.3293967213192655e-09,0.00021176333830175142,1.144443567207036e+17,1.123280474702917e+20,1.5357919101745596e+22,1.5166432795500411e+22,1.2097706383296274,0.006053805964255511
oc,100.0,1.1335790912490644,2.3739324972774643e-09,0.00021581204520704222,1.146493427172425e+17,1.1218549987940675e+20,1.5357919101745596e+22,1.5174316895294886e+22,1.2096890110587868,0.006166414219771093
oc,100.0,1.1335790912490644,2.419169240409913e-09,0.00021992447640090118,1.1485539227290418e+17,1.120408722551711e+20,1.5357919101745596e+22,1.5181990782844795e+22,1.209605831823951,0.006280677213884378
oc,100.0,1.1335790912490644,2.4651179776252194e-09,0.00022410163432956542,1.1506255506574666e+17,1.1189413723775225e+20,1.5357919101745596e+22,1.5189455240771895e+22,1.2095210849845535,0.00639661740056628
oc,100.0,1.1335790912490644,2.5117899091126605e-09,0.00022834453719206005,1.1527088296036595e+17,1.117452672099728e+20,1.5357919101745596e+22,1.519671122752325e+22,1.2094347549337876,0.006514257480454222
oc,100.0,1.1335790912490644,2.5591964110509015e-09,0.00023265421918644558,1.1548043002211389e+17,1.1159423429871544e+20,1.5357919101745596e+22,1.5203759875558142e+22,1.209346826096879,0.006633620401666755
oc,100.0,1.1335790912490644,2.607349038376561e-09,0.00023703173076150552,1.1569125252945462e+17,1.1144101037645295e+20,1.5357919101745596e+22,1.52106024891712e+22,1.2092572829290327,0.006754729360594231
oc,100.0,1.1335790912490644,2.656259527577809e-09,0.0002414781388707099,1.1590340898431541e+17,1.1128556706302149e+20,1.5357919101745596e+22,1.521724054194758e+22,1.2091661099131281,0.006877607802573241
oc,100.0,1.1335790912490644,2.7059397995459752e-09,0.0002459945272314523,1.1611696012059032e+17,1.111278757275547e+20,1.5357919101745596e+22,1.5223675673860203e+22,1.2090732915571025,0.007002279422523172
oc,100.0,1.1335790912490644,2.756401962466237e-09,0.00025058199658783975,1.1633196891073397e+17,1.1096790749064374e+20,1.5357919101745596e+22,1.5229909688006136e+22,1.208978812391068,0.007128768165492388
oc,100.0,1.1335790912490644,2.8076583147473855e-09,0.00025524166497703504,1.1654850057048442e+17,1.1080563322672392e+20,1.5357919101745596e+22,1.523594454699112e+22,1.2088826569641744,0.00725709822710928
oc,100.0,1.1335790912490644,2.8597213480120453e-09,0.00025997466800109503,1.1676662256184531e+17,1.106410235666423e+20,1.5357919101745596e+22,1.524178236896664e+22,1.2087848098411844,0.007387294053986708
oc,100.0,1.1335790912490644,2.9126037501180366e-09,0.0002647821591016397,1.1698640459425464e+17,1.1047404890050802e+20,1.5357919101745596e+22,1.5247425423327617e+22,1.2086852555988299,0.007519380344001293
oc,100.0,1.1335790912490644,2.9663184082353023e-09,0.00026966530983957293,1.1720791862411037e+17,1.103046793807566e+20,1.5357919101745596e+22,1.525287612608186e+22,1.2085839788219184,0.007653382046503576
oc,100.0,1.1335790912490644,3.020878411969852e-09,0.00027462531017907743,1.1743123885268547e+17,1.1013288492546305e+20,1.5357919101745596e+22,1.525813703489815e+22,1.208480964099221,0.0077893243624322815
oc,100.0,1.1335790912490644,3.0762970565353374e-09,0.0002796633687759398,1.176564417225198e+17,1.099586352219197e+20,1.5357919101745596e+22,1.526321084384808e+22,1.208376196019153,0.00792723274432882
oc,100.0,1.1335790912490644,3.1325878459722566e-09,0.00028478071327020515,1.1788360591238251e+17,1.0978189973048826e+20,1.5357919101745596e+22,1.526810037785285e+22,1.2082696591652737,0.008067132896246545
oc,100.0,1.1335790912490644,3.189764496423941e-09,0.00028997859058399467,1.1811281233093837e+17,1.0960264768871003e+20,1.5357919101745596e+22,1.5272808586851312e+22,1.208161338111599,0.008209050773571891
oc,100.0,1.1335790912490644,3.247840939454072e-09,0.00029525826722309745,1.1834414410918042e+17,1.0942084811573214e+20,1.5357919101745596e+22,1.5277338539702822e+22,1.208051217417784,0.008353012582713724
oc,100.0,1.1335790912490644,3.306831325422199e-09,0.0003006210295838363,1.1857768659180512e+17,1.0923646981701093e+20,1.5357919101745596e+22,1.5281693417843339e+22,1.2079392816241614,0.008499044780696052
oc,100.0,1.1335790912490644,3.366750026913612e-09,0.0003060681842648738,1.1881352732765683e+17,1.090494813893197e+20,1.5357919101745596e+22,1.528587650871318e+22,1.2078255152466681,0.00864717407463896
oc,100.0,1.1335790912490644,3.427611642213779e-09,0.00031160105838307084,1.1905175605933693e+17,1.088598512261019e+20,1.5357919101745596e+22,1.5289891198973568e+22,1.2077099027717093,0.008797427421097582
oc,100.0,1.1335790912490644,3.489430998849352e-09,0.00031722099989539565,1.1929246471221547e+17,1.0866754752311566e+20,1.5357919101745596e+22,1.5293740967536387e+22,1.207592428650932,0.008949832025307301
oc,100.0,1.1335790912490644,3.552223157170686e-09,0.00032292937792460785,1.1953574738290638e+17,1.0847253828446033e+20,1.5357919101745596e+22,1.5297429378422056e+22,1.207473077295998,0.009104415340267001
oc,100.0,1.1335790912490644,3.6160034140021447e-09,0.00032872758309110406,1.197817003274705e+17,1.0827479132891793e+20,1.5357919101745596e+22,1.5300960073475017e+22,1.2073518330733222,0.00926120506571886
oc,100.0,1.1335790912490644,3.680787306341249e-09,0.00033461702784920444,1.2003042194945258e+17,1.0807427429668194e+20,1.5357919101745596e+22,1.5304336764953495e+22,1.2072286802988492,0.00942022914697142
oc,100.0,1.1335790912490644,3.746590615119505e-09,0.0003405991468290459,1.2028201278797427e+17,1.0787095465644782e+20,1.5357919101745596e+22,1.5307563228020517e+22,1.2071036032328735,0.00958151577359095
oc,100.0,1.1335790912490644,3.813429369018795e-09,0.0003466753971835268,1.205365755060459e+17,1.0766479971289935e+20,1.5357919101745596e+22,1.5310643293158914e+22,1.206976586074941,0.009745093377939372
oc,100.0,1.1335790912490644,3.881319848351272e-09,0.00035284725894102476,1.2079421487932522e+17,1.0745577661458101e+20,1.5357919101745596e+22,1.5313580838536396e+22,1.2068476129588566,0.009910990633571351
oc,100.0,1.1335790912490644,3.950278588993605e-09,0.00035911623536305504,1.2105503778547603e+17,1.0724385236219906e+20,1.5357919101745596e+22,1.531637978234264e+22,1.2067166679478385,0.010079236453461196
oc,100.0,1.1335790912490644,4.020322386390218e-09,0.00036548385330820166,1.2131915319439168e+17,1.0702899381732236e+20,1.5357919101745596e+22,1.5319044075127795e+22,1.206583735029831,0.010249859988088377
oc,100.0,1.1335790912490644,4.091468299609047e-09,0.00037195166360082244,1.215866721594116e+17,1.0681116771154815e+20,1.5357919101745596e+22,1.5321577692163008e+22,1.2064487981130387,0.01042289062333421
oc,100.0,1.1335790912490644,4.1637336554724015e-09,0.00037852124140658194,1.2185770780983677e+17,1.0659034065607993e+20,1.5357919101745596e+22,1.5323984625852645e+22,1.2063118410216687,0.010598357978237539
oc,100.0,1.1335790912490644,4.2371360527360675e-09,0.0003851941866123698,1.2213237534483528e+17,1.0636647915181526e+20,1.5357919101745596e+22,1.5326268878218594e+22,1.2061728474919675,0.010776291902536681
oc,100.0,1.1335790912490644,4.311693366352676e-09,0.0003919721242138796,1.2241079202909837e+17,1.061395495998494e+20,1.5357919101745596e+22,1.5328434453486626e+22,1.20603180116852,0.010956722474077665
oc,100.0,1.1335790912490644,4.387423751783914e-09,0.0003988567047076286,1.2269307719030546e+17,1.0590951831251919e+20,1.5357919101745596e+22,1.5330485350793856e+22,1.2058886856009037,0.011139679995995248
oc,100.0,1.1335790912490644,4.464345649389079e-09,0.00040584960448991625,1.2297935221872005e+17,1.0567635152492013e+20,1.5357919101745596e+22,1.533242555704533e+22,1.2057434842406827,0.01132519499372567
oc,100.0,1.1335790912490644,4.5424777888789516e-09,0.00041295252626172285,1.2326974056907378e+17,1.0544001540694594e+20,1.5357919101745596e+22,1.533425903993963e+22,1.2055961804387936,0.01151329821181674
oc,100.0,1.1335790912490644,4.621839193842958e-09,0.0004201671994402689,1.235643677649768e+17,1.052004760758443e+20,1.5357919101745596e+22,1.533598974118753e+22,1.2054467574433374,0.011704020610546498
oc,100.0,1.1335790912490644,4.702449186337998e-09,0.00042749538057618164,1.2386336140600651e+17,1.0495769960933972e+20,1.5357919101745596e+22,1.5337621569945748e+22,1.2052951983978295,0.011897393362314587
oc,100.0,1.1335790912490644,4.784327391556042e-09,0.00043493885377782204,1.241668511777337e+17,1.0471165205928963e+20,1.5357919101745596e+22,1.533915839648316e+22,1.2051414863399048,0.012093447847839441
oc,100.0,1.1335790912490644,4.8674937425619564e-09,0.0004424994311419961,1.2447496886484072e+17,1.0446229946591519e+20,1.5357919101745596e+22,1.5340604046100136e+22,1.2049856042005227,0.012292215652132517
oc,100.0,1.1335790912490644,4.951968485102764e-09,0.0004501789531911604,1.2478784836752942e+17,1.0420960787262151e+20,1.5357919101745596e+22,1.5341962293320503e+22,1.2048275348036912,0.012493728560244324
oc,100.0,1.1335790912490644,5.03777218249446e-09,0.0004579792893176782,1.2510562572140995e+17,1.039535433414053e+20,1.5357919101745596e+22,1.5343236856369073e+22,1.204667260866731,0.012698018552788562
oc,100.0,1.1335790912490644,5.124925720582707e-09,0.00046590233823479155,1.254284391210271e+17,1.036940719688781e+20,1.5357919101745596e+22,1.5344431391952289e+22,1.2045047650011032,0.012905117801227156
oc,100.0,1.1335790912490644,5.213450312782919e-09,0.0004739500284348108,1.2575642894720878e+17,1.0343115990290719e+20,1.5357919101745596e+22,1.5345549490354152e+22,1.2043400297138127,0.013115058662920849
oc,100.0,1.1335790912490644,5.30336750519117e-09,0.0004821243186537427,1.2608973779835938e+17,1.0316477335991525e+20,1.5357919101745596e+22,1.5346594670859478e+22,1.2041730374094304,0.01332787367591651
oc,100.0,1.1335790912490644,5.394699181784867e-09,0.0004904271983440789,1.2642851052591246e+17,1.0289487864279713e+20,1.5357919101745596e+22,1.53475703775148e+22,1.2040037703927036,0.013543595553507514
oc,100.0,1.1335790912490644,5.487467569696092e-09,0.0004988606881541902,1.2677289427400491e+17,1.026214421595247e+20,1.5357919101745596e+22,1.5348479975233358e+22,1.203832210871818,0.013762257178517862
oc,100.0,1.1335790912490644,5.581695244568585e-09,0.0005074268404153259,1.2712303852355235e+17,1.0234443044242538e+20,1.5357919101745596e+22,1.5349326746255073e+22,1.20365834096229,0.013983891597327495
oc,100.0,1.1335790912490644,5.6774051360002356e-09,0.000516127739636385,1.2747909514083907e+17,1.0206381016814389e+20,1.5357919101745596e+22,1.53501138869604e+22,1.2034821426915114,0.01420853201363424
oc,100.0,1.1335790912490644,5.7746205330643226e-09,0.0005249655030058475,1.2784121843070574e+17,1.017795481783163e+20,1.5357919101745596e+22,1.535084450504643e+22,1.2033035980039586,0.014436211781927786
oc,100.0,1.1335790912490644,5.873365089922977e-09,0.0005339422809020888,1.2820956519447368e+17,1.0149161150094364e+20,1.5357919101745596e+22,1.5351521617062144e+22,1.2031226887670565,0.0146669644006984
oc,100.0,1.1335790912490644,5.973662831521231e-09,0.000543060257411021,1.285842947926526e+17,1.0119996737251646e+20,1.5357919101745596e+22,1.5352148146304865e+22,1.2029393967777209,0.01490082350534426
oc,100.0,1.1335790912490644,6.075538159372062e-09,0.0005523216508520057,1.2896556921254766e+17,1.009045832608572e+20,1.5357919101745596e+22,1.5352726921075059e+22,1.202753703769565,0.01513782286079285
oc,100.0,1.1335790912490644,6.179015857431192e-09,0.0005617287143119265,1.2935355314081002e+17,1.0060542688871956e+20,1.5357919101745596e+22,1.5353260673282733e+22,1.2025655914207753,0.015377996353824563
oc,100.0,1.1335790912490644,6.284121098061035e-09,0.0005712837361873668,1.2974841404099923e+17,1.003024662581574e+20,1.5357919101745596e+22,1.5353752037404906e+22,1.2023750413626573,0.015621377985088156
oc,100.0,1.1335790912490644,6.390879448088693e-09,0.0005809890407353357,1.301503222362152e+17,9.999566967564422e+19,1.5357919101745596e+22,1.5354203549780245e+22,1.2021820351888366,0.015868001860810492
oc,100.0,1.1335790912490644,6.49931687495614e-09,0.0005908469886323764,1.305594509968205e+17,9.96850057779968e+19,1.5357919101745596e+22,1.5354617648237498e+22,1.201986554465124,0.016117902184187335
oc,100.0,1.1335790912490644,6.609459752962621e-09,0.0006008599775420564,1.3097597663328886e+17,9.937044355907833e+19,1.5357919101745596e+22,1.5354996672043569e+22,1.2017885807400295,0.01637111324644635
oc,100.0,1.1335790912490644,6.721334869610851e-09,0.0006110304426918955,1.3140007859424486e+17,9.905195239729191e+19,1.5357919101745596e+22,1.5355342862162023e+22,1.2015880955558997,0.016627669417600112
oc,100.0,1.1335790912490644,6.83496943204237e-09,0.0006213608574583973,1.3183193956964086e+17,9.87295020838961e+19,1.5357919101745596e+22,1.535565836180652e+22,1.2013850804606996,0.016887605136846538
oc,100.0,1.1335790912490644,6.950391073580364e-09,0.0006318537339618513,1.3227174559915211e+17,9.840306285211517e+19,1.5357919101745596e+22,1.5355945217277297e+22,1.2011795170203925,0.01715095490264995
oc,100.0,1.1335790912490644,7.067627860364078e-09,0.0006425116236694617,1.3271968618573566e+17,9.807260540708966e+19,1.5357919101745596e+22,1.5356205379064647e+22,1.2009713868319332,0.017417753262457713
oc,100.0,1.1335790912490644,7.186708298094979e-09,0.0006533371180086345,1.3317595441441258e+17,9.773810095663024e+19,1.5357919101745596e+22,1.5356440703202486e+22,1.200760671536829,0.01768803480208973
oc,100.0,1.1335790912490644,7.30766133887939e-09,0.0006643328489890354,1.3364074707620994e+17,9.73995212428095e+19,1.5357919101745596e+22,1.5356652952856027e+22,1.200547352835279,0.017961834134757333
oc,100.0,1.1335790912490644,7.430516388181651e-09,0.0006755014898346956,1.341142647973178e+17,9.70568385743859e+19,1.5357919101745596e+22,1.5356843800127766e+22,1.2003314125008546,0.018239185889735058
oc,100.0,1.1335790912490644,7.555303311878037e-09,0.0006868457556252761,1.3459671217338562e+17,9.671002586005871e+19,1.5357919101745596e+22,1.5357014828058912e+22,1.2001128323957155,0.01852012470065461
oc,100.0,1.1335790912490644,7.682052443429732e-09,0.0006983684039481575,1.3508829790903198e+17,9.635905664254358e+19,1.5357919101745596e+22,1.5357167532814272e+22,1.1998915944863244,0.01880468519345416
oc,100.0,1.1335790912490644,7.810794591152303e-09,0.0007100722355593003,1.3558923496246512e+17,9.60039051335105e+19,1.5357919101745596e+22,1.535730332602746e+22,1.199667680859668,0.019092901973923784
oc,100.0,1.1335790912490644,7.941561045610335e-09,0.000721960095055485,1.3609974069529694e+17,9.564454624931237e+19,1.5357919101745596e+22,1.5357423537289028e+22,1.1994410737399297,0.019384809614903558
oc,100.0,1.1335790912490644,8.074383587114653e-09,0.0007340348715558775,1.3662003702746598e+17,9.528095564757982e+19,1.5357919101745596e+22,1.5357529416760096e+22,1.1992117555056263,0.019680442643075686
oc,100.0,1.1335790912490644,8.209294493341068e-09,0.0007462994993946426,1.3715035059733197e+17,9.491310976461403e+19,1.5357919101745596e+22,1.5357622137892083e+22,1.198979708707162,0.019979835525385316
oc,100.0,1.1335790912490644,8.346326547068184e-09,0.0007587569588243803,1.3769091292691286e+17,9.45409858535877e+19,1.5357919101745596e+22,1.5357702800233034e+22,1.1987449160847858,0.02028302265507691
oc,100.0,1.1335790912490644,8.485513044023895e-09,0.0007714102767294451,1.3824196059225274e+17,9.4164562023583e+19,1.5357919101745596e+22,1.535777243230681e+22,1.1985073605869472,0.020590038337315764
oc,100.0,1.1335790912490644,8.62688780086257e-09,0.0007842625273511428,1.3880373539897861e+17,9.378381727939846e+19,1.5357919101745596e+22,1.5357831994543364e+22,1.1982670253890033,0.02090091677443637
oc,100.0,1.1335790912490644,8.770485163261287e-09,0.0007973168330237534,1.393764845630445e+17,9.339873156214594e+19,1.5357919101745596e+22,1.5357882382246732e+22,1.1980238939122674,0.02121569205078485
oc,100.0,1.1335790912490644,8.916340014136991e-09,0.0008105763649215447,1.3996046089667003e+17,9.300928579062612e+19,1.5357919101745596e+22,1.5357924428582081e+22,1.1977779498433907,0.02153439811715285
oc,100.0,1.1335790912490644,9.064487781994312e-09,0.0008240443438176648,1.4055592299954802e+17,9.261546190344544e+19,1.5357919101745596e+22,1.5357958907570304e+22,1.1975291771540364,0.02185706877481806
oc,100.0,1.1335790912490644,9.214964449395513e-09,0.0008377240408541375,1.4116313545533448e+17,9.221724290188303e+19,1.5357919101745596e+22,1.535798653707202e+22,1.1972775601208419,0.02218373765916636
oc,100.0,1.1335790912490644,9.367806561569048e-09,0.0008516187783244589,1.4178236903351098e+17,9.181461289344788e+19,1.5357919101745596e+22,1.5358007981749364e+22,1.1970230833456352,0.022514438222925672
oc,100.0,1.1335790912490644,9.523051235139635e-09,0.0008657319304672395,1.4241390089664413e+17,9.140755713615338e+19,1.5357919101745596e+22,1.5358023855995085e+22,1.1967657317759057,0.022849203718968876
oc,100.0,1.1335790912490644,9.68073616699755e-09,0.0008800669242725045,1.4305801481314299e+17,9.099606208344231e+19,1.5357919101745596e+22,1.5358034726812062e+22,1.1965054907254982,0.0231880671827189
oc,100.0,1.1335790912490644,9.840899643304701e-09,0.0008946272403004274,1.4371500137562512e+17,9.058011542974492e+19,1.5357919101745596e+22,1.5358041116638536e+22,1.1962423458955074,0.023531061414145835
oc,100.0,1.1335790912490644,1.0003580548631985e-08,0.0009094164135119986,1.443851582249255e+17,9.015970615665982e+19,1.5357919101745596e+22,1.5358043506107423e+22,1.1959762833953784,0.023878218959339687
oc,100.0,1.1335790912490644,1.0168818375244415e-08,0.0009244380341131286,1.4506879027995037e+17,8.97348245796855e+19,1.5357919101745596e+22,1.535804233672927e+22,1.1957072897641685,0.024229572091690087
oc,100.0,1.1335790912490644,1.0336653232521809e-08,0.0009396957484110735,1.4576620997341904e+17,8.930546239550326e+19,1.5357919101745596e+22,1.535803801349541e+22,1.1954353519919756,0.02458515279264292
oc,100.0,1.1335790912490644,1.050712585652297e-08,0.0009551932596839063,1.4647773749367315e+17,8.887161272975693e+19,1.5357919101745596e+22,1.535803090739134e+22,1.1951604575415142,0.02494499273204771
oc,100.0,1.1335790912490644,1.0680277619703748e-08,0.0009709343290639771,1.472037010327288e+17,8.843327018526504e+19,1.5357919101745596e+22,1.5358021357818845e+22,1.1948825943698078,0.02530912324811472
oc,100.0,1.1335790912490644,1.0856150540770048e-08,0.0009869227764336408,1.479444370406503e+17,8.799043089067442e+19,1.5357919101745596e+22,1.5358009674918649e+22,1.1946017509500149,0.02567757532693927
oc,100.0,1.1335790912490644,1.103478729469387e-08,0.0010031624813358064,1.4870029048652906e+17,8.754309254943985e+19,1.5357919101745596e+22,1.5357996141792492e+22,1.1943179162933386,0.026050379581650702
oc,100.0,1.1335790912490644,1.1216231222873463e-08,0.0010196573838975875,1.4947161512617334e+17,8.709125448913058e+19,1.5357919101745596e+22,1.535798101662273e+22,1.1940310799710363,0.026427566231144447
oc,100.0,1.1335790912490644,1.1400526343451012e-08,0.0010364114857682738,1.502587737767466e+17,8.663491771098099e+19,1.5357919101745596e+22,1.5357964534685712e+22,1.1937412321364975,0.026809165078424617
oc,100.0,1.1335790912490644,1.1587717361786653e-08,0.001053428851071514,1.5106213859857072e+17,8.61740849396358e+19,1.5357919101745596e+22,1.5357946910260163e+22,1.1934483635473883,0.02719520548855391
oc,100.0,1.1335790912490644,1.1777849681093688e-08,0.0010707136073721535,1.5188209138431037e+17,8.570876067301904e+19,1.5357919101745596e+22,1.5357928338429739e+22,1.1931524655878358,0.027585716366221105
oc,100.0,1.1335790912490644,1.1970969413231335e-08,0.0010882699466573942,1.527190238557779e+17,8.52389512322743e+19,1.5357919101745596e+22,1.5357908996779458e+22,1.192853530290661,0.027980726132919208
oc,100.0,1.1335790912490644,1.216712338966297e-08,0.0011061021263329973,1.535733379686007e+17,8.476466481169608e+19,1.5357919101745596e+22,1.5357889046989142e+22,1.1925515503596253,0.02838026270375184
oc,100.0,1.1335790912490644,1.2366359172584106e-08,0.0011242144702349188,1.544454462250585e+17,8.4285911528578e+19,1.5357919101745596e+22,1.5357868636325934e+22,1.192246519191687,0.02878435346387838
oc,100.0,1.1335790912490644,1.2568725066213426e-08,0.001142611369655766,1.5533577199528813e+17,8.38027034729109e+19,1.5357919101745596e+22,1.5357847899034356e+22,1.1919384308992604,0.029193025244586432
oc,100.0,1.1335790912490644,1.2774270128259657e-08,0.0011612972843872416,1.562447498472104e+17,8.331505475683516e+19,1.5357919101745596e+22,1.5357826957631235e+22,1.1916272803324526,0.029606304299020857
oc,100.0,1.1335790912490644,1.2983044181557602e-08,0.0011802767437779638,1.5717282588542672e+17,8.282298156379036e+19,1.5357919101745596e+22,1.5357805924107971e+22,1.1913130631012758,0.030024216277559346
oc,100.0,1.1335790912490644,1.3195097825883073e-08,0.001199554347807552,1.58120458099408e+17,8.23265021972346e+19,1.5357919101745596e+22,1.5357784901039948e+22,1.1909957755978107,0.030446786202858536
oc,100.0,1.1335790912490644,1.3410482449947358e-08,0.0012191347681770326,1.5908811672131168e+17,8.182563712887823e+19,1.5357919101745596e+22,1.535776398261236e+22,1.1906754150183105,0.030874038444576722
oc,100.0,1.1335790912490644,1.3629250243573032e-08,0.0012390227494157302,1.600762845937171e+17,8.132040904630724e+19,1.5357919101745596e+22,1.535774325556091e+22,1.190351979385229,0.03130599669378246
oc,100.0,1.1335790912490644,1.3851454210046853e-08,0.0012592231100042595,1.6108545754759894e+17,8.081084289994064e+19,1.5357919101745596e+22,1.5357722800036134e+22,1.1900254675691704,0.03174268393704683
oc,100.0,1.1335790912490644,1.4077148178667454e-08,0.001279740743515223,1.6211614479095536e+17,8.029696594916033e+19,1.5357919101745596e+22,1.5357702690392727e+22,1.189695879310717,0.03218412243026159
oc,100.0,1.1335790912490644,1.4306386817481698e-08,0.0013005806197710634,1.631688693083774e+17,7.977880780755339e+19,1.5357919101745596e+22,1.5357682995908842e+22,1.189363215242138,0.03263033367217841
oc,100.0,1.1335790912490644,1.4539225646207298e-08,0.0013217477860188453,1.642441682719266e+17,7.925640048714102e+19,1.5357919101745596e+22,1.5357663781439561e+22,1.1890274769089608,0.03308133837767283
oc,100.0,1.1335790912490644,1.4775721049351432e-08,0.0013432473681228574,1.653425934637014e+17,7.872977844149599e+19,1.5357919101745596e+22,1.5357645108010134e+22,1.1886886667913812,0.0335371564507615
oc,100.0,1.1335790912490644,1.501593028953513e-08,0.0013650845717759208,1.6646471171050285e+17,7.81989786075916e+19,1.5357919101745596e+22,1.5357627033350174e+22,1.188346788325482,0.033997806957400754
oc,100.0,1.1335790912490644,1.525991152100331e-08,0.0013872646837275737,1.6761110533088256e+17,7.766404044632875e+19,1.5357919101745596e+22,1.5357609612375365e+22,1.18800184592427,0.034463308098038443
oc,100.0,1.1335790912490644,1.55077238033528e-08,0.001409793073032073,1.687823725951049e+17,7.712500598155638e+19,1.5357919101745596e+22,1.53575928976216e+22,1.1876538449984726,0.03493367717999225
oc,100.0,1.1335790912490644,1.5759427115455136e-08,0.0014326751923141035,1.6997912819828464e+17,7.65819198375084e+19,1.5357919101745596e+22,1.5357576939630968e+22,1.1873027919771033,0.035408930589621954
oc,100.0,1.1335790912490644,1.6015082369593702e-08,0.001455916579053973,1.712020037471961e+17,7.60348292745019e+19,1.5357919101745596e+22,1.5357561787298039e+22,1.186948694327752,0.03588908376434545
oc,100.0,1.1335790912490644,1.627475142581336e-08,0.0014795228568921237,1.724516482611439e+17,7.548378422277826e+19,1.5357919101745596e+22,1.5357547488176754e+22,1.1865915605765875,0.03637415116450809
oc,100.0,1.1335790912490644,1.6538497106481364e-08,0.0015034997369528513,1.7372872868728918e+17,7.492883731436475e+19,1.5357919101745596e+22,1.5357534088753798e+22,1.186231400328045,0.03686414624511717
oc,100.0,1.1335790912490644,1.6806383211068697e-08,0.0015278530191880635,1.7503393043088858e+17,7.437004391281055e+19,1.5357919101745596e+22,1.5357521634689253e+22,1.1858682242841692,0.03735908142747323
oc,100.0,1.1335790912490644,1.7078474531153074e-08,0.0015525885937411887,1.7636795790086547e+17,7.380746214066862e+19,1.5357919101745596e+22,1.5357510171029079e+22,1.185502044263591,0.037858968070715614
oc,100.0,1.1335790912490644,1.7354836865641156e-08,0.001577712442331014,1.7773153507113104e+17,7.32411529046005e+19,1.5357919101745596e+22,1.5357499742390336e+22,1.1851328732201132,0.038363816443293806
oc,100.0,1.1335790912490644,1.7635537036227667e-08,0.0016032306396570606,1.791254060581687e+17,7.267117991793919e+19,1.5357919101745596e+22,1.5357490393124889e+22,1.1847607252608598,0.038873635694413544
oc,100.0,1.1335790912490644,1.7920642903071327e-08,0.001629149354824666,1.8055033571521235e+17,7.209760972062161e+19,1.5357919101745596e+22,1.5357482167460866e+22,1.1843856156639954,0.03938843382543802
oc,100.0,1.1335790912490644,1.8210223380721703e-08,0.001655474852792882,1.8200711024363117e+17,7.1520511696292405e+19,1.5357919101745596e+22,1.535747510962512e+22,1.184007560895936,0.03990821766132407
oc,100.0,1.1335790912490644,1.8504348454263465e-08,0.001682213495842133,1.83496537821797e+17,7.0939958086518325e+19,1.5357919101745596e+22,1.5357469263949111e+22,1.183626578628079,0.040432992822050914
oc,100.0,1.1335790912490644,1.8803089195716493e-08,0.0017093717450651358,1.8501944925207757e+17,7.035602400190828e+19,1.5357919101745596e+22,1.535746467496006e+22,1.1832426877529671,0.04096276369412954
oc,100.0,1.1335790912490644,1.9106517780674737e-08,0.0017369561618795215,1.8657669862632013e+17,6.976878743004724e+19,1.5357919101745596e+22,1.535746138745813e+22,1.1828559083998902,0.041497533402181284
oc,100.0,1.1335790912490644,1.9414707505186866e-08,0.0017649734095624425,1.881691640103037e+17,6.9178329240112325e+19,1.5357919101745596e+22,1.5357459446581275e+22,1.1824662619498858,0.042037303780610984
oc,100.0,1.1335790912490644,1.972773280289525e-08,0.001793430254808659,1.897977481476971e+17,6.858473318401835e+19,1.5357919101745596e+22,1.5357458897860947e+22,1.1820737710501,0.04258207534542406
oc,100.0,1.1335790912490644,2.0045669262421574e-08,0.001822333569311052,1.9146337918393894e+17,6.7988085893994275e+19,1.5357919101745596e+22,1.5357459787266856e+22,1.1816784596274823,0.043131847266187816
oc,100.0,1.1335790912490644,2.036859364501875e-08,0.001851690331365341,1.9316701141059715e+17,6.738847687643709e+19,1.5357919101745596e+22,1.5357462161244457e+22,1.1812803529017766,0.043686617338191916
oc,100.0,1.1335790912490644,2.069658390247253e-08,0.0018815076274975029,1.949096260306013e+17,6.6785998501961875e+19,1.5357919101745596e+22,1.535746606674445e+22,1.1808794773977882,0.04424638195480091
oc,100.0,1.1335790912490644,2.1029719195275465e-08,0.0019117926541159513,1.966922319449304e+17,6.6180745991498424e+19,1.5357919101745596e+22,1.5357471551245303e+22,1.1804758609568815,0.04481113608005944
oc,100.0,1.1335790912490644,2.1368079911068928e-08,0.0019425527191880843,1.985158665612137e+17,6.557281739834147e+19,1.5357919101745596e+22,1.535747866277175e+22,1.1800695327476767,0.04538087322156434
oc,100.0,1.1335790912490644,2.1711747683348937e-08,0.0019737952439408124,2.0038159662468954e+17,6.496231358605783e+19,1.5357919101745596e+22,1.535748744990651e+22,1.1796605232759287,0.04595558540361867
oc,100.0,1.1335790912490644,2.2060805410459572e-08,0.002005527764587234,2.0229051907212173e+17,6.434933820212093e+19,1.5357919101745596e+22,1.5357497961796896e+22,1.17924886439353,0.04653526314073
oc,100.0,1.1335790912490644,2.241533727485384e-08,0.002037757934077622,2.0424376190904474e+17,6.373399764722926e+19,1.5357919101745596e+22,1.5357510248159768e+22,1.1788345893066339,0.04711989541144112
oc,100.0,1.1335790912490644,2.2775428762647043e-08,0.002070493523877004,2.0624248511093466e+17,6.311640104017134e+19,1.5357919101745596e+22,1.535752435927965e+22,1.1784177325828409,0.04770946963255749
oc,100.0,1.1335790912490644,2.3141166683446733e-08,0.002103742425767885,2.0828788154868477e+17,6.249666017821327e+19,1.5357919101745596e+22,1.5357540346005601e+22,1.1779983301574433,0.04830397163376708
oc,100.0,1.1335790912490644,2.351263919048374e-08,0.00213751265368034,2.1038117793899325e+17,6.1874889492892295e+19,1.5357919101745596e+22,1.5357558259744424e+22,1.177576419338669,0.0489033856327152
oc,100.0,1.1335790912490644,2.388993580103199e-08,0.002171812345548363,2.1252363582003776e+17,6.125120600119126e+19,1.5357919101745596e+22,1.5357578152449917e+22,1.1771520388119192,0.049507694210535774
oc,100.0,1.1335790912490644,2.4273147417125106e-08,0.0022066497651931916,2.1471655255293984e+17,6.062572925203683e+19,1.5357919101745596e+22,1.5357600076611273e+22,1.1767252286429586,0.050116878287874235
oc,100.0,1.1335790912490644,2.4662366346580756e-08,0.002242033304234614,2.169612623495179e+17,5.999858126807042e+19,1.5357919101745596e+22,1.5357624085237109e+22,1.1762960302800314,0.05073091710144086
oc,100.0,1.1335790912490644,2.5057686324324814e-08,0.0022779714840295284,2.1925913732672006e+17,5.936988648268044e+19,1.5357919101745596e+22,1.5357650231837753e+22,1.1758644865548802,0.05134978818110314
oc,100.0,1.1335790912490644,2.5459202534034273e-08,0.0023144729576394796,2.2161158858825376e+17,5.873977167226348e+19,1.5357919101745596e+22,1.5357678570405898e+22,1.1754306416826321,0.0519734673275677
oc,100.0,1.1335790912490644,2.586701163008731e-08,0.002351546511826119,2.2402006733376595e+17,5.810836588372025e+19,1.5357919101745596e+22,1.53577091553929e+22,1.1749945412605403,0.05260192859065377
oc,100.0,1.1335790912490644,2.6281211759833278e-08,0.0023892010690757526,2.2648606599602243e+17,5.7475800357193286e+19,1.5357919101745596e+22,1.535774204168494e+22,1.1745562322655472,0.05323514424819817
oc,100.0,1.1335790912490644,2.670190258619126e-08,0.002427445689653751,2.290111194065229e+17,5.684220844405229e+19,1.5357919101745596e+22,1.5357777284575321e+22,1.1741157630506471,0.05387308478562378
oc,100.0,1.1335790912490644,2.7129185310566738e-08,0.0024662895736878854,2.3159680598983062e+17,5.620772552018038e+19,1.5357919101745596e+22,1.5357814939734619e+22,1.1736731833400378,0.05451571887617411
oc,100.0,1.1335790912490644,2.7563162696108976e-08,0.0025057420632826344,2.342447489870898e+17,5.557248889458528e+19,1.5357919101745596e+22,1.5357855063178383e+22,1.1732285442230224,0.055163013361866055
oc,100.0,1.1335790912490644,2.8003939091295727e-08,0.002545812644663248,2.3695661770895267e+17,5.493663771341966e+19,1.5357919101745596e+22,1.5357897711233622e+22,1.1727818981466653,0.05581493323515734
oc,100.0,1.1335790912490644,2.84516204538629e-08,0.002586510950351173,2.397341288182895e+17,5.430031285946398e+19,1.5357919101745596e+22,1.5357942940500255e+22,1.1723332989071713,0.05647144162137142
oc,100.0,1.1335790912490644,2.8906314375077457e-08,0.002627846761370678,2.4257904764292224e+17,5.366365684717016e+19,1.5357919101745596e+22,1.535799080781139e+22,1.1718828016399772,0.05713249976189184
oc,100.0,1.1335790912490644,2.9368130104358903e-08,0.002669830009487173,2.454931895186231e+17,5.302681371336888e+19,1.5357919101745596e+22,1.535804137019053e+22,1.1714304628085443,0.05779806699814862
oc,100.0,1.1335790912490644,2.983717857425316e-08,0.0027124707794775604,2.484784211625765e+17,5.238992890375878e+19,1.5357919101745596e+22,1.5358094684805631e+22,1.1709763401918458,0.05846810075641488
oc,100.0,1.1335790912490644,3.031357242576549e-08,0.0027557793114332263,2.515366620774555e+17,5.175314915530728e+19,1.5357919101745596e+22,1.5358150808919444e+22,1.1705204928705295,0.05914255653343553
oc,100.0,1.1335790912490644,3.079742603405422e-08,0.0027997660030958382,2.5466988598621606e+17,5.111662237471454e+19,1.5357919101745596e+22,1.5358209799837775e+22,1.1700629812117622,0.059821387882901575
oc,100.0,1.1335790912490644,3.12888555344934e-08,0.0028444414122266726,2.5788012229769264e+17,5.048049751309856e+19,1.5357919101745596e+22,1.535827171485242e+22,1.1696038668527433,0.060504546402790786
oc,100.0,1.1335790912490644,3.178797884910417e-08,0.00288981625900947,2.611694576029548e+17,4.984492443708495e+19,1.5357919101745596e+22,1.5358336611182122e+22,1.1691432126828898,0.061191981723583554
oc,100.0,1.1335790912490644,3.2294915713363566e-08,0.0029359014284875973,2.6454003720238314e+17,4.921005379648782e+19,1.5357919101745596e+22,1.5358404545907526e+22,1.1686810828246945,0.061883641497372764
oc,100.0,1.1335790912490644,3.280978770339371e-08,0.002982707973035792,2.679940666633479e+17,4.8576036888790385e+19,1.5357919101745596e+22,1.5358475575904073e+22,1.1682175426132588,0.06257947138787817
oc,100.0,1.1335790912490644,3.3332718263538116e-08,0.0030302471148671017,2.7153381340827472e+17,4.794302552064288e+19,1.5357919101745596e+22,1.5358549757767675e+22,1.1677526585745044,0.06327941506137877
oc,100.0,1.1335790912490644,3.3863832734323975e-08,0.0030785302485749066,2.751616083327795e+17,4.731117186661944e+19,1.5357919101745596e+22,1.5358627147737784e+22,1.1672864984020785,0.06398341417856505
oc,100.0,1.1335790912490644,3.44032583808237e-08,0.0031275689437112453,2.788798474535742e+17,4.668062832547007e+19,1.5357919101745596e+22,1.5358707801614442e+22,1.166819130932963,0.0646914083873311
oc,100.0,1.1335790912490644,3.495112442141468e-08,0.0031773749474013346,2.826909935855949e+17,4.60515473741355e+19,1.5357919101745596e+22,1.5358791774668478e+22,1.1663506261217913,0.0654033353165054
oc,100.0,1.1335790912490644,3.550756205694139e-08,0.0032279601869946717,2.8659757804782698e+17,4.542408141979781e+19,1.5357919101745596e+22,1.5358879121548077e+22,1.1658810550139087,0.06611913057052538
oc,100.0,1.1335790912490644,3.607270450029026e-08,0.0032793367727536604,2.906022023971053e+17,4.479838265024335e+19,1.5357919101745596e+22,1.5358969896176514e+22,1.1654104897171818,0.0668387277250671
oc,100.0,1.1335790912490644,3.664668700637741e-08,0.0033315170005797645,2.947075401891182e+17,4.417460288283807e+19,1.5357919101745596e+22,1.5359064151644988e+22,1.164939003372583,0.06756205832362662
oc,100.0,1.1335790912490644,3.722964690255637e-08,0.0033845133547778516,2.98916338765599e+17,4.355289341241775e+19,1.5357919101745596e+22,1.5359161940096036e+22,1.1644666701235837,0.06828905187505764
oc,100.0,1.1335790912490644,3.7821723619446636e-08,0.003438338510858785,3.032314210666545e+17,4.293340485841265e+19,1.5357919101745596e+22,1.5359263312601948e+22,1.1639935650843767,0.06901963585206032
oc,100.0,1.1335790912490644,3.8423058722196925e-08,0.0034930053383815385,3.0765568746694694e+17,4.231628701151594e+19,1.5357919101745596e+22,1.5359368319031493e+22,1.1635197643069648,0.06975373569063145
oc,100.0,1.1335790912490644,3.9033795942180146e-08,0.003548526903834559,3.12192117634315e+17,4.170168868023449e+19,1.5357919101745596e+22,1.535947700791018e+22,1.1630453447471514,0.07049127479046396
oc,100.0,1.1335790912490644,3.9654081209125614e-08,0.003604916473556874,3.168437724091375e+17,4.108975753766083e+19,1.5357919101745596e+22,1.5359589426268966e+22,1.162570384229472,0.07123217451629234
oc,100.0,1.1335790912490644,4.0284062683698775e-08,0.0036621875166998885,3.2161379570267155e+17,4.0480639968796975e+19,1.5357919101745596e+22,1.5359705619484536e+22,1.1620949614111067,0.07197635420018687
oc,100.0,1.1335790912490644,4.092389079052738e-08,0.003720353708229762,3.265054164122483e+17,3.987448091878174e+19,1.5357919101745596e+22,1.5359825631106256e+22,1.1616191557448259,0.0727237311447826
oc,100.0,1.1335790912490644,4.157371825168804e-08,0.00377942893197164,3.315219503510463e+17,3.9271423742367e+19,1.5357919101745596e+22,1.535994950267363e+22,1.1611430474410052,0.07347422062744773
oc,100.0,1.1335790912490644,4.223370012064276e-08,0.0038394272836947962,3.366668021897534e+17,3.86716100549972e+19,1.5357919101745596e+22,1.5360077273518995e+22,1.160666717428782,0.07422773590536537
oc,100.0,1.1335790912490644,4.290399381665122e-08,0.00390036307424102,3.4194346740739424e+17,3.807517958583374e+19,1.5357919101745596e+22,1.5360208980558525e+22,1.160190247316386,0.07498418822154497
oc,100.0,1.1335790912490644,4.358475915964527e-08,0.0039622508326950245,3.473555342479192e+17,3.7482270033082884e+19,1.5357919101745596e+22,1.5360344658066629e+22,1.159713719350725,0.07574348681173233
oc,100.0,1.1335790912490644,4.4276158405582135e-08,0.004025105309598376,3.5290668567912416e+17,3.6893016921970192e+19,1.5357919101745596e+22,1.5360484337437561e+22,1.1592372163762712,0.0765055389122226
oc,100.0,1.1335790912490644,4.4978356282275756e-08,0.004088941480206887,3.586007013498647e+17,3.630755346570761e+19,1.5357919101745596e+22,1.5360628046928447e+22,1.1587608217933274,0.07727024976855917
oc,100.0,1.1335790912490644,4.5691520025717855e-08,0.0041537745477925325,3.644414595412495e+17,3.5726010429790986e+19,1.5357919101745596e+22,1.5360775811385698e+22,1.1582846195157304,0.07803752264511614
oc,100.0,1.1335790912490644,4.641581941688383e-08,0.004219619946989439,3.704329391068793e+17,3.5148515999966786e+19,1.5357919101745596e+22,1.5360927651952077e+22,1.1578086939280758,0.07880725883554256
oc,100.0,1.1335790912490644,4.715142681904483e-08,0.0042864933471858935,3.76579221396918e+17,3.4575195654188347e+19,1.5357919101745596e+22,1.5361083585756058e+22,1.1573331298425271,0.0795793576740758
oc,100.0,1.1335790912490644,4.789851721556532e-08,0.004354410655960483,3.8288449215987706e+17,3.4006172038893175e+19,1.5357919101745596e+22,1.5361243625576357e+22,1.1568580124553094,0.08035371654768636
oc,100.0,1.1335790912490644,4.865726824822575e-08,0.004423388022565977,3.893530434158845e+17,3.34415648498932e+19,1.5357919101745596e+22,1.5361407779488227e+22,1.156383427302941,0.08113023090908072
oc,100.0,1.1335790912490644,4.942786025604229e-08,0.00449344184145839,3.9598927529399846e+17,3.288149071819419e+19,1.5357919101745596e+22,1.5361576050483708e+22,1.1559094602183166,0.08190879429051788
oc,100.0,1.1335790912490644,5.021047631461167e-08,0.0045645887558737885,4.027976978258356e+17,3.2326063101018845e+19,1.5357919101745596e+22,1.5361748436067058e+22,1.1554361972867133,0.0826892983184549
oc,100.0,1.1335790912490644,5.100530227597572e-08,0.004636845661452338,4.097829326867505e+17,3.1775392178315428e+19,1.5357919101745596e+22,1.5361924927825384e+22,1.1549637248018192,0.08347163272900257
oc,100.0,1.1335790912490644,5.1812526809014605e-08,0.0047102297099104184,4.1694971487503526e+17,3.122958475500447e+19,1.5357919101745596e+22,1.5362105510970037e+22,1.154492129221874,0.08425568538418837
oc,100.0,1.1335790912490644,5.263234144037326e-08,0.004784758312761206,4.2430289431860045e+17,3.0688744169213583e+19,1.5357919101745596e+22,1.5362290163849603e+22,1.1540214971260225,0.08504134228902008
oc,100.0,1.1335790912490644,5.3464940595922046e-08,0.004860449145083823,4.3184743739757126e+17,3.0152970206729146e+19,1.5357919101745596e+22,1.5362478857433018e+22,1.1535519151709852,0.0858284876093422
oc,100.0,1.1335790912490644,5.431052164276817e-08,0.004937320149342561,4.395884283702004e+17,2.9622359021866463e+19,1.5357919101745596e+22,1.5362671554761067e+22,1.1530834700481316,0.08661700369049341
oc,100.0,1.1335790912490644,5.516928493180878e-08,0.005015389539255344,4.4753107068803315e+17,2.9097003064962765e+19,1.5357919101745596e+22,1.536286821036366e+22,1.1526162484410813,0.08740677107675023
oc,100.0,1.1335790912490644,5.6041433840840926e-08,0.0050946758037128115,4.556806881851341e+17,2.85769910166603e+19,1.5357919101745596e+22,1.5363068769645137e+22,1.1521503369839234,0.08819766853156764
oc,100.0,1.1335790912490644,5.692717481823145e-08,0.005175197710748314,4.6404272612459795e+17,2.8062407729132503e+19,1.5357919101745596e+22,1.5363273168233714e+22,1.1516858222201667,0.08898957305861804
oc,100.0,1.1335790912490644,5.782671742714684e-08,0.005256974311558804,4.726227520839042e+17,2.7553334174390563e+19,1.5357919101745596e+22,1.5363481331294355e+22,1.151222790562532,0.08978235992362901
oc,100.0,1.1335790912490644,5.8740274390359504e-08,0.005340024944578137,4.814264566591054e+17,2.7049847399776227e+19,1.5357919101745596e+22,1.536369317280675e+22,1.1507613282536862,0.0905759026770381
oc,100.0,1.1335790912490644,5.966806163561761e-08,0.005424369239601601,4.9045965396562234e+17,2.655202049074083e+19,1.5357919101745596e+22,1.536390859480509e+22,1.1503015213280376,0.09137007317745936
oc,100.0,1.1335790912490644,6.061029834160731e-08,0.0055100271219643004,4.997282819117809e+17,2.60599225409637e+19,1.5357919101745596e+22,1.5364127486582261e+22,1.149843455574691,0.09216474161599564
oc,100.0,1.1335790912490644,6.156720698448764e-08,0.005597018816771604,5.092384022184769e+17,2.5573618629869425e+19,1.5357919101745596e+22,1.536434972385595e+22,1.1493872165016767,0.09295977654139127
oc,100.0,1.1335790912490644,6.253901338502271e-08,0.005685364853183883,5.1899620015637376e+17,2.5093169807553647e+19,1.5357919101745596e+22,1.5364575167900253e+22,1.148932889301554,0.09375504488606126
oc,100.0,1.1335790912490644,6.35259467563024e-08,0.0057750860687547645,5.2900798396911514e+17,2.461863308712269e+19,1.5357919101745596e+22,1.5364803664642449e+22,1.148480558818491,0.09455041199300775
oc,100.0,1.1335790912490644,6.452823975206651e-08,0.005866203613824228,5.3928018394837254e+17,2.4150061444414722e+19,1.5357919101745596e+22,1.5365035043726693e+22,1.148030309516924,0.0953457416436573
oc,100.0,1.1335790912490644,6.554612851563202e-08,0.005958738955966547,5.498193511234572e+17,2.368750382505372e+19,1.5357919101745596e+22,1.5365269117548454e+22,1.1475822254518797,0.09614089608664389
oc,100.0,1.1335790912490644,6.657985272942628e-08,0.006052713884493299,5.606321555249385e+17,2.3231005158761464e+19,1.5357919101745596e+22,1.5365505680262402e+22,1.1471363902410592,0.09693573606756761
oc,100.0,1.1335790912490644,6.762965566513684e-08,0.0061481505150124405,5.7172538397835085e+17,2.2780606380823736e+19,1.5357919101745596e+22,1.5365744506769016e+22,1.146692887038755,0.09773012085976968
oc,100.0,1.1335790912490644,6.869578423447609e-08,0.006245071294043281,5.831059373802547e+17,2.2336344460587893e+19,1.5357919101745596e+22,1.5365985351683164e+22,1.1462517985116736,0.0985239082961571
oc,100.0,1.1335790912490644,6.977848904057438e-08,0.00634349900368858,5.947808274051775e+17,2.1898252436837085e+19,1.5357919101745596e+22,1.5366227948294623e+22,1.1458132068167262,0.09931695480212588
oc,100.0,1.1335790912490644,7.087802442999102e-08,0.006443456766362821,6.067571725876142e+17,2.1466359459870913e+19,1.5357919101745596e+22,1.5366472007527506e+22,1.1453771935808317,0.10010911542961647
oc,100.0,1.1335790912490644,7.199464854536281e-08,0.006544968049578437,6.190421937192406e+17,2.1040690840084554e+19,1.5357919101745596e+22,1.5366717216906604e+22,1.1449438398827716,0.10090024389236135
oc,100.0,1.1335790912490644,7.312862337869174e-08,0.006648056670790159,6.316432084968084e+17,2.062126810282079e+19,1.5357919101745596e+22,1.5366963239543948e+22,1.1445132262371023,0.10169019260237337
oc,100.0,1.1335790912490644,7.42802148252601e-08,0.006752746802296372,6.445676253515014e+17,2.0208109049249e+19,1.5357919101745596e+22,1.5367209713158758e+22,1.1440854325801402,0.1024788127077172
oc,100.0,1.1335790912490644,7.544969273820284e-08,0.006859062976200259,6.578229363860904e+17,1.9801227822983864e+19,1.5357919101745596e+22,1.5367456249144272e+22,1.1436605382579814,0.10326595413163925
oc,100.0,1.1335790912490644,7.663733098372088e-08,0.0069670300894291715,6.71416709340943e+17,1.9400634982149423e+19,1.5357919101745596e+22,1.536770243170088e+22,1.143238622016519,0.10405146561309911
oc,100.0,1.1335790912490644,7.784340749694441e-08,0.007076673408813128,6.853565785054564e+17,1.900633757655906e+19,1.5357919101745596e+22,1.5367947817052352e+22,1.142819761993386,0.10483519474876779
oc,100.0,1.1335790912490644,7.906820433846068e-08,0.007188018576223698,6.996502344865231e+17,1.861833922965671e+19,1.5357919101745596e+22,1.5368191932770153e+22,1.142404035711716,0.10561698803656117
oc,100.0,1.1335790912490644,8.031200775148666e-08,0.007301091613771515,7.143054127408375e+17,1.8236640224851278e+19,1.5357919101745596e+22,1.5368434277226872e+22,1.1419915200755997,0.1063966909207563
oc,100.0,1.1335790912490644,8.157510821971942e-08,0.0074159189290654015,7.293298807737853e+17,1.7861237595835685e+19,1.5357919101745596e+22,1.5368674319208079e+22,1.141582291367058,0.10717414783877376
oc,100.0,1.1335790912490644,8.285780052584041e-08,0.007532527320530946,7.447314239029838e+17,1.7492125220477618e+19,1.5357919101745596e+22,1.5368911497708664e+22,1.1411764252443364,0.107949202269672
oc,100.0,1.1335790912490644,8.41603838106953e-08,0.007650943982790481,7.605178294815212e+17,1.7129293917832657e+19,1.5357919101745596e+22,1.5369145221948174e+22,1.14077399674127,0.10872169678442846
oc,100.0,1.1335790912490644,8.548316163314407e-08,0.007771196512104006,7.766968694723665e+17,1.6772731547817914e+19,1.5357919101745596e+22,1.5369374871635112e+22,1.1403750802674326,0.10949147309806445
oc,100.0,1.1335790912490644,8.682644203058415e-08,0.007893312911871286,7.93276281263661e+17,1.642242311306228e+19,1.5357919101745596e+22,1.536959979751815e+22,1.1399797496087365,0.11025837212367383
oc,100.0,1.1335790912490644,8.81905375801531e-08,0.008017321598195737,8.10263746613037e+17,1.6078350862430958e+19,1.5357919101745596e+22,1.5369819322259723e+22,1.1395880779281011,0.1110222340284152
oc,100.0,1.1335790912490644,8.957576546060974e-08,0.008143251405509977,8.276668686093623e+17,1.5740494395707589e+19,1.5357919101745596e+22,1.5370032741668778e+22,1.139200137765759,0.11178289829151972
oc,100.0,1.1335790912490644,9.098244751490158e-08,0.00827113159226378,8.454931465414719e+17,1.5408830768902812e+19,1.5357919101745596e+22,1.5370239326331687e+22,1.1388160010387198,0.11254020376436699
oc,100.0,1.1335790912490644,9.24109103134052e-08,0.0084009918466732,8.637499485665683e+17,1.5083334599651383e+19,1.5357919101745596e+22,1.5370438323679697e+22,1.1384357390388635,0.11329398873266573
oc,100.0,1.1335790912490644,9.38614852178688e-08,0.008532862292533527,8.824444820762948e+17,1.4763978172143884e+19,1.5357919101745596e+22,1.5370628960526539e+22,1.1380594224290723,0.11404409098079175
oc,100.0,1.1335790912490644,9.53345084460277e-08,0.008666773495093427,9.015837616650385e+17,1.445073154104875e+19,1.5357919101745596e+22,1.5370810446112793e+22,1.1376871212367814,0.11479034785829818
oc,100.0,1.1335790912490644,9.683032113691836e-08,0.008802756466992578,9.211745746155241e+17,1.4143562633869103e+19,1.5357919101745596e+22,1.537098197568715e+22,1.137318904844266,0.11553259634863379
oc,100.0,1.1335790912490644,9.834926941687449e-08,0.008940842674261318,9.412234438283726e+17,1.3842437351194733e+19,1.5357919101745596e+22,1.5371142734647795e+22,1.1369548419749518,0.11627067314007335
oc,100.0,1.1335790912490644,9.989170446622597e-08,0.00908106404238418,9.617365881387154e+17,1.3547319664313924e+19,1.5357919101745596e+22,1.5371291903270775e+22,1.1365950006749905,0.11700441469887385
oc,100.0,1.1335790912490644,1.0145798258667493e-07,0.009223452962424994,9.827198799806299e+17,1.325817170967745e+19,1.5357919101745596e+22,1.5371428662032657e+22,1.1362394482893363,0.11773365734463463
oc,100.0,1.1335790912490644,1.030484652693735e-07,0.009368042297215773,1.0041788003835342e+18,1.2974953879721914e+19,1.5357919101745596e+22,1.5371552197541322e+22,1.1358882514315174,0.11845823732785221
oc,100.0,1.1335790912490644,1.0466351926369088e-07,0.009514865387608262,1.0261183913101512e+18,1.2697624909601812e+19,1.5357919101745596e+22,1.537166170907626e+22,1.1355414759463258,0.11917799090962865
oc,100.0,1.1335790912490644,1.0630351664667048e-07,0.009663956058788226,1.0485432053758331e+18,1.242614195941874e+19,1.5357919101745596e+22,1.5371756415740105e+22,1.1351991868646614,0.11989275444348362
oc,100.0,1.1335790912490644,1.0796883489318065e-07,0.009815348626652787,1.0714572530238514e+18,1.2160460691586277e+19,1.5357919101745596e+22,1.5371835564231032e+22,1.1348614483498143,0.12060236445920516
oc,100.0,1.1335790912490644,1.0965985694675306e-07,0.009969077904250279,1.0948639472701892e+18,1.190053534303596e+19,1.5357919101745596e+22,1.5371898437269144e+22,1.1345283236346,0.1213066577486525
oc,100.0,1.1335790912490644,1.1137697129110978e-07,0.010125179208282709,1.1187660461764101e+18,1.1646318792044737e+19,1.5357919101745596e+22,1.53719443627602e+22,1.134199874948899,0.1220054714534085
oc,100.0,1.1335790912490644,1.131205720223829e-07,0.010283688365671173,1.1431655932612164e+18,1.1397762619556393e+19,1.5357919101745596e+22,1.537197272389275e+22,1.1338761634374819,0.12269864315416042
oc,100.0,1.1335790912490644,1.1489105892200752e-07,0.010444641720182501,1.1680638561229076e+18,1.1154817164996332e+19,1.5357919101745596e+22,1.5371982970579931e+22,1.1335572490684656,0.1233860109616565
oc,100.0,1.1335790912490644,1.1668883753031101e-07,0.010608076139119182,1.1934612636227814e+18,1.0917431576727876e+19,1.5357919101745596e+22,1.5371974633060636e+22,1.133243190533593,0.12406741360908027
oc,100.0,1.1335790912490644,1.1851431922077509e-07,0.010774029020070464,1.2193573420829238e+18,1.0685553857533231e+19,1.5357919101745596e+22,1.5371947339249313e+22,1.132934045142999,0.12474269054564126
oc,100.0,1.1335790912490644,1.2036792127497026e-07,0.010942538297724569,1.2457506511028797e+18,1.0459130905840146e+19,1.5357919101745596e+22,1.537190083884704e+22,1.1326298687197156,0.12541168203116396
oc,100.0,1.1335790912490644,1.2225006695817458e-07,0.011113642450743144,1.272638719837916e+18,1.0238108553974958e+19,1.5357919101745596e+22,1.5371835039914303e+22,1.1323307155039335,0.12607422923143283
oc,100.0,1.1335790912490644,1.241611855956522e-07,0.011287380508695655,1.30001798498364e+18,1.0022431605694691e+19,1.5357919101745596e+22,1.5371750068629482e+22,1.1320366380857698,0.12673017431400566
oc,100.0,1.1335790912490644,1.261017126495984e-07,0.0114637920590544,1.327883732427175e+18,9.812043876994544e+18,1.5357919101745596e+22,1.5371646372440852e+22,1.1317476874016574,0.12737936054418408
oc,100.0,1.1335790912490644,1.2807208979674554e-07,0.011642917254249596,1.356230045840269e+18,9.606888247431115e+18,1.5357919101745596e+22,1.5371524904787403e+22,1.1314639128603876,0.12802163238078226
oc,100.0,1.1335790912490644,1.3007276500662229e-07,0.011824796818783845,1.3850497679644493e+18,9.406906735354737e+18,1.5357919101745596e+22,1.5371387463859815e+22,1.1311853627238162,0.1286568355712783
oc,100.0,1.1335790912490644,1.3210419262045697e-07,0.01200947205640518,1.4143344850652524e+18,9.212040622267729e+18,1.5357919101745596e+22,1.5371237323736542e+22,1.1309120849807017,0.12928481724585575
oc,100.0,1.1335790912490644,1.3416683343072837e-07,0.012196984857338944,1.444074554162835e+18,9.022230674508848e+18,1.5357919101745596e+22,1.5371080423619938e+22,1.1306441291721747,0.12990542600972496
oc,100.0,1.1335790912490644,1.3626115476134353e-07,0.012387377705576685,1.4742592104411776e+18,8.837417555537295e+18,1.5357919101745596e+22,1.537092762909991e+22,1.130381550057264,0.1305185120329027
oc,100.0,1.1335790912490644,1.3838763054844443e-07,0.012580693686222222,1.50487682719921e+18,8.657542611178711e+18,1.5357919101745596e+22,1.5370799066504973e+22,1.1301244148534666,0.131123927136265
oc,100.0,1.1335790912490644,1.4054674142183642e-07,0.012776976492894221,1.5359154699182702e+18,8.482549387657392e+18,1.5357919101745596e+22,1.5370732494845532e+22,1.12987281746698,0.13172152487198044
oc,100.0,1.1335790912490644,1.427389747870162e-07,0.01297627043518329,1.5673640240770706e+18,8.312386598405083e+18,1.5357919101745596e+22,1.5370799600364511e+22,1.1296269064856028,0.13231116059504466
oc,100.0,1.1335790912490644,1.4496482490780489e-07,0.01317862044616408,1.5992144538441603e+18,8.147013975940974e+18,1.5357919101745596e+22,1.5371137958104214e+22,1.1293869404751806,0.13289269151987046
oc,100.0,1.1335790912490644,1.4722479298957047e-07,0.013384072089960952,1.6314663109453965e+18,7.986413913265592e+18,1.5357919101745596e+22,1.5372014226085555e+22,1.1291533978677706,0.13346597675022862
oc,100.0,1.1335790912490644,1.4951938726302417e-07,0.013592671569365833,1.6641357610672384e+18,7.830614815655002e+18,1.5357919101745596e+22,1.5373950127616006e+22,1.1289271968777546,0.1340308772591823
oc,100.0,1.1335790912490644,1.518491230685864e-07,0.013804465733507854,1.6972737592565048e+18,7.679738332551073e+18,1.5357919101745596e+22,1.5377975775918723e+22,1.1287101389731846,0.13458725577139077
oc,100.0,1.1335790912490644,1.542145229413025e-07,0.014019502085572955,1.7309621172892147e+18,7.532232096090908e+18,1.5357919101745596e+22,1.538197530773405e+22,1.1284969624599317,0.13513497644914652
oc,100.0,1.1335790912490644,1.566161166963006e-07,0.014237828790572782,1.765298382293469e+18,7.386358541960978e+18,1.5357919101745596e+22,1.5383294735631759e+22,1.1282812718676187,0.13567390956979986
oc,100.0,1.1335790912490644,1.5905444151477943e-07,0.014459494683161767,1.800352167011254e+18,7.24238785851908e+18,1.5357919101745596e+22,1.5382966627453475e+22,1.1280650019737326,0.1362039374569879
oc,100.0,1.1335790912490644,1.6153004203050185e-07,0.01468454927550017,1.836142099538996e+18,7.10059882044509e+18,1.5357919101745596e+22,1.5381621384723602e+22,1.1278495317253134,0.13672495478912935
oc,100.0,1.1335790912490644,1.6404347041678602e-07,0.014913042765162365,1.872650352166093e+18,6.961282434820643e+18,1.5357919101745596e+22,1.5379662451601532e+22,1.1276359416526867,0.13723686867060722
oc,100.0,1.1335790912490644,1.6659528647398002e-07,0.015145026043089094,1.909832275354778e+18,6.824736315335502e+18,1.5357919101745596e+22,1.5377366226334567e+22,1.1274251489538407,0.1377395984636684
oc,100.0,1.1335790912490644,1.6918605771739475e-07,0.015380550701581341,1.9476235087949292e+18,6.691252484074575e+18,1.5357919101745596e+22,1.5374934648188377e+22,1.1272179639824584,0.1382330753978111
oc,100.0,1.1335790912490644,1.718163594656804e-07,0.015619669042334583,1.9859458464800428e+18,6.561102157408854e+18,1.5357919101745596e+22,1.5372519564679779e+22,1.127015100677643,0.13871724199505245
oc,100.0,1.1335790912490644,1.744867749296319e-07,0.01586243408451199,2.0247123854381187e+18,6.434521242394749e+18,1.5357919101745596e+22,1.537023229781482e+22,1.1268171659358872,0.13919205136701715
oc,100.0,1.1335790912490644,1.7719789530139395e-07,0.016108899572853996,2.0638320367946025e+18,6.311699564019897e+18,1.5357919101745596e+22,1.5368147524769244e+22,1.1266246459782905,0.13965746644813393
oc,100.0,1.1335790912490644,1.7995031984405312e-07,0.016359119985823012,2.1032132797172124e+18,6.192775448287304e+18,1.5357919101745596e+22,1.5366306826035223e+22,1.126437900369192,0.14011345922653318
oc,100.0,1.1335790912490644,1.8274465598158962e-07,0.016613150543780875,2.142767029900302e+18,6.077835701029504e+18,1.5357919101745596e+22,1.5364724024596775e+22,1.126257167225299,0.1405600100222885
oc,100.0,1.1335790912490644,1.855815193891665e-07,0.016871047217196955,2.1824085903506893e+18,5.966919801170388e+18,1.5357919101745596e+22,1.536339214635708e+22,1.126082577809617,0.14099710684577285
oc,100.0,1.1335790912490644,1.8846153408373512e-07,0.01713286673488501,2.2220587700377672e+18,5.860026588582662e+18,1.5357919101745596e+22,1.5362290753520154e+22,1.1259141761283114,0.141424744851924
oc,100.0,1.1335790912490644,1.9138533251492623e-07,0.01739866659226602,2.2616443385777503e+18,5.75712183466313e+18,1.5357919101745596e+22,1.5361392386872573e+22,1.1257519391514683,0.14184292589260364
oc,100.0,1.1335790912490644,1.9435355565620198e-07,0.017668505059654727,2.301098013094016e+18,5.658145557155293e+18,1.5357919101745596e+22,1.5360667407047035e+22,1.1255957947467163,0.14225165816033614
oc,100.0,1.1335790912490644,1.9736685309624657e-07,0.01794244119056787,2.3403581567309486e+18,5.563018470318872e+18,1.5357919101745596e+22,1.5360087136842317e+22,1.125445636114808,0.14265095591210883
oc,100.0,1.1335790912490644,2.0042588313055408e-07,0.018220534830050372,2.3793683287765176e+18,5.471647362497189e+18,1.5357919101745596e+22,1.5359625592351345e+22,1.1253013327197663,0.1430408392603667
oc,100.0,1.1335790912490644,2.0353131285319847e-07,0.018502846623018043,2.418076782977558e+18,5.383929424507132e+18,1.5357919101745596e+22,1.535926021703024e+22,1.1251627382769847,0.14342133401857224
oc,100.0,1.1335790912490644,2.0668381824874192e-07,0.018789438022612903,2.456435973933025e+18,5.299755653976965e+18,1.5357919101745596e+22,1.535897199558822e+22,1.125029696489885,0.14379247158979577
oc,100.0,1.1335790912490644,2.0988408428425337e-07,0.019080371298568488,2.494402104579736e+18,5.219013488269216e+18,1.5357919101745596e+22,1.5358745227199414e+22,1.1249020451435598,0.14415428888821066
oc,100.0,1.1335790912490644,2.1313280500140307e-07,0.019375709545582098,2.5319347299019653e+18,5.141588812151894e+18,1.5357919101745596e+22,1.5358567141125483e+22,1.1247796190248585,0.14450682828480987
oc,100.0,1.1335790912490644,2.1643068360860024e-07,0.01967551669169093,2.568996420945722e+18,5.067367467637954e+18,1.5357919101745596e+22,1.5358427464215493e+22,1.124662252009759,0.1448501375700053
oc,100.0,1.1335790912490644,2.1977843257313156e-07,0.019979857506648324,2.6055524868787016e+18,4.99623637217903e+18,1.5357919101745596e+22,1.5358318000244101e+22,1.1245497785591239,0.14518426992697098
oc,100.0,1.1335790912490644,2.2317677371326033e-07,0.020288797610296394,2.6415707495539814e+18,4.9280843315119e+18,1.5357919101745596e+22,1.5358232250202141e+22,1.1244420347917878,0.14550928391063428
oc,100.0,1.1335790912490644,2.2662643829025575e-07,0.02060240348093234,2.677021363643511e+18,4.862802616213388e+18,1.5357919101745596e+22,1.5358165084560849e+22,1.1243388592533763,0.14582524342811334
oc,100.0,1.1335790912490644,2.301281671003057e-07,0.020920742463664155,2.711876675129166e+18,4.800285356632392e+18,1.5357919101745596e+22,1.5358112468554199e+22,1.124240093464195,0.1461322177171515
oc,100.0,1.1335790912490644,2.3368271056625915e-07,0.021243882778750833,2.746111111277051e+18,4.740429799148703e+18,1.5357919101745596e+22,1.535807123650527e+22,1.1241455823052553,0.14643028131973765
oc,100.0,1.1335790912490644,2.372908288291805e-07,0.0215718935299255,2.7797010958642427e+18,4.683136457301497e+18,1.5357919101745596e+22,1.535803890909728e+22,1.1240551742847082,0.14671951404863948
oc,100.0,1.1335790912490644,2.4095329183963207e-07,0.021904844712693827,2.81262498418992e+18,4.628309183864711e+18,1.5357919101745596e+22,1.5358013546964978e+22,1.1239687217151826,0.1470000009450228
oc,100.0,1.1335790912490644,2.446708794486748e-07,0.022242807222606797,2.84486301317947e+18,4.5758551840609925e+18,1.5357919101745596e+22,1.5357993634300711e+22,1.1238860808242777,0.14727183222571522
oc,100.0,1.1335790912490644,2.48444381498505e-07,0.022585852863500455,2.8763972626222884e+18,4.525684985498566e+18,1.5357919101745596e+22,1.5357977986859211e+22,1.123807111814584,0.1475351032189917
oc,100.0,1.1335790912490644,2.522745979127007e-07,0.022934054355700062,2.907211624246673e+18,4.4777123768178084e+18,1.5357919101745596e+22,1.5357965679563328e+22,1.1237316788853986,0.14778991428803567
oc,100.0,1.1335790912490644,2.5616233878600337e-07,0.023287485344182124,2.937291775915559e+18,4.4318543242408566e+18,1.5357919101745596e+22,1.535795598971627e+22,1.1236596502252525,0.1480363707414657
oc,100.0,1.1335790912490644,2.601084244735974e-07,0.023646220406690677,2.966625158731879e+18,4.3880308730478996e+18,1.5357919101745596e+22,1.5357948352564143e+22,1.1235908979821425,0.14827458273052155
oc,100.0,1.1335790912490644,2.6411368567981104e-07,0.024010335061801003,2.9952009552693064e+18,4.3461650393291274e+18,1.5357919101745596e+22,1.535794232658135e+22,1.1235252982167219,0.14850466513268185
oc,100.0,1.1335790912490644,2.6817896354620375e-07,0.024379905776927613,3.0230100675105823e+18,4.3061826960624333e+18,1.5357919101745596e+22,1.5357937566383337e+22,1.1234627308424738,0.14872673742164505
oc,100.0,1.1335790912490644,2.7230510973895295e-07,0.02475500997626845,3.0500450933809843e+18,4.268012456570543e+18,1.5357919101745596e+22,1.5357933801606847e+22,1.123403079555989,0.14894092352374083
oc,100.0,1.1335790912490644,2.7649298653549316e-07,0.025135726048681195,3.0763003010239073e+18,4.231585557639906e+18,1.5357919101745596e+22,1.5357930820450436e+22,1.1233462317597775,0.14914735166096824
oc,100.0,1.1335790912490644,2.8074346691033843e-07,0.02552213335548531,3.1017716001832545e+18,4.1968357439921306e+18,1.5357919101745596e+22,1.5357928456847983e+22,1.1232920784795268,0.14934615418096686
oc,100.0,1.1335790912490644,2.850574346200175e-07,0.025914312238183412,3.126456510239379e+18,4.1636991553441403e+18,1.5357919101745596e+22,1.5357926580473834e+22,1.1232405142773159,0.14953746737433007
oc,100.0,1.1335790912490644,2.8943578428705664e-07,0.026312344026096057,3.1503541245996073e+18,4.132114216943664e+18,1.5357919101745596e+22,1.5357925088950802e+22,1.123191437162001,0.14972143127976137
oc,100.0,1.1335790912490644,2.9387942148292916e-07,0.026716311043902652,3.1734650712732145e+18,4.1020215342005903e+18,1.5357919101745596e+22,1.5357923901775257e+22,1.1231447484977521,0.14989818947765912
oc,100.0,1.1335790912490644,2.9838926280991484e-07,0.027126296619083168,3.195791469569635e+18,4.073363791829417e+18,1.5357919101745596e+22,1.535792295557563e+22,1.1231003529115378,0.150067888872792
oc,100.0,1.1335790912490644,3.029662359817677e-07,0.02754238508925161,3.2173368829496556e+18,4.046085657762913e+18,1.5357919101745596e+22,1.5357922200412859e+22,1.1230581582002248,0.1502306794667952
oc,100.0,1.1335790912490644,3.076112799031355e-07,0.027964661809375957,3.238106268135846e+18,4.0201336919776727e+18,1.5357919101745596e+22,1.5357921596888138e+22,1.1230180752378331,0.15038671412128266
oc,100.0,1.1335790912490644,3.12325344747639e-07,0.028393213158876274,3.2581059206518656e+18,3.995456260282926e+18,1.5357919101745596e+22,1.5357921113882166e+22,1.122980017883425,0.15053614831242426
oc,100.0,1.1335790912490644,3.17109392034528e-07,0.028828126548593458,3.277343417013068e+18,3.972003453055612e+18,1.5357919101745596e+22,1.5357920726786576e+22,1.1229439028900094,0.15067913987788858
oc,100.0,1.1335790912490644,3.2196439470382796e-07,0.029269490427620726,3.295827553833602e+18,3.949727008852712e+18,1.5357919101745596e+22,1.5357920416118256e+22,1.122909649814812,0.1508158487570947
oc,100.0,1.1335790912490644,3.2689133718989104e-07,0.029717394289990096,3.313568284149762e+18,3.928580242794172e+18,1.5357919101745596e+22,1.535792016643269e+22,1.122877180931193,0.15094643672575433
oc,100.0,1.1335790912490644,3.318912154932562e-07,0.030171928681205107,3.330576651286422e+18,3.908517979580089e+18,1.5357919101745596e+22,1.5357919965472019e+22,1.1228464211424714,0.1510710671257171
oc,100.0,1.1335790912490644,3.369650372507253e-07,0.03063318520461139,3.346864720613618e+18,3.8894964909850634e+18,1.5357919101745596e+22,1.5357919803495124e+22,1.1228172978978612,0.1511899045911562
oc,100.0,1.1335790912490644,3.4211382180356256e-07,0.0311012565275966,3.362445509554961e+18,3.871473437655857e+18,1.5357919101745596e+22,1.535791967275056e+22,1.122789741110714,0.1513031147721519
oc,100.0,1.1335790912490644,3.4733860026371343e-07,0.03157623638761031,3.3773329162179005e+18,3.854407815028955e+18,1.5357919101745596e+22,1.5357919567063076e+22,1.1227636830792154,0.15141086405674176
oc,100.0,1.1335790912490644,3.5264041557793443e-07,0.03205821959799404,3.3915416470208666e+18,3.8382599031741394e+18,1.5357919101745596e+22,1.535791948150613e+22,1.1227390584096648,0.15151331929251427
oc,100.0,1.1335790912490644,3.5802032258974794e-07,0.03254730205361345,3.4050871436917176e+18,3.82299122036558e+18,1.5357919101745596e+22,1.5357919412144363e+22,1.1227158039424388,0.15161064750882172
oc,100.0,1.1335790912490644,3.6347938809909277e-07,0.033043580736281164,3.4179855100071347e+18,3.808564480179081e+18,1.5357919101745596e+22,1.535791935582964e+22,1.1226938586807165,0.1517030156406836
oc,100.0,1.1335790912490644,3.69018690919575e-07,0.033547153719961365,3.430253438636507e+18,3.794943551909496e+18,1.5357919101745596e+22,1.5357919310041185e+22,1.1226731637220182,0.15179059025543903
oc,100.0,1.1335790912490644,3.74639321933195e-07,0.034058120175745,3.4419081384411725e+18,3.782093424103408e+18,1.5357919101745596e+22,1.5357919272757136e+22,1.1226536621925853,0.15187353728318895
oc,100.0,1.1335790912490644,3.803423841424418e-07,0.03457658037658562,3.452967262568175e+18,3.769980171000374e+18,1.5357919101745596e+22,1.5357919242353174e+22,1.1226352991846065,0.15195202175204536
oc,100.0,1.1335790912490644,3.8612899271962657e-07,0.035102635701784235,3.463448837660107e+18,3.758570921678243e+18,1.5357919101745596e+22,1.535791921752373e+22,1.1226180216962838,0.15202620752917537
oc,100.0,1.1335790912490644,3.9200027505334535e-07,0.03563638864121321,3.4733711944862377e+18,3.747833831697023e+18,1.5357919101745596e+22,1.5357919197217174e+22,1.1226017785746853,0.15209625706859212
oc,100.0,1.1335790912490644,3.9795737079193217e-07,0.03617794279926656,3.4827529002785864e+18,3.73773805704069e+18,1.5357919101745596e+22,1.5357919180585387e+22,1.122586520461346,0.15216233116660532
oc,100.0,1.1335790912490644,4.0400143188377985e-07,0.03672740289852544,3.4916126930373985e+18,3.7282537301561334e+18,1.5357919101745596e+22,1.5357919166943614e+22,1.1225721997405278,0.1522245887257977
oc,100.0,1.1335790912490644,4.1013362261439735e-07,0.03728487478312703,3.4999694180461087e+18,3.719351937893959e+18,1.5357919101745596e+22,1.5357919155738376e+22,1.1225587704900561,0.15228318652834416
oc,100.0,1.1335790912490644,4.163551196400648e-07,0.037850465421824075,3.507841966814322e+18,3.711004701157849e+18,1.5357919101745596e+22,1.5357919146521169e+22,1.1225461884346177,0.15233827901943559
oc,100.0,1.1335790912490644,4.2266711201795267e-07,0.03842428291072297,3.515249218642868e+18,3.7031849560745247e+18,1.5357919101745596e+22,1.535791913892839e+22,1.1225344109014008,0.1523900181015107
oc,100.0,1.1335790912490644,4.290708012325603e-07,0.0390064364756873,3.522209984980426e+18,3.69586653650194e+18,1.5357919101745596e+22,1.5357919132665185e+22,1.1225233967779409,0.15243855293993652
oc,100.0,1.1335790912490644,4.3556740121832605e-07,0.03959703647439328,3.528742956717935e+18,3.689024157697279e+18,1.5357919101745596e+22,1.535791912749115e+22,1.1225131064720295,0.1524840297807131
oc,100.0,1.1335790912490644,4.4215813837827274e-07,0.0401961943980248,3.5348666545422986e+18,3.682633400974603e+18,1.5357919101745596e+22,1.5357919123211175e+22,1.1225035018735254,0.15252659178070915
oc,100.0,1.1335790912490644,4.4884425159851984e-07,0.040804022872592716,3.5405993824468705e+18,3.676670699187467e+18,1.5357919101745596e+22,1.5357919119665827e+22,1.1224945463179141,0.1525663788508648
oc,100.0,1.1335790912490644,4.556269922585227e-07,0.0414206356598657,3.5459591844734223e+18,3.6711133228805233e+18,1.5357919101745596e+22,1.5357919116724921e+22,1.1224862045514497,0.15260352751272435
oc,100.0,1.1335790912490644,4.625076242368779e-07,0.04204614765789799,3.550963804737375e+18,3.665939366961014e+18,1.5357919101745596e+22,1.5357919114282058e+22,1.122478442697703,0.15263817076858918
oc,100.0,1.1335790912490644,4.694874239125256e-07,0.04268067490113869,3.5556306507661604e+18,3.6611277377511583e+18,1.5357919101745596e+22,1.5357919112250268e+22,1.1224712282253617,0.1526704379855046
oc,100.0,1.1335790912490644,4.765676801611914e-07,0.04332433456010831,3.559976760159672e+18,3.656658140290816e+18,1.5357919101745596e+22,1.535791911055829e+22,1.1224645299171043,0.15270045479322025
oc,100.0,1.1335790912490644,4.837496943469012e-07,0.04397724494062738,3.564018770561888e+18,3.652511065769654e+18,1.5357919101745596e+22,1.535791910914731e+22,1.1224583178393912,0.15272834299618865
oc,100.0,1.1335790912490644,4.910347803083952e-07,0.04463952548258138,3.567772892914169e+18,3.648667778978667e+18,1.5357919101745596e+22,1.5357919107969091e+22,1.1224525633130142,0.15275422049959161
oc,100.0,1.1335790912490644,4.984242643402648e-07,0.04531129675820589,3.5712548879428956e+18,3.645110305681093e+18,1.5357919101745596e+22,1.5357919106984242e+22,1.122447238884256,0.1527782012493122
oc,100.0,1.1335790912490644,5.059194851686406e-07,0.045992680469876424,3.5744800458181217e+18,3.641821419813354e+18,1.5357919101745596e+22,1.5357919106159914e+22,1.1224423182965118,0.15280039518569805
oc,100.0,1.1335790912490644,5.135217939212421e-07,0.046683799447385654,3.577463168904744e+18,3.6387846304384445e+18,1.5357919101745596e+22,1.5357919105468938e+22,1.1224377764622537,0.152820908210893
oc,100.0,1.1335790912490644,5.212325540916164e-07,0.0473847776446924,3.5802185575143117e+18,3.635984168384633e+18,1.5357919101745596e+22,1.5357919104889268e+22,1.1224335894352058,0.15283984216944901
oc,100.0,1.1335790912490644,5.290531414973651e-07,0.04809574013612411,3.5827599985532575e+18,3.6334049725135867e+18,1.5357919101745596e+22,1.5357919104402354e+22,1.1224297343826262,0.15285729484186508
oc,100.0,1.1335790912490644,5.369849442321835e-07,0.04881681311201669,3.585100756952462e+18,3.6310326755738675e+18,1.5357919101745596e+22,1.535791910399281e+22,1.122426189557606,0.15287335995064325
oc,100.0,1.1335790912490644,5.450293626115079e-07,0.04954812387377344,3.5872535697537756e+18,3.628853589605683e+18,1.5357919101745596e+22,1.5357919103648086e+22,1.1224229342712986,0.1528881271783945
oc,100.0,1.1335790912490644,5.531878091115703e-07,0.05028980082832457,3.5892306427207567e+18,3.6268546908740014e+18,1.5357919101745596e+22,1.5357919103357488e+22,1.1224199488650097,0.15290168219747755
oc,100.0,1.1335790912490644,5.614617083016814e-07,0.05104197348197104,3.591043649334313e+18,3.6250236043178767e+18,1.5357919101745596e+22,1.5357919103112284e+22,1.1224172146821054,0.15291410671060635
oc,100.0,1.1335790912490644,5.698524967695082e-07,0.05180477243359166,3.5927037320284037e+18,3.6233485875128504e+18,1.5357919101745596e+22,1.5357919102905384e+22,1.1224147140396878,0.15292547850182264
oc,100.0,1.1335790912490644,5.783616230391752e-07,0.05257832936719775,3.594221505516633e+18,3.621818514153519e+18,1.5357919101745596e+22,1.5357919102730347e+22,1.1224124302000191,0.1529358714971911
oc,100.0,1.1335790912490644,5.869905474819483e-07,0.05336277704381348,3.595607062057762e+18,3.6204228570719954e+18,1.5357919101745596e+22,1.5357919102582156e+22,1.1224103473416835,0.15294535583454644
oc,100.0,1.1335790912490644,5.957407422193069e-07,0.05415824929266427,3.5968699785061494e+18,3.619151670815616e+18,1.5357919101745596e+22,1.5357919102456771e+22,1.1224084505304832,0.15295399794159514
oc,100.0,1.1335790912490644,6.0461369101819e-07,0.05496488100165364,3.598019324992554e+18,3.61799557381587e+18,1.5357919101745596e+22,1.5357919102350595e+22,1.1224067256900891,0.15296186062165487
oc,100.0,1.1335790912490644,6.136108891781953e-07,0.05578280810710867,3.5990636750808924e+18,3.616945730185774e+18,1.5357919101745596e+22,1.5357919102260239e+22,1.12240515957246,0.15296900314630074
oc,100.0,1.1335790912490644,6.227338434105047e-07,0.056612167582773154,3.6000111172480415e+18,3.6159938311903954e+18,1.5357919101745596e+22,1.5357919102183852e+22,1.1224037397280788,0.15297548135417877
oc,100.0,1.1335790912490644,6.319840717083361e-07,0.057453097428030564,3.6008692675358623e+18,3.6151320764385203e+18,1.5357919101745596e+22,1.5357919102118813e+22,1.1224024544760363,0.15298134775524377
oc,100.0,1.1335790912490644,6.413631032086649e-07,0.058305736655333174,3.6016452832276454e+18,3.614353154849802e+18,1.5357919101745596e+22,1.5357919102063597e+22,1.1224012928740255,0.15298665163967998
oc,100.0,1.1335790912490644,6.508724780450197e-07,0.05917022527681998,3.602345877405184e+18,3.6136502254526976e+18,1.5357919101745596e+22,1.5357919102016455e+22,1.1224002446882957,0.15299143919077154
oc,100.0,1.1335790912490644,6.605137471910994e-07,0.06004670429009995,3.6029773342471235e+18,3.6130168980733133e+18,1.5357919101745596e+22,1.5357919101976515e+22,1.122399300363643,0.1529957536010006
oc,100.0,1.1335790912490644,6.702884722950026e-07,0.060935315663182055,3.6035455249344077e+18,3.6124472139749007e+18,1.5357919101745596e+22,1.5357919101942359e+22,1.1223984509934872,0.1529996351906675
oc,100.0,1.1335790912490644,6.80198225503809e-07,0.0618362023185281,3.6040559240344e+18,3.6119356265105833e+18,1.5357919101745596e+22,1.5357919101913223e+22,1.1223976882901305,0.15300312152834977
oc,100.0,1.1335790912490644,6.902445892783118e-07,0.06274950811621016,3.6045136262414515e+18,3.611476981849939e+18,1.5357919101745596e+22,1.535791910188856e+22,1.1223970045552496,0.15300624755253922
oc,100.0,1.1335790912490644,7.004291561976294e-07,0.06367537783614813,3.6049233633584374e+18,3.611066499840943e+18,1.5357919101745596e+22,1.5357919101867608e+22,1.122396392650709,0.15300904569382728
oc,100.0,1.1335790912490644,7.107535287534933e-07,0.06461395715940849,3.60528952141051e+18,3.6106997550669327e+18,1.5357919101745596e+22,1.5357919101849495e+22,1.1223958459697667,0.15301154599703906
oc,100.0,1.1335790912490644,7.212193191339467e-07,0.06556539264854061,3.60561615778983e+18,3.610372658155804e+18,1.5357919101745596e+22,1.5357919101834e+22,1.122395358408741,0.1530137762427511
oc,100.0,1.1335790912490644,7.31828148996233e-07,0.06652983172693028,3.6059070183372785e+18,3.610081437396763e+18,1.5357919101745596e+22,1.5357919101820904e+22,1.122394924339212,0.15301576206766532
oc,100.0,1.1335790912490644,7.425816492286187e-07,0.06750742265714715,3.606165554274785e+18,3.6098226207162045e+18,1.5357919101745596e+22,1.5357919101809882e+22,1.122394538580825,0.15301752708334987
oc,100.0,1.1335790912490644,7.53481459700921e-07,0.06849831451826555,3.6063949389095583e+18,3.60959301806158e+18,1.5357919101745596e+22,1.5357919101800279e+22,1.1223941963747532,0.153019092992898
oc,100.0,1.1335790912490644,7.645292290034978e-07,0.06950265718213616,3.6065980840392433e+18,3.6093897042374216e+18,1.5357919101745596e+22,1.5357919101792094e+22,1.122393893357888,0.1530204797050978
oc,100.0,1.1335790912490644,7.75726614174454e-07,0.07052060128858673,3.606777655994339e+18,3.6092100022337024e+18,1.5357919101745596e+22,1.535791910178511e+22,1.1223936255377973,0.15302170544574678
oc,100.0,1.1335790912490644,7.870752804148289e-07,0.07155229821952991,3.606936091262016e+18,3.609051467082716e+18,1.5357919101745596e+22,1.5357919101779217e+22,1.12239338926851,0.1530227868657889
oc,100.0,1.1335790912490644,7.985769007915122e-07,0.07259790007195566,3.607075611642677e+18,3.6089118702754627e+18,1.5357919101745596e+22,1.535791910177409e+22,1.12239318122716,0.15302373914599218
oc,100.0,1.1335790912490644,8.10233155927669e-07,0.0736575596297881,3.6071982388976845e+18,3.6087891847643075e+18,1.5357919101745596e+22,1.5357919101769832e+22,1.1223929983915286,0.15302457609792747
oc,100.0,1.1335790912490644,8.220457336804192e-07,0.07473143033458357,3.6073058088535757e+18,3.608681570573235e+18,1.5357919101745596e+22,1.5357919101766123e+22,1.1223928380185146,0.15302531026104993
oc,100.0,1.1335790912490644,8.34016328805534e-07,0.07581966625504855,3.607399984934783e+18,3.6085873610337454e+18,1.5357919101745596e+22,1.5357919101762958e+22,1.12239269762355,0.15302595299572308
oc,100.0,1.1335790912490644,8.461466426089286e-07,0.07692242205535715,3.60748227110301e+18,3.6085050496579466e+18,1.5357919101745596e+22,1.5357919101760339e+22,1.1223925749609818,0.15302651457206431
oc,100.0,1.1335790912490644,8.584383825846971e-07,0.0780398529622452,3.6075540241874007e+18,3.6084332776574213e+18,1.5357919101745596e+22,1.5357919101758049e+22,1.122392468005425,0.15302700425452634
oc,100.0,1.1335790912490644,8.708932620394697e-07,0.07917211473086089,3.6076164655952287e+18,3.6083708221115873e+18,1.5357919101745596e+22,1.5357919101756084e+22,1.1223923749340952,0.1530274303821639
oc,100.0,1.1335790912490644,8.835129997028664e-07,0.08031936360935149,3.6076706923979433e+18,3.608316584784863e+18,1.5357919101745596e+22,1.5357919101754446e+22,1.1223922941101137,0.1530278004445659
oc,100.0,1.1335790912490644,8.962993193238147e-07,0.08148175630216498,3.6077176877920824e+18,3.6082695815889623e+18,1.5357919101745596e+22,1.5357919101753137e+22,1.1223922240667823,0.15302812115346456
oc,100.0,1.1335790912490644,9.092539492525114e-07,0.08265944993204649,3.60775833093919e+18,3.6082289326820644e+18,1.5357919101745596e+22,1.5357919101751828e+22,1.122392163492809,0.1530283985100592
oc,100.0,1.1335790912490644,9.223786220078049e-07,0.08385260200070954,3.607793406192366e+18,3.608193853194453e+18,1.5357919101745596e+22,1.5357919101750954e+22,1.1223921112184736,0.15302863786811727
oc,100.0,1.1335790912490644,9.356750738297962e-07,0.0850613703481633,3.607823611721011e+18,3.6081636445658624e+18,1.5357919101745596e+22,1.5357919101750081e+22,1.1223920662027083,0.153028843992938
oc,100.0,1.1335790912490644,9.491450442174411e-07,0.08628591311067646,3.607849567548068e+18,3.608137686479076e+18,1.5357919101745596e+22,1.5357919101749318e+22,1.1223920275210673,0.15302902111628322
oc,100.0,1.1335790912490644,9.627902754509441e-07,0.08752638867735857,3.607871823016916e+18,3.608115429370111e+18,1.5357919101745596e+22,1.5357919101748882e+22,1.12239199435456,0.15302917298739693
oc,100.0,1.1335790912490644,9.766125120987632e-07,0.08878295564534211,3.6078908637073055e+18,3.608096387494419e+18,1.5357919101745596e+22,1.5357919101748226e+22,1.1223919659793113,0.15302930292025008
oc,100.0,1.1335790912490644,9.906135005090058e-07,0.09005577277354598,3.607907117821583e+18,3.608080132527363e+18,1.5357919101745596e+22,1.535791910174779e+22,1.122391941757024,0.15302941383715876
oc,100.0,1.1335790912490644,1.0047949882850608e-06,0.09134499893500553,3.607920962064005e+18,3.608066287674073e+18,1.5357919101745596e+22,1.5357919101747353e+22,1.1223919211261963,0.1530295083089341
oc,100.0,1.1335790912490644,1.0191587237452651e-06,0.09265079306775137,3.6079327270370847e+18,3.6080545222653865e+18,1.5357919101745596e+22,1.5357919101747026e+22,1.1223919035940668,0.15302958859172922
oc,100.0,1.1335790912490644,1.0337064553664431e-06,0.09397331412422211,3.6079427021797934e+18,3.6080445468134764e+18,1.5357919101745596e+22,1.5357919101746808e+22,1.1223918887292461,0.15302965666075397
oc,100.0,1.1335790912490644,1.0484399312111567e-06,0.09531272101919608,3.6079511402729196e+18,3.608036108501847e+18,1.5357919101745596e+22,1.535791910174659e+22,1.1223918761549934,0.15302971424103246
oc,100.0,1.1335790912490644,1.0633608983385028e-06,0.09666917257622754,3.607958261537335e+18,3.6080289870837325e+18,1.5357919101745596e+22,1.535791910174648e+22,1.1223918655431036,0.15302976283537834
oc,100.0,1.1335790912490644,1.0784711021983284e-06,0.09804282747257531,3.607964257350569e+18,3.608022991162906e+18,1.5357919101745596e+22,1.5357919101746372e+22,1.1223918566083664,0.15302980374976377
oc,100.0,1.1335790912490644,1.0937722860087129e-06,0.09943384418261025,3.607969293607388e+18,3.6080179548311194e+18,1.5357919101745596e+22,1.5357919101746263e+22,1.1223918491035518,0.15302983811625684
oc,100.0,1.1335790912490644,1.1092661901166052e-06,0.10084238091969139,3.6079735137491384e+18,3.6080137346373714e+18,1.5357919101745596e+22,1.5357919101746263e+22,1.122391842814897,0.1530298669136973
oc,100.0,1.1335790912490644,1.124954551341493e-06,0.10226859557649937,3.607977041486427e+18,3.608010206864171e+18,1.5357919101745596e+22,1.5357919101746044e+22,1.1223918375580435,0.1530298909862786
oc,100.0,1.1335790912490644,1.140839102302004e-06,0.10371264566381855,3.607979983238786e+18,3.6080072650871526e+18,1.5357919101745596e+22,1.5357919101745935e+22,1.1223918331744043,0.1530299110601979
oc,100.0,1.1335790912490644,1.1569215707253575e-06,0.10517468824775977,3.6079824303141053e+18,3.6080048179949706e+18,1.5357919101745596e+22,1.5357919101745826e+22,1.1223918295279127,0.1530299277585298
oc,100.0,1.1335790912490644,1.1732036787395748e-06,0.10665487988541589,3.6079844608497644e+18,3.6080027874478423e+18,1.5357919101745596e+22,1.5357919101745826e+22,1.1223918265021289,0.15302994161447317
oc,100.0,1.1335790912490644,1.1896871421484001e-06,0.10815337655894547,3.607986141536219e+18,3.608001106753617e+18,1.5357919101745596e+22,1.5357919101745717e+22,1.1223918239976731,0.15302995308311365
oc,100.0,1.1335790912490644,1.2063736696888767e-06,0.1096703336080797,3.607987529142787e+18,3.6079997191418307e+18,1.5357919101745596e+22,1.5357919101745826e+22,1.122391821929949,0.15302996255183562
oc,100.0,1.1335790912490644,1.2232649622715382e-06,0.11120590566104893,3.6079886718642417e+18,3.607998576416868e+18,1.5357919101745596e+22,1.5357919101745717e+22,1.1223918202271386,0.15302997034951177
oc,100.0,1.1335790912490644,1.2403627122032033e-06,0.11276024656392758,3.607989610505549e+18,3.607997637773237e+18,1.5357919101745596e+22,1.5357919101745717e+22,1.1223918188284367,0.1530299767545876
oc,100.0,1.1335790912490644,1.2576686023923764e-06,0.11433350930839786,3.6079903795210824e+18,3.6079968687561467e+18,1.5357919101745596e+22,1.5357919101745717e+22,1.1223918176825003,0.15302998200217302
oc,100.0,1.1335790912490644,1.275184305537256e-06,0.11592584595793237,3.607991007923275e+18,3.607996240352934e+18,1.5357919101745596e+22,1.5357919101745717e+22,1.1223918167460973,0.15302998629024311
oc,100.0,1.1335790912490644,1.292911483296395e-06,0.11753740757239955,3.607991520074742e+18,3.607995728200765e+18,1.5357919101745596e+22,1.53579191017455e+22,1.1223918159829236,0.15302998978504345
oc,100.0,1.1335790912490644,1.3108517854420548e-06,0.1191683441310959,3.6079919363766574e+18,3.6079953118984177e+18,1.5357919101745596e+22,1.5357919101745608e+22,1.1223918153625785,0.15302999262578726
oc,100.0,1.1335790912490644,1.3290068489963223e-06,0.12081880445421112,3.607992273865021e+18,3.607994974409777e+18,1.5357919101745596e+22,1.5357919101745608e+22,1.1223918148596763,0.1530299949287247
oc,100.0,1.1335790912490644,1.3473782973500965e-06,0.12248893612273604,3.607992546725627e+18,3.6079947015489777e+18,1.5357919101745596e+22,1.5357919101745608e+22,1.1223918144530782,0.15302999679065654
oc,100.0,1.1335790912490644,1.365967739365027e-06,0.12417888539682065,3.607992766737362e+18,3.6079944815371315e+18,1.5357919101745596e+22,1.5357919101745717e+22,1.1223918141252318,0.1530299982919593
oc,100.0,1.1335790912490644,1.384776768458562e-06,0.12588879713259654,3.607992943652574e+18,3.6079943046218143e+18,1.5357919101745596e+22,1.53579191017455e+22,1.1223918138616047,0.15302999949918095
oc,100.0,1.1335790912490644,1.4038069616722303e-06,0.1276188146974755,3.6079930855225144e+18,3.607994162751858e+18,1.5357919101745596e+22,1.5357919101745608e+22,1.1223918136502,0.15303000046726134
oc,100.0,1.1335790912490644,1.4230598787233641e-06,0.1293690798839422,3.6079931989747226e+18,3.607994049299617e+18,1.5357919101745596e+22,1.5357919101745608e+22,1.1223918134811415,0.15303000124142546
oc,100.0,1.1335790912490644,1.4425370610404372e-06,0.13113973282185792,3.607993289448905e+18,3.607993958825386e+18,1.5357919101745596e+22,1.53579191017455e+22,1.1223918133463229,0.15303000185879256
oc,100.0,1.1335790912490644,1.462240030782253e-06,0.13293091188929573,3.607993361396653e+18,3.607993886877655e+18,1.5357919101745596e+22,1.5357919101745608e+22,1.1223918132391117,0.15303000234973937
oc,100.0,1.1335790912490644,1.4821702898412239e-06,0.13474275362192945,3.6079934184501857e+18,3.6079938298241157e+18,1.5357919101745596e+22,1.5357919101745608e+22,1.1223918131540946,0.15303000273905126
oc,100.0,1.1335790912490644,1.5023293188310152e-06,0.13657539262100138,3.6079934635643156e+18,3.607993784709977e+18,1.5357919101745596e+22,1.5357919101745608e+22,1.1223918130868686,0.15303000304689132
oc,100.0,1.1335790912490644,1.5227185760588555e-06,0.13842896145989597,3.6079934991356063e+18,3.607993749138674e+18,1.5357919101745596e+22,1.53579191017455e+22,1.1223918130338626,0.15303000328961305
oc,100.0,1.1335790912490644,1.5433394964828389e-06,0.140303590589349,3.607993527101952e+18,3.6079937211723305e+18,1.5357919101745596e+22,1.5357919101745608e+22,1.1223918129921893,0.15303000348044024
oc,100.0,1.1335790912490644,1.5641934906545607e-06,0.1421994082413237,3.607993549025624e+18,3.6079936992486605e+18,1.5357919101745596e+22,1.5357919101745608e+22,1.1223918129595198,0.15303000363003352
oc,100.0,1.1335790912490644,1.585281943647488e-06,0.14411654033158983,3.6079935661622426e+18,3.6079936821120507e+18,1.5357919101745596e+22,1.5357919101745608e+22,1.122391812933984,0.15303000374696088
oc,100.0,1.1335790912490644,1.6066062139714432e-06,0.1460551103610403,3.6079935795178414e+18,3.6079936687564227e+18,1.5357919101745596e+22,1.53579191017455e+22,1.1223918129140824,0.15303000383808738
oc,100.0,1.1335790912490644,1.6281676324736676e-06,0.14801523931578797,3.607993589896023e+18,3.6079936583782764e+18,1.5357919101745596e+22,1.5357919101745608e+22,1.1223918128986177,0.15303000390889654
oc,100.0,1.1335790912490644,1.6499675012269185e-06,0.1499970455660835,3.6079935979366804e+18,3.6079936503375867e+18,1.5357919101745596e+22,1.53579191017455e+22,1.1223918128866361,0.15303000396375485
oc,100.0,1.1335790912490644,1.6720070924050911e-06,0.1520006447640992,3.607993604147772e+18,3.6079936441264983e+18,1.5357919101745596e+22,1.5357919101745608e+22,1.1223918128773804,0.15303000400612848
oc,100.0,1.1335790912490644,1.6942876471469117e-06,0.15402614974062834,3.6079936089312333e+18,3.6079936393430333e+18,1.5357919101745596e+22,1.53579191017455e+22,1.1223918128702526,0.15303000403876024
oc,100.0,1.1335790912490644,1.7168103744082338e-06,0.15607367040074854,3.6079936126041416e+18,3.607993635670125e+18,1.5357919101745596e+22,1.5357919101745608e+22,1.1223918128647796,0.15303000406381367
oc,100.0,1.1335790912490644,1.7395764498035548e-06,0.15814331361850498,3.607993615415804e+18,3.6079936328584627e+18,1.5357919101745596e+22,1.5357919101745608e+22,1.1223918128605899,0.1530300040829901
oc,100.0,1.1335790912490644,1.762587014437358e-06,0.16023518313066892,3.607993617561636e+18,3.607993630712657e+18,1.5357919101745596e+22,1.5357919101745608e+22,1.1223918128573926,0.15303000409762296
oc,100.0,1.1335790912490644,1.7858431737259404e-06,0.16234937942963096,3.6079936191943276e+18,3.6079936290799457e+18,1.5357919101745596e+22,1.5357919101745608e+22,1.1223918128549595,0.15303000410875411
oc,100.0,1.1335790912490644,1.8093459962104148e-06,0.16448599965549227,3.607993620432774e+18,3.6079936278415186e+18,1.5357919101745596e+22,1.5357919101745608e+22,1.122391812853114,0.15303000411719495
oc,100.0,1.1335790912490644,1.8330965123615917e-06,0.16664513748741744,3.607993621369292e+18,3.607993626905004e+18,1.5357919101745596e+22,1.5357919101745608e+22,1.1223918128517185,0.15303000412357537
oc,100.0,1.1335790912490644,1.857095713377516e-06,0.16882688303431964,3.607993622075307e+18,3.6079936261989627e+18,1.5357919101745596e+22,1.5357919101745608e+22,1.1223918128506662,0.15303000412838277
oc,100.0,1.1335790912490644,1.8813445499744301e-06,0.1710313227249482,3.6079936226058895e+18,3.6079936256683965e+18,1.5357919101745596e+22,1.5357919101745608e+22,1.1223918128498758,0.15303000413199302
oc,100.0,1.1335790912490644,1.9058439311719748e-06,0.17325853919745227,3.6079936230034033e+18,3.607993625270879e+18,1.5357919101745596e+22,1.5357919101745608e+22,1.1223918128492836,0.15303000413469509
oc,100.0,1.1335790912490644,1.9305947230735074e-06,0.1755086111885007,3.607993623300288e+18,3.607993624974001e+18,1.5357919101745596e+22,1.5357919101745608e+22,1.122391812848841,0.15303000413671036
oc,100.0,1.1335790912490644,1.9555977476423834e-06,0.17778161342203486,3.6079936235213245e+18,3.607993624752981e+18,1.5357919101745596e+22,1.5357919101745717e+22,1.1223918128485117,0.15303000413820797
oc,100.0,1.1335790912490644,1.980853781475158e-06,0.18007761649774162,3.6079936236853714e+18,3.6079936245889147e+18,1.5357919101745596e+22,1.5357919101745608e+22,1.1223918128482673,0.15303000413931658
oc,100.0,1.1335790912490644,2.0063635545726346e-06,0.1823966867793304,3.6079936238067374e+18,3.6079936244675456e+18,1.5357919101745596e+22,1.5357919101745608e+22,1.1223918128480865,0.15303000414013385
oc,100.0,1.1335790912490644,2.0321277491097545e-06,0.18473888628270496,3.6079936238962463e+18,3.6079936243780204e+18,1.5357919101745596e+22,1.53579191017455e+22,1.1223918128479526,0.15303000414073364
oc,100.0,1.1335790912490644,2.0581469982053558e-06,0.18710427256412326,3.6079936239620485e+18,3.6079936243122314e+18,1.5357919101745596e+22,1.5357919101745608e+22,1.1223918128478547,0.15303000414117154
oc,100.0,1.1335790912490644,2.0844218846928104e-06,0.18949289860843732,3.60799362401027e+18,3.6079936242639933e+18,1.5357919101745596e+22,1.53579191017455e+22,1.1223918128477828,0.15303000414148937
oc,100.0,1.1335790912490644,2.110952939892684e-06,0.19190481271751675,3.607993624045504e+18,3.6079936242287816e+18,1.5357919101745596e+22,1.5357919101745608e+22,1.1223918128477306,0.1530300041417184
oc,100.0,1.1335790912490644,2.1377406423884723e-06,0.19434005839895202,3.6079936240711537e+18,3.6079936242031196e+18,1.5357919101745596e+22,1.5357919101745608e+22,1.1223918128476922,0.153030004141882
oc,100.0,1.1335790912490644,2.164785416806599e-06,0.19679867425514536,3.6079936240897654e+18,3.6079936241845074e+18,1.5357919101745596e+22,1.5357919101745608e+22,1.1223918128476646,0.15303000414199747
oc,100.0,1.1335790912490644,2.1920876326018336e-06,0.199280693872894,3.6079936241032474e+18,3.607993624171049e+18,1.5357919101745596e+22,1.5357919101745717e+22,1.1223918128476447,0.15303000414207776
oc,100.0,1.1335790912490644,2.2196476028493208e-06,0.20178614571357462,3.60799362411296e+18,3.6079936241613097e+18,1.5357919101745596e+22,1.5357919101745608e+22,1.12239181284763,0.15303000414213225
oc,100.0,1.1335790912490644,2.2474655830444835e-06,0.20431505300404396,3.6079936241199457e+18,3.6079936241543337e+18,1.5357919101745596e+22,1.5357919101745608e+22,1.1223918128476196,0.15303000414216802
oc,100.0,1.1335790912490644,2.2755417699120383e-06,0.20686743362836713,3.607993624124945e+18,3.6079936241493315e+18,1.5357919101745596e+22,1.5357919101745608e+22,1.122391812847612,0.15303000414219017
oc,100.0,1.1335790912490644,2.3038763002254197e-06,0.20944330002049272,3.607993624128521e+18,3.6079936241457613e+18,1.5357919101745596e+22,1.5357919101745608e+22,1.1223918128476067,0.15303000414220244
oc,100.0,1.1335790912490644,2.3324692496379275e-06,0.2120426590579934,3.607993624131072e+18,3.607993624143208e+18,1.5357919101745596e+22,1.5357919101745608e+22,1.122391812847603,0.15303000414220758
oc,100.0,1.1335790912490644,2.3613206315269245e-06,0.21466551195699313,3.607993624132876e+18,3.607993624141391e+18,1.5357919101745596e+22,1.5357919101745608e+22,1.1223918128476003,0.15303000414220758
oc,100.0,1.1335790912490644,2.390430395852468e-06,0.2173118541684062,3.6079936241341517e+18,3.6079936241401313e+18,1.5357919101745596e+22,1.5357919101745608e+22,1.1223918128475985,0.15303000414220386
oc,100.0,1.1335790912490644,2.4197984280317437e-06,0.21998167527561308,3.607993624135055e+18,3.607993624139215e+18,1.5357919101745596e+22,1.5357919101745608e+22,1.1223918128475971,0.15303000414219745
oc,100.0,1.1335790912490644,2.449424547830708e-06,0.22267495889370076,3.6079936241356867e+18,3.6079936241385933e+18,1.5357919101745596e+22,1.5357919101745608e+22,1.1223918128475965,0.1530300041421891
oc,100.0,1.1335790912490644,2.4793085082743803e-06,0.2253916825703982,3.607993624136132e+18,3.607993624138148e+18,1.5357919101745596e+22,1.5357919101745608e+22,1.1223918128475956,0.15303000414217935
oc,100.0,1.1335790912490644,2.509449994577191e-06,0.22813181768883556,3.60799362413644e+18,3.6079936241378145e+18,1.5357919101745596e+22,1.53579191017455e+22,1.1223918128475947,0.15303000414216858
oc,100.0,1.1335790912490644,2.5398486230948953e-06,0.2308953293722632,3.6079936241366574e+18,3.6079936241376353e+18,1.5357919101745596e+22,1.5357919101745608e+22,1.1223918128475947,0.15303000414215703
oc,100.0,1.1335790912490644,2.5705039402994796e-06,0.2336821763908618,3.6079936241368084e+18,3.607993624137462e+18,1.5357919101745596e+22,1.5357919101745608e+22,1.1223918128475945,0.153030004142145
oc,100.0,1.1335790912490644,2.6014154217785738e-06,0.23649231107077945,3.607993624136911e+18,3.6079936241373594e+18,1.5357919101745596e+22,1.5357919101745608e+22,1.1223918128475943,0.15303000414213247
oc,100.0,1.1335790912490644,2.632582471260859e-06,0.23932567920553266,3.6079936241369846e+18,3.6079936241372856e+18,1.5357919101745596e+22,1.5357919101745608e+22,1.122391812847594,0.15303000414211962
oc,100.0,1.1335790912490644,2.664004419668962e-06,0.24218221996990563,3.6079936241370327e+18,3.6079936241372375e+18,1.5357919101745596e+22,1.5357919101745608e+22,1.122391812847594,0.15303000414210652
oc,100.0,1.1335790912490644,2.6956805242013664e-06,0.24506186583648787,3.6079936241370675e+18,3.6079936241372247e+18,1.5357919101745596e+22,1.5357919101745608e+22,1.1223918128475943,0.15303000414209322
oc,100.0,1.1335790912490644,2.727609967444852e-06,0.24796454249498656,3.60799362413709e+18,3.6079936241371766e+18,1.5357919101745596e+22,1.53579191017455e+22,1.122391812847594,0.1530300041420797
oc,100.0,1.1335790912490644,2.7597918565189673e-06,0.2508901687744516,3.6079936241371064e+18,3.60799362413718e+18,1.5357919101745596e+22,1.5357919101745608e+22,1.122391812847594,0.15303000414206605
oc,100.0,1.1335790912490644,2.7922252222540666e-06,0.25383865656855154,3.6079936241371187e+18,3.607993624137148e+18,1.5357919101745596e+22,1.53579191017455e+22,1.122391812847594,0.15303000414205228
oc,100.0,1.1335790912490644,2.8249090184044093e-06,0.2568099107640372,3.6079936241371284e+18,3.6079936241371674e+18,1.5357919101745596e+22,1.5357919101745608e+22,1.1223918128475943,0.15303000414203835
oc,100.0,1.1335790912490644,2.8578421208978493e-06,0.25980382917253175,3.607993624137135e+18,3.6079936241371607e+18,1.5357919101745596e+22,1.5357919101745717e+22,1.1223918128475943,0.15303000414202433
oc,100.0,1.1335790912490644,2.891023327123599e-06,0.26282030246578175,3.607993624137135e+18,3.607993624137154e+18,1.5357919101745596e+22,1.5357919101745608e+22,1.1223918128475943,0.15303000414201015
oc,100.0,1.1335790912490644,2.924451355259565e-06,0.2658592141145059,3.607993624137135e+18,3.6079936241371607e+18,1.5357919101745596e+22,1.5357919101745717e+22,1.1223918128475943,0.15303000414199586
oc,100.0,1.1335790912490644,2.9581248436407344e-06,0.26892044033097584,3.607993624137135e+18,3.607993624137141e+18,1.5357919101745596e+22,1.5357919101745608e+22,1.1223918128475943,0.15303000414198148
oc,100.0,1.1335790912490644,2.992042350170052e-06,0.2720038500154593,3.607993624137135e+18,3.607993624137148e+18,1.5357919101745596e+22,1.5357919101745608e+22,1.1223918128475943,0.15303000414196696
oc,100.0,1.1335790912490644,3.026202351773268e-06,0.27510930470666073,3.607993624137135e+18,3.607993624137135e+18,1.5357919101745596e+22,1.5357919101745608e+22,1.122391812847594,0.15303000414195236
oc,100.0,1.1335790912490644,3.060603243899132e-06,0.2782366585362847,3.607993624137135e+18,3.6079936241371223e+18,1.5357919101745596e+22,1.53579191017455e+22,1.122391812847594,0.15303000414193763
oc,100.0,1.1335790912490644,3.095243340066364e-06,0.2813857581878513,3.6079936241371315e+18,3.607993624137135e+18,1.5357919101745596e+22,1.5357919101745608e+22,1.122391812847594,0.1530300041419228
oc,100.0,1.1335790912490644,3.1301208714587585e-06,0.2845564428598871,3.607993624137135e+18,3.6079936241371254e+18,1.5357919101745596e+22,1.53579191017455e+22,1.122391812847594,0.1530300041419079
oc,100.0,1.1335790912490644,3.165233986569728e-06,0.2877485442336116,3.607993624137135e+18,3.607993624137148e+18,1.5357919101745596e+22,1.5357919101745608e+22,1.122391812847594,0.1530300041418929
oc,100.0,1.1335790912490644,3.2005807508976505e-06,0.29096188644524096,3.607993624137135e+18,3.607993624137148e+18,1.5357919101745596e+22,1.5357919101745608e+22,1.122391812847594,0.15303000414187778
oc,100.0,1.1335790912490644,3.2361591466932353e-06,0.2941962860630214,3.607993624137135e+18,3.6079936241371284e+18,1.5357919101745596e+22,1.5357919101745608e+22,1.122391812847594,0.15303000414186255
oc,100.0,1.1335790912490644,3.27196707276015e-06,0.29745155206910456,3.607993624137135e+18,3.6079936241371284e+18,1.5357919101745596e+22,1.5357919101745608e+22,1.122391812847594,0.15303000414184725
oc,100.0,1.1335790912490644,3.3080023443101186e-06,0.30072748584637443,3.607993624137135e+18,3.607993624137141e+18,1.5357919101745596e+22,1.5357919101745608e+22,1.1223918128475943,0.15303000414183185
oc,100.0,1.1335790912490644,3.344262692873571e-06,0.30402388117032464,3.607993624137135e+18,3.607993624137135e+18,1.5357919101745596e+22,1.5357919101745608e+22,1.122391812847594,0.15303000414181633
oc,100.0,1.1335790912490644,3.3807457662670037e-06,0.30734052420609126,3.607993624137135e+18,3.6079936241371254e+18,1.5357919101745596e+22,1.53579191017455e+22,1.122391812847594,0.15303000414180074
oc,100.0,1.1335790912490644,3.4174491286180456e-06,0.3106771935107314,3.607993624137141e+18,3.607993624137141e+18,1.5357919101745596e+22,1.5357919101745608e+22,1.1223918128475943,0.15303000414178508
oc,100.0,1.1335790912490644,3.4543702604492223e-06,0.3140336600408384,3.607993624137135e+18,3.607993624137145e+18,1.5357919101745596e+22,1.5357919101745608e+22,1.122391812847594,0.1530300041417693
oc,100.0,1.1335790912490644,3.49150655882137e-06,0.3174096871655791,3.607993624137141e+18,3.607993624137145e+18,1.5357919101745596e+22,1.5357919101745608e+22,1.1223918128475943,0.1530300041417534
oc,100.0,1.1335790912490644,3.528855337537518e-06,0.3208050306852289,3.607993624137141e+18,3.607993624137148e+18,1.5357919101745596e+22,1.5357919101745608e+22,1.122391812847594,0.15303000414173742
oc,100.0,1.1335790912490644,3.5664138274081023e-06,0.32421943885528204,3.607993624137141e+18,3.607993624137145e+18,1.5357919101745596e+22,1.5357919101745608e+22,1.1223918128475943,0.15303000414172138
oc,100.0,1.1335790912490644,3.604179176578205e-06,0.32765265241620045,3.607993624137141e+18,3.607993624137141e+18,1.5357919101745596e+22,1.5357919101745608e+22,1.1223918128475943,0.15303000414170523
oc,100.0,1.1335790912490644,3.6421484509175184e-06,0.3311044046288653,3.607993624137135e+18,3.6079936241371284e+18,1.5357919101745596e+22,1.5357919101745608e+22,1.122391812847594,0.15303000414168896
oc,100.0,1.1335790912490644,3.680318634473621e-06,0.33457442131578374,3.6079936241371315e+18,3.6079936241371284e+18,1.5357919101745596e+22,1.5357919101745608e+22,1.122391812847594,0.15303000414167262
oc,100.0,1.1335790912490644,3.718686629989085e-06,0.3380624209080987,3.6079936241371315e+18,3.6079936241371284e+18,1.5357919101745596e+22,1.5357919101745608e+22,1.122391812847594,0.1530300041416562
oc,100.0,1.1335790912490644,3.7572492594828904e-06,0.3415681144984446,3.607993624137135e+18,3.607993624137145e+18,1.5357919101745596e+22,1.5357919101745608e+22,1.122391812847594,0.15303000414163975
oc,100.0,1.1335790912490644,3.7960032648964994e-06,0.3450912058996818,3.6079936241371315e+18,3.6079936241371254e+18,1.5357919101745596e+22,1.53579191017455e+22,1.122391812847594,0.15303000414162315
oc,100.0,1.1335790912490644,3.834945308804896e-06,0.34863139170953605,3.6079936241371315e+18,3.6079936241371284e+18,1.5357919101745596e+22,1.5357919101745608e+22,1.122391812847594,0.1530300041416065
oc,100.0,1.1335790912490644,3.874071975192807e-06,0.35218836138116427,3.607993624137135e+18,3.607993624137141e+18,1.5357919101745596e+22,1.5357919101745608e+22,1.122391812847594,0.1530300041415898
oc,100.0,1.1335790912490644,3.913379770296197e-06,0.3557617972996543,3.607993624137135e+18,3.6079936241371284e+18,1.5357919101745596e+22,1.5357919101745608e+22,1.1223918128475936,0.15303000414157297
oc,100.0,1.1335790912490644,3.952865123509147e-06,0.35935137486446794,3.607993624137135e+18,3.607993624137138e+18,1.5357919101745596e+22,1.5357919101745608e+22,1.122391812847594,0.1530300041415561
oc,100.0,1.1335790912490644,3.992524388356007e-06,0.3629567625778189,3.6079936241371315e+18,3.607993624137135e+18,1.5357919101745596e+22,1.5357919101745608e+22,1.122391812847594,0.1530300041415391
oc,100.0,1.1335790912490644,4.0323538435287325e-06,0.36657762213897566,3.6079936241371315e+18,3.6079936241371284e+18,1.5357919101745596e+22,1.5357919101745608e+22,1.122391812847594,0.1530300041415221
oc,100.0,1.1335790912490644,4.072349693989162e-06,0.37021360854446933,3.6079936241371315e+18,3.607993624137135e+18,1.5357919101745596e+22,1.5357919101745608e+22,1.122391812847594,0.15303000414150497
oc,100.0,1.1335790912490644,4.112508072135931e-06,0.3738643701941755,3.607993624137135e+18,3.6079936241371284e+18,1.5357919101745596e+22,1.5357919101745608e+22,1.122391812847594,0.15303000414148782
oc,100.0,1.1335790912490644,4.152825039035608e-06,0.37752954900323704,3.607993624137135e+18,3.6079936241371284e+18,1.5357919101745596e+22,1.5357919101745608e+22,1.1223918128475936,0.15303000414147058
oc,100.0,1.1335790912490644,4.1932965857175825e-06,0.38120878051978024,3.6079936241371315e+18,3.6079936241371254e+18,1.5357919101745596e+22,1.53579191017455e+22,1.1223918128475936,0.15303000414145326
oc,100.0,1.1335790912490644,4.233918634532076e-06,0.3849016940483706,3.607993624137135e+18,3.607993624137138e+18,1.5357919101745596e+22,1.5357919101745608e+22,1.122391812847594,0.15303000414143592
oc,100.0,1.1335790912490644,4.274687040570635e-06,0.3886079127791487,3.607993624137135e+18,3.6079936241371284e+18,1.5357919101745596e+22,1.5357919101745608e+22,1.122391812847594,0.15303000414141849
oc,100.0,1.1335790912490644,4.315597593148279e-06,0.39232705392257083,3.607993624137135e+18,3.607993624137145e+18,1.5357919101745596e+22,1.5357919101745608e+22,1.1223918128475943,0.153030004141401
oc,100.0,1.1335790912490644,4.35664601734649e-06,0.39605872884968096,3.607993624137135e+18,3.6079936241371254e+18,1.5357919101745596e+22,1.53579191017455e+22,1.1223918128475936,0.15303000414138343
oc,100.0,1.1335790912490644,4.397827975616047e-06,0.39980254323782244,3.607993624137135e+18,3.607993624137138e+18,1.5357919101745596e+22,1.5357919101745608e+22,1.122391812847594,0.15303000414136583
oc,100.0,1.1335790912490644,4.439139069438646e-06,0.40355809722169506,3.607993624137141e+18,3.607993624137141e+18,1.5357919101745596e+22,1.5357919101745608e+22,1.122391812847594,0.1530300041413482
oc,100.0,1.1335790912490644,4.480574841046197e-06,0.40732498554965424,3.607993624137141e+18,3.607993624137145e+18,1.5357919101745596e+22,1.5357919101745608e+22,1.1223918128475943,0.15303000414133047
oc,100.0,1.1335790912490644,4.522130775196497e-06,0.41110279774513614,3.607993624137141e+18,3.607993624137145e+18,1.5357919101745596e+22,1.5357919101745608e+22,1.122391812847594,0.1530300041413127
oc,100.0,1.1335790912490644,4.563802301004022e-06,0.4148911182730929,3.607993624137141e+18,3.607993624137145e+18,1.5357919101745596e+22,1.5357919101745608e+22,1.122391812847594,0.1530300041412949
oc,100.0,1.1335790912490644,4.6055847938243644e-06,0.4186895267113059,3.607993624137141e+18,3.607993624137148e+18,1.5357919101745596e+22,1.5357919101745608e+22,1.1223918128475943,0.15303000414127702
oc,100.0,1.1335790912490644,4.6474735771908545e-06,0.4224975979264413,3.607993624137141e+18,3.607993624137148e+18,1.5357919101745596e+22,1.5357919101745608e+22,1.122391812847594,0.1530300041412591
oc,100.0,1.1335790912490644,4.689463924801754e-06,0.42631490225470486,3.607993624137141e+18,3.6079936241371284e+18,1.5357919101745596e+22,1.5357919101745608e+22,1.122391812847594,0.15303000414124115
oc,100.0,1.1335790912490644,4.731551062556339e-06,0.43014100568693997,3.607993624137135e+18,3.6079936241371284e+18,1.5357919101745596e+22,1.5357919101745608e+22,1.122391812847594,0.15303000414122314
oc,100.0,1.1335790912490644,4.773730170638174e-06,0.43397547005801584,3.607993624137135e+18,3.607993624137154e+18,1.5357919101745596e+22,1.5357919101745608e+22,1.1223918128475943,0.1530300041412051
oc,100.0,1.1335790912490644,4.8159963856436705e-06,0.4378178532403337,3.607993624137141e+18,3.6079936241371284e+18,1.5357919101745596e+22,1.5357919101745608e+22,1.122391812847594,0.15303000414118703
oc,100.0,1.1335790912490644,4.858344802754087e-06,0.4416677093412807,3.607993624137135e+18,3.6079936241371254e+18,1.5357919101745596e+22,1.53579191017455e+22,1.1223918128475936,0.1530300041411689
oc,100.0,1.1335790912490644,4.900770477948971e-06,0.4455245889044519,3.607993624137141e+18,3.607993624137145e+18,1.5357919101745596e+22,1.5357919101745608e+22,1.122391812847594,0.15303000414115078
oc,100.0,1.1335790912490644,4.943268430258946e-06,0.44938803911444963,3.607993624137141e+18,3.607993624137141e+18,1.5357919101745596e+22,1.5357919101745608e+22,1.1223918128475943,0.15303000414113263
oc,100.0,1.1335790912490644,4.985833644055812e-06,0.45325760400507387,3.607993624137141e+18,3.607993624137148e+18,1.5357919101745596e+22,1.5357919101745608e+22,1.1223918128475943,0.15303000414111442
oc,100.0,1.1335790912490644,5.028461071377706e-06,0.45713282467070054,3.607993624137141e+18,3.607993624137141e+18,1.5357919101745596e+22,1.5357919101745608e+22,1.122391812847594,0.15303000414109622
oc,100.0,1.1335790912490644,5.071145634287101e-06,0.46101323948064554,3.607993624137135e+18,3.607993624137145e+18,1.5357919101745596e+22,1.5357919101745608e+22,1.122391812847594,0.15303000414107792
oc,100.0,1.1335790912490644,5.113882227259372e-06,0.4648983842963066,3.607993624137135e+18,3.6079936241371254e+18,1.5357919101745596e+22,1.53579191017455e+22,1.1223918128475936,0.15303000414105966
oc,100.0,1.1335790912490644,5.156665719599517e-06,0.4687877926908652,3.607993624137141e+18,3.607993624137135e+18,1.5357919101745596e+22,1.5357919101745608e+22,1.122391812847594,0.15303000414104137
oc,100.0,1.1335790912490644,5.199490957884688e-06,0.47268099617133524,3.607993624137135e+18,3.6079936241371284e+18,1.5357919101745596e+22,1.5357919101745608e+22,1.122391812847594,0.15303000414102302
oc,100.0,1.1335790912490644,5.242352768430057e-06,0.4765775244027325,3.607993624137141e+18,3.607993624137148e+18,1.5357919101745596e+22,1.5357919101745608e+22,1.1223918128475943,0.15303000414100473
oc,100.0,1.1335790912490644,5.285245959775534e-06,0.4804769054341395,3.607993624137141e+18,3.607993624137148e+18,1.5357919101745596e+22,1.5357919101745608e+22,1.1223918128475943,0.1530300041409864
oc,100.0,1.1335790912490644,5.3281653251908174e-06,0.48437866592643797,3.607993624137135e+18,3.607993624137135e+18,1.5357919101745596e+22,1.5357919101745608e+22,1.122391812847594,0.153030004140968
oc,100.0,1.1335790912490644,5.371105645196191e-06,0.48828233138147187,3.607993624137141e+18,3.607993624137141e+18,1.5357919101745596e+22,1.5357919101745608e+22,1.1223918128475943,0.1530300041409497
oc,100.0,1.1335790912490644,5.414061690096534e-06,0.4921874263724122,3.607993624137141e+18,3.607993624137145e+18,1.5357919101745596e+22,1.5357919101745608e+22,1.1223918128475943,0.15303000414093132
oc,100.0,1.1335790912490644,5.457028222525894e-06,0.49609347477508126,3.607993624137135e+18,3.607993624137141e+18,1.5357919101745596e+22,1.5357919101745608e+22,1.1223918128475943,0.15303000414091292
oc,100.0,1.1335790912490644,5.5e-06,0.5,3.607993624137135e+18,3.6079936241371254e+18,1.5357919101745596e+22,1.53579191017455e+22,1.122391812847594,0.15303000414089454
oc,100.0,1.1335790912490644,5.542971777474112e-06,0.5039065252249193,3.607993624137135e+18,3.6079936241371284e+18,1.5357919101745596e+22,1.5357919101745608e+22,1.122391812847594,0.15303000414087614
oc,100.0,1.1335790912490644,5.585938309903469e-06,0.5078125736275881,3.607993624137135e+18,3.6079936241371284e+18,1.5357919101745596e+22,1.5357919101745608e+22,1.122391812847594,0.15303000414085777
oc,100.0,1.1335790912490644,5.628894354803809e-06,0.5117176686185281,3.607993624137135e+18,3.607993624137141e+18,1.5357919101745596e+22,1.5357919101745608e+22,1.122391812847594,0.15303000414083942
oc,100.0,1.1335790912490644,5.671834674809185e-06,0.5156213340735623,3.607993624137135e+18,3.6079936241371254e+18,1.5357919101745596e+22,1.53579191017455e+22,1.122391812847594,0.15303000414082107
oc,100.0,1.1335790912490644,5.7147540402244655e-06,0.5195230945658605,3.607993624137141e+18,3.607993624137148e+18,1.5357919101745596e+22,1.5357919101745608e+22,1.122391812847594,0.15303000414080273
oc,100.0,1.1335790912490644,5.757647231569949e-06,0.5234224755972681,3.607993624137141e+18,3.607993624137148e+18,1.5357919101745596e+22,1.5357919101745608e+22,1.122391812847594,0.15303000414078438
oc,100.0,1.1335790912490644,5.800509042115315e-06,0.527319003828665,3.607993624137141e+18,3.6079936241371284e+18,1.5357919101745596e+22,1.5357919101745608e+22,1.122391812847594,0.15303000414076606
oc,100.0,1.1335790912490644,5.8433342804004825e-06,0.5312122073091348,3.607993624137141e+18,3.6079936241371223e+18,1.5357919101745596e+22,1.53579191017455e+22,1.122391812847594,0.15303000414074774
oc,100.0,1.1335790912490644,5.8861177727406295e-06,0.5351016157036936,3.607993624137141e+18,3.607993624137145e+18,1.5357919101745596e+22,1.5357919101745608e+22,1.1223918128475943,0.15303000414072948
oc,100.0,1.1335790912490644,5.928854365712899e-06,0.5389867605193545,3.607993624137141e+18,3.607993624137145e+18,1.5357919101745596e+22,1.5357919101745608e+22,1.122391812847594,0.1530300041407112
oc,100.0,1.1335790912490644,5.971538928622301e-06,0.5428671753293001,3.607993624137141e+18,3.607993624137141e+18,1.5357919101745596e+22,1.5357919101745608e+22,1.122391812847594,0.15303000414069295
oc,100.0,1.1335790912490644,6.01416635594419e-06,0.5467423959949264,3.607993624137141e+18,3.607993624137141e+18,1.5357919101745596e+22,1.5357919101745608e+22,1.122391812847594,0.1530300041406747
oc,100.0,1.1335790912490644,6.0567315697410535e-06,0.5506119608855503,3.607993624137141e+18,3.607993624137141e+18,1.5357919101745596e+22,1.5357919101745608e+22,1.1223918128475943,0.1530300041406565
oc,100.0,1.1335790912490644,6.099229522051031e-06,0.5544754110955483,3.607993624137141e+18,3.607993624137148e+18,1.5357919101745596e+22,1.5357919101745608e+22,1.1223918128475943,0.15303000414063833
oc,100.0,1.1335790912490644,6.1416551972459115e-06,0.5583322906587193,3.607993624137141e+18,3.607993624137148e+18,1.5357919101745596e+22,1.5357919101745608e+22,1.1223918128475943,0.15303000414062018
oc,100.0,1.1335790912490644,6.184003614356336e-06,0.5621821467596669,3.607993624137135e+18,3.6079936241371254e+18,1.5357919101745596e+22,1.53579191017455e+22,1.122391812847594,0.15303000414060206
oc,100.0,1.1335790912490644,6.226269829361829e-06,0.5660245299419845,3.6079936241371315e+18,3.6079936241371284e+18,1.5357919101745596e+22,1.5357919101745608e+22,1.122391812847594,0.15303000414058396
oc,100.0,1.1335790912490644,6.26844893744366e-06,0.56985899431306,3.6079936241371315e+18,3.6079936241371284e+18,1.5357919101745596e+22,1.5357919101745608e+22,1.1223918128475936,0.15303000414056592
oc,100.0,1.1335790912490644,6.310536075198249e-06,0.5736850977452954,3.6079936241371315e+18,3.6079936241371284e+18,1.5357919101745596e+22,1.5357919101745608e+22,1.122391812847594,0.15303000414054793
oc,100.0,1.1335790912490644,6.352526422809144e-06,0.5775024020735586,3.607993624137135e+18,3.6079936241371254e+18,1.5357919101745596e+22,1.53579191017455e+22,1.122391812847594,0.15303000414052997
oc,100.0,1.1335790912490644,6.394415206175641e-06,0.5813104732886947,3.607993624137135e+18,3.607993624137151e+18,1.5357919101745596e+22,1.5357919101745608e+22,1.122391812847594,0.15303000414051207
oc,100.0,1.1335790912490644,6.4361976989959805e-06,0.5851088817269073,3.607993624137135e+18,3.607993624137148e+18,1.5357919101745596e+22,1.5357919101745608e+22,1.122391812847594,0.15303000414049422
oc,100.0,1.1335790912490644,6.477869224803503e-06,0.5888972022548639,3.607993624137141e+18,3.607993624137145e+18,1.5357919101745596e+22,1.5357919101745608e+22,1.122391812847594,0.1530300041404764
oc,100.0,1.1335790912490644,6.5194251589538055e-06,0.592675014450346,3.607993624137135e+18,3.6079936241371254e+18,1.5357919101745596e+22,1.53579191017455e+22,1.1223918128475936,0.15303000414045861
oc,100.0,1.1335790912490644,6.560860930561354e-06,0.5964419027783049,3.607993624137141e+18,3.607993624137141e+18,1.5357919101745596e+22,1.5357919101745608e+22,1.122391812847594,0.15303000414044093
oc,100.0,1.1335790912490644,6.602172024383959e-06,0.6001974567621781,3.607993624137141e+18,3.607993624137145e+18,1.5357919101745596e+22,1.5357919101745608e+22,1.122391812847594,0.15303000414042325
oc,100.0,1.1335790912490644,6.643353982653513e-06,0.6039412711503194,3.607993624137135e+18,3.607993624137135e+18,1.5357919101745596e+22,1.5357919101745608e+22,1.122391812847594,0.15303000414040563
oc,100.0,1.1335790912490644,6.684402406851721e-06,0.6076729460774292,3.607993624137135e+18,3.6079936241371284e+18,1.5357919101745596e+22,1.5357919101745608e+22,1.1223918128475936,0.1530300041403881
oc,100.0,1.1335790912490644,6.725312959429368e-06,0.6113920872208516,3.607993624137141e+18,3.607993624137145e+18,1.5357919101745596e+22,1.5357919101745608e+22,1.122391812847594,0.1530300041403706
oc,100.0,1.1335790912490644,6.766081365467923e-06,0.6150983059516294,3.607993624137141e+18,3.607993624137148e+18,1.5357919101745596e+22,1.5357919101745608e+22,1.122391812847594,0.15303000414035317
oc,100.0,1.1335790912490644,6.806703414282423e-06,0.6187912194802203,3.607993624137135e+18,3.6079936241371284e+18,1.5357919101745596e+22,1.5357919101745608e+22,1.122391812847594,0.1530300041403358
oc,100.0,1.1335790912490644,6.847174960964395e-06,0.6224704509967632,3.607993624137141e+18,3.607993624137138e+18,1.5357919101745596e+22,1.5357919101745608e+22,1.122391812847594,0.1530300041403185
oc,100.0,1.1335790912490644,6.887491927864069e-06,0.6261356298058245,3.607993624137141e+18,3.607993624137135e+18,1.5357919101745596e+22,1.5357919101745608e+22,1.122391812847594,0.15303000414030127
oc,100.0,1.1335790912490644,6.92765030601084e-06,0.629786391455531,3.607993624137141e+18,3.607993624137135e+18,1.5357919101745596e+22,1.5357919101745608e+22,1.122391812847594,0.1530300041402841
oc,100.0,1.1335790912490644,6.967646156471268e-06,0.6334223778610244,3.607993624137135e+18,3.607993624137135e+18,1.5357919101745596e+22,1.5357919101745608e+22,1.122391812847594,0.15303000414026696
oc,100.0,1.1335790912490644,7.0074756116439974e-06,0.6370432374221816,3.607993624137141e+18,3.607993624137141e+18,1.5357919101745596e+22,1.5357919101745608e+22,1.122391812847594,0.15303000414024995
oc,100.0,1.1335790912490644,7.047134876490855e-06,0.6406486251355323,3.607993624137141e+18,3.607993624137151e+18,1.5357919101745596e+22,1.5357919101745608e+22,1.1223918128475943,0.153030004140233
oc,100.0,1.1335790912490644,7.086620229703803e-06,0.6442382027003457,3.607993624137141e+18,3.607993624137145e+18,1.5357919101745596e+22,1.5357919101745608e+22,1.1223918128475943,0.1530300041402161
oc,100.0,1.1335790912490644,7.125928024807195e-06,0.647811638618836,3.607993624137135e+18,3.6079936241371254e+18,1.5357919101745596e+22,1.53579191017455e+22,1.1223918128475936,0.1530300041401993
oc,100.0,1.1335790912490644,7.165054691195103e-06,0.651368608290464,3.607993624137141e+18,3.607993624137145e+18,1.5357919101745596e+22,1.5357919101745608e+22,1.1223918128475943,0.15303000414018256
oc,100.0,1.1335790912490644,7.203996735103505e-06,0.6549087941003187,3.607993624137141e+18,3.607993624137135e+18,1.5357919101745596e+22,1.5357919101745608e+22,1.122391812847594,0.1530300041401659
oc,100.0,1.1335790912490644,7.242750740517112e-06,0.6584318855015556,3.607993624137135e+18,3.607993624137135e+18,1.5357919101745596e+22,1.5357919101745608e+22,1.122391812847594,0.1530300041401493
oc,100.0,1.1335790912490644,7.281313370010914e-06,0.6619375790919013,3.607993624137135e+18,3.607993624137135e+18,1.5357919101745596e+22,1.5357919101745608e+22,1.122391812847594,0.15303000414013285
oc,100.0,1.1335790912490644,7.3196813655263815e-06,0.6654255786842165,3.607993624137135e+18,3.607993624137135e+18,1.5357919101745596e+22,1.5357919101745608e+22,1.122391812847594,0.15303000414011644
oc,100.0,1.1335790912490644,7.3578515490824805e-06,0.6688955953711346,3.607993624137135e+18,3.607993624137141e+18,1.5357919101745596e+22,1.5357919101745608e+22,1.122391812847594,0.15303000414010012
oc,100.0,1.1335790912490644,7.3958208234218e-06,0.6723473475838,3.607993624137141e+18,3.607993624137145e+18,1.5357919101745596e+22,1.5357919101745608e+22,1.122391812847594,0.1530300041400839
oc,100.0,1.1335790912490644,7.433586172591901e-06,0.6757805611447183,3.607993624137135e+18,3.6079936241371284e+18,1.5357919101745596e+22,1.5357919101745608e+22,1.1223918128475936,0.15303000414006773
oc,100.0,1.1335790912490644,7.471144662462482e-06,0.6791949693147711,3.607993624137135e+18,3.607993624137141e+18,1.5357919101745596e+22,1.5357919101745608e+22,1.122391812847594,0.15303000414005166
oc,100.0,1.1335790912490644,7.508493441178631e-06,0.6825903128344211,3.607993624137141e+18,3.6079936241371254e+18,1.5357919101745596e+22,1.53579191017455e+22,1.122391812847594,0.1530300041400357
oc,100.0,1.1335790912490644,7.545629739550777e-06,0.6859663399591616,3.607993624137135e+18,3.607993624137148e+18,1.5357919101745596e+22,1.5357919101745608e+22,1.122391812847594,0.15303000414001983
oc,100.0,1.1335790912490644,7.5825508713819604e-06,0.6893228064892691,3.607993624137135e+18,3.607993624137141e+18,1.5357919101745596e+22,1.5357919101745608e+22,1.122391812847594,0.153030004140004
oc,100.0,1.1335790912490644,7.619254233732998e-06,0.692659475793909,3.607993624137141e+18,3.607993624137135e+18,1.5357919101745596e+22,1.5357919101745608e+22,1.122391812847594,0.15303000413998835
oc,100.0,1.1335790912490644,7.655737307126428e-06,0.6959761188296754,3.607993624137135e+18,3.6079936241371254e+18,1.5357919101745596e+22,1.53579191017455e+22,1.1223918128475936,0.15303000413997273
oc,100.0,1.1335790912490644,7.691997655689884e-06,0.6992725141536258,3.607993624137135e+18,3.607993624137138e+18,1.5357919101745596e+22,1.5357919101745608e+22,1.122391812847594,0.1530300041399572
oc,100.0,1.1335790912490644,7.72803292723985e-06,0.7025484479308954,3.607993624137135e+18,3.6079936241371284e+18,1.5357919101745596e+22,1.5357919101745608e+22,1.1223918128475936,0.1530300041399418
oc,100.0,1.1335790912490644,7.763840853306769e-06,0.705803713936979,3.607993624137135e+18,3.6079936241371254e+18,1.5357919101745596e+22,1.53579191017455e+22,1.122391812847594,0.1530300041399265
oc,100.0,1.1335790912490644,7.799419249102351e-06,0.7090381135547592,3.607993624137135e+18,3.607993624137135e+18,1.5357919101745596e+22,1.5357919101745608e+22,1.122391812847594,0.15303000413991127
oc,100.0,1.1335790912490644,7.834766013430272e-06,0.7122514557663884,3.607993624137141e+18,3.607993624137141e+18,1.5357919101745596e+22,1.5357919101745608e+22,1.122391812847594,0.1530300041398962
oc,100.0,1.1335790912490644,7.869879128541244e-06,0.7154435571401131,3.607993624137135e+18,3.607993624137145e+18,1.5357919101745596e+22,1.5357919101745608e+22,1.122391812847594,0.15303000413988116
oc,100.0,1.1335790912490644,7.904756659933636e-06,0.7186142418121487,3.607993624137135e+18,3.6079936241371254e+18,1.5357919101745596e+22,1.53579191017455e+22,1.122391812847594,0.15303000413986625
oc,100.0,1.1335790912490644,7.939396756100872e-06,0.7217633414637157,3.607993624137141e+18,3.607993624137145e+18,1.5357919101745596e+22,1.5357919101745608e+22,1.1223918128475943,0.15303000413985146
oc,100.0,1.1335790912490644,7.973797648226734e-06,0.7248906952933395,3.607993624137141e+18,3.6079936241371284e+18,1.5357919101745596e+22,1.5357919101745608e+22,1.122391812847594,0.15303000413983675
oc,100.0,1.1335790912490644,8.007957649829948e-06,0.7279961499845407,3.607993624137141e+18,3.607993624137138e+18,1.5357919101745596e+22,1.5357919101745608e+22,1.122391812847594,0.15303000413982212
oc,100.0,1.1335790912490644,8.041875156359268e-06,0.7310795596690244,3.607993624137141e+18,3.607993624137135e+18,1.5357919101745596e+22,1.5357919101745608e+22,1.122391812847594,0.15303000413980766
oc,100.0,1.1335790912490644,8.075548644740435e-06,0.734140785885494,3.607993624137145e+18,3.607993624137138e+18,1.5357919101745596e+22,1.5357919101745608e+22,1.122391812847594,0.15303000413979326
oc,100.0,1.1335790912490644,8.108976672876405e-06,0.7371796975342186,3.607993624137151e+18,3.607993624137138e+18,1.5357919101745596e+22,1.5357919101745608e+22,1.1223918128475943,0.153030004139779
oc,100.0,1.1335790912490644,8.142157879102152e-06,0.7401961708274685,3.607993624137151e+18,3.607993624137138e+18,1.5357919101745596e+22,1.5357919101745608e+22,1.1223918128475943,0.15303000413976484
oc,100.0,1.1335790912490644,8.175090981595591e-06,0.7431900892359629,3.607993624137154e+18,3.607993624137138e+18,1.5357919101745596e+22,1.5357919101745717e+22,1.122391812847594,0.15303000413975076
oc,100.0,1.1335790912490644,8.207774777745935e-06,0.7461613434314487,3.607993624137164e+18,3.607993624137103e+18,1.5357919101745596e+22,1.5357919101745608e+22,1.122391812847594,0.15303000413973683
oc,100.0,1.1335790912490644,8.240208143481032e-06,0.7491098312255484,3.6079936241371735e+18,3.6079936241371187e+18,1.5357919101745596e+22,1.5357919101745608e+22,1.1223918128475943,0.15303000413972304
oc,100.0,1.1335790912490644,8.272390032555152e-06,0.7520354575050139,3.6079936241371863e+18,3.6079936241371e+18,1.5357919101745596e+22,1.5357919101745608e+22,1.122391812847594,0.15303000413970938
oc,100.0,1.1335790912490644,8.304319475798637e-06,0.7549381341635124,3.607993624137209e+18,3.607993624137077e+18,1.5357919101745596e+22,1.5357919101745608e+22,1.122391812847594,0.1530300041396959
oc,100.0,1.1335790912490644,8.335995580331038e-06,0.7578177800300944,3.607993624137234e+18,3.607993624137026e+18,1.5357919101745596e+22,1.5357919101745608e+22,1.1223918128475936,0.15303000413968254
oc,100.0,1.1335790912490644,8.367417528739142e-06,0.7606743207944675,3.6079936241372856e+18,3.6079936241370066e+18,1.5357919101745596e+22,1.5357919101745717e+22,1.122391812847594,0.15303000413966944
oc,100.0,1.1335790912490644,8.398584578221425e-06,0.7635076889292205,3.6079936241373527e+18,3.6079936241369267e+18,1.5357919101745596e+22,1.5357919101745608e+22,1.1223918128475936,0.15303000413965653
oc,100.0,1.1335790912490644,8.429496059700524e-06,0.7663178236091386,3.607993624137446e+18,3.6079936241368274e+18,1.5357919101745596e+22,1.5357919101745608e+22,1.1223918128475934,0.153030004139644
oc,100.0,1.1335790912490644,8.460151376905108e-06,0.769104670627737,3.6079936241375903e+18,3.6079936241367055e+18,1.5357919101745596e+22,1.5357919101745608e+22,1.1223918128475934,0.15303000413963183
oc,100.0,1.1335790912490644,8.490550005422808e-06,0.7718681823111644,3.607993624137792e+18,3.607993624136491e+18,1.5357919101745596e+22,1.5357919101745608e+22,1.1223918128475932,0.15303000413962023
oc,100.0,1.1335790912490644,8.520691491725621e-06,0.774608317429602,3.60799362413808e+18,3.607993624136196e+18,1.5357919101745596e+22,1.5357919101745608e+22,1.1223918128475925,0.1530300041396093
oc,100.0,1.1335790912490644,8.550575452169292e-06,0.7773250411062993,3.607993624138497e+18,3.60799362413577e+18,1.5357919101745596e+22,1.5357919101745608e+22,1.122391812847592,0.15303000413959936
oc,100.0,1.1335790912490644,8.58020157196826e-06,0.7800183247243873,3.60799362413909e+18,3.6079936241351834e+18,1.5357919101745596e+22,1.5357919101745608e+22,1.122391812847591,0.15303000413959075
oc,100.0,1.1335790912490644,8.609569604147534e-06,0.782688145831594,3.607993624139936e+18,3.607993624134344e+18,1.5357919101745596e+22,1.5357919101745608e+22,1.12239181284759,0.15303000413958395
oc,100.0,1.1335790912490644,8.638679368473076e-06,0.7853344880430069,3.6079936241411343e+18,3.607993624133136e+18,1.5357919101745596e+22,1.5357919101745608e+22,1.1223918128475878,0.1530300041395797
oc,100.0,1.1335790912490644,8.667530750362075e-06,0.7879573409420069,3.607993624142823e+18,3.6079936241314437e+18,1.5357919101745596e+22,1.5357919101745608e+22,1.1223918128475854,0.1530300041395789
oc,100.0,1.1335790912490644,8.69612369977458e-06,0.7905566999795073,3.6079936241452104e+18,3.607993624129053e+18,1.5357919101745596e+22,1.5357919101745608e+22,1.1223918128475818,0.15303000413958298
oc,100.0,1.1335790912490644,8.724458230087965e-06,0.7931325663716332,3.607993624148569e+18,3.6079936241256945e+18,1.5357919101745596e+22,1.5357919101745608e+22,1.1223918128475767,0.15303000413959375
oc,100.0,1.1335790912490644,8.752534416955517e-06,0.7956849469959562,3.60799362415326e+18,3.607993624121e+18,1.5357919101745596e+22,1.53579191017455e+22,1.1223918128475696,0.15303000413961376
oc,100.0,1.1335790912490644,8.78035239715068e-06,0.7982138542864254,3.6079936241598136e+18,3.6079936241144724e+18,1.5357919101745596e+22,1.5357919101745608e+22,1.1223918128475603,0.1530300041396466
oc,100.0,1.1335790912490644,8.807912367398168e-06,0.8007193061271062,3.607993624168927e+18,3.607993624105362e+18,1.5357919101745596e+22,1.5357919101745608e+22,1.1223918128475467,0.15303000413969697
oc,100.0,1.1335790912490644,8.835214583193402e-06,0.8032013257448547,3.607993624181563e+18,3.607993624092704e+18,1.5357919101745596e+22,1.5357919101745608e+22,1.1223918128475279,0.15303000413977152
oc,100.0,1.1335790912490644,8.862259357611531e-06,0.8056599416010484,3.6079936241990277e+18,3.607993624075239e+18,1.5357919101745596e+22,1.53579191017455e+22,1.122391812847502,0.15303000413987913
oc,100.0,1.1335790912490644,8.889047060107317e-06,0.8080951872824834,3.607993624223084e+18,3.607993624051202e+18,1.5357919101745596e+22,1.5357919101745608e+22,1.1223918128474661,0.15303000414003184
oc,100.0,1.1335790912490644,8.91557811530719e-06,0.8105071013915627,3.6079936242561295e+18,3.6079936240181535e+18,1.5357919101745596e+22,1.5357919101745608e+22,1.1223918128474168,0.15303000414024598
oc,100.0,1.1335790912490644,8.941853001794646e-06,0.8128957274358769,3.607993624301358e+18,3.6079936239729275e+18,1.5357919101745596e+22,1.5357919101745608e+22,1.1223918128473493,0.15303000414054335
oc,100.0,1.1335790912490644,8.967872250890245e-06,0.815261113717295,3.6079936243630746e+18,3.6079936239112084e+18,1.5357919101745596e+22,1.5357919101745608e+22,1.1223918128472572,0.15303000414095339
oc,100.0,1.1335790912490644,8.99363644542737e-06,0.8176033132206699,3.6079936244470236e+18,3.6079936238272527e+18,1.5357919101745596e+22,1.5357919101745608e+22,1.1223918128471322,0.15303000414151524
oc,100.0,1.1335790912490644,9.019146218524843e-06,0.8199223835022585,3.6079936245608556e+18,3.607993623713405e+18,1.5357919101745596e+22,1.53579191017455e+22,1.1223918128469625,0.1530300041422811
oc,100.0,1.1335790912490644,9.044402252357615e-06,0.8222183865779651,3.607993624714722e+18,3.6079936235595515e+18,1.5357919101745596e+22,1.5357919101745608e+22,1.1223918128467334,0.15303000414332021
oc,100.0,1.1335790912490644,9.069405276926494e-06,0.8244913888114995,3.6079936249220296e+18,3.607993623352247e+18,1.5357919101745596e+22,1.5357919101745608e+22,1.1223918128464243,0.15303000414472417
oc,100.0,1.1335790912490644,9.094156068828025e-06,0.8267414608025477,3.607993625200479e+18,3.6079936230738104e+18,1.5357919101745596e+22,1.5357919101745608e+22,1.1223918128460095,0.15303000414661366
oc,100.0,1.1335790912490644,9.118655450025574e-06,0.8289686772750522,3.6079936255733115e+18,3.6079936227009746e+18,1.5357919101745596e+22,1.5357919101745608e+22,1.1223918128454538,0.15303000414914728
oc,100.0,1.1335790912490644,9.142904286622484e-06,0.8311731169656804,3.607993626070951e+18,3.6079936222033285e+18,1.5357919101745596e+22,1.5357919101745608e+22,1.1223918128447126,0.1530300041525327
oc,100.0,1.1335790912490644,9.166903487638408e-06,0.8333548625125826,3.6079936267331246e+18,3.607993621541161e+18,1.5357919101745596e+22,1.5357919101745608e+22,1.1223918128437256,0.153030004157041
oc,100.0,1.1335790912490644,9.190654003789586e-06,0.8355140003445078,3.607993627611483e+18,3.6079936206627835e+18,1.5357919101745596e+22,1.53579191017455e+22,1.1223918128424166,0.15303000416302456
oc,100.0,1.1335790912490644,9.21415682627406e-06,0.8376506205703691,3.607993628773037e+18,3.607993619501246e+18,1.5357919101745596e+22,1.5357919101745608e+22,1.122391812840686,0.15303000417094068
oc,100.0,1.1335790912490644,9.237412985562645e-06,0.8397648168693314,3.60799363030435e+18,3.607993617969923e+18,1.5357919101745596e+22,1.5357919101745608e+22,1.1223918128384038,0.15303000418138005
oc,100.0,1.1335790912490644,9.260423550196446e-06,0.8418566863814951,3.6079936323169367e+18,3.6079936159573524e+18,1.5357919101745596e+22,1.5357919101745608e+22,1.1223918128354053,0.15303000419510368
oc,100.0,1.1335790912490644,9.283189625591765e-06,0.8439263295992514,3.607993634954015e+18,3.607993613320274e+18,1.5357919101745596e+22,1.5357919101745608e+22,1.1223918128314756,0.15303000421308877
oc,100.0,1.1335790912490644,9.30571235285309e-06,0.8459738502593718,3.60799363839886e+18,3.6079936098754135e+18,1.5357919101745596e+22,1.5357919101745608e+22,1.122391812826342,0.15303000423658597
oc,100.0,1.1335790912490644,9.32799290759491e-06,0.8479993552359009,3.6079936428853023e+18,3.6079936053889843e+18,1.5357919101745596e+22,1.5357919101745608e+22,1.122391812819657,0.1530300042671909
oc,100.0,1.1335790912490644,9.350032498773084e-06,0.8500029544339167,3.6079936487107236e+18,3.6079935995635625e+18,1.5357919101745596e+22,1.5357919101745608e+22,1.122391812810976,0.15303000430693284
oc,100.0,1.1335790912490644,9.371832367526334e-06,0.8519847606842121,3.6079936562521103e+18,3.607993592022179e+18,1.5357919101745596e+22,1.5357919101745608e+22,1.1223918127997388,0.15303000435838424
oc,100.0,1.1335790912490644,9.393393786028557e-06,0.8539448896389596,3.607993665985875e+18,3.6079935822884244e+18,1.5357919101745596e+22,1.5357919101745608e+22,1.1223918127852341,0.15303000442479606
oc,100.0,1.1335790912490644,9.414718056352513e-06,0.8558834596684103,3.607993678512177e+18,3.6079935697621033e+18,1.5357919101745596e+22,1.5357919101745608e+22,1.1223918127665682,0.15303000451026358
oc,100.0,1.1335790912490644,9.43580650934544e-06,0.8578005917586763,3.607993694584725e+18,3.607993553689546e+18,1.5357919101745596e+22,1.53579191017455e+22,1.1223918127426178,0.15303000461993
oc,100.0,1.1335790912490644,9.456660503517164e-06,0.8596964094106513,3.607993715147083e+18,3.6079935331272054e+18,1.5357919101745596e+22,1.5357919101745608e+22,1.1223918127119774,0.15303000476023396
oc,100.0,1.1335790912490644,9.477281423941145e-06,0.8615710385401041,3.607993741376901e+18,3.607993506897385e+18,1.5357919101745596e+22,1.5357919101745608e+22,1.1223918126728916,0.1530300049392115
oc,100.0,1.1335790912490644,9.497670681168985e-06,0.8634246073789986,3.607993774739451e+18,3.6079934735348316e+18,1.5357919101745596e+22,1.5357919101745608e+22,1.122391812623177,0.15303000516686127
oc,100.0,1.1335790912490644,9.517829710158777e-06,0.8652572463780707,3.6079938170522906e+18,3.607993431221993e+18,1.5357919101745596e+22,1.5357919101745608e+22,1.1223918125601253,0.1530300054555859
oc,100.0,1.1335790912490644,9.537759969217746e-06,0.8670690881107043,3.607993870563183e+18,3.607993377711107e+18,1.5357919101745596e+22,1.5357919101745608e+22,1.122391812480387,0.1530300058207236
oc,100.0,1.1335790912490644,9.557462938959565e-06,0.8688602671781422,3.6079939380434545e+18,3.607993310230846e+18,1.5357919101745596e+22,1.5357919101745608e+22,1.1223918123798329,0.1530300062811853
oc,100.0,1.1335790912490644,9.576940121276638e-06,0.870630920116058,3.607994022899801e+18,3.6079932253745224e+18,1.5357919101745596e+22,1.5357919101745608e+22,1.1223918122533858,0.15303000686021745
oc,100.0,1.1335790912490644,9.596193038327769e-06,0.8723811853025245,3.6079941293073997e+18,3.6079931189669535e+18,1.5357919101745596e+22,1.5357919101745608e+22,1.1223918120948246,0.15303000758631052
oc,100.0,1.1335790912490644,9.61522323154144e-06,0.8741112028674036,3.6079942623681766e+18,3.60799298590621e+18,1.5357919101745596e+22,1.5357919101745608e+22,1.1223918118965468,0.15303000849427897
oc,100.0,1.1335790912490644,9.634032260634972e-06,0.8758211146031794,3.6079944282981775e+18,3.6079928199762816e+18,1.5357919101745596e+22,1.5357919101745608e+22,1.1223918116492895,0.15303000962653956
oc,100.0,1.1335790912490644,9.652621702649905e-06,0.8775110638772642,3.607994634648714e+18,3.607992613625842e+18,1.5357919101745596e+22,1.5357919101745608e+22,1.1223918113418008,0.15303001103462074
oc,100.0,1.1335790912490644,9.67099315100368e-06,0.879181195545789,3.6079948905666043e+18,3.607992357708123e+18,1.5357919101745596e+22,1.5357919101745608e+22,1.1223918109604498,0.1530300127809383
oc,100.0,1.1335790912490644,9.689148214557948e-06,0.8808316558689044,3.607995207099372e+18,3.607992041175602e+18,1.5357919101745596e+22,1.5357919101745608e+22,1.1223918104887751,0.1530300149408779
oc,100.0,1.1335790912490644,9.707088516703606e-06,0.8824625924276005,3.607995597551992e+18,3.607991650723342e+18,1.5357919101745596e+22,1.53579191017455e+22,1.1223918099069505,0.1530300176052296
oc,100.0,1.1335790912490644,9.724815694462743e-06,0.8840741540420676,3.607996077902719e+18,3.607991170373191e+18,1.5357919101745596e+22,1.53579191017455e+22,1.1223918091911662,0.15303002088302514
oc,100.0,1.1335790912490644,9.742331397607624e-06,0.8856664906916023,3.6079966672860104e+18,3.60799058099081e+18,1.5357919101745596e+22,1.53579191017455e+22,1.12239180831291,0.15303002490483347
oc,100.0,1.1335790912490644,9.759637287796798e-06,0.8872397534360725,3.607997388551882e+18,3.6079898597262925e+18,1.5357919101745596e+22,1.535791910174539e+22,1.122391807238132,0.1530300298265774
oc,100.0,1.1335790912490644,9.776735037728463e-06,0.8887940943389513,3.607998268911463e+18,3.6079889793687736e+18,1.5357919101745596e+22,1.53579191017455e+22,1.1223918059262854,0.153030035833939
oc,100.0,1.1335790912490644,9.793626330311123e-06,0.8903296663919203,3.607999340680017e+18,3.607987907603304e+18,1.5357919101745596e+22,1.53579191017455e+22,1.122391804329216,0.15303004314742924
oc,100.0,1.1335790912490644,9.810312857851599e-06,0.8918466234410545,3.6080006421291914e+18,3.607986606158707e+18,1.5357919101745596e+22,1.535791910174539e+22,1.1223918023898953,0.15303005202820386
oc,100.0,1.1335790912490644,9.826796321260428e-06,0.8933451201145843,3.608002218461801e+18,3.607985029832902e+18,1.5357919101745596e+22,1.535791910174539e+22,1.1223918000409665,0.15303006278471443
oc,100.0,1.1335790912490644,9.843078429274643e-06,0.8948253117522403,3.60800412292302e+18,3.60798312538173e+18,1.5357919101745596e+22,1.5357919101745281e+22,1.122391797203089,0.1530300757802911
oc,100.0,1.1335790912490644,9.859160897697999e-06,0.8962873543361817,3.6080064180635136e+18,3.6079808302560374e+18,1.5357919101745596e+22,1.5357919101745172e+22,1.122391793783057,0.15303009144176108
oc,100.0,1.1335790912490644,9.875045448658508e-06,0.8977314044235007,3.608009177170617e+18,3.607978071170621e+18,1.5357919101745596e+22,1.5357919101745281e+22,1.1223917896716669,0.15303011026921443
oc,100.0,1.1335790912490644,9.890733809883394e-06,0.8991576190803086,3.6080124858851645e+18,3.6079747624876134e+18,1.5357919101745596e+22,1.5357919101745172e+22,1.1223917847413076,0.15303013284703595
oc,100.0,1.1335790912490644,9.906227713991289e-06,0.9005661558173899,3.6080164440223283e+18,3.607970804396154e+18,1.5357919101745596e+22,1.535791910174506e+22,1.1223917788432496,0.15303015985632934
oc,100.0,1.1335790912490644,9.921528897801673e-06,0.9019571725274248,3.608021167616191e+18,3.6079660808681876e+18,1.5357919101745596e+22,1.5357919101744952e+22,1.1223917718045977,0.15303019208886723
oc,100.0,1.1335790912490644,9.9366391016615e-06,0.9033308274237727,3.6080267912084593e+18,3.607960457370538e+18,1.5357919101745596e+22,1.5357919101744952e+22,1.1223917634248826,0.15303023046270708
oc,100.0,1.1335790912490644,9.951560068788844e-06,0.904687278980804,3.608033470402892e+18,3.60795377831121e+18,1.5357919101745596e+22,1.5357919101744625e+22,1.1223917534722556,0.15303027603961913
oc,100.0,1.1335790912490644,9.966293544633558e-06,0.906026685875778,3.6080413847076214e+18,3.6079458641985946e+18,1.5357919101745596e+22,1.5357919101744407e+22,1.1223917416792561,0.15303033004447802
oc,100.0,1.1335790912490644,9.980841276254737e-06,0.9073492069322489,3.608050740688379e+18,3.607936508489717e+18,1.5357919101745596e+22,1.535791910174408e+22,1.1223917277381148,0.15303039388677503
oc,100.0,1.1335790912490644,9.995205011714939e-06,0.9086550010649945,3.6080617754563753e+18,3.607925474104779e+18,1.5357919101745596e+22,1.5357919101743861e+22,1.1223917112955624,0.15303046918441143
oc,100.0,1.1335790912490644,1.0009386499490995e-05,0.9099442272264542,3.6080747605144673e+18,3.607912489583875e+18,1.5357919101745596e+22,1.5357919101743534e+22,1.1223916919471013,0.1530305577899357
oc,100.0,1.1335790912490644,1.0023387487901238e-05,0.911217044354658,3.608090005986303e+18,3.6078972448620293e+18,1.5357919101745596e+22,1.5357919101743207e+22,1.122391669230713,0.15303066181938949
oc,100.0,1.1335790912490644,1.0037209724549056e-05,0.9124736113226415,3.6081078652522834e+18,3.607879386638467e+18,1.5357919101745596e+22,1.5357919101742662e+22,1.1223916426199574,0.1530307836839276
oc,100.0,1.1335790912490644,1.005085495578256e-05,0.9137140868893237,3.6081287400168033e+18,3.607858513316438e+18,1.5357919101745596e+22,1.5357919101742117e+22,1.1223916115164372,0.15303092612437455
oc,100.0,1.1335790912490644,1.0064324926170204e-05,0.9149386296518368,3.6081530858302157e+18,3.607834169490462e+18,1.5357919101745596e+22,1.535791910174146e+22,1.1223915752415838,0.1530310922488784
oc,100.0,1.1335790912490644,1.0077621377992197e-05,0.9161473979992907,3.6081814180885944e+18,3.607805839958581e+18,1.5357919101745596e+22,1.5357919101740697e+22,1.1223915330277405,0.1530312855738166
oc,100.0,1.1335790912490644,1.009074605074749e-05,0.9173405500679536,3.608214318533341e+18,3.607772943238203e+18,1.5357919101745596e+22,1.5357919101739715e+22,1.1223914840085032,0.15303151006810228
oc,100.0,1.1335790912490644,1.0103700680676184e-05,0.918518243697835,3.60825244227137e+18,3.607734824566157e+18,1.5357919101745596e+22,1.5357919101738623e+22,1.1223914272082964,0.1530317702010291
oc,100.0,1.1335790912490644,1.0116487000297136e-05,0.9196806363906487,3.608296525335033e+18,3.6076907483645993e+18,1.5357919101745596e+22,1.5357919101737423e+22,1.122391361531156,0.1530320709937829
oc,100.0,1.1335790912490644,1.012910673796053e-05,0.9208278852691392,3.608347392799141e+18,3.607639890156918e+18,1.5357919101745596e+22,1.5357919101735676e+22,1.122391285748691,0.15303241807473325
oc,100.0,1.1335790912490644,1.0141561617415305e-05,0.921960147037755,3.608405967470188e+18,3.607581327921073e+18,1.5357919101745596e+22,1.535791910173404e+22,1.1223911984872144,0.15303281773860275
oc,100.0,1.1335790912490644,1.0153853357391072e-05,0.923077577944643,3.60847327916018e+18,3.6075140328688394e+18,1.5357919101745596e+22,1.5357919101731857e+22,1.1223910982140177,0.15303327700959277
oc,100.0,1.1335790912490644,1.0165983671194466e-05,0.9241803337449515,3.6085504745549875e+18,3.607436859645394e+18,1.5357919101745596e+22,1.5357919101729458e+22,1.122390983222789,0.15303380370852418
oc,100.0,1.1335790912490644,1.0177954266319582e-05,0.9252685696654166,3.60863882768348e+18,3.607348535944956e+18,1.5357919101745596e+22,1.5357919101726512e+22,1.1223908516181669,0.15303440652402706
oc,100.0,1.1335790912490644,1.0189766844072332e-05,0.9263424403702121,3.6087397509906217e+18,3.607247651544234e+18,1.5357919101745596e+22,1.5357919101723129e+22,1.1223907012994296,0.15303509508778831
oc,100.0,1.1335790912490644,1.020142309920849e-05,0.9274020999280446,3.6088548070137027e+18,3.607132646758881e+18,1.5357919101745596e+22,1.5357919101719199e+22,1.1223905299433365,0.15303588005383822
oc,100.0,1.1335790912490644,1.0212924719585172e-05,0.9284477017804702,3.608985720656873e+18,3.6070018003336817e+18,1.5357919101745596e+22,1.5357919101714507e+22,1.1223903349861362,0.1530367731818252
oc,100.0,1.1335790912490644,1.0224273385825546e-05,0.9294793987114133,3.609134392054928e+18,3.6068532167823913e+18,1.5357919101745596e+22,1.5357919101708942e+22,1.1223901136047618,0.1530377874241974
oc,100.0,1.1335790912490644,1.0235470770996504e-05,0.930497342817864,3.6093029100127636e+18,3.6066848131989427e+18,1.5357919101745596e+22,1.5357919101702612e+22,1.1223898626972586,0.1530389370171741
oc,100.0,1.1335790912490644,1.0246518540299081e-05,0.9315016854817346,3.6094935660022026e+18,3.6064943055680476e+18,1.5357919101745596e+22,1.5357919101695193e+22,1.1223895788624805,0.15304023757535395
oc,100.0,1.1335790912490644,1.0257418350771382e-05,0.932492577342853,3.609708868693212e+18,3.6062791946090614e+18,1.5357919101745596e+22,1.5357919101686571e+22,1.1223892583791146,0.15304170618977045
oc,100.0,1.1335790912490644,1.0268171851003767e-05,0.9334701682730697,3.6099515589916206e+18,3.6060367511944504e+18,1.5357919101745596e+22,1.5357919101676205e+22,1.1223888971840932,0.15304336152916506
oc,100.0,1.1335790912490644,1.0278780680866053e-05,0.9344346073514593,3.6102246255505203e+18,3.605764001390971e+18,1.5357919101745596e+22,1.53579191016642e+22,1.1223884908504802,0.15304522394420947
oc,100.0,1.1335790912490644,1.0289246471246506e-05,0.9353860428405916,3.610531320717717e+18,3.6054577111785815e+18,1.5357919101745596e+22,1.535791910165034e+22,1.1223880345649067,0.15304731557436824
oc,100.0,1.1335790912490644,1.029957084380237e-05,0.9363246221638519,3.610875176876817e+18,3.605114370909708e+18,1.5357919101745596e+22,1.5357919101634082e+22,1.1223875231046654,0.15304966045705218
oc,100.0,1.1335790912490644,1.030975541072169e-05,0.9372504918837901,3.6112600231348367e+18,3.6047301795796244e+18,1.5357919101745596e+22,1.5357919101614985e+22,1.1223869508145732,0.1530522846386728
oc,100.0,1.1335790912490644,1.0319801774496192e-05,0.938163797681472,3.6116900023049016e+18,3.604301028985645e+18,1.5357919101745596e+22,1.5357919101592724e+22,1.1223863115837247,0.153055216287168
oc,100.0,1.1335790912490644,1.0329711527704998e-05,0.939064684336818,3.612169588128344e+18,3.603822487860476e+18,1.5357919101745596e+22,1.5357919101566753e+22,1.1223855988222773,0.15305848580553094
oc,100.0,1.1335790912490644,1.03394862528089e-05,0.9399532957099002,3.6127036026767836e+18,3.603289786073649e+18,1.5357919101745596e+22,1.5357919101536088e+22,1.1223848054384111,0.15306212594583496
oc,100.0,1.1335790912490644,1.0349127521954981e-05,0.9408297747231802,3.6132972338712105e+18,3.602697799001667e+18,1.5357919101745596e+22,1.5357919101500623e+22,1.1223839238156381,0.15306617192321292
oc,100.0,1.1335790912490644,1.0358636896791337e-05,0.941694263344667,3.6139560530522516e+18,3.602041032174944e+18,1.5357919101745596e+22,1.535791910145883e+22,1.122382945790621,0.1530706615292152
oc,100.0,1.1335790912490644,1.0368015928291665e-05,0.9425469025719695,3.6146860325332393e+18,3.60131360631808e+18,1.5357919101745596e+22,1.5357919101410158e+22,1.122381862631703,0.1530756352439377
oc,100.0,1.1335790912490644,1.0377266156589495e-05,0.9433878324172269,3.6154935630658524e+18,3.6005092429048407e+18,1.5357919101745596e+22,1.5357919101353086e+22,1.122380665018338,0.1530811363462859
oc,100.0,1.1335790912490644,1.0386389110821806e-05,0.9442171918928914,3.616385471146659e+18,3.599621250357835e+18,1.5357919101745596e+22,1.5357919101286085e+22,1.1223793430216373,0.1530872110217125
oc,100.0,1.1335790912490644,1.0395386308981809e-05,0.9450351189983464,3.6173690360924636e+18,3.5986425110279183e+18,1.5357919101745596e+22,1.5357919101207842e+22,1.1223778860862563,0.1530939084667471
oc,100.0,1.1335790912490644,1.0404259257780694e-05,0.9458417507073358,3.618452006812078e+18,3.597565469093896e+18,1.5357919101745596e+22,1.5357919101116068e+22,1.1223762830138477,0.153101280989618
oc,100.0,1.1335790912490644,1.0413009452518051e-05,0.9466372229561866,3.619642618203119e+18,3.5963821195286134e+18,1.5357919101745596e+22,1.5357919101008363e+22,1.1223745219483305,0.15310938410625263
oc,100.0,1.1335790912490644,1.0421638376960825e-05,0.9474216706328022,3.620949607103738e+18,3.595083998281507e+18,1.5357919101745596e+22,1.5357919100882104e+22,1.1223725903632187,0.1531182766309352
oc,100.0,1.1335790912490644,1.0430147503230494e-05,0.9481952275664085,3.622382227731257e+18,3.593662173831335e+18,1.5357919101745596e+22,1.5357919100733804e+22,1.1223704750512757,0.15312802076089557
oc,100.0,1.1335790912490644,1.0438538291698319e-05,0.9489580265180291,3.6239502665428936e+18,3.5921072402650486e+18,1.5357919101745596e+22,1.535791910055986e+22,1.1223681621167485,0.15313868215410512
oc,100.0,1.1335790912490644,1.044681219088843e-05,0.9497101991716755,3.6256640564569754e+18,3.5904093120410967e+18,1.5357919101745596e+22,1.535791910035536e+22,1.1223656369704604,0.15315032999956055
oc,100.0,1.1335790912490644,1.0454970637388493e-05,0.9504518761262266,3.6275344903776164e+18,3.5885580205956787e+18,1.5357919101745596e+22,1.535791910011485e+22,1.122362884328029,0.1531630370793492
oc,100.0,1.1335790912490644,1.0463015055767816e-05,0.9511831868879833,3.629573033970675e+18,3.586542512949947e+18,1.5357919101745596e+22,1.5357919099832326e+22,1.1223598882114847,0.15317687982180556
oc,100.0,1.1335790912490644,1.0470946858502635e-05,0.951904259863876,3.6317917376444646e+18,3.584351452474431e+18,1.5357919101745596e+22,1.5357919099499605e+22,1.12235663195456,0.15319193834509062
oc,100.0,1.1335790912490644,1.0478767445908384e-05,0.9526152223553077,3.6342032476947256e+18,3.5819730219646356e+18,1.5357919101745596e+22,1.5357919099108175e+22,1.1223530982119305,0.15320829649055345
oc,100.0,1.1335790912490644,1.0486478206078759e-05,0.9533162005526145,3.636820816580155e+18,3.5793949291757676e+18,1.5357919101745596e+22,1.5357919098647125e+22,1.122349268972661,0.15322604184526695
oc,100.0,1.1335790912490644,1.0494080514831359e-05,0.9540073195301236,3.639658312301985e+18,3.576604414960586e+18,1.5357919101745596e+22,1.5357919098103684e+22,1.1223451255781238,0.15324526575316771
oc,100.0,1.1335790912490644,1.0501575735659735e-05,0.9546887032417941,3.6427302268682813e+18,3.573588264145339e+18,1.5357919101745596e+22,1.5357919097462687e+22,1.1223406487446403,0.15326606331427176
oc,100.0,1.1335790912490644,1.0508965219691605e-05,0.9553604745174187,3.6460516838317947e+18,3.570332819271061e+18,1.5357919101745596e+22,1.535791909670667e+22,1.1223358185910828,0.15328853337148604
oc,100.0,1.1335790912490644,1.05162503056531e-05,0.9560227550593727,3.649638444897981e+18,3.566823997315341e+18,1.5357919101745596e+22,1.535791909581425e+22,1.1223306146716543,0.15331277848458788
oc,100.0,1.1335790912490644,1.052343231983881e-05,0.9566756654398918,3.653506915608004e+18,3.5630473094990546e+18,1.5357919101745596e+22,1.5357919094760215e+22,1.1223250160140679,0.15333890489099936
oc,100.0,1.1335790912490644,1.0530512576087475e-05,0.9573193250988613,3.6576741501096494e+18,3.5589878842672297e+18,1.5357919101745596e+22,1.5357919093514777e+22,1.1223190011632955,0.15336702245304454
oc,100.0,1.1335790912490644,1.0537492375763123e-05,0.9579538523421021,3.662157855037177e+18,3.554630493517442e+18,1.5357919101745596e+22,1.535791909204225e+22,1.12231254823106,0.1533972445914408
oc,100.0,1.1335790912490644,1.0544373007741478e-05,0.9585793643401344,3.666976392529082e+18,3.5499595821327995e+18,1.5357919101745596e+22,1.535791909030073e+22,1.1223056349512077,0.15342968820484124
oc,100.0,1.1335790912490644,1.055115574840148e-05,0.9591959771274073,3.672148782420476e+18,3.544959300855485e+18,1.5357919101745596e+22,1.5357919088239914e+22,1.1222982387410645,0.15346447357531537
oc,100.0,1.1335790912490644,1.0557841861621727e-05,0.9598038056019753,3.6776947036539535e+18,3.5396135425175e+18,1.5357919101745596e+22,1.5357919085799888e+22,1.1222903367688557,0.15350172425972558
oc,100.0,1.1335790912490644,1.0564432598781674e-05,0.9604029635256067,3.683634494960086e+18,3.5339059816221076e+18,1.5357919101745596e+22,1.535791908291005e+22,1.1222819060272364,0.15354156696703072
oc,100.0,1.1335790912490644,1.057092919876744e-05,0.9609935635243128,3.6899891548646687e+18,3.5278201172447314e+18,1.5357919101745596e+22,1.535791907948583e+22,1.1222729234129276,0.15358413142162186
oc,100.0,1.1335790912490644,1.0577332887982049e-05,0.9615757170892771,3.696780341086e+18,3.521339319198472e+18,1.5357919101745596e+22,1.5357919075426833e+22,1.1222633658124328,0.15362955021287086
oc,100.0,1.1335790912490644,1.0583644880359935e-05,0.962149534578176,3.7040303693904927e+18,3.514446877380343e+18,1.5357919101745596e+22,1.5357919070613674e+22,1.1222532101937543,0.15367795863114683
oc,100.0,1.1335790912490644,1.0589866377385603e-05,0.9627151252168731,3.711762211979836e+18,3.5071260541885476e+18,1.5357919101745596e+22,1.5357919064904276e+22,1.1222424337039845,0.1537294944906315
oc,100.0,1.1335790912490644,1.059599856811622e-05,0.9632725971014746,3.719999495485931e+18,3.4993601398712356e+18,1.5357919101745596e+22,1.5357919058129496e+22,1.1222310137726126,0.1537842979393375
oc,100.0,1.1335790912490644,1.0602042629208068e-05,0.9638220572007334,3.728766498653287e+18,3.491132510638668e+18,1.5357919101745596e+22,1.5357919050088432e+22,1.1222189282203243,0.1538425112568073
oc,100.0,1.1335790912490644,1.0607999724946654e-05,0.9643636113587868,3.738088149790874e+18,3.4824266893398835e+18,1.5357919101745596e+22,1.535791904054178e+22,1.122206155373031,0.15390427864004058
oc,100.0,1.1335790912490644,1.0613871007280374e-05,0.9648973642982158,3.7479900240762583e+18,3.473226408476409e+18,1.5357919101745596e+22,1.5357919029205154e+22,1.1221926741808155,0.15396974597826713
oc,100.0,1.1335790912490644,1.0619657615857558e-05,0.9654234196234144,3.7584983407951713e+18,3.4635156752951537e+18,1.5357919101745596e+22,1.535791901574049e+22,1.122178464341434,0.1540390606172471
oc,100.0,1.1335790912490644,1.0625360678066804e-05,0.965941879824255,3.769639960600266e+18,3.453278838673174e+18,1.5357919101745596e+22,1.5357918999745881e+22,1.1221635064279454,0.15411237111384385
oc,100.0,1.1335790912490644,1.0630981309080423e-05,0.9664528462800386,3.781442382870181e+18,3.4425006574795075e+18,1.5357919101745596e+22,1.5357918980744128e+22,1.1221477820200172,0.15418982698167225
oc,100.0,1.1335790912490644,1.0636520611900908e-05,0.9669564192637189,3.7939337432487137e+18,3.431166370071798e+18,1.5357919101745596e+22,1.5357918958168e+22,1.1221312738383875,0.15427157842867986
oc,100.0,1.1335790912490644,1.0641979677410253e-05,0.9674526979463867,3.807142811441467e+18,3.4192617645596006e+18,1.5357919101745596e+22,1.5357918931344742e+22,1.1221139658819232,0.1543577760875693
oc,100.0,1.1335790912490644,1.0647359584422066e-05,0.9679417804020061,3.82109898934199e+18,3.406773249443776e+18,1.5357919101745596e+22,1.5357918899475564e+22,1.1220958435666688,0.15444857074001256
oc,100.0,1.1335790912490644,1.0652661399736287e-05,0.9684237636123898,3.8358323095576986e+18,3.3936879242189476e+18,1.5357919101745596e+22,1.535791886161392e+22,1.1220768938662358,0.15454411303565055
oc,100.0,1.1335790912490644,1.0657886178196438e-05,0.9688987434724035,3.8513734343977093e+18,3.379993649509128e+18,1.5357919101745596e+22,1.5357918816637897e+22,1.1220571054528519,0.15464455320690168
oc,100.0,1.1335790912490644,1.0663034962749275e-05,0.9693668147953887,3.8677536553821204e+18,3.365679116290004e+18,1.5357919101745596e+22,1.5357918763219235e+22,1.1220364688383406,0.15475004078063503
oc,100.0,1.1335790912490644,1.0668108784506744e-05,0.969828071318795,3.885004893323714e+18,3.3507339137404867e+18,1.5357919101745596e+22,1.5357918699786756e+22,1.1220149765142824,0.15486072428778194
oc,100.0,1.1335790912490644,1.067310866281011e-05,0.97028260571001,3.9031596990275635e+18,3.3351485952580204e+18,1.5357919101745596e+22,1.5357918624483815e+22,1.1219926230905828,0.15497675097197866
oc,100.0,1.1335790912490644,1.0678035605296172e-05,0.9707305095723793,3.9222512546471444e+18,3.3189147421669023e+18,1.5357919101745596e+22,1.5357918535117334e+22,1.1219694054316325,0.15509826649833966
oc,100.0,1.1335790912490644,1.0682890607965472e-05,0.9711718734514065,3.942313375726781e+18,3.3020250246521267e+18,1.5357919101745596e+22,1.535791842910183e+22,1.1219453227892728,0.15522541466346654
oc,100.0,1.1335790912490644,1.0687674655252362e-05,0.9716067868411238,3.9633805139540275e+18,3.2844732594523453e+18,1.5357919101745596e+22,1.5357918303391521e+22,1.1219203769317172,0.15535833710779023
oc,100.0,1.1335790912490644,1.0692388720096866e-05,0.9720353381906242,3.985487760637072e+18,3.2662544638577987e+18,1.5357919101745596e+22,1.535791815440298e+22,1.121894572267619,0.15549717303133878
oc,100.0,1.1335790912490644,1.0697033764018233e-05,0.9724576149107484,4.0086708509137183e+18,3.247364905572311e+18,1.5357919101745596e+22,1.5357917977927267e+22,1.1218679159644662,0.15564205891400185
oc,100.0,1.1335790912490644,1.0701610737190086e-05,0.9728737033809168,4.032966168691289e+18,3.227802148016951e+18,1.5357919101745596e+22,1.535791776902792e+22,1.1218404180604877,0.15579312824134375
oc,100.0,1.1335790912490644,1.0706120578517071e-05,0.9732836889560974,4.0584107523080786e+18,3.207565090677311e+18,1.5357919101745596e+22,1.5357917521924722e+22,1.12181209156929,0.15595051123698514
oc,100.0,1.1335790912490644,1.0710564215712944e-05,0.973687655973904,4.085042300899317e+18,3.1866540041239224e+18,1.5357919101745596e+22,1.535791722986275e+22,1.121782952576453,0.15611433460254073
oc,100.0,1.1335790912490644,1.0714942565379982e-05,0.9740856877618166,4.1128991814427556e+18,3.165070559368164e+18,1.5357919101745596e+22,1.5357916884963108e+22,1.1217530203273625,0.15628472126605786
oc,100.0,1.1335790912490644,1.0719256533089662e-05,0.9744778666445147,4.1420204364511473e+18,3.142817851253079e+18,1.5357919101745596e+22,1.5357916478056933e+22,1.121722317305582,0.1564617901398565
oc,100.0,1.1335790912490644,1.0723507013464508e-05,0.9748642739513189,4.172445792271986e+18,3.119900415617921e+18,1.5357919101745596e+22,1.5357915998498914e+22,1.1216908693011214,0.15664565588861806
oc,100.0,1.1335790912490644,1.0727694890261048e-05,0.9752449900237316,4.204215667947777e+18,3.0963242400209357e+18,1.5357919101745596e+22,1.5357915433962454e+22,1.121658705468012,0.15683642870851647
oc,100.0,1.1335790912490644,1.0731821036453796e-05,0.9756200942230724,4.237371184583725e+18,3.0720967678498376e+18,1.5357919101745596e+22,1.5357914770215107e+22,1.1216258583706535,0.15703421411812482
oc,100.0,1.1335790912490644,1.0735886314320188e-05,0.9759896649381989,4.2719541751636393e+18,3.0472268957006653e+18,1.5357919101745596e+22,1.5357913990875979e+22,1.121592364018468,0.1572391127617648
oc,100.0,1.1335790912490644,1.0739891575526403e-05,0.9763537795933094,4.308007194749956e+18,3.02172496395565e+18,1.5357919101745596e+22,1.53579130771569e+22,1.1215582618884568,0.1574512202259032
oc,100.0,1.1335790912490644,1.0743837661213997e-05,0.9767125146558179,4.345573530998596e+18,2.995602740544477e+18,1.5357919101745596e+22,1.5357912007592877e+22,1.121523594935347,0.15767062686912472
oc,100.0,1.1335790912490644,1.07477254020873e-05,0.9770659456442999,4.3846972149162803e+18,2.968873397925905e+18,1.5357919101745596e+22,1.5357910757767337e+22,1.1214884095890763,0.15789741766614426
oc,100.0,1.1335790912490644,1.0751555618501495e-05,0.9774141471364997,4.4254230317839913e+18,2.9415514833811333e+18,1.5357919101745596e+22,1.5357909300041811e+22,1.12145275573946,0.15813167206624226
oc,100.0,1.1335790912490644,1.0755329120551326e-05,0.9777571927773933,4.4677965321691546e+18,2.913652882762628e+18,1.5357919101745596e+22,1.535790760330442e+22,1.1214166867079696,0.158373463866435
oc,100.0,1.1335790912490644,1.0759046708160368e-05,0.9780951552873063,4.511864042948504e+18,2.8851947778942735e+18,1.5357919101745596e+22,1.535790563275697e+22,1.1213802592066364,0.1586228610996171
oc,100.0,1.1335790912490644,1.0762709171170821e-05,0.9784281064700746,4.5576726782621624e+18,2.85619559786958e+18,1.5357919101745596e+22,1.5357903349764273e+22,1.1213435332841988,0.15887992593783373
oc,100.0,1.1335790912490644,1.076631728943374e-05,0.9787561172212491,4.6052703503244477e+18,2.826674964541016e+18,1.5357919101745596e+22,1.535790071180361e+22,1.1213065722596944,0.15914471461077076
oc,100.0,1.1335790912490644,1.0769871832899693e-05,0.9790792575363358,4.654705780017155e+18,2.796653632540353e+18,1.5357919101745596e+22,1.5357897672557525e+22,1.1212694426438172,0.1594172773394724
oc,100.0,1.1335790912490644,1.0773373561709743e-05,0.9793975965190677,4.706028507199072e+18,2.766153424210121e+18,1.5357919101745596e+22,1.5357894182212383e+22,1.121232214048437,0.1596976582852258
oc,100.0,1.1335790912490644,1.077682322628674e-05,0.9797112023897037,4.759288900670812e+18,2.7351971598654167e+18,1.5357919101745596e+22,1.5357890188038942e+22,1.1211949590848223,0.15998589551348286
oc,100.0,1.1335790912490644,1.0780221567426868e-05,0.9800201424933517,4.814538167746198e+18,2.7038085838376627e+18,1.5357919101745596e+22,1.5357885635355275e+22,1.1211577532511767,0.1602820209726203
oc,100.0,1.1335790912490644,1.07835693163914e-05,0.9803244833083091,4.871828363391453e+18,2.672012286783416e+18,1.5357919101745596e+22,1.535788046900129e+22,1.1211206748102645,0.16058606048727556
oc,100.0,1.1335790912490644,1.0786867194998597e-05,0.980624290454418,4.93121239891139e+18,2.6398336247644355e+18,1.5357919101745596e+22,1.5357874635486643e+22,1.1210838046579938,0.16089803376593487
oc,100.0,1.1335790912490644,1.0790115915715747e-05,0.9809196287014316,4.992744050180512e+18,2.607298635626366e+18,1.5357919101745596e+22,1.5357868086018177e+22,1.1210472261839766,0.16121795442239448
oc,100.0,1.1335790912490644,1.0793316181751259e-05,0.9812105619773872,5.056477965440019e+18,2.5744339532192876e+18,1.5357919101745596e+22,1.5357860780665987e+22,1.1210110251252416,0.1615458300106602
oc,100.0,1.1335790912490644,1.0796468687146801e-05,0.981497153376982,5.122469672710554e+18,2.541266720014576e+18,1.5357919101745596e+22,1.5357852693996398e+22,1.1209752894144493,0.16188166207280433
oc,100.0,1.1335790912490644,1.0799574116869445e-05,0.9817794651699496,5.190775586905297e+18,2.5078244986790845e+18,1.5357919101745596e+22,1.5357843822577162e+22,1.120940109024134,0.16222544619925794
oc,100.0,1.1335790912490644,1.0802633146903754e-05,0.9820575588094322,5.261453016766672e+18,2.4741351831713567e+18,1.5357919101745596e+22,1.5357834194867318e+22,1.1209055758087407,0.16257717210097078
oc,100.0,1.1335790912490644,1.0805646444343797e-05,0.9823314949403452,5.334560171799417e+18,2.4402269099245317e+18,1.5357919101745596e+22,1.5357823884126438e+22,1.120871783346486,0.16293682369284496
oc,100.0,1.1335790912490644,1.0808614667485075e-05,0.982601333407734,5.410156169429063e+18,2.4061279696766874e+18,1.5357919101745596e+22,1.5357813025135605e+22,1.120838826783369,0.1633043791878197
oc,100.0,1.1335790912490644,1.0811538465916265e-05,0.982867133265115,5.488301042680286e+18,2.371866720505917e+18,1.5357919101745596e+22,1.535780183571625e+22,1.1208068026820468,0.16367981120095382
oc,100.0,1.1335790912490644,1.0814418480610833e-05,0.9831289527828031,5.56905574875051e+18,2.3374715026198917e+18,1.5357919101745596e+22,1.535779064427404e+22,1.120775808878737,0.16406308686284812
oc,100.0,1.1335790912490644,1.081725534401841e-05,0.9833868494562192,5.652482178944406e+18,2.3029705554457838e+18,1.5357919101745596e+22,1.5357779924897931e+22,1.120745944351868,0.16445416794172532
oc,100.0,1.1335790912490644,1.0820049680155946e-05,0.9836408800141769,5.738643170545963e+18,2.268391937561472e+18,1.5357919101745596e+22,1.535777034192361e+22,1.1207173091068967,0.16485301097348667
oc,100.0,1.1335790912490644,1.0822802104698606e-05,0.983891100427146,5.827602521333968e+18,2.2337634500102392e+18,1.5357919101745596e+22,1.5357762806358777e+22,1.1206900040825696,0.16525956739906073
oc,100.0,1.1335790912490644,1.0825513225070368e-05,0.9841375659154881,5.919425007599707e+18,2.1991125635488538e+18,1.5357919101745596e+22,1.5357758547183004e+22,1.1206641310850394,0.1656737837083579
oc,100.0,1.1335790912490644,1.082818364053432e-05,0.9843803309576654,6.014176406711064e+18,2.1644663503967588e+18,1.5357919101745596e+22,1.535775920134529e+22,1.1206397927576612,0.16609560159016382
oc,100.0,1.1335790912490644,1.0830813942282604e-05,0.9846194492984186,6.111923525488288e+18,2.1298514210874637e+18,1.5357919101745596e+22,1.535776692732373e+22,1.1206170925961505,0.16652495808730777
oc,100.0,1.1335790912490644,1.083340471352602e-05,0.9848549739569109,6.212734235926292e+18,2.0952938670631235e+18,1.5357919101745596e+22,1.5357784548381204e+22,1.1205961350210218,0.16696178575646442
oc,100.0,1.1335790912490644,1.0835956529583215e-05,0.9850869572348377,6.316677520123953e+18,2.0608192096446515e+18,1.5357919101745596e+22,1.5357815732753068e+22,1.1205770255211305,0.167406012831969
oc,100.0,1.1335790912490644,1.0838469957969498e-05,0.9853154507244999,6.423823526662004e+18,2.0264523556962747e+18,1.5357919101745596e+22,1.5357865216928922e+22,1.1205598708800881,0.16785756339305508
oc,100.0,1.1335790912490644,1.084094555848522e-05,0.9855405053168382,6.534243641021043e+18,1.9922175588301284e+18,1.5357919101745596e+22,1.5357939067746702e+22,1.1205447794784158,0.16831635753395405
oc,100.0,1.1335790912490644,1.08433838833037e-05,0.9857621712094272,6.648010572620575e+18,1.9581383799963756e+18,1.5357919101745596e+22,1.5358044938274752e+22,1.1205318615911397,0.16878231153633624
oc,100.0,1.1335790912490644,1.0845785477058698e-05,0.9859804979144271,6.765198459596698e+18,1.9242376274157279e+18,1.5357919101745596e+22,1.535819215118786e+22,1.120521229383869,0.1692553380436442
oc,100.0,1.1335790912490644,1.0848150876931413e-05,0.9861955342664921,6.885882986625564e+18,1.8905372232333356e+18,1.5357919101745596e+22,1.5358391142421373e+22,1.120512995775234,0.16973534623697778
oc,100.0,1.1335790912490644,1.0850480612736976e-05,0.9864073284306342,7.010141494489763e+18,1.8570578793623096e+18,1.5357919101745596e+22,1.5358651161983911e+22,1.1205072702077803,0.17022224201242728
oc,100.0,1.1335790912490644,1.085277520701043e-05,0.986615927910039,7.138053020440605e+18,1.8238183560747607e+18,1.5357919101745596e+22,1.5358973982137022e+22,1.120504147350316,0.17071592816018452
oc,100.0,1.1335790912490644,1.0855035175092196e-05,0.986821379553836,7.269698126526298e+18,1.790833927194544e+18,1.5357919101745596e+22,1.5359339619560865e+22,1.1205036817045892,0.17121630454655604
oc,100.0,1.1335790912490644,1.0857261025212985e-05,0.9870237295648168,7.405158224836482e+18,1.7581135199539392e+18,1.5357919101745596e+22,1.5359677917842708e+22,1.1205058373447911,0.17172326830118084
oc,100.0,1.1335790912490644,1.0859453258578164e-05,0.9872230235071058,7.54451387314646e+18,1.7256549111416335e+18,1.5357919101745596e+22,1.5359817869056323e+22,1.1205103986631195,0.1722367140132673
oc,100.0,1.1335790912490644,1.0861612369451554e-05,0.9874193063137777,7.687842054827504e+18,1.6934920556496632e+18,1.5357919101745596e+22,1.5359902845706395e+22,1.1205177080717175,0.17275653394197515
oc,100.0,1.1335790912490644,1.0863738845238655e-05,0.9876126222944233,7.835218794398757e+18,1.6616469401854328e+18,1.5357919101745596e+22,1.5359982941476368e+22,1.1205279383937663,0.17328261811964848
oc,100.0,1.1335790912490644,1.0865833166569272e-05,0.9878030151426611,7.986720231195092e+18,1.6301350699118728e+18,1.5357919101745596e+22,1.5360060107374054e+22,1.1205411742293083,0.17381485448031747
oc,100.0,1.1335790912490644,1.0867895807379541e-05,0.9879905279435948,8.142422684884007e+18,1.5989708189380022e+18,1.5357919101745596e+22,1.5360135054216005e+22,1.1205574953944226,0.17435312899940134
oc,100.0,1.1335790912490644,1.0869927234993378e-05,0.9881752031812162,8.302402614316972e+18,1.5681675166313723e+18,1.5357919101745596e+22,1.5360207989576783e+22,1.120576978143492,0.17489732583099288
oc,100.0,1.1335790912490644,1.0871927910203254e-05,0.9883570827457504,8.466736561669981e+18,1.5377374879166733e+18,1.5357919101745596e+22,1.5360278919605459e+22,1.120599695620303,0.17544732744227456
oc,100.0,1.1335790912490644,1.0873898287350402e-05,0.9885362079409457,8.635501088993267e+18,1.5076920769931405e+18,1.5357919101745596e+22,1.5360347773362292e+22,1.120625718000158,0.1760030147447855
oc,100.0,1.1335790912490644,1.0875838814404348e-05,0.9887126194913044,8.808772709994862e+18,1.4780416661047997e+18,1.5357919101745596e+22,1.5360414454357416e+22,1.12065511251036,0.17656426722230104
oc,100.0,1.1335790912490644,1.0877749933041825e-05,0.9888863575492568,8.98662781819389e+18,1.4487956938918372e+18,1.5357919101745596e+22,1.5360478862047286e+22,1.1206879434053332,0.177130963055155
oc,100.0,1.1335790912490644,1.087963207872503e-05,0.9890574617022755,9.169142611907268e+18,1.419962675002582e+18,1.5357919101745596e+22,1.5360540900843183e+22,1.1207242719274944,0.17770297924085807
oc,100.0,1.1335790912490644,1.0881485680779226e-05,0.9892259709799296,9.356393016270125e+18,1.391550221498169e+18,1.5357919101745596e+22,1.53606004838742e+22,1.120764156266556,0.17828019171089315
oc,100.0,1.1335790912490644,1.088331116246969e-05,0.9893919238608808,9.548454602397581e+18,1.3635650661186634e+18,1.5357919101745596e+22,1.5360657534513379e+22,1.1208076515223353,0.17886247544361175
oc,100.0,1.1335790912490644,1.0885108941077993e-05,0.9895553582798176,9.745402503757242e+18,1.3360130872955738e+18,1.5357919101745596e+22,1.5360711986922673e+22,1.120854809673028,0.17944970457315715
oc,100.0,1.1335790912490644,1.0886879427977617e-05,0.9897163116343288,9.94731132981745e+18,1.3088993357234173e+18,1.5357919101745596e+22,1.5360763786144495e+22,1.1209056795495842,0.18004175249438215
oc,100.0,1.1335790912490644,1.088862302870889e-05,0.9898748207917173,1.0154255077043278e+19,1.2822280622790746e+18,1.5357919101745596e+22,1.5360812887969502e+22,1.120960306816286,0.1806384919637424
oc,100.0,1.1335790912490644,1.0890340143053247e-05,0.9900309220957497,1.0366307037318115e+19,1.2560027470735089e+18,1.5357919101745596e+22,1.5360859258677749e+22,1.121018733957382,0.1812397951961629
oc,100.0,1.1335790912490644,1.089203116510682e-05,0.9901846513733472,1.0583539703883209e+19,1.230226129424441e+18,1.5357919101745596e+22,1.536090287470077e+22,1.1210810002695488,0.18184553395790684
oc,100.0,1.1335790912490644,1.0893696483353328e-05,0.9903360439412118,1.0806024674897455e+19,1.2049002385477647e+18,1.5357919101745596e+22,1.5360943722229408e+22,1.12114714185989,0.1824555796554737
oc,100.0,1.1335790912490644,1.089533648073631e-05,0.9904851346123917,1.1033832554732835e+19,1.1800264247755674e+18,1.5357919101745596e+22,1.5360981796777928e+22,1.1212171916491864,0.18306980342058754
oc,100.0,1.1335790912490644,1.0896951534730626e-05,0.9906319577027842,1.1267032853134709e+19,1.1556053911205256e+18,1.5357919101745596e+22,1.5361017102719294e+22,1.1212911793800853,0.18368807619133729
oc,100.0,1.1335790912490644,1.0898542017413324e-05,0.990776547037575,1.1505693882386123e+19,1.1316372250187455e+18,1.5357919101745596e+22,1.5361049652793793e+22,1.1213691316299377,0.1843102687895492
oc,100.0,1.1335790912490644,1.0900108295533774e-05,0.9909189359576158,1.1749882652629715e+19,1.108121430095504e+18,1.5357919101745596e+22,1.536107946760112e+22,1.1214510718279849,0.18493625199448183
oc,100.0,1.1335790912490644,1.0901650730583125e-05,0.9910591573257387,1.1999664765513556e+19,1.0850569578110135e+18,1.5357919101745596e+22,1.5361106575081119e+22,1.1215370202766033,0.1855658966129417
oc,100.0,1.1335790912490644,1.0903169678863081e-05,0.9911972435330074,1.2255104306335367e+19,1.062442238856013e+18,1.5357919101745596e+22,1.5361131009986397e+22,1.121626994176333,0.1861990735459288
oc,100.0,1.1335790912490644,1.0904665491553973e-05,0.9913332265049066,1.2516263734877026e+19,1.0402752141790483e+18,1.5357919101745596e+22,1.5361152813354598e+22,1.121721007654419,0.18683565385192746
oc,100.0,1.1335790912490644,1.090613851478213e-05,0.9914671377074664,1.278320377512565e+19,1.0185533655399183e+18,1.5357919101745596e+22,1.5361172031982067e+22,1.1218190717966012,0.18747550880695646
oc,100.0,1.1335790912490644,1.0907589089686595e-05,0.9915990081533268,1.3055983304098025e+19,9.972737454944637e+17,1.5357919101745596e+22,1.5361188717903613e+22,1.1219211946819119,0.188118509961521
oc,100.0,1.1335790912490644,1.0909017552485099e-05,0.9917288684077362,1.333465923998021e+19,9.764330067286924e+17,1.5357919101745596e+22,1.5361202927882415e+22,1.1220273814202382,0.1887645291945702
oc,100.0,1.1335790912490644,1.091042423453939e-05,0.99185674859449,1.3619286429824719e+19,9.560274306690609e+17,1.5357919101745596e+22,1.5361214722910926e+22,1.1221376341924305,0.18941343876461947
oc,100.0,1.1335790912490644,1.0911809462419846e-05,0.9919826784018042,1.3909917537035102e+19,9.360529553077962e+17,1.5357919101745596e+22,1.5361224167728026e+22,1.1222519522927383,0.19006511135814758
oc,100.0,1.1335790912490644,1.0913173557969417e-05,0.9921066870881288,1.4206602928895785e+19,9.165052021902427e+17,1.5357919101745596e+22,1.5361231330351908e+22,1.1223703321733776,0.19071942013542473
oc,100.0,1.1335790912490644,1.0914516838366856e-05,0.992228803487896,1.4509390564393918e+19,8.973795025216696e+17,1.5357919101745596e+22,1.536123628163224e+22,1.122492767491038,0.19137623877388174
oc,100.0,1.1335790912490644,1.0915839616189305e-05,0.9923490560172095,1.4818325882609797e+19,8.786709223578578e+17,1.5357919101745596e+22,1.5361239094820807e+22,1.1226192491551574,0.1920354415091826
oc,100.0,1.1335790912490644,1.091714219947416e-05,0.9924674726794691,1.5133451691935443e+19,8.603742868531894e+17,1.5357919101745596e+22,1.5361239845165257e+22,1.1227497653777927,0.19269690317410915
oc,100.0,1.1335790912490644,1.091842489178028e-05,0.9925840810709345,1.5454808060401342e+19,8.424842035461779e+17,1.5357919101745596e+22,1.5361238609523389e+22,1.1228843017249366,0.19336049923539764
oc,100.0,1.1335790912490644,1.0919687992248514e-05,0.9926989083862285,1.5782432207397378e+19,8.249950846689713e+17,1.5357919101745596e+22,1.5361235465998273e+22,1.1230228411691376,0.1940261058286659
oc,100.0,1.1335790912490644,1.092093179566154e-05,0.9928119814237764,1.611635839706029e+19,8.079011684744658e+17,1.5357919101745596e+22,1.5361230493598261e+22,1.1231653641432864,0.19469359979153034
oc,100.0,1.1335790912490644,1.0922156592503055e-05,0.9929233265911869,1.6456617833631056e+19,7.911965395784521e+17,1.5357919101745596e+22,1.5361223771917319e+22,1.1233118485954492,0.19536285869506725
oc,100.0,1.1335790912490644,1.092336266901628e-05,0.9930329699105709,1.6803238559057959e+19,7.748751483209002e+17,1.5357919101745596e+22,1.5361215380838792e+22,1.123462270044632,0.19603376087370766
oc,100.0,1.1335790912490644,1.0924550307261798e-05,0.9931409370237998,1.7156245353144203e+19,7.589308291535624e+17,1.5357919101745596e+22,1.5361205400260613e+22,1.1236166016373712,0.19670618545369756
oc,100.0,1.1335790912490644,1.092571978517474e-05,0.9932472531977037,1.7515659636526563e+19,7.43357318065752e+17,1.5357919101745596e+22,1.5361193909841868e+22,1.123774814205054,0.19738001238022365
oc,100.0,1.1335790912490644,1.0926871376621309e-05,0.9933519433292098,1.7881499376776843e+19,7.281482690631817e+17,1.5357919101745596e+22,1.5361180988770894e+22,1.1239368763218793,0.1980551224433159
oc,100.0,1.1335790912490644,1.0928005351454637e-05,0.9934550319504216,1.825377899791111e+19,7.13297269718039e+17,1.5357919101745596e+22,1.5361166715552916e+22,1.124102754363379,0.19873139730262132
oc,100.0,1.1335790912490644,1.0929121975570008e-05,0.9935565432336372,1.8632509293588103e+19,6.987978558109655e+17,1.5357919101745596e+22,1.5361151167817654e+22,1.124272412565417,0.19940871951114084
oc,100.0,1.1335790912490644,1.0930221510959425e-05,0.9936565009963114,1.901769734428547e+19,6.846435250874246e+17,1.5357919101745596e+22,1.536113442214528e+22,1.1244458130836108,0.20008697253803637
oc,100.0,1.1335790912490644,1.0931304215765523e-05,0.9937549287059567,1.940934643871107e+19,6.70827750153777e+17,1.5357919101745596e+22,1.5361116553910619e+22,1.1246229160530963,0.2007660407905618
oc,100.0,1.1335790912490644,1.0932370344334861e-05,0.9938518494849875,1.9807455999731823e+19,6.57343990538628e+17,1.5357919101745596e+22,1.5361097637144463e+22,1.1248036796485898,0.20144580963522704
oc,100.0,1.1335790912490644,1.0933420147270573e-05,0.9939472861155068,2.0212021515071906e+19,6.441857039471748e+17,1.5357919101745596e+22,1.5361077744410103e+22,1.1249880601446876,0.20212616541825423
oc,100.0,1.1335790912490644,1.0934453871484367e-05,0.9940412610440335,2.062303447302283e+19,6.313463567371238e+17,1.5357919101745596e+22,1.5361056946696309e+22,1.1251760119763508,0.20280699548538306
oc,100.0,1.1335790912490644,1.0935471760247933e-05,0.9941337963861758,2.1040482303424307e+19,6.188194336446049e+17,1.5357919101745596e+22,1.5361035313323872e+22,1.1253674877995419,0.20348818820112058
oc,100.0,1.1335790912490644,1.0936474053243696e-05,0.9942249139312452,2.146434832412092e+19,6.065984467903843e+17,1.5357919101745596e+22,1.5361012911865139e+22,1.1255624385519514,0.2041696329674524
oc,100.0,1.1335790912490644,1.0937460986614977e-05,0.9943146351468162,2.189461169313235e+19,5.946769439954661e+17,1.5357919101745596e+22,1.5360989808077409e+22,1.1257608135137942,0.2048512202421047
oc,100.0,1.1335790912490644,1.0938432793015513e-05,0.9944029811832285,2.233124736672126e+19,5.830485164365498e+17,1.5357919101745596e+22,1.5360966065846483e+22,1.125962560368624,0.2055328415563715
oc,100.0,1.1335790912490644,1.0939389701658392e-05,0.9944899728780356,2.277422606356418e+19,5.717068056706419e+17,1.5357919101745596e+22,1.5360941747142012e+22,1.1261676252641415,0.2062143895325768
oc,100.0,1.1335790912490644,1.0940331938364382e-05,0.9945756307603985,2.322351423519142e+19,5.606455100586234e+17,1.5357919101745596e+22,1.5360916911982343e+22,1.1263759528729536,0.2068957579011958
oc,100.0,1.1335790912490644,1.094125972560964e-05,0.9946599750554219,2.367907404284544e+19,5.4985839061721754e+17,1.5357919101745596e+22,1.536089161840875e+22,1.1265874864532606,0.2075768415176554
oc,100.0,1.1335790912490644,1.0942173282572852e-05,0.9947430256884412,2.414086334092112e+19,5.393392763275531e+17,1.5357919101745596e+22,1.5360865922468524e+22,1.1268021679094382,0.20825753637887506
oc,100.0,1.1335790912490644,1.0943072825181768e-05,0.9948248022892516,2.4608835667086475e+19,5.2908206892916006e+17,1.5357919101745596e+22,1.5360839878204482e+22,1.1270199378524817,0.20893773963953532
oc,100.0,1.1335790912490644,1.0943958566159159e-05,0.9949053241962872,2.5082940239208428e+19,5.1908074722654214e+17,1.5357919101745596e+22,1.5360813537653233e+22,1.127240735660289,0.20961734962812062
oc,100.0,1.1335790912490644,1.0944830715068192e-05,0.9949846104607447,2.5563121959153627e+19,5.0932937093560045e+17,1.5357919101745596e+22,1.5360786950848353e+22,1.1274644995377539,0.21029626586272865
oc,100.0,1.1335790912490644,1.0945689478357231e-05,0.9950626798506574,2.6049321423547896e+19,4.998220840956824e+17,1.5357919101745596e+22,1.5360760165830532e+22,1.1276911665766391,0.21097438906668114
oc,100.0,1.1335790912490644,1.0946535059404077e-05,0.9951395508549161,2.654147494152974e+19,4.905531180728876e+17,1.5357919101745596e+22,1.5360733228661782e+22,1.1279206728152076,0.21165162118392664
oc,100.0,1.1335790912490644,1.0947367658559627e-05,0.9952152416872388,2.703951455952852e+19,4.815167941790854e+17,1.5357919101745596e+22,1.5360706183445747e+22,1.1281529532975811,0.2123278653942449
oc,100.0,1.1335790912490644,1.0948187473190986e-05,0.9952897702900896,2.7543368093070213e+19,4.72707525930362e+17,1.5357919101745596e+22,1.5360679072350312e+22,1.1283879421327965,0.21300302612824912
oc,100.0,1.1335790912490644,1.0948994697724025e-05,0.9953631543385477,2.8052959165609796e+19,4.641198209674805e+17,1.5357919101745596e+22,1.536065193563555e+22,1.128625572553545,0.21367700908220139
oc,100.0,1.1335790912490644,1.0949789523685387e-05,0.9954354112441262,2.8568207254334562e+19,4.5574828266062195e+17,1.5357919101745596e+22,1.53606248116842e+22,1.1288657769745527,0.21434972123260876
oc,100.0,1.1335790912490644,1.0950572139743958e-05,0.9955065581585416,2.9089027742905774e+19,4.475876114190501e+17,1.5357919101745596e+22,1.5360597737034857e+22,1.1291084870505868,0.21502107085062272
oc,100.0,1.1335790912490644,1.0951342731751775e-05,0.9955766119774341,2.9615331981036982e+19,4.3963260572623405e+17,1.5357919101745596e+22,1.5360570746418005e+22,1.1293536337340488,0.2156909675161993
oc,100.0,1.1335790912490644,1.0952101482784434e-05,0.9956455893440395,3.0147027350837637e+19,4.3187816291925754e+17,1.5357919101745596e+22,1.5360543872793149e+22,1.1296011473321395,0.21635932213204007
oc,100.0,1.1335790912490644,1.0952848573180955e-05,0.9957135066528141,3.0684017339792912e+19,4.243192797310806e+17,1.5357919101745596e+22,1.536051714738986e+22,1.1298509575635618,0.21702604693728483
oc,100.0,1.1335790912490644,1.0953584180583116e-05,0.9957803800530105,3.122620162023378e+19,4.169510526132734e+17,1.5357919101745596e+22,1.5360490599747863e+22,1.1301029936147258,0.21769105552092785
oc,100.0,1.1335790912490644,1.0954308479974282e-05,0.9958462254522075,3.1773476135162667e+19,4.0976867785553683e+17,1.5357919101745596e+22,1.5360464257759714e+22,1.1303571841954432,0.21835426283496764
oc,100.0,1.1335790912490644,1.0955021643717723e-05,0.9959110585197931,3.232573319024384e+19,4.0276745151806835e+17,1.5357919101745596e+22,1.5360438147714053e+22,1.1306134575940665,0.21901558520725106
oc,100.0,1.1335790912490644,1.0955723841594418e-05,0.9959748946904017,3.2882861551769928e+19,3.9594276919166605e+17,1.5357919101745596e+22,1.5360412294340028e+22,1.1308717417320553,0.21967494035399704
oc,100.0,1.1335790912490644,1.0956415240840354e-05,0.9960377491673049,3.3444746550395703e+19,3.892901255997621e+17,1.5357919101745596e+22,1.536038672085142e+22,1.1311319642179343,0.22033224739198187
oc,100.0,1.1335790912490644,1.0957096006183349e-05,0.996099636925759,3.401127019041689e+19,3.828051140557418e+17,1.5357919101745596e+22,1.536036144899183e+22,1.1313940524006143,0.22098742685036915
oc,100.0,1.1335790912490644,1.0957766299879358e-05,0.9961605727163052,3.4582311264333664e+19,3.764834257884364e+17,1.5357919101745596e+22,1.5360336499079675e+22,1.1316579334220485,0.22164040068214097
oc,100.0,1.1335790912490644,1.0958426281748313e-05,0.9962205710680284,3.515774547246847e+19,3.703208491474289e+17,1.5357919101745596e+22,1.5360311890053157e+22,1.1319235342691918,0.2222910922751398
oc,100.0,1.1335790912490644,1.0959076109209472e-05,0.9962796462917702,3.5737445547342262e+19,3.6431326869971136e+17,1.5357919101745596e+22,1.5360287639515804e+22,1.1321907818252348,0.2229394264626678
oc,100.0,1.1335790912490644,1.09597159373163e-05,0.9963378124833001,3.6321281382542664e+19,3.5845666422806816e+17,1.5357919101745596e+22,1.5360263763781008e+22,1.1324596029200855,0.22358532953364393
oc,100.0,1.1335790912490644,1.0960345918790874e-05,0.9963950835264431,3.690912016577777e+19,3.527471096412677e+17,1.5357919101745596e+22,1.5360240277916016e+22,1.132729924380064,0.22422872924228127
oc,100.0,1.1335790912490644,1.0960966204057819e-05,0.9964514730961654,3.750082651581259e+19,3.471807718053359e+17,1.5357919101745596e+22,1.5360217195786378e+22,1.1330016730767842,0.22486955481726506
oc,100.0,1.1335790912490644,1.0961576941277803e-05,0.9965069946616185,3.809626262298296e+19,3.417539093045902e+17,1.5357919101745596e+22,1.5360194530099272e+22,1.1332747759751949,0.225507736970418
oc,100.0,1.1335790912490644,1.0962178276380554e-05,0.9965616614891413,3.8695288392945566e+19,3.364628711407265e+17,1.5357919101745596e+22,1.5360172292447083e+22,1.1335491601807508,0.22614320790481582
oc,100.0,1.1335790912490644,1.0962770353097443e-05,0.9966154866452221,3.929776159335118e+19,3.3130409537744845e+17,1.5357919101745596e+22,1.5360150493348105e+22,1.1338247529856824,0.22677590132234826
oc,100.0,1.1335790912490644,1.0963353312993623e-05,0.9966684829994202,3.990353800309745e+19,3.262741077378733e+17,1.5357919101745596e+22,1.5360129142289565e+22,1.134101481914346,0.2274057524306916
oc,100.0,1.1335790912490644,1.096392729549971e-05,0.9967206632272463,4.051247156382094e+19,3.2136952016131603e+17,1.5357919101745596e+22,1.5360108247768006e+22,1.1343792747676151,0.2280326979496758
oc,100.0,1.1335790912490644,1.0964492437943059e-05,0.9967720398130053,4.112441453329583e+19,3.165870293254994e+17,1.5357919101745596e+22,1.5360087817328383e+22,1.1346580596663025,0.22865667611704302
oc,100.0,1.1335790912490644,1.0965048875578585e-05,0.9968226250525987,4.173921764037819e+19,3.11923415140155e+17,1.5357919101745596e+22,1.5360067857604212e+22,1.1349377650935721,0.22927762669354823
oc,100.0,1.1335790912490644,1.0965596741619176e-05,0.9968724310562888,4.235673024117418e+19,3.073755392170517e+17,1.5357919101745596e+22,1.5360048374356132e+22,1.135218319936331,0.22989549096742126
oc,100.0,1.1335790912490644,1.0966136167265675e-05,0.996921469751425,4.297680047606271e+19,3.02940343321573e+17,1.5357919101745596e+22,1.5360029372507576e+22,1.1354996535255681,0.23051021175814693
oc,100.0,1.1335790912490644,1.0966667281736461e-05,0.9969697528851329,4.3599275427264676e+19,2.9861484781022496e+17,1.5357919101745596e+22,1.536001085618365e+22,1.1357816956756284,0.23112173341956913
oc,100.0,1.1335790912490644,1.0967190212296606e-05,0.9970172920269642,4.4224001276571664e+19,2.9439615005845165e+17,1.5357919101745596e+22,1.5359992828744415e+22,1.1360643767223852,0.23173000184228235
oc,100.0,1.1335790912490644,1.0967705084286636e-05,0.9970640985715125,4.485082346296281e+19,2.902814228823549e+17,1.5357919101745596e+22,1.5359975292821897e+22,1.1363476275603146,0.23233496445533058
oc,100.0,1.1335790912490644,1.0968212021150896e-05,0.9971101837409906,4.547958683972151e+19,2.8626791295809382e+17,1.5357919101745596e+22,1.5359958250351413e+22,1.136631379678429,0.23293657022717418
oc,100.0,1.1335790912490644,1.0968711144465507e-05,0.9971555585877734,4.61101358307778e+19,2.823529392420545e+17,1.5357919101745596e+22,1.5359941702606937e+22,1.1369155651950762,0.23353476966593456
oc,100.0,1.1335790912490644,1.0969202573965946e-05,0.9972002339969042,4.67423145859253e+19,2.785338913948413e+17,1.5357919101745596e+22,1.5359925650230788e+22,1.1372001168915675,0.23412951481889918
oc,100.0,1.1335790912490644,1.0969686427574233e-05,0.9972442206885668,4.737596713464431e+19,2.7480822821171552e+17,1.5357919101745596e+22,1.5359910093266925e+22,1.1374849682446417,0.23472075927129069
oc,100.0,1.1335790912490644,1.0970162821425747e-05,0.9972875292205224,4.8010937538190926e+19,2.7117347606204918e+17,1.5357919101745596e+22,1.535989503118823e+22,1.1377700534577306,0.23530845814428172
oc,100.0,1.1335790912490644,1.0970631869895642e-05,0.9973301699905128,4.864707003971552e+19,2.6762722733991232e+17,1.5357919101745596e+22,1.5359880462929039e+22,1.1380553074910351,0.23589256809226758
oc,100.0,1.1335790912490644,1.0971093685624922e-05,0.9973721532386293,4.928420921209159e+19,2.6416713892787974e+17,1.5357919101745596e+22,1.5359866386910787e+22,1.138340666090391,0.23647304729938648
oc,100.0,1.1335790912490644,1.0971548379546137e-05,0.9974134890496489,4.992220010323045e+19,2.6079093067581645e+17,1.5357919101745596e+22,1.5359852801070824e+22,1.138626065814921,0.23704985547529422
oc,100.0,1.1335790912490644,1.0971996060908704e-05,0.9974541873553368,5.056088837859199e+19,2.5749638389640314e+17,1.5357919101745596e+22,1.5359839702888722e+22,1.1389114440634611,0.2376229538501756
oc,100.0,1.1335790912490644,1.0972436837303892e-05,0.9974942579367174,5.1200120460698894e+19,2.542813398785994e+17,1.5357919101745596e+22,1.535982708941181e+22,1.1391967390997693,0.23819230516903628
oc,100.0,1.1335790912490644,1.0972870814689434e-05,0.9975337104263121,5.183974366538222e+19,2.5114369842066467e+17,1.5357919101745596e+22,1.5359814957280172e+22,1.1394818900764965,0.23875787368522347
oc,100.0,1.1335790912490644,1.0973298097413808e-05,0.9975725543103462,5.247960633459758e+19,2.4808141638355222e+17,1.5357919101745596e+22,1.5359803302751418e+22,1.1397668370579364,0.23931962515323849
oc,100.0,1.1335790912490644,1.0973718788240166e-05,0.9976107989309242,5.311955796557106e+19,2.450925062659159e+17,1.5357919101745596e+22,1.535979212172273e+22,1.140051521041539,0.23987752682080557
oc,100.0,1.1335790912490644,1.0974132988369913e-05,0.9976484534881739,5.375944933611578e+19,2.4217503480149725e+17,1.5357919101745596e+22,1.5359781409753785e+22,1.1403358839781983,0.2404315474202203
oc,100.0,1.1335790912490644,1.0974540797465966e-05,0.9976855270423606,5.439913262596278e+19,2.3932712157960243e+17,1.5357919101745596e+22,1.5359771162089234e+22,1.1406198687913178,0.2409816571589989
oc,100.0,1.1335790912490644,1.0974942313675674e-05,0.9977220285159705,5.503846153392354e+19,2.3654693768939702e+17,1.5357919101745596e+22,1.5359761373678786e+22,1.140903419394653,0.24152782770981657
oc,100.0,1.1335790912490644,1.097533763365342e-05,0.9977579666957654,5.567729139078594e+19,2.338327043884169e+17,1.5357919101745596e+22,1.5359752039197284e+22,1.1411864807089476,0.24207003219977655
oc,100.0,1.1335790912490644,1.0975726852582875e-05,0.9977933502348069,5.631547926777261e+19,2.3118269179592576e+17,1.5357919101745596e+22,1.5359743153064787e+22,1.141468998677357,0.24260824519898208
oc,100.0,1.1335790912490644,1.0976110064198969e-05,0.9978281876544517,5.695288408050283e+19,2.2859521761125206e+17,1.5357919101745596e+22,1.5359734709464913e+22,1.1417509202796836,0.24314244270846733
oc,100.0,1.1335790912490644,1.0976487360809517e-05,0.9978624873463197,5.7589366688339075e+19,2.2606864585748966e+17,1.5357919101745596e+22,1.5359726702363048e+22,1.1420321935454234,0.2436726021474806
oc,100.0,1.1335790912490644,1.0976858833316553e-05,0.9978962575742322,5.82247899890432e+19,2.236013856507297e+17,1.5357919101745596e+22,1.5359719125523492e+22,1.1423127675656481,0.24419870234013905
oc,100.0,1.1335790912490644,1.0977224571237352e-05,0.997929506476123,5.885901900867442e+19,2.2119188999496378e+17,1.5357919101745596e+22,1.5359711972526586e+22,1.1425925925037184,0.24472072350146787
oc,100.0,1.1335790912490644,1.0977584662725147e-05,0.9979622420659224,5.9491920986701955e+19,2.1883865460262218e+17,1.5357919101745596e+22,1.5359705236784435e+22,1.1428716196048683,0.24523864722286245
oc,100.0,1.1335790912490644,1.097793919458954e-05,0.9979944722354128,6.01233654562516e+19,2.1654021674092954e+17,1.5357919101745596e+22,1.5359698911556392e+22,1.1431498012046484,0.2457524564569536
oc,100.0,1.1335790912490644,1.0978288252316651e-05,0.9980262047560592,6.075322431952684e+19,2.1429515410377597e+17,1.5357919101745596e+22,1.5359692989963902e+22,1.1434270907362758,0.24626213550194898
oc,100.0,1.1335790912490644,1.097863192008893e-05,0.9980574472808119,6.138137191832994e+19,2.1210208370925424e+17,1.5357919101745596e+22,1.5359687465004702e+22,1.1437034427368817,0.24676766998541674
oc,100.0,1.1335790912490644,1.0978970280804725e-05,0.9980882073458841,6.200768509972913e+19,2.0995966082255526e+17,1.5357919101745596e+22,1.5359682329566658e+22,1.143978812852697,0.2472690468475685
oc,100.0,1.1335790912490644,1.0979303416097527e-05,0.9981184923725025,6.263204327685848e+19,2.078665779041483e+17,1.5357919101745596e+22,1.5359677576440332e+22,1.1442531578431785,0.24776625432403937
oc,100.0,1.1335790912490644,1.097963140635498e-05,0.9981483096686347,6.325432848492362e+19,2.058215635828572e+17,1.5357919101745596e+22,1.5359673198332283e+22,1.1445264355841243,0.24825928192822508
oc,100.0,1.1335790912490644,1.0979954330737578e-05,0.998177666430689,6.387442543237389e+19,2.0382338165386432e+17,1.5357919101745596e+22,1.5359669187876321e+22,1.144798605069764,0.24874812043313663
oc,100.0,1.1335790912490644,1.0980272267197105e-05,0.9982065697451914,6.449222154736519e+19,2.0187083010108768e+17,1.5357919101745596e+22,1.535966553764549e+22,1.1450696264138842,0.24923276185285617
oc,100.0,1.1335790912490644,1.0980585292494814e-05,0.9982350265904376,6.510760701952606e+19,1.9996274014380362e+17,1.5357919101745596e+22,1.5359662240162344e+22,1.1453394608499865,0.24971319942358108
oc,100.0,1.1335790912490644,1.0980893482219326e-05,0.9982630438381205,6.57204748371034e+19,1.980979753071397e+17,1.5357919101745596e+22,1.5359659287909847e+22,1.1456080707305163,0.2501894275842865
oc,100.0,1.1335790912490644,1.0981196910804284e-05,0.9982906282549349,6.633072081958555e+19,1.9627543051605462e+17,1.5357919101745596e+22,1.5359656673341967e+22,1.1458754195251892,0.25066144195704393
oc,100.0,1.1335790912490644,1.0981495651545737e-05,0.9983177865041579,6.693824364584184e+19,1.9449403121255875e+17,1.5357919101745596e+22,1.5359654388892176e+22,1.1461414718184295,0.25112923932699094
oc,100.0,1.1335790912490644,1.0981789776619278e-05,0.9983445251472072,6.7542944877914505e+19,1.9275273249567226e+17,1.5357919101745596e+22,1.5359652426983062e+22,1.14640619330596,0.2515928176220054
oc,100.0,1.1335790912490644,1.098207935709693e-05,0.9983708506451754,6.814472898053654e+19,1.910505182838234e+17,1.5357919101745596e+22,1.535965078003396e+22,1.1466695507905642,0.25205217589208745
oc,100.0,1.1335790912490644,1.0982364462963772e-05,0.9983967693603429,6.874350333649017e+19,1.893864004992711e+17,1.5357919101745596e+22,1.535964944047133e+22,1.1469315121770476,0.25250731428847684
oc,100.0,1.1335790912490644,1.0982645163134358e-05,0.9984222875576689,6.933917825792076e+19,1.8775941827407763e+17,1.5357919101745596e+22,1.5359648400734306e+22,1.1471920464664356,0.25295823404254764
oc,100.0,1.1335790912490644,1.0982921525468846e-05,0.9984474114062588,6.993166699368774e+19,1.8616863717739098e+17,1.5357919101745596e+22,1.5359647653282886e+22,1.147451123749415,0.25340493744445736
oc,100.0,1.1335790912490644,1.0983193616788932e-05,0.998472146980812,7.0520885732937564e+19,1.8461314846340298e+17,1.5357919101745596e+22,1.5359647190605793e+22,1.1477087151990728,0.25384742782162983
oc,100.0,1.1335790912490644,1.0983461502893518e-05,0.9984965002630471,7.110675360494227e+19,1.830920683397477e+17,1.5357919101745596e+22,1.5359647005224947e+22,1.1479647930629406,0.2542857095170482
oc,100.0,1.1335790912490644,1.0983725248574186e-05,0.9985204771431079,7.168919267543518e+19,1.8160453725573898e+17,1.5357919101745596e+22,1.5359647089704512e+22,1.1482193306543929,0.25471978786742366
oc,100.0,1.1335790912490644,1.0983984917630406e-05,0.998544083420946,7.226812793944116e+19,1.801497192102361e+17,1.5357919101745596e+22,1.5359647436653858e+22,1.148472302343401,0.2551496691812074
oc,100.0,1.1335790912490644,1.0984240572884544e-05,0.9985673248076858,7.284348731086868e+19,1.7872680107850483e+17,1.5357919101745596e+22,1.5359648038736055e+22,1.1487236835466967,0.2555753607165197
oc,100.0,1.1335790912490644,1.0984492276196647e-05,0.9985902069269679,7.3415201608904475e+19,1.7733499195775024e+17,1.5357919101745596e+22,1.5359648888669851e+22,1.1489734507173657,0.25599687065899374
oc,100.0,1.1335790912490644,1.0984740088478996e-05,0.9986127353162724,7.39832045413944e+19,1.7597352253091923e+17,1.5357919101745596e+22,1.5359649979237956e+22,1.1492215813338855,0.25641420809954346
oc,100.0,1.1335790912490644,1.0984984069710465e-05,0.9986349154282241,7.454743268532717e+19,1.7464164444825235e+17,1.5357919101745596e+22,1.5359651303288245e+22,1.1494680538886648,0.25682738301210867
oc,100.0,1.1335790912490644,1.0985224278950648e-05,0.9986567526318771,7.510782546457631e+19,1.733386297262712e+17,1.5357919101745596e+22,1.5359652853741066e+22,1.149712847876077,0.25723640623136057
oc,100.0,1.1335790912490644,1.0985460774353792e-05,0.9986782522139812,7.566432512502828e+19,1.7206377016367997e+17,1.5357919101745596e+22,1.5359654623591208e+22,1.1499559437800542,0.2576412894304241
oc,100.0,1.1335790912490644,1.0985693613182519e-05,0.998699419380229,7.621687670722508e+19,1.7081637677387136e+17,1.5357919101745596e+22,1.5359656605911282e+22,1.1501973230612312,0.2580420450985997
oc,100.0,1.1335790912490644,1.0985922851821332e-05,0.9987202592564848,7.676542801668314e+19,1.6959577923356045e+17,1.5357919101745596e+22,1.5359658793857391e+22,1.1504369681436921,0.25843868651912594
oc,100.0,1.1335790912490644,1.0986148545789953e-05,0.9987407768899957,7.730992959201187e+19,1.68401325347122e+17,1.5357919101745596e+22,1.535966118066968e+22,1.150674862401344,0.2588312277470075
oc,100.0,1.1335790912490644,1.0986370749756428e-05,0.9987609772505843,7.785033467095487e+19,1.6723238052631933e+17,1.5357919101745596e+22,1.5359663759675936e+22,1.1509109901439285,0.2592196835868967
oc,100.0,1.1335790912490644,1.0986589517550052e-05,0.998780865231823,7.838659915450378e+19,1.6608832728497776e+17,1.5357919101745596e+22,1.5359666524294748e+22,1.1511453366027067,0.25960406957106336
oc,100.0,1.1335790912490644,1.0986804902174117e-05,0.9988004456521924,7.891868156922975e+19,1.6496856474815706e+17,1.5357919101745596e+22,1.535966946803704e+22,1.1513778879158565,0.25998440193748823
oc,100.0,1.1335790912490644,1.0987016955818443e-05,0.998819723256222,7.944654302793104e+19,1.6387250817554086e+17,1.5357919101745596e+22,1.53596725845077e+22,1.1516086311135845,0.26036069760806313
oc,100.0,1.1335790912490644,1.098722572987174e-05,0.9988387027156127,7.997014718871658e+19,1.627995884986737e+17,1.5357919101745596e+22,1.5359675867407445e+22,1.1518375541029788,0.26073297416690966
oc,100.0,1.1335790912490644,1.0987431274933787e-05,0.9988573886303442,8.048946021271829e+19,1.6174925187152966e+17,1.5357919101745596e+22,1.5359679310533902e+22,1.1520646456526527,0.26110124983888094
oc,100.0,1.1335790912490644,1.0987633640827416e-05,0.9988757855297651,8.10044507204618e+19,1.6072095923424685e+17,1.5357919101745596e+22,1.5359682907782374e+22,1.1522898953771636,0.2614655434681945
oc,100.0,1.1335790912490644,1.0987832876610338e-05,0.998893897873667,8.151508974709544e+19,1.5971418588949773e+17,1.5357919101745596e+22,1.5359686653146718e+22,1.1525132937212699,0.2618258744972685
oc,100.0,1.1335790912490644,1.0988029030586768e-05,0.9989117300533426,8.202135069652458e+19,1.5872842109129597e+17,1.5357919101745596e+22,1.5359690540718683e+22,1.1527348319440116,0.2621822629457228
oc,100.0,1.1335790912490644,1.0988222150318905e-05,0.9989292863926278,8.252320929462382e+19,1.5776316764577152e+17,1.5357919101745596e+22,1.535969456468715e+22,1.1529545021026628,0.262534729389601
oc,100.0,1.1335790912490644,1.0988412282638214e-05,0.9989465711489285,8.30206435415809e+19,1.5681794152369312e+17,1.5357919101745596e+22,1.5359698719337473e+22,1.153172297036558,0.26288329494078566
oc,100.0,1.1335790912490644,1.0988599473656549e-05,0.9989635885142317,8.351363366352637e+19,1.5589227148431142e+17,1.5357919101745596e+22,1.5359702999049953e+22,1.1533882103508286,0.2632279812266516
oc,100.0,1.1335790912490644,1.0988783768777126e-05,0.9989803426161024,8.400216206352633e+19,1.5498569871025283e+17,1.5357919101745596e+22,1.5359707398296455e+22,1.15360223640006,0.2635688103699508
oc,100.0,1.1335790912490644,1.0988965212705306e-05,0.9989968375186642,8.448621327203128e+19,1.5409777645316102e+17,1.5357919101745596e+22,1.5359711911637458e+22,1.153814370271887,0.2639058049689343
oc,100.0,1.1335790912490644,1.098914384945923e-05,0.9990130772235664,8.496577389687621e+19,1.532280696897781e+17,1.5357919101745596e+22,1.535971653371737e+22,1.1540246077705438,0.264238988077721
oc,100.0,1.1335790912490644,1.0989319722380296e-05,0.999029065670936,8.54408325729553e+19,1.5237615478810512e+17,1.5357919101745596e+22,1.5359721259259054e+22,1.1542329454004003,0.26456838318694426
oc,100.0,1.1335790912490644,1.0989492874143477e-05,0.9990448067403161,8.59113799116203e+19,1.515416191834194e+17,1.5357919101745596e+22,1.53597260830561e+22,1.15443938034949,0.26489401420465797
oc,100.0,1.1335790912490644,1.0989663346767477e-05,0.9990603042515889,8.6377408449865e+19,1.5072406106390458e+17,1.5357919101745596e+22,1.5359730999964731e+22,1.1546439104730253,0.26521590543749446
oc,100.0,1.1335790912490644,1.0989831181624756e-05,0.9990755619658869,8.683891259949674e+19,1.4992308906539114e+17,1.5357919101745596e+22,1.5359736004892466e+22,1.1548465342769831,0.26553408157216624
oc,100.0,1.1335790912490644,1.0989996419451368e-05,0.9990905835864881,8.729588859616805e+19,1.4913832197530115e+17,1.5357919101745596e+22,1.5359741092785123e+22,1.1550472509016718,0.2658485676571748
oc,100.0,1.1335790912490644,1.0990159100356695e-05,0.9991053727596996,8.774833444854741e+19,1.4836938844516134e+17,1.5357919101745596e+22,1.535974625861165e+22,1.1552460601053953,0.26615938908487907
oc,100.0,1.1335790912490644,1.0990319263833002e-05,0.9991199330757274,8.81962498875701e+19,1.4761592671165194e+17,1.5357919101745596e+22,1.5359751497344266e+22,1.1554429622481681,0.26646657157383824
oc,100.0,1.1335790912490644,1.099047694876486e-05,0.9991342680695328,8.863963631585657e+19,1.4687758432589162e+17,1.5357919101745596e+22,1.5359756803936524e+22,1.1556379582755,0.2667701411514505
oc,100.0,1.1335790912490644,1.099063219343843e-05,0.9991483812216755,8.907849675738712e+19,1.4615401789067363e+17,1.5357919101745596e+22,1.53597621732958e+22,1.1558310497022808,0.2670701241369093
oc,100.0,1.1335790912490644,1.0990785035550604e-05,0.9991622759591459,8.951283580749121e+19,1.4544489280541584e+17,1.5357919101745596e+22,1.535976760025318e+22,1.1560222385967647,0.2673665471244786
oc,100.0,1.1335790912490644,1.0990935512218005e-05,0.9991759556561823,8.994265958315005e+19,1.4474988301865485e+17,1.5357919101745596e+22,1.535977307952482e+22,1.1562115275646598,0.26765943696706096
oc,100.0,1.1335790912490644,1.0991083659985862e-05,0.9991894236350785,9.036797567374213e+19,1.4406867078774267e+17,1.5357919101745596e+22,1.5359778605667967e+22,1.1563989197333466,0.2679488207601112
oc,100.0,1.1335790912490644,1.0991229514836739e-05,0.9992026831669762,9.078879309220662e+19,1.434009464456499e+17,1.5357919101745596e+22,1.5359784173030533e+22,1.1565844187362149,0.26823472582583996
oc,100.0,1.1335790912490644,1.0991373112199139e-05,0.9992157374726489,9.120512222674192e+19,1.4274640817452626e+17,1.5357919101745596e+22,1.535978977569183e+22,1.1567680286971482,0.2685171796977674
oc,100.0,1.1335790912490644,1.0991514486955977e-05,0.9992285897232706,9.16169747929862e+19,1.4210476178592757e+17,1.5357919101745596e+22,1.5359795407391314e+22,1.1569497542151428,0.26879621010557314
oc,100.0,1.1335790912490644,1.0991653673452932e-05,0.9992412430411757,9.202436378684077e+19,1.4147572050736725e+17,1.5357919101745596e+22,1.5359801061450099e+22,1.1571296003490903,0.2690718449603019
oc,100.0,1.1335790912490644,1.0991790705506659e-05,0.9992537005006054,9.242730343783173e+19,1.4085900477515288e+17,1.5357919101745596e+22,1.5359806730678416e+22,1.1573075726026973,0.2693441123398525
oc,100.0,1.1335790912490644,1.0991925616412885e-05,0.9992659651284441,9.282580916316545e+19,1.4025434203311762e+17,1.5357919101745596e+22,1.535981240726724e+22,1.1574836769095889,0.2696130404748349
oc,100.0,1.1335790912490644,1.099205843895439e-05,0.9992780399049446,9.32198975224521e+19,1.3966146653720014e+17,1.5357919101745596e+22,1.535981808266932e+22,1.1576579196185657,0.2698786577347285
oc,100.0,1.1335790912490644,1.0992189205408847e-05,0.9992899277644407,9.360958617307103e+19,1.3908011916564515e+17,1.5357919101745596e+22,1.5359823747456543e+22,1.157830307479025,0.2701409926143573
oc,100.0,1.1335790912490644,1.099231794755657e-05,0.9993016315960519,9.399489382635395e+19,1.3851004723455128e+17,1.5357919101745596e+22,1.535982939116484e+22,1.1580008476265753,0.27040007372072067
oc,100.0,1.1335790912490644,1.0992444696688121e-05,0.9993131542443747,9.437584020441504e+19,1.3795100431872467e+17,1.5357919101745596e+22,1.5359835002110833e+22,1.1581695475688043,0.27065592976011354
oc,100.0,1.1335790912490644,1.0992569483611817e-05,0.9993244985101652,9.475244599782215e+19,1.3740275007753877e+17,1.5357919101745596e+22,1.5359840567191786e+22,1.1583364151712372,0.27090858952559055
oc,100.0,1.1335790912490644,1.099269233866112e-05,0.999335667151011,9.512473282400215e+19,1.3686505008567685e+17,1.5357919101745596e+22,1.535984607165314e+22,1.158501458643475,0.27115808188474866
oc,100.0,1.1335790912490644,1.0992813291701904e-05,0.9993466628819914,9.54927231864485e+19,1.36337675668636e+17,1.5357919101745596e+22,1.5359851498833774e+22,1.1586646865254897,0.27140443576780243
oc,100.0,1.1335790912490644,1.0992932372139636e-05,0.9993574883763305,9.585644043475726e+19,1.3582040374267365e+17,1.5357919101745596e+22,1.53598568298745e+22,1.1588261076741333,0.2716476801560207
oc,100.0,1.1335790912490644,1.099304960892642e-05,0.9993681462660382,9.621590872547426e+19,1.3531301665921074e+17,1.5357919101745596e+22,1.5359862043399158e+22,1.1589857312497958,0.2718878440704407
oc,100.0,1.1335790912490644,1.0993165030567958e-05,0.9993786391425417,9.657115298375148e+19,1.3481530205342027e+17,1.5357919101745596e+22,1.5359867115153683e+22,1.159143566703252,0.27212495656090735
oc,100.0,1.1335790912490644,1.0993278665130389e-05,0.9993889695573082,9.692219886586233e+19,1.3432705269687434e+17,1.5357919101745596e+22,1.535987201760951e+22,1.1592996237626831,0.2723590466954222
oc,100.0,1.1335790912490644,1.0993390540247038e-05,0.999399140022458,9.726907272256474e+19,1.3384806635409346e+17,1.5357919101745596e+22,1.53598767195258e+22,1.159453912420875,0.27259014354980177
oc,100.0,1.1335790912490644,1.0993500683125042e-05,0.9994091530113676,9.761180156326281e+19,1.3337814564289048e+17,1.5357919101745596e+22,1.5359881185461713e+22,1.159606442922574,0.2728182761976224
oc,100.0,1.1335790912490644,1.0993609120551912e-05,0.9994190109592647,9.795041302108948e+19,1.3291709789826374e+17,1.5357919101745596e+22,1.535988537524772e+22,1.159757225752038,0.2730434737004968
oc,100.0,1.1335790912490644,1.0993715878901939e-05,0.9994287162638127,9.82849353187565e+19,1.324647350398674e+17,1.5357919101745596e+22,1.5359889243402825e+22,1.159906271620715,0.2732657650985998
oc,100.0,1.1335790912490644,1.0993820984142568e-05,0.9994382712856881,9.861539723531506e+19,1.320208734427223e+17,1.5357919101745596e+22,1.5359892738496858e+22,1.160053591455121,0.2734851794015346
oc,100.0,1.1335790912490644,1.0993924461840627e-05,0.9994476783491479,9.894182807374178e+19,1.3158533381118723e+17,1.5357919101745596e+22,1.5359895802461152e+22,1.1601991963848615,0.2737017455794659
oc,100.0,1.1335790912490644,1.0994026337168478e-05,0.999456939742589,9.926425762936406e+19,1.3115794105602555e+17,1.5357919101745596e+22,1.5359898369838245e+22,1.1603430977308042,0.27391549255453373
oc,100.0,1.1335790912490644,1.0994126634910076e-05,0.9994660577190979,9.95827161591156e+19,1.3073852417442773e+17,1.5357919101745596e+22,1.5359900366970752e+22,1.1604853069934082,0.2741264491925512
oc,100.0,1.1335790912490644,1.0994225379466936e-05,0.9994750344969942,9.989723435165314e+19,1.3032691613286486e+17,1.5357919101745596e+22,1.5359901711128068e+22,1.1606258358412105,0.2743346442949923
oc,100.0,1.1335790912490644,1.0994322594864e-05,0.9994838722603636,1.0020784329828144e+20,1.2992295375270306e+17,1.5357919101745596e+22,1.5359902309568454e+22,1.1607646960994489,0.27454010659123895
oc,100.0,1.1335790912490644,1.0994418304755431e-05,0.9994925731595847,1.0051457446471493e+20,1.2952647759844226e+17,1.5357919101745596e+22,1.5359902058535218e+22,1.1609018997388343,0.27474286473110426
oc,100.0,1.1335790912490644,1.0994512532430303e-05,0.9995011393118458,1.0081745966362391e+20,1.2913733186851834e+17,1.5357919101745596e+22,1.5359900842184262e+22,1.1610374588644536,0.27494294727760554
oc,100.0,1.1335790912490644,1.0994605300818213e-05,0.9995095728016559,1.0111653102803585e+20,1.287553642884868e+17,1.5357919101745596e+22,1.5359898531445072e+22,1.161171385704831,0.27514038270002833
oc,100.0,1.1335790912490644,1.099469663249481e-05,0.9995178756813463,1.0141182098548672e+20,1.2838042600662762e+17,1.5357919101745596e+22,1.5359894982811883e+22,1.161303692601106,0.27533519936721473
oc,100.0,1.1335790912490644,1.0994786549687217e-05,0.9995260499715652,1.017033622329667e+20,1.2801237149181043e+17,1.5357919101745596e+22,1.5359890037067747e+22,1.1614343919963492,0.27552742554110804
oc,100.0,1.1335790912490644,1.0994875074279418e-05,0.9995340976617653,1.019911877126812e+20,1.2765105843351592e+17,1.5357919101745596e+22,1.5359883517939344e+22,1.1615634964250292,0.2757170893705693
oc,100.0,1.1335790912490644,1.0994962227817505e-05,0.9995420207106823,1.0227533058852137e+20,1.2729634764406251e+17,1.5357919101745596e+22,1.535987523068743e+22,1.1616910185025902,0.27590421888539957
oc,100.0,1.1335790912490644,1.0995048031514896e-05,0.9995498210468088,1.0255582422334418e+20,1.2694810296283434e+17,1.5357919101745596e+22,1.5359864960630676e+22,1.1618169709151873,0.2760888419906349
oc,100.0,1.1335790912490644,1.0995132506257437e-05,0.999557500568858,1.0283270215694578e+20,1.2660619116259414e+17,1.5357919101745596e+22,1.5359852471608546e+22,1.1619413664095364,0.27627098646104337
oc,100.0,1.1335790912490644,1.0995215672608444e-05,0.9995650611462221,1.031059980847888e+20,1.2627048185773827e+17,1.5357919101745596e+22,1.5359837504384023e+22,1.162064217782912,0.27645067993586475
oc,100.0,1.1335790912490644,1.0995297550813662e-05,0.9995725046194238,1.0337574583745151e+20,1.2594084741448058e+17,1.5357919101745596e+22,1.5359819774991528e+22,1.1621855378732864,0.27662794991377654
oc,100.0,1.1335790912490644,1.0995378160806157e-05,0.9995798328005597,1.0364197936077011e+20,1.2561716286295502e+17,1.5357919101745596e+22,1.5359798973034547e+22,1.1623053395496108,0.27680282374807064
oc,100.0,1.1335790912490644,1.099545752221112e-05,0.9995870474737383,1.0390473269668448e+20,1.2529930581117544e+17,1.5357919101745596e+22,1.535977475993503e+22,1.1624236357022435,0.2769753286420523
oc,100.0,1.1335790912490644,1.0995535654350611e-05,0.9995941503955101,1.0416403996475177e+20,1.2498715636086907e+17,1.5357919101745596e+22,1.5359746767145765e+22,1.1625404392335332,0.2771454916446408
oc,100.0,1.1335790912490644,1.0995612576248216e-05,0.9996011432952924,1.0441993534432947e+20,1.246805970251449e+17,1.5357919101745596e+22,1.5359714594326808e+22,1.16265576304856,0.2773133396461782
oc,100.0,1.1335790912490644,1.0995688306633648e-05,0.9996080278757862,1.0467245305741669e+20,1.2437951264799816e+17,1.5357919101745596e+22,1.5359677807496503e+22,1.1627696200460482,0.27747889937444203
oc,100.0,1.1335790912490644,1.0995762863947264e-05,0.9996148058133876,1.049216273521053e+20,1.2408379032568162e+17,1.5357919101745596e+22,1.5359635937163792e+22,1.1628820231094381,0.2776421973908354
oc,100.0,1.1335790912490644,1.0995836266344527e-05,0.9996214787585934,1.0516749248671556e+20,1.2379331932985392e+17,1.5357919101745596e+22,1.5359588476450679e+22,1.1629929850981713,0.27780326008680784
oc,100.0,1.1335790912490644,1.099590853170039e-05,0.9996280483363992,1.0541008271446714e+20,1.2350799103267381e+17,1.5357919101745596e+22,1.5359534879213124e+22,1.163102518839134,0.2779621136804129
oc,100.0,1.1335790912490644,1.0995979677613609e-05,0.9996345161466917,1.056494322687879e+20,1.232276988337196e+17,1.5357919101745596e+22,1.5359474558171513e+22,1.163210637118317,0.27811878421307473
oc,100.0,1.1335790912490644,1.0996049721411005e-05,0.9996408837646369,1.0588557534922868e+20,1.229523380887778e+17,1.5357919101745596e+22,1.535940688305876e+22,1.1633173526727083,0.2782732975465476
oc,100.0,1.1335790912490644,1.0996118680151648e-05,0.999647152741059,1.0611854610787988e+20,1.2268180604063645e+17,1.5357919101745596e+22,1.5359331178799216e+22,1.1634226781823704,0.2784256793600039
oc,100.0,1.1335790912490644,1.0996186570630982e-05,0.9996533246028165,1.0634837863640441e+20,1.2241600175175622e+17,1.5357919101745596e+22,1.5359246723726954e+22,1.1635266262627906,0.27857595514733186
oc,100.0,1.1335790912490644,1.099625340938488e-05,0.999659400853171,1.0657510695357006e+20,1.221548260389815e+17,1.5357919101745596e+22,1.535915274785686e+22,1.1636292094574554,0.278724150214569
oc,100.0,1.1335790912490644,1.0996319212693658e-05,0.9996653829721508,1.067987649933544e+20,1.2189818141021792e+17,1.5357919101745596e+22,1.5359048431218308e+22,1.1637304402307103,0.27887028967752575
oc,100.0,1.1335790912490644,1.0996383996585998e-05,0.9996712724169089,1.0701938659350507e+20,1.2164597200324795e+17,1.5357919101745596e+22,1.5358932902265842e+22,1.1638303309608649,0.2790143984595256
oc,100.0,1.1335790912490644,1.0996447776842829e-05,0.9996770706220754,1.0723700548465248e+20,1.2139810352658043e+17,1.5357919101745596e+22,1.5358805236375062e+22,1.163928893933611,0.27915650128933117
oc,100.0,1.1335790912490644,1.099651056900115e-05,0.9996827790001046,1.0745165527987115e+20,1.2115448320249499e+17,1.5357919101745596e+22,1.5358664454440061e+22,1.164026141335724,0.27929662269919087
oc,100.0,1.1335790912490644,1.0996572388357787e-05,0.999688398941617,1.0766336946476102e+20,1.2091501971221496e+17,1.5357919101745596e+22,1.5358509521581319e+22,1.1641220852490946,0.27943478702305846
oc,100.0,1.1335790912490644,1.0996633249973086e-05,0.9996939318157352,1.0787218138791815e+20,1.2067962314338643e+17,1.5357919101745596e+22,1.5358339345976266e+22,1.16421673764506,0.27957101839490794
oc,100.0,1.1335790912490644,1.0996693168674577e-05,0.9996993789704162,1.080781242519337e+20,1.2044820493972784e+17,1.5357919101745596e+22,1.535815277782479e+22,1.1643101103791063,0.27970534074723413
oc,100.0,1.1335790912490644,1.0996752159060546e-05,0.9997047417327769,1.0828123110476272e+20,1.2022067785305974e+17,1.5357919101745596e+22,1.5357948608460897e+22,1.1644022151858942,0.2798377778096416
oc,100.0,1.1335790912490644,1.0996810235503576e-05,0.999710021409416,1.084815348315577e+20,1.1999695589762874e+17,1.5357919101745596e+22,1.535772556962229e+22,1.164493063674661,0.2799683531075856
oc,100.0,1.1335790912490644,1.0996867412154028e-05,0.9997152192867298,1.0867906814688648e+20,1.1977695430682696e+17,1.5357919101745596e+22,1.535748233288433e+22,1.1645826673249873,0.28009708996122124
oc,100.0,1.1335790912490644,1.0996923702943464e-05,0.9997203366312241,1.0887386358736085e+20,1.1956058949228989e+17,1.5357919101745596e+22,1.5357217509273665e+22,1.1646710374829508,0.2802240114843842
oc,100.0,1.1335790912490644,1.099697912158803e-05,0.9997253746898209,1.090659535046505e+20,1.1934777900542395e+17,1.5357919101745596e+22,1.5356929649065228e+22,1.1647581853576727,0.2803491405836842
oc,100.0,1.1335790912490644,1.0997033681591765e-05,0.9997303346901605,1.0925537005886133e+20,1.1913844150139739e+17,1.5357919101745596e+22,1.5356617241775846e+22,1.1648441220182544,0.2804724999576987
oc,100.0,1.1335790912490644,1.0997087396249881e-05,0.9997352178408984,1.0944214521228642e+20,1.1893249670556853e+17,1.5357919101745596e+22,1.535627871635882e+22,1.1649288583911246,0.2805941120962873
oc,100.0,1.1335790912490644,1.0997140278651987e-05,0.9997400253319989,1.0962631072351132e+20,1.1872986538237264e+17,1.5357919101745596e+22,1.5355912441605841e+22,1.1650124052578072,0.28071399928001733
oc,100.0,1.1335790912490644,1.0997192341685253e-05,0.999744758335023,1.0980789814183345e+20,1.1853046930671749e+17,1.5357919101745596e+22,1.5355516726763082e+22,1.1650947732530872,0.28083218357966694
oc,100.0,1.1335790912490644,1.0997243598037532e-05,0.9997494180034121,1.0998693880205045e+20,1.1833423123781144e+17,1.5357919101745596e+22,1.535508982237027e+22,1.165175972863607,0.2809486868558487
oc,100.0,1.1335790912490644,1.0997294060200454e-05,0.9997540054727685,1.1016346381954564e+20,1.1814107489544587e+17,1.5357919101745596e+22,1.5354629921314582e+22,1.1652560144268886,0.28106353075872775
oc,100.0,1.1335790912490644,1.0997343740472423e-05,0.9997585218611293,1.1033750408565026e+20,1.1795092493876614e+17,1.5357919101745596e+22,1.5354135160115775e+22,1.165334908130754,0.281176736727804
oc,100.0,1.1335790912490644,1.0997392650961624e-05,0.9997629682692385,1.105090902633685e+20,1.1776370694740373e+17,1.5357919101745596e+22,1.535360362043672e+22,1.1654126640131872,0.28128832599181564
oc,100.0,1.1335790912490644,1.099744080358895e-05,0.9997673457808136,1.10678252783354e+20,1.175793474049971e+17,1.5357919101745596e+22,1.5353033330817214e+22,1.1654892919626125,0.2813983195687233
oc,100.0,1.1335790912490644,1.0997488210090888e-05,0.999771655462808,1.1084502184012957e+20,1.1739777368511902e+17,1.5357919101745596e+22,1.535242226863693e+22,1.165564801718558,0.2815067382657437
oc,100.0,1.1335790912490644,1.0997534882022375e-05,0.9997758983656704,1.1100942738866686e+20,1.172189140394123e+17,1.5357919101745596e+22,1.5351768362302269e+22,1.1656392028727645,0.28161360267951346
oc,100.0,1.1335790912490644,1.099758083075959e-05,0.999780075523599,1.1117149914112295e+20,1.170426975880483e+17,1.5357919101745596e+22,1.5351069493651342e+22,1.16571250487066,0.2817189331962866
oc,100.0,1.1335790912490644,1.0997626067502723e-05,0.999784187954793,1.11331266563899e+20,1.1686905431233109e+17,1.5357919101745596e+22,1.5350323500576865e+22,1.1657847170132425,0.2818227499922288
oc,100.0,1.1335790912490644,1.099767060327868e-05,0.9997882366616982,1.1148875887489198e+20,1.1669791504945466e+17,1.5357919101745596e+22,1.5349528179860987e+22,1.1658558484593273,0.281925073033762
oc,100.0,1.1335790912490644,1.0997714448943772e-05,0.9997922226312521,1.1164400504101362e+20,1.1652921148925115e+17,1.5357919101745596e+22,1.5348681290210337e+22,1.1659259082281814,0.28202592207800875
oc,100.0,1.1335790912490644,1.099775761518634e-05,0.999796146835122,1.1179703377593064e+20,1.1636287617295045e+17,1.5357919101745596e+22,1.5347780555493844e+22,1.1659949052024987,0.2821253166732748
oc,100.0,1.1335790912490644,1.0997800112529352e-05,0.9998000102299411,1.1194787353797984e+20,1.1619884249380341e+17,1.5357919101745596e+22,1.53468236681608e+22,1.1660628481317135,0.2822232761596019
oc,100.0,1.1335790912490644,1.0997841951332953e-05,0.9998038137575411,1.1209655252834309e+20,1.1603704469948534e+17,1.5357919101745596e+22,1.5345808292844533e+22,1.1661297456356448,0.2823198196693841
oc,100.0,1.1335790912490644,1.099788314179698e-05,0.9998075583451801,1.122430986893844e+20,1.1587741789619437e+17,1.5357919101745596e+22,1.534473207012854e+22,1.1661956062084424,0.2824149661280378
oc,100.0,1.1335790912490644,1.099792369396345e-05,0.9998112449057681,1.1238753970319783e+20,1.1571989805432266e+17,1.5357919101745596e+22,1.534359262047116e+22,1.1662604382228274,0.2825087342547336
oc,100.0,1.1335790912490644,1.0997963617718971e-05,0.9998148743380884,1.125299029903284e+20,1.1556442201563077e+17,1.5357919101745596e+22,1.5342387548274328e+22,1.16632424993459,0.2826011425631661
oc,100.0,1.1335790912490644,1.0998002922797174e-05,0.9998184475270158,1.1267021570867631e+20,1.154109275017497e+17,1.5357919101745596e+22,1.5341114446080855e+22,1.1663870494873563,0.28269220936239736
oc,100.0,1.1335790912490644,1.0998041618781049e-05,0.9998219653437317,1.128085047525866e+20,1.1525935312396362e+17,1.5357919101745596e+22,1.5339770898893343e+22,1.1664488449175674,0.2827819527577313
oc,100.0,1.1335790912490644,1.0998079715105292e-05,0.9998254286459356,1.1294479675206468e+20,1.151096383941137e+17,1.5357919101745596e+22,1.5338354488591134e+22,1.1665096441596778,0.2828703906516444
oc,100.0,1.1335790912490644,1.0998117221058578e-05,0.9998288382780526,1.1307911807217051e+20,1.149617237365541e+17,1.5357919101745596e+22,1.5336862798442018e+22,1.1665694550515189,0.2829575407447358
oc,100.0,1.1335790912490644,1.0998154145785834e-05,0.9998321950714395,1.1321149481257338e+20,1.148155505009219e+17,1.5357919101745596e+22,1.5335293417679227e+22,1.1666282853398593,0.28304342053676823
oc,100.0,1.1335790912490644,1.099819049829045e-05,0.9998354998445864,1.1334195280725148e+20,1.1467106097574974e+17,1.5357919101745596e+22,1.5333643946145746e+22,1.1666861426860808,0.28312804732770686
oc,100.0,1.1335790912490644,1.0998226287436464e-05,0.999838753403315,1.1347051762426978e+20,1.1452819840271782e+17,1.5357919101745596e+22,1.5331911998972201e+22,1.1667430346719665,0.2832114382188002
oc,100.0,1.1335790912490644,1.0998261521950722e-05,0.9998419565409749,1.1359721456579985e+20,1.1438690699138307e+17,1.5357919101745596e+22,1.5330095211288778e+22,1.1667989688056106,0.2832936101137265
oc,100.0,1.1335790912490644,1.0998296210424997e-05,0.9998451100386361,1.1372206866815042e+20,1.1424713193436706e+17,1.5357919101745596e+22,1.532819124294132e+22,1.166853952527374,0.28337457971974134
oc,100.0,1.1335790912490644,1.0998330361318067e-05,0.9998482146652787,1.1384510470200664e+20,1.1410881942279494e+17,1.5357919101745596e+22,1.5326197783209106e+22,1.1669079932158977,0.28345436354887477
oc,100.0,1.1335790912490644,1.0998363982957783e-05,0.9998512711779803,1.1396634717274038e+20,1.1397191666188134e+17,1.5357919101745596e+22,1.5324112555493814e+22,1.16696109819415,0.28353297791916776
oc,100.0,1.1335790912490644,1.099839708354309e-05,0.9998542803220991,1.1408582032083904e+20,1.1383637188660813e+17,1.5357919101745596e+22,1.5321933321980137e+22,1.167013274735457,0.28361043895591037
oc,100.0,1.1335790912490644,1.0998429671146006e-05,0.999857242831455,1.1420354812242118e+20,1.137021343773048e+17,1.5357919101745596e+22,1.5319657888238713e+22,1.1670645300695228,0.2836867625929228
oc,100.0,1.1335790912490644,1.0998461753713601e-05,0.9998601594285093,1.143195542899219e+20,1.1356915447499582e+17,1.5357919101745596e+22,1.5317284107764458e+22,1.1671148713884314,0.2837619645738887
oc,100.0,1.1335790912490644,1.0998493339069924e-05,0.9998630308245385,1.1443386227278687e+20,1.1343738359654925e+17,1.5357919101745596e+22,1.5314809886435044e+22,1.1671643058525467,0.28383606045366366
oc,100.0,1.1335790912490644,1.0998524434917892e-05,0.9998658577198084,1.1454649525828859e+20,1.1330677424937541e+17,1.5357919101745596e+22,1.531223318686945e+22,1.1672128405963562,0.283909065599634
oc,100.0,1.1335790912490644,1.0998555048841182e-05,0.9998686408037438,1.1465747617247896e+20,1.1317728004561429e+17,1.5357919101745596e+22,1.5309552032684079e+22,1.1672604827342163,0.28398099519310827
oc,100.0,1.1335790912490644,1.0998585188306059e-05,0.9998713807550962,1.1476682768112961e+20,1.1304885571578304e+17,1.5357919101745596e+22,1.5306764512618755e+22,1.1673072393659611,0.28405186423069895
oc,100.0,1.1335790912490644,1.0998614860663196e-05,0.9998740782421087,1.1487457219084752e+20,1.129214571216945e+17,1.5357919101745596e+22,1.5303868784536973e+22,1.1673531175823881,0.28412168752575045
oc,100.0,1.1335790912490644,1.0998644073149468e-05,0.9998767339226788,1.14980731850194e+20,1.1279504126863384e+17,1.5357919101745596e+22,1.5300863079271012e+22,1.1673981244705842,0.2841904797097695
oc,100.0,1.1335790912490644,1.0998672832889698e-05,0.9998793484445181,1.1508532855090767e+20,1.126695663166859e+17,1.5357919101745596e+22,1.5297745704316664e+22,1.1674422671190798,0.2842582552338762
oc,100.0,1.1335790912490644,1.0998701146898405e-05,0.9998819224453096,1.1518838392919446e+20,1.1254499159114229e+17,1.5357919101745596e+22,1.5294515047358339e+22,1.1674855526228214,0.28432502837026835
oc,100.0,1.1335790912490644,1.0998729022081493e-05,0.9998844565528631,1.152899193670492e+20,1.1242127759192557e+17,1.5357919101745596e+22,1.52911695796144e+22,1.1675279880879421,0.28439081321369886
oc,100.0,1.1335790912490644,1.0998756465237942e-05,0.9998869513852675,1.1538995599368962e+20,1.1229838600195517e+17,1.5357919101745596e+22,1.5287707859002772e+22,1.1675695806363267,0.28445562368297056
oc,100.0,1.1335790912490644,1.0998783483061462e-05,0.999889407551042,1.1548851468702047e+20,1.1217627969438845e+17,1.5357919101745596e+22,1.5284128533106118e+22,1.1676103374099573,0.2845194735224518
oc,100.0,1.1335790912490644,1.099881008214211e-05,0.9998918256492828,1.1558561607510391e+20,1.1205492273878907e+17,1.5357919101745596e+22,1.5280430341942518e+22,1.1676502655750047,0.284582376303562
oc,100.0,1.1335790912490644,1.099883626896791e-05,0.99989420626981,1.15681280537797e+20,1.1193428040597056e+17,1.5357919101745596e+22,1.5276612120527411e+22,1.1676893723257156,0.2846443454263312
oc,100.0,1.1335790912490644,1.0998862049926409e-05,0.9998965499933099,1.1577552820828935e+20,1.1181431917174368e+17,1.5357919101745596e+22,1.5272672801222558e+22,1.1677276648880064,0.28470539412089757
oc,100.0,1.1335790912490644,1.0998887431306253e-05,0.9998988573914775,1.1586837897481442e+20,1.1169500671927445e+17,1.5357919101745596e+22,1.5268611415870825e+22,1.1677651505228417,0.2847655354490753
oc,100.0,1.1335790912490644,1.0998912419298702e-05,0.9999011290271548,1.1595985248232846e+20,1.1157631194023941e+17,1.5357919101745596e+22,1.5264427097710702e+22,1.167801836529321,0.2848247823058844
oc,100.0,1.1335790912490644,1.0998937019999144e-05,0.9999033654544677,1.160499681342427e+20,1.1145820493462446e+17,1.5357919101745596e+22,1.5260119083067659e+22,1.1678377302475156,0.28488314742111104
oc,100.0,1.1335790912490644,1.0998961239408573e-05,0.9999055672189612,1.1613874509420511e+20,1.1134065700922178e+17,1.5357919101745596e+22,1.5255686712822468e+22,1.1678728390610278,0.2849406433608604
oc,100.0,1.1335790912490644,1.0998985083435049e-05,0.9999077348577318,1.1622620228790603e+20,1.1122364067479555e+17,1.5357919101745596e+22,1.5251129433654775e+22,1.1679071703992767,0.28499728252911627
oc,100.0,1.1335790912490644,1.0999008557895145e-05,0.9999098688995587,1.1631235840492454e+20,1.111071296418811e+17,1.5357919101745596e+22,1.524644679905759e+22,1.1679407317395254,0.28505307716931944
oc,100.0,1.1335790912490644,1.0999031668515347e-05,0.9999119698650316,1.163972319005693e+20,1.1099109881534112e+17,1.5357919101745596e+22,1.5241638470132894e+22,1.1679735306086048,0.2851080393659082
oc,100.0,1.1335790912490644,1.099905442093346e-05,0.9999140382666782,1.1648084099780905e+20,1.1087552428750038e+17,1.5357919101745596e+22,1.5236704216159292e+22,1.168005574584397,0.28516218104590974
oc,100.0,1.1335790912490644,1.0999076820699974e-05,0.9999160746090886,1.1656320368916483e+20,1.1076038333004309e+17,1.5357919101745596e+22,1.5231643914938092e+22,1.168036871297023,0.2852155139804996
oc,100.0,1.1335790912490644,1.0999098873279417e-05,0.999918079389038,1.1664433773866407e+20,1.1064565438459734e+17,1.5357919101745596e+22,1.5226457552923105e+22,1.1680674284297774,0.2852680497865735
oc,100.0,1.1335790912490644,1.0999120584051686e-05,0.9999200530956078,1.1672426068380877e+20,1.1053131705206189e+17,1.5357919101745596e+22,1.5221145225134357e+22,1.1680972537197842,0.2853197999283166
oc,100.0,1.1335790912490644,1.0999141958313349e-05,0.9999219962103045,1.1680298983753497e+20,1.1041735208070907e+17,1.5357919101745596e+22,1.5215707134859042e+22,1.168126354958398,0.2853707757187648
oc,100.0,1.1335790912490644,1.0999163001278949e-05,0.9999239092071772,1.1688054229023806e+20,1.1030374135303197e+17,1.5357919101745596e+22,1.5210143593144921e+22,1.1681547399913543,0.28542098832138724
oc,100.0,1.1335790912490644,1.0999183718082255e-05,0.9999257925529323,1.1695693491176384e+20,1.1019046787150475e+17,1.5357919101745596e+22,1.5204455018097524e+22,1.1681824167186514,0.28547044875162875
oc,100.0,1.1335790912490644,1.0999204113777527e-05,0.9999276467070479,1.170321843534519e+20,1.1007751574312235e+17,1.5357919101745596e+22,1.5198641933974235e+22,1.1682093930942086,0.28551916787848775
oc,100.0,1.1335790912490644,1.0999224193340739e-05,0.9999294721218854,1.1710630705017446e+20,1.0996487016288213e+17,1.5357919101745596e+22,1.519270497009107e+22,1.1682356771252755,0.2855671564260759
oc,100.0,1.1335790912490644,1.0999243961670792e-05,0.9999312692427993,1.1717931922236849e+20,1.0985251739625925e+17,1.5357919101745596e+22,1.5186644859550123e+22,1.1682612768716054,0.28561442497515505
oc,100.0,1.1335790912490644,1.0999263423590703e-05,0.9999330385082457,1.1725123687810949e+20,1.0974044476061925e+17,1.5357919101745596e+22,1.518046243778512e+22,1.1682862004444172,0.285660983964697
oc,100.0,1.1335790912490644,1.099928258384879e-05,0.9999347803498899,1.1732207581520008e+20,1.0962864060565222e+17,1.5357919101745596e+22,1.5174158640937672e+22,1.1683104560051503,0.2857068436934473
oc,100.0,1.1335790912490644,1.0999301447119812e-05,0.9999364951927101,1.1739185162317785e+20,1.0951709429305229e+17,1.5357919101745596e+22,1.51677345040789e+22,1.1683340517639804,0.2857520143214221
oc,100.0,1.1335790912490644,1.0999320018006121e-05,0.999938183455102,1.1746057968546421e+20,1.0940579617514477e+17,1.5357919101745596e+22,1.5161191159268718e+22,1.1683569959781854,0.2857965058714833
oc,100.0,1.1335790912490644,1.0999338301038783e-05,0.9999398455489803,1.1752827518141583e+20,1.0929473757285498e+17,1.5357919101745596e+22,1.5154529833474824e+22,1.168379296950292,0.28584032823084965
oc,100.0,1.1335790912490644,1.0999356300678668e-05,0.9999414818798789,1.175949530883984e+20,1.091839107529035e+17,1.5357919101745596e+22,1.5147751846352867e+22,1.1684009630260535,0.285883491152614
oc,100.0,1.1335790912490644,1.0999374021317546e-05,0.9999430928470496,1.1766062818388509e+20,1.0907330890428557e+17,1.5357919101745596e+22,1.514085860789714e+22,1.1684220025922682,0.28592600425726555
oc,100.0,1.1335790912490644,1.0999391467279158e-05,0.9999446788435599,1.1772531504754611e+20,1.089629261141451e+17,1.5357919101745596e+22,1.5133851615972448e+22,1.168442424074433,0.2859678770341943
oc,100.0,1.1335790912490644,1.0999408642820265e-05,0.9999462402563877,1.1778902806332352e+20,1.088527573430754e+17,1.5357919101745596e+22,1.512673245373315e+22,1.1684622359342522,0.28600911884318786
oc,100.0,1.1335790912490644,1.0999425552131683e-05,0.9999477774665166,1.1785178142152658e+20,1.0874279839987112e+17,1.5357919101745596e+22,1.511950278693745e+22,1.1684814466670157,0.286049738915932
oc,100.0,1.1335790912490644,1.0999442199339309e-05,0.9999492908490282,1.1791358912089591e+20,1.0863304591587258e+17,1.5357919101745596e+22,1.5112164361170806e+22,1.16850006479884,0.28608974635748335
oc,100.0,1.1335790912490644,1.0999458588505128e-05,0.9999507807731934,1.179744649707122e+20,1.0852349731883282e+17,1.5357919101745596e+22,1.5104718998979561e+22,1.1685180988838086,0.2861291501477601
oc,100.0,1.1335790912490644,1.0999474723628188e-05,0.9999522476025626,1.180344225928369e+20,1.0841415080653064e+17,1.5357919101745596e+22,1.509716859693283e+22,1.1685355575009897,0.2861679591429894
oc,100.0,1.1335790912490644,1.0999490608645592e-05,0.9999536916950538,1.1809347542379014e+20,1.0830500532001992e+17,1.5357919101745596e+22,1.5089515122610517e+22,1.168552449251372,0.28620618207717313
oc,100.0,1.1335790912490644,1.0999506247433445e-05,0.9999551134030404,1.1815163671683377e+20,1.0819606051662123e+17,1.5357919101745596e+22,1.508176061153057e+22,1.1685687827547144,0.28624382756354866
oc,100.0,1.1335790912490644,1.0999521643807803e-05,0.9999565130734367,1.1820891954399429e+20,1.0808731674283499e+17,1.5357919101745596e+22,1.5073907164032256e+22,1.1685845666463115,0.28628090409600454
oc,100.0,1.1335790912490644,1.0999536801525606e-05,0.9999578910477824,1.1826533679814815e+20,1.0797877500699202e+17,1.5357919101745596e+22,1.5065956942105325e+22,1.168599809573706,0.28631742005053157
oc,100.0,1.1335790912490644,1.0999551724285584e-05,0.9999592476623258,1.1832090119502587e+20,1.0787043695194878e+17,1.5357919101745596e+22,1.5057912166193274e+22,1.1686145201933316,0.28635338368662094
oc,100.0,1.1335790912490644,1.0999566415729164e-05,0.9999605832481058,1.1837562527527058e+20,1.0776230482763904e+17,1.5357919101745596e+22,1.504977511195947e+22,1.1686287071671264,0.2863888031486904
oc,100.0,1.1335790912490644,1.0999580879441357e-05,0.9999618981310325,1.184295214064513e+20,1.0765438146371456e+17,1.5357919101745596e+22,1.504154810703927e+22,1.1686423791590979,0.2864236864674765
oc,100.0,1.1335790912490644,1.0999595118951634e-05,0.9999631926319668,1.1848260178507396e+20,1.0754667024224264e+17,1.5357919101745596e+22,1.503323352777899e+22,1.1686555448318596,0.28645804156141874
oc,100.0,1.1335790912490644,1.099960913773478e-05,0.9999644670667982,1.1853487843860206e+20,1.0743917507046587e+17,1.5357919101745596e+22,1.5024833795963956e+22,1.1686682128431591,0.2864918762380489
oc,100.0,1.1335790912490644,1.0999622939211742e-05,0.9999657217465221,1.1858636322742228e+20,1.0733190035380018e+17,1.5357919101745596e+22,1.5016351375555354e+22,1.1686803918423827,0.28652519819534233
oc,100.0,1.1335790912490644,1.099963652675047e-05,0.9999669569773154,1.1863706784684633e+20,1.0722485096893763e+17,1.5357919101745596e+22,1.5007788769426922e+22,1.1686920904670661,0.28655801502308725
oc,100.0,1.1335790912490644,1.0999649903666725e-05,0.9999681730606114,1.1868700382907628e+20,1.071180322372347e+17,1.5357919101745596e+22,1.4999148516120424e+22,1.1687033173394088,0.2865903342042266
oc,100.0,1.1335790912490644,1.0999663073224897e-05,0.9999693702931725,1.187361825451476e+20,1.0701144989840146e+17,1.5357919101745596e+22,1.4990433186623672e+22,1.1687140810627963,0.2866221631161814
oc,100.0,1.1335790912490644,1.0999676038638799e-05,0.9999705489671635,1.1878461520690645e+20,1.0690511008439467e+17,1.5357919101745596e+22,1.4981645381165822e+22,1.1687243902183526,0.2866535090321933
oc,100.0,1.1335790912490644,1.0999688803072447e-05,0.9999717093702224,1.1883231286891441e+20,1.0679901929377858e+17,1.5357919101745596e+22,1.4972787726053907e+22,1.1687342533615097,0.2866843791226198
oc,100.0,1.1335790912490644,1.0999701369640831e-05,0.9999728517855301,1.1887928643037543e+20,1.0669318436638466e+17,1.5357919101745596e+22,1.4963862870540014e+22,1.1687436790186156,0.2867147804562394
oc,100.0,1.1335790912490644,1.0999713741410678e-05,0.9999739764918798,1.189255466370392e+20,1.0658761245840443e+17,1.5357919101745596e+22,1.4954873483733374e+22,1.1687526756835807,0.2867447200015382
oc,100.0,1.1335790912490644,1.0999725921401199e-05,0.9999750837637453,1.1897110408311133e+20,1.0648231101786656e+17,1.5357919101745596e+22,1.494582225155343e+22,1.1687612518145742,0.2867742046279986
oc,100.0,1.1335790912490644,1.0999737912584815e-05,0.9999761738713469,1.190159692130907e+20,1.0637728776071197e+17,1.5357919101745596e+22,1.4936711873746203e+22,1.1687694158307618,0.2868032411073361
oc,100.0,1.1335790912490644,1.09997497178879e-05,0.9999772470807182,1.1906015232369009e+20,1.0627255064712003e+17,1.5357919101745596e+22,1.4927545060935671e+22,1.1687771761091137,0.2868318361147915
oc,100.0,1.1335790912490644,1.0999761340191477e-05,0.9999783036537706,1.1910366356563326e+20,1.0616810785859238e+17,1.5357919101745596e+22,1.4918324531754044e+22,1.1687845409812616,0.2868599962303393
oc,100.0,1.1335790912490644,1.099977278233193e-05,0.9999793438483573,1.1914651294553065e+20,1.0606396777534611e+17,1.5357919101745596e+22,1.490905301001627e+22,1.1687915187304307,0.28688772793994505
oc,100.0,1.1335790912490644,1.099978404710169e-05,0.9999803679183354,1.1918871032765322e+20,1.059601389544599e+17,1.5357919101745596e+22,1.4899733221978252e+22,1.1687981175884326,0.28691503763675363
oc,100.0,1.1335790912490644,1.0999795137249921e-05,0.9999813761136291,1.1923026543578487e+20,1.0585663010835168e+17,1.5357919101745596e+22,1.4890367893641374e+22,1.1688043457327448,0.2869419316223272
oc,100.0,1.1335790912490644,1.0999806055483183e-05,0.9999823686802893,1.1927118785497339e+20,1.0575345008404795e+17,1.5357919101745596e+22,1.488095974814954e+22,1.168810211283654,0.28696841610781404
oc,100.0,1.1335790912490644,1.0999816804466099e-05,0.9999833458605545,1.1931148703332925e+20,1.056506078428738e+17,1.5357919101745596e+22,1.4871511503240883e+22,1.1688157223014923,0.28699449721514875
oc,100.0,1.1335790912490644,1.0999827386822005e-05,0.9999843078929096,1.1935117228378286e+20,1.0554811244080931e+17,1.5357919101745596e+22,1.486202586878375e+22,1.168820886783952,0.2870201809782231
oc,100.0,1.1335790912490644,1.0999837805133577e-05,0.9999852550121434,1.1939025278578659e+20,1.0544597300955485e+17,1.5357919101745596e+22,1.4852505544396598e+22,1.1688257126634807,0.28704547334402
oc,100.0,1.1335790912490644,1.0999848061943478e-05,0.9999861874494071,1.1942873758710314e+20,1.0534419873795242e+17,1.5357919101745596e+22,1.4842953217123488e+22,1.1688302078047812,0.2870703801738002
oc,100.0,1.1335790912490644,1.0999858159754965e-05,0.9999871054322695,1.1946663560546173e+20,1.052427988543262e+17,1.5357919101745596e+22,1.4833371559216546e+22,1.168834380002385,0.2870949072442035
oc,100.0,1.1335790912490644,1.0999868101032505e-05,0.9999880091847732,1.195039556302864e+20,1.0514178260922358e+17,1.5357919101745596e+22,1.4823763225979312e+22,1.1688382369783308,0.2871190602483938
oc,100.0,1.1335790912490644,1.0999877888202374e-05,0.9999888989274885,1.1954070632435655e+20,1.050411592589199e+17,1.5357919101745596e+22,1.4814130853702596e+22,1.168841786379931,0.2871428447971591
oc,100.0,1.1335790912490644,1.0999887523653253e-05,0.9999897748775685,1.1957689622548347e+20,1.04940938049465e+17,1.5357919101745596e+22,1.4804477057675685e+22,1.1688450357776365,0.28716626642002213
oc,100.0,1.1335790912490644,1.0999897009736801e-05,0.9999906372488001,1.1961253374812928e+20,1.0484112820147712e+17,1.5357919101745596e+22,1.4794804430291367e+22,1.168847992662995,0.28718933056631074
oc,100.0,1.1335790912490644,1.0999906348768236e-05,0.9999914862516579,1.1964762718505963e+20,1.047417388954276e+17,1.5357919101745596e+22,1.4785115539219916e+22,1.1688506644467105,0.2872120426062508
oc,100.0,1.1335790912490644,1.09999155430269e-05,0.9999923220933546,1.1968218470895231e+20,1.0464277925763502e+17,1.5357919101745596e+22,1.4775412925674656e+22,1.1688530584567975,0.2872344078320273
oc,100.0,1.1335790912490644,1.099992459475681e-05,0.9999931449778918,1.1971621437398236e+20,1.0454425834690176e+17,1.5357919101745596e+22,1.4765699102762072e+22,1.1688551819368354,0.2872564314588306
oc,100.0,1.1335790912490644,1.0999933506167206e-05,0.9999939551061097,1.1974972411741667e+20,1.0444618514170227e+17,1.5357919101745596e+22,1.4755976553908224e+22,1.1688570420443187,0.287278118625907
oc,100.0,1.1335790912490644,1.0999942279433094e-05,0.9999947526757358,1.1978272176116356e+20,1.0434856852806803e+17,1.5357919101745596e+22,1.4746247731374958e+22,1.1688586458491068,0.28729947439757897
oc,100.0,1.1335790912490644,1.0999950916695772e-05,0.9999955378814338,1.1981521501333596e+20,1.0425141728799368e+17,1.5357919101745596e+22,1.473651505484989e+22,1.1688600003319736,0.2873205037642743
oc,100.0,1.1335790912490644,1.0999959420063353e-05,0.9999963109148503,1.1984721146976118e+20,1.0415474008855482e+17,1.5357919101745596e+22,1.4726780910127332e+22,1.1688611123832477,0.2873412116435193
oc,100.0,1.1335790912490644,1.0999967791611283e-05,0.999997071964662,1.1987871861551328e+20,1.040585454715043e+17,1.5357919101745596e+22,1.47170476478586e+22,1.168861988801559,0.28736160288094587
oc,100.0,1.1335790912490644,1.0999976033382838e-05,0.9999978212166216,1.1990974382640002e+20,1.0396284184354341e+17,1.5357919101745596e+22,1.4707317582389832e+22,1.1688626362926713,0.28738168225126837
oc,100.0,1.1335790912490644,1.099998414738963e-05,0.9999985588536029,1.1994029437044403e+20,1.0386763746713811e+17,1.5357919101745596e+22,1.4697592990675109e+22,1.1688630614684163,0.28740145445925563
oc,100.0,1.1335790912490644,1.0999992135612104e-05,0.9999992850556458,1.1997037740936341e+20,1.037729404518508e+17,1.5357919101745596e+22,1.4687876111261122e+22,1.1688632708457205,0.28742092414070214
oc,100.0,1.1335790912490644,1.1e-05,1.0,1.2e+20,1.0367875874634082e+17,1.5357919101745596e+22,1.4678169143359062e+22,1.1688632708457205,0.2874400958633647
mpp,100.0,0.5238361503334479,0.0,0.0,9.585643272227266e+16,1.2e+20,1.5357919101745596e+22,1.3570734738625467e+22,1.2127541694143518,0.0
mpp,100.0,0.5238361503334479,7.86438789518451e-12,7.149443541076828e-07,9.597379634231042e+16,1.1997327661267375e+20,1.5357919101745596e+22,1.3584324488513624e+22,1.212754208003572,2.114260925542747e-05
mpp,100.0,0.5238361503334479,1.5852610367572685e-11,1.4411463970520622e-06,9.60922964006e+16,1.199461368074936e+20,1.5357919101745596e+22,1.3598020447577028e+22,1.2127540980939198,4.261421100892302e-05
mpp,100.0,0.5238361503334479,2.3966617162196613e-11,2.1787833783815103e-06,9.621193402580064e+16,1.1991857417256349e+20,1.5357919101745596e+22,1.3611821763874943e+22,1.212753834177612,6.441986152572806e-05
mpp,100.0,0.5238361503334479,3.2208388717036575e-11,2.9280353379124158e-06,9.63327100613927e+16,1.1989058219986874e+20,1.5357919101745596e+22,1.3625727527052498e+22,1.2127534106151152,8.656469278634022e-05
mpp,100.0,0.5238361503334479,4.0579936646634174e-11,3.689085149694016e-06,9.645462505980226e+16,1.1986215428392326e+20,1.5357919101745596e+22,1.3639736767242691e+22,1.2127528216333612,0.0001090539135585655
mpp,100.0,0.5238361503334479,4.9083304228147994e-11,4.462118566195272e-06,9.657767927657846e+16,1.1983328372041841e+20,1.5357919101745596e+22,1.365384845397604e+22,1.2127520613239833,0.00013189281046881756
mpp,100.0,0.5238361503334479,5.7720566905727906e-11,5.247324264157083e-06,9.670187266484856e+16,1.1980396370481986e+20,1.5357919101745596e+22,1.3668061495124312e+22,1.2127511236415764,0.00015508674911508347
mpp,100.0,0.5238361503334479,6.649383279366816e-11,6.044893890333469e-06,9.682720486978224e+16,1.1977418733097958e+20,1.5357919101745596e+22,1.368237473584724e+22,1.2127500024019815,0.00017864117516882462
mpp,100.0,0.5238361503334479,7.540524319055164e-11,6.855022108231967e-06,9.695367522324968e+16,1.1974394758972115e+20,1.5357919101745596e+22,1.3696786957564251e+22,1.2127486912805996,0.00020256161549838227
mpp,100.0,0.5238361503334479,8.44569730995004e-11,7.677906645409127e-06,9.708128273862666e+16,1.1971323736741678e+20,1.5357919101745596e+22,1.3711296876945535e+22,1.2127471838107347,0.00022685367930051696
mpp,100.0,0.5238361503334479,9.365123176369172e-11,8.513748342153793e-06,9.721002610588685e+16,1.1968204944452328e+20,1.5357919101745596e+22,1.3725903144940663e+22,1.21274547338197,0.0002515230592644053
mpp,100.0,0.5238361503334479,1.0299026319943172e-10,9.362751199948338e-06,9.733990368673102e+16,1.196503764941381e+20,1.5357919101745596e+22,1.3740604345813828e+22,1.2127435532385789,0.0002765755327203024
mpp,100.0,0.5238361503334479,1.1247634674693696e-10,1.0225122431539724e-05,9.747091351007614e+16,1.196182110805089e+20,1.5357919101745596e+22,1.375539899622699e+22,1.212741416477972,0.0003020169628266769
mpp,100.0,0.5238361503334479,1.2211179762539047e-10,1.1101072511399135e-05,9.760305326770736e+16,1.1958554565754095e+20,1.5357919101745596e+22,1.3770285544344385e+22,1.2127390560491857,0.00032785329975948277
mpp,100.0,0.5238361503334479,1.3189896749532525e-10,1.199081522684775e-05,9.773632031016912e+16,1.1955237256729351e+20,1.5357919101745596e+22,1.378526236897158e+22,1.2127364647514163,0.00035409058191147814
mpp,100.0,0.5238361503334479,1.418402450356626e-10,1.2894567730514783e-05,9.78707116429953e+16,1.1951868403844075e+20,1.5357919101745596e+22,1.3800327778738645e+22,1.2127336352325893,0.0003807349371209359
mpp,100.0,0.5238361503334479,1.519380565219719e-10,1.3812550592906536e-05,9.80062239231268e+16,1.1948447218474276e+20,1.5357919101745596e+22,1.3815480011310942e+22,1.2127305599879885,0.0004077925838934202
mpp,100.0,0.5238361503334479,1.6219486642243818e-10,1.474498785658529e-05,9.814285345575448e+16,1.1944972900347026e+20,1.5357919101745596e+22,1.3830717232656966e+22,1.212727231358929,0.00043526983266050783
mpp,100.0,0.5238361503334479,1.7261317799505126e-10,1.5692107090459206e-05,9.828059619136285e+16,1.1941444637384132e+20,1.5357919101745596e+22,1.3846037536345294e+22,1.2127236415314806,0.0004631730870309384
mpp,100.0,0.5238361503334479,1.8319553390006016e-10,1.6654139445460014e-05,9.841944772320694e+16,1.19378616055422e+20,1.5357919101745596e+22,1.3861438942899836e+22,1.2127197825352556,0.0004915088450714939
mpp,100.0,0.5238361503334479,1.939445168173126e-10,1.7631319710664783e-05,9.855940328509853e+16,1.1934222968652672e+20,1.5357919101745596e+22,1.3876919399199812e+22,1.2127156462422486,0.0005202837005894499
mpp,100.0,0.5238361503334479,2.0486275007947086e-10,1.8623886370860987e-05,9.870045774963736e+16,1.1930527878258262e+20,1.5357919101745596e+22,1.3892476777938343e+22,1.2127112243657372,0.000549504344445674
mpp,100.0,0.5238361503334479,2.159528983095016e-10,1.9632081664500145e-05,9.884260562678925e+16,1.1926775473449671e+20,1.5357919101745596e+22,1.3908108877132257e+22,1.2127065084592525,0.0005791775658669403
mpp,100.0,0.5238361503334479,2.2721766807037856e-10,2.065615164276169e-05,9.8985841062924e+16,1.1922964880699856e+20,1.5357919101745596e+22,1.3923813419694128e+22,1.212701489915611,0.0006093102537783328
mpp,100.0,0.5238361503334479,2.3865980852272316e-10,2.169634622933847e-05,9.913015784025237e+16,1.1919095213697486e+20,1.5357919101745596e+22,1.3939588053059963e+22,1.2126961599660204,0.0006399093981439165
mpp,100.0,0.5238361503334479,2.5028211210015303e-10,2.2752919281832096e-05,9.927554937684923e+16,1.1915165573176402e+20,1.5357919101745596e+22,1.3955430348897089e+22,1.2126905096792546,0.0006709820913413951
mpp,100.0,0.5238361503334479,2.6208741518463083e-10,2.382612865314826e-05,9.942200872703072e+16,1.1911175046747021e+20,1.5357919101745596e+22,1.3971337802863203e+22,1.2126845299609061,0.000702535529522987
mpp,100.0,0.5238361503334479,2.7407859880196337e-10,2.4916236254723945e-05,9.956952858234915e+16,1.1907122708723101e+20,1.5357919101745596e+22,1.3987307834449299e+22,1.212678211552717,0.0007345770140159799
mpp,100.0,0.5238361503334479,2.8625858932157523e-10,2.60235081201432e-05,9.971810127307558e+16,1.1903007619949098e+20,1.5357919101745596e+22,1.4003337786891526e+22,1.2126715450319911,0.0007671139527200753
mpp,100.0,0.5238361503334479,2.986303591691053e-10,2.7148214469918663e-05,9.986771877023648e+16,1.1898828827625269e+20,1.5357919101745596e+22,1.4019424927160017e+22,1.2126645208110882,0.0008001538615239311
mpp,100.0,0.5238361503334479,3.1119692755365857e-10,2.8290629777605325e-05,1.0001837268829669e+17,1.1894585365130129e+20,1.5357919101745596e+22,1.4035566446034821e+22,1.2126571291370063,0.0008337043657453176
mpp,100.0,0.5238361503334479,3.239613612005532e-10,2.9451032836413926e-05,1.0017005428837053e+17,1.189027625184344e+20,1.5357919101745596e+22,1.4051759458258594e+22,1.2126493600910553,0.0008677732015699506
mpp,100.0,0.5238361503334479,3.3692677510299696e-10,3.062970682754518e-05,1.0032275448216037e+17,1.188590049296526e+20,1.5357919101745596e+22,1.4068001002786e+22,1.2126412035886176,0.000902368217524376
mpp,100.0,0.5238361503334479,3.5009633327559573e-10,3.182693938869052e-05,1.0047646383642688e+17,1.1881457079336947e+20,1.5357919101745596e+22,1.4084288043111525e+22,1.2126326493790105,0.0009374973759367612
mpp,100.0,0.5238361503334479,3.634732495304549e-10,3.304302268458681e-05,1.0063117257826504e+17,1.1876944987256804e+20,1.5357919101745596e+22,1.4100617467703289e+22,1.2126236870454383,0.0009731687544404814
mpp,100.0,0.5238361503334479,3.770607882569443e-10,3.427825347790403e-05,1.0078687060099235e+17,1.1872363178297274e+20,1.5357919101745596e+22,1.4116986090524928e+22,1.2126143060050534,0.0010093905474694454
mpp,100.0,0.5238361503334479,3.908622652197824e-10,3.55329332017984e-05,1.0094354747081862e+17,1.1867710599118732e+20,1.5357919101745596e+22,1.4133390651662973e+22,1.2126044955091098,0.0010461710677837118
mpp,100.0,0.5238361503334479,4.048810483650578e-10,3.680736803318707e-05,1.0110119243422934e+17,1.1862986181283539e+20,1.5357919101745596e+22,1.4149827818054316e+22,1.2125942446432298,0.001083518747997134
mpp,100.0,0.5238361503334479,4.191205586421276e-10,3.8101868967466146e-05,1.0125979442616898e+17,1.1858188841067676e+20,1.5357919101745596e+22,1.416629418432102e+22,1.2125835423277758,0.0011214421421276168
mpp,100.0,0.5238361503334479,4.335842708358961e-10,3.9416751894172375e-05,1.0141934207899245e+17,1.1853317479271573e+20,1.5357919101745596e+22,1.4182786273713339e+22,1.2125723773183283,0.0011599499271547342
mpp,100.0,0.5238361503334479,4.482757144155802e-10,4.075233767414366e-05,1.0157982373227611e+17,1.1848370981028679e+20,1.5357919101745596e+22,1.4199300539166816e+22,1.2125607382062793,0.0011990509046003474
mpp,100.0,0.5238361503334479,4.631984743932449e-10,4.210895221756772e-05,1.0174122744343382e+17,1.1843348215614027e+20,1.5357919101745596e+22,1.4215833364471667e+22,1.2125486134195391,0.0012387540021137043
mpp,100.0,0.5238361503334479,4.783561921957724e-10,4.348692656325204e-05,1.0190354099917837e+17,1.1838248036251784e+20,1.5357919101745596e+22,1.4232381065557185e+22,1.2125359912233584,0.0012790682750701166
mpp,100.0,0.5238361503334479,4.937525665545395e-10,4.488659695950359e-05,1.0206675192793027e+17,1.183306927991993e+20,1.5357919101745596e+22,1.4248939891903802e+22,1.2125228597212663,0.001320002908193914
mpp,100.0,0.5238361503334479,5.093913544079176e-10,4.630830494617433e-05,1.0223084751310789e+17,1.182781076715412e+20,1.5357919101745596e+22,1.4265506028072877e+22,1.2125092068561285,0.0013615672171919616
mpp,100.0,0.5238361503334479,5.252763718117115e-10,4.775239743742832e-05,1.023958148072742e+17,1.1822471301852704e+20,1.5357919101745596e+22,1.4282075595356613e+22,1.2124950204113292,0.001403770650384064
mpp,100.0,0.5238361503334479,5.414114948721904e-10,4.9219226806562766e-05,1.0256164064731872e+17,1.1817049671078163e+20,1.5357919101745596e+22,1.4298644653563309e+22,1.2124802880120713,0.0014466227903684689
mpp,100.0,0.5238361503334479,5.578006606901109e-10,5.0709150971828265e-05,1.0272831167055494e+17,1.1811544644858474e+20,1.5357919101745596e+22,1.4315209202926898e+22,1.2124649971268007,0.001490133355690866
mpp,100.0,0.5238361503334479,5.744478683175624e-10,5.222253348341477e-05,1.0289581433178142e+17,1.1805954975987948e+20,1.5357919101745596e+22,1.4331765186145943e+22,1.2124491350687578,0.001534312202520984
mpp,100.0,0.5238361503334479,5.91357179736185e-10,5.375974361238045e-05,1.03064134921403e+17,1.1800279399825318e+20,1.5357919101745596e+22,1.434830849056104e+22,1.2124326889976498,0.0015791693263586739
mpp,100.0,0.5238361503334479,6.085327208414926e-10,5.532115644013569e-05,1.0323325958445622e+17,1.1794516634094343e+20,1.5357919101745596e+22,1.436483495045665e+22,1.2124156459214523,0.0016247148637281313
mpp,100.0,0.5238361503334479,6.259786824534542e-10,5.690715295031401e-05,1.0340317434078117e+17,1.178866537867966e+20,1.5357919101745596e+22,1.438134034950994e+22,1.2123979926983368,0.0016709590939128817
mpp,100.0,0.5238361503334479,6.436993213319586e-10,5.851812012108715e-05,1.0357386510610562e+17,1.1782724315425351e+20,1.5357919101745596e+22,1.4397820423362415e+22,1.2123797160387235,0.0017179124406739633
mpp,100.0,0.5238361503334479,6.61698961216095e-10,6.0154451019645006e-05,1.037453177142602e+17,1.1776692107930542e+20,1.5357919101745596e+22,1.4414270862338116e+22,1.2123608025074637,0.001765585474000607
mpp,100.0,0.5238361503334479,6.799819938774765e-10,6.181654489795241e-05,1.0391751794042331e+17,1.177056740134553e+20,1.5357919101745596e+22,1.4430687314296613e+22,1.2123412385261427,0.0018139889118665808
mpp,100.0,0.5238361503334479,6.985528801894402e-10,6.350480728994912e-05,1.0409045152542493e+17,1.1764348822166903e+20,1.5357919101745596e+22,1.4447065387622205e+22,1.2123210103755147,0.0018631336219961043
mpp,100.0,0.5238361503334479,7.174161512115141e-10,6.521965011013764e-05,1.0426410420110056e+17,1.1758034978032797e+20,1.5357919101745596e+22,1.4463400654348845e+22,1.2123001041980628,0.0019130306236367532
mpp,100.0,0.5238361503334479,7.365764092976956e-10,6.696149175433597e-05,1.0443846171678778e+17,1.1751624457516025e+20,1.5357919101745596e+22,1.4479688653429799e+22,1.2122785060006736,0.0019636910893609566
mpp,100.0,0.5238361503334479,7.560383292083972e-10,6.873075720076338e-05,1.0461350986676438e+17,1.1745115829921436e+20,1.5357919101745596e+22,1.449592489413058e+22,1.2122562016574536,0.0020151263468417575
mpp,100.0,0.5238361503334479,7.758066592602475e-10,7.052787811456795e-05,1.0478923451895326e+17,1.1738507645075558e+20,1.5357919101745596e+22,1.4512104859574146e+22,1.2122331769126415,0.0020673478806921917
mpp,100.0,0.5238361503334479,7.958862224722307e-10,7.235329295202098e-05,1.0496562164449904e+17,1.1731798433123924e+20,1.5357919101745596e+22,1.4528224010402353e+22,1.2122094173836642,0.0021203673342574275
mpp,100.0,0.5238361503334479,8.162819177441882e-10,7.420744706765348e-05,1.0514265734854586e+17,1.1724986704324092e+20,1.5357919101745596e+22,1.454427778858244e+22,1.212184908564295,0.002174196511453766
mpp,100.0,0.5238361503334479,8.369987210505857e-10,7.609079282278053e-05,1.0532032790204728e+17,1.1718070948838788e+20,1.5357919101745596e+22,1.4560261621338757e+22,1.2121596358279298,0.0022288473786081487
mpp,100.0,0.5238361503334479,8.580416866495465e-10,7.800378969541333e-05,1.0549861977460002e+17,1.171104963653074e+20,1.5357919101745596e+22,1.4576170925211135e+22,1.212133584430977,0.0022843320662970065
mpp,100.0,0.5238361503334479,8.794159483138664e-10,7.994690439216967e-05,1.0567751966834254e+17,1.17039212167576e+20,1.5357919101745596e+22,1.4592001110238894e+22,1.2121067395163558,0.0023406628712009684
mpp,100.0,0.5238361503334479,9.011267205821794e-10,8.19206109620163e-05,1.0585701455288906e+17,1.1696684118166041e+20,1.5357919101745596e+22,1.460774758426823e+22,1.2120790861170951,0.002397852257969308
mpp,100.0,0.5238361503334479,9.231793000253896e-10,8.392539091139906e-05,1.0603709170124242e+17,1.1689336748487837e+20,1.5357919101745596e+22,1.4623405757371936e+22,1.2120506091600423,0.0024559128610799953
mpp,100.0,0.5238361503334479,9.455790665399698e-10,8.596173332181545e-05,1.0621773872673858e+17,1.1681877494335357e+20,1.5357919101745596e+22,1.4638971046388115e+22,1.2120212934696544,0.0025148574867245753
mpp,100.0,0.5238361503334479,9.683314846528623e-10,8.803013496844203e-05,1.0639894362091094e+17,1.1674304720999673e+20,1.5357919101745596e+22,1.4654438879562987e+22,1.2119911237719005,0.002574699114676323
mpp,100.0,0.5238361503334479,9.914421048550782e-10,9.013110044137074e-05,1.0658069479234859e+17,1.1666616772246823e+20,1.5357919101745596e+22,1.4669804701299467e+22,1.2119600846982328,0.0026354509001852737
mpp,100.0,0.5238361503334479,1.014916564950563e-09,9.226514226823301e-05,1.0676298110642627e+17,1.1658811970118251e+20,1.5357919101745596e+22,1.4685063977003978e+22,1.211928160789651,0.0026971261758633545
mpp,100.0,0.5238361503334479,1.0387605914276564e-09,9.443278103887787e-05,1.0694579192592837e+17,1.1650888614730621e+20,1.5357919101745596e+22,1.4700212198021936e+22,1.2118953365008407,0.002759738453577403
mpp,100.0,0.5238361503334479,1.0629800008555845e-09,9.663454553232587e-05,1.0712911715254712e+17,1.164284498407616e+20,1.5357919101745596e+22,1.4715244886663006e+22,1.2118615962043746,0.0028233014263549755
mpp,100.0,0.5238361503334479,1.0875807012974414e-09,9.887097284522195e-05,1.07312947269158e+17,1.163467933382743e+20,1.5357919101745596e+22,1.473015760130259e+22,1.2118269241949868,0.002887828970278929
mpp,100.0,0.5238361503334479,1.1125686937469846e-09,0.00010114260852245316,1.0749727338286026e+17,1.1626389897141464e+20,1.5357919101745596e+22,1.4744945941551474e+22,1.211791304693899,0.0029533351463884258
mpp,100.0,0.5238361503334479,1.1379500735910763e-09,0.00010345000669009785,1.0768208726878266e+17,1.1617974884466028e+20,1.5357919101745596e+22,1.4759605553493262e+22,1.211754721853193,0.0030198342025895175
mpp,100.0,0.5238361503334479,1.1637310320904425e-09,0.00010579373019004024,1.0786738141452245e+17,1.1609432483349524e+20,1.5357919101745596e+22,1.4774132134973041e+22,1.21171715976023,0.0030873405755543954
mpp,100.0,0.5238361503334479,1.1899178578885228e-09,0.00010817435071713843,1.0805314906525382e+17,1.1600760858250163e+20,1.5357919101745596e+22,1.4788521440932713e+22,1.211678602442097,0.0031558688926331836
mpp,100.0,0.5238361503334479,1.2165169385374153e-09,0.00011059244895794684,1.0823938426935864e+17,1.1591958150351746e+20,1.5357919101745596e+22,1.480276928878098e+22,1.211639033870085,0.0032254339737477233
mpp,100.0,0.5238361503334479,1.243534762056797e-09,0.0001130486147324361,1.0842608192464485e+17,1.158302247737739e+20,1.5357919101745596e+22,1.4816871563793585e+22,1.2115984379641762,0.0032960508333070506
mpp,100.0,0.5238361503334479,1.2709779185062774e-09,0.00011554344713693432,1.0861323782493531e+17,1.1573951933410435e+20,1.5357919101745596e+22,1.4830824224522284e+22,1.2115567985975455,0.0033677346820915905
mpp,100.0,0.5238361503334479,1.2988531015943882e-09,0.00011807755469039893,1.0880084870715214e+17,1.1564744588715116e+20,1.5357919101745596e+22,1.4844623308219092e+22,1.2115140996010494,0.0034405009291648167
mpp,100.0,0.5238361503334479,1.327167110300398e-09,0.00012065155548185436,1.0898891229863042e+17,1.155539848956286e+20,1.5357919101745596e+22,1.4858264936243872e+22,1.2114703247677168,0.0035143651837481423
mpp,100.0,0.5238361503334479,1.3559268505321519e-09,0.00012326607732110473,1.0917742736477435e+17,1.1545911658061018e+20,1.5357919101745596e+22,1.4871745319463887e+22,1.211425457857203,0.003589343257117655
mpp,100.0,0.5238361503334479,1.3851393368040642e-09,0.00012592175789127857,1.0936639375686072e+17,1.1536282091984919e+20,1.5357919101745596e+22,1.4885060763617807e+22,1.2113794826002187,0.0036654511644791253
mpp,100.0,0.5238361503334479,1.4148116939419752e-09,0.00012861924490381593,1.0955581245996128e+17,1.1526507764615676e+20,1.5357919101745596e+22,1.489820767464033e+22,1.2113323827029152,0.0037427051268367167
mpp,100.0,0.5238361503334479,1.4449511588185415e-09,0.00013135919625623105,1.0974568564093973e+17,1.1516586624579984e+20,1.5357919101745596e+22,1.4911182563934202e+22,1.2112841418512101,0.003821121572862712
mpp,100.0,0.5238361503334479,1.475565082107555e-09,0.0001341422801915959,1.0993601669635027e+17,1.1506516595697361e+20,1.5357919101745596e+22,1.4923982053570305e+22,1.2112347437150575,0.0039007171407358316
mpp,100.0,0.5238361503334479,1.5066609300761201e-09,0.00013696917546146548,1.1012681030028546e+17,1.149629557682961e+20,1.5357919101745596e+22,1.4936602881413e+22,1.211184171952629,0.003981508679995085
mpp,100.0,0.5238361503334479,1.5382462863975932e-09,0.0001398405714906903,1.1031807245197662e+17,1.1485921441736383e+20,1.5357919101745596e+22,1.4949041906146752e+22,1.2111324102144132,0.004063513253362295
mpp,100.0,0.5238361503334479,1.5703288539944404e-09,0.00014275716854494913,1.1050981052312802e+17,1.1475392038937746e+20,1.5357919101745596e+22,1.4961296112198602e+22,1.211079442147218,0.004146748138554714
mpp,100.0,0.5238361503334479,1.602916456910408e-09,0.0001457196779009462,1.1070203330486834e+17,1.146470519158001e+20,1.5357919101745596e+22,1.4973362614535199e+22,1.2110252513980548,0.004231230830083647
mpp,100.0,0.5238361503334479,1.636017042215665e-09,0.0001487288220196059,1.1089475105428437e+17,1.1453858697309151e+20,1.5357919101745596e+22,1.4985238663330892e+22,1.2109698216178972,0.004316979041046003
mpp,100.0,0.5238361503334479,1.6696386819333165e-09,0.00015178533472121059,1.1108797554034915e+17,1.1442850328150668e+20,1.5357919101745596e+22,1.4996921648477586e+22,1.210913136465316,0.004404010704876117
mpp,100.0,0.5238361503334479,1.703789575003778e-09,0.0001548899613639798,1.1128172008926688e+17,1.143167783039666e+20,1.5357919101745596e+22,1.5008409103938714e+22,1.2108551796099563,0.004492343977097849
mpp,100.0,0.5238361503334479,1.738478049276626e-09,0.00015804345902514783,1.1147599962908464e+17,1.1420338924498266e+20,1.5357919101745596e+22,1.5019698711921311e+22,1.2107959347358581,0.004581997237047365
mpp,100.0,0.5238361503334479,1.7737125635354234e-09,0.0001612465966850385,1.1167083073349395e+17,1.1408831304967968e+20,1.5357919101745596e+22,1.5030788306858135e+22,1.210735385544606,0.00467298908957794
mpp,100.0,0.5238361503334479,1.8095017095494103e-09,0.00016450015541358276,1.1186623166470978e+17,1.1397152640288707e+20,1.5357919101745596e+22,1.5041675879179568e+22,1.210673515758302,0.00476533836672818
mpp,100.0,0.5238361503334479,1.845854214164888e-09,0.00016780492856044438,1.1206222241542934e+17,1.138530057283146e+20,1.5357919101745596e+22,1.505235957887561e+22,1.210610309122335,0.004859064129383782
mpp,100.0,0.5238361503334479,1.8827789414216367e-09,0.00017116172194742152,1.1225882474964774e+17,1.1373272718781943e+20,1.5357919101745596e+22,1.5062837718813898e+22,1.210545749407958,0.004954185668891983
mpp,100.0,0.5238361503334479,1.9202848947090234e-09,0.00017457135406445667,1.1245606224237442e+17,1.1361066668076122e+20,1.5357919101745596e+22,1.5073108777818586e+22,1.2104798204146368,0.005050722508663395
mpp,100.0,0.5238361503334479,1.958381218950811e-09,0.00017803465626825554,1.1265396031808274e+17,1.1348679984346053e+20,1.5357919101745596e+22,1.5083171403488041e+22,1.210412505972185,0.005148694405729702
mpp,100.0,0.5238361503334479,1.9970772028266025e-09,0.0001815524729842366,1.128525462878541e+17,1.1336110204875255e+20,1.5357919101745596e+22,1.5093024414740257e+22,1.2103437899426577,0.005248121352274422
mpp,100.0,0.5238361503334479,2.0363822810287035e-09,0.00018512566191170032,1.1305184938513227e+17,1.1323354840565345e+20,1.5357919101745596e+22,1.510266680407618e+22,1.2102736562219987,0.005349023577130245
mpp,100.0,0.5238361503334479,2.0763060365507346e-09,0.00018875509423188497,1.1325190079998803e+17,1.1310411375913275e+20,1.5357919101745596e+22,1.5112097739545455e+22,1.2102020887414413,0.005451421547230098
mpp,100.0,0.5238361503334479,2.1168582030189895e-09,0.00019244165481990816,1.1345273371188856e+17,1.1297277269000279e+20,1.5357919101745596e+22,1.5121316566410493e+22,1.2101290714686355,0.005555335969036684
mpp,100.0,0.5238361503334479,2.158048667047607e-09,0.0001961862424588734,1.136543833207927e+17,1.128394995149485e+20,1.5357919101745596e+22,1.5130322808488969e+22,1.210054588408527,0.005660787789898364
mpp,100.0,0.5238361503334479,2.199887470647477e-09,0.00019998977005886154,1.1385688687666218e+17,1.1270426828664562e+20,1.5357919101745596e+22,1.513911616917516e+22,1.20997862360393,0.005767798199404385
mpp,100.0,0.5238361503334479,2.242384813658349e-09,0.00020385316487803173,1.1406028370718846e+17,1.125670527940562e+20,1.5357919101745596e+22,1.5147696532126477e+22,1.2099011611358448,0.005876388630657498
mpp,100.0,0.5238361503334479,2.285551056227353e-09,0.00020777736874794117,1.1426461524377408e+17,1.124278265628262e+20,1.5357919101745596e+22,1.515606396160414e+22,1.2098221851234718,0.005986580761519563
mpp,100.0,0.5238361503334479,2.3293967213192655e-09,0.00021176333830175142,1.1446992504567978e+17,1.1228656285586783e+20,1.5357919101745596e+22,1.5164218702471207e+22,1.2097416797239473,0.006098396515788712
mpp,100.0,0.5238361503334479,2.3739324972774643e-09,0.00021581204520704222,1.1467625882234635e+17,1.121432346740428e+20,1.5357919101745596e+22,1.5172161179830784e+22,1.209659629131763,0.006211858064352399
mpp,100.0,0.5238361503334479,2.419169240409913e-09,0.00021992447640090118,1.1488366445377246e+17,1.1199781475705386e+20,1.5357919101745596e+22,1.5179891998305433e+22,1.2095760175779169,0.006326987826246808
mpp,100.0,0.5238361503334479,2.4651179776252194e-09,0.00022410163432956542,1.150921920090304e+17,1.1185027558448007e+20,1.5357919101745596e+22,1.5187411940956212e+22,1.2094908293287492,0.006443808469682288
mpp,100.0,0.5238361503334479,2.5117899091126605e-09,0.00022834453719206005,1.1530189376283646e+17,1.1170058937696168e+20,1.5357919101745596e+22,1.5194721967831995e+22,1.2094040486844733,0.006562342913014879
mpp,100.0,0.5238361503334479,2.5591964110509015e-09,0.00023265421918644558,1.1551282421016182e+17,1.1154872809760999e+20,1.5357919101745596e+22,1.5201823214153157e+22,1.2093156599774357,0.006682614325620789
mpp,100.0,0.5238361503334479,2.607349038376561e-09,0.00023703173076150552,1.1572504007895197e+17,1.1139466345355369e+20,1.5357919101745596e+22,1.5208716988128604e+22,1.2092256475700514,0.0068046461287484695
mpp,100.0,0.5238361503334479,2.656259527577809e-09,0.0002414781388707099,1.1593860034084325e+17,1.1123836689772829e+20,1.5357919101745596e+22,1.5215404768402898e+22,1.2091339958524796,0.006928461996255324
mpp,100.0,0.5238361503334479,2.7059397995459752e-09,0.0002459945272314523,1.1615356622004379e+17,1.1107980963082099e+20,1.5357919101745596e+22,1.5221888201142609e+22,1.209040689239992,0.007054085855308087
mpp,100.0,0.5238361503334479,2.756401962466237e-09,0.00025058199658783975,1.1637000120027987e+17,1.1091896260344703e+20,1.5357919101745596e+22,1.5228169096759679e+22,1.2089457121700702,0.007181541886994003
mpp,100.0,0.5238361503334479,2.8076583147473855e-09,0.00025524166497703504,1.1658797102989062e+17,1.1075579651856112e+20,1.5357919101745596e+22,1.523424942628142e+22,1.2088490490992467,0.007310854526838098
mpp,100.0,0.5238361503334479,2.8597213480120453e-09,0.00025997466800109503,1.1680754372516357e+17,1.1059028183404272e+20,1.5357919101745596e+22,1.524013131736948e+22,1.2087506844996576,0.007442048465275481
mpp,100.0,0.5238361503334479,2.9126037501180366e-09,0.0002647821591016397,1.1702878957187195e+17,1.1042238876556727e+20,1.5357919101745596e+22,1.5245817049998506e+22,1.2086506028553734,0.007575148647999602
mpp,100.0,0.5238361503334479,2.9663184082353023e-09,0.00026966530983957293,1.1725178112515438e+17,1.102520872896955e+20,1.5357919101745596e+22,1.52513090518029e+22,1.2085487886584816,0.007710180276242976
mpp,100.0,0.5238361503334479,3.020878411969852e-09,0.00027462531017907743,1.1747659320778717e+17,1.1007934714721704e+20,1.5357919101745596e+22,1.5256609893101102e+22,1.208445226404941,0.007847168806963465
mpp,100.0,0.5238361503334479,3.0762970565353374e-09,0.0002796633687759398,1.1770330290694949e+17,1.0990413784675518e+20,1.5357919101745596e+22,1.526172228161178e+22,1.2083399005902413,0.007986139952932302
mpp,100.0,0.5238361503334479,3.1325878459722566e-09,0.00028478071327020515,1.1793198956953328e+17,1.097264286686502e+20,1.5357919101745596e+22,1.5266649056871572e+22,1.2082327957048629,0.008127119682718384
mpp,100.0,0.5238361503334479,3.189764496423941e-09,0.00028997859058399467,1.181627347961855e+17,1.0954618866910218e+20,1.5357919101745596e+22,1.5271393184372578e+22,1.2081238962295615,0.008270134220586173
mpp,100.0,0.5238361503334479,3.247840939454072e-09,0.00029525826722309745,1.183956224341018e+17,1.0936338668463455e+20,1.5357919101745596e+22,1.5275957749433202e+22,1.2080131866305162,0.008415210046263293
mpp,100.0,0.5238361503334479,3.306831325422199e-09,0.0003006210295838363,1.1863073856878434e+17,1.0917799133683792e+20,1.5357919101745596e+22,1.5280345950820172e+22,1.2079006513543307,0.008562373894613264
mpp,100.0,0.5238361503334479,3.366750026913612e-09,0.0003060681842648738,1.1886817151485837e+17,1.0898997103741814e+20,1.5357919101745596e+22,1.5284561094140362e+22,1.2077862748229262,0.008711652755198274
mpp,100.0,0.5238361503334479,3.427611642213779e-09,0.00031160105838307084,1.1910801180606835e+17,1.0879929399359413e+20,1.5357919101745596e+22,1.528860658501893e+22,1.2076700414283632,0.008863073871701578
mpp,100.0,0.5238361503334479,3.489430998849352e-09,0.00031722099989539565,1.1935035218468045e+17,1.0860592821378926e+20,1.5357919101745596e+22,1.5292485922089293e+22,1.2075519355275803,0.009016664741258205
mpp,100.0,0.5238361503334479,3.552223157170686e-09,0.00032292937792460785,1.1959528759037029e+17,1.0840984151370893e+20,1.5357919101745596e+22,1.5296202689812284e+22,1.2074319414371233,0.009172453113625386
mpp,100.0,0.5238361503334479,3.6160034140021447e-09,0.00032872758309110406,1.1984291514883294e+17,1.0821100152273504e+20,1.5357919101745596e+22,1.5299760551146799e+22,1.2073100434278468,0.009330466990251652
mpp,100.0,0.5238361503334479,3.680787306341249e-09,0.00033461702784920444,1.2009333416025032e+17,1.0800937569071192e+20,1.5357919101745596e+22,1.5303163240097465e+22,1.2071862257196464,0.009490734623191091
mpp,100.0,0.5238361503334479,3.746590615119505e-09,0.0003405991468290459,1.2034664608781994e+17,1.0780493129509721e+20,1.5357919101745596e+22,1.5306414554160537e+22,1.2070604724762373,0.009653284513888053
mpp,100.0,0.5238361503334479,3.813429369018795e-09,0.0003466753971835268,1.2060295454653346e+17,1.0759763544851212e+20,1.5357919101745596e+22,1.5309518346693542e+22,1.2069327678000152,0.009818145411810445
mpp,100.0,0.5238361503334479,3.881319848351272e-09,0.00035284725894102476,1.208623652924034e+17,1.0738745510668083e+20,1.5357919101745596e+22,1.5312478519232964e+22,1.2068030957270186,0.009985346312944508
mpp,100.0,0.5238361503334479,3.950278588993605e-09,0.00035911623536305504,1.211249862123178e+17,1.071743570768032e+20,1.5357919101745596e+22,1.5315299013784989e+22,1.206671440222042,0.01015491645812152
mpp,100.0,0.5238361503334479,4.020322386390218e-09,0.00036548385330820166,1.2139092731478101e+17,1.0695830802633023e+20,1.5357919101745596e+22,1.531798380511555e+22,1.2065377851739063,0.010326885331205588
mpp,100.0,0.5238361503334479,4.091468299609047e-09,0.00037195166360082244,1.2166030072166778e+17,1.0673927449220941e+20,1.5357919101745596e+22,1.5320536893062059e+22,1.2064021143909478,0.010501282657094818
mpp,100.0,0.5238361503334479,4.1637336554724015e-09,0.00037852124140658194,1.2193322066131078e+17,1.0651722289054571e+20,1.5357919101745596e+22,1.532296229489807e+22,1.206264411596721,0.010678138399584201
mpp,100.0,0.5238361503334479,4.2371360527360675e-09,0.0003851941866123698,1.222098034629925e+17,1.0629211952677734e+20,1.5357919101745596e+22,1.532526403776784e+22,1.2061246604259925,0.01085748275901696
mpp,100.0,0.5238361503334479,4.311693366352676e-09,0.0003919721242138796,1.2249016755323082e+17,1.0606393060627127e+20,1.5357919101745596e+22,1.5327446151223816e+22,1.205982844421,0.011039346169805234
mpp,100.0,0.5238361503334479,4.387423751783914e-09,0.0003988567047076286,1.227744334539011e+17,1.0583262224546438e+20,1.5357919101745596e+22,1.5329512659886537e+22,1.2058389470280637,0.011223759297725868
mpp,100.0,0.5238361503334479,4.464345649389079e-09,0.00040584960448991625,1.2306272378252166e+17,1.0559816048348194e+20,1.5357919101745596e+22,1.5331467576250783e+22,1.2056929515945456,0.011410753037050934
mpp,100.0,0.5238361503334479,4.5424777888789516e-09,0.00041295252626172285,1.233551632548742e+17,1.053605112942839e+20,1.5357919101745596e+22,1.5333314893666004e+22,1.205544841366194,0.0116003585074784
mpp,100.0,0.5238361503334479,4.621839193842958e-09,0.0004201671994402689,1.2365187869017733e+17,1.051196405993321e+20,1.5357919101745596e+22,1.5335058579505187e+22,1.2053945994849,0.011792607050874409
mpp,100.0,0.5238361503334479,4.702449186337998e-09,0.00042749538057618164,1.2395299901899797e+17,1.0487551428083006e+20,1.5357919101745596e+22,1.5336702568553698e+22,1.2052422089869146,0.011987530227791211
mpp,100.0,0.5238361503334479,4.784327391556042e-09,0.00043493885377782204,1.2425865529413648e+17,1.0462809819550107e+20,1.5357919101745596e+22,1.533825075662905e+22,1.2050876528015182,0.012185159813794146
mpp,100.0,0.5238361503334479,4.8674937425619564e-09,0.0004424994311419961,1.2456898070464438e+17,1.0437735818894703e+20,1.5357919101745596e+22,1.5339706994455636e+22,1.2049309137501951,0.01238552779556896
mpp,100.0,0.5238361503334479,4.951968485102764e-09,0.0004501789531911604,1.2488411059320432e+17,1.041232601106022e+20,1.5357919101745596e+22,1.5341075081813186e+22,1.2047719745463306,0.012588666366804207
mpp,100.0,0.5238361503334479,5.03777218249446e-09,0.0004579792893176782,1.2520418247703638e+17,1.0386576982928123e+20,1.5357919101745596e+22,1.534235876197364e+22,1.204610817795447,0.012794607923855304
mpp,100.0,0.5238361503334479,5.124925720582707e-09,0.00046590233823479155,1.2552933607247957e+17,1.0360485324934868e+20,1.5357919101745596e+22,1.5343561716438315e+22,1.204447425996006,0.013003385061173035
mpp,100.0,0.5238361503334479,5.213450312782919e-09,0.0004739500284348108,1.258597133234973e+17,1.0334047632750985e+20,1.5357919101745596e+22,1.5344687559997265e+22,1.2042817815407934,0.01321503056650138
mpp,100.0,0.5238361503334479,5.30336750519117e-09,0.0004821243186537427,1.2619545843415192e+17,1.0307260509026723e+20,1.5357919101745596e+22,1.534573983611314e+22,1.2041138667189195,0.013429577415815743
mpp,100.0,0.5238361503334479,5.394699181784867e-09,0.0004904271983440789,1.2653671790533022e+17,1.0280120565200382e+20,1.5357919101745596e+22,1.534672201264668e+22,1.203943663718416,0.01364705876803839
mpp,100.0,0.5238361503334479,5.487467569696092e-09,0.0004988606881541902,1.2688364057574626e+17,1.0252624423376314e+20,1.5357919101745596e+22,1.5347637477928696e+22,1.2037711546294825,0.013867507959481601
mpp,100.0,0.5238361503334479,5.581695244568585e-09,0.0005074268404153259,1.2723637766743269e+17,1.0224768718270251e+20,1.5357919101745596e+22,1.5348489537186546e+22,1.2035963214483716,0.014090958498036267
mpp,100.0,0.5238361503334479,5.6774051360002356e-09,0.000516127739636385,1.2759508283581163e+17,1.0196550099223585e+20,1.5357919101745596e+22,1.5349281409328887e+22,1.2034191460819244,0.014317444057101515
mpp,100.0,0.5238361503334479,5.7746205330643226e-09,0.0005249655030058475,1.279599122244479e+17,1.0167965232290783e+20,1.5357919101745596e+22,1.5350016224092366e+22,1.2032396103527787,0.014546998469230773
mpp,100.0,0.5238361503334479,5.873365089922977e-09,0.0005339422809020888,1.283310245246285e+17,1.013901080239689e+20,1.5357919101745596e+22,1.5350697019553492e+22,1.2030576960052326,0.014779655719517396
mpp,100.0,0.5238361503334479,5.973662831521231e-09,0.000543060257411021,1.2870858103979573e+17,1.0109683515569571e+20,1.5357919101745596e+22,1.5351326739997177e+22,1.2028733847117892,0.015015449938683588
mpp,100.0,0.5238361503334479,6.075538159372062e-09,0.0005523216508520057,1.2909274575499781e+17,1.0079980101246085e+20,1.5357919101745596e+22,1.5351908234153758e+22,1.2026866580803723,0.01525441539588841
mpp,100.0,0.5238361503334479,6.179015857431192e-09,0.0005617287143119265,1.2948368541135064e+17,1.0049897314655396e+20,1.5357919101745596e+22,1.5352444253783957e+22,1.2024974976622125,0.015496586491243188
mpp,100.0,0.5238361503334479,6.284121098061035e-09,0.0005712837361873668,1.2988156958562765e+17,1.001943193927703e+20,1.5357919101745596e+22,1.5352937452618713e+22,1.2023058849604065,0.015741997748024057
mpp,100.0,0.5238361503334479,6.390879448088693e-09,0.0005809890407353357,1.3028657077500878e+17,9.988580789378947e+19,1.5357919101745596e+22,1.5353390385639499e+22,1.2021118014391399,0.01599068380458432
mpp,100.0,0.5238361503334479,6.49931687495614e-09,0.0005908469886323764,1.3069886448704163e+17,9.957340712632579e+19,1.5357919101745596e+22,1.5353805508693713e+22,1.2019152285335717,0.01624267940595356
mpp,100.0,0.5238361503334479,6.609459752962621e-09,0.0006008599775420564,1.311186293348271e+17,9.925708592810505e+19,1.5357919101745596e+22,1.5354185178431793e+22,1.2017161476603755,0.01649801939511478
mpp,100.0,0.5238361503334479,6.721334869610851e-09,0.0006110304426918955,1.3154604713750733e+17,9.89368135256103e+19,1.5357919101745596e+22,1.5354531652556412e+22,1.201514540228907,0.01675673870397781
mpp,100.0,0.5238361503334479,6.83496943204237e-09,0.0006213608574583973,1.3198130302602538e+17,9.861255956267976e+19,1.5357919101745596e+22,1.5354847090371014e+22,1.201310387653019,0.017018872344006217
mpp,100.0,0.5238361503334479,6.950391073580364e-09,0.0006318537339618513,1.324245855542068e+17,9.828429412989205e+19,1.5357919101745596e+22,1.5355133553609015e+22,1.2011036713634797,0.01728445539653163
mpp,100.0,0.5238361503334479,7.067627860364078e-09,0.0006425116236694617,1.3287608681515731e+17,9.795198779481643e+19,1.5357919101745596e+22,1.53553930075387e+22,1.2008943728210075,0.017553523002710097
mpp,100.0,0.5238361503334479,7.186708298094979e-09,0.0006533371180086345,1.33336002562982e+17,9.761561163305551e+19,1.5357919101745596e+22,1.5355627322311268e+22,1.2006824735298762,0.017826110353158526
mpp,100.0,0.5238361503334479,7.30766133887939e-09,0.0006643328489890354,1.33804532339835e+17,9.727513726016253e+19,1.5357919101745596e+22,1.5355838274554665e+22,1.2004679550521036,0.018102252677227624
mpp,100.0,0.5238361503334479,7.430516388181651e-09,0.0006755014898346956,1.342818796083064e+17,9.693053686436482e+19,1.5357919101745596e+22,1.5356027549178342e+22,1.2002507990221858,0.018381985231935207
mpp,100.0,0.5238361503334479,7.555303311878037e-09,0.0006868457556252761,1.347682518890953e+17,9.658178324016482e+19,1.5357919101745596e+22,1.5356196741382152e+22,1.2000309871623678,0.018665343290529372
mpp,100.0,0.5238361503334479,7.682052443429732e-09,0.0006983684039481575,1.3526386090406742e+17,9.622884982274274e+19,1.5357919101745596e+22,1.5356347358846894e+22,1.1998085012984196,0.018952362130715238
mpp,100.0,0.5238361503334479,7.810794591152303e-09,0.0007100722355593003,1.3576892272455162e+17,9.587171072324e+19,1.5357919101745596e+22,1.5356480824085777e+22,1.19958332337592,0.01924307702248572
mpp,100.0,0.5238361503334479,7.941561045610335e-09,0.000721960095055485,1.362836579250178e+17,9.5510340764854e+19,1.5357919101745596e+22,1.5356598476943772e+22,1.199355435476996,0.01953752321561391
mpp,100.0,0.5238361503334479,8.074383587114653e-09,0.0007340348715558775,1.3680829174202616e+17,9.514471551979017e+19,1.5357919101745596e+22,1.535670157722031e+22,1.199124819837531,0.019835735926748074
mpp,100.0,0.5238361503334479,8.209294493341068e-09,0.0007462994993946426,1.3734305423852174e+17,9.477481134703005e+19,1.5357919101745596e+22,1.5356791307401377e+22,1.198891458864792,0.020137750326144642
mpp,100.0,0.5238361503334479,8.346326547068184e-09,0.0007587569588243803,1.378881804734513e+17,9.440060543092104e+19,1.5357919101745596e+22,1.5356868775477523e+22,1.198655335155463,0.020443601524026266
mpp,100.0,0.5238361503334479,8.485513044023895e-09,0.0007714102767294451,1.3844391067670901e+17,9.402207582060873e+19,1.5357919101745596e+22,1.535693501783852e+22,1.1984164315140824,0.02075332455653468
mpp,100.0,0.5238361503334479,8.62688780086257e-09,0.0007842625273511428,1.3901049042946085e+17,9.363920147024336e+19,1.5357919101745596e+22,1.5356991002216464e+22,1.198174730971833,0.02106695437132077
mpp,100.0,0.5238361503334479,8.770485163261287e-09,0.0007973168330237534,1.3958817084986165e+17,9.325196227999072e+19,1.5357919101745596e+22,1.535703763066896e+22,1.1979302168056771,0.02138452581273909
mpp,100.0,0.5238361503334479,8.916340014136991e-09,0.0008105763649215447,1.4017720878417445e+17,9.286033913783062e+19,1.5357919101745596e+22,1.5357075742583614e+22,1.1976828725578281,0.02170607360664474
mpp,100.0,0.5238361503334479,9.064487781994312e-09,0.0008240443438176648,1.407778670033937e+17,9.246431396210468e+19,1.5357919101745596e+22,1.5357106117687676e+22,1.1974326820555161,0.02203163234480819
mpp,100.0,0.5238361503334479,9.214964449395513e-09,0.0008377240408541375,1.4139041440536104e+17,9.206386974482319e+19,1.5357919101745596e+22,1.5357129479050033e+22,1.1971796294310477,0.02236123646892317
mpp,100.0,0.5238361503334479,9.367806561569048e-09,0.0008516187783244589,1.4201512622249253e+17,9.165899059567074e+19,1.5357919101745596e+22,1.535714649605852e+22,1.1969236991421168,0.022694920254238665
mpp,100.0,0.5238361503334479,9.523051235139635e-09,0.0008657319304672395,1.4265228423517213e+17,9.124966178673766e+19,1.5357919101745596e+22,1.5357157787368042e+22,1.196664875992381,0.02303271779277204
mpp,100.0,0.5238361503334479,9.68073616699755e-09,0.0008800669242725045,1.4330217699087178e+17,9.083586979791079e+19,1.5357919101745596e+22,1.5357163923796388e+22,1.1964031451522563,0.02337466297613746
mpp,100.0,0.5238361503334479,9.840899643304701e-09,0.0008946272403004274,1.4396510002916845e+17,9.041760236290544e+19,1.5357919101745596e+22,1.5357165431169158e+22,1.19613849217992,0.02372078947797963
mpp,100.0,0.5238361503334479,1.0003580548631985e-08,0.0009094164135119986,1.4464135611266544e+17,8.999484851592767e+19,1.5357919101745596e+22,1.5357162793093e+22,1.1958709030425192,0.024071130735996853
mpp,100.0,0.5238361503334479,1.0168818375244415e-08,0.0009244380341131286,1.4533125546407232e+17,8.956759863889466e+19,1.5357919101745596e+22,1.535715645365993e+22,1.1956003641375457,0.024425719933585482
mpp,100.0,0.5238361503334479,1.0336653232521809e-08,0.0009396957484110735,1.4603511600944285e+17,8.913584450921384e+19,1.5357919101745596e+22,1.5357146820063978e+22,1.1953268623143791,0.024784589981075824
mpp,100.0,0.5238361503334479,1.050712585652297e-08,0.0009551932596839063,1.4675326362782672e+17,8.86995793480653e+19,1.5357919101745596e+22,1.5357134265134963e+22,1.1950503848959804,0.02514777349657417
mpp,100.0,0.5238361503334479,1.0680277619703748e-08,0.0009709343290639771,1.4748603240747434e+17,8.825879786912337e+19,1.5357919101745596e+22,1.5357119129774562e+22,1.1947709197007037,0.02551530278643033
mpp,100.0,0.5238361503334479,1.0856150540770048e-08,0.0009869227764336408,1.482337649087125e+17,8.781349632772551e+19,1.5357919101745596e+22,1.5357101725296433e+22,1.1944884550642467,0.02588720982528847
mpp,100.0,0.5238361503334479,1.103478729469387e-08,0.0010031624813358064,1.489968124337725e+17,8.736367257037223e+19,1.5357919101745596e+22,1.535708233566389e+22,1.1942029798616867,0.02626352623577972
mpp,100.0,0.5238361503334479,1.1216231222873463e-08,0.0010196573838975875,1.4977553530371872e+17,8.690932608455918e+19,1.5357919101745596e+22,1.5357061219624342e+22,1.1939144835296165,0.026644283267815042
mpp,100.0,0.5238361503334479,1.1400526343451012e-08,0.0010364114857682738,1.505703031426973e+17,8.645045804885721e+19,1.5357919101745596e+22,1.5357038612737866e+22,1.1936229560883571,0.02702951177750671
mpp,100.0,0.5238361503334479,1.1587717361786653e-08,0.001053428851071514,1.5138149516976285e+17,8.598707138319026e+19,1.5357919101745596e+22,1.535701472929891e+22,1.1933283881642345,0.027419242205715694
mpp,100.0,0.5238361503334479,1.1777849681093688e-08,0.0010707136073721535,1.5220950049851213e+17,8.55191707992424e+19,1.5357919101745596e+22,1.5356989764153391e+22,1.1930307710119046,0.02781350455623579
mpp,100.0,0.5238361503334479,1.1970969413231335e-08,0.0010882699466573942,1.530547184447724e+17,8.504676285093639e+19,1.5357919101745596e+22,1.5356963894407928e+22,1.1927300965367242,0.02821232837360821
mpp,100.0,0.5238361503334479,1.216712338966297e-08,0.0011061021263329973,1.5391755884262214e+17,8.456985598490472e+19,1.5357919101745596e+22,1.5356937281034978e+22,1.1924263573171454,0.02861574272058492
mpp,100.0,0.5238361503334479,1.2366359172584106e-08,0.0011242144702349188,1.547984423690492e+17,8.408846059087901e+19,1.5357919101745596e+22,1.5356910070376742e+22,1.1921195466271175,0.029023776155251906
mpp,100.0,0.5238361503334479,1.2568725066213426e-08,0.001142611369655766,1.5569780087749565e+17,8.360258905193103e+19,1.5357919101745596e+22,1.5356882395546847e+22,1.1918096584584996,0.029436456707801484
mpp,100.0,0.5238361503334479,1.2774270128259657e-08,0.0011612972843872416,1.5661607774063658e+17,8.311225579446369e+19,1.5357919101745596e+22,1.5356854377735558e+22,1.1914966875434516,0.029853811856983867
mpp,100.0,0.5238361503334479,1.2983044181557602e-08,0.0011802767437779638,1.575537282026828e+17,8.261747733790045e+19,1.5357919101745596e+22,1.535682612742116e+22,1.1911806293768066,0.03027586850622836
mpp,100.0,0.5238361503334479,1.3195097825883073e-08,0.001199554347807552,1.5851121974155174e+17,8.21182723439404e+19,1.5357919101745596e+22,1.5356797745489024e+22,1.190861480238399,0.030702652959459148
mpp,100.0,0.5238361503334479,1.3410482449947358e-08,0.0012191347681770326,1.5948903244123853e+17,8.161466166532478e+19,1.5357919101745596e+22,1.5356769324263822e+22,1.1905392372153334,0.031134190896612558
mpp,100.0,0.5238361503334479,1.3629250243573032e-08,0.0012390227494157302,1.6048765937477142e+17,8.110666839398688e+19,1.5357919101745596e+22,1.5356740948460537e+22,1.1902138982241897,0.03157050734886561
mpp,100.0,0.5238361503334479,1.3851454210046853e-08,0.0012592231100042595,1.615076069980178e+17,8.059431790853343e+19,1.5357919101745596e+22,1.5356712696053873e+22,1.1898854620331454,0.03201162667357451
mpp,100.0,0.5238361503334479,1.4077148178667454e-08,0.001279740743515223,1.6254939555484275e+17,8.007763792088678e+19,1.5357919101745596e+22,1.5356684639074093e+22,1.1895539282839915,0.03245757252896637
mpp,100.0,0.5238361503334479,1.4306386817481698e-08,0.0013005806197710634,1.636135594939148e+17,7.95566585220361e+19,1.5357919101745596e+22,1.5356656844332813e+22,1.1892192975140232,0.03290836784857981
mpp,100.0,0.5238361503334479,1.4539225646207298e-08,0.0013217477860188453,1.6470064789756586e+17,7.90314122267639e+19,1.5357919101745596e+22,1.5356629374081465e+22,1.1888815711778087,0.03336403481545934
mpp,100.0,0.5238361503334479,1.4775721049351432e-08,0.0013432473681228574,1.6581122492308726e+17,7.85019340172476e+19,1.5357919101745596e+22,1.5356602286607438e+22,1.1885407516687985,0.033824594836132406
mpp,100.0,0.5238361503334479,1.501593028953513e-08,0.0013650845717759208,1.6694587025697597e+17,7.796826138538808e+19,1.5357919101745596e+22,1.5356575636775238e+22,1.1881968423407463,0.03429006851439877
mpp,100.0,0.5238361503334479,1.525991152100331e-08,0.0013872646837275737,1.6810517958236016e+17,7.743043437379651e+19,1.5357919101745596e+22,1.535654947650969e+22,1.1878498475289632,0.03476047562490428
mpp,100.0,0.5238361503334479,1.55077238033528e-08,0.001409793073032073,1.6928976506023958e+17,7.688849561526046e+19,1.5357919101745596e+22,1.5356523855232539e+22,1.1874997725713279,0.035235835086574005
mpp,100.0,0.5238361503334479,1.5759427115455136e-08,0.0014326751923141035,1.705002558248126e+17,7.6342490370616e+19,1.5357919101745596e+22,1.5356498820252802e+22,1.1871466238290824,0.03571616493587225
mpp,100.0,0.5238361503334479,1.6015082369593702e-08,0.001455916579053973,1.7173729849343014e+17,7.579246656485915e+19,1.5357919101745596e+22,1.535647441711433e+22,1.1867904087073555,0.036201482299941024
mpp,100.0,0.5238361503334479,1.627475142581336e-08,0.0014795228568921237,1.7300155769159923e+17,7.52384748213819e+19,1.5357919101745596e+22,1.5356450689903753e+22,1.186431135675405,0.036691803369627136
mpp,100.0,0.5238361503334479,1.6538497106481364e-08,0.0015034997369528513,1.742937165934834e+17,7.468056849420912e+19,1.5357919101745596e+22,1.5356427681525918e+22,1.1860688142865572,0.037187143372410664
mpp,100.0,0.5238361503334479,1.6806383211068697e-08,0.0015278530191880635,1.7561447747840307e+17,7.411880369808869e+19,1.5357919101745596e+22,1.5356405433944737e+22,1.1857034551978094,0.03768751654526771
mpp,100.0,0.5238361503334479,1.7078474531153074e-08,0.0015525885937411887,1.7696456230378288e+17,7.355323933630389e+19,1.5357919101745596e+22,1.535638398839663e+22,1.1853350701890737,0.038192936107485864
mpp,100.0,0.5238361503334479,1.7354836865641156e-08,0.001577712442331014,1.7834471329502938e+17,7.298393712608427e+19,1.5357919101745596e+22,1.5356363385575949e+22,1.1849636721820413,0.03870341423344478
mpp,100.0,0.5238361503334479,1.7635537036227667e-08,0.0016032306396570606,1.797556935528849e+17,7.24109616214475e+19,1.5357919101745596e+22,1.5356343665798114e+22,1.1845892752586205,0.0392189620254123
mpp,100.0,0.5238361503334479,1.7920642903071327e-08,0.001629149354824666,1.811982876786626e+17,7.18343802333835e+19,1.5357919101745596e+22,1.5356324869140732e+22,1.184211894678955,0.039739589486336956
mpp,100.0,0.5238361503334479,1.8210223380721703e-08,0.001655474852792882,1.8267330241798877e+17,7.125426324718031e+19,1.5357919101745596e+22,1.5356307035565274e+22,1.1838315468989447,0.04026530549271868
mpp,100.0,0.5238361503334479,1.8504348454263465e-08,0.001682213495842133,1.8418156732342893e+17,7.067068383683036e+19,1.5357919101745596e+22,1.5356290205022731e+22,1.1834482495872969,0.04079611776751531
mpp,100.0,0.5238361503334479,1.8803089195716493e-08,0.0017093717450651358,1.8572393543665357e+17,7.0083718076309004e+19,1.5357919101745596e+22,1.5356274417542453e+22,1.183062021642027,0.04133203285317519
mpp,100.0,0.5238361503334479,1.9106517780674737e-08,0.0017369561618795215,1.8730128399058496e+17,6.949344494763351e+19,1.5357919101745596e+22,1.5356259713308118e+22,1.1826728832064046,0.04187305608478498
mpp,100.0,0.5238361503334479,1.9414707505186866e-08,0.0017649734095624425,1.8891451513206717e+17,6.889994634556919e+19,1.5357919101745596e+22,1.5356246132722133e+22,1.1822808556843183,0.04241919156335906
mpp,100.0,0.5238361503334479,1.972773280289525e-08,0.001793430254808659,1.9056455666564336e+17,6.8303307078826525e+19,1.5357919101745596e+22,1.5356233716457168e+22,1.1818859617550068,0.04297044212932162
mpp,100.0,0.5238361503334479,2.0045669262421574e-08,0.001822333569311052,1.9225236281891853e+17,6.7703614867651486e+19,1.5357919101745596e+22,1.535622250550114e+22,1.181488225387148,0.043526809336182304
mpp,100.0,0.5238361503334479,2.036859364501875e-08,0.001851690331365341,1.939789150301487e+17,6.710096033765354e+19,1.5357919101745596e+22,1.5356212541190622e+22,1.1810876718522516,0.04408829342446217
mpp,100.0,0.5238361503334479,2.069658390247253e-08,0.0018815076274975029,1.9574522275847882e+17,6.6495437009791295e+19,1.5357919101745596e+22,1.5356203865239477e+22,1.18068432773735,0.04465489329586308
mpp,100.0,0.5238361503334479,2.1029719195275465e-08,0.0019117926541159513,1.975523243175222e+17,6.588714128635805e+19,1.5357919101745596e+22,1.535619651975884e+22,1.1802782209569305,0.04522660648774356
mpp,100.0,0.5238361503334479,2.1368079911068928e-08,0.0019425527191880843,1.9940128773275824e+17,6.527617243287499e+19,1.5357919101745596e+22,1.5356190547270928e+22,1.1798693807640903,0.045803429147915645
mpp,100.0,0.5238361503334479,2.1711747683348937e-08,0.0019737952439408124,2.0129321162330458e+17,6.466263255580501e+19,1.5357919101745596e+22,1.5356185990720391e+22,1.1794578377608869,0.046385356009779014
mpp,100.0,0.5238361503334479,2.2060805410459572e-08,0.002005527764587234,2.0322922610871667e+17,6.404662657594197e+19,1.5357919101745596e+22,1.5356182893477107e+22,1.179043623907834,0.0469723803678566
mpp,100.0,0.5238361503334479,2.241533727485384e-08,0.002037757934077622,2.0521049374124618e+17,6.342826219743056e+19,1.5357919101745596e+22,1.535618129933697e+22,1.1786267725325357,0.047564494053720166
mpp,100.0,0.5238361503334479,2.2775428762647043e-08,0.002070493523877004,2.0723821046424736e+17,6.2807649872300245e+19,1.5357919101745596e+22,1.5356181252519202e+22,1.1782073183374064,0.04816168741237217
mpp,100.0,0.5238361503334479,2.3141166683446733e-08,0.002103742425767885,2.0931360659716566e+17,6.218490276045324e+19,1.5357919101745596e+22,1.5356182797657573e+22,1.1777852974064682,0.04876394927907999
mpp,100.0,0.5238361503334479,2.351263919048374e-08,0.00213751265368034,2.1143794784781325e+17,6.156013668502533e+19,1.5357919101745596e+22,1.5356185979792145e+22,1.1773607472111702,0.04937126695672704
mpp,100.0,0.5238361503334479,2.388993580103199e-08,0.002171812345548363,2.1361253635235213e+17,6.093347008306215e+19,1.5357919101745596e+22,1.5356190844353927e+22,1.1769337066152232,0.04998362619368297
mpp,100.0,0.5238361503334479,2.4273147417125106e-08,0.0022066497651931916,2.158387117435695e+17,6.03050239514802e+19,1.5357919101745596e+22,1.53561974371501e+22,1.1765042158784125,0.050601011162229294
mpp,100.0,0.5238361503334479,2.4662366346580756e-08,0.002242033304234614,2.181178522480592e+17,5.967492178823566e+19,1.5357919101745596e+22,1.5356205804344968e+22,1.1760723166593592,0.051223404437580736
mpp,100.0,0.5238361503334479,2.5057686324324814e-08,0.0022779714840295284,2.2045137581267984e+17,5.90432895287136e+19,1.5357919101745596e+22,1.535621599243764e+22,1.1756380520172092,0.05185078697751163
mpp,100.0,0.5238361503334479,2.5459202534034273e-08,0.0023144729576394796,2.228407412610005e+17,5.841025547728244e+19,1.5357919101745596e+22,1.5356228048239716e+22,1.1752014664122157,0.052483138102639486
mpp,100.0,0.5238361503334479,2.586701163008731e-08,0.002351546511826119,2.2528744948005827e+17,5.777595023403606e+19,1.5357919101745596e+22,1.5356242018847536e+22,1.1747626057052043,0.05312043547736842
mpp,100.0,0.5238361503334479,2.6281211759833278e-08,0.0023892010690757526,2.2779304463799248e+17,5.714050661672182e+19,1.5357919101745596e+22,1.5356257951613735e+22,1.1743215171558852,0.05376265509153365
mpp,100.0,0.5238361503334479,2.670190258619126e-08,0.002427445689653751,2.3035911543307427e+17,5.6504059577860645e+19,1.5357919101745596e+22,1.535627589411754e+22,1.173878249419993,0.054409771242780305
mpp,100.0,0.5238361503334479,2.7129185310566738e-08,0.0024662895736878854,2.3298729637442794e+17,5.586674611711644e+19,1.5357919101745596e+22,1.5356295894129032e+22,1.1734328525452464,0.05506175651967979
mpp,100.0,0.5238361503334479,2.7563162696108976e-08,0.0025057420632826344,2.35679269095022e+17,5.52287051889349e+19,1.5357919101745596e+22,1.535631799957429e+22,1.172985377966082,0.055718581785637336
mpp,100.0,0.5238361503334479,2.8003939091295727e-08,0.002545812644663248,2.384367636971941e+17,5.459007760553823e+19,1.5357919101745596e+22,1.535634225849641e+22,1.1725358784971793,0.05638021616358765
mpp,100.0,0.5238361503334479,2.84516204538629e-08,0.002586510950351173,2.4126156013113888e+17,5.3951005935328805e+19,1.5357919101745596e+22,1.535636871901453e+22,1.1720844083257316,0.05704662702152274
mpp,100.0,0.5238361503334479,2.8906314375077457e-08,0.002627846761370678,2.441554896066457e+17,5.331163439680126e+19,1.5357919101745596e+22,1.5356397429279167e+22,1.171631023002463,0.05771777995886493
mpp,100.0,0.5238361503334479,2.9368130104358903e-08,0.002669830009487173,2.471204360383833e+17,5.267210874806494e+19,1.5357919101745596e+22,1.5356428437425918e+22,1.1711757794313802,0.058393638793708035
mpp,100.0,0.5238361503334479,2.983717857425316e-08,0.0027124707794775604,2.5015833752492445e+17,5.203257617209671e+19,1.5357919101745596e+22,1.5356461791524573e+22,1.170718735858243,0.05907416555094623
mpp,100.0,0.5238361503334479,3.031357242576549e-08,0.0027557793114332263,2.532711878617782e+17,5.139318515785423e+19,1.5357919101745596e+22,1.5356497539527569e+22,1.1702599518577508,0.059759320451312936
mpp,100.0,0.5238361503334479,3.079742603405422e-08,0.0027997660030958382,2.564610380884365e+17,5.075408537740197e+19,1.5357919101745596e+22,1.5356535729211914e+22,1.169799488319432,0.06044906190134404
mpp,100.0,0.5238361503334479,3.12888555344934e-08,0.0028444414122266726,2.5972999806961683e+17,5.0115427559208755e+19,1.5357919101745596e+22,1.5356576408120225e+22,1.1693374074322425,0.061143346484287
mpp,100.0,0.5238361503334479,3.178797884910417e-08,0.00288981625900947,2.6308023811062525e+17,4.94773633578013e+19,1.5357919101745596e+22,1.5356619623497187e+22,1.1688737726678613,0.061842128951965086
mpp,100.0,0.5238361503334479,3.2294915713363566e-08,0.0029359014284875973,2.6651399060679018e+17,4.884004521996139e+19,1.5357919101745596e+22,1.5356665422221536e+22,1.1684086487626926,0.06254536221761632
mpp,100.0,0.5238361503334479,3.280978770339371e-08,0.002982707973035792,2.7003355172678477e+17,4.820362624767599e+19,1.5357919101745596e+22,1.5356713850734337e+22,1.1679421016985694,0.06325299734971795
mpp,100.0,0.5238361503334479,3.3332718263538116e-08,0.0030302471148671017,2.7364128312967597e+17,4.7568260058059104e+19,1.5357919101745596e+22,1.5356764954964204e+22,1.16747419868217,0.06396498356681055
mpp,100.0,0.5238361503334479,3.3863832734323975e-08,0.0030785302485749066,2.7733961371516864e+17,4.6934100640488415e+19,1.5357919101745596e+22,1.5356818780243995e+22,1.1670050081231527,0.06468126823332372
mpp,100.0,0.5238361503334479,3.44032583808237e-08,0.0031275689437112453,2.811310414068433e+17,4.630130221119349e+19,1.5357919101745596e+22,1.535687537122841e+22,1.1665345996110197,0.06540179685642404
mpp,100.0,0.5238361503334479,3.495112442141468e-08,0.0031773749474013346,2.850181349675665e+17,4.56700190655644e+19,1.5357919101745596e+22,1.5356934771799316e+22,1.1660630438907198,0.06612651308388395
mpp,100.0,0.5238361503334479,3.550756205694139e-08,0.0032279601869946717,2.890035358465775e+17,4.504040542845424e+19,1.5357919101745596e+22,1.5356997024973096e+22,1.1655904128370156,0.06685535870297685
mpp,100.0,0.5238361503334479,3.607270450029026e-08,0.0032793367727536604,2.930899600572537e+17,4.441261530275445e+19,1.5357919101745596e+22,1.5357062172794398e+22,1.165116779427617,0.06758827364041006
mpp,100.0,0.5238361503334479,3.664668700637741e-08,0.0033315170005797645,2.9728020008470656e+17,4.378680231654491e+19,1.5357919101745596e+22,1.5357130256230042e+22,1.1646422177151179,0.0683251959632919
mpp,100.0,0.5238361503334479,3.722964690255637e-08,0.0033845133547778516,3.015771268219241e+17,4.316311956911832e+19,1.5357919101745596e+22,1.5357201315051107e+22,1.1641668027977485,0.06906606188113737
mpp,100.0,0.5238361503334479,3.7821723619446636e-08,0.003438338510858785,3.0598369153323475e+17,4.254171947620035e+19,1.5357919101745596e+22,1.5357275387712625e+22,1.1636906107889784,0.06981080574890731
mpp,100.0,0.5238361503334479,3.8423058722196925e-08,0.0034930053383815385,3.105029278434674e+17,4.192275361468045e+19,1.5357919101745596e+22,1.5357352511220721e+22,1.1632137187859886,0.07055936007109083
mpp,100.0,0.5238361503334479,3.9033795942180146e-08,0.003548526903834559,3.1513795375116794e+17,4.1306372567187554e+19,1.5357919101745596e+22,1.5357432720995035e+22,1.162736204837054,0.07131165550681814
mpp,100.0,0.5238361503334479,3.9654081209125614e-08,0.003604916473556874,3.198919736638071e+17,4.0692725766847365e+19,1.5357919101745596e+22,1.5357516050721891e+22,1.1622581479078675,0.07206762087600098
mpp,100.0,0.5238361503334479,4.0284062683698775e-08,0.0036621875166998885,3.247682804527974e+17,4.0081961342561845e+19,1.5357919101745596e+22,1.5357602532197287e+22,1.161779627846841,0.07282718316650151
mpp,100.0,0.5238361503334479,4.092389079052738e-08,0.003720353708229762,3.297702575258569e+17,3.947422596515216e+19,1.5357919101745596e+22,1.5357692195160927e+22,1.1613007253494259,0.07359026754231596
mpp,100.0,0.5238361503334479,4.157371825168804e-08,0.00377942893197164,3.3490138091390637e+17,3.8869664694716146e+19,1.5357919101745596e+22,1.5357785067120214e+22,1.160821521921492,0.07435679735277656
mpp,100.0,0.5238361503334479,4.223370012064276e-08,0.0038394272836947962,3.4016522136932096e+17,3.826842082955318e+19,1.5357919101745596e+22,1.5357881173161344e+22,1.1603420998418166,0.07512669414274478
mpp,100.0,0.5238361503334479,4.290399381665122e-08,0.00390036307424102,3.455654464722888e+17,3.7670635756996256e+19,1.5357919101745596e+22,1.5357980535752212e+22,1.1598625421237254,0.07589987766381105
mpp,100.0,0.5238361503334479,4.358475915964527e-08,0.0039622508326950245,3.51105822741198e+17,3.707644880650931e+19,1.5357919101745596e+22,1.5358083174529468e+22,1.1593829324759386,0.07667626588646921
mpp,100.0,0.5238361503334479,4.4276158405582135e-08,0.004025105309598376,3.567902177430239e+17,3.6485997105393218e+19,1.5357919101745596e+22,1.5358189106075078e+22,1.158903355262676,0.07745577501326835
mpp,100.0,0.5238361503334479,4.4978356282275756e-08,0.004088941480206887,3.626226021988932e+17,3.5899415437440565e+19,1.5357919101745596e+22,1.5358298343676741e+22,1.158423895463075,0.07823831949292419
mpp,100.0,0.5238361503334479,4.5691520025717855e-08,0.0041537745477925325,3.686070520798498e+17,3.5316836104881058e+19,1.5357919101745596e+22,1.535841089707756e+22,1.1579446386299812,0.07902381203538586
mpp,100.0,0.5238361503334479,4.641581941688383e-08,0.004219619946989439,3.7474775068692365e+17,3.473838879394762e+19,1.5357919101745596e+22,1.5358526772204962e+22,1.1574656708481725,0.07981216362783501
mpp,100.0,0.5238361503334479,4.715142681904483e-08,0.0042864933471858935,3.8104899070957344e+17,3.4164200444384367e+19,1.5357919101745596e+22,1.5358645970889586e+22,1.1569870786920733,0.08060328355162351
mpp,100.0,0.5238361503334479,4.789851721556532e-08,0.004354410655960483,3.875151762553138e+17,3.3594395123226137e+19,1.5357919101745596e+22,1.53587684905626e+22,1.1565089491830376,0.08139707940010922
mpp,100.0,0.5238361503334479,4.865726824822575e-08,0.004423388022565977,3.9415082484341523e+17,3.3029093903129776e+19,1.5357919101745596e+22,1.5358894323936763e+22,1.1560313697462492,0.08219345709741639
mpp,100.0,0.5238361503334479,4.942786025604229e-08,0.00449344184145839,4.0096056935419923e+17,3.2468414745581412e+19,1.5357919101745596e+22,1.5359023458671179e+22,1.1555544281673271,0.08299232091807332
mpp,100.0,0.5238361503334479,5.021047631461167e-08,0.0045645887558737885,4.0794915992509075e+17,3.191247238923845e+19,1.5357919101745596e+22,1.5359155877013547e+22,1.1550782125486903,0.08379357350754141
mpp,100.0,0.5238361503334479,5.100530227597572e-08,0.004636845661452338,4.151214657836259e+17,3.1361378243686347e+19,1.5357919101745596e+22,1.5359291555423376e+22,1.1546028112657647,0.08459711590361513
mpp,100.0,0.5238361503334479,5.1812526809014605e-08,0.0047102297099104184,4.22482477006749e+17,3.0815240288862056e+19,1.5357919101745596e+22,1.5359430464177382e+22,1.1541283129231037,0.08540284755868773
mpp,100.0,0.5238361503334479,5.263234144037326e-08,0.004784758312761206,4.3003730619463744e+17,3.027416298038003e+19,1.5357919101745596e+22,1.535957256694931e+22,1.1536548063104894,0.08621066636287496
mpp,100.0,0.5238361503334479,5.3464940595922046e-08,0.004860449145083823,4.377911900464885e+17,2.9738247160985375e+19,1.5357919101745596e+22,1.535971782037071e+22,1.1531823803591077,0.0870204686679869
mpp,100.0,0.5238361503334479,5.431052164276817e-08,0.004937320149342561,4.4574949082439635e+17,2.92075899783317e+19,1.5357919101745596e+22,1.535986617356876e+22,1.15271112409785,0.08783214931235442
mpp,100.0,0.5238361503334479,5.516928493180878e-08,0.005015389539255344,4.5391769769021645e+17,2.868228480927615e+19,1.5357919101745596e+22,1.5360017567681557e+22,1.1522411266098382,0.08864560164649411
mpp,100.0,0.5238361503334479,5.6041433840840926e-08,0.0050946758037128115,4.623014278991695e+17,2.816242119085004e+19,1.5357919101745596e+22,1.5360171935349997e+22,1.1517724769892426,0.08946071755962134
mpp,100.0,0.5238361503334479,5.692717481823145e-08,0.005175197710748314,4.709064278324287e+17,2.764808475805134e+19,1.5357919101745596e+22,1.5360329200189313e+22,1.151305264298464,0.09027738750701092
mpp,100.0,0.5238361503334479,5.782671742714684e-08,0.005256974311558804,4.797385738493211e+17,2.7139357188585914e+19,1.5357919101745596e+22,1.536048927623446e+22,1.1508395775257612,0.09109550053820532
mpp,100.0,0.5238361503334479,5.8740274390359504e-08,0.005340024944578137,4.888038729385245e+17,2.6636316154652553e+19,1.5357919101745596e+22,1.5360652067367662e+22,1.1503755055434004,0.09191494432608822
mpp,100.0,0.5238361503334479,5.966806163561761e-08,0.005424369239601601,4.981084631453102e+17,2.6139035281860854e+19,1.5357919101745596e+22,1.5360817466722214e+22,1.1499131370663889,0.0927356051968171
mpp,100.0,0.5238361503334479,6.061029834160731e-08,0.0055100271219643004,5.0765861375086586e+17,2.564758411532566e+19,1.5357919101745596e+22,1.5360985356068001e+22,1.1494525606118733,0.09355736816064958
mpp,100.0,0.5238361503334479,6.156720698448764e-08,0.005597018816771604,5.174607251768166e+17,2.5162028092984734e+19,1.5357919101745596e+22,1.5361155605178505e+22,1.1489938644592619,0.09438011694365805
mpp,100.0,0.5238361503334479,6.253901338502271e-08,0.005685364853183883,5.275213285869198e+17,2.468242852613817e+19,1.5357919101745596e+22,1.5361328071182467e+22,1.1485371366111397,0.09520373402037066
mpp,100.0,0.5238361503334479,6.35259467563024e-08,0.0057750860687547645,5.378470851548774e+17,2.4208842587203183e+19,1.5357919101745596e+22,1.5361502597902085e+22,1.148082464755028,0.0960281006473498
mpp,100.0,0.5238361503334479,6.452823975206651e-08,0.005866203613824228,5.484447849655192e+17,2.374132330463923e+19,1.5357919101745596e+22,1.5361679015181743e+22,1.1476299362260471,0.09685309689774572
mpp,100.0,0.5238361503334479,6.554612851563202e-08,0.005958738955966547,5.5932134551381037e+17,2.3279919564983845e+19,1.5357919101745596e+22,1.5361857138211343e+22,1.1471796379705228,0.09767860169685208
mpp,100.0,0.5238361503334479,6.657985272942628e-08,0.006052713884493299,5.7048380976359174e+17,2.2824676121911665e+19,1.5357919101745596e+22,1.5362036766849488e+22,1.1467316565105827,0.09850449285869876
mpp,100.0,0.5238361503334479,6.762965566513684e-08,0.0061481505150124405,5.819393437254583e+17,2.2375633612202148e+19,1.5357919101745596e+22,1.5362217684951177e+22,1.1462860779097641,0.09933064712372706
mpp,100.0,0.5238361503334479,6.869578423447609e-08,0.006245071294043281,5.936952335102236e+17,2.193282857848145e+19,1.5357919101745596e+22,1.536239965970694e+22,1.14584298773966,0.10015694019758813
mpp,100.0,0.5238361503334479,6.977848904057438e-08,0.00634349900368858,6.057588818117769e+17,2.1496293498573943e+19,1.5357919101745596e+22,1.5362582441004424e+22,1.145402471047608,0.10098324679112122
mpp,100.0,0.5238361503334479,7.087802442999102e-08,0.006443456766362821,6.181378037698624e+17,2.1066056821284106e+19,1.5357919101745596e+22,1.5362765760815914e+22,1.1449646123254225,0.10180944066155508
mpp,100.0,0.5238361503334479,7.199464854536281e-08,0.006544968049578437,6.30839622160851e+17,2.0642143008392462e+19,1.5357919101745596e+22,1.5362949332627345e+22,1.1445294954791494,0.1026353946550042
mpp,100.0,0.5238361503334479,7.312862337869174e-08,0.006648056670790159,6.438720618611935e+17,2.0224572582634156e+19,1.5357919101745596e+22,1.5363132850915116e+22,1.1440972037998072,0.10346098075032215
mpp,100.0,0.5238361503334479,7.42802148252601e-08,0.006752746802296372,6.572429435254717e+17,1.981336218140943e+19,1.5357919101745596e+22,1.5363315990689946e+22,1.1436678199350736,0.10428607010436988
mpp,100.0,0.5238361503334479,7.544969273820284e-08,0.006859062976200259,6.709601764182911e+17,1.9408524615936893e+19,1.5357919101745596e+22,1.5363498407116189e+22,1.1432414258618375,0.10511053309879327
mpp,100.0,0.5238361503334479,7.663733098372088e-08,0.0069670300894291715,6.850317503361303e+17,1.9010068935555813e+19,1.5357919101745596e+22,1.536367973522478e+22,1.1428181028595294,0.1059342393883739
mpp,100.0,0.5238361503334479,7.784340749694441e-08,0.007076673408813128,6.994657265531921e+17,1.8618000496852054e+19,1.5357919101745596e+22,1.5363859589738663e+22,1.1423979314841215,0.10675705795104273
mpp,100.0,0.5238361503334479,7.906820433846068e-08,0.007188018576223698,7.142702277228264e+17,1.8232321037260366e+19,1.5357919101745596e+22,1.5364037565025756e+22,1.141980991542651,0.10757885713965346
mpp,100.0,0.5238361503334479,8.031200775148666e-08,0.007301091613771515,7.294534266640255e+17,1.785302875278708e+19,1.5357919101745596e+22,1.5364213235201692e+22,1.141567362068116,0.10839950473559437
mpp,100.0,0.5238361503334479,8.157510821971942e-08,0.0074159189290654015,7.450235339616709e+17,1.7480118379461353e+19,1.5357919101745596e+22,1.536438615440379e+22,1.1411571212945395,0.10921886800435895
mpp,100.0,0.5238361503334479,8.285780052584041e-08,0.007532527320530946,7.609887843075384e+17,1.7113581278123979e+19,1.5357919101745596e+22,1.5364555857255945e+22,1.1407503466319944,0.11003681375316084
mpp,100.0,0.5238361503334479,8.41603838106953e-08,0.007650943982790481,7.773574215095789e+17,1.675340552213222e+19,1.5357919101745596e+22,1.5364721859550444e+22,1.1403471146413309,0.11085320839071525
mpp,100.0,0.5238361503334479,8.548316163314407e-08,0.007771196512104006,7.94137682097238e+17,1.6399575987553706e+19,1.5357919101745596e+22,1.5364883659167256e+22,1.1399475010083282,0.11166791798929496
mpp,100.0,0.5238361503334479,8.682644203058415e-08,0.007893312911871286,8.113377774522971e+17,1.6052074445406767e+19,1.5357919101745596e+22,1.536504073725619e+22,1.139551580516962,0.11248080834917905
mpp,100.0,0.5238361503334479,8.81905375801531e-08,0.008017321598195737,8.289658743974924e+17,1.571087965549417e+19,1.5357919101745596e+22,1.536519255970277e+22,1.1391594270214336,0.11329174506561976
mpp,100.0,0.5238361503334479,8.957576546060974e-08,0.008143251405509977,8.47030074179199e+17,1.5375967461371384e+19,1.5357919101745596e+22,1.5365338578904425e+22,1.1387711134165912,0.11410059359845146
mpp,100.0,0.5238361503334479,9.098244751490158e-08,0.00827113159226378,8.655383897857696e+17,1.504731088598302e+19,1.5357919101745596e+22,1.5365478235868123e+22,1.1383867116063324,0.11490721934447587
mpp,100.0,0.5238361503334479,9.24109103134052e-08,0.0084009918466732,8.844987215505444e+17,1.4724880227504914e+19,1.5357919101745596e+22,1.5365610962660713e+22,1.1380062924695569,0.11571148771274926
mpp,100.0,0.5238361503334479,9.38614852178688e-08,0.008532862292533527,9.039188309971904e+17,1.4408643154920694e+19,1.5357919101745596e+22,1.5365736185212443e+22,1.1376299258231903,0.11651326420292496
mpp,100.0,0.5238361503334479,9.53345084460277e-08,0.008666773495093427,9.238063128961389e+17,1.4098564802880952e+19,1.5357919101745596e+22,1.5365853326494359e+22,1.1372576803818149,0.11731241448677522
mpp,100.0,0.5238361503334479,9.683032113691836e-08,0.008802756466992578,9.441685655138963e+17,1.3794607865390156e+19,1.5357919101745596e+22,1.5365961810070836e+22,1.1368896237133743,0.1181088044930514
mpp,100.0,0.5238361503334479,9.834926941687449e-08,0.008940842674261318,9.650127590523782e+17,1.349673268788989e+19,1.5357919101745596e+22,1.536606106402632e+22,1.1365258221904637,0.11890230049582
mpp,100.0,0.5238361503334479,9.989170446622597e-08,0.00908106404238418,9.863458022932608e+17,1.320489735731824e+19,1.5357919101745596e+22,1.5366150525257528e+22,1.1361663409366412,0.11969276920643683
mpp,100.0,0.5238361503334479,1.0145798258667493e-07,0.009223452962424994,1.0081743074825633e+18,1.29190577897586e+19,1.5357919101745596e+22,1.5366229644118707e+22,1.1358112437672752,0.12048007786929932
mpp,100.0,0.5238361503334479,1.030484652693735e-07,0.009368042297215773,1.030504553513555e+18,1.2639167815310486e+19,1.5357919101745596e+22,1.5366297889388062e+22,1.1354605931243809,0.12126409436154685
mpp,100.0,0.5238361503334479,1.0466351926369088e-07,0.009514865387608262,1.0533424474917478e+18,1.2365179259856888e+19,1.5357919101745596e+22,1.5366354753524964e+22,1.1351144500049737,0.12204468729686244
mpp,100.0,0.5238361503334479,1.0630351664667048e-07,0.009663956058788226,1.0766934847933747e+18,1.209704202343964e+19,1.5357919101745596e+22,1.5366399758169975e+22,1.1347728738824683,0.12282172613353966
mpp,100.0,0.5238361503334479,1.0796883489318065e-07,0.009815348626652787,1.1005627077593041e+18,1.1834704155000525e+19,1.5357919101745596e+22,1.5366432459827924e+22,1.1344359226207177,0.12359508128698282
mpp,100.0,0.5238361503334479,1.0965985694675306e-07,0.009969077904250279,1.124954663198895e+18,1.1578111923297288e+19,1.5357919101745596e+22,1.5366452455668334e+22,1.1341036523803372,0.1243646242468075
mpp,100.0,0.5238361503334479,1.1137697129110978e-07,0.010125179208282709,1.14987335891278e+18,1.1327209883857336e+19,1.5357919101745596e+22,1.5366459389361248e+22,1.1337761175170369,0.12513022769871526
mpp,100.0,0.5238361503334479,1.131205720223829e-07,0.010283688365671173,1.1753222194797005e+18,1.1081940941892262e+19,1.5357919101745596e+22,1.5366452956857289e+22,1.1334533704717793,0.12589176565132226
mpp,100.0,0.5238361503334479,1.1489105892200752e-07,0.010444641720182501,1.201304041589387e+18,1.084224641116233e+19,1.5357919101745596e+22,1.536643291201342e+22,1.1331354616526896,0.12664911356811434
mpp,100.0,0.5238361503334479,1.1668883753031101e-07,0.010608076139119182,1.227820949241837e+18,1.0608066068838013e+19,1.5357919101745596e+22,1.5366399071953223e+22,1.1328224393087565,0.12740214850472567
mpp,100.0,0.5238361503334479,1.1851431922077509e-07,0.010774029020070464,1.2548743491703547e+18,1.0379338206482051e+19,1.5357919101745596e+22,1.536635132204933e+22,1.1325143493955148,0.12815074925172262
mpp,100.0,0.5238361503334479,1.2036792127497026e-07,0.010942538297724569,1.2824648868832046e+18,1.0155999677335955e+19,1.5357919101745596e+22,1.5366289620409086e+22,1.1322112354330516,0.12889479648309005
mpp,100.0,0.5238361503334479,1.2225006695817458e-07,0.011113642450743144,1.3105924037541414e+18,9.937985940161577e+18,1.5357919101745596e+22,1.536621400174557e+22,1.1319131383568235,0.12963417291063006
mpp,100.0,0.5238361503334479,1.241611855956522e-07,0.011287380508695655,1.3392558956249649e+18,9.725231099954305e+18,1.5357919101745596e+22,1.5366124580519545e+22,1.131620096361978,0.13036876344447393
mpp,100.0,0.5238361503334479,1.261017126495984e-07,0.0114637920590544,1.3684534734136463e+18,9.517667945899256e+18,1.5357919101745596e+22,1.5366021553246217e+22,1.131332144742025,0.13109845535993103
mpp,100.0,0.5238361503334479,1.2807208979674554e-07,0.011642917254249596,1.3981823262477804e+18,9.31522798699508e+18,1.5357919101745596e+22,1.5365905199876075e+22,1.1310493157229133,0.13182313847090116
mpp,100.0,0.5238361503334479,1.3007276500662229e-07,0.011824796818783845,1.428438687664603e+18,9.117841485815846e+18,1.5357919101745596e+22,1.5365775884180945e+22,1.1307716382937454,0.1325427053100871
mpp,100.0,0.5238361503334479,1.3210419262045697e-07,0.01200947205640518,1.4592178054355062e+18,8.925437490915426e+18,1.5357919101745596e+22,1.536563405310782e+22,1.1304991380355742,0.13325705131625604
mpp,100.0,0.5238361503334479,1.3416683343072837e-07,0.012196984857338944,1.490513915584555e+18,8.737943868407474e+18,1.5357919101745596e+22,1.5365480235120672e+22,1.1302318369499231,0.13396607502881439
mpp,100.0,0.5238361503334479,1.3626115476134353e-07,0.012387377705576685,1.522320221176797e+18,8.555287333274334e+18,1.5357919101745596e+22,1.5365315037629675e+22,1.1299697532889335,0.13466967828996873
mpp,100.0,0.5238361503334479,1.3838763054844443e-07,0.012580693686222222,1.5546288764564695e+18,8.377393480973019e+18,1.5357919101745596e+22,1.5365139143755626e+22,1.1297129013893432,0.13536776645476828
mpp,100.0,0.5238361503334479,1.4054674142183642e-07,0.012776976492894221,1.5874309769189294e+18,8.204186819931847e+18,1.5357919101745596e+22,1.5364953308933518e+22,1.1294612915130158,0.13606024860933974
mpp,100.0,0.5238361503334479,1.427389747870162e-07,0.01297627043518329,1.620716555914282e+18,8.035590805583177e+18,1.5357919101745596e+22,1.5364758358356662e+22,1.1292149296975975,0.13674703779764177
mpp,100.0,0.5238361503334479,1.4496482490780489e-07,0.01317862044616408,1.6544745884211758e+18,7.871527876701674e+18,1.5357919101745596e+22,1.5364555187216726e+22,1.128973817622527,0.13742805125709623
mpp,100.0,0.5238361503334479,1.4722479298957047e-07,0.013384072089960952,1.6886930027308406e+18,7.711919495110301e+18,1.5357919101745596e+22,1.5364344767598614e+22,1.1287379524989465,0.13810321066347325
mpp,100.0,0.5238361503334479,1.4951938726302417e-07,0.013592671569365833,1.7233587010190979e+18,7.556686190468841e+18,1.5357919101745596e+22,1.5364128169751761e+22,1.128507326998784,0.13877244238543246
mpp,100.0,0.5238361503334479,1.518491230685864e-07,0.013804465733507854,1.7584575903101489e+18,7.405747613277113e+18,1.5357919101745596e+22,1.5363906613379007e+22,1.1282819292522677,0.13943567774915597
mpp,100.0,0.5238361503334479,1.542145229413025e-07,0.014019502085572955,1.7939746264692977e+18,7.259022602273964e+18,1.5357919101745596e+22,1.5363681581004399e+22,1.128061742972287,0.14009285331352656
mpp,100.0,0.5238361503334479,1.566161166963006e-07,0.014237828790572782,1.8298938762892972e+18,7.116429278925523e+18,1.5357919101745596e+22,1.5363455059921165e+22,1.127846747825549,0.14074391115633028
mpp,100.0,0.5238361503334479,1.5905444151477943e-07,0.014459494683161767,1.866198607914176e+18,6.977885195649358e+18,1.5357919101745596e+22,1.536323005208112e+22,1.1276369203011543,0.14138879917195002
mpp,100.0,0.5238361503334479,1.6153004203050185e-07,0.01468454927550017,1.9028714309503606e+18,6.843307594458031e+18,1.5357919101745596e+22,1.5363011647042201e+22,1.1274322356076125,0.1420274713809539
mpp,100.0,0.5238361503334479,1.6404347041678602e-07,0.014913042765162365,1.9398945315804058e+18,6.712613897852975e+18,1.5357919101745596e+22,1.5362809289319188e+22,1.1272326717362375,0.1426598882517874
mpp,100.0,0.5238361503334479,1.6659528647398002e-07,0.015145026043089094,1.977250100146553e+18,6.585722696329265e+18,1.5357919101745596e+22,1.5362641604659135e+22,1.1270382181557053,0.14328601703427896
mpp,100.0,0.5238361503334479,1.6918605771739475e-07,0.015380550701581341,2.0149211632268897e+18,6.462555811634992e+18,1.5357919101745596e+22,1.5362546765184675e+22,1.126848894532532,0.143905832103478
mpp,100.0,0.5238361503334479,1.718163594656804e-07,0.015619669042334583,2.0528510047303442e+18,6.343065241741875e+18,1.5357919101745596e+22,1.5362343113038175e+22,1.1266644362040386,0.1445193153095977
mpp,100.0,0.5238361503334479,1.744867749296319e-07,0.01586243408451199,2.090918794550982e+18,6.227328781433679e+18,1.5357919101745596e+22,1.5361718932240916e+22,1.1264845732002087,0.14512645608637884
mpp,100.0,0.5238361503334479,1.7719789530139395e-07,0.016108899572853996,2.1290837269338632e+18,6.11538668557404e+18,1.5357919101745596e+22,1.5360930234549488e+22,1.1263098209929532,0.14572725082290347
mpp,100.0,0.5238361503334479,1.7995031984405312e-07,0.016359119985823012,2.1672954430423519e+18,6.007250072604762e+18,1.5357919101745596e+22,1.5360122594545373e+22,1.1261404850431027,0.14632170257118163
mpp,100.0,0.5238361503334479,1.8274465598158962e-07,0.016613150543780875,2.2054993182278042e+18,5.902904748567661e+18,1.5357919101745596e+22,1.5359375429507419e+22,1.1259767304886839,0.14690982076371922
mpp,100.0,0.5238361503334479,1.855815193891665e-07,0.016871047217196955,2.2436398300457188e+18,5.802314386058096e+18,1.5357919101745596e+22,1.5358728042576223e+22,1.1258186245004658,0.14749162095456608
mpp,100.0,0.5238361503334479,1.8846153408373512e-07,0.01713286673488501,2.2816626801268698e+18,5.705423549197011e+18,1.5357919101745596e+22,1.5358195163906924e+22,1.125666163292552,0.14806712459405927
mpp,100.0,0.5238361503334479,1.9138533251492623e-07,0.01739866659226602,2.3195160760739154e+18,5.612160783985138e+18,1.5357919101745596e+22,1.5357776546804626e+22,1.1255192907531575,0.14863635884395288
mpp,100.0,0.5238361503334479,1.9435355565620198e-07,0.017668505059654727,2.3571514295280015e+18,5.522441783567616e+18,1.5357919101745596e+22,1.5357463179262274e+22,1.1253779124273753,0.14919935643595889
mpp,100.0,0.5238361503334479,1.9736685309624657e-07,0.01794244119056787,2.3945236453240817e+18,5.436172511765785e+18,1.5357919101745596e+22,1.5357241469033614e+22,1.1252419066252286,0.14975615557326777
mpp,100.0,0.5238361503334479,2.0042588313055408e-07,0.018220534830050372,2.4315911317372104e+18,5.35325212611864e+18,1.5357919101745596e+22,1.5357096092282625e+22,1.1251111333788055,0.15030679987176865
mpp,100.0,0.5238361503334479,2.0353131285319847e-07,0.018502846623018043,2.4683156332426363e+18,5.273575563737164e+18,1.5357919101745596e+22,1.5357011869280206e+22,1.1249854415268843,0.15085133833570996
mpp,100.0,0.5238361503334479,2.0668381824874192e-07,0.018789438022612903,2.504661964651671e+18,5.19703570904624e+18,1.5357919101745596e+22,1.5356974897733963e+22,1.124864674102148,0.15138982536145654
mpp,100.0,0.5238361503334479,2.0988408428425337e-07,0.019080371298568488,2.5405977051821737e+18,5.123525123233744e+18,1.5357919101745596e+22,1.535697312941701e+22,1.1247486722334117,0.15192232076270468
mpp,100.0,0.5238361503334479,2.1313280500140307e-07,0.019375709545582098,2.576092892722556e+18,5.052937362464582e+18,1.5357919101745596e+22,1.5356996555457002e+22,1.1246372778285816,0.1524488898107744
mpp,100.0,0.5238361503334479,2.1643068360860024e-07,0.01967551669169093,2.6111197431260754e+18,4.985167939243553e+18,1.5357919101745596e+22,1.5357037142398116e+22,1.1245303353206297,0.15296960328419137
mpp,100.0,0.5238361503334479,2.1977843257313156e-07,0.019979857506648324,2.645652407487119e+18,4.920114991034178e+18,1.5357919101745596e+22,1.535708863055424e+22,1.1244276927349097,0.15348453752250726
mpp,100.0,0.5238361503334479,2.2317677371326033e-07,0.020288797610296394,2.6796667720065976e+18,4.857679718299146e+18,1.5357919101745596e+22,1.5357146273441395e+22,1.124329202288605,0.15399377448007046
mpp,100.0,0.5238361503334479,2.2662643829025575e-07,0.02060240348093234,2.713140299742261e+18,4.797766646355329e+18,1.5357919101745596e+22,1.5357206568208276e+22,1.124234720680535,0.15449740177617388
mpp,100.0,0.5238361503334479,2.301281671003057e-07,0.020920742463664155,2.746051910523584e+18,4.740283755838174e+18,1.5357919101745596e+22,1.5357267004959459e+22,1.1241441091831386,0.15499551273864506
mpp,100.0,0.5238361503334479,2.3368271056625915e-07,0.021243882778750833,2.778381893881334e+18,4.685142517336092e+18,1.5357919101745596e+22,1.535732584796942e+22,1.1240572336125336,0.15548820643849567
mpp,100.0,0.5238361503334479,2.372908288291805e-07,0.0215718935299255,2.810111849414008e+18,4.632257857747787e+18,1.5357919101745596e+22,1.5357381952594512e+22,1.1239739642266313,0.1559755877137244
mpp,100.0,0.5238361503334479,2.4095329183963207e-07,0.021904844712693827,2.8412246491730806e+18,4.581548079371371e+18,1.5357919101745596e+22,1.5357434616634745e+22,1.1238941755836023,0.15645776718075813
mpp,100.0,0.5238361503334479,2.446708794486748e-07,0.022242807222606797,2.87170441711891e+18,4.5329347475181517e+18,1.5357919101745596e+22,1.535748346243055e+22,1.1238177463811063,0.15693486123236314
mpp,100.0,0.5238361503334479,2.48444381498505e-07,0.022585852863500455,2.9015365212999014e+18,4.4863425583856865e+18,1.5357919101745596e+22,1.5357528345087828e+22,1.1237445592889406,0.15740699202113184
mpp,100.0,0.5238361503334479,2.522745979127007e-07,0.022934054355700062,2.930707575039298e+18,4.441699195799632e+18,1.5357919101745596e+22,1.5357569282207595e+22,1.1236745007827291,0.1578742874278994
mpp,100.0,0.5238361503334479,2.5616233878600337e-07,0.023287485344182124,2.9592054440182236e+18,4.398935183047722e+18,1.5357919101745596e+22,1.5357606400881813e+22,1.123607460983007,0.15833688101464416
mpp,100.0,0.5238361503334479,2.601084244735974e-07,0.023646220406690677,2.9870192566920146e+18,4.357983734235526e+18,1.5357919101745596e+22,1.5357639898307362e+22,1.1235433335020197,0.1587949119616061
mpp,100.0,0.5238361503334479,2.6411368567981104e-07,0.024010335061801003,3.0141394159571983e+18,4.318780608247806e+18,1.5357919101745596e+22,1.5357670012980858e+22,1.1234820152992737,0.15924852498850928
mpp,100.0,0.5238361503334479,2.6817896354620375e-07,0.024379905776927613,3.0405576104019507e+18,4.281263967397424e+18,1.5357919101745596e+22,1.5357697003998669e+22,1.1234234065460595,0.15969787025991367
mpp,100.0,0.5238361503334479,2.7230510973895295e-07,0.02475500997626845,3.066266823822462e+18,4.245374242114335e+18,1.5357919101745596e+22,1.5357721136501738e+22,1.1233674104987346,0.1601431032748367
mpp,100.0,0.5238361503334479,2.7649298653549316e-07,0.025135726048681195,3.0912613419836913e+18,4.2110540024893553e+18,1.5357919101745596e+22,1.5357742671719685e+22,1.1233139333802775,0.16058438474090017
mpp,100.0,0.5238361503334479,2.8074346691033843e-07,0.02552213335548531,3.115536755848355e+18,4.1782478371080054e+18,1.5357919101745596e+22,1.5357761860423987e+22,1.123262884269507,0.16102188043335483
mpp,100.0,0.5238361503334479,2.850574346200175e-07,0.025914312238183412,3.139089960703445e+18,4.1469022393341655e+18,1.5357919101745596e+22,1.5357778938863536e+22,1.1232141749973048,0.16145576103942638
mpp,100.0,0.5238361503334479,2.8943578428705664e-07,0.026312344026096057,3.161919150784885e+18,4.116965501020552e+18,1.5357919101745596e+22,1.535779412650162e+22,1.1231677200492236,0.1618862019885127
mpp,100.0,0.5238361503334479,2.9387942148292916e-07,0.026716311043902652,3.1840238091414963e+18,4.088387613490167e+18,1.5357919101745596e+22,1.5357807625013025e+22,1.1231234364738407,0.16231338326883926
mpp,100.0,0.5238361503334479,2.9838926280991484e-07,0.027126296619083168,3.2054046926003364e+18,4.0611201755556833e+18,1.5357919101745596e+22,1.5357819618165862e+22,1.123081243796339,0.16273748923125553
mpp,100.0,0.5238361503334479,3.029662359817677e-07,0.02754238508925161,3.2260638117926134e+18,4.0351163082880584e+18,1.5357919101745596e+22,1.5357830272285292e+22,1.1230410639367963,0.1631587083809192
mpp,100.0,0.5238361503334479,3.076112799031355e-07,0.027964661809375957,3.246004406284479e+18,4.010330576221576e+18,1.5357919101745596e+22,1.5357839737102386e+22,1.1230028211327814,0.1635772331576832
mpp,100.0,0.5238361503334479,3.12325344747639e-07,0.028393213158876274,3.265230914925438e+18,3.986718914665712e+18,1.5357919101745596e+22,1.5357848146820752e+22,1.1229664418658698,0.16399325970605466
mpp,100.0,0.5238361503334479,3.17109392034528e-07,0.028828126548593458,3.2837489415876475e+18,3.964238562793612e+18,1.5357919101745596e+22,1.5357855621302018e+22,1.1229318547917697,0.16440698763564973
mpp,100.0,0.5238361503334479,3.2196439470382796e-07,0.029269490427620726,3.30156521651756e+18,3.9428480021830226e+18,1.5357919101745596e+22,1.5357862267293574e+22,1.1228989906738147,0.16481861977311602
mpp,100.0,0.5238361503334479,3.2689133718989104e-07,0.029717394289990096,3.3186875535642056e+18,3.922506900489391e+18,1.5357919101745596e+22,1.5357868179641407e+22,1.122867782319585,0.16522836190653586
mpp,100.0,0.5238361503334479,3.318912154932562e-07,0.030171928681205107,3.3351248035822336e+18,3.903176059945917e+18,1.5357919101745596e+22,1.5357873442461026e+22,1.1228381645204946,0.16563642252336183
mpp,100.0,0.5238361503334479,3.369650372507253e-07,0.03063318520461139,3.3508868043364214e+18,3.8848173703939077e+18,1.5357919101745596e+22,1.5357878130239236e+22,1.12281007399419,0.1660430125429645
mpp,100.0,0.5238361503334479,3.4211382180356256e-07,0.0311012565275966,3.3659843272583414e+18,3.8673937665596933e+18,1.5357919101745596e+22,1.5357882308860955e+22,1.1227834493296456,0.1664483450448997
mpp,100.0,0.5238361503334479,3.4733860026371343e-07,0.03157623638761031,3.3804290214223514e+18,3.8508691893042534e+18,1.5357919101745596e+22,1.5357886036549936e+22,1.1227582309348498,0.16685263499401848
mpp,100.0,0.5238361503334479,3.5264041557793443e-07,0.03205821959799404,3.3942333551224806e+18,3.835208550582783e+18,1.5357919101745596e+22,1.5357889364724158e+22,1.122734360986995,0.16725609896355578
mpp,100.0,0.5238361503334479,3.5802032258974794e-07,0.03254730205361345,3.407410555440771e+18,3.820377701860961e+18,1.5357919101745596e+22,1.5357892338774417e+22,1.1227117833851072,0.16765895485733986
mpp,100.0,0.5238361503334479,3.6347938809909277e-07,0.033043580736281164,3.4199745462020204e+18,3.8063434057400566e+18,1.5357919101745596e+22,1.5357894998756472e+22,1.1226904437050247,0.16806142163226143
mpp,100.0,0.5238361503334479,3.69018690919575e-07,0.033547153719961365,3.431939884711632e+18,3.793073310554893e+18,1.5357919101745596e+22,1.5357897380015783e+22,1.1226702891566755,0.16846371902213447
mpp,100.0,0.5238361503334479,3.74639321933195e-07,0.034058120175745,3.443321697670045e+18,3.780535927711043e+18,1.5357919101745596e+22,1.5357899513741621e+22,1.1226512685435734,0.16886606726406483
mpp,100.0,0.5238361503334479,3.803423841424418e-07,0.03457658037658562,3.454135616652641e+18,3.768700611535833e+18,1.5357919101745596e+22,1.5357901427459544e+22,1.1226333322244662,0.1692686868284221
mpp,100.0,0.5238361503334479,3.8612899271962657e-07,0.035102635701784235,3.464397713532697e+18,3.757537541422528e+18,1.5357919101745596e+22,1.5357903145467449e+22,1.1226164320770484,0.16967179815348105
mpp,100.0,0.5238361503334479,3.9200027505334535e-07,0.03563638864121321,3.4741244362158996e+18,3.747017706052172e+18,1.5357919101745596e+22,1.5357904689222962e+22,1.1226005214636723,0.17007562138576587
mpp,100.0,0.5238361503334479,3.9795737079193217e-07,0.03617794279926656,3.483332545036533e+18,3.7371128894826465e+18,1.5357919101745596e+22,1.535790607768303e+22,1.1225855551989374,0.17048037612708922
mpp,100.0,0.5238361503334479,4.0400143188377985e-07,0.03672740289852544,3.4920390501515786e+18,3.7277956588995743e+18,1.5357919101745596e+22,1.5357907327603345e+22,1.1225714895190835,0.17088628118923083
mpp,100.0,0.5238361503334479,4.1013362261439735e-07,0.03728487478312703,3.5002611502468434e+18,3.719039353830066e+18,1.5357919101745596e+22,1.535790845380626e+22,1.1225582820530675,0.1712935543571516
mpp,100.0,0.5238361503334479,4.163551196400648e-07,0.037850465421824075,3.5080161728489585e+18,3.710818076621996e+18,1.5357919101745596e+22,1.5357909469407415e+22,1.122545891795191,0.17170241216157958
mpp,100.0,0.5238361503334479,4.2266711201795267e-07,0.03842428291072297,3.51532151651421e+18,3.703106684005154e+18,1.5357919101745596e+22,1.5357910386026048e+22,1.1225342790791928,0.17211306966174456
mpp,100.0,0.5238361503334479,4.290708012325603e-07,0.0390064364756873,3.522194595139464e+18,3.695880779547634e+18,1.5357919101745596e+22,1.5357911213961852e+22,1.1225234055536333,0.172525740238972
mpp,100.0,0.5238361503334479,4.3556740121832605e-07,0.03959703647439328,3.5286527846161756e+18,3.689116706835615e+18,1.5357919101745596e+22,1.5357911962351485e+22,1.122513234158458,0.17294063540177815
mpp,100.0,0.5238361503334479,4.4215813837827274e-07,0.0401961943980248,3.534713372022322e+18,3.6827915432089037e+18,1.5357919101745596e+22,1.5357912639310857e+22,1.1225037291026,0.17335796460303657
mpp,100.0,0.5238361503334479,4.4884425159851984e-07,0.040804022872592716,3.5403935075190717e+18,3.67688309389219e+18,1.5357919101745596e+22,1.5357913252054503e+22,1.1224948558424626,0.17377793506970998
mpp,100.0,0.5238361503334479,4.556269922585227e-07,0.0414206356598657,3.5457101590937324e+18,3.6713698863730683e+18,1.5357919101745596e+22,1.535791380700069e+22,1.1224865810611533,0.1742007516455666
mpp,100.0,0.5238361503334479,4.625076242368779e-07,0.04204614765789799,3.5506800702641367e+18,3.666231164886415e+18,1.5357919101745596e+22,1.5357914309869609e+22,1.122478872648321,0.17462661664722168
mpp,100.0,0.5238361503334479,4.694874239125256e-07,0.04268067490113869,3.5553197208316667e+18,3.6614468848725473e+18,1.5357919101745596e+22,1.5357914765761844e+22,1.1224716996804474,0.17505572973376343
mpp,100.0,0.5238361503334479,4.765676801611914e-07,0.04332433456010831,3.559645290746796e+18,3.656997707290857e+18,1.5357919101745596e+22,1.5357915179232906e+22,1.1224650324014624,0.17548828779014708
mpp,100.0,0.5238361503334479,4.837496943469012e-07,0.04397724494062738,3.563672627125536e+18,3.6528649926775455e+18,1.5357919101745596e+22,1.5357915554356081e+22,1.1224588422035509,0.17592448482445958
mpp,100.0,0.5238361503334479,4.910347803083952e-07,0.04463952548258138,3.5674172144310246e+18,3.6490307948500306e+18,1.5357919101745596e+22,1.5357915894777769e+22,1.1224531016080157,0.17636451187907945
mpp,100.0,0.5238361503334479,4.984242643402648e-07,0.04531129675820589,3.57089414781395e+18,3.645477854170149e+18,1.5357919101745596e+22,1.5357916203767334e+22,1.122447784246092,0.17680855695568024
mpp,100.0,0.5238361503334479,5.059194851686406e-07,0.045992680469876424,3.574118109583066e+18,3.642189590290388e+18,1.5357919101745596e+22,1.5357916484260229e+22,1.122442864839588,0.1772568049539512
mpp,100.0,0.5238361503334479,5.135217939212421e-07,0.046683799447385654,3.5771033487586033e+18,3.639150094319183e+18,1.5357919101745596e+22,1.5357916738895078e+22,1.1224383191812677,0.17770943762383587
mpp,100.0,0.5238361503334479,5.212325540916164e-07,0.0473847776446924,3.5798636636432753e+18,3.636344120352605e+18,1.5357919101745596e+22,1.5357916970047857e+22,1.1224341241148792,0.17816663353102075
mpp,100.0,0.5238361503334479,5.290531414973651e-07,0.04809574013612411,3.582412387329652e+18,3.633757076330598e+18,1.5357919101745596e+22,1.5357917179860237e+22,1.1224302575147524,0.17862856803533989
mpp,100.0,0.5238361503334479,5.369849442321835e-07,0.04881681311201669,3.584762376047932e+18,3.6313750141888973e+18,1.5357919101745596e+22,1.5357917370266455e+22,1.1224266982649118,0.17909541328169853
mpp,100.0,0.5238361503334479,5.450293626115079e-07,0.04954812387377344,3.5869260002457866e+18,3.629184619286273e+18,1.5357919101745596e+22,1.5357917543015882e+22,1.1224234262376398,0.17956733820306206
mpp,100.0,0.5238361503334479,5.531878091115703e-07,0.05028980082832457,3.588915138280319e+18,3.6271731990988733e+18,1.5357919101745596e+22,1.5357917699691262e+22,1.1224204222714615,0.1800445085350011
mpp,100.0,0.5238361503334479,5.614617083016814e-07,0.05104197348197104,3.590741172593208e+18,3.625328671184414e+18,1.5357919101745596e+22,1.5357917841729547e+22,1.1224176681485332,0.1805270868412374
mpp,100.0,0.5238361503334479,5.698524967695082e-07,0.05180477243359166,3.592414988231932e+18,3.6236395504248095e+18,1.5357919101745596e+22,1.5357917970433684e+22,1.122415146571397,0.18101523254958837
mpp,100.0,0.5238361503334479,5.783616230391752e-07,0.05257832936719775,3.593946973574284e+18,3.6220949355702124e+18,1.5357919101745596e+22,1.5357918086990184e+22,1.1224128411391405,0.1815091019976739
mpp,100.0,0.5238361503334479,5.869905474819483e-07,0.05336277704381348,3.595347023106963e+18,3.6206844951100196e+18,1.5357919101745596e+22,1.535791819247665e+22,1.122410736322931,0.18200884848771018
mpp,100.0,0.5238361503334479,5.957407422193069e-07,0.05415824929266427,3.5966245421085624e+18,3.6193984525098916e+18,1.5357919101745596e+22,1.5357918287877718e+22,1.1224088174409927,0.1825146223496937
mpp,100.0,0.5238361503334479,6.0461369101819e-07,0.05496488100165364,3.5977884530817787e+18,3.6182275708540416e+18,1.5357919101745596e+22,1.5357918374088967e+22,1.1224070706330165,0.18302657101225298
mpp,100.0,0.5238361503334479,6.136108891781953e-07,0.05578280810710867,3.598847203782105e+18,3.6171631369454884e+18,1.5357919101745596e+22,1.5357918451929818e+22,1.1224054828340893,0.18354483908043034
mpp,100.0,0.5238361503334479,6.227338434105047e-07,0.056612167582773154,3.599808776688066e+18,3.616196944915407e+18,1.5357919101745596e+22,1.535791852214919e+22,1.1224040417481636,0.18406956841964467
mpp,100.0,0.5238361503334479,6.319840717083361e-07,0.057453097428030564,3.6006806997613353e+18,3.6153212794014346e+18,1.5357919101745596e+22,1.535791858543042e+22,1.1224027358211424,0.18460089824508255
mpp,100.0,0.5238361503334479,6.413631032086649e-07,0.058305736655333174,3.6014700583469184e+18,3.614528898357779e+18,1.5357919101745596e+22,1.535791864239956e+22,1.122401554213653,0.1851389652157614
mpp,100.0,0.5238361503334479,6.508724780450197e-07,0.05917022527681998,3.6021835080664187e+18,3.6138130155608806e+18,1.5357919101745596e+22,1.5357918693630274e+22,1.122400486773566,0.18568390353251796
mpp,100.0,0.5238361503334479,6.605137471910994e-07,0.06004670429009995,3.6028272885625815e+18,3.613167282877801e+18,1.5357919101745596e+22,1.5357918739646908e+22,1.1223995240083535,0.1862358450391815
mpp,100.0,0.5238361503334479,6.702884722950026e-07,0.060935315663182055,3.603407237957526e+18,3.612585772365826e+18,1.5357919101745596e+22,1.5357918780929499e+22,1.1223986570573563,0.18679491932620862
mpp,100.0,0.5238361503334479,6.80198225503809e-07,0.0618362023185281,3.6039288078925716e+18,3.612062958271938e+18,1.5357919101745596e+22,1.5357918817918474e+22,1.1223978776640542,0.18736125383607283
mpp,100.0,0.5238361503334479,6.902445892783118e-07,0.06274950811621016,3.604397079024046e+18,3.6115936989985075e+18,1.5357919101745596e+22,1.5357918851016067e+22,1.1223971781484063,0.18793497396972822
mpp,100.0,0.5238361503334479,7.004291561976294e-07,0.06367537783614813,3.60481677685568e+18,3.611173219104683e+18,1.5357919101745596e+22,1.5357918880591447e+22,1.12239655137937,0.1885162031934902
mpp,100.0,0.5238361503334479,7.107535287534933e-07,0.06461395715940849,3.6051922877950167e+18,3.610797091405914e+18,1.5357919101745596e+22,1.5357918906981806e+22,1.122395990747653,0.18910506314570869
mpp,100.0,0.5238361503334479,7.212193191339467e-07,0.06556539264854061,3.6055276753285576e+18,3.610461219237076e+18,1.5357919101745596e+22,1.5357918930495315e+22,1.122395490138805,0.18970167374264124
mpp,100.0,0.5238361503334479,7.31828148996233e-07,0.06652983172693028,3.605826696217735e+18,3.610161818937475e+18,1.5357919101745596e+22,1.5357918951413842e+22,1.1223950439067092,0.1903061532829679
mpp,100.0,0.5238361503334479,7.425816492286187e-07,0.06750742265714715,3.606092816625623e+18,3.6098954026152883e+18,1.5357919101745596e+22,1.5357918969995576e+22,1.122394646847561,0.1909186185504287
mpp,100.0,0.5238361503334479,7.53481459700921e-07,0.06849831451826555,3.606329228090959e+18,3.609658761243945e+18,1.5357919101745596e+22,1.5357918986474478e+22,1.1223942941743874,0.19153918491410363
mpp,100.0,0.5238361503334479,7.645292290034978e-07,0.06950265718213616,3.606538863275556e+18,3.609448948139884e+18,1.5357919101745596e+22,1.5357919001064761e+22,1.1223939814921924,0.19216796642589418
mpp,100.0,0.5238361503334479,7.75726614174454e-07,0.07052060128858673,3.606724411416281e+18,3.6092632628660137e+18,1.5357919101745596e+22,1.5357919013961214e+22,1.1223937047737707,0.19280507591480808
mpp,100.0,0.5238361503334479,7.870752804148289e-07,0.07155229821952991,3.606888333422954e+18,3.6090992356003773e+18,1.5357919101745596e+22,1.5357919025341271e+22,1.1223934603362506,0.19345062507768931
mpp,100.0,0.5238361503334479,7.985769007915122e-07,0.07259790007195566,3.6070328765684516e+18,3.608954612006047e+18,1.5357919101745596e+22,1.5357919035365127e+22,1.1223932448184146,0.19410472456607775
mpp,100.0,0.5238361503334479,8.10233155927669e-07,0.0736575596297881,3.6071600887266237e+18,3.608827338632377e+18,1.5357919101745596e+22,1.5357919044179337e+22,1.1223930551588328,0.19476748406892475
mpp,100.0,0.5238361503334479,8.220457336804192e-07,0.07473143033458357,3.6072718321187046e+18,3.608715548872727e+18,1.5357919101745596e+22,1.5357919051915396e+22,1.1223928885748489,0.1954390123909297
mpp,100.0,0.5238361503334479,8.34016328805534e-07,0.07581966625504855,3.6073697965369697e+18,3.608617549500553e+18,1.5357919101745596e+22,1.5357919058692252e+22,1.1223927425424425,0.19611941752630388
mpp,100.0,0.5238361503334479,8.461466426089286e-07,0.07692242205535715,3.6074555120198395e+18,3.6085318077994015e+18,1.5357919101745596e+22,1.5357919064618588e+22,1.122392614776995,0.19680880672780543
mpp,100.0,0.5238361503334479,8.584383825846971e-07,0.0780398529622452,3.607530360959322e+18,3.608456939297163e+18,1.5357919101745596e+22,1.5357919069790766e+22,1.122392503214959,0.19750728657092592
mpp,100.0,0.5238361503334479,8.708932620394697e-07,0.07917211473086089,3.607595589626371e+18,3.608391696114589e+18,1.5357919101745596e+22,1.5357919074295866e+22,1.122392405996463,0.19821496301314354
mpp,100.0,0.5238361503334479,8.835129997028664e-07,0.08031936360935149,3.607652319106479e+18,3.6083349559281275e+18,1.5357919101745596e+22,1.5357919078212346e+22,1.1223923214488305,0.1989319414481923
mpp,100.0,0.5238361503334479,8.962993193238147e-07,0.08148175630216498,3.607701555641073e+18,3.6082857115475077e+18,1.5357919101745596e+22,1.5357919081610485e+22,1.1223922480710278,0.19965832675532477
mpp,100.0,0.5238361503334479,9.092539492525114e-07,0.08265944993204649,3.607744200375915e+18,3.6082430611031235e+18,1.5357919101745596e+22,1.5357919084552921e+22,1.1223921845190206,0.20039422334357668
mpp,100.0,0.5238361503334479,9.223786220078049e-07,0.08385260200070954,3.6077810585212677e+18,3.6082061988351386e+18,1.5357919101745596e+22,1.5357919087095414e+22,1.1223921295920354,0.2011397351910649
mpp,100.0,0.5238361503334479,9.356750738297962e-07,0.0850613703481633,3.6078128479324093e+18,3.6081744064730844e+18,1.5357919101745596e+22,1.53579190892874e+22,1.1223920822197018,0.20189496587937839
mpp,100.0,0.5238361503334479,9.491450442174411e-07,0.08628591311067646,3.607840207122079e+18,3.6081470451922975e+18,1.5357919101745596e+22,1.5357919091173836e+22,1.1223920414500579,0.2026600186231361
mpp,100.0,0.5238361503334479,9.627902754509441e-07,0.08752638867735857,3.607863702719481e+18,3.608123548130181e+18,1.5357919101745596e+22,1.5357919092793464e+22,1.1223920064383917,0.20343499629481102
mpp,100.0,0.5238361503334479,9.766125120987632e-07,0.08878295564534211,3.607883836393043e+18,3.6081034134449075e+18,1.5357919101745596e+22,1.535791909418109e+22,1.1223919764368924,0.2042200014449305
mpp,100.0,0.5238361503334479,9.906135005090058e-07,0.09005577277354598,3.6079010512555674e+18,3.6080861978955377e+18,1.5357919101745596e+22,1.5357919095367494e+22,1.1223919507850795,0.2050151363177794
mpp,100.0,0.5238361503334479,1.0047949882850608e-06,0.09134499893500553,3.607915737773035e+18,3.608071510922004e+18,1.5357919101745596e+22,1.5357919096379734e+22,1.1223919289009803,0.20582050286274287
mpp,100.0,0.5238361503334479,1.0191587237452651e-06,0.09265079306775137,3.607928239198514e+18,3.6080590092023926e+18,1.5357919101745596e+22,1.5357919097240836e+22,1.1223919102730135,0.20663620274143513
mpp,100.0,0.5238361503334479,1.0337064553664431e-06,0.09397331412422211,3.6079388565550623e+18,3.608048391664147e+18,1.5357919101745596e+22,1.5357919097972406e+22,1.1223918944525595,0.20746233733076658
mpp,100.0,0.5238361503334479,1.0484399312111567e-06,0.09531272101919608,3.6079478531906263e+18,3.6080393949235067e+18,1.5357919101745596e+22,1.5357919098592343e+22,1.1223918810471587,0.20829900772210763
mpp,100.0,0.5238361503334479,1.0633608983385028e-06,0.09666917257622754,3.6079554589297736e+18,3.608031789130589e+18,1.5357919101745596e+22,1.5357919099116579e+22,1.122391869714321,0.20914631471670975
mpp,100.0,0.5238361503334479,1.0784711021983284e-06,0.09804282747257531,3.6079618738463457e+18,3.608025374193482e+18,1.5357919101745596e+22,1.5357919099558314e+22,1.1223918601558975,0.21000435881754703
mpp,100.0,0.5238361503334479,1.0937722860087129e-06,0.09943384418261025,3.6079672716814275e+18,3.608019976358805e+18,1.5357919101745596e+22,1.5357919099929993e+22,1.1223918521129892,0.2108732402177395
mpp,100.0,0.5238361503334479,1.1092661901166052e-06,0.10084238091969139,3.6079718029307474e+18,3.608015445122311e+18,1.5357919101745596e+22,1.5357919100242198e+22,1.1223918453613375,0.21175305878572007
mpp,100.0,0.5238361503334479,1.124954551341493e-06,0.10226859557649937,3.6079755976252554e+18,3.6080116504473825e+18,1.5357919101745596e+22,1.5357919100503987e+22,1.1223918397071837,0.21264391404730226
mpp,100.0,0.5238361503334479,1.140839102302004e-06,0.10371264566381855,3.607978767827438e+18,3.608008480267567e+18,1.5357919101745596e+22,1.535791910072202e+22,1.1223918349835433,0.21354590516480385
mpp,100.0,0.5238361503334479,1.1569215707253575e-06,0.10517468824775977,3.607981409866232e+18,3.6080058382517146e+18,1.5357919101745596e+22,1.5357919100904147e+22,1.1223918310468808,0.21445913091337662
mpp,100.0,0.5238361503334479,1.1732036787395748e-06,0.10665487988541589,3.6079836063315246e+18,3.608003641808398e+18,1.5357919101745596e+22,1.5357919101055285e+22,1.1223918277741323,0.21538368965468577
mpp,100.0,0.5238361503334479,1.1896871421484001e-06,0.10815337655894547,3.6079854278487373e+18,3.6080018203115003e+18,1.5357919101745596e+22,1.5357919101180887e+22,1.1223918250600626,0.21631967930807885
mpp,100.0,0.5238361503334479,1.2063736696888767e-06,0.1096703336080797,3.6079869346532526e+18,3.6080003135251804e+18,1.5357919101745596e+22,1.5357919101284774e+22,1.1223918228149197,0.21726719731937674
mpp,100.0,0.5238361503334479,1.2232649622715382e-06,0.11120590566104893,3.6079881779825884e+18,3.607999070211768e+18,1.5357919101745596e+22,1.5357919101370438e+22,1.122391820962356,0.21822634062741128
mpp,100.0,0.5238361503334479,1.2403627122032033e-06,0.11276024656392758,3.607989201304068e+18,3.6079980469040655e+18,1.5357919101745596e+22,1.5357919101440932e+22,1.1223918194376066,0.2191972056284303
mpp,100.0,0.5238361503334479,1.2576686023923764e-06,0.11433350930839786,3.607990041393748e+18,3.60799720682609e+18,1.5357919101745596e+22,1.5357919101498658e+22,1.122391818185873,0.22017988813848186
mpp,100.0,0.5238361503334479,1.275184305537256e-06,0.11592584595793237,3.607990729282186e+18,3.60799651894754e+18,1.5357919101745596e+22,1.5357919101546018e+22,1.1223918171609197,0.22117448335388257
mpp,100.0,0.5238361503334479,1.292911483296395e-06,0.11753740757239955,3.607991291080334e+18,3.607995957157737e+18,1.5357919101745596e+22,1.5357919101585086e+22,1.1223918163238422,0.22218108580987073
mpp,100.0,0.5238361503334479,1.3108517854420548e-06,0.1191683441310959,3.607991748698994e+18,3.6079954995458396e+18,1.5357919101745596e+22,1.5357919101616078e+22,1.1223918156419903,0.2231997893375339
mpp,100.0,0.5238361503334479,1.3290068489963223e-06,0.12081880445421112,3.6079921204735416e+18,3.6079951277769943e+18,1.5357919101745596e+22,1.535791910164183e+22,1.1223918150880474,0.22423068701909937
mpp,100.0,0.5238361503334479,1.3473782973500965e-06,0.12248893612273604,3.607992421704319e+18,3.607994826550862e+18,1.5357919101745596e+22,1.5357919101662672e+22,1.1223918146392144,0.22527387114166753
mpp,100.0,0.5238361503334479,1.365967739365027e-06,0.12417888539682065,3.6079926651232517e+18,3.6079945831357824e+18,1.5357919101745596e+22,1.5357919101679588e+22,1.1223918142765212,0.2263294331494611
mpp,100.0,0.5238361503334479,1.384776768458562e-06,0.12588879713259654,3.6079928612948275e+18,3.607994386967222e+18,1.5357919101745596e+22,1.5357919101692791e+22,1.122391813984226,0.22739746359466168
mpp,100.0,0.5238361503334479,1.4038069616722303e-06,0.1276188146974755,3.607993018960187e+18,3.6079942293043753e+18,1.5357919101745596e+22,1.5357919101703812e+22,1.1223918137493054,0.2284780520868964
mpp,100.0,0.5238361503334479,1.4230598787233641e-06,0.1293690798839422,3.6079931453309804e+18,3.6079941029356206e+18,1.5357919101745596e+22,1.5357919101712652e+22,1.1223918135610134,0.22957128724143644
mpp,100.0,0.5238361503334479,1.4425370610404372e-06,0.13113973282185792,3.607993246339708e+18,3.607994001928481e+18,1.5357919101745596e+22,1.5357919101719417e+22,1.1223918134105106,0.2306772566261625
mpp,100.0,0.5238361503334479,1.462240030782253e-06,0.13293091188929573,3.607993326852529e+18,3.6079939214169656e+18,1.5357919101745596e+22,1.5357919101725092e+22,1.122391813290547,0.23179604670735104
mpp,100.0,0.5238361503334479,1.4821702898412239e-06,0.13474275362192945,3.607993390849146e+18,3.607993857421342e+18,1.5357919101745596e+22,1.5357919101729458e+22,1.122391813195192,0.23292774279432937
mpp,100.0,0.5238361503334479,1.5023293188310152e-06,0.13657539262100138,3.6079934415747236e+18,3.607993806696585e+18,1.5357919101745596e+22,1.535791910173284e+22,1.1223918131196111,0.23407242898304775
mpp,100.0,0.5238361503334479,1.5227185760588555e-06,0.13842896145989597,3.6079934816676383e+18,3.6079937666043453e+18,1.5357919101745596e+22,1.5357919101735787e+22,1.1223918130598731,0.23523018809861315
mpp,100.0,0.5238361503334479,1.5433394964828389e-06,0.140303590589349,3.607993513266435e+18,3.6079937350060503e+18,1.5357919101745596e+22,1.535791910173786e+22,1.122391813012791,0.23640110163682626
mpp,100.0,0.5238361503334479,1.5641934906545607e-06,0.1421994082413237,3.607993538099405e+18,3.6079937101734574e+18,1.5357919101745596e+22,1.5357919101739606e+22,1.1223918129757897,0.23758524970476405
mpp,100.0,0.5238361503334479,1.585281943647488e-06,0.14411654033158983,3.6079935575590344e+18,3.607993690714189e+18,1.5357919101745596e+22,1.5357919101741133e+22,1.1223918129467956,0.23878271096044795
mpp,100.0,0.5238361503334479,1.6066062139714432e-06,0.1460551103610403,3.607993572763849e+18,3.6079936755095757e+18,1.5357919101745596e+22,1.5357919101741896e+22,1.1223918129241397,0.23999356255163518
mpp,100.0,0.5238361503334479,1.6281676324736676e-06,0.14801523931578797,3.607993584609596e+18,3.607993663664027e+18,1.5357919101745596e+22,1.535791910174277e+22,1.12239181290649,0.2412178800537742
mpp,100.0,0.5238361503334479,1.6499675012269185e-06,0.1499970455660835,3.607993593811313e+18,3.607993654462425e+18,1.5357919101745596e+22,1.5357919101743207e+22,1.122391812892779,0.24245573740716111
mpp,100.0,0.5238361503334479,1.6720070924050911e-06,0.1520006447640992,3.6079936009381443e+18,3.607993647335735e+18,1.5357919101745596e+22,1.535791910174397e+22,1.1223918128821604,0.2437072068533355
mpp,100.0,0.5238361503334479,1.6942876471469117e-06,0.15402614974062834,3.6079936064416087e+18,3.6079936418323727e+18,1.5357919101745596e+22,1.5357919101744298e+22,1.1223918128739603,0.2449723588707554
mpp,100.0,0.5238361503334479,1.7168103744082338e-06,0.15607367040074854,3.607993610678869e+18,3.6079936375951995e+18,1.5357919101745596e+22,1.5357919101744625e+22,1.1223918128676469,0.24625126210978865
mpp,100.0,0.5238361503334479,1.7395764498035548e-06,0.15814331361850498,3.6079936139314504e+18,3.6079936343426115e+18,1.5357919101745596e+22,1.5357919101744625e+22,1.1223918128628003,0.24754398332706207
mpp,100.0,0.5238361503334479,1.762587014437358e-06,0.16023518313066892,3.607993616420768e+18,3.607993631853397e+18,1.5357919101745596e+22,1.535791910174506e+22,1.1223918128590915,0.24885058731920834
mpp,100.0,0.5238361503334479,1.7858431737259404e-06,0.16234937942963096,3.607993618320122e+18,3.6079936299540644e+18,1.5357919101745596e+22,1.5357919101745172e+22,1.1223918128562613,0.25017113685605197
mpp,100.0,0.5238361503334479,1.8093459962104148e-06,0.16448599965549227,3.60799361976496e+18,3.607993628509201e+18,1.5357919101745596e+22,1.5357919101745172e+22,1.1223918128541084,0.2515056926132774
mpp,100.0,0.5238361503334479,1.8330965123615917e-06,0.16664513748741744,3.607993620860728e+18,3.6079936274135066e+18,1.5357919101745596e+22,1.53579191017455e+22,1.1223918128524761,0.2528543131046223
mpp,100.0,0.5238361503334479,1.857095713377516e-06,0.16882688303431964,3.607993621689211e+18,3.607993626585027e+18,1.5357919101745596e+22,1.535791910174539e+22,1.1223918128512416,0.2542170546136432
mpp,100.0,0.5238361503334479,1.8813445499744301e-06,0.1710313227249482,3.607993622313677e+18,3.607993625960529e+18,1.5357919101745596e+22,1.5357919101745281e+22,1.1223918128503108,0.25559397112509785
mpp,100.0,0.5238361503334479,1.9058439311719748e-06,0.17325853919745227,3.607993622782931e+18,3.607993625491298e+18,1.5357919101745596e+22,1.535791910174539e+22,1.1223918128496115,0.25698511425599385
mpp,100.0,0.5238361503334479,1.9305947230735074e-06,0.1755086111885007,3.607993623134479e+18,3.6079936251397944e+18,1.5357919101745596e+22,1.5357919101745608e+22,1.122391812849088,0.25839053318635435
mpp,100.0,0.5238361503334479,1.9555977476423834e-06,0.17778161342203486,3.6079936233969915e+18,3.6079936248772367e+18,1.5357919101745596e+22,1.535791910174539e+22,1.1223918128486965,0.2598102745897488
mpp,100.0,0.5238361503334479,1.980853781475158e-06,0.18007761649774162,3.607993623592443e+18,3.607993624681808e+18,1.5357919101745596e+22,1.53579191017455e+22,1.1223918128484056,0.2612443825636461
mpp,100.0,0.5238361503334479,2.0063635545726346e-06,0.1823966867793304,3.6079936237374996e+18,3.6079936245367383e+18,1.5357919101745596e+22,1.535791910174539e+22,1.1223918128481893,0.2626928985596423
mpp,100.0,0.5238361503334479,2.0321277491097545e-06,0.18473888628270496,3.60799362384482e+18,3.607993624429447e+18,1.5357919101745596e+22,1.53579191017455e+22,1.1223918128480297,0.26415586131361923
mpp,100.0,0.5238361503334479,2.0581469982053558e-06,0.18710427256412326,3.607993623923978e+18,3.607993624350282e+18,1.5357919101745596e+22,1.53579191017455e+22,1.1223918128479116,0.2656333067758954
mpp,100.0,0.5238361503334479,2.0844218846928104e-06,0.18949289860843732,3.607993623982157e+18,3.6079936242920714e+18,1.5357919101745596e+22,1.535791910174539e+22,1.1223918128478247,0.2671252680414237
mpp,100.0,0.5238361503334479,2.110952939892684e-06,0.19190481271751675,3.6079936240248156e+18,3.6079936242494444e+18,1.5357919101745596e+22,1.5357919101745608e+22,1.1223918128477615,0.2686317752801042
mpp,100.0,0.5238361503334479,2.1377406423884723e-06,0.19434005839895202,3.60799362405599e+18,3.607993624218293e+18,1.5357919101745596e+22,1.5357919101745608e+22,1.1223918128477153,0.27015285566726926
mpp,100.0,0.5238361503334479,2.164785416806599e-06,0.19679867425514536,3.6079936240786714e+18,3.6079936241955635e+18,1.5357919101745596e+22,1.535791910174539e+22,1.1223918128476809,0.2716885333144117
mpp,100.0,0.5238361503334479,2.1920876326018336e-06,0.199280693872894,3.6079936240951654e+18,3.6079936241791114e+18,1.5357919101745596e+22,1.5357919101745608e+22,1.1223918128476567,0.2732388292002182
mpp,100.0,0.5238361503334479,2.2196476028493208e-06,0.20178614571357462,3.6079936241070797e+18,3.607993624167168e+18,1.5357919101745596e+22,1.535791910174539e+22,1.1223918128476384,0.27480376110197935
mpp,100.0,0.5238361503334479,2.2474655830444835e-06,0.20431505300404396,3.6079936241156936e+18,3.6079936241585894e+18,1.5357919101745596e+22,1.5357919101745608e+22,1.1223918128476262,0.2763833435274461
mpp,100.0,0.5238361503334479,2.2755417699120383e-06,0.20686743362836713,3.6079936241218683e+18,3.6079936241523855e+18,1.5357919101745596e+22,1.53579191017455e+22,1.1223918128476167,0.2779775876472019
mpp,100.0,0.5238361503334479,2.3038763002254197e-06,0.20944330002049272,3.6079936241263196e+18,3.607993624147938e+18,1.5357919101745596e+22,1.53579191017455e+22,1.12239181284761,0.2795865012276283
mpp,100.0,0.5238361503334479,2.3324692496379275e-06,0.2120426590579934,3.6079936241294797e+18,3.6079936241448003e+18,1.5357919101745596e+22,1.5357919101745608e+22,1.1223918128476054,0.2812100885645337
mpp,100.0,0.5238361503334479,2.3613206315269245e-06,0.21466551195699313,3.6079936241317417e+18,3.6079936241425377e+18,1.5357919101745596e+22,1.5357919101745608e+22,1.122391812847602,0.2828483504175247
mpp,100.0,0.5238361503334479,2.390430395852468e-06,0.2173118541684062,3.6079936241333535e+18,3.6079936241409485e+18,1.5357919101745596e+22,1.5357919101745608e+22,1.1223918128475998,0.2845012839451956
mpp,100.0,0.5238361503334479,2.4197984280317437e-06,0.21998167527561308,3.6079936241344655e+18,3.607993624139782e+18,1.5357919101745596e+22,1.53579191017455e+22,1.1223918128475978,0.28616888264121615
mpp,100.0,0.5238361503334479,2.449424547830708e-06,0.22267495889370076,3.6079936241352924e+18,3.6079936241389937e+18,1.5357919101745596e+22,1.5357919101745608e+22,1.122391812847597,0.28785113627139636
mpp,100.0,0.5238361503334479,2.4793085082743803e-06,0.2253916825703982,3.6079936241358305e+18,3.6079936241384136e+18,1.5357919101745596e+22,1.53579191017455e+22,1.1223918128475958,0.2895480308118091
mpp,100.0,0.5238361503334479,2.509449994577191e-06,0.22813181768883556,3.607993624136225e+18,3.607993624138029e+18,1.5357919101745596e+22,1.53579191017455e+22,1.1223918128475954,0.2912595483880532
mpp,100.0,0.5238361503334479,2.5398486230948953e-06,0.2308953293722632,3.6079936241365135e+18,3.6079936241377664e+18,1.5357919101745596e+22,1.53579191017455e+22,1.122391812847595,0.2929856672157398
mpp,100.0,0.5238361503334479,2.5705039402994796e-06,0.2336821763908618,3.6079936241366927e+18,3.607993624137571e+18,1.5357919101745596e+22,1.5357919101745608e+22,1.1223918128475947,0.29472636154228493
mpp,100.0,0.5238361503334479,2.6014154217785738e-06,0.23649231107077945,3.607993624136837e+18,3.607993624137443e+18,1.5357919101745596e+22,1.5357919101745608e+22,1.1223918128475947,0.2964816015900932
mpp,100.0,0.5238361503334479,2.632582471260859e-06,0.23932567920553266,3.6079936241369426e+18,3.60799362413734e+18,1.5357919101745596e+22,1.5357919101745608e+22,1.1223918128475945,0.29825135350121773
mpp,100.0,0.5238361503334479,2.664004419668962e-06,0.24218221996990563,3.6079936241369974e+18,3.607993624137292e+18,1.5357919101745596e+22,1.5357919101745608e+22,1.1223918128475945,0.30003557928358127
mpp,100.0,0.5238361503334479,2.6956805242013664e-06,0.24506186583648787,3.6079936241370516e+18,3.607993624137209e+18,1.5357919101745596e+22,1.5357919101745608e+22,1.122391812847594,0.30183423675884397
mpp,100.0,0.5238361503334479,2.727609967444852e-06,0.24796454249498656,3.6079936241370516e+18,3.607993624137196e+18,1.5357919101745596e+22,1.53579191017455e+22,1.122391812847594,0.30364727951200565
mpp,100.0,0.5238361503334479,2.7597918565189673e-06,0.2508901687744516,3.607993624137087e+18,3.60799362413718e+18,1.5357919101745596e+22,1.5357919101745608e+22,1.1223918128475943,0.30547465684282643
mpp,100.0,0.5238361503334479,2.7922252222540666e-06,0.25383865656855154,3.607993624137087e+18,3.60799362413718e+18,1.5357919101745596e+22,1.5357919101745608e+22,1.1223918128475943,0.3073163137191535
mpp,100.0,0.5238361503334479,2.8249090184044093e-06,0.2568099107640372,3.6079936241371223e+18,3.6079936241371607e+18,1.5357919101745596e+22,1.5357919101745608e+22,1.122391812847594,0.30917219073223856
mpp,100.0,0.5238361503334479,2.8578421208978493e-06,0.25980382917253175,3.6079936241371223e+18,3.6079936241371704e+18,1.5357919101745596e+22,1.5357919101745608e+22,1.1223918128475943,0.31104222405413307
mpp,100.0,0.5238361503334479,2.891023327123599e-06,0.26282030246578175,3.6079936241371223e+18,3.6079936241371674e+18,1.5357919101745596e+22,1.5357919101745608e+22,1.1223918128475943,0.3129263453972457
mpp,100.0,0.5238361503334479,2.924451355259565e-06,0.2658592141145059,3.6079936241371223e+18,3.607993624137151e+18,1.5357919101745596e+22,1.53579191017455e+22,1.1223918128475943,0.31482448197614626
mpp,100.0,0.5238361503334479,2.9581248436407344e-06,0.26892044033097584,3.6079936241371223e+18,3.607993624137141e+18,1.5357919101745596e+22,1.53579191017455e+22,1.122391812847594,0.3167365564717014
mpp,100.0,0.5238361503334479,2.992042350170052e-06,0.2720038500154593,3.6079936241371223e+18,3.607993624137151e+18,1.5357919101745596e+22,1.53579191017455e+22,1.1223918128475943,0.3186624869976223
mpp,100.0,0.5238361503334479,3.026202351773268e-06,0.27510930470666073,3.6079936241371223e+18,3.607993624137145e+18,1.5357919101745596e+22,1.53579191017455e+22,1.1223918128475943,0.3206021870695091
mpp,100.0,0.5238361503334479,3.060603243899132e-06,0.2782366585362847,3.607993624137141e+18,3.6079936241371254e+18,1.5357919101745596e+22,1.53579191017455e+22,1.122391812847594,0.3225555655764711
mpp,100.0,0.5238361503334479,3.095243340066364e-06,0.2813857581878513,3.6079936241371223e+18,3.607993624137151e+18,1.5357919101745596e+22,1.53579191017455e+22,1.1223918128475943,0.32452252675540205
mpp,100.0,0.5238361503334479,3.1301208714587585e-06,0.2845564428598871,3.6079936241371223e+18,3.607993624137141e+18,1.5357919101745596e+22,1.53579191017455e+22,1.1223918128475943,0.32650297016798935
mpp,100.0,0.5238361503334479,3.165233986569728e-06,0.2877485442336116,3.607993624137141e+18,3.607993624137141e+18,1.5357919101745596e+22,1.5357919101745608e+22,1.1223918128475943,0.32849679068053017
mpp,100.0,0.5238361503334479,3.2005807508976505e-06,0.29096188644524096,3.6079936241371223e+18,3.607993624137141e+18,1.5357919101745596e+22,1.53579191017455e+22,1.1223918128475943,0.3305038784466321
mpp,100.0,0.5238361503334479,3.2361591466932353e-06,0.2941962860630214,3.607993624137141e+18,3.607993624137151e+18,1.5357919101745596e+22,1.5357919101745608e+22,1.1223918128475943,0.3325241188928684
mpp,100.0,0.5238361503334479,3.27196707276015e-06,0.29745155206910456,3.6079936241371576e+18,3.607993624137151e+18,1.5357919101745596e+22,1.5357919101745717e+22,1.1223918128475943,0.3345573927074567
mpp,100.0,0.5238361503334479,3.3080023443101186e-06,0.30072748584637443,3.607993624137141e+18,3.607993624137148e+18,1.5357919101745596e+22,1.5357919101745608e+22,1.1223918128475943,0.3366035758320311
mpp,100.0,0.5238361503334479,3.344262692873571e-06,0.30402388117032464,3.607993624137141e+18,3.6079936241371607e+18,1.5357919101745596e+22,1.5357919101745717e+22,1.1223918128475943,0.3386625394565687
mpp,100.0,0.5238361503334479,3.3807457662670037e-06,0.30734052420609126,3.607993624137141e+18,3.607993624137138e+18,1.5357919101745596e+22,1.5357919101745608e+22,1.1223918128475943,0.3407341500175363
mpp,100.0,0.5238361503334479,3.4174491286180456e-06,0.3106771935107314,3.607993624137141e+18,3.607993624137141e+18,1.5357919101745596e+22,1.5357919101745608e+22,1.122391812847594,0.3428182691993136
mpp,100.0,0.5238361503334479,3.4543702604492223e-06,0.3140336600408384,3.607993624137141e+18,3.607993624137135e+18,1.5357919101745596e+22,1.5357919101745608e+22,1.122391812847594,0.34491475393894927
mpp,100.0,0.5238361503334479,3.49150655882137e-06,0.3174096871655791,3.6079936241371223e+18,3.607993624137145e+18,1.5357919101745596e+22,1.53579191017455e+22,1.1223918128475943,0.34702345643430527
mpp,100.0,0.5238361503334479,3.528855337537518e-06,0.3208050306852289,3.607993624137141e+18,3.6079936241371284e+18,1.5357919101745596e+22,1.5357919101745608e+22,1.122391812847594,0.3491442241556328
mpp,100.0,0.5238361503334479,3.5664138274081023e-06,0.32421943885528204,3.607993624137141e+18,3.607993624137141e+18,1.5357919101745596e+22,1.5357919101745608e+22,1.122391812847594,0.3512768998606326
mpp,100.0,0.5238361503334479,3.604179176578205e-06,0.32765265241620045,3.607993624137141e+18,3.607993624137164e+18,1.5357919101745596e+22,1.5357919101745717e+22,1.1223918128475945,0.3534213216130362
mpp,100.0,0.5238361503334479,3.6421484509175184e-06,0.3311044046288653,3.607993624137141e+18,3.607993624137135e+18,1.5357919101745596e+22,1.5357919101745608e+22,1.1223918128475943,0.3555773228047493
mpp,100.0,0.5238361503334479,3.680318634473621e-06,0.33457442131578374,3.607993624137141e+18,3.607993624137138e+18,1.5357919101745596e+22,1.5357919101745608e+22,1.122391812847594,0.3577447321815901
mpp,100.0,0.5238361503334479,3.718686629989085e-06,0.3380624209080987,3.607993624137141e+18,3.6079936241371704e+18,1.5357919101745596e+22,1.5357919101745717e+22,1.1223918128475945,0.3599233738726517
mpp,100.0,0.5238361503334479,3.7572492594828904e-06,0.3415681144984446,3.607993624137141e+18,3.6079936241371284e+18,1.5357919101745596e+22,1.5357919101745608e+22,1.122391812847594,0.362113067423317
mpp,100.0,0.5238361503334479,3.7960032648964994e-06,0.3450912058996818,3.6079936241371223e+18,3.607993624137154e+18,1.5357919101745596e+22,1.5357919101745608e+22,1.1223918128475943,0.3643136278319442
mpp,100.0,0.5238361503334479,3.834945308804896e-06,0.34863139170953605,3.6079936241371223e+18,3.6079936241371674e+18,1.5357919101745596e+22,1.5357919101745608e+22,1.1223918128475943,0.3665248655902418
mpp,100.0,0.5238361503334479,3.874071975192807e-06,0.35218836138116427,3.607993624137141e+18,3.6079936241371223e+18,1.5357919101745596e+22,1.53579191017455e+22,1.122391812847594,0.36874658672734434
mpp,100.0,0.5238361503334479,3.913379770296197e-06,0.3557617972996543,3.607993624137141e+18,3.6079936241371674e+18,1.5357919101745596e+22,1.5357919101745717e+22,1.1223918128475945,0.3709785928575952
mpp,100.0,0.5238361503334479,3.952865123509147e-06,0.35935137486446794,3.6079936241371223e+18,3.607993624137138e+18,1.5357919101745596e+22,1.53579191017455e+22,1.122391812847594,0.3732206812320414
mpp,100.0,0.5238361503334479,3.992524388356007e-06,0.3629567625778189,3.6079936241371223e+18,3.6079936241371223e+18,1.5357919101745596e+22,1.535791910174539e+22,1.122391812847594,0.3754726447936353
mpp,100.0,0.5238361503334479,4.0323538435287325e-06,0.36657762213897566,3.6079936241371223e+18,3.607993624137145e+18,1.5357919101745596e+22,1.53579191017455e+22,1.122391812847594,0.37773427223613726
mpp,100.0,0.5238361503334479,4.072349693989162e-06,0.37021360854446933,3.6079936241371223e+18,3.607993624137141e+18,1.5357919101745596e+22,1.53579191017455e+22,1.122391812847594,0.3800053480667066
mpp,100.0,0.5238361503334479,4.112508072135931e-06,0.3738643701941755,3.6079936241371223e+18,3.607993624137145e+18,1.5357919101745596e+22,1.53579191017455e+22,1.1223918128475943,0.382285652672161
mpp,100.0,0.5238361503334479,4.152825039035608e-06,0.37752954900323704,3.607993624137141e+18,3.6079936241371674e+18,1.5357919101745596e+22,1.5357919101745717e+22,1.1223918128475943,0.3845749623888854
mpp,100.0,0.5238361503334479,4.1932965857175825e-06,0.38120878051978024,3.6079936241371223e+18,3.607993624137141e+18,1.5357919101745596e+22,1.53579191017455e+22,1.1223918128475943,0.38687304957635804
mpp,100.0,0.5238361503334479,4.233918634532076e-06,0.3849016940483706,3.6079936241371223e+18,3.6079936241371254e+18,1.5357919101745596e+22,1.535791910174539e+22,1.122391812847594,0.389179682694263
mpp,100.0,0.5238361503334479,4.274687040570635e-06,0.3886079127791487,3.607993624137141e+18,3.607993624137154e+18,1.5357919101745596e+22,1.5357919101745608e+22,1.1223918128475943,0.39149462638314914
mpp,100.0,0.5238361503334479,4.315597593148279e-06,0.39232705392257083,3.6079936241371223e+18,3.607993624137145e+18,1.5357919101745596e+22,1.53579191017455e+22,1.1223918128475943,0.39381764154859084
mpp,100.0,0.5238361503334479,4.35664601734649e-06,0.39605872884968096,3.6079936241371223e+18,3.607993624137145e+18,1.5357919101745596e+22,1.53579191017455e+22,1.122391812847594,0.39614848544880343
mpp,100.0,0.5238361503334479,4.397827975616047e-06,0.39980254323782244,3.6079936241371223e+18,3.6079936241371254e+18,1.5357919101745596e+22,1.535791910174539e+22,1.122391812847594,0.3984869117856564
mpp,100.0,0.5238361503334479,4.439139069438646e-06,0.40355809722169506,3.607993624137141e+18,3.607993624137138e+18,1.5357919101745596e+22,1.5357919101745608e+22,1.1223918128475943,0.40083267079902474
mpp,100.0,0.5238361503334479,4.480574841046197e-06,0.40732498554965424,3.6079936241371576e+18,3.607993624137148e+18,1.5357919101745596e+22,1.5357919101745717e+22,1.1223918128475943,0.4031855093644154
mpp,100.0,0.5238361503334479,4.522130775196497e-06,0.41110279774513614,3.6079936241371223e+18,3.6079936241371254e+18,1.5357919101745596e+22,1.535791910174539e+22,1.122391812847594,0.4055451710937952
mpp,100.0,0.5238361503334479,4.563802301004022e-06,0.4148911182730929,3.607993624137141e+18,3.607993624137202e+18,1.5357919101745596e+22,1.5357919101745826e+22,1.1223918128475947,0.4079113964395481
mpp,100.0,0.5238361503334479,4.6055847938243644e-06,0.4186895267113059,3.6079936241371576e+18,3.607993624137141e+18,1.5357919101745596e+22,1.5357919101745717e+22,1.1223918128475943,0.4102839228014789
mpp,100.0,0.5238361503334479,4.6474735771908545e-06,0.4224975979264413,3.607993624137141e+18,3.607993624137138e+18,1.5357919101745596e+22,1.5357919101745608e+22,1.1223918128475943,0.4126624846367799
mpp,100.0,0.5238361503334479,4.689463924801754e-06,0.42631490225470486,3.6079936241371223e+18,3.6079936241371704e+18,1.5357919101745596e+22,1.5357919101745608e+22,1.1223918128475945,0.41504681357286943
mpp,100.0,0.5238361503334479,4.731551062556339e-06,0.43014100568693997,3.6079936241371223e+18,3.607993624137135e+18,1.5357919101745596e+22,1.53579191017455e+22,1.122391812847594,0.4174366385230062
mpp,100.0,0.5238361503334479,4.773730170638174e-06,0.43397547005801584,3.6079936241371223e+18,3.607993624137135e+18,1.5357919101745596e+22,1.53579191017455e+22,1.122391812847594,0.41983168580458347
mpp,100.0,0.5238361503334479,4.8159963856436705e-06,0.4378178532403337,3.607993624137141e+18,3.6079936241371863e+18,1.5357919101745596e+22,1.5357919101745826e+22,1.1223918128475945,0.4222316792599944
mpp,100.0,0.5238361503334479,4.858344802754087e-06,0.4416677093412807,3.6079936241371223e+18,3.607993624137138e+18,1.5357919101745596e+22,1.53579191017455e+22,1.122391812847594,0.4246363403799644
mpp,100.0,0.5238361503334479,4.900770477948971e-06,0.4455245889044519,3.6079936241371223e+18,3.6079936241371223e+18,1.5357919101745596e+22,1.535791910174539e+22,1.122391812847594,0.4270453884292366
mpp,100.0,0.5238361503334479,4.943268430258946e-06,0.44938803911444963,3.6079936241371223e+18,3.607993624137151e+18,1.5357919101745596e+22,1.53579191017455e+22,1.122391812847594,0.4294585405744911
mpp,100.0,0.5238361503334479,4.985833644055812e-06,0.45325760400507387,3.6079936241371223e+18,3.607993624137138e+18,1.5357919101745596e+22,1.53579191017455e+22,1.122391812847594,0.43187551201438384
mpp,100.0,0.5238361503334479,5.028461071377706e-06,0.45713282467070054,3.6079936241371223e+18,3.607993624137145e+18,1.5357919101745596e+22,1.53579191017455e+22,1.1223918128475943,0.4342960161115746
mpp,100.0,0.5238361503334479,5.071145634287101e-06,0.46101323948064554,3.6079936241371223e+18,3.607993624137151e+18,1.5357919101745596e+22,1.53579191017455e+22,1.122391812847594,0.43671976452662187
mpp,100.0,0.5238361503334479,5.113882227259372e-06,0.4648983842963066,3.6079936241371223e+18,3.607993624137138e+18,1.5357919101745596e+22,1.53579191017455e+22,1.122391812847594,0.4391464673536121
mpp,100.0,0.5238361503334479,5.156665719599517e-06,0.4687877926908652,3.6079936241371223e+18,3.607993624137141e+18,1.5357919101745596e+22,1.53579191017455e+22,1.122391812847594,0.44157583325738703
mpp,100.0,0.5238361503334479,5.199490957884688e-06,0.47268099617133524,3.607993624137141e+18,3.607993624137154e+18,1.5357919101745596e+22,1.5357919101745608e+22,1.1223918128475943,0.44400756961223814
mpp,100.0,0.5238361503334479,5.242352768430057e-06,0.4765775244027325,3.6079936241371223e+18,3.607993624137148e+18,1.5357919101745596e+22,1.53579191017455e+22,1.1223918128475943,0.4464413826419256
mpp,100.0,0.5238361503334479,5.285245959775534e-06,0.4804769054341395,3.607993624137141e+18,3.6079936241371254e+18,1.5357919101745596e+22,1.53579191017455e+22,1.122391812847594,0.44887697756088035
mpp,100.0,0.5238361503334479,5.3281653251908174e-06,0.48437866592643797,3.6079936241371223e+18,3.607993624137154e+18,1.5357919101745596e+22,1.5357919101745608e+22,1.1223918128475943,0.4513140587164481
mpp,100.0,0.5238361503334479,5.371105645196191e-06,0.48828233138147187,3.6079936241371223e+18,3.6079936241371187e+18,1.5357919101745596e+22,1.535791910174539e+22,1.122391812847594,0.4537523297320274
mpp,100.0,0.5238361503334479,5.414061690096534e-06,0.4921874263724122,3.607993624137141e+18,3.607993624137135e+18,1.5357919101745596e+22,1.5357919101745608e+22,1.122391812847594,0.45619149365095785
mpp,100.0,0.5238361503334479,5.457028222525894e-06,0.49609347477508126,3.607993624137141e+18,3.6079936241371766e+18,1.5357919101745596e+22,1.5357919101745717e+22,1.1223918128475945,0.4586312530810075
mpp,100.0,0.5238361503334479,5.5e-06,0.5,3.6079936241371576e+18,3.607993624137141e+18,1.5357919101745596e+22,1.5357919101745717e+22,1.1223918128475943,0.4610713103393122
mpp,100.0,0.5238361503334479,5.542971777474112e-06,0.5039065252249193,3.607993624137141e+18,3.607993624137141e+18,1.5357919101745596e+22,1.5357919101745608e+22,1.1223918128475943,0.46351136759761724
mpp,100.0,0.5238361503334479,5.585938309903469e-06,0.5078125736275881,3.607993624137141e+18,3.607993624137141e+18,1.5357919101745596e+22,1.5357919101745608e+22,1.1223918128475943,0.4659511270276667
mpp,100.0,0.5238361503334479,5.628894354803809e-06,0.5117176686185281,3.6079936241371223e+18,3.607993624137164e+18,1.5357919101745596e+22,1.5357919101745608e+22,1.1223918128475943,0.46839029094659684
mpp,100.0,0.5238361503334479,5.671834674809185e-06,0.5156213340735623,3.6079936241371223e+18,3.607993624137141e+18,1.5357919101745596e+22,1.53579191017455e+22,1.122391812847594,0.4708285619621763
mpp,100.0,0.5238361503334479,5.7147540402244655e-06,0.5195230945658605,3.607993624137141e+18,3.607993624137103e+18,1.5357919101745596e+22,1.535791910174539e+22,1.1223918128475936,0.473265643117744
mpp,100.0,0.5238361503334479,5.757647231569949e-06,0.5234224755972681,3.6079936241371223e+18,3.607993624137141e+18,1.5357919101745596e+22,1.53579191017455e+22,1.122391812847594,0.475701238036699
mpp,100.0,0.5238361503334479,5.800509042115315e-06,0.527319003828665,3.607993624137141e+18,3.607993624137135e+18,1.5357919101745596e+22,1.5357919101745608e+22,1.122391812847594,0.4781350510663863
mpp,100.0,0.5238361503334479,5.8433342804004825e-06,0.5312122073091348,3.6079936241371223e+18,3.607993624137135e+18,1.5357919101745596e+22,1.53579191017455e+22,1.122391812847594,0.48056678742123726
mpp,100.0,0.5238361503334479,5.8861177727406295e-06,0.5351016157036936,3.607993624137141e+18,3.607993624137135e+18,1.5357919101745596e+22,1.5357919101745608e+22,1.122391812847594,0.4829961533250124
mpp,100.0,0.5238361503334479,5.928854365712899e-06,0.5389867605193545,3.607993624137141e+18,3.6079936241371863e+18,1.5357919101745596e+22,1.5357919101745826e+22,1.1223918128475945,0.4854228561520024
mpp,100.0,0.5238361503334479,5.971538928622301e-06,0.5428671753293001,3.6079936241371223e+18,3.607993624137141e+18,1.5357919101745596e+22,1.53579191017455e+22,1.122391812847594,0.48784660456705015
mpp,100.0,0.5238361503334479,6.01416635594419e-06,0.5467423959949264,3.6079936241371223e+18,3.607993624137199e+18,1.5357919101745596e+22,1.5357919101745717e+22,1.1223918128475945,0.4902671086642406
mpp,100.0,0.5238361503334479,6.0567315697410535e-06,0.5506119608855503,3.6079936241371223e+18,3.6079936241371704e+18,1.5357919101745596e+22,1.5357919101745608e+22,1.1223918128475943,0.49268408010413306
mpp,100.0,0.5238361503334479,6.099229522051031e-06,0.5544754110955483,3.6079936241371064e+18,3.607993624137103e+18,1.5357919101745596e+22,1.535791910174539e+22,1.1223918128475936,0.4950972322493878
mpp,100.0,0.5238361503334479,6.1416551972459115e-06,0.5583322906587193,3.607993624137087e+18,3.6079936241371254e+18,1.5357919101745596e+22,1.5357919101745281e+22,1.1223918128475936,0.49750628029865973
mpp,100.0,0.5238361503334479,6.184003614356336e-06,0.5621821467596669,3.607993624137087e+18,3.6079936241371254e+18,1.5357919101745596e+22,1.5357919101745281e+22,1.1223918128475936,0.49991094141863024
mpp,100.0,0.5238361503334479,6.226269829361829e-06,0.5660245299419845,3.607993624137087e+18,3.607993624137103e+18,1.5357919101745596e+22,1.5357919101745172e+22,1.1223918128475934,0.5023109348740409
mpp,100.0,0.5238361503334479,6.26844893744366e-06,0.56985899431306,3.6079936241371064e+18,3.6079936241371126e+18,1.5357919101745596e+22,1.535791910174539e+22,1.1223918128475936,0.504705982155618
mpp,100.0,0.5238361503334479,6.310536075198249e-06,0.5736850977452954,3.607993624137087e+18,3.607993624137154e+18,1.5357919101745596e+22,1.535791910174539e+22,1.122391812847594,0.507095807105755
mpp,100.0,0.5238361503334479,6.352526422809144e-06,0.5775024020735586,3.607993624137087e+18,3.607993624137135e+18,1.5357919101745596e+22,1.535791910174539e+22,1.1223918128475936,0.5094801360418444
mpp,100.0,0.5238361503334479,6.394415206175641e-06,0.5813104732886947,3.6079936241371064e+18,3.6079936241371254e+18,1.5357919101745596e+22,1.535791910174539e+22,1.1223918128475936,0.5118586978771459
mpp,100.0,0.5238361503334479,6.4361976989959805e-06,0.5851088817269073,3.607993624137087e+18,3.6079936241371863e+18,1.5357919101745596e+22,1.5357919101745608e+22,1.1223918128475943,0.5142312242390764
mpp,100.0,0.5238361503334479,6.477869224803503e-06,0.5888972022548639,3.607993624137087e+18,3.6079936241370516e+18,1.5357919101745596e+22,1.5357919101744952e+22,1.122391812847593,0.5165974495848291
mpp,100.0,0.5238361503334479,6.5194251589538055e-06,0.592675014450346,3.6079936241371223e+18,3.607993624137228e+18,1.5357919101745596e+22,1.5357919101745826e+22,1.1223918128475947,0.5189571113142092
mpp,100.0,0.5238361503334479,6.560860930561354e-06,0.5964419027783049,3.6079936241371064e+18,3.6079936241371766e+18,1.5357919101745596e+22,1.5357919101745608e+22,1.1223918128475943,0.5213099498795996
mpp,100.0,0.5238361503334479,6.602172024383959e-06,0.6001974567621781,3.6079936241371064e+18,3.60799362413709e+18,1.5357919101745596e+22,1.5357919101745281e+22,1.1223918128475934,0.5236557088929681
mpp,100.0,0.5238361503334479,6.643353982653513e-06,0.6039412711503194,3.6079936241371064e+18,3.6079936241371187e+18,1.5357919101745596e+22,1.535791910174539e+22,1.1223918128475936,0.525994135229821
mpp,100.0,0.5238361503334479,6.684402406851721e-06,0.6076729460774292,3.6079936241371064e+18,3.607993624137103e+18,1.5357919101745596e+22,1.535791910174539e+22,1.1223918128475934,0.5283249791300334
mpp,100.0,0.5238361503334479,6.725312959429368e-06,0.6113920872208516,3.6079936241371223e+18,3.607993624137154e+18,1.5357919101745596e+22,1.5357919101745608e+22,1.1223918128475943,0.5306479942954754
mpp,100.0,0.5238361503334479,6.766081365467923e-06,0.6150983059516294,3.6079936241371064e+18,3.607993624137164e+18,1.5357919101745596e+22,1.5357919101745608e+22,1.122391812847594,0.5329629379843612
mpp,100.0,0.5238361503334479,6.806703414282423e-06,0.6187912194802203,3.6079936241371064e+18,3.6079936241371704e+18,1.5357919101745596e+22,1.5357919101745608e+22,1.1223918128475943,0.5352695711022666
mpp,100.0,0.5238361503334479,6.847174960964395e-06,0.6224704509967632,3.6079936241371064e+18,3.6079936241371126e+18,1.5357919101745596e+22,1.535791910174539e+22,1.1223918128475936,0.5375676582897391
mpp,100.0,0.5238361503334479,6.887491927864069e-06,0.6261356298058245,3.6079936241371064e+18,3.6079936241371863e+18,1.5357919101745596e+22,1.5357919101745717e+22,1.1223918128475943,0.5398569680064632
mpp,100.0,0.5238361503334479,6.92765030601084e-06,0.629786391455531,3.6079936241371223e+18,3.60799362413709e+18,1.5357919101745596e+22,1.5357919101745281e+22,1.1223918128475934,0.5421372726119178
mpp,100.0,0.5238361503334479,6.967646156471268e-06,0.6334223778610244,3.6079936241371223e+18,3.6079936241372375e+18,1.5357919101745596e+22,1.5357919101745935e+22,1.1223918128475947,0.544408348442487
mpp,100.0,0.5238361503334479,7.0074756116439974e-06,0.6370432374221816,3.607993624137087e+18,3.6079936241371126e+18,1.5357919101745596e+22,1.5357919101745281e+22,1.1223918128475936,0.5466699758849892
mpp,100.0,0.5238361503334479,7.047134876490855e-06,0.6406486251355323,3.607993624137087e+18,3.6079936241371126e+18,1.5357919101745596e+22,1.5357919101745281e+22,1.1223918128475934,0.548921939446583
mpp,100.0,0.5238361503334479,7.086620229703803e-06,0.6442382027003457,3.6079936241371064e+18,3.607993624137164e+18,1.5357919101745596e+22,1.5357919101745608e+22,1.122391812847594,0.5511640278210291
mpp,100.0,0.5238361503334479,7.125928024807195e-06,0.647811638618836,3.607993624137087e+18,3.6079936241371187e+18,1.5357919101745596e+22,1.5357919101745281e+22,1.1223918128475934,0.55339603395128
mpp,100.0,0.5238361503334479,7.165054691195103e-06,0.651368608290464,3.607993624137087e+18,3.607993624137103e+18,1.5357919101745596e+22,1.5357919101745172e+22,1.1223918128475934,0.5556177550883825
mpp,100.0,0.5238361503334479,7.203996735103505e-06,0.6549087941003187,3.6079936241371064e+18,3.6079936241371766e+18,1.5357919101745596e+22,1.5357919101745608e+22,1.1223918128475943,0.5578289928466804
mpp,100.0,0.5238361503334479,7.242750740517112e-06,0.6584318855015556,3.607993624137087e+18,3.6079936241371187e+18,1.5357919101745596e+22,1.5357919101745281e+22,1.1223918128475936,0.5600295532553073
mpp,100.0,0.5238361503334479,7.281313370010914e-06,0.6619375790919013,3.6079936241371223e+18,3.607993624137154e+18,1.5357919101745596e+22,1.5357919101745608e+22,1.1223918128475943,0.5622192468059728
mpp,100.0,0.5238361503334479,7.3196813655263815e-06,0.6654255786842165,3.6079936241371223e+18,3.607993624137164e+18,1.5357919101745596e+22,1.5357919101745608e+22,1.1223918128475943,0.5643978884970344
mpp,100.0,0.5238361503334479,7.3578515490824805e-06,0.6688955953711346,3.6079936241371064e+18,3.607993624137154e+18,1.5357919101745596e+22,1.5357919101745608e+22,1.122391812847594,0.566565297873875
mpp,100.0,0.5238361503334479,7.3958208234218e-06,0.6723473475838,3.6079936241371223e+18,3.6079936241371766e+18,1.5357919101745596e+22,1.5357919101745608e+22,1.1223918128475943,0.5687212990655885
mpp,100.0,0.5238361503334479,7.433586172591901e-06,0.6757805611447183,3.6079936241371223e+18,3.607993624137154e+18,1.5357919101745596e+22,1.5357919101745608e+22,1.1223918128475943,0.5708657208179923
mpp,100.0,0.5238361503334479,7.471144662462482e-06,0.6791949693147711,3.6079936241371064e+18,3.6079936241371863e+18,1.5357919101745596e+22,1.5357919101745717e+22,1.1223918128475943,0.5729983965229916
mpp,100.0,0.5238361503334479,7.508493441178631e-06,0.6825903128344211,3.6079936241371223e+18,3.6079936241370675e+18,1.5357919101745596e+22,1.5357919101745172e+22,1.1223918128475934,0.5751191642443193
mpp,100.0,0.5238361503334479,7.545629739550777e-06,0.6859663399591616,3.607993624137087e+18,3.607993624137096e+18,1.5357919101745596e+22,1.5357919101745172e+22,1.1223918128475934,0.577227866739675
mpp,100.0,0.5238361503334479,7.5825508713819604e-06,0.6893228064892691,3.6079936241371064e+18,3.6079936241371863e+18,1.5357919101745596e+22,1.5357919101745717e+22,1.1223918128475945,0.5793243514793113
mpp,100.0,0.5238361503334479,7.619254233732998e-06,0.692659475793909,3.607993624137087e+18,3.607993624137103e+18,1.5357919101745596e+22,1.5357919101745172e+22,1.1223918128475934,0.5814084706610881
mpp,100.0,0.5238361503334479,7.655737307126428e-06,0.6959761188296754,3.6079936241371064e+18,3.6079936241371704e+18,1.5357919101745596e+22,1.5357919101745608e+22,1.1223918128475943,0.5834800812220557
mpp,100.0,0.5238361503334479,7.691997655689884e-06,0.6992725141536258,3.607993624137087e+18,3.6079936241371924e+18,1.5357919101745596e+22,1.5357919101745608e+22,1.1223918128475943,0.5855390448465935
mpp,100.0,0.5238361503334479,7.72803292723985e-06,0.7025484479308954,3.6079936241371064e+18,3.607993624137103e+18,1.5357919101745596e+22,1.535791910174539e+22,1.1223918128475934,0.5875852279711677
mpp,100.0,0.5238361503334479,7.763840853306769e-06,0.705803713936979,3.6079936241371223e+18,3.607993624137154e+18,1.5357919101745596e+22,1.5357919101745608e+22,1.122391812847594,0.5896185017857564
mpp,100.0,0.5238361503334479,7.799419249102351e-06,0.7090381135547592,3.607993624137087e+18,3.607993624137103e+18,1.5357919101745596e+22,1.5357919101745172e+22,1.1223918128475934,0.5916387422319923
mpp,100.0,0.5238361503334479,7.834766013430272e-06,0.7122514557663884,3.607993624137087e+18,3.6079936241371254e+18,1.5357919101745596e+22,1.5357919101745281e+22,1.1223918128475934,0.5936458299980942
mpp,100.0,0.5238361503334479,7.869879128541244e-06,0.7154435571401131,3.6079936241370675e+18,3.6079936241371187e+18,1.5357919101745596e+22,1.5357919101745172e+22,1.1223918128475934,0.595639650510635
mpp,100.0,0.5238361503334479,7.904756659933636e-06,0.7186142418121487,3.6079936241370516e+18,3.6079936241371187e+18,1.5357919101745596e+22,1.5357919101745172e+22,1.1223918128475934,0.5976200939232222
mpp,100.0,0.5238361503334479,7.939396756100872e-06,0.7217633414637157,3.6079936241370516e+18,3.60799362413709e+18,1.5357919101745596e+22,1.535791910174506e+22,1.1223918128475932,0.5995870551021535
mpp,100.0,0.5238361503334479,7.973797648226734e-06,0.7248906952933395,3.607993624137087e+18,3.607993624137074e+18,1.5357919101745596e+22,1.535791910174506e+22,1.1223918128475932,0.6015404336091155
mpp,100.0,0.5238361503334479,8.007957649829948e-06,0.7279961499845407,3.6079936241371223e+18,3.6079936241371704e+18,1.5357919101745596e+22,1.5357919101745608e+22,1.1223918128475943,0.6034801336810023
mpp,100.0,0.5238361503334479,8.041875156359268e-06,0.7310795596690244,3.6079936241371064e+18,3.60799362413726e+18,1.5357919101745596e+22,1.5357919101746044e+22,1.122391812847595,0.6054060642069232
mpp,100.0,0.5238361503334479,8.075548644740435e-06,0.734140785885494,3.6079936241371223e+18,3.6079936241371704e+18,1.5357919101745596e+22,1.5357919101745608e+22,1.1223918128475943,0.6073181387024783
mpp,100.0,0.5238361503334479,8.108976672876405e-06,0.7371796975342186,3.6079936241371064e+18,3.6079936241371924e+18,1.5357919101745596e+22,1.5357919101745717e+22,1.1223918128475943,0.6092162752813791
mpp,100.0,0.5238361503334479,8.142157879102152e-06,0.7401961708274685,3.6079936241371223e+18,3.607993624137164e+18,1.5357919101745596e+22,1.5357919101745608e+22,1.1223918128475943,0.6111003966244917
mpp,100.0,0.5238361503334479,8.175090981595591e-06,0.7431900892359629,3.6079936241371064e+18,3.6079936241370803e+18,1.5357919101745596e+22,1.5357919101745281e+22,1.1223918128475934,0.612970429946386
mpp,100.0,0.5238361503334479,8.207774777745935e-06,0.7461613434314487,3.6079936241371223e+18,3.607993624137164e+18,1.5357919101745596e+22,1.5357919101745608e+22,1.1223918128475943,0.614826306959471
mpp,100.0,0.5238361503334479,8.240208143481032e-06,0.7491098312255484,3.6079936241371223e+18,3.607993624137148e+18,1.5357919101745596e+22,1.53579191017455e+22,1.122391812847594,0.6166679638357979
mpp,100.0,0.5238361503334479,8.272390032555152e-06,0.7520354575050139,3.6079936241371064e+18,3.607993624137164e+18,1.5357919101745596e+22,1.5357919101745608e+22,1.1223918128475943,0.6184953411666189
mpp,100.0,0.5238361503334479,8.304319475798637e-06,0.7549381341635124,3.607993624137087e+18,3.607993624137096e+18,1.5357919101745596e+22,1.5357919101745172e+22,1.1223918128475934,0.62030838391978
mpp,100.0,0.5238361503334479,8.335995580331038e-06,0.7578177800300944,3.6079936241371064e+18,3.6079936241371704e+18,1.5357919101745596e+22,1.5357919101745608e+22,1.1223918128475943,0.6221070413950424
mpp,100.0,0.5238361503334479,8.367417528739142e-06,0.7606743207944675,3.607993624137087e+18,3.607993624137096e+18,1.5357919101745596e+22,1.5357919101745172e+22,1.1223918128475934,0.6238912671774054
mpp,100.0,0.5238361503334479,8.398584578221425e-06,0.7635076889292205,3.607993624137087e+18,3.6079936241371863e+18,1.5357919101745596e+22,1.5357919101745608e+22,1.122391812847594,0.6256610190885291
mpp,100.0,0.5238361503334479,8.429496059700524e-06,0.7663178236091386,3.6079936241371223e+18,3.607993624137074e+18,1.5357919101745596e+22,1.5357919101745172e+22,1.1223918128475934,0.6274162591363369
mpp,100.0,0.5238361503334479,8.460151376905108e-06,0.769104670627737,3.6079936241371064e+18,3.607993624137148e+18,1.5357919101745596e+22,1.53579191017455e+22,1.122391812847594,0.6291569534628806
mpp,100.0,0.5238361503334479,8.490550005422808e-06,0.7718681823111644,3.607993624137087e+18,3.607993624137096e+18,1.5357919101745596e+22,1.5357919101745172e+22,1.1223918128475934,0.6308830722905651
mpp,100.0,0.5238361503334479,8.520691491725621e-06,0.774608317429602,3.6079936241371064e+18,3.607993624137154e+18,1.5357919101745596e+22,1.5357919101745608e+22,1.122391812847594,0.6325945898668067
mpp,100.0,0.5238361503334479,8.550575452169292e-06,0.7773250411062993,3.607993624137141e+18,3.607993624137141e+18,1.5357919101745596e+22,1.5357919101745608e+22,1.1223918128475943,0.6342914844072156
mpp,100.0,0.5238361503334479,8.58020157196826e-06,0.7800183247243873,3.6079936241371223e+18,3.607993624137141e+18,1.5357919101745596e+22,1.53579191017455e+22,1.122391812847594,0.6359737380373903
mpp,100.0,0.5238361503334479,8.609569604147534e-06,0.782688145831594,3.607993624137141e+18,3.6079936241371254e+18,1.5357919101745596e+22,1.53579191017455e+22,1.122391812847594,0.637641336733403
mpp,100.0,0.5238361503334479,8.638679368473076e-06,0.7853344880430069,3.6079936241371576e+18,3.6079936241371187e+18,1.5357919101745596e+22,1.5357919101745608e+22,1.1223918128475943,0.6392942702610627
mpp,100.0,0.5238361503334479,8.667530750362075e-06,0.7879573409420069,3.6079936241371766e+18,3.607993624137209e+18,1.5357919101745596e+22,1.5357919101746044e+22,1.122391812847595,0.6409325321140381
mpp,100.0,0.5238361503334479,8.69612369977458e-06,0.7905566999795073,3.607993624137212e+18,3.607993624137074e+18,1.5357919101745596e+22,1.5357919101745608e+22,1.122391812847594,0.6425561194509215
mpp,100.0,0.5238361503334479,8.724458230087965e-06,0.7931325663716332,3.6079936241372314e+18,3.607993624137045e+18,1.5357919101745596e+22,1.53579191017455e+22,1.122391812847594,0.6441650330313173
mpp,100.0,0.5238361503334479,8.752534416955517e-06,0.7956849469959562,3.6079936241372856e+18,3.607993624136994e+18,1.5357919101745596e+22,1.5357919101745608e+22,1.122391812847594,0.6457592771510302
mpp,100.0,0.5238361503334479,8.78035239715068e-06,0.7982138542864254,3.6079936241373563e+18,3.607993624136802e+18,1.5357919101745596e+22,1.535791910174506e+22,1.122391812847593,0.6473388595764371
mpp,100.0,0.5238361503334479,8.807912367398168e-06,0.8007193061271062,3.6079936241375e+18,3.6079936241367665e+18,1.5357919101745596e+22,1.53579191017455e+22,1.1223918128475934,0.6489037914781159
mpp,100.0,0.5238361503334479,8.835214583193402e-06,0.8032013257448547,3.60799362413768e+18,3.607993624136597e+18,1.5357919101745596e+22,1.5357919101745608e+22,1.1223918128475932,0.6504540873638084
mpp,100.0,0.5238361503334479,8.862259357611531e-06,0.8056599416010484,3.607993624137949e+18,3.607993624136212e+18,1.5357919101745596e+22,1.535791910174506e+22,1.122391812847592,0.6519897650107942
mpp,100.0,0.5238361503334479,8.889047060107317e-06,0.8080951872824834,3.607993624138378e+18,3.607993624135911e+18,1.5357919101745596e+22,1.5357919101745608e+22,1.1223918128475923,0.6535108453977441
mpp,100.0,0.5238361503334479,8.91557811530719e-06,0.8105071013915627,3.607993624138971e+18,3.6079936241351864e+18,1.5357919101745596e+22,1.535791910174506e+22,1.1223918128475905,0.6550173526361301
mpp,100.0,0.5238361503334479,8.941853001794646e-06,0.8128957274358769,3.607993624139868e+18,3.6079936241344205e+18,1.5357919101745596e+22,1.5357919101745608e+22,1.12239181284759,0.6565093139012574
mpp,100.0,0.5238361503334479,8.967872250890245e-06,0.815261113717295,3.6079936241411087e+18,3.6079936241332833e+18,1.5357919101745596e+22,1.5357919101746044e+22,1.122391812847589,0.6579867593629881
mpp,100.0,0.5238361503334479,8.99363644542737e-06,0.8176033132206699,3.6079936241429e+18,3.607993624131261e+18,1.5357919101745596e+22,1.5357919101745172e+22,1.1223918128475847,0.6594497221162264
mpp,100.0,0.5238361503334479,9.019146218524843e-06,0.8199223835022585,3.607993624145486e+18,3.6079936241288033e+18,1.5357919101745596e+22,1.5357919101745608e+22,1.1223918128475816,0.6608982381112247
mpp,100.0,0.5238361503334479,9.044402252357615e-06,0.8222183865779651,3.607993624149184e+18,3.6079936241250826e+18,1.5357919101745596e+22,1.5357919101745608e+22,1.122391812847576,0.6623323460837784
mpp,100.0,0.5238361503334479,9.069405276926494e-06,0.8244913888114995,3.6079936241544397e+18,3.607993624119738e+18,1.5357919101745596e+22,1.5357919101745172e+22,1.1223918128475674,0.6637520874853702
mpp,100.0,0.5238361503334479,9.094156068828025e-06,0.8267414608025477,3.6079936241618514e+18,3.607993624112444e+18,1.5357919101745596e+22,1.5357919101745717e+22,1.1223918128475574,0.6651575064133182
mpp,100.0,0.5238361503334479,9.118655450025574e-06,0.8289686772750522,3.607993624172369e+18,3.607993624101924e+18,1.5357919101745596e+22,1.5357919101745608e+22,1.1223918128475419,0.6665486495409977
mpp,100.0,0.5238361503334479,9.142904286622484e-06,0.8311731169656804,3.607993624187174e+18,3.6079936240871183e+18,1.5357919101745596e+22,1.5357919101745717e+22,1.1223918128475194,0.6679255660481752
mpp,100.0,0.5238361503334479,9.166903487638408e-06,0.8333548625125826,3.607993624207901e+18,3.6079936240663624e+18,1.5357919101745596e+22,1.53579191017455e+22,1.1223918128474886,0.6692883075515278
mpp,100.0,0.5238361503334479,9.190654003789586e-06,0.8355140003445078,3.607993624236886e+18,3.6079936240375183e+18,1.5357919101745596e+22,1.5357919101746154e+22,1.1223918128474466,0.6706369280353837
mpp,100.0,0.5238361503334479,9.21415682627406e-06,0.8376506205703691,3.6079936242771896e+18,3.607993623996981e+18,1.5357919101745596e+22,1.5357919101745172e+22,1.1223918128473844,0.6719714837827448
mpp,100.0,0.5238361503334479,9.237412985562645e-06,0.8397648168693314,3.607993624333147e+18,3.607993623941142e+18,1.5357919101745596e+22,1.5357919101745717e+22,1.122391812847302,0.6732920333066363
mpp,100.0,0.5238361503334479,9.260423550196446e-06,0.8418566863814951,3.607993624410479e+18,3.6079936238636657e+18,1.5357919101745596e+22,1.5357919101744952e+22,1.1223918128471857,0.6745986372818279
mpp,100.0,0.5238361503334479,9.283189625591765e-06,0.8439263295992514,3.607993624517008e+18,3.6079936237572874e+18,1.5357919101745596e+22,1.5357919101745608e+22,1.1223918128470283,0.6758913584769755
mpp,100.0,0.5238361503334479,9.30571235285309e-06,0.8459738502593718,3.607993624663157e+18,3.607993623611023e+18,1.5357919101745596e+22,1.5357919101745172e+22,1.1223918128468096,0.6771702616872223
mpp,100.0,0.5238361503334479,9.32799290759491e-06,0.8479993552359009,3.6079936248630216e+18,3.6079936234112486e+18,1.5357919101745596e+22,1.5357919101745608e+22,1.1223918128465125,0.6784354136673043
mpp,100.0,0.5238361503334479,9.350032498773084e-06,0.8500029544339167,3.6079936251353723e+18,3.6079936231387955e+18,1.5357919101745596e+22,1.535791910174506e+22,1.122391812846106,0.6796868830651958
mpp,100.0,0.5238361503334479,9.371832367526334e-06,0.8519847606842121,3.607993625505205e+18,3.6079936227689815e+18,1.5357919101745596e+22,1.5357919101745172e+22,1.1223918128455548,0.6809247403563342
mpp,100.0,0.5238361503334479,9.393393786028557e-06,0.8539448896389596,3.607993626005633e+18,3.607993622268672e+18,1.5357919101745596e+22,1.5357919101745717e+22,1.12239181284481,0.6821490577784611
mpp,100.0,0.5238361503334479,9.414718056352513e-06,0.8558834596684103,3.6079936266803686e+18,3.607993621593934e+18,1.5357919101745596e+22,1.5357919101745717e+22,1.1223918128438046,0.6833599092671104
mpp,100.0,0.5238361503334479,9.43580650934544e-06,0.8578005917586763,3.6079936275870746e+18,3.607993620687141e+18,1.5357919101745596e+22,1.5357919101745281e+22,1.1223918128424526,0.6845573703917796
mpp,100.0,0.5238361503334479,9.456660503517164e-06,0.8596964094106513,3.607993628801285e+18,3.6079936194730296e+18,1.5357919101745596e+22,1.5357919101745717e+22,1.1223918128406443,0.6857415182928132
mpp,100.0,0.5238361503334479,9.477281423941145e-06,0.8615710385401041,3.607993630421761e+18,3.6079936178525824e+18,1.5357919101745596e+22,1.5357919101745826e+22,1.1223918128382298,0.6869124316190265
mpp,100.0,0.5238361503334479,9.497670681168985e-06,0.8634246073789986,3.6079936325770465e+18,3.6079936156972206e+18,1.5357919101745596e+22,1.5357919101745608e+22,1.1223918128350174,0.6880701904661014
mpp,100.0,0.5238361503334479,9.517829710158777e-06,0.8652572463780707,3.6079936354339886e+18,3.6079936128404065e+18,1.5357919101745596e+22,1.5357919101746154e+22,1.1223918128307613,0.6892148763157765
mpp,100.0,0.5238361503334479,9.537759969217746e-06,0.8670690881107043,3.6079936392083144e+18,3.607993609066119e+18,1.5357919101745596e+22,1.5357919101746263e+22,1.1223918128251376,0.6903465719758595
mpp,100.0,0.5238361503334479,9.557462938959565e-06,0.8688602671781422,3.6079936441780275e+18,3.6079936040964895e+18,1.5357919101745596e+22,1.535791910174659e+22,1.1223918128177324,0.6914653615210858
mpp,100.0,0.5238361503334479,9.576940121276638e-06,0.870630920116058,3.607993650699966e+18,3.607993597574612e+18,1.5357919101745596e+22,1.5357919101746917e+22,1.1223918128080146,0.692571330234845
mpp,100.0,0.5238361503334479,9.596193038327769e-06,0.8723811853025245,3.607993659230931e+18,3.607993589043717e+18,1.5357919101745596e+22,1.5357919101747135e+22,1.122391812795303,0.6936645645517997
mpp,100.0,0.5238361503334479,9.61522323154144e-06,0.8741112028674036,3.607993670353217e+18,3.607993577921441e+18,1.5357919101745596e+22,1.5357919101747244e+22,1.1223918127787291,0.6947451520014154
mpp,100.0,0.5238361503334479,9.634032260634972e-06,0.8758211146031794,3.607993684806994e+18,3.607993563468062e+18,1.5357919101745596e+22,1.5357919101748882e+22,1.1223918127571948,0.6958131811524255
mpp,100.0,0.5238361503334479,9.652621702649905e-06,0.8775110638772642,3.6079937035295795e+18,3.607993544745548e+18,1.5357919101745596e+22,1.53579191017491e+22,1.1223918127292962,0.6968687415582491
mpp,100.0,0.5238361503334479,9.67099315100368e-06,0.879181195545789,3.6079937277041777e+18,3.607993520571313e+18,1.5357919101745596e+22,1.5357919101750736e+22,1.122391812693276,0.6979119237033833
mpp,100.0,0.5238361503334479,9.689148214557948e-06,0.8808316558689044,3.6079937588192727e+18,3.607993489456464e+18,1.5357919101745596e+22,1.5357919101751828e+22,1.1223918126469121,0.6989428189507918
mpp,100.0,0.5238361503334479,9.707088516703606e-06,0.8824625924276005,3.607993798741184e+18,3.6079934495348536e+18,1.5357919101745596e+22,1.5357919101753028e+22,1.122391812587426,0.6999615194903055
mpp,100.0,0.5238361503334479,9.724815694462743e-06,0.8840741540420676,3.6079938498024305e+18,3.6079933984741637e+18,1.5357919101745596e+22,1.535791910175543e+22,1.1223918125113428,0.7009681182880654
mpp,100.0,0.5238361503334479,9.742331397607624e-06,0.8856664906916023,3.607993914908303e+18,3.6079933333690127e+18,1.5357919101745596e+22,1.5357919101758376e+22,1.1223918124143324,0.7019627090370176
mpp,100.0,0.5238361503334479,9.759637287796798e-06,0.8872397534360725,3.607993997666119e+18,3.6079932506121155e+18,1.5357919101745596e+22,1.5357919101762304e+22,1.12239181229102,0.7029453861084963
mpp,100.0,0.5238361503334479,9.776735037728463e-06,0.8887940943389513,3.6079941025401257e+18,3.6079931457393e+18,1.5357919101745596e+22,1.5357919101767215e+22,1.1223918121347538,0.7039162445049107
mpp,100.0,0.5238361503334479,9.793626330311123e-06,0.8903296663919203,3.60799423503761e+18,3.607993013243346e+18,1.5357919101745596e+22,1.5357919101773544e+22,1.1223918119373277,0.7048753798135674
mpp,100.0,0.5238361503334479,9.810312857851599e-06,0.8918466234410545,3.6079944019309783e+18,3.6079928463518874e+18,1.5357919101745596e+22,1.535791910178151e+22,1.12239181168865,0.7058228881616548
mpp,100.0,0.5238361503334479,9.826796321260428e-06,0.8933451201145843,3.607994611521947e+18,3.6079926367634145e+18,1.5357919101745596e+22,1.5357919101791548e+22,1.1223918113763525,0.7067588661724247
mpp,100.0,0.5238361503334479,9.843078429274643e-06,0.8948253117522403,3.607994873955281e+18,3.6079923743329577e+18,1.5357919101745596e+22,1.5357919101803116e+22,1.1223918109853155,0.7076834109225996
mpp,100.0,0.5238361503334479,9.859160897697999e-06,0.8962873543361817,3.607995201589531e+18,3.6079920467023867e+18,1.5357919101745596e+22,1.535791910181774e+22,1.1223918104971264,0.7085966199010553
mpp,100.0,0.5238361503334479,9.875045448658508e-06,0.8977314044235007,3.607995609433633e+18,3.6079916388631076e+18,1.5357919101745596e+22,1.5357919101836618e+22,1.1223918098894234,0.7094985909688083
mpp,100.0,0.5238361503334479,9.890733809883394e-06,0.8991576190803086,3.607996115659874e+18,3.607991132642961e+18,1.5357919101745596e+22,1.5357919101859861e+22,1.1223918091351266,0.7103894223203683
mpp,100.0,0.5238361503334479,9.906227713991289e-06,0.9005661558173899,3.6079967422038523e+18,3.6079905061068657e+18,1.5357919101745596e+22,1.5357919101889215e+22,1.1223918082015538,0.7112692124464972
mpp,100.0,0.5238361503334479,9.921528897801673e-06,0.9019571725274248,3.607997515464529e+18,3.6079897328560717e+18,1.5357919101745596e+22,1.53579191019249e+22,1.1223918070493668,0.7121380600984404
mpp,100.0,0.5238361503334479,9.9366391016615e-06,0.9033308274237727,3.6079984671176694e+18,3.6079887812153677e+18,1.5357919101745596e+22,1.5357919101968003e+22,1.122391805631368,0.7129960642536906
mpp,100.0,0.5238361503334479,9.951560068788844e-06,0.904687278980804,3.6079996350588283e+18,3.607987613290527e+18,1.5357919101745596e+22,1.5357919102022457e+22,1.1223918038910965,0.7138433240833565
mpp,100.0,0.5238361503334479,9.966293544633558e-06,0.906026685875778,3.608001064491449e+18,3.607986183878698e+18,1.5357919101745596e+22,1.5357919102088367e+22,1.1223918017611936,0.7146799389212091
mpp,100.0,0.5238361503334479,9.980841276254737e-06,0.9073492069322489,3.608002809180288e+18,3.6079844392166605e+18,1.5357919101745596e+22,1.5357919102168247e+22,1.1223917991615504,0.7155060082344991
mpp,100.0,0.5238361503334479,9.995205011714939e-06,0.9086550010649945,3.6080049328887885e+18,3.6079823155432054e+18,1.5357919101745596e+22,1.5357919102266023e+22,1.1223917959971603,0.7163216315966257
mpp,100.0,0.5238361503334479,1.0009386499490995e-05,0.9099442272264542,3.6080075110229545e+18,3.607979737455125e+18,1.5357919101745596e+22,1.5357919102385623e+22,1.1223917921556705,0.7171269086617678
mpp,100.0,0.5238361503334479,1.0023387487901238e-05,0.911217044354658,3.608010632505396e+18,3.6079766160332227e+18,1.5357919101745596e+22,1.535791910252956e+22,1.1223917875045841,0.7179219391415769
mpp,100.0,0.5238361503334479,1.0037209724549056e-05,0.9124736113226415,3.608014401904558e+18,3.607972846714193e+18,1.5357919101745596e+22,1.5357919102702522e+22,1.1223917818880973,0.718706822784052
mpp,100.0,0.5238361503334479,1.005085495578256e-05,0.9137140868893237,3.608018941846451e+18,3.607968306879609e+18,1.5357919101745596e+22,1.5357919102912476e+22,1.1223917751235062,0.7194816593547211
mpp,100.0,0.5238361503334479,1.0064324926170204e-05,0.9149386296518368,3.6080243957373983e+18,3.607962853132492e+18,1.5357919101745596e+22,1.535791910316379e+22,1.1223917669971417,0.7202465486202562
mpp,100.0,0.5238361503334479,1.0077621377992197e-05,0.9161473979992907,3.6080309308288655e+18,3.6079563182351124e+18,1.5357919101745596e+22,1.5357919103465084e+22,1.1223917572598143,0.7210015903346686
mpp,100.0,0.5238361503334479,1.009074605074749e-05,0.9173405500679536,3.6080387416553503e+18,3.6079485076716216e+18,1.5357919101745596e+22,1.5357919103825085e+22,1.1223917456216896,0.7217468842282231
mpp,100.0,0.5238361503334479,1.0103700680676184e-05,0.918518243697835,3.6080480538801085e+18,3.607939195804646e+18,1.5357919101745596e+22,1.535791910425438e+22,1.1223917317465626,0.7224825299992339
mpp,100.0,0.5238361503334479,1.0116487000297136e-05,0.9196806363906487,3.6080591285822776e+18,3.6079281215905787e+18,1.5357919101745596e+22,1.5357919104765086e+22,1.122391715245474,0.7232086273088932
mpp,100.0,0.5238361503334479,1.012910673796053e-05,0.9208278852691392,3.6080722670222085e+18,3.60791498381768e+18,1.5357919101745596e+22,1.5357919105370072e+22,1.1223916956696145,0.7239252757793037
mpp,100.0,0.5238361503334479,1.0141561617415305e-05,0.921960147037755,3.608087815921546e+18,3.6078994358317445e+18,1.5357919101745596e+22,1.5357919106087675e+22,1.1223916725024718,0.7246325749948813
mpp,100.0,0.5238361503334479,1.0153853357391072e-05,0.923077577944643,3.6081061732951895e+18,3.607881079708788e+18,1.5357919101745596e+22,1.5357919106934262e+22,1.1223916451511422,0.7253306245072999
mpp,100.0,0.5238361503334479,1.0165983671194466e-05,0.9241803337449515,3.608127794873842e+18,3.6078594598426865e+18,1.5357919101745596e+22,1.535791910793079e+22,1.1223916129367835,0.7260195238441526
mpp,100.0,0.5238361503334479,1.0177954266319582e-05,0.9252685696654166,3.6081532011541673e+18,3.6078340559059395e+18,1.5357919101745596e+22,1.535791910910246e+22,1.1223915750841318,0.7266993725215027
mpp,100.0,0.5238361503334479,1.0189766844072332e-05,0.9263424403702121,3.6081829851148447e+18,3.607804275148363e+18,1.5357919101745596e+22,1.5357919110476773e+22,1.1223915307100256,0.7273702700604939
mpp,100.0,0.5238361503334479,1.020142309920849e-05,0.9274020999280446,3.608217820635094e+18,3.6077694439981926e+18,1.5357919101745596e+22,1.5357919112083743e+22,1.1223914788108968,0.72803231600819
mpp,100.0,0.5238361503334479,1.0212924719585172e-05,0.9284477017804702,3.6082584716515154e+18,3.6077287989316275e+18,1.5357919101745596e+22,1.5357919113958612e+22,1.1223914182491794,0.7286856099628031
mpp,100.0,0.5238361503334479,1.0224273385825546e-05,0.9294793987114133,3.6083058020874117e+18,3.607681476577458e+18,1.5357919101745596e+22,1.535791911614296e+22,1.122391347738573,0.7293302516034648
mpp,100.0,0.5238361503334479,1.0235470770996504e-05,0.930497342817864,3.6083607865867034e+18,3.6076265030255037e+18,1.5357919101745596e+22,1.5357919118679995e+22,1.122391265828121,0.7299663407246811
mpp,100.0,0.5238361503334479,1.0246518540299081e-05,0.9315016854817346,3.6084245220818964e+18,3.6075627823169347e+18,1.5357919101745596e+22,1.5357919121622759e+22,1.122391170885087,0.7305939772756009
mpp,100.0,0.5238361503334479,1.0257418350771382e-05,0.932492577342853,3.6084982402227005e+18,3.6074890840860293e+18,1.5357919101745596e+22,1.5357919125025919e+22,1.1223910610765524,0.7312132614042105
mpp,100.0,0.5238361503334479,1.0268171851003767e-05,0.9334701682730697,3.6085833206876257e+18,3.6074040303426836e+18,1.5357919101745596e+22,1.5357919128953203e+22,1.122390934349757,0.7318242935065472
mpp,100.0,0.5238361503334479,1.0278780680866053e-05,0.9344346073514593,3.60868130539774e+18,3.607306081376877e+18,1.5357919101745596e+22,1.5357919133479471e+22,1.1223907884111388,0.7324271742810056
mpp,100.0,0.5238361503334479,1.0289246471246506e-05,0.9353860428405916,3.60879391364561e+18,3.607193520776841e+18,1.5357919101745596e+22,1.5357919138681004e+22,1.1223906207040402,0.7330220047877803
mpp,100.0,0.5238361503334479,1.029957084380237e-05,0.9363246221638519,3.6089230581491564e+18,3.6070644395663073e+18,1.5357919101745596e+22,1.535791914465001e+22,1.1223904283851485,0.7336088865134723
mpp,100.0,0.5238361503334479,1.030975541072169e-05,0.9372504918837901,3.6090708620319606e+18,3.6069167194582047e+18,1.5357919101745596e+22,1.5357919151482953e+22,1.1223902082996025,0.7341879214408401
mpp,100.0,0.5238361503334479,1.0319801774496192e-05,0.938163797681472,3.6092396767276677e+18,3.6067480152475924e+18,1.5357919101745596e+22,1.5357919159290708e+22,1.1223899569548603,0.7347592121236594
mpp,100.0,0.5238361503334479,1.0329711527704998e-05,0.939064684336818,3.6094321007976023e+18,3.6065557363610163e+18,1.5357919101745596e+22,1.5357919168194182e+22,1.1223896704933165,0.7353228617666105
mpp,100.0,0.5238361503334479,1.03394862528089e-05,0.9399532957099002,3.609650999644946e+18,3.6063370275983304e+18,1.5357919101745596e+22,1.5357919178328145e+22,1.1223893446637523,0.735878974310078
mpp,100.0,0.5238361503334479,1.0349127521954981e-05,0.9408297747231802,3.609899526099936e+18,3.6060887491096387e+18,1.5357919101745596e+22,1.5357919189840899e+22,1.1223889747916744,0.7364276545197018
mpp,100.0,0.5238361503334479,1.0358636896791337e-05,0.941694263344667,3.6101811418440776e+18,3.605807455661553e+18,1.5357919101745596e+22,1.5357919202895035e+22,1.1223885557486375,0.7369690080804885
mpp,100.0,0.5238361503334479,1.0368015928291665e-05,0.9425469025719695,3.6104996396327076e+18,3.60548937525932e+18,1.5357919101745596e+22,1.535791921766963e+22,1.1223880819206575,0.7375031416952336
mpp,100.0,0.5238361503334479,1.0377266156589495e-05,0.9433878324172269,3.6108591662664325e+18,3.605130387204589e+18,1.5357919101745596e+22,1.5357919234363616e+22,1.1223875471758413,0.7380301631869691
mpp,100.0,0.5238361503334479,1.0386389110821806e-05,0.9442171918928914,3.611264246254814e+18,3.6047259996772946e+18,1.5357919101745596e+22,1.535791925318859e+22,1.1223869448313633,0.7385501816051013
mpp,100.0,0.5238361503334479,1.0395386308981809e-05,0.9450351189983464,3.611719806106656e+18,3.6042713269545073e+18,1.5357919101745596e+22,1.535791927438222e+22,1.122386267620013,0.7390633073348577
mpp,100.0,0.5238361503334479,1.0404259257780694e-05,0.9458417507073358,3.6122311991724933e+18,3.6037610663787643e+18,1.5357919101745596e+22,1.5357919298205096e+22,1.1223855076564393,0.7395696522096091
mpp,100.0,0.5238361503334479,1.0413009452518051e-05,0.9466372229561866,3.6128042309579494e+18,3.60318947521275e+18,1.5357919101745596e+22,1.535791932493331e+22,1.1223846564033346,0.7400693296255949
mpp,100.0,0.5238361503334479,1.0421638376960825e-05,0.9474216706328022,3.613445184818467e+18,3.6025503475365443e+18,1.5357919101745596e+22,1.535791935487644e+22,1.122383704637852,0.7405624546585238
mpp,100.0,0.5238361503334479,1.0430147503230494e-05,0.9481952275664085,3.6141608479369595e+18,3.6018369913414523e+18,1.5357919101745596e+22,1.5357919388364918e+22,1.1223826424184224,0.7410491441814772
mpp,100.0,0.5238361503334479,1.0438538291698319e-05,0.9489580265180291,3.6149585374819825e+18,3.6010422060122097e+18,1.5357919101745596e+22,1.5357919425763329e+22,1.1223814590523737,0.7415295169835039
mpp,100.0,0.5238361503334479,1.044681219088843e-05,0.9497101991716755,3.6158461268342497e+18,3.600158260384566e+18,1.5357919101745596e+22,1.535791946746256e+22,1.122380143064576,0.7420036938882419
mpp,100.0,0.5238361503334479,1.0454970637388493e-05,0.9504518761262266,3.616832071766727e+18,3.5991768715973043e+18,1.5357919101745596e+22,1.5357919513889722e+22,1.1223786821675379,0.7424717978718736
mpp,100.0,0.5238361503334479,1.0463015055767816e-05,0.9511831868879833,3.617925436455863e+18,3.598089184960937e+18,1.5357919101745596e+22,1.5357919565508269e+22,1.122377063233281,0.7429339541796705
mpp,100.0,0.5238361503334479,1.0470946858502635e-05,0.951904259863876,3.619135919199759e+18,3.5968857550841446e+18,1.5357919101745596e+22,1.5357919622817334e+22,1.1223752722673896,0.7433902904403624
mpp,100.0,0.5238361503334479,1.0478767445908384e-05,0.9526152223553077,3.620473877714262e+18,3.595556528517398e+18,1.5357919101745596e+22,1.535791968635927e+22,1.1223732943856943,0.7438409367775226
mpp,100.0,0.5238361503334479,1.0486478206078759e-05,0.9533162005526145,3.6219503538770514e+18,3.5940908281772733e+18,1.5357919101745596e+22,1.5357919756722255e+22,1.1223711137939965,0.7442860259171424
mpp,100.0,0.5238361503334479,1.0494080514831359e-05,0.9540073195301236,3.6235770977882394e+18,3.5924773398326825e+18,1.5357919101745596e+22,1.5357919834538122e+22,1.1223687137713145,0.7447256932905466
mpp,100.0,0.5238361503334479,1.0501575735659735e-05,0.9546887032417941,3.6253665910165673e+18,3.5907041009470597e+18,1.5357919101745596e+22,1.535791992049534e+22,1.122366076657162,0.7451600771317763
mpp,100.0,0.5238361503334479,1.0508965219691605e-05,0.9553604745174187,3.627332068901389e+18,3.588758492168896e+18,1.5357919101745596e+22,1.5357920015333986e+22,1.1223631838433157,0.7455893185685633
mpp,100.0,0.5238361503334479,1.05162503056531e-05,0.9560227550593727,3.629487541784381e+18,3.5866272317829693e+18,1.5357919101745596e+22,1.5357920119855916e+22,1.1223600157706448,0.7460135617060125
mpp,100.0,0.5238361503334479,1.052343231983881e-05,0.9566756654398918,3.6318478150474834e+18,3.584296373428515e+18,1.5357919101745596e+22,1.535792023492943e+22,1.1223565519314964,0.7464329537021029
mpp,100.0,0.5238361503334479,1.0530512576087475e-05,0.9573193250988613,3.6344285078409595e+18,3.581751307395102e+18,1.5357919101745596e+22,1.5357920361489505e+22,1.122352770878175,0.7468476448341339
mpp,100.0,0.5238361503334479,1.0537492375763123e-05,0.9579538523421021,3.6372460703905633e+18,3.578976765810575e+18,1.5357919101745596e+22,1.535792050055057e+22,1.1223486502380857,0.7472577885552496
mpp,100.0,0.5238361503334479,1.0544373007741478e-05,0.9585793643401344,3.6403177997823596e+18,3.57595683202083e+18,1.5357919101745596e+22,1.5357920653208122e+22,1.1223441667360339,0.7476635415401975
mpp,100.0,0.5238361503334479,1.055115574840148e-05,0.9591959771274073,3.643661854132474e+18,3.5726749544608707e+18,1.5357919101745596e+22,1.5357920820648129e+22,1.1223392962242327,0.7480650637195052
mpp,100.0,0.5238361503334479,1.0557841861621727e-05,0.9598038056019753,3.6472972650602936e+18,3.569113965299698e+18,1.5357919101745596e+22,1.5357921004154006e+22,1.1223340137205235,0.7484625183012893
mpp,100.0,0.5238361503334479,1.0564432598781674e-05,0.9604029635256067,3.6512439483956603e+18,3.565256104124171e+18,1.5357919101745596e+22,1.5357921205115238e+22,1.1223282934552834,0.7488560717799572
mpp,100.0,0.5238361503334479,1.057092919876744e-05,0.9609935635243128,3.655522713064078e+18,3.56108304690632e+18,1.5357919101745596e+22,1.5357921425037306e+22,1.1223221089274862,0.7492458939311059
mpp,100.0,0.5238361503334479,1.0577332887982049e-05,0.9615757170892771,3.6601552681079956e+18,3.556575940469994e+18,1.5357919101745596e+22,1.5357921665551734e+22,1.1223154329703204,0.7496321577919796
mpp,100.0,0.5238361503334479,1.0583644880359935e-05,0.962149534578176,3.665164227817743e+18,3.551715442640904e+18,1.5357919101745596e+22,1.5357921928427761e+22,1.1223082378267397,0.7500150396269082
mpp,100.0,0.5238361503334479,1.0589866377385603e-05,0.9627151252168731,3.6705731149622815e+18,3.546481768225854e+18,1.5357919101745596e+22,1.5357922215584235e+22,1.1223004952352442,0.7503947188772213
mpp,100.0,0.5238361503334479,1.059599856811622e-05,0.9632725971014746,3.6764063621261455e+18,3.5408547409241953e+18,1.5357919101745596e+22,1.5357922529104127e+22,1.1222921765261444,0.7507713780952001
mpp,100.0,0.5238361503334479,1.0602042629208068e-05,0.9638220572007334,3.6826893111774e+18,3.5348138512242995e+18,1.5357919101745596e+22,1.5357922871248937e+22,1.1222832527284643,0.7511452028617205
mpp,100.0,0.5238361503334479,1.0607999724946654e-05,0.9643636113587868,3.6894482109077427e+18,3.528338320286846e+18,1.5357919101745596e+22,1.5357923244476807e+22,1.12227369468758,0.7515163816873165
mpp,100.0,0.5238361503334479,1.0613871007280374e-05,0.9648973642982158,3.696710212905556e+18,3.5214071697521377e+18,1.5357919101745596e+22,1.5357923651455946e+22,1.1222634731935566,0.751885105896497
mpp,100.0,0.5238361503334479,1.0619657615857558e-05,0.9654234196234144,3.7045033657387715e+18,3.5139992973540024e+18,1.5357919101745596e+22,1.5357924095088417e+22,1.1222525591201105,0.7522515694952331
mpp,100.0,0.5238361503334479,1.0625360678066804e-05,0.965941879824255,3.7128566075436093e+18,3.506093558145321e+18,1.5357919101745596e+22,1.5357924578531853e+22,1.1222409235739403,0.7526159690216458
mpp,100.0,0.5238361503334479,1.0630981309080423e-05,0.9664528462800386,3.721799757130344e+18,3.4976688510745943e+18,1.5357919101745596e+22,1.5357925105215935e+22,1.1222285380540948,0.7529785033800199
mpp,100.0,0.5238361503334479,1.0636520611900908e-05,0.9669564192637189,3.731363503734323e+18,3.488704210583467e+18,1.5357919101745596e+22,1.5357925678876115e+22,1.1222153746209547,0.7533393736583788
mpp,100.0,0.5238361503334479,1.0641979677410253e-05,0.9674526979463867,3.7415793955555564e+18,3.479178902808156e+18,1.5357919101745596e+22,1.5357926303573249e+22,1.1222014060741938,0.7536987829299678
mpp,100.0,0.5238361503334479,1.0647359584422066e-05,0.9679417804020061,3.752479827242487e+18,3.469072525906706e+18,1.5357919101745596e+22,1.5357926983724928e+22,1.1221866061390569,0.7540569360390965
mpp,100.0,0.5238361503334479,1.0652661399736287e-05,0.9684237636123898,3.76409802648792e+18,3.4583651139500764e+18,1.5357919101745596e+22,1.5357927724140502e+22,1.12217094966011,0.7544140393719042
mpp,100.0,0.5238361503334479,1.0657886178196438e-05,0.9688987434724035,3.776468039916396e+18,3.447037243742719e+18,1.5357919101745596e+22,1.5357928530049887e+22,1.1221544128014787,0.7547703006127249
mpp,100.0,0.5238361503334479,1.0663034962749275e-05,0.9693668147953887,3.7896247184466335e+18,3.435070143876946e+18,1.5357919101745596e+22,1.535792940714307e+22,1.1221369732525361,0.755125928486823
mpp,100.0,0.5238361503334479,1.0668108784506744e-05,0.969828071318795,3.803603702322608e+18,3.4224458052524513e+18,1.5357919101745596e+22,1.535793036161136e+22,1.1221186104378174,0.7554811324903916
mpp,100.0,0.5238361503334479,1.067310866281011e-05,0.97028260571001,3.8184414060058527e+18,3.4091470922389125e+18,1.5357919101745596e+22,1.5357931400186454e+22,1.122099305729861,0.7558361226087891
mpp,100.0,0.5238361503334479,1.0678035605296172e-05,0.9707305095723793,3.8341750031254385e+18,3.3951578536108636e+18,1.5357919101745596e+22,1.53579325301914e+22,1.1220790426635991,0.7561911090240948
mpp,100.0,0.5238361503334479,1.0682890607965472e-05,0.9711718734514065,3.8508424116770826e+18,3.380463032339271e+18,1.5357919101745596e+22,1.5357933759591006e+22,1.1220578071507898,0.7565463018131496
mpp,100.0,0.5238361503334479,1.0687674655252362e-05,0.9716067868411238,3.868482279661213e+18,3.3650487732950994e+18,1.5357919101745596e+22,1.5357935097047184e+22,1.1220355876929493,0.7569019106373256
mpp,100.0,0.5238361503334479,1.0692388720096866e-05,0.9720353381906242,3.887133971339646e+18,3.3489025279028644e+18,1.5357919101745596e+22,1.5357936551985058e+22,1.122012375591189,0.757258144425347
mpp,100.0,0.5238361503334479,1.0697033764018233e-05,0.9724576149107484,3.9068375542829716e+18,3.3320131547683205e+18,1.5357919101745596e+22,1.5357938134656056e+22,1.1219881651512806,0.7576152110505443
mpp,100.0,0.5238361503334479,1.0701610737190086e-05,0.9728737033809168,3.9276337873684915e+18,3.3143710153193743e+18,1.5357919101745596e+22,1.5357939856225098e+22,1.1219629538823443,0.7579733170039813
mpp,100.0,0.5238361503334479,1.0706120578517071e-05,0.9732836889560974,3.949564109873267e+18,3.2959680635055734e+18,1.5357919101745596e+22,1.5357941728850142e+22,1.1219367426874354,0.7583326670649323
mpp,100.0,0.5238361503334479,1.0710564215712944e-05,0.973687655973904,3.972670631792576e+18,3.2767979286473933e+18,1.5357919101745596e+22,1.5357943765793941e+22,1.1219095360444677,0.7586934639702251
mpp,100.0,0.5238361503334479,1.0714942565379982e-05,0.9740856877618166,3.996996125496049e+18,3.2568559905567555e+18,1.5357919101745596e+22,1.5357945981535015e+22,1.1218813421758127,0.7590559080839813
mpp,100.0,0.5238361503334479,1.0719256533089662e-05,0.9744778666445147,4.0225840188151567e+18,3.2361394461228877e+18,1.5357919101745596e+22,1.5357948391915851e+22,1.121852173205111,0.7594201970692949
mpp,100.0,0.5238361503334479,1.0723507013464508e-05,0.9748642739513189,4.049478389636443e+18,3.2146473666151557e+18,1.5357919101745596e+22,1.5357951014304408e+22,1.121822045299804,0.7597865255633844
mpp,100.0,0.5238361503334479,1.0727694890261048e-05,0.9752449900237316,4.077723962055797e+18,3.192380745045185e+18,1.5357919101745596e+22,1.5357953867797638e+22,1.1217909787980795,0.7601550848577416
mpp,100.0,0.5238361503334479,1.0731821036453796e-05,0.9756200942230724,4.1073661041280333e+18,3.169342533018935e+18,1.5357919101745596e+22,1.5357956973469318e+22,1.121758998319006,0.7605260625847633
mpp,100.0,0.5238361503334479,1.0735886314320188e-05,0.9759896649381989,4.138450827227577e+18,3.1455376666087255e+18,1.5357919101745596e+22,1.5357960354669158e+22,1.1217261328547672,0.7608996424123173
mpp,100.0,0.5238361503334479,1.0739891575526403e-05,0.9763537795933094,4.171024787017831e+18,3.1209730808861773e+18,1.5357919101745596e+22,1.5357964037397217e+22,1.1216924158440882,0.7612760037476437
mpp,100.0,0.5238361503334479,1.0743837661213997e-05,0.9767125146558179,4.205135286007186e+18,3.0956577128701107e+18,1.5357919101745596e+22,1.5357968050769772e+22,1.1216578852260817,0.7616553214519145
mpp,100.0,0.5238361503334479,1.07477254020873e-05,0.9770659456442999,4.240830277656678e+18,3.06960249275754e+18,1.5357919101745596e+22,1.535797242759397e+22,1.1216225834739308,0.7620377655667244
mpp,100.0,0.5238361503334479,1.0751555618501495e-05,0.9774141471364997,4.2781583719870915e+18,3.042820323433154e+18,1.5357919101745596e+22,1.5357977205100956e+22,1.1215865576080395,0.7624235010536757
mpp,100.0,0.5238361503334479,1.0755329120551326e-05,0.9777571927773933,4.3171688426239186e+18,3.015326048364236e+18,1.5357919101745596e+22,1.5357982425864047e+22,1.1215498591884299,0.7628126875481497
mpp,100.0,0.5238361503334479,1.0759046708160368e-05,0.9780951552873063,4.3579116352076073e+18,2.9871364081077847e+18,1.5357919101745596e+22,1.5357988138940325e+22,1.1215125442863678,0.7632054791282451
mpp,100.0,0.5238361503334479,1.0762709171170821e-05,0.9784281064700746,4.4004373770904253e+18,2.9582699857783316e+18,1.5357919101745596e+22,1.5357994401326166e+22,1.1214746734354752,0.7636020240997609
mpp,100.0,0.5238361503334479,1.076631728943374e-05,0.9787561172212491,4.444797388238669e+18,2.928747141924754e+18,1.5357919101745596e+22,1.5358001279788728e+22,1.121436311562708,0.7640024647979963
mpp,100.0,0.5238361503334479,1.0769871832899693e-05,0.9790792575363358,4.4910436932575247e+18,2.8985899393702144e+18,1.5357919101745596e+22,1.5358008853158823e+22,1.1213975278998036,0.7644069374070132
mpp,100.0,0.5238361503334479,1.0773373561709743e-05,0.9793975965190677,4.5392290344611645e+18,2.867822058666921e+18,1.5357919101745596e+22,1.5358017215224542e+22,1.1213583958760587,0.7648155717969006
mpp,100.0,0.5238361503334479,1.077682322628674e-05,0.9797112023897037,4.5894068859180093e+18,2.836468704900004e+18,1.5357919101745596e+22,1.5358026478369682e+22,1.121318992993466,0.7652284913794581
mpp,100.0,0.5238361503334479,1.0780221567426868e-05,0.9800201424933517,4.641631468413556e+18,2.804556506647388e+18,1.5357919101745596e+22,1.5358036778127353e+22,1.121279400685441,0.765645812982593
mpp,100.0,0.5238361503334479,1.07835693163914e-05,0.9803244833083091,4.695957765289884e+18,2.772113407973059e+18,1.5357919101745596e+22,1.5358048278897416e+22,1.121239704160628,0.7660676467436123
mpp,100.0,0.5238361503334479,1.0786867194998597e-05,0.980624290454418,4.752441539145191e+18,2.739168554375398e+18,1.5357919101745596e+22,1.5358061181082651e+22,1.121199992233429,0.766494096021473
mpp,100.0,0.5238361503334479,1.0790115915715747e-05,0.9809196287014316,4.811139349402342e+18,2.7057521736633866e+18,1.5357919101745596e+22,1.5358075730016206e+22,1.1211603571432085,0.7669252573279445
mpp,100.0,0.5238361503334479,1.0793316181751259e-05,0.9812105619773872,4.87210857079285e+18,2.6718954527532293e+18,1.5357919101745596e+22,1.5358092227083902e+22,1.121120894364274,0.7673612202775257
mpp,100.0,0.5238361503334479,1.0796468687146801e-05,0.981497153376982,4.935407412842301e+18,2.6376304114025964e+18,1.5357919101745596e+22,1.535811104356826e+22,1.1210817024090465,0.7678020675558581
mpp,100.0,0.5238361503334479,1.0799574116869445e-05,0.9817794651699496,5.001094940495512e+18,2.6029897739058504e+18,1.5357919101745596e+22,1.5358132637860224e+22,1.1210428826270984,0.7682478749062867
mpp,100.0,0.5238361503334479,1.0802633146903754e-05,0.9820575588094322,5.069231096075263e+18,2.568006839773149e+18,1.5357919101745596e+22,1.53581575768301e+22,1.1210045390030665,0.7686987111341177
mpp,100.0,0.5238361503334479,1.0805646444343797e-05,0.9823314949403452,5.139876722841439e+18,2.532715354403002e+18,1.5357919101745596e+22,1.5358186562322348e+22,1.120966777956778,0.7691546381280552
mpp,100.0,0.5238361503334479,1.0808614667485075e-05,0.982601333407734,5.213093590496145e+18,2.4971493807443604e+18,1.5357919101745596e+22,1.5358220463983812e+22,1.1209297081494054,0.7696157108982172
mpp,100.0,0.5238361503334479,1.0811538465916265e-05,0.982867133265115,5.288944423075988e+18,2.461343172920031e+18,1.5357919101745596e+22,1.5358260359905579e+22,1.1208934402999524,0.7700819776300641
mpp,100.0,0.5238361503334479,1.0814418480610833e-05,0.9831289527828031,5.36749292978669e+18,2.425331052757611e+18,1.5357919101745596e+22,1.5358307586924565e+22,1.1208580870170344,0.7705534797535298
mpp,100.0,0.5238361503334479,1.081725534401841e-05,0.9833868494562192,5.448803839463456e+18,2.389147290147331e+18,1.5357919101745596e+22,1.5358363802864074e+22,1.1208237626516742,0.771030252026579
mpp,100.0,0.5238361503334479,1.0820049680155946e-05,0.9836408800141769,5.532942939499614e+18,2.3528259881054536e+18,1.5357919101745596e+22,1.5358431063464003e+22,1.1207905831776552,0.7715123226323933
mpp,100.0,0.5238361503334479,1.0822802104698606e-05,0.983891100427146,5.619977120264803e+18,2.3164009733334164e+18,1.5357919101745596e+22,1.535851191697959e+22,1.1207586661063158,0.7719997132893539
mpp,100.0,0.5238361503334479,1.0825513225070368e-05,0.9841375659154881,5.709974426225684e+18,2.2799056927191232e+18,1.5357919101745596e+22,1.5358609517944387e+22,1.120728130439897,0.7724924393729592
mpp,100.0,0.5238361503334479,1.082818364053432e-05,0.9843803309576654,5.803004115121225e+18,2.2433731149767332e+18,1.5357919101745596e+22,1.5358727753477332e+22,1.1206990966526493,0.772990510048827
mpp,100.0,0.5238361503334479,1.0830813942282604e-05,0.9846194492984186,5.899136726323796e+18,2.2068356324266614e+18,1.5357919101745596e+22,1.5358871344732665e+22,1.1206716866329363,0.7734939284159151
mpp,100.0,0.5238361503334479,1.083340471352602e-05,0.9848549739569109,5.998444157996348e+18,2.1703249454732006e+18,1.5357919101745596e+22,1.5359045789196904e+22,1.1206460233440927,0.7740026916591352
mpp,100.0,0.5238361503334479,1.0835956529583215e-05,0.9850869572348377,6.100999747041275e+18,2.1338718796486572e+18,1.5357919101745596e+22,1.5359256743009654e+22,1.1206222294810517,0.7745167912106126
mpp,100.0,0.5238361503334479,1.0838469957969498e-05,0.9853154507244999,6.206878329082291e+18,2.0975060091093875e+18,1.5357919101745596e+22,1.5359507794317667e+22,1.1206004232352218,0.7750362129190733
mpp,100.0,0.5238361503334479,1.084094555848522e-05,0.9855405053168382,6.316156212004589e+18,2.0612548045638979e+18,1.5357919101745596e+22,1.5359794180262487e+22,1.1205807067781306,0.7755609372273268
mpp,100.0,0.5238361503334479,1.08433838833037e-05,0.9857621712094272,6.428910894768086e+18,2.025141742923517e+18,1.5357919101745596e+22,1.536008732734725e+22,1.1205631383143928,0.7760909393588752
mpp,100.0,0.5238361503334479,1.0845785477058698e-05,0.9859804979144271,6.545220149834189e+18,1.9891823780451151e+18,1.5357919101745596e+22,1.536030059366691e+22,1.1205476705803958,0.776626189516676
mpp,100.0,0.5238361503334479,1.0848150876931413e-05,0.9861955342664921,6.665159683955479e+18,1.9533767955514632e+18,1.5357919101745596e+22,1.536021999444272e+22,1.1205340270467117,0.777166653100392
mpp,100.0,0.5238361503334479,1.0850480612736976e-05,0.9864073284306342,6.788797902951555e+18,1.9176962765545585e+18,1.5357919101745596e+22,1.5359375502939181e+22,1.1205214727436135,0.7777122909531932
mpp,100.0,0.5238361503334479,1.085277520701043e-05,0.986615927910039,6.916101691736803e+18,1.8823449067845747e+18,1.5357919101745596e+22,1.5358946456619e+22,1.1205122442449365,0.7782630596545981
mpp,100.0,0.5238361503334479,1.0855035175092196e-05,0.986821379553836,7.047123036809727e+18,1.8473333891028362e+18,1.5357919101745596e+22,1.5358824808100995e+22,1.1205062386685898,0.7788189109037317
mpp,100.0,0.5238361503334479,1.0857261025212985e-05,0.9870237295648168,7.181935614986845e+18,1.8126574943548588e+18,1.5357919101745596e+22,1.5358829212767183e+22,1.1205032194115319,0.7793797917228719
mpp,100.0,0.5238361503334479,1.0859453258578164e-05,0.9872230235071058,7.320616514268755e+18,1.7783252327757123e+18,1.5357919101745596e+22,1.5358885429637303e+22,1.120503141417878,0.7799456447488587
mpp,100.0,0.5238361503334479,1.0861612369451554e-05,0.9874193063137777,7.463244274144081e+18,1.7443489964509645e+18,1.5357919101745596e+22,1.535896281500136e+22,1.1205060361781398,0.7805164084868772
mpp,100.0,0.5238361503334479,1.0863738845238655e-05,0.9876126222944233,7.609898079244632e+18,1.7107424058171034e+18,1.5357919101745596e+22,1.5359048571096186e+22,1.1205119650816748,0.781092017545072
mpp,100.0,0.5238361503334479,1.0865833166569272e-05,0.9878030151426611,7.760657407886274e+18,1.6775190331475858e+18,1.5357919101745596e+22,1.5359137247285637e+22,1.1205210003475259,0.781672402857231
mpp,100.0,0.5238361503334479,1.0867895807379541e-05,0.9879905279435948,7.915601859786059e+18,1.644691880777448e+18,1.5357919101745596e+22,1.5359226437189725e+22,1.1205332171468005,0.7822574918964054
mpp,100.0,0.5238361503334479,1.0869927234993378e-05,0.9881752031812162,8.07481105355703e+18,1.6122731660866793e+18,1.5357919101745596e+22,1.5359315006321253e+22,1.120548690294793,0.7828472088806598
mpp,100.0,0.5238361503334479,1.0871927910203254e-05,0.9883570827457504,8.238364550342102e+18,1.5802742333755914e+18,1.5357919101745596e+22,1.5359402358601282e+22,1.1205674928225262,0.7834414749714481
mpp,100.0,0.5238361503334479,1.0873898287350402e-05,0.9885362079409457,8.406341786111115e+18,1.5487055199288727e+18,1.5357919101745596e+22,1.5359488131520071e+22,1.120589695328829,0.7840402084648899
mpp,100.0,0.5238361503334479,1.0875838814404348e-05,0.9887126194913044,8.57882200558348e+18,1.5175765466199923e+18,1.5357919101745596e+22,1.535957206898907e+22,1.1206153656616857,0.7846433249760855
mpp,100.0,0.5238361503334479,1.0877749933041825e-05,0.9888863575492568,8.755884194947169e+18,1.4868959207873677e+18,1.5357919101745596e+22,1.535965396816558e+22,1.120644568742505,0.7852507376166006
mpp,100.0,0.5238361503334479,1.087963207872503e-05,0.9890574617022755,8.937607012240355e+18,1.4566713461668636e+18,1.5357919101745596e+22,1.5359733657171852e+22,1.1206773664558467,0.7858623571652205
mpp,100.0,0.5238361503334479,1.0881485680779226e-05,0.9892259709799296,9.124068714956696e+18,1.4269096375414152e+18,1.5357919101745596e+22,1.5359810985739428e+22,1.1207138175721276,0.7864780922320806
mpp,100.0,0.5238361503334479,1.088331116246969e-05,0.9893919238608808,9.315347084725146e+18,1.397616738948751e+18,1.5357919101745596e+22,1.5359885821239573e+22,1.1207539776894966,0.7870978494162977
mpp,100.0,0.5238361503334479,1.0885108941077993e-05,0.9895553582798176,9.51151934903477e+18,1.368797744779659e+18,1.5357919101745596e+22,1.5359958046937803e+22,1.1207978991888203,0.7877215334572018
mpp,100.0,0.5238361503334479,1.0886879427977617e-05,0.9897163116343288,9.712662100038984e+18,1.340456923306607e+18,1.5357919101745596e+22,1.536002756113751e+22,1.1208456311990045,0.7883490473793154
mpp,100.0,0.5238361503334479,1.088862302870889e-05,0.9898748207917173,9.918851210495308e+18,1.312597742276019e+18,1.5357919101745596e+22,1.5360094276646462e+22,1.1208972195711966,0.7889802926311991
mpp,100.0,0.5238361503334479,1.0890340143053247e-05,0.9900309220957497,1.0130161746925072e+19,1.2852228962440568e+18,1.5357919101745596e+22,1.5360158120339537e+22,1.120952706861029,0.78961516921831
mpp,100.0,0.5238361503334479,1.089203116510682e-05,0.9901846513733472,1.034666788008589e+19,1.2583343353631398e+18,1.5357919101745596e+22,1.5360219032718657e+22,1.1210121323182811,0.7902535758300291
mpp,100.0,0.5238361503334479,1.0893696483353328e-05,0.9903360439412118,1.056844279286495e+19,1.2319332953473708e+18,1.5357919101745596e+22,1.5360276967435692e+22,1.121075531883441,0.7908954099609985
mpp,100.0,0.5238361503334479,1.089533648073631e-05,0.9904851346123917,1.0795558585716363e+19,1.2060203283625265e+18,1.5357919101745596e+22,1.5360331890771337e+22,1.1211429381907143,0.791540568026944
mpp,100.0,0.5238361503334479,1.0896951534730626e-05,0.9906319577027842,1.1028086179773893e+19,1.1805953346037599e+18,1.5357919101745596e+22,1.5360383781069077e+22,1.1212143805770345,0.792188945475142
mpp,100.0,0.5238361503334479,1.0898542017413324e-05,0.990776547037575,1.1266095217787638e+19,1.1556575943406126e+18,1.5357919101745596e+22,1.5360432628131225e+22,1.1212898850966533,0.7928404368897071
mpp,100.0,0.5238361503334479,1.0900108295533774e-05,0.9909189359576158,1.1509653963040086e+19,1.1312058002261979e+18,1.5357919101745596e+22,1.5360478432583383e+22,1.121369474540905,0.7934949360918742
mpp,100.0,0.5238361503334479,1.0901650730583125e-05,0.9910591573257387,1.1758829196414382e+19,1.1072380896837391e+18,1.5357919101745596e+22,1.536052120521605e+22,1.1214531684627502,0.7941523362354563
mpp,100.0,0.5238361503334479,1.0903169678863081e-05,0.9911972435330074,1.2013686111796281e+19,1.083752077200654e+18,1.5357919101745596e+22,1.5360560966311218e+22,1.1215409832057195,0.7948125298976602
mpp,100.0,0.5238361503334479,1.0904665491553973e-05,0.9913332265049066,1.2274288210003706e+19,1.0607448863760325e+18,1.5357919101745596e+22,1.5360597744959992e+22,1.1216329319368947,0.7954754091654451
mpp,100.0,0.5238361503334479,1.090613851478213e-05,0.9914671377074664,1.2540697191445996e+19,1.0382131815839608e+18,1.5357919101745596e+22,1.536063157837625e+22,1.1217290246835796,0.7961408657176019
mpp,100.0,0.5238361503334479,1.0907589089686595e-05,0.9915990081533268,1.281297284773752e+19,1.0161531991291562e+18,1.5357919101745596e+22,1.5360662511217675e+22,1.1218292683733337,0.7968087909027587
mpp,100.0,0.5238361503334479,1.0909017552485099e-05,0.9917288684077362,1.3091172952479793e+19,9.945607777877153e+17,1.5357919101745596e+22,1.5360690594911562e+22,1.1219336668770499,0.7974790758134687
mpp,100.0,0.5238361503334479,1.091042423453939e-05,0.99185674859449,1.3375353151459867e+19,9.734313886379474e+17,1.5357919101745596e+22,1.5360715886997432e+22,1.1220422210547936,0.7981516113565934
mpp,100.0,0.5238361503334479,1.0911809462419846e-05,0.9919826784018042,1.3665566852501002e+19,9.527601641009181e+17,1.5357919101745596e+22,1.5360738450484102e+22,1.1221549288041144,0.7988262883201421
mpp,100.0,0.5238361503334479,1.0913173557969417e-05,0.9921066870881288,1.3961865115229168e+19,9.325419261216868e+17,1.5357919101745596e+22,1.5360758353230228e+22,1.1222717851105848,0.7995029974367669
mpp,100.0,0.5238361503334479,1.0914516838366856e-05,0.992228803487896,1.4264296541006152e+19,9.127712134347827e+17,1.5357919101745596e+22,1.5360775667345021e+22,1.1223927821003108,0.8001816294440667
mpp,100.0,0.5238361503334479,1.0915839616189305e-05,0.9923490560172095,1.4572907163311182e+19,8.934423078671412e+17,1.5357919101745596e+22,1.536079046861644e+22,1.1225179090942043,0.8008620751419033
mpp,100.0,0.5238361503334479,1.091714219947416e-05,0.9924674726794691,1.488774033883721e+19,8.745492596429194e+17,1.5357919101745596e+22,1.536080283596657e+22,1.1226471526638035,0.8015442254468768
mpp,100.0,0.5238361503334479,1.091842489178028e-05,0.9925840810709345,1.5208836639585501e+19,8.56085911662974e+17,1.5357919101745596e+22,1.5360812850933936e+22,1.1227804966884505,0.8022279714441323
mpp,100.0,0.5238361503334479,1.0919687992248514e-05,0.9926989083862285,1.553623374625063e+19,8.380459227400116e+17,1.5357919101745596e+22,1.5360820597187376e+22,1.1229179224136525,0.8029132044366731
mpp,100.0,0.5238361503334479,1.092093179566154e-05,0.9928119814237764,1.5869966343173761e+19,8.20422789779098e+17,1.5357919101745596e+22,1.536082616006706e+22,1.123059408510466,0.8035998159923079
mpp,100.0,0.5238361503334479,1.0922156592503055e-05,0.9929233265911869,1.6210066015171267e+19,8.032098688984342e+17,1.5357919101745596e+22,1.5360829626157407e+22,1.1232049311357546,0.8042876979884159
mpp,100.0,0.5238361503334479,1.092336266901628e-05,0.9930329699105709,1.6556561146521246e+19,7.864003954931062e+17,1.5357919101745596e+22,1.5360831082889562e+22,1.1233544639931923,0.8049767426546494
mpp,100.0,0.5238361503334479,1.0924550307261798e-05,0.9931409370237998,1.6909476822410142e+19,7.699875032485999e+17,1.5357919101745596e+22,1.5360830618171496e+22,1.1235079783948818,0.8056668426137251
mpp,100.0,0.5238361503334479,1.092571978517474e-05,0.9932472531977037,1.7268834733132e+19,7.53964242116614e+17,1.5357919101745596e+22,1.5360828320049764e+22,1.1236654433234894,0.8063578909204361
mpp,100.0,0.5238361503334479,1.0926871376621309e-05,0.9933519433292098,1.7634653081336687e+19,7.383235952692672e+17,1.5357919101745596e+22,1.536082427639779e+22,1.1238268254947879,0.8070497810990106
mpp,100.0,0.5238361503334479,1.0928005351454637e-05,0.9934550319504216,1.8006946492615303e+19,7.2305849505184e+17,1.5357919101745596e+22,1.5360818574630236e+22,1.1239920894205224,0.8077424071789384
mpp,100.0,0.5238361503334479,1.0929121975570008e-05,0.9935565432336372,1.838572592971149e+19,7.081618379572604e+17,1.5357919101745596e+22,1.5360811301447068e+22,1.1241611974715202,0.8084356637293756
mpp,100.0,0.5238361503334479,1.0930221510959425e-05,0.9936565009963114,1.877099861064894e+19,6.93626498647576e+17,1.5357919101745596e+22,1.5360802542598815e+22,1.1243341099409698,0.809129445892251
mpp,100.0,0.5238361503334479,1.0931304215765523e-05,0.9937549287059567,1.916276793103799e+19,6.794453430510324e+17,1.5357919101745596e+22,1.53607923826779e+22,1.1245107851078053,0.8098236494141486
mpp,100.0,0.5238361503334479,1.0932370344334861e-05,0.9938518494849875,1.9561033390848705e+19,6.65611240563746e+17,1.5357919101745596e+22,1.536078090493356e+22,1.1246911793001417,0.8105181706770905
mpp,100.0,0.5238361503334479,1.0933420147270573e-05,0.9939472861155068,1.996579052590387e+19,6.521170753872685e+17,1.5357919101745596e+22,1.5360768191105239e+22,1.1248752469587076,0.8112129067282936
mpp,100.0,0.5238361503334479,1.0934453871484367e-05,0.9940412610440335,2.037703084434145e+19,6.389557570344795e+17,1.5357919101745596e+22,1.5360754321279634e+22,1.1250629407002268,0.8119077553089736
mpp,100.0,0.5238361503334479,1.0935471760247933e-05,0.9941337963861758,2.079474176830674e+19,6.261202300358464e+17,1.5357919101745596e+22,1.53607393737647e+22,1.1252542113807162,0.8126026148823052
mpp,100.0,0.5238361503334479,1.0936474053243696e-05,0.9942249139312452,2.1218906581083628e+19,6.136034828802683e+17,1.5357919101745596e+22,1.5360723424980888e+22,1.1254490081586517,0.8132973846605654
mpp,100.0,0.5238361503334479,1.0937460986614977e-05,0.9943146351468162,2.164950437990749e+19,6.013985562233637e+17,1.5357919101745596e+22,1.5360706549371938e+22,1.1256472785579814,0.8139919646315661
mpp,100.0,0.5238361503334479,1.0938432793015513e-05,0.9944029811832285,2.208651003464499e+19,5.894985503972649e+17,1.5357919101745596e+22,1.5360688819326794e+22,1.1258489685309456,0.8146862555843974
mpp,100.0,0.5238361503334479,1.0939389701658392e-05,0.9944899728780356,2.2529894152551145e+19,5.778966322549304e+17,1.5357919101745596e+22,1.5360670305119443e+22,1.1260540225206839,0.8153801591345651
mpp,100.0,0.5238361503334479,1.0940331938364382e-05,0.9945756307603985,2.297962304927205e+19,5.665860413822292e+17,1.5357919101745596e+22,1.5360651074859004e+22,1.1262623835236056,0.816073577748554
mpp,100.0,0.5238361503334479,1.094125972560964e-05,0.9946599750554219,2.3435658726245822e+19,5.5556009571058214e+17,1.5357919101745596e+22,1.5360631194454246e+22,1.12647399315149,0.8167664147678501
mpp,100.0,0.5238361503334479,1.0942173282572852e-05,0.9947430256884412,2.3897958854667276e+19,5.448121965615521e+17,1.5357919101745596e+22,1.5360610727586274e+22,1.1266887916933097,0.8174585744324868
mpp,100.0,0.5238361503334479,1.0943072825181768e-05,0.9948248022892516,2.436647676612039e+19,5.343358331553469e+17,1.5357919101745596e+22,1.5360589735694342e+22,1.1269067181767465,0.818149961904118
mpp,100.0,0.5238361503334479,1.0943958566159159e-05,0.9949053241962872,2.4841161450000437e+19,5.241245866131866e+17,1.5357919101745596e+22,1.536056827796776e+22,1.127127710429386,0.8188404832886627
mpp,100.0,0.5238361503334479,1.0944830715068192e-05,0.9949846104607447,2.5321957557804933e+19,5.1417213348354125e+17,1.5357919101745596e+22,1.5360546411348073e+22,1.1273517051395694,0.819530045658532
mpp,100.0,0.5238361503334479,1.0945689478357231e-05,0.9950626798506574,2.5808805414371942e+19,5.044722488205986e+17,1.5357919101745596e+22,1.5360524190537472e+22,1.1275786379168862,0.8202185570744709
mpp,100.0,0.5238361503334479,1.0946535059404077e-05,0.9951395508549161,2.63016410361112e+19,4.9501880884293734e+17,1.5357919101745596e+22,1.5360501668014067e+22,1.1278084433522901,0.8209059266070191
mpp,100.0,0.5238361503334479,1.0947367658559627e-05,0.9952152416872388,2.6800396156252844e+19,4.8580579319904416e+17,1.5357919101745596e+22,1.536047889405373e+22,1.1280410550778182,0.8215920643576016
mpp,100.0,0.5238361503334479,1.0948187473190986e-05,0.9952897702900896,2.7304998257124147e+19,4.7682728686548326e+17,1.5357919101745596e+22,1.5360455916755412e+22,1.1282764058258952,0.8222768814792543
mpp,100.0,0.5238361503334479,1.0948994697724025e-05,0.9953631543385477,2.7815370609452945e+19,4.680774817021344e+17,1.5357919101745596e+22,1.5360432782073032e+22,1.128514427488209,0.8229602901970049
mpp,100.0,0.5238361503334479,1.0949789523685387e-05,0.9954354112441262,2.8331432318643438e+19,4.595506776885053e+17,1.5357919101745596e+22,1.536040953385019e+22,1.1287550511741318,0.8236422038278821
mpp,100.0,0.5238361503334479,1.0950572139743958e-05,0.9955065581585416,2.885309837799291e+19,4.5124128386331814e+17,1.5357919101745596e+22,1.5360386213858159e+22,1.1289982072686726,0.8243225368005791
mpp,100.0,0.5238361503334479,1.0951342731751775e-05,0.9955766119774341,2.9380279728751514e+19,4.431438189893441e+17,1.5357919101745596e+22,1.5360362861837922e+22,1.1292438254899384,0.8250012046747361
mpp,100.0,0.5238361503334479,1.0952101482784434e-05,0.9956455893440395,2.991288332695101e+19,4.352529119635633e+17,1.5357919101745596e+22,1.5360339515543946e+22,1.1294918349460847,0.8256781241598661
mpp,100.0,0.5238361503334479,1.0952848573180955e-05,0.9957135066528141,3.045081221687737e+19,4.2756330199241146e+17,1.5357919101745596e+22,1.5360316210789501e+22,1.1297421641917362,0.8263532131338951
mpp,100.0,0.5238361503334479,1.0953584180583116e-05,0.9957803800530105,3.0993965611041698e+19,4.200698385507496e+17,1.5357919101745596e+22,1.5360292981495556e+22,1.1299947412838487,0.8270263906613007
mpp,100.0,0.5238361503334479,1.0954308479974282e-05,0.9958462254522075,3.154223897651305e+19,4.1276748114176595e+17,1.5357919101745596e+22,1.5360269859739046e+22,1.130249493837001,0.8276975770108532
mpp,100.0,0.5238361503334479,1.0955021643717723e-05,0.9959110585197931,3.209552412742829e+19,4.056512988746903e+17,1.5357919101745596e+22,1.536024687580342e+22,1.1305063490780842,0.8283666936729335
mpp,100.0,0.5238361503334479,1.0955723841594418e-05,0.9959748946904017,3.2653709323484004e+19,3.987164698759374e+17,1.5357919101745596e+22,1.5360224058229509e+22,1.1307652339003682,0.8290336633764085
mpp,100.0,0.5238361503334479,1.0956415240840354e-05,0.9960377491673049,3.321667937420761e+19,3.919582805484351e+17,1.5357919101745596e+22,1.536020143386739e+22,1.131026074916923,0.8296984101050539
mpp,100.0,0.5238361503334479,1.0957096006183349e-05,0.996099636925759,3.3784315748784734e+19,3.853721246930613e+17,1.5357919101745596e+22,1.5360179027928133e+22,1.1312887985133708,0.8303608591135105
mpp,100.0,0.5238361503334479,1.0957766299879358e-05,0.9961605727163052,3.4356496691178512e+19,3.789535025054917e+17,1.5357919101745596e+22,1.536015686403555e+22,1.1315533308999355,0.8310209369427313
mpp,100.0,0.5238361503334479,1.0958426281748313e-05,0.9962205710680284,3.4933097340316144e+19,3.726980194604861e+17,1.5357919101745596e+22,1.536013496427881e+22,1.1318195981627779,0.8316785714349335
mpp,100.0,0.5238361503334479,1.0959076109209472e-05,0.9962796462917702,3.5513989855041286e+19,3.666013850954285e+17,1.5357919101745596e+22,1.5360113349263324e+22,1.1320875263145793,0.8323336917480066
mpp,100.0,0.5238361503334479,1.09597159373163e-05,0.9963378124833001,3.609904354357125e+19,3.606594117037635e+17,1.5357919101745596e+22,1.5360092038162373e+22,1.1323570413443547,0.832986228369376
mpp,100.0,0.5238361503334479,1.0960345918790874e-05,0.9963950835264431,3.6688124997147574e+19,3.5486801294856685e+17,1.5357919101745596e+22,1.5360071048767868e+22,1.1326280692664679,0.8336361131292884
mpp,100.0,0.5238361503334479,1.0960966204057819e-05,0.9964514730961654,3.7281098227582026e+19,3.4922320240566355e+17,1.5357919101745596e+22,1.536005039754146e+22,1.1329005361688176,0.8342832792135058
mpp,100.0,0.5238361503334479,1.0961576941277803e-05,0.9965069946616185,3.787782480838268e+19,3.4372109204507366e+17,1.5357919101745596e+22,1.536003009966244e+22,1.1331743682601814,0.8349276611753913
mpp,100.0,0.5238361503334479,1.0962178276380554e-05,0.9965616614891413,3.847816401912749e+19,3.3835789065909914e+17,1.5357919101745596e+22,1.5360010169077868e+22,1.1334494919166762,0.8355691949473556
mpp,100.0,0.5238361503334479,1.0962770353097443e-05,0.9966154866452221,3.90819729927717e+19,3.3312990224454106e+17,1.5357919101745596e+22,1.5359990618549171e+22,1.1337258337273242,0.8362078178516599
mpp,100.0,0.5238361503334479,1.0963353312993623e-05,0.9966684829994202,3.968910686553943e+19,3.280335243462967e+17,1.5357919101745596e+22,1.5359971459701167e+22,1.1340033205386897,0.8368434686105471
mpp,100.0,0.5238361503334479,1.096392729549971e-05,0.9967206632272463,4.029941892905376e+19,3.2306524636882694e+17,1.5357919101745596e+22,1.5359952703065613e+22,1.1342818794985647,0.8374760873556797
mpp,100.0,0.5238361503334479,1.0964492437943059e-05,0.9967720398130053,4.091276078439151e+19,3.182216478614983e+17,1.5357919101745596e+22,1.535993435812772e+22,1.134561438098687,0.8381056156368911
mpp,100.0,0.5238361503334479,1.0965048875578585e-05,0.9968226250525987,4.1528982497679925e+19,3.134993967836374e+17,1.5357919101745596e+22,1.535991643337002e+22,1.1348419242164527,0.838731996430197
mpp,100.0,0.5238361503334479,1.0965596741619176e-05,0.9968724310562888,4.214793275691572e+19,3.088952477542472e+17,1.5357919101745596e+22,1.5359898936314738e+22,1.135123266155618,0.8393551741450908
mpp,100.0,0.5238361503334479,1.0966136167265675e-05,0.996921469751425,4.276945902965595e+19,3.044060402912822e+17,1.5357919101745596e+22,1.53598818735658e+22,1.135405392685953,0.8399750946310808
mpp,100.0,0.5238361503334479,1.0966667281736461e-05,0.9969697528851329,4.3393407721239405e+19,3.000286970448197e+17,1.5357919101745596e+22,1.5359865250850215e+22,1.1356882330818412,0.8405917051834791
mpp,100.0,0.5238361503334479,1.0967190212296606e-05,0.9970172920269642,4.401962433317984e+19,2.957602220282404e+17,1.5357919101745596e+22,1.535984907305617e+22,1.1359717171597907,0.8412049545484026
mpp,100.0,0.5238361503334479,1.0967705084286636e-05,0.9970640985715125,4.4647953621441544e+19,2.9159769885089235e+17,1.5357919101745596e+22,1.5359833344274174e+22,1.1362557753148548,0.8418147929270131
mpp,100.0,0.5238361503334479,1.0968212021150896e-05,0.9971101837409906,4.527823975421012e+19,2.8753828895580118e+17,1.5357919101745596e+22,1.5359818067831236e+22,1.1365403385559267,0.8424211719789547
mpp,100.0,0.5238361503334479,1.0968711144465507e-05,0.9971555585877734,4.5910326468893655e+19,2.8357922986532445e+17,1.5357919101745596e+22,1.5359803246329926e+22,1.1368253385399116,0.8430240448250036
mpp,100.0,0.5238361503334479,1.0969202573965946e-05,0.9972002339969042,4.6544057227983086e+19,2.7971783343763664e+17,1.5357919101745596e+22,1.5359788881681788e+22,1.137110707604742,0.8436233660489096
mpp,100.0,0.5238361503334479,1.0969686427574233e-05,0.9972442206885668,4.717927537352367e+19,2.759514841364138e+17,1.5357919101745596e+22,1.535977497514346e+22,1.1373963788012424,0.8442190916984413
mpp,100.0,0.5238361503334479,1.0970162821425747e-05,0.9972875292205224,4.781582427983862e+19,2.7227763731611408e+17,1.5357919101745596e+22,1.5359761527346915e+22,1.1376822859238105,0.8448111792856106
mpp,100.0,0.5238361503334479,1.0970631869895642e-05,0.9973301699905128,4.845354750427629e+19,2.6869381752478867e+17,1.5357919101745596e+22,1.5359748538335152e+22,1.137968363539924,0.8453995877860961
mpp,100.0,0.5238361503334479,1.0971093685624922e-05,0.9973721532386293,4.9092288935660765e+19,2.651976168262384e+17,1.5357919101745596e+22,1.535973600758969e+22,1.1382545470184504,0.845984277637854
mpp,100.0,0.5238361503334479,1.0971548379546137e-05,0.9974134890496489,4.973189294021556e+19,2.6178669314313782e+17,1.5357919101745596e+22,1.5359723934062677e+22,1.1385407725567616,0.8465652107389248
mpp,100.0,0.5238361503334479,1.0971996060908704e-05,0.9974541873553368,5.037220450467311e+19,2.5845876862265014e+17,1.5357919101745596e+22,1.5359712316205788e+22,1.1388269772066315,0.8471423504444189
mpp,100.0,0.5238361503334479,1.0972436837303892e-05,0.9974942579367174,5.101306937637664e+19,2.552116280255227e+17,1.5357919101745596e+22,1.535970115199688e+22,1.1391130988989424,0.8477156615627299
mpp,100.0,0.5238361503334479,1.0972870814689434e-05,0.9975337104263121,5.165433420009961e+19,2.5204311714009885e+17,1.5357919101745596e+22,1.5359690438968248e+22,1.1393990764671542,0.8482851103509189
mpp,100.0,0.5238361503334479,1.0973298097413808e-05,0.9975725543103462,5.2295846651421475e+19,2.4895114122187507e+17,1.5357919101745596e+22,1.5359680174232814e+22,1.1396848496695806,0.8488506645093407
mpp,100.0,0.5238361503334479,1.0973718788240166e-05,0.9976107989309242,5.2937455566418395e+19,2.459336634596209e+17,1.5357919101745596e+22,1.5359670354508696e+22,1.1399703592104389,0.8494122931754725
mpp,100.0,0.5238361503334479,1.0974132988369913e-05,0.9976484534881739,5.357901106751017e+19,2.4298870346865994e+17,1.5357919101745596e+22,1.535966097614277e+22,1.1402555467596842,0.8499699669169735
mpp,100.0,0.5238361503334479,1.0974540797465966e-05,0.9976855270423606,5.4220364685303456e+19,2.4011433581183616e+17,1.5357919101745596e+22,1.5359652035136542e+22,1.1405403549716455,0.8505236577239944
mpp,100.0,0.5238361503334479,1.0974942313675674e-05,0.9977220285159705,5.486136947624986e+19,2.3730868854870896e+17,1.5357919101745596e+22,1.5359643527165686e+22,1.1408247275024446,0.8510733390007302
mpp,100.0,0.5238361503334479,1.097533763365342e-05,0.9977579666957654,5.550188013601976e+19,2.3456994181320378e+17,1.5357919101745596e+22,1.5359635447604373e+22,1.1411086090262303,0.8516189855562548
mpp,100.0,0.5238361503334479,1.0975726852582875e-05,0.9977933502348069,5.614175310842043e+19,2.3189632642015818e+17,1.5357919101745596e+22,1.5359627791543942e+22,1.1413919452502057,0.8521605735946136
mpp,100.0,0.5238361503334479,1.0976110064198969e-05,0.9978281876544517,5.678084668979803e+19,2.2928612250077434e+17,1.5357919101745596e+22,1.5359620553814282e+22,1.1416746829284872,0.8526980807042317
mpp,100.0,0.5238361503334479,1.0976487360809517e-05,0.9978624873463197,5.741902112880543e+19,2.2673765816715235e+17,1.5357919101745596e+22,1.5359613729003153e+22,1.141956769874787,0.8532314858466286
mpp,100.0,0.5238361503334479,1.0976858833316553e-05,0.9978962575742322,5.8056138721459675e+19,2.2424930820594093e+17,1.5357919101745596e+22,1.5359607311474409e+22,1.1422381549739415,0.8537607693444649
mpp,100.0,0.5238361503334479,1.0977224571237352e-05,0.997929506476123,5.8692063901418725e+19,2.218194928010998e+17,1.5357919101745596e+22,1.5359601295385573e+22,1.142518788192286,0.8542859128689296
mpp,100.0,0.5238361503334479,1.0977584662725147e-05,0.9979622420659224,5.932666332545687e+19,2.194466762855684e+17,1.5357919101745596e+22,1.5359595674706052e+22,1.1427986205869107,0.8548068994265127
mpp,100.0,0.5238361503334479,1.097793919458954e-05,0.9979944722354128,5.995980595404807e+19,2.171293659219095e+17,1.5357919101745596e+22,1.535959044323177e+22,1.143077604313789,0.855323713345139
mpp,100.0,0.5238361503334479,1.0978288252316651e-05,0.9980262047560592,6.059136312710661e+19,2.1486611071147206e+17,1.5357919101745596e+22,1.535958559460306e+22,1.1433556926348243,0.8558363402597423
mpp,100.0,0.5238361503334479,1.097863192008893e-05,0.9980574472808119,6.122120863480533e+19,2.1265550023208624e+17,1.5357919101745596e+22,1.5359581122317974e+22,1.143632839923805,0.8563447670972437
mpp,100.0,0.5238361503334479,1.0978970280804725e-05,0.9980882073458841,6.1849218783518e+19,2.104961635038912e+17,1.5357919101745596e+22,1.535957701974779e+22,1.143909001671306,0.8568489820609928
mpp,100.0,0.5238361503334479,1.0979303416097527e-05,0.9981184923725025,6.247527245687401e+19,2.0838676788304957e+17,1.5357919101745596e+22,1.5359573280150532e+22,1.1441841344885468,0.8573489746146712
mpp,100.0,0.5238361503334479,1.097963140635498e-05,0.9981483096686347,6.309925117199751e+19,2.0632601798289782e+17,1.5357919101745596e+22,1.5359569896684617e+22,1.144458196110243,0.8578447354657182
mpp,100.0,0.5238361503334479,1.0979954330737578e-05,0.998177666430689,6.372103913089183e+19,2.043126546223964e+17,1.5357919101745596e+22,1.5359566862420418e+22,1.1447311453964466,0.8583362565482416
mpp,100.0,0.5238361503334479,1.0980272267197105e-05,0.9982065697451914,6.434052326709515e+19,2.0234545380127318e+17,1.5357919101745596e+22,1.5359564170354236e+22,1.1450029423334274,0.8588235310054965
mpp,100.0,0.5238361503334479,1.0980585292494814e-05,0.9982350265904376,6.495759328761688e+19,2.0042322570157315e+17,1.5357919101745596e+22,1.5359561813418117e+22,1.1452735480336,0.8593065531719206
mpp,100.0,0.5238361503334479,1.0980893482219326e-05,0.9982630438381205,6.557214171023387e+19,1.9854481371520138e+17,1.5357919101745596e+22,1.5359559784492624e+22,1.1455429247345286,0.8597853185547577
mpp,100.0,0.5238361503334479,1.0981196910804284e-05,0.9982906282549349,6.618406389624039e+19,1.967090934969104e+17,1.5357919101745596e+22,1.5359558076414692e+22,1.1458110357970335,0.8602598238153072
mpp,100.0,0.5238361503334479,1.0981495651545737e-05,0.9983177865041579,6.679325807870164e+19,1.949149720424608e+17,1.5357919101745596e+22,1.5359556681990714e+22,1.1460778457024259,0.8607300667497954
mpp,100.0,0.5238361503334479,1.0981789776619278e-05,0.9983445251472072,6.739962538634005e+19,1.9316138679131885e+17,1.5357919101745596e+22,1.5359555594004847e+22,1.1463433200488953,0.8611960462699233
mpp,100.0,0.5238361503334479,1.098207935709693e-05,0.9983708506451754,6.800306986312039e+19,1.9144730475353232e+17,1.5357919101745596e+22,1.5359554805227627e+22,1.1466074255470797,0.8616577623830941
mpp,100.0,0.5238361503334479,1.0982364462963772e-05,0.9983967693603429,6.860349848365693e+19,1.8977172166028294e+17,1.5357919101745596e+22,1.535955430842448e+22,1.1468701300148398,0.862115216172351
mpp,100.0,0.5238361503334479,1.0982645163134358e-05,0.9984222875576689,6.920082116457744e+19,1.8813366113756512e+17,1.5357919101745596e+22,1.5359554096365646e+22,1.147131402371281,0.862568409776064
mpp,100.0,0.5238361503334479,1.0982921525468846e-05,0.9984474114062588,6.979495077188e+19,1.8653217390266544e+17,1.5357919101745596e+22,1.5359554161832194e+22,1.1473912126300188,0.8630173463673476
mpp,100.0,0.5238361503334479,1.0983193616788932e-05,0.998472146980812,7.03858031245057e+19,1.8496633698277328e+17,1.5357919101745596e+22,1.5359554497623647e+22,1.1476495318917537,0.8634620301332877
mpp,100.0,0.5238361503334479,1.0983461502893518e-05,0.9984965002630471,7.097329699417888e+19,1.8343525295536918e+17,1.5357919101745596e+22,1.5359555096566173e+22,1.147906332336155,0.8639024662539545
mpp,100.0,0.5238361503334479,1.0983725248574186e-05,0.9985204771431079,7.155735410168266e+19,1.8193804920978314e+17,1.5357919101745596e+22,1.5359555951517057e+22,1.148161587213105,0.8643386608812667
mpp,100.0,0.5238361503334479,1.0983984917630406e-05,0.998544083420946,7.213789910967638e+19,1.8047387722959226e+17,1.5357919101745596e+22,1.5359557055373864e+22,1.1484152708333037,0.8647706211176797
mpp,100.0,0.5238361503334479,1.0984240572884544e-05,0.9985673248076858,7.271485961219293e+19,1.7904191189521824e+17,1.5357919101745596e+22,1.53595584010763e+22,1.1486673585582898,0.8651983549947667
mpp,100.0,0.5238361503334479,1.0984492276196647e-05,0.9985902069269679,7.32881661209905e+19,1.7764135080631846e+17,1.5357919101745596e+22,1.535955998161646e+22,1.1489178267898938,0.8656218714516934
mpp,100.0,0.5238361503334479,1.0984740088478996e-05,0.9986127353162724,7.385775204881208e+19,1.762714136235096e+17,1.5357919101745596e+22,1.5359561790039387e+22,1.1491666529591442,0.8660411803135982
mpp,100.0,0.5238361503334479,1.0984984069710465e-05,0.9986349154282241,7.44235536898011e+19,1.7493134142887638e+17,1.5357919101745596e+22,1.5359563819451454e+22,1.1494138155146758,0.8664562922699278
mpp,100.0,0.5238361503334479,1.0985224278950648e-05,0.9986567526318771,7.498551019709964e+19,1.7362039610488867e+17,1.5357919101745596e+22,1.5359566063022459e+22,1.1496592939106407,0.8668672188527147
mpp,100.0,0.5238361503334479,1.0985460774353792e-05,0.9986782522139812,7.554356355787103e+19,1.7233785973115318e+17,1.5357919101745596e+22,1.5359568513991172e+22,1.1499030685941796,0.8672739724148535
mpp,100.0,0.5238361503334479,1.0985693613182519e-05,0.998699419380229,7.60976585658053e+19,1.7108303399866445e+17,1.5357919101745596e+22,1.5359571165668948e+22,1.1501451209924511,0.8676765661083579
mpp,100.0,0.5238361503334479,1.0985922851821332e-05,0.9987202592564848,7.664774279127712e+19,1.6985523964101917e+17,1.5357919101745596e+22,1.5359574011442444e+22,1.1503854334992654,0.8680750138626409
mpp,100.0,0.5238361503334479,1.0986148545789953e-05,0.9987407768899957,7.71937665493257e+19,1.686538158821476e+17,1.5357919101745596e+22,1.5359577044778106e+22,1.1506239894613477,0.8684693303628432
mpp,100.0,0.5238361503334479,1.0986370749756428e-05,0.9987609772505843,7.77356828655296e+19,1.6747811990018538e+17,1.5357919101745596e+22,1.535958025922488e+22,1.1508607731642462,0.8688595310282008
mpp,100.0,0.5238361503334479,1.0986589517550052e-05,0.998780865231823,7.827344743993567e+19,1.663275263070376e+17,1.5357919101745596e+22,1.5359583648415864e+22,1.1510957698179138,0.8692456319904807
mpp,100.0,0.5238361503334479,1.0986804902174117e-05,0.9988004456521924,7.880701860921952e+19,1.6520142664311926e+17,1.5357919101745596e+22,1.5359587206071027e+22,1.1513289655420078,0.8696276500725301
mpp,100.0,0.5238361503334479,1.0987016955818443e-05,0.998819723256222,7.933635730714808e+19,1.6409922888698787e+17,1.5357919101745596e+22,1.5359590926000375e+22,1.151560347350905,0.8700056027669123
mpp,100.0,0.5238361503334479,1.098722572987174e-05,0.9988387027156127,7.986142702346705e+19,1.630203569794455e+17,1.5357919101745596e+22,1.5359594802104605e+22,1.1517899031384637,0.8703795082146515
mpp,100.0,0.5238361503334479,1.0987431274933787e-05,0.9988573886303442,8.038219376140994e+19,1.6196425036157853e+17,1.5357919101745596e+22,1.535959882837642e+22,1.1520176216625746,0.8707493851841411
mpp,100.0,0.5238361503334479,1.0987633640827416e-05,0.9988757855297651,8.089862599386676e+19,1.609303635265301e+17,1.5357919101745596e+22,1.5359602998901603e+22,1.1522434925294962,0.8711152530501756
mpp,100.0,0.5238361503334479,1.0987832876610338e-05,0.998893897873667,8.141069461840426e+19,1.5991816558445517e+17,1.5357919101745596e+22,1.5359607307859478e+22,1.1524675061780254,0.8714771317731683
mpp,100.0,0.5238361503334479,1.0988029030586768e-05,0.9989117300533426,8.191837291118572e+19,1.5892713984043408e+17,1.5357919101745596e+22,1.5359611749523327e+22,1.152689653863495,0.8718350418785231
mpp,100.0,0.5238361503334479,1.0988222150318905e-05,0.9989292863926278,8.242163647996702e+19,1.5795678338484893e+17,1.5357919101745596e+22,1.5359616318259738e+22,1.1529099276416497,0.8721890044362145
mpp,100.0,0.5238361503334479,1.0988412282638214e-05,0.9989465711489285,8.29204632162194e+19,1.5700660669597302e+17,1.5357919101745596e+22,1.5359621008527414e+22,1.153128320352393,0.872539041040549
mpp,100.0,0.5238361503334479,1.0988599473656549e-05,0.9989635885142317,8.341483324653607e+19,1.560761332543353e+17,1.5357919101745596e+22,1.5359625814875629e+22,1.1533448256034498,0.8728851737901531
mpp,100.0,0.5238361503334479,1.0988783768777126e-05,0.9989803426161024,8.390472888339972e+19,1.55164899168565e+17,1.5357919101745596e+22,1.5359630731941845e+22,1.1535594377539502,0.8732274252681819
mpp,100.0,0.5238361503334479,1.0988965212705306e-05,0.9989968375186642,8.439013457540465e+19,1.5427245281238496e+17,1.5357919101745596e+22,1.5359635754447763e+22,1.1537721518979542,0.8735658185227542
mpp,100.0,0.5238361503334479,1.098914384945923e-05,0.9990130772235664,8.487103685702933e+19,1.533983544724405e+17,1.5357919101745596e+22,1.535964087719585e+22,1.1539829638479335,0.8739003770476232
mpp,100.0,0.5238361503334479,1.0989319722380296e-05,0.999029065670936,8.53474242980816e+19,1.525421760065744e+17,1.5357919101745596e+22,1.5359646095062883e+22,1.154191870118242,0.8742311247631166
mpp,100.0,0.5238361503334479,1.0989492874143477e-05,0.9990448067403161,8.581928745286774e+19,1.5170350051231146e+17,1.5357919101745596e+22,1.5359651402993086e+22,1.1543988679085755,0.8745580859973244
mpp,100.0,0.5238361503334479,1.0989663346767477e-05,0.9990603042515889,8.628661880914847e+19,1.5088192200529146e+17,1.5357919101745596e+22,1.535965679598928e+22,1.1546039550874279,0.8748812854675312
mpp,100.0,0.5238361503334479,1.0989831181624756e-05,0.9990755619658869,8.674941273708095e+19,1.5007704510714093e+17,1.5357919101745596e+22,1.5359662269102849e+22,1.1548071301756118,0.8752007482619819
mpp,100.0,0.5238361503334479,1.0989996419451368e-05,0.9990905835864881,8.72076654380211e+19,1.4928848474284077e+17,1.5357919101745596e+22,1.5359667817419438e+22,1.1550083923297678,0.8755164998218466
mpp,100.0,0.5238361503334479,1.0990159100356695e-05,0.9991053727596996,8.766137489346717e+19,1.4851586584696822e+17,1.5357919101745596e+22,1.5359673436044115e+22,1.155207741325972,0.8758285659235364
mpp,100.0,0.5238361503334479,1.0990319263833002e-05,0.9991199330757274,8.811054081408264e+19,1.4775882307873942e+17,1.5357919101745596e+22,1.5359679120081611e+22,1.1554051775433898,0.876136972661285
mpp,100.0,0.5238361503334479,1.099047694876486e-05,0.9991342680695328,8.85551645888947e+19,1.4701700054556483e+17,1.5357919101745596e+22,1.5359684864614611e+22,1.1556007019480101,0.876441746430019
mpp,100.0,0.5238361503334479,1.099063219343843e-05,0.9991483812216755,8.899524923474723e+19,1.4629005153480147e+17,1.5357919101745596e+22,1.5359690664676675e+22,1.1557943160764725,0.8767429139085382
mpp,100.0,0.5238361503334479,1.0990785035550604e-05,0.9991622759591459,8.943079934606167e+19,1.4557763825345827e+17,1.5357919101745596e+22,1.5359696515220927e+22,1.1559860220200047,0.8770405020430064
mpp,100.0,0.5238361503334479,1.0990935512218005e-05,0.9991759556561823,8.986182104492127e+19,1.4487943157567654e+17,1.5357919101745596e+22,1.535970241108032e+22,1.1561758224084548,0.8773345380307298
mpp,100.0,0.5238361503334479,1.0991083659985862e-05,0.9991894236350785,9.028832193161193e+19,1.4419511079764362e+17,1.5357919101745596e+22,1.5359708346927152e+22,1.1563637203944657,0.8776250493042727
mpp,100.0,0.5238361503334479,1.0991229514836739e-05,0.9992026831669762,9.071031103556746e+19,1.4352436339979573e+17,1.5357919101745596e+22,1.5359714317219366e+22,1.1565497196377594,0.8779120635158566
mpp,100.0,0.5238361503334479,1.0991373112199139e-05,0.9992157374726489,9.112779876684607e+19,1.4286688481600677e+17,1.5357919101745596e+22,1.535972031614096e+22,1.1567338242895782,0.8781956085221038
mpp,100.0,0.5238361503334479,1.0991514486955977e-05,0.9992285897232706,9.154079686812128e+19,1.4222237820961213e+17,1.5357919101745596e+22,1.5359726337532692e+22,1.1569160389772544,0.878475712369071
mpp,100.0,0.5238361503334479,1.0991653673452932e-05,0.9992412430411757,9.194931836729803e+19,1.4159055425594574e+17,1.5357919101745596e+22,1.5359732374812395e+22,1.1570963687889522,0.8787524032776322
mpp,100.0,0.5238361503334479,1.0991790705506659e-05,0.9992537005006054,9.235337753065637e+19,1.4097113093133862e+17,1.5357919101745596e+22,1.5359738420879715e+22,1.157274819258539,0.8790257096291386
mpp,100.0,0.5238361503334479,1.0991925616412885e-05,0.9992659651284441,9.275298981674177e+19,1.4036383330817128e+17,1.5357919101745596e+22,1.5359744468012086e+22,1.1574513963506503,0.8792956599514432
mpp,100.0,0.5238361503334479,1.099205843895439e-05,0.9992780399049446,9.314817183086112e+19,1.3976839335593328e+17,1.5357919101745596e+22,1.5359750507740216e+22,1.157626106445904,0.8795622829052194
mpp,100.0,0.5238361503334479,1.0992189205408847e-05,0.9992899277644407,9.353894128028698e+19,1.3918454974805363e+17,1.5357919101745596e+22,1.5359756530708707e+22,1.1577989563262794,0.8798256072705913
mpp,100.0,0.5238361503334479,1.099231794755657e-05,0.9993016315960519,9.392531693023578e+19,1.3861204767422418e+17,1.5357919101745596e+22,1.5359762526518248e+22,1.157969953160695,0.8800856619341164
mpp,100.0,0.5238361503334479,1.0992444696688121e-05,0.9993131542443747,9.430731856052743e+19,1.3805063865816395e+17,1.5357919101745596e+22,1.5359768483542694e+22,1.1581391044907365,0.8803424758760507
mpp,100.0,0.5238361503334479,1.0992569483611817e-05,0.9993244985101652,9.468496692307177e+19,1.375000803805136e+17,1.5357919101745596e+22,1.5359774388727268e+22,1.1583064182165776,0.8805960781579554
mpp,100.0,0.5238361503334479,1.099269233866112e-05,0.999335667151011,9.505828370010758e+19,1.3696013650674794e+17,1.5357919101745596e+22,1.5359780227356096e+22,1.1584719025830807,0.8808464979106148
mpp,100.0,0.5238361503334479,1.0992813291701904e-05,0.9993466628819914,9.542729146322762e+19,1.3643057651996315e+17,1.5357919101745596e+22,1.5359785982795838e+22,1.1586355661660588,0.881093764322246
mpp,100.0,0.5238361503334479,1.0992932372139636e-05,0.9993574883763305,9.579201363326906e+19,1.3591117555821354e+17,1.5357919101745596e+22,1.5359791636204076e+22,1.158797417858745,0.8813379066270626
mpp,100.0,0.5238361503334479,1.099304960892642e-05,0.9993681462660382,9.61524744409723e+19,1.354017142564277e+17,1.5357919101745596e+22,1.5359797166207012e+22,1.1589574668584215,0.8815789540941145
mpp,100.0,0.5238361503334479,1.0993165030567958e-05,0.9993786391425417,9.650869888850921e+19,1.3490197859260008e+17,1.5357919101745596e+22,1.5359802548540859e+22,1.1591157226532285,0.881816936016447
mpp,100.0,0.5238361503334479,1.0993278665130389e-05,0.9993889695573082,9.686071271182123e+19,1.3441175973814042e+17,1.5357919101745596e+22,1.5359807755650075e+22,1.159272195009154,0.8820518817005666
mpp,100.0,0.5238361503334479,1.0993390540247038e-05,0.999399140022458,9.720854234384186e+19,1.3393085391223243e+17,1.5357919101745596e+22,1.5359812756249086e+22,1.1594268939572012,0.8822838204562132
mpp,100.0,0.5238361503334479,1.0993500683125042e-05,0.9994091530113676,9.755221487852223e+19,1.3345906224005914e+17,1.5357919101745596e+22,1.5359817514835622e+22,1.1595798297807114,0.8825127815864143
mpp,100.0,0.5238361503334479,1.0993609120551912e-05,0.9994190109592647,9.789175803575591e+19,1.3299619061467435e+17,1.5357919101745596e+22,1.5359821991155945e+22,1.159731013002884,0.8827387943778688
mpp,100.0,0.5238361503334479,1.0993715878901939e-05,0.9994287162638127,9.822720012710083e+19,1.325420495625294e+17,1.5357919101745596e+22,1.535982613962139e+22,1.1598804543744257,0.8829618880915746
mpp,100.0,0.5238361503334479,1.0993820984142568e-05,0.9994382712856881,9.855857002241265e+19,1.320964541123212e+17,1.5357919101745596e+22,1.5359829908671225e+22,1.1600281648613988,0.8831820919537963
mpp,100.0,0.5238361503334479,1.0993924461840627e-05,0.9994476783491479,9.888589711729164e+19,1.3165922366716942e+17,1.5357919101745596e+22,1.535983324007668e+22,1.1601741556332112,0.8833994351472948
mpp,100.0,0.5238361503334479,1.0994026337168478e-05,0.999456939742589,9.920921130138367e+19,1.3123018187996757e+17,1.5357919101745596e+22,1.5359836068190517e+22,1.1603184380507634,0.8836139468028362
mpp,100.0,0.5238361503334479,1.0994126634910076e-05,0.9994660577190979,9.952854292752315e+19,1.3080915653174973e+17,1.5357919101745596e+22,1.5359838319132757e+22,1.160461023654748,0.88382565599098
mpp,100.0,0.5238361503334479,1.0994225379466936e-05,0.9994750344969942,9.984392278172726e+19,1.3039597941296434e+17,1.5357919101745596e+22,1.535983990991477e+22,1.1606019241541072,0.8840345917141557
mpp,100.0,0.5238361503334479,1.0994322594864e-05,0.9994838722603636,1.001553820540092e+20,1.2999048620755776e+17,1.5357919101745596e+22,1.535984074749764e+22,1.1607411514146324,0.8842407828989973
mpp,100.0,0.5238361503334479,1.0994418304755431e-05,0.9994925731595847,1.0046295231002437e+20,1.2959251637975195e+17,1.5357919101745596e+22,1.5359840727784439e+22,1.1608787174477058,0.8844442583889485
mpp,100.0,0.5238361503334479,1.0994512532430303e-05,0.9995011393118458,1.007666654635188e+20,1.292019130634381e+17,1.5357919101745596e+22,1.5359839734545791e+22,1.1610146343991776,0.8846450469371179
mpp,100.0,0.5238361503334479,1.0994605300818213e-05,0.9995095728016559,1.0106655374962655e+20,1.2881852295400582e+17,1.5357919101745596e+22,1.5359837638276197e+22,1.161148914538404,0.884843177199422
mpp,100.0,0.5238361503334479,1.099469663249481e-05,0.9995178756813463,1.0136264969892064e+20,1.2844219620264581e+17,1.5357919101745596e+22,1.5359834294981912e+22,1.1612815702473962,0.8850386777279492
mpp,100.0,0.5238361503334479,1.0994786549687217e-05,0.9995260499715652,1.0165498611226617e+20,1.2807278631296182e+17,1.5357919101745596e+22,1.5359829544900116e+22,1.161412614010114,0.8852315769645804
mpp,100.0,0.5238361503334479,1.0994875074279418e-05,0.9995340976617653,1.0194359603648614e+20,1.277101500397911e+17,1.5357919101745596e+22,1.5359823211150017e+22,1.1615420584019056,0.8854219032348759
mpp,100.0,0.5238361503334479,1.0994962227817505e-05,0.9995420207106823,1.0222851274074808e+20,1.2735414729026685e+17,1.5357919101745596e+22,1.5359815098319057e+22,1.161669916079063,0.8856096847421697
mpp,100.0,0.5238361503334479,1.0995048031514896e-05,0.9995498210468088,1.0250976969375587e+20,1.2700464102693496e+17,1.5357919101745596e+22,1.5359804990981723e+22,1.161796199768531,0.8857949495619317
mpp,100.0,0.5238361503334479,1.0995132506257437e-05,0.999557500568858,1.0278740054164567e+20,1.2666149717298907e+17,1.5357919101745596e+22,1.5359792652157754e+22,1.1619209222577358,0.8859777256363323
mpp,100.0,0.5238361503334479,1.0995215672608444e-05,0.9995650611462221,1.0306143908663062e+20,1.2632458451949517e+17,1.5357919101745596e+22,1.535977782171006e+22,1.1620440963845582,0.8861580407690445
mpp,100.0,0.5238361503334479,1.0995297550813662e-05,0.9995725046194238,1.0333191926637956e+20,1.2599377463457909e+17,1.5357919101745596e+22,1.5359760214688738e+22,1.1621657350274512,0.8863359226202754
mpp,100.0,0.5238361503334479,1.0995378160806157e-05,0.9995798328005597,1.0359887513408333e+20,1.2566894177457264e+17,1.5357919101745596e+22,1.5359739519621155e+22,1.162285851095697,0.8865113987020022
mpp,100.0,0.5238361503334479,1.099545752221112e-05,0.9995870474737383,1.0386234083923408e+20,1.2534996279704661e+17,1.5357919101745596e+22,1.5359715396758767e+22,1.1624044575198147,0.886684496373431
mpp,100.0,0.5238361503334479,1.0995535654350611e-05,0.9995941503955101,1.0412235060907028e+20,1.2503671707576197e+17,1.5357919101745596e+22,1.5359687476282388e+22,1.162521567242122,0.8868552428366554
mpp,100.0,0.5238361503334479,1.0995612576248216e-05,0.9996011432952924,1.0437893873069985e+20,1.2472908641747824e+17,1.5357919101745596e+22,1.5359655356474063e+22,1.1626371932074548,0.8870236651325222
mpp,100.0,0.5238361503334479,1.0995688306633648e-05,0.9996080278757862,1.0463213953387689e+20,1.2442695498063829e+17,1.5357919101745596e+22,1.535961860186297e+22,1.1627513483540588,0.8871897901366972
mpp,100.0,0.5238361503334479,1.0995762863947264e-05,0.9996148058133876,1.0488198737439798e+20,1.2413020919594413e+17,1.5357919101745596e+22,1.5359576741351747e+22,1.162864045604643,0.8873536445559106
mpp,100.0,0.5238361503334479,1.0995836266344527e-05,0.9996214787585934,1.051285166181812e+20,1.2383873768874283e+17,1.5357919101745596e+22,1.535952926633385e+22,1.1629752978576442,0.8875152549244285
mpp,100.0,0.5238361503334479,1.099590853170039e-05,0.9996280483363992,1.053717616258847e+20,1.2355243120338778e+17,1.5357919101745596e+22,1.5359475628809877e+22,1.1630851179786497,0.887674647600662
mpp,100.0,0.5238361503334479,1.0995979677613609e-05,0.9996345161466917,1.0561175673816547e+20,1.2327118252945027e+17,1.5357919101745596e+22,1.5359415239511628e+22,1.1631935187920437,0.887831848763982
mpp,100.0,0.5238361503334479,1.0996049721411005e-05,0.9996408837646369,1.0584853626154546e+20,1.229948864298273e+17,1.5357919101745596e+22,1.535934746604588e+22,1.163300513072876,0.8879868844117282
mpp,100.0,0.5238361503334479,1.0996118680151648e-05,0.999647152741059,1.0608213445478316e+20,1.2272343957088107e+17,1.5357919101745596e+22,1.5359271631068292e+22,1.1634061135389275,0.8881397803563429
mpp,100.0,0.5238361503334479,1.0996186570630982e-05,0.9996533246028165,1.0631258551586244e+20,1.2245674045448318e+17,1.5357919101745596e+22,1.535918701049661e+22,1.1635103328430403,0.8882905622227142
mpp,100.0,0.5238361503334479,1.099625340938488e-05,0.999659400853171,1.0653992356948541e+20,1.2219468935211886e+17,1.5357919101745596e+22,1.535909283177765e+22,1.1636131835656776,0.8884392554456552
mpp,100.0,0.5238361503334479,1.0996319212693658e-05,0.9996653829721508,1.0676418265513558e+20,1.219371882409865e+17,1.5357919101745596e+22,1.5358988272216312e+22,1.1637146782077685,0.8885858852675697
mpp,100.0,0.5238361503334479,1.0996383996585998e-05,0.9996712724169089,1.069853967156033e+20,1.2168414074225392e+17,1.5357919101745596e+22,1.5358872457381874e+22,1.1638148291837993,0.888730476736235
mpp,100.0,0.5238361503334479,1.0996447776842829e-05,0.9996770706220754,1.0720359958606388e+20,1.2143545206137176e+17,1.5357919101745596e+22,1.535874445960085e+22,1.1639136488152169,0.88887305470277
mpp,100.0,0.5238361503334479,1.099651056900115e-05,0.9996827790001046,1.0741882498360615e+20,1.2119102893060787e+17,1.5357919101745596e+22,1.5358603296551123e+22,1.1640111493241185,0.8890136438197217
mpp,100.0,0.5238361503334479,1.0996572388357787e-05,0.999688398941617,1.0763110649727816e+20,1.2095077955372773e+17,1.5357919101745596e+22,1.535844792996577e+22,1.1641073428272704,0.8891522685393233
mpp,100.0,0.5238361503334479,1.0996633249973086e-05,0.9996939318157352,1.0784047757853211e+20,1.2071461355299872e+17,1.5357919101745596e+22,1.535827726446108e+22,1.164202241330429,0.8892889531118486
mpp,100.0,0.5238361503334479,1.0996693168674577e-05,0.9996993789704162,1.080469715321938e+20,1.2048244191839662e+17,1.5357919101745596e+22,1.5358090146501196e+22,1.1642958567230346,0.8894237215841492
mpp,100.0,0.5238361503334479,1.0996752159060546e-05,0.9997047417327769,1.0825062150780887e+20,1.2025417695919651e+17,1.5357919101745596e+22,1.5357885363506683e+22,1.1643882007732251,0.889556597798281
mpp,100.0,0.5238361503334479,1.0996810235503576e-05,0.999710021409416,1.0845146049144984e+20,1.2002973225788928e+17,1.5357919101745596e+22,1.5357661643122944e+22,1.1644792851232324,0.88968760539028
mpp,100.0,0.5238361503334479,1.0996867412154028e-05,0.9997152192867298,1.0864952129790755e+20,1.1980902262650867e+17,1.5357919101745596e+22,1.5357417652654514e+22,1.1645691212851408,0.8898167677890462
mpp,100.0,0.5238361503334479,1.0996923702943464e-05,0.9997203366312241,1.0884483656330058e+20,1.1959196406535406e+17,1.5357919101745596e+22,1.5357151998676652e+22,1.1646577206370359,0.8899441082153586
mpp,100.0,0.5238361503334479,1.099697912158803e-05,0.9997253746898209,1.0903743873807293e+20,1.1937847372415957e+17,1.5357919101745596e+22,1.5356863226833919e+22,1.1647450944195463,0.8900696496810031
mpp,100.0,0.5238361503334479,1.0997033681591765e-05,0.9997303346901605,1.0922736008035105e+20,1.1916846986574944e+17,1.5357919101745596e+22,1.535654982183516e+22,1.1648312537327734,0.8901934149879969
mpp,100.0,0.5238361503334479,1.0997087396249881e-05,0.9997352178408984,1.0941463264967315e+20,1.1896187183214235e+17,1.5357919101745596e+22,1.5356210207648492e+22,1.1649162095336403,0.8903154267279354
mpp,100.0,0.5238361503334479,1.0997140278651987e-05,0.9997400253319989,1.0959928830108382e+20,1.1875860001313173e+17,1.5357919101745596e+22,1.5355842747904637e+22,1.164999972633656,0.8904357072814499
mpp,100.0,0.5238361503334479,1.0997192341685253e-05,0.999744758335023,1.0978135867953937e+20,1.1855857581739744e+17,1.5357919101745596e+22,1.5355445746519127e+22,1.1650825536970786,0.8905542788177394
mpp,100.0,0.5238361503334479,1.0997243598037532e-05,0.9997494180034121,1.0996087521467825e+20,1.1836172164605245e+17,1.5357919101745596e+22,1.5355017448530322e+22,1.165163963239516,0.8906711632942247
mpp,100.0,0.5238361503334479,1.0997294060200454e-05,0.9997540054727685,1.1013786911589347e+20,1.1816796086867422e+17,1.5357919101745596e+22,1.5354556041160773e+22,1.1652442116269486,0.8907863824562959
mpp,100.0,0.5238361503334479,1.0997343740472423e-05,0.9997585218611293,1.1031237136769088e+20,1.179772178018295e+17,1.5357919101745596e+22,1.535405965510559e+22,1.1653233090751502,0.8908999578371226
mpp,100.0,0.5238361503334479,1.0997392650961624e-05,0.9997629682692385,1.1048441272539691e+20,1.1778941768997533e+17,1.5357919101745596e+22,1.535352636604798e+22,1.1654012656495576,0.8910119107575855
mpp,100.0,0.5238361503334479,1.099744080358895e-05,0.9997673457808136,1.1065402371112298e+20,1.1760448668877077e+17,1.5357919101745596e+22,1.5352954196399963e+22,1.16547809126555,0.8911222623262866
mpp,100.0,0.5238361503334479,1.0997488210090888e-05,0.999771655462808,1.1082123460998965e+20,1.174223518507957e+17,1.5357919101745596e+22,1.5352341117271536e+22,1.165553795689123,0.8912310334396119
mpp,100.0,0.5238361503334479,1.0997534882022375e-05,0.9997758983656704,1.1098607546668481e+20,1.172429411135028e+17,1.5357919101745596e+22,1.5351685050664716e+22,1.1656283885380005,0.8913382447819189
mpp,100.0,0.5238361503334479,1.099758083075959e-05,0.999780075523599,1.1114857608219805e+20,1.1706618328949949e+17,1.5357919101745596e+22,1.5350983871885342e+22,1.1657018792831197,0.8914439168257603
mpp,100.0,0.5238361503334479,1.0997626067502723e-05,0.999784187954793,1.1130876601088133e+20,1.1689200805898846e+17,1.5357919101745596e+22,1.5350235412177443e+22,1.1657742772505224,0.8915480698322042
mpp,100.0,0.5238361503334479,1.099767060327868e-05,0.9997882366616982,1.1146667455768168e+20,1.1672034596436765e+17,1.5357919101745596e+22,1.5349437461562988e+22,1.165845591623612,0.891650723851202
mpp,100.0,0.5238361503334479,1.0997714448943772e-05,0.9997922226312521,1.1162233077566893e+20,1.1655112840684531e+17,1.5357919101745596e+22,1.5348587771889856e+22,1.1659158314458005,0.891751898722057
mpp,100.0,0.5238361503334479,1.099775761518634e-05,0.999796146835122,1.1177576346376405e+20,1.1638428764506333e+17,1.5357919101745596e+22,1.5347684060078138e+22,1.1659850056234924,0.8918516140739301
mpp,100.0,0.5238361503334479,1.0997800112529352e-05,0.9998000102299411,1.1192700116465254e+20,1.1621975679560307e+17,1.5357919101745596e+22,1.5346724011548971e+22,1.166053122929415,0.8919498893264166
mpp,100.0,0.5238361503334479,1.0997841951332953e-05,0.9998038137575411,1.1207607216296503e+20,1.1605746983527312e+17,1.5357919101745596e+22,1.5345705283840234e+22,1.1661201920062734,0.8920467436901842
mpp,100.0,0.5238361503334479,1.099788314179698e-05,0.9998075583451801,1.1222300448359829e+20,1.1589736160511238e+17,1.5357919101745596e+22,1.5344625510382635e+22,1.1661862213707106,0.8921421961676647
mpp,100.0,0.5238361503334479,1.099792369396345e-05,0.9998112449057681,1.1236782589027977e+20,1.1573936781596416e+17,1.5357919101745596e+22,1.5343482304438175e+22,1.1662512194175658,0.892236265553809
mpp,100.0,0.5238361503334479,1.0997963617718971e-05,0.9998148743380884,1.125105638842704e+20,1.1558342505556386e+17,1.5357919101745596e+22,1.5342273263179129e+22,1.1663151944243848,0.8923289704368758
mpp,100.0,0.5238361503334479,1.0998002922797174e-05,0.9998184475270158,1.1265124570328459e+20,1.154294707969693e+17,1.5357919101745596e+22,1.5340995971900445e+22,1.1663781545562049,0.8924203291992978
mpp,100.0,0.5238361503334479,1.0998041618781049e-05,0.9998219653437317,1.127898983205691e+20,1.1527744340826536e+17,1.5357919101745596e+22,1.5339648008349798e+22,1.16644010787055,0.8925103600185759
mpp,100.0,0.5238361503334479,1.0998079715105292e-05,0.9998254286459356,1.1292654844412741e+20,1.1512728216341146e+17,1.5357919101745596e+22,1.533822694715806e+22,1.1665010623226453,0.8925990808682286
mpp,100.0,0.5238361503334479,1.0998117221058578e-05,0.9998288382780526,1.1306122251611e+20,1.1497892725413256e+17,1.5357919101745596e+22,1.5336730364364974e+22,1.1665610257708006,0.8926865095187636
mpp,100.0,0.5238361503334479,1.0998154145785834e-05,0.9998321950714395,1.1319394671237585e+20,1.1483231980264315e+17,1.5357919101745596e+22,1.5335155842009824e+22,1.1666200059819873,0.8927726635387364
mpp,100.0,0.5238361503334479,1.099819049829045e-05,0.9998354998445864,1.1332474694219139e+20,1.1468740187520547e+17,1.5357919101745596e+22,1.5333500972788181e+22,1.1666780106375303,0.8928575602958089
mpp,100.0,0.5238361503334479,1.0998226287436464e-05,0.999838753403315,1.1345364884801356e+20,1.1454411649634758e+17,1.5357919101745596e+22,1.5331763364745655e+22,1.1667350473389198,0.892941216957848
mpp,100.0,0.5238361503334479,1.0998261521950722e-05,0.9998419565409749,1.135806778055096e+20,1.1440240766354603e+17,1.5357919101745596e+22,1.532994064600181e+22,1.1667911236137347,0.8930236504940902
mpp,100.0,0.5238361503334479,1.0998296210424997e-05,0.9998451100386361,1.1370585892359709e+20,1.1426222036238171e+17,1.5357919101745596e+22,1.5328030469481455e+22,1.1668462469216196,0.8931048776763078
mpp,100.0,0.5238361503334479,1.0998330361318067e-05,0.9998482146652787,1.138292170446794e+20,1.1412350058195061e+17,1.5357919101745596e+22,1.532603051764475e+22,1.166900424660316,0.893184915080022
mpp,100.0,0.5238361503334479,1.0998363982957783e-05,0.9998512711779803,1.1395077674496886e+20,1.1398619533041408e+17,1.5357919101745596e+22,1.532393850719142e+22,1.1669536641717284,0.8932637790857575
mpp,100.0,0.5238361503334479,1.099839708354309e-05,0.9998542803220991,1.140705623349111e+20,1.1385025265065442e+17,1.5357919101745596e+22,1.5321752193733891e+22,1.1670059727479725,0.8933414858802972
mpp,100.0,0.5238361503334479,1.0998429671146006e-05,0.999857242831455,1.1418859785971624e+20,1.137156216358291e+17,1.5357919101745596e+22,1.5319469376414033e+22,1.1670573576374168,0.8934180514579795
mpp,100.0,0.5238361503334479,1.0998461753713601e-05,0.9998601594285093,1.1430490710003727e+20,1.1358225244469629e+17,1.5357919101745596e+22,1.531708790245416e+22,1.167107826050698,0.8934934916220478
mpp,100.0,0.5238361503334479,1.0998493339069924e-05,0.9998630308245385,1.14419513572681e+20,1.1345009631673701e+17,1.5357919101745596e+22,1.5314605671628501e+22,1.1671573851666432,0.8935678219859748
mpp,100.0,0.5238361503334479,1.0998524434917892e-05,0.9998658577198084,1.1453244053142077e+20,1.1331910558683883e+17,1.5357919101745596e+22,1.5312020640634797e+22,1.16720604213813,0.893641057974837
mpp,100.0,0.5238361503334479,1.0998555048841182e-05,0.9998686408037438,1.146437109679609e+20,1.1318923369945834e+17,1.5357919101745596e+22,1.5309330827362464e+22,1.1672538040978486,0.893713214826721
mpp,100.0,0.5238361503334479,1.0998585188306059e-05,0.9998713807550962,1.147533476128817e+20,1.1306043522224648e+17,1.5357919101745596e+22,1.5306534315029913e+22,1.1673006781639266,0.8937843075941209
mpp,100.0,0.5238361503334479,1.0998614860663196e-05,0.9998740782421087,1.1486137293675722e+20,1.1293266585894723e+17,1.5357919101745596e+22,1.5303629256195666e+22,1.167346671445434,0.8938543511453805
mpp,100.0,0.5238361503334479,1.0998644073149468e-05,0.9998767339226788,1.1496780915128795e+20,1.1280588246155483e+17,1.5357919101745596e+22,1.5300613876616553e+22,1.167391791047722,0.8939233601661383
mpp,100.0,0.5238361503334479,1.0998672832889698e-05,0.9998793484445181,1.1507267821052312e+20,1.126800430416172e+17,1.5357919101745596e+22,1.5297486478951007e+22,1.1674360440775962,0.8939913491607925
mpp,100.0,0.5238361503334479,1.0998701146898405e-05,0.9998819224453096,1.1517600181216269e+20,1.1255510678061549e+17,1.5357919101745596e+22,1.5294245446294327e+22,1.1674794376483004,0.8940583324539799
mpp,100.0,0.5238361503334479,1.0998729022081493e-05,0.9998844565528631,1.1527780139888355e+20,1.1243103403937149e+17,1.5357919101745596e+22,1.529088924553472e+22,1.1675219788843034,0.8941243241920659
mpp,100.0,0.5238361503334479,1.0998756465237942e-05,0.9998869513852675,1.1537809815977866e+20,1.123077863663768e+17,1.5357919101745596e+22,1.5287416430525682e+22,1.1675636749258778,0.894189338344654
mpp,100.0,0.5238361503334479,1.0998783483061462e-05,0.999889407551042,1.1547691303183329e+20,1.1218532650501562e+17,1.5357919101745596e+22,1.5283825645061876e+22,1.1676045329334575,0.8942533887061134
mpp,100.0,0.5238361503334479,1.099881008214211e-05,0.9998918256492828,1.1557426670139711e+20,1.1206361839969734e+17,1.5357919101745596e+22,1.5280115625655649e+22,1.1676445600917431,0.8943164888970784
mpp,100.0,0.5238361503334479,1.099883626896791e-05,0.99989420626981,1.1567017960583191e+20,1.1194262720066933e+17,1.5357919101745596e+22,1.5276285204106825e+22,1.1676837636135986,0.8943786523660205
mpp,100.0,0.5238361503334479,1.0998862049926409e-05,0.9998965499933099,1.15764671935058e+20,1.1182231926772902e+17,1.5357919101745596e+22,1.5272333309858451e+22,1.1677221507436577,0.8944398923907583
mpp,100.0,0.5238361503334479,1.0998887431306253e-05,0.9998988573914775,1.1585776363326765e+20,1.1170266217254838e+17,1.5357919101745596e+22,1.5268258972135997e+22,1.1677597287617123,0.894500222080037
mpp,100.0,0.5238361503334479,1.0998912419298702e-05,0.9999011290271548,1.1594947440061753e+20,1.1158362469978646e+17,1.5357919101745596e+22,1.5264061321869382e+22,1.1677965049858077,0.894559654375072
mpp,100.0,0.5238361503334479,1.0998937019999144e-05,0.9999033654544677,1.160398236949656e+20,1.114651768468486e+17,1.5357919101745596e+22,1.5259739593386314e+22,1.1678324867750887,0.8946182020511192
mpp,100.0,0.5238361503334479,1.0998961239408573e-05,0.9999055672189612,1.1612883073365877e+20,1.1134728982234013e+17,1.5357919101745596e+22,1.5255293125886617e+22,1.1678676815323663,0.8946758777190409
mpp,100.0,0.5238361503334479,1.0998985083435049e-05,0.9999077348577318,1.1621651449534987e+20,1.1122993604318379e+17,1.5357919101745596e+22,1.5250721364687557e+22,1.1679020967064124,0.894732693826876
mpp,100.0,0.5238361503334479,1.0999008557895145e-05,0.9999098688995587,1.1630289372185035e+20,1.1111308913036872e+17,1.5357919101745596e+22,1.524602386224166e+22,1.1679357397939905,0.8947886626614304
mpp,100.0,0.5238361503334479,1.0999031668515347e-05,0.9999119698650316,1.1638798691997652e+20,1.10996723903459e+17,1.5357919101745596e+22,1.5241200278934003e+22,1.1679686183415867,0.894843796349828
mpp,100.0,0.5238361503334479,1.099905442093346e-05,0.9999140382666782,1.1647181236349112e+20,1.1088081637366886e+17,1.5357919101745596e+22,1.5236250383650898e+22,1.1680007399468968,0.894898106861113
mpp,100.0,0.5238361503334479,1.0999076820699974e-05,0.9999160746090886,1.1655438809500207e+20,1.1076534373570757e+17,1.5357919101745596e+22,1.5231174054127568e+22,1.1680321122600215,0.8949516060078203
mpp,100.0,0.5238361503334479,1.0999098873279417e-05,0.999918079389038,1.1663573192792213e+20,1.1065028435829917e+17,1.5357919101745596e+22,1.5225971277076028e+22,1.1680627429843973,0.8950043054475575
mpp,100.0,0.5238361503334479,1.0999120584051686e-05,0.9999200530956078,1.1671586144844959e+20,1.105356177734497e+17,1.5357919101745596e+22,1.5220642148099794e+22,1.1680926398774627,0.8950562166845852
mpp,100.0,0.5238361503334479,1.0999141958313349e-05,0.9999219962103045,1.1679479401753127e+20,1.1042132466448718e+17,1.5357919101745596e+22,1.5215186871393416e+22,1.168121810751056,0.895107351071388
mpp,100.0,0.5238361503334479,1.0999163001278949e-05,0.9999239092071772,1.1687254677289751e+20,1.1030738685283742e+17,1.5357919101745596e+22,1.5209605759233067e+22,1.168150263471569,0.8951577198102666
mpp,100.0,0.5238361503334479,1.0999183718082255e-05,0.9999257925529323,1.1694913663105971e+20,1.1019378728371794e+17,1.5357919101745596e+22,1.5203899231272272e+22,1.1681780059598281,0.8952073339548906
mpp,100.0,0.5238361503334479,1.0999204113777527e-05,0.9999276467070479,1.1702458028936344e+20,1.1008051001060573e+17,1.5357919101745596e+22,1.5198067813632524e+22,1.168205046190752,0.8952562044118859
mpp,100.0,0.5238361503334479,1.0999224193340739e-05,0.9999294721218854,1.170988942280348e+20,1.0996754017864107e+17,1.5357919101745596e+22,1.519211213780641e+22,1.1682313921927618,0.895304341942404
mpp,100.0,0.5238361503334479,1.0999243961670792e-05,0.9999312692427993,1.1717209471221675e+20,1.0985486400703227e+17,1.5357919101745596e+22,1.5186032939381033e+22,1.168257052046951,0.8953517571636685
mpp,100.0,0.5238361503334479,1.0999263423590703e-05,0.9999330385082457,1.172441977940553e+20,1.0974246877038838e+17,1.5357919101745596e+22,1.5179831056579907e+22,1.1682820338860453,0.8953984605505428
mpp,100.0,0.5238361503334479,1.099928258384879e-05,0.9999347803498899,1.1731521931479396e+20,1.0963034277906974e+17,1.5357919101745596e+22,1.517350742863207e+22,1.1683063458931555,0.8954444624371047
mpp,100.0,0.5238361503334479,1.0999301447119812e-05,0.9999364951927101,1.1738517490678733e+20,1.0951847535879301e+17,1.5357919101745596e+22,1.5167063093990516e+22,1.1683299963002893,0.8954897730181507
mpp,100.0,0.5238361503334479,1.0999320018006121e-05,0.999938183455102,1.1745407999566035e+20,1.0940685682916942e+17,1.5357919101745596e+22,1.5160499188383686e+22,1.168352993386713,0.8955344023507806
mpp,100.0,0.5238361503334479,1.0999338301038783e-05,0.9999398455489803,1.1752194980236555e+20,1.0929547848159206e+17,1.5357919101745596e+22,1.5153816942729033e+22,1.1683753454770938,0.8955783603559169
mpp,100.0,0.5238361503334479,1.0999356300678668e-05,0.9999414818798789,1.1758879934526626e+20,1.0918433255634363e+17,1.5357919101745596e+22,1.5147017680906246e+22,1.1683970609394734,0.8956216568198312
mpp,100.0,0.5238361503334479,1.0999374021317546e-05,0.9999430928470496,1.1765464344224013e+20,1.09073412218989e+17,1.5357919101745596e+22,1.5140102817400152e+22,1.1684181481830789,0.8956643013956734
mpp,100.0,0.5238361503334479,1.0999391467279158e-05,0.9999446788435599,1.1771949671277683e+20,1.0896271153616429e+17,1.5357919101745596e+22,1.5133073854826161e+22,1.1684386156559725,0.8957063036049856
mpp,100.0,0.5238361503334479,1.0999408642820265e-05,0.9999462402563877,1.1778337358006202e+20,1.0885222545078326e+17,1.5357919101745596e+22,1.5125932381340529e+22,1.1684584718425526,0.8957476728392063
mpp,100.0,0.5238361503334479,1.0999425552131683e-05,0.9999477774665166,1.1784628827307755e+20,1.0874194975670456e+17,1.5357919101745596e+22,1.511868006794709e+22,1.1684777252609249,0.8957884183611787
mpp,100.0,0.5238361503334479,1.0999442199339309e-05,0.9999492908490282,1.1790825482867568e+20,1.0863188107298266e+17,1.5357919101745596e+22,1.5111318665711824e+22,1.1684963844601393,0.8958285493066324
mpp,100.0,0.5238361503334479,1.0999458588505128e-05,0.9999507807731934,1.1796928709369088e+20,1.0852201681764606e+17,1.5357919101745596e+22,1.510385000288858e+22,1.1685144580173181,0.8958680746856792
mpp,100.0,0.5238361503334479,1.0999474723628188e-05,0.9999522476025626,1.1802939872699241e+20,1.084123551812173e+17,1.5357919101745596e+22,1.5096275981971155e+22,1.1685319545346695,0.8959070033842712
mpp,100.0,0.5238361503334479,1.0999490608645592e-05,0.9999536916950538,1.1808860320156698e+20,1.0830289509987326e+17,1.5357919101745596e+22,1.508859857667292e+22,1.1685488826364132,0.8959453441656717
mpp,100.0,0.5238361503334479,1.0999506247433445e-05,0.9999551134030404,1.1814691380660907e+20,1.0819363622834269e+17,1.5357919101745596e+22,1.5080819828845154e+22,1.1685652509656244,0.8959831056719243
mpp,100.0,0.5238361503334479,1.0999521643807803e-05,0.9999565130734367,1.1820434364954986e+20,1.0808457891273112e+17,1.5357919101745596e+22,1.5072941845349591e+22,1.1685810681809858,0.8960202964252749
mpp,100.0,0.5238361503334479,1.0999536801525606e-05,0.9999578910477824,1.1826090565815201e+20,1.0797572416307894e+17,1.5357919101745596e+22,1.506496679487992e+22,1.168596342953497,0.8960569248296307
mpp,100.0,0.5238361503334479,1.0999551724285584e-05,0.9999592476623258,1.1831661258251849e+20,1.0786707362596544e+17,1.5357919101745596e+22,1.505689690475395e+22,1.168611083963105,0.8960929991719645
mpp,100.0,0.5238361503334479,1.0999566415729164e-05,0.9999605832481058,1.1837147699715949e+20,1.0775862955697195e+17,1.5357919101745596e+22,1.5048734457671168e+22,1.168625299895309,0.8961285276237491
mpp,100.0,0.5238361503334479,1.0999580879441357e-05,0.9999618981310325,1.1842551130301114e+20,1.0765039479322998e+17,1.5357919101745596e+22,1.5040481788454513e+22,1.1686389994377149,0.8961635182423536
mpp,100.0,0.5238361503334479,1.0999595118951634e-05,0.9999631926319668,1.1847872772945365e+20,1.0754237272603376e+17,1.5357919101745596e+22,1.5032141280779665e+22,1.1686521912765657,0.8961979789724372
mpp,100.0,0.5238361503334479,1.099960913773478e-05,0.9999644670667982,1.1853113833633964e+20,1.0743456727350693e+17,1.5357919101745596e+22,1.5023715363893396e+22,1.1686648840932572,0.8962319176473431
mpp,100.0,0.5238361503334479,1.0999622939211742e-05,0.9999657217465221,1.1858275501596502e+20,1.0732698285352029e+17,1.5357919101745596e+22,1.501520650934128e+22,1.168677086560834,0.8962653419904566
mpp,100.0,0.5238361503334479,1.099963652675047e-05,0.9999669569773154,1.1863358949507795e+20,1.0721962435669998e+17,1.5357919101745596e+22,1.5006617227693407e+22,1.1686888073404909,0.8962982596165808
mpp,100.0,0.5238361503334479,1.0999649903666725e-05,0.9999681730606114,1.1868365333685132e+20,1.0711249711973763e+17,1.5357919101745596e+22,1.4997950065291685e+22,1.1687000550780773,0.8963306780332851
mpp,100.0,0.5238361503334479,1.0999663073224897e-05,0.9999693702931725,1.187329579428299e+20,1.0700560689899154e+17,1.5357919101745596e+22,1.49892076010167e+22,1.1687108384006086,0.8963626046422334
mpp,100.0,0.5238361503334479,1.0999676038638799e-05,0.9999705489671635,1.187815145549167e+20,1.0689895984430082e+17,1.5357919101745596e+22,1.498039244307509e+22,1.168721165912812,0.8963940467405337
mpp,100.0,0.5238361503334479,1.0999688803072447e-05,0.9999717093702224,1.1882933425728302e+20,1.0679256247326075e+17,1.5357919101745596e+22,1.4971507225825238e+22,1.1687310461936842,0.8964250115220393
mpp,100.0,0.5238361503334479,1.0999701369640831e-05,0.9999728517855301,1.1887642797830018e+20,1.0668642164580517e+17,1.5357919101745596e+22,1.4962554606636059e+22,1.168740487793089,0.896455506078659
mpp,100.0,0.5238361503334479,1.0999713741410678e-05,0.9999739764918798,1.189228064924513e+20,1.0658054453922085e+17,1.5357919101745596e+22,1.4953537262789344e+22,1.1687494992283964,0.8964855374016499
mpp,100.0,0.5238361503334479,1.0999725921401199e-05,0.9999750837637453,1.1896848042224617e+20,1.0647493862354842e+17,1.5357919101745596e+22,1.494445788842395e+22,1.16875808898117,0.8965151123829115
mpp,100.0,0.5238361503334479,1.0999737912584815e-05,0.9999761738713469,1.1901346024006492e+20,1.0636961163758088e+17,1.5357919101745596e+22,1.4935319191543962e+22,1.168766265493891,0.8965442378162285
mpp,100.0,0.5238361503334479,1.09997497178879e-05,0.9999772470807182,1.1905775627008347e+20,1.0626457156511957e+17,1.5357919101745596e+22,1.4926123891060275e+22,1.1687740371667632,0.8965729203985672
mpp,100.0,0.5238361503334479,1.0999761340191477e-05,0.9999783036537706,1.1910137869007962e+20,1.0615982661198054e+17,1.5357919101745596e+22,1.4916874713912306e+22,1.168781412354556,0.8966011667312915
mpp,100.0,0.5238361503334479,1.099977278233193e-05,0.9999793438483573,1.1914433753331098e+20,1.0605538518332555e+17,1.5357919101745596e+22,1.4907574392235617e+22,1.16878839936353,0.8966289833214228
mpp,100.0,0.5238361503334479,1.099978404710169e-05,0.9999803679183354,1.1918664269029607e+20,1.0595125586173422e+17,1.5357919101745596e+22,1.4898225660609704e+22,1.1687950064484198,0.8966563765828355
mpp,100.0,0.5238361503334479,1.0999795137249921e-05,0.9999813761136291,1.1922830391067337e+20,1.0584744738561942e+17,1.5357919101745596e+22,1.4888831253356883e+22,1.168801241809507,0.8966833528374994
mpp,100.0,0.5238361503334479,1.0999806055483183e-05,0.9999823686802893,1.1926933080495586e+20,1.0574396862842797e+17,1.5357919101745596e+22,1.4879393901929359e+22,1.1688071135897524,0.8967099183166534
mpp,100.0,0.5238361503334479,1.0999816804466099e-05,0.9999833458605545,1.193097328463367e+20,1.0564082857827586e+17,1.5357919101745596e+22,1.4869916332355561e+22,1.168812629872026,0.8967360791620105
mpp,100.0,0.5238361503334479,1.0999827386822005e-05,0.9999843078929096,1.1934951937245199e+20,1.0553803631823627e+17,1.5357919101745596e+22,1.486040126276697e+22,1.1688177986764126,0.8967618414269344
mpp,100.0,0.5238361503334479,1.0999837805133577e-05,0.9999852550121434,1.1938869958708763e+20,1.0543560100735013e+17,1.5357919101745596e+22,1.4850851401011296e+22,1.1688226279575993,0.8967872110775772
mpp,100.0,0.5238361503334479,1.0999848061943478e-05,0.9999861874494071,1.1942728256197237e+20,1.0533353186199483e+17,1.5357919101745596e+22,1.484126944232237e+22,1.1688271256023686,0.896812193994071
mpp,100.0,0.5238361503334479,1.0999858159754965e-05,0.9999871054322695,1.1946527723844166e+20,1.0523183813816317e+17,1.5357919101745596e+22,1.4831658067094753e+22,1.168831299427164,0.8968367959716347
mpp,100.0,0.5238361503334479,1.0999868101032505e-05,0.9999880091847732,1.1950269242916846e+20,1.0513052911415598e+17,1.5357919101745596e+22,1.4822019938720388e+22,1.1688351571757605,0.8968610227217225
mpp,100.0,0.5238361503334479,1.0999877888202374e-05,0.9999888989274885,1.1953953681982977e+20,1.0502961407403789e+17,1.5357919101745596e+22,1.4812357701519685e+22,1.1688387065170256,0.8968848798731287
mpp,100.0,0.5238361503334479,1.0999887523653253e-05,0.9999897748775685,1.1957581897079028e+20,1.0492910229162986e+17,1.5357919101745596e+22,1.4802673978745765e+22,1.1688419550427762,0.8969083729731033
mpp,100.0,0.5238361503334479,1.0999897009736801e-05,0.9999906372488001,1.1961154731872233e+20,1.0482900301526528e+17,1.5357919101745596e+22,1.4792971370684112e+22,1.1688449102657315,0.8969315074884261
mpp,100.0,0.5238361503334479,1.0999906348768236e-05,0.9999914862516579,1.1964673017826782e+20,1.0472932545302198e+17,1.5357919101745596e+22,1.478325245282121e+22,1.1688475796175652,0.8969542888065039
mpp,100.0,0.5238361503334479,1.09999155430269e-05,0.9999923220933546,1.1968137574364774e+20,1.0463007875867853e+17,1.5357919101745596e+22,1.4773519774104548e+22,1.1688499704470547,0.8969767222364358
mpp,100.0,0.5238361503334479,1.099992459475681e-05,0.9999931449778918,1.1971549209025603e+20,1.0453127201830726e+17,1.5357919101745596e+22,1.4763775855288759e+22,1.1688520900183295,0.8969988130100648
mpp,100.0,0.5238361503334479,1.0999933506167206e-05,0.9999939551061097,1.1974908717625495e+20,1.0443291423742682e+17,1.5357919101745596e+22,1.4754023187356418e+22,1.168853945509215,0.8970205662830301
mpp,100.0,0.5238361503334479,1.0999942279433094e-05,0.9999947526757358,1.197821688441329e+20,1.0433501432884901e+17,1.5357919101745596e+22,1.4744264230030375e+22,1.1688555440096795,0.8970419871357939
mpp,100.0,0.5238361503334479,1.0999950916695772e-05,0.9999955378814338,1.1981474482227018e+20,1.0423758110104902e+17,1.5357919101745596e+22,1.4734501410359178e+22,1.1688568925203753,0.8970630805746728
mpp,100.0,0.5238361503334479,1.0999959420063353e-05,0.9999963109148503,1.198468227264535e+20,1.0414062324725102e+17,1.5357919101745596e+22,1.472473712139425e+22,1.1688579979512783,0.8970838515328352
mpp,100.0,0.5238361503334479,1.0999967791611283e-05,0.999997071964662,1.1987841006141353e+20,1.0404414933499498e+17,1.5357919101745596e+22,1.4714973720936664e+22,1.168858867120426,0.8971043048713128
mpp,100.0,0.5238361503334479,1.0999976033382838e-05,0.9999978212166216,1.1990951422231591e+20,1.0394816779637429e+17,1.5357919101745596e+22,1.4705213530371005e+22,1.1688595067527496,0.8971244453799807
mpp,100.0,0.5238361503334479,1.099998414738963e-05,0.9999985588536029,1.1994014249624714e+20,1.0385268691882811e+17,1.5357919101745596e+22,1.469545883357567e+22,1.168859923479002,0.8971442777785334
mpp,100.0,0.5238361503334479,1.0999992135612104e-05,0.9999992850556458,1.1997030206369848e+20,1.037577148364451e+17,1.5357919101745596e+22,1.4685711875904922e+22,1.1688601238347809,0.8971638067174593
mpp,100.0,0.5238361503334479,1.1e-05,1.0,1.2e+20,1.0366325952194088e+17,1.5357919101745596e+22,1.4675974863256895e+22,1.1688601142596424,0.8971830367789813
