condition,T_K,V_V,x_cm,x_fraction,n_cm3,p_cm3,G_cm3s,R_cm3s,QFLS_eV,phi_V
sc,300.0,0,0.0,0.0,72631588602.02657,1.2e+20,1.5357919101745596e+22,3.977359061707564e+19,0.7847548979500576,0.0
sc,300.0,0,3.2208388717036575e-11,2.9280353379124158e-06,72898236047.6458,1.1989538592093926e+20,1.5357919101745596e+22,3.9884807438106755e+19,0.7847548981488917,9.473491628811243e-05
sc,300.0,0,6.649383279366816e-11,6.044893890333469e-06,73182540938.23898,1.1978410365508921e+20,1.5357919101745596e+22,4.000319524086434e+19,0.7847547521705249,0.00019550844284280244
sc,300.0,0,1.0299026319943172e-10,9.362751199948338e-06,73485703834.87666,1.1966573372311627e+20,1.5357919101745596e+22,4.012921610789506e+19,0.7847544324134592,0.0003027006233062423
sc,300.0,0,1.418402450356626e-10,1.2894567730514783e-05,73809011050.07108,1.1953983101700162e+20,1.5357919101745596e+22,4.026336183784076e+19,0.784753907327796,0.000416714774233452
sc,300.0,0,1.8319553390006016e-10,1.6654139445460014e-05,74153841306.75682,1.1940592334007103e+20,1.5357919101745596e+22,4.04061558441293e+19,0.7847531409198256,0.000537978824445352
sc,300.0,0,2.2721766807037856e-10,2.065615164276169e-05,74521672981.19987,1.1926350987922296e+20,1.5357919101745596e+22,4.055815517248536e+19,0.7847520922014557,0.0006669467199004733
sc,300.0,0,2.7407859880196337e-10,2.4916236254723945e-05,74914091988.86407,1.1911205960860772e+20,1.5357919101745596e+22,4.0719952644150936e+19,0.7847507145793884,0.0008040998956455042
sc,300.0,0,3.239613612005532e-10,2.9451032836413926e-05,75332800379.2572,1.1895100962396635e+20,1.5357919101745596e+22,4.089217913193008e+19,0.7847489551786765,0.0009499488162383225
sc,300.0,0,3.770607882569443e-10,3.427825347790403e-05,75779625713.24173,1.1877976340833005e+20,1.5357919101745596e+22,4.1075505976621556e+19,0.7847467540950366,0.001105034585669316
sc,300.0,0,4.335842708358961e-10,3.9416751894172375e-05,76256531305.334,1.1859768903009993e+20,1.5357919101745596e+22,4.127064755175171e+19,0.7847440435700774,0.0012699306275862374
sc,300.0,0,4.937525665545395e-10,4.488659695950359e-05,76765627423.09703,1.1840411727472671e+20,1.5357919101745596e+22,4.147836398439341e+19,0.7847407470834405,0.0014452444361244988
sc,300.0,0,5.578006606901109e-10,5.0709150971828265e-05,77309183547.02304,1.1819833971226932e+20,1.5357919101745596e+22,4.169946404017049e+19,0.7847367783557396,0.001631619397212528
sc,300.0,0,6.259786824534542e-10,5.690715295031401e-05,77889641806.94366,1.1797960670570311e+20,1.5357919101745596e+22,4.193480818122584e+19,0.7847320402561754,0.001829736679644825
sc,300.0,0,6.985528801894402e-10,6.350480728994912e-05,78509631725.43533,1.1774712536399366e+20,1.5357919101745596e+22,4.218531180530747e+19,0.7847264236087789,0.0020403171945859036
sc,300.0,0,7.758066592602475e-10,7.052787811456795e-05,79171986414.74255,1.1750005744607928e+20,1.5357919101745596e+22,4.245194867421009e+19,0.7847198058914556,0.0022641236213037574
sc,300.0,0,8.580416866495465e-10,7.800378969541333e-05,79879760392.61836,1.172375172260142e+20,1.5357919101745596e+22,4.2735754540743344e+19,0.7847120498223623,0.0025019624961575082
sc,300.0,0,9.455790665399698e-10,8.596173332181545e-05,80636249203.2082,1.1695856932679736e+20,1.5357919101745596e+22,4.303783098126432e+19,0.7847030018287017,0.0027546863607134206
sc,300.0,0,1.0387605914276564e-09,9.443278103887787e-05,81445011053.48247,1.166622265386101e+20,1.5357919101745596e+22,4.335934944271288e+19,0.7846924903937722,0.003023195963797822
sc,300.0,0,1.1379500735910763e-09,0.00010345000669009785,82309890702.76825,1.1634744763446857e+20,1.5357919101745596e+22,4.370155551033819e+19,0.7846803242791249,0.0033084425108464237
sc,300.0,0,1.243534762056797e-09,0.0001130486147324361,83235045874.37862,1.1601313520438075e+20,1.5357919101745596e+22,4.4065773403387585e+19,0.784666290619965,0.003611429952434688
sc,300.0,0,1.3559268505321519e-09,0.00012326607732110473,84224976494.015,1.1565813352809542e+20,1.5357919101745596e+22,4.445341070316492e+19,0.7846501528935391,0.003933217302149061
sc,300.0,0,1.475565082107555e-09,0.0001341422801915959,85284557100.33136,1.1528122651586694e+20,1.5357919101745596e+22,4.486596331827379e+19,0.78463164876222,0.004274920971974627
sc,300.0,0,1.602916456910408e-09,0.0001457196779009462,86419072819.85275,1.1488113574583878e+20,1.5357919101745596e+22,4.530502068790191e+19,0.7846104877953429,0.004637717111227234
sc,300.0,0,1.738478049276626e-09,0.00015804345902514783,87634259351.86823,1.1445651863726434e+20,1.5357919101745596e+22,4.577227122350045e+19,0.7845863490766338,0.00502284393260662
sc,300.0,0,1.8827789414216367e-09,0.00017116172194742152,88936347470.28519,1.1400596680188356e+20,1.5357919101745596e+22,4.626950798506475e+19,0.784558878707295,0.00543160400624798
sc,300.0,0,2.0363822810287035e-09,0.00018512566191170032,90332112619.73991,1.135280046230078e+20,1.5357919101745596e+22,4.679863458450549e+19,0.7845276872185276,0.005865366499649841
sc,300.0,0,2.199887470647477e-09,0.00019998977005886154,91828930264.14748,1.130210881210152e+20,1.5357919101745596e+22,4.736167130457531e+19,0.7844923469114687,0.006325569338091763
sc,300.0,0,2.3739324972774643e-09,0.00021581204520704222,93434837738.61725,1.124836041715332e+20,1.5357919101745596e+22,4.796076141565028e+19,0.7844523891472257,0.006813721256519496
sc,300.0,0,2.5591964110509015e-09,0.00023265421918644558,95158603462.58035,1.1191387015245906e+20,1.5357919101745596e+22,4.85981776659704e+19,0.7844073016148791,0.007331403710001746
sc,300.0,0,2.756401962466237e-09,0.00025058199658783975,97009804494.70216,1.1131013410672355e+20,1.5357919101745596e+22,4.9276328912632996e+19,0.7843565256109849,0.007880272605573417
sc,300.0,0,2.9663184082353023e-09,0.00026966530983957293,98998913551.89563,1.1067057551922514e+20,1.5357919101745596e+22,4.999776685079288e+19,0.7842994533701795,0.008462059813796143
sc,300.0,0,3.189764496423941e-09,0.00028997859058399467,101137396777.75906,1.0999330681893149e+20,1.5357919101745596e+22,5.076519278664051e+19,0.7842354254929202,0.009078574413500061
sc,300.0,0,3.427611642213779e-09,0.00031160105838307084,103437823733.69786,1.0927637573061029e+20,1.5357919101745596e+22,5.1581464385659945e+19,0.7841637285230911,0.009731703618018036
sc,300.0,0,3.680787306341249e-09,0.00033461702784920444,105913991303.08774,1.085177686147607e+20,1.5357919101745596e+22,5.244960231114594e+19,0.7840835927350234,0.01042341332595528
sc,300.0,0,3.950278588993605e-09,0.00035911623536305504,108581063448.99454,1.0771541494970017e+20,1.5357919101745596e+22,5.337279664872032e+19,0.783994190196302,0.01115574823396876
sc,300.0,0,4.2371360527360675e-09,0.0003851941866123698,111455729054.86995,1.068671931240568e+20,1.5357919101745596e+22,5.435441298953416e+19,0.7838946331793466,0.011930831443443193
sc,300.0,0,4.5424777888789516e-09,0.00041295252626172285,114556380411.21338,1.0597093772294817e+20,1.5357919101745596e+22,5.539799801847256e+19,0.7837839730009597,0.012750863487354464
sc,300.0,0,4.8674937425619564e-09,0.0004424994311419961,117903315296.10097,1.0502444850763466e+20,1.5357919101745596e+22,5.650728442429117e+19,0.783661199374572,0.013618120698111913
sc,300.0,0,5.213450312782919e-09,0.0004739500284348108,121518966042.21786,1.0402550129768533e+20,1.5357919101745596e+22,5.768619491187437e+19,0.7835252403644986,0.014534952832052687
sc,300.0,0,5.581695244568585e-09,0.0005074268404153259,125428159496.0226,1.0297186097948438e+20,1.5357919101745596e+22,5.893884505902466e+19,0.7833749630348386,0.015503779861546373
sc,300.0,0,5.973662831521231e-09,0.000543060257411021,129658412366.72887,1.0186129687040126e+20,1.5357919101745596e+22,6.026954471426033e+19,0.7832091748873707,0.016527087841710277
sc,300.0,0,6.390879448088693e-09,0.0005809890407353357,134240267145.78976,1.0069160067102299e+20,1.5357919101745596e+22,6.1682797581974675e+19,0.7830266261825268,0.01760742375583383
sc,300.0,0,6.83496943204237e-09,0.0006213608574583973,139207674564.29584,9.946060723514974e+19,1.5357919101745596e+22,6.318329858583913e+19,0.7828260132349344,0.01874738924193779
sc,300.0,0,7.30766133887939e-09,0.0006643328489890354,144598429461.897,9.816621837542416e+19,1.5357919101745596e+22,6.477592854016601e+19,0.7826059827696844,0.01994963310300015
sc,300.0,0,7.810794591152303e-09,0.0007100722355593003,150454667982.85513,9.68064299001429e+19,1.5357919101745596e+22,6.646574559254985e+19,0.782365137417044,0.021216842505567372
sc,300.0,0,8.346326547068184e-09,0.0007587569588243803,156823435211.2712,9.53793620422909e+19,1.5357919101745596e+22,6.825797283077606e+19,0.7821020424114623,0.022551732776175705
sc,300.0,0,8.916340014136991e-09,0.0008105763649215447,163757333729.46286,9.388329339251827e+19,1.5357919101745596e+22,7.015798137421955e+19,0.7818152335450589,0.023957035712837527
sc,300.0,0,9.523051235139635e-09,0.0008657319304672395,171315265152.63177,9.231669837649882e+19,1.5357919101745596e+22,7.2171268193144275e+19,0.7815032264061167,0.025435486340183652
sc,300.0,0,1.0168818375244415e-08,0.0009244380341131286,179563278483.68622,9.067828823123458e+19,1.5357919101745596e+22,7.430342782798391e+19,0.7811645269092494,0.026989808052248588
sc,300.0,0,1.0856150540770048e-08,0.0009869227764336408,188575541170.06525,8.896705531944965e+19,1.5357919101745596e+22,7.656011710978525e+19,0.7807976430957873,0.028622696106938628
sc,300.0,0,1.1587717361786653e-08,0.001053428851071514,198435451055.13025,8.718232048413301e+19,1.5357919101745596e+22,7.894701192316e+19,0.7804010981506591,0.030336799461168087
sc,300.0,0,1.2366359172584106e-08,0.0011242144702349188,209236910027.70773,8.532378298057923e+19,1.5357919101745596e+22,8.1469755006899e+19,0.7799734445458268,0.032134700966145464
sc,300.0,0,1.3195097825883073e-08,0.001199554347807552,221085783108.9075,8.339157233312167e+19,1.5357919101745596e+22,8.413389376244038e+19,0.7795132791806878,0.034018895978245894
sc,300.0,0,1.4077148178667454e-08,0.001279740743515223,234101570000.22827,8.138630124890561e+19,1.5357919101745596e+22,8.694480704419892e+19,0.7790192593474279,0.03599176948273461
sc,300.0,0,1.501593028953513e-08,0.0013650845717759208,248419319768.7782,7.930911848652798e+19,1.5357919101745596e+22,8.990761994739481e+19,0.7784901193051309,0.03805557187479106
sc,300.0,0,1.6015082369593702e-08,0.001455916579053973,264191823377.97934,7.716176033092598e+19,1.5357919101745596e+22,9.302710570010603e+19,0.7779246872017545,0.04021239359458511
sc,300.0,0,1.7078474531153074e-08,0.0015525885937411887,281592123188.60486,7.494659907661908e+19,1.5357919101745596e+22,9.630757391673904e+19,0.7773219020394609,0.04246413886970136
sc,300.0,0,1.8210223380721703e-08,0.001655474852792882,300816383344.673,7.266668668379829e+19,1.5357919101745596e+22,9.975274469183218e+19,0.776680830338155,0.044812498877622016
sc,300.0,0,1.9414707505186866e-08,0.0017649734095624425,322087170095.9578,7.032579156331662e+19,1.5357919101745596e+22,1.0336560831817032e+20,0.7760006821165398,0.047258924701780516
sc,300.0,0,2.069658390247253e-08,0.0018815076274975029,345657196543.48663,6.7928426287387664e+19,1.5357919101745596e+22,1.071482708104159e+20,0.7752808257819792,0.049804600514573416
sc,300.0,0,2.2060805410459572e-08,0.002005527764587234,371813591950.0227,6.547986393720051e+19,1.5357919101745596e+22,1.1110178591503988e+20,0.7745208015023786,0.05245041747715961
sc,300.0,0,2.351263919048374e-08,0.00213751265368034,400882761523.7481,6.298614080848555e+19,1.5357919101745596e+22,1.1522597488982634e+20,0.77372033262769,0.05519694889580914
sc,300.0,0,2.5057686324324814e-08,0.0022779714840295284,433235908310.1533,6.045404332613934e+19,1.5357919101745596e+22,1.1951923604215146e+20,0.7728793347377361,0.05804442721475216
sc,300.0,0,2.670190258619126e-08,0.002427445689653751,469295294318.4926,5.789107728961468e+19,1.5357919101745596e+22,1.2397834681684405e+20,0.7719979219187696,0.0609927234523226
sc,300.0,0,2.84516204538629e-08,0.002586510950351173,509541323019.73224,5.530541799246309e+19,1.5357919101745596e+22,1.2859826209904712e+20,0.7710764099147633,0.06404132969742912
sc,300.0,0,3.031357242576549e-08,0.0027557793114332263,554520529580.2372,5.270584034064676e+19,1.5357919101745596e+22,1.3337191332428998e+20,0.7701153158613439,0.06718934527368739
sc,300.0,0,3.2294915713363566e-08,0.0029359014284875973,604854568282.4646,5.010162882178715e+19,1.5357919101745596e+22,1.382900139178764e+20,0.7691153543898931,0.07043546714646426
sc,300.0,0,3.44032583808237e-08,0.0031275689437112453,661250288117.7346,4.750246803388704e+19,1.5357919101745596e+22,1.4334087747803965e+20,0.7680774299848843,0.07377798509186308
sc,300.0,0,3.664668700637741e-08,0.0033315170005797645,724510987051.4624,4.491831542425788e+19,1.5357919101745596e+22,1.4851025589930226e+20,0.7670026255859058,0.07721478206573655
sc,300.0,0,3.9033795942180146e-08,0.003548526903834559,795548932453.7267,4.2359258868700865e+19,1.5357919101745596e+22,1.5378120524446846e+20,0.7658921875428009,0.08074334010601346
sc,300.0,0,4.157371825168804e-08,0.00377942893197164,875399229126.0358,3.9835362668962505e+19,1.5357919101745596e+22,1.5913398753301787e+20,0.764747507152526,0.08436075197536866
sc,300.0,0,4.4276158405582135e-08,0.004025105309598376,965235106702.2986,3.735650639276326e+19,1.5357919101745596e+22,1.645460166539299e+20,0.7635700991236131,0.08806373860750806
sc,300.0,0,4.715142681904483e-08,0.0042864933471858935,1066384684445.723,3.4932221649696006e+19,1.5357919101745596e+22,1.699918562617675e+20,0.7623615774219831,0.09184867226465941
sc,300.0,0,5.021047631461167e-08,0.0045645887558737885,1180349253147.4863,3.2571532322356236e+19,1.5357919101745596e+22,1.7544327673129858e+20,0.7611236290439658,0.09571160515297315
sc,300.0,0,5.3464940595922046e-08,0.004860449145083823,1308823090605.6377,3.028280390171639e+19,1.5357919101745596e+22,1.808693769996398e+20,0.7598579863330107,0.09964830308430178
sc,300.0,0,5.692717481823145e-08,0.005175197710748314,1453714798811.1565,2.8073607378939654e+19,1.5357919101745596e+22,1.862367754211957e+20,0.7585663985012768,0.10365428362511653
sc,300.0,0,6.061029834160731e-08,0.0055100271219643004,1617170117493.4243,2.595060261818793e+19,1.5357919101745596e+22,1.915098716357861e+20,0.7572506030331855,0.10772485804428164
sc,300.0,0,6.452823975206651e-08,0.005866203613824228,1801596130331.2988,2.391944530389388e+19,1.5357919101745596e+22,1.966511789890036e+20,0.7559122976342129,0.11185517626795641
sc,300.0,0,6.869578423447609e-08,0.006245071294043281,2009686737506.4583,2.198472047340375e+19,1.5357919101745596e+22,2.016217243496865e+20,0.7545531133458808,0.116040273977854
sc,300.0,0,7.312862337869174e-08,0.006648056670790159,2244449222345.9624,2.014990439010064e+19,1.5357919101745596e+22,2.06381509390084e+20,0.7531745893801687,0.12027512095233513
sc,300.0,0,7.784340749694441e-08,0.007076673408813128,2509231692032.254,1.8417355175424322e+19,1.5357919101745596e+22,2.1089002469272066e+20,0.751778150138335,0.12455466975003164
sc,300.0,0,8.285780052584041e-08,0.007532527320530946,2807751124783.7603,1.6788331298528098e+19,1.5357919101745596e+22,2.151068055933003e+20,0.7503650847764536,0.12887390387246786
sc,300.0,0,8.81905375801531e-08,0.008017321598195737,3144121711214.756,1.526303581356396e+19,1.5357919101745596e+22,2.1899201662665625e+20,0.7489365295697376,0.13322788461260204
sc,300.0,0,9.38614852178688e-08,0.008532862292533527,3522883139253.9404,1.3840683215687807e+19,1.5357919101745596e+22,2.2250704994854548e+20,0.7474934532168592,0.13761179589596859
sc,300.0,0,9.989170446622597e-08,0.00908106404238418,3949028444415.983,1.2519585017147668e+19,1.5357919101745596e+22,2.2561512227616896e+20,0.7460366451205931,0.14202098654386844
sc,300.0,0,1.0630351664667048e-07,0.009663956058788226,4428031035851.204,1.1297249655963638e+19,1.5357919101745596e+22,2.2828185477450934e+20,0.7445667065879019,0.14645100952699586
sc,300.0,0,1.131205720223829e-07,0.010283688365671173,4965870520172.355,1.017049214859753e+19,1.5357919101745596e+22,2.30475820924757e+20,0.7430840448155821,0.15089765792556536
sc,300.0,0,1.2036792127497026e-07,0.010942538297724569,5569056987794.936,9.135548967394146e+18,1.5357919101745596e+22,2.321690487125122e+20,0.741588869470038,0.1553569974611945
sc,300.0,0,1.2807208979674554e-07,0.011642917254249596,6244653510421.085,8.18819392525482e+18,1.5357919101745596e+22,2.3333746536249593e+20,0.7400811916335369,0.1598253956099764
sc,300.0,0,1.3626115476134353e-07,0.012387377705576685,7000296735441.553,7.323851334173983e+18,1.5357919101745596e+22,2.339612752058356e+20,0.7385608248751739,0.16429954743974526
sc,300.0,0,1.4496482490780489e-07,0.01317862044616408,7844215668024.539,6.537703313720651e+18,1.5357919101745596e+22,2.3402526394838424e+20,0.7370273882125439,0.1687764984331172
sc,300.0,0,1.542145229413025e-07,0.014019502085572955,8785249022140.554,5.824788801959797e+18,1.5357919101745596e+22,2.3351902542860842e+20,0.7354803107590245,0.17325366465840697
sc,300.0,0,1.6404347041678602e-07,0.014913042765162365,9832861919016.576,5.180092512999599e+18,1.5357919101745596e+22,2.3243710977595615e+20,0.733918837900584,0.17772885073107225
sc,300.0,0,1.744867749296319e-07,0.01586243408451199,10997163241359.842,4.5986227471912694e+18,1.5357919101745596e+22,2.307790945365483e+20,0.7323420389141991,0.18220026606824818
sc,300.0,0,1.855815193891665e-07,0.016871047217196955,12288925645595.158,4.0754775585383424e+18,1.5357919101745596e+22,2.2854958269624487e+20,0.7307488160268302,0.18666653997821225
sc,300.0,0,1.9736685309624657e-07,0.01794244119056787,13719611131050.469,3.605899296906536e+18,1.5357919101745596e+22,2.257581335195794e+20,0.7291379150195805,0.19112673614608522
sc,300.0,0,2.0988408428425337e-07,0.019080371298568488,15301406212630.396,3.1853179577573356e+18,1.5357919101745596e+22,2.2241913365238022e+20,0.7275079376073232,0.19558036707774054
sc,300.0,0,2.2317677371326033e-07,0.020288797610296394,17047272202811.113,2.8093840867354634e+18,1.5357919101745596e+22,2.185516169737529e+20,0.7258573559718818,0.2000274090469182
sc,300.0,0,2.372908288291805e-07,0.0215718935299255,18971017957652.02,2.473992205151818e+18,1.5357919101745596e+22,2.141790422396965e+20,0.7241845300002611,0.2044683180569268
sc,300.0,0,2.522745979127007e-07,0.022934054355700062,21087404781643.293,2.1752958542328236e+18,1.5357919101745596e+22,2.093290376247788e+20,0.7224877279831744,0.20890404727866865
sc,300.0,0,2.6817896354620375e-07,0.024379905776927613,23412296152689.676,1.9097154140169257e+18,1.5357919101745596e+22,2.0403312089938883e+20,0.7207651517692542,0.2133360663612037
sc,300.0,0,2.850574346200175e-07,0.025914312238183412,25962868703979.016,1.673939850861602e+18,1.5357919101745596e+22,1.983264032238672e+20,0.7190149676541212,0.2177663829292031
sc,300.0,0,3.029662359817677e-07,0.02754238508925161,28757905734565.145,1.4649234996358095e+18,1.5357919101745596e+22,1.9224728344038936e+20,0.7172353446191247,0.222197566482409
sc,300.0,0,3.2196439470382796e-07,0.029269490427620726,31813090824547.453,1.279879624372512e+18,1.5357919101745596e+22,1.8580739756838342e+20,0.7154203679765929,0.2266327747939927
sc,300.0,0,3.4211382180356256e-07,0.0311012565275966,35105714459490.84,1.1162746593457153e+18,1.5357919101745596e+22,1.7882856518706826e+20,0.7135358280316628,0.23107578261802011
sc,300.0,0,3.6347938809909277e-07,0.033043580736281164,38641859215481.43,9.71804782759963e+17,1.5357919101745596e+22,1.7136615644997435e+20,0.7115769532662674,0.23553101138033036
sc,300.0,0,3.8612899271962657e-07,0.035102635701784235,42426333720393.2,8.443879694325679e+17,1.5357919101745596e+22,1.6348034698254536e+20,0.7095386730400015,0.24000356149210175
sc,300.0,0,4.1013362261439735e-07,0.03728487478312703,46462617066533.555,7.321491603562217e+17,1.5357919101745596e+22,1.5523557229316748e+20,0.7074156303340889,0.24449924574239212
sc,300.0,0,4.3556740121832605e-07,0.03959703647439328,50752851427086.52,6.334049792418716e+17,1.5357919101745596e+22,1.4669993797080449e+20,0.7052022050258002,0.24902462289085556
sc,300.0,0,4.625076242368779e-07,0.04204614765789799,55297890839307.06,5.4664837357774e+17,1.5357919101745596e+22,1.379445787315122e+20,0.7028925512952279,0.2535870303143688
sc,300.0,0,4.910347803083952e-07,0.04463952548258138,60097412654711.75,4.705334719749831e+17,1.5357919101745596e+22,1.2904295749137682e+20,0.7004806538525097,0.2581946142752853
sc,300.0,0,5.212325540916164e-07,0.0473847776446924,65150095985831.86,4.038608760820139e+17,1.5357919101745596e+22,1.2007009465895241e+20,0.6979604090881358,0.2628563560841271
sc,300.0,0,5.531878091115703e-07,0.05028980082832457,70453868593961.81,3.455635444517499e+17,1.5357919101745596e+22,1.111017181063283e+20,0.695325739090925,0.26758209214049206
sc,300.0,0,5.869905474819483e-07,0.05336277704381348,76006220118572.58,2.946933771917265e+17,1.5357919101745596e+22,1.0221332614262288e+20,0.6925707488692402,0.27238252557367987
sc,300.0,0,6.227338434105047e-07,0.056612167582773154,81804575477200.53,2.504085734334423e+17,1.5357919101745596e+22,9.34791596097524e+19,0.6896899401906073,0.27726922699636924
sc,300.0,0,6.605137471910994e-07,0.06004670429009995,87846717877493.25,2.1196180773163514e+17,1.5357919101745596e+22,8.49710852127486e+19,0.6866784993617419,0.28225462176413546
sc,300.0,0,7.004291561976294e-07,0.06367537783614813,94131246475743.84,1.7868925521226336e+17,1.5357919101745596e+22,7.67574005088668e+19,0.6835326810946114,0.28735196113883943
sc,300.0,0,7.425816492286187e-07,0.06750742265714715,100658049654399.11,1.5000048700824698e+17,1.5357919101745596e+22,6.890158150649207e+19,0.6802503162778464,0.292575274924778
sc,300.0,0,7.870752804148289e-07,0.07155229821952991,107428771587492.72,1.253692551643239e+17,1.5357919101745596e+22,6.146100613254366e+19,0.676831477557619,0.2979393035194488
sc,300.0,0,8.34016328805534e-07,0.07581966625504855,114447247640399.75,1.0432518716351806e+17,1.5357919101745596e+22,5.4485700062207476e+19,0.6732793419095402,0.3034594079223494
sc,300.0,0,8.835129997028664e-07,0.08031936360935149,121719883593128.08,8.644641148431429e+16,1.5357919101745596e+22,4.8017164235612996e+19,0.6696012911414166,0.3091514570836299
sc,300.0,0,9.356750738297962e-07,0.0850613703481633,129255954974271.97,7.135313384409856e+16,1.5357919101745596e+22,4.208735400879542e+19,0.6658102841617322,0.31503169303105716
sc,300.0,0,9.906135005090058e-07,0.09005577277354598,137067806085131.72,5.870217588409403e+16,1.5357919101745596e+22,3.6717886148815954e+19,0.6619265093444936,0.3211165754360245
sc,300.0,0,1.0484399312111567e-06,0.09531272101919608,145170933519241.72,4.8182471606008136e+16,1.5357919101745596e+22,3.191954953826822e+19,0.657979266193558,0.3274226085772087
sc,300.0,0,1.1092661901166052e-06,0.10084238091969139,153583945849322.44,3.951149091577572e+16,1.5357919101745596e+22,2.7692186564131643e+19,0.6540089121383551,0.3339661549092494
sc,300.0,0,1.1732036787395748e-06,0.10665487988541589,162328399132717.0,3.2432525260132028e+16,1.5357919101745596e+22,2.4024993607599436e+19,0.6500685228860628,0.3407632404953305
sc,300.0,0,1.2403627122032033e-06,0.11276024656392758,171428516242217.47,2.6712731032751036e+16,1.5357919101745596e+22,2.0897261031768973e+19,0.6462246536675811,0.34782935826486233
sc,300.0,0,1.3108517854420548e-06,0.1191683441310959,180910805887828.72,2.214178782696998e+16,1.5357919101745596e+22,1.8279537497024289e+19,0.6425563133516508,0.3551792752816934
sc,300.0,0,1.384776768458562e-06,0.12588879713259654,190803603649106.4,1.8530997685501916e+16,1.5357919101745596e+22,1.613516402699547e+19,0.6391511415132618,0.36282684987749847
sc,300.0,0,1.462240030782253e-06,0.13293091188929573,201136561577930.3,1.5712635095687746e+16,1.5357919101745596e+22,1.4422085184561297e+19,0.6360980931402417,0.37078486361882945
sc,300.0,0,1.5433394964828389e-06,0.140303590589349,211940114392111.66,1.3539360685717216e+16,1.5357919101745596e+22,1.3094813949834398e+19,0.6334769459664482,0.3790648717235056
sc,300.0,0,1.6281676324736676e-06,0.14801523931578797,223244948765684.8,1.1883536233703492e+16,1.5357919101745596e+22,1.2106409111293151e+19,0.631346549032582,0.38767707389491357
sc,300.0,0,1.7168103744082338e-06,0.15607367040074854,235081497984090.53,1.063632243122979e+16,1.5357919101745596e+22,1.141032339905684e+19,0.6297351570147811,0.39663020583137726
sc,300.0,0,1.8093459962104148e-06,0.16448599965549227,247479477963673.88,9706497382301412.0,1.5357919101745596e+22,1.0961998620029258e+19,0.6286362686114862,0.40593145013658405
sc,300.0,0,1.9058439311719748e-06,0.17325853919745227,260467473342817.78,9018993412817966.0,1.5357919101745596e+22,1.072011827601181e+19,0.6280115547257575,0.4155863642148104
sc,300.0,0,2.0063635545726346e-06,0.1823966867793304,274072575140334.62,8513201752499443.0,1.5357919101745596e+22,1.0647472233742062e+19,0.6277996313568251,0.42559882211114886
sc,300.0,0,2.110952939892684e-06,0.19190481271751675,288320065316830.06,8141130383335032.0,1.5357919101745596e+22,1.071143330374894e+19,0.6279273938569884,0.435970967181371
sc,300.0,0,2.2196476028493208e-06,0.20178614571357462,303233139110242.3,7865515779699595.0,1.5357919101745596e+22,1.0884083841819464e+19,0.6283204708325063,0.4467031728833135
sc,300.0,0,2.3324692496379275e-06,0.2120426590579934,318832653529461.25,7657985692253286.0,1.5357919101745596e+22,1.1142056447198155e+19,0.6289106814731467,0.45779400974030454
sc,300.0,0,2.449424547830708e-06,0.22267495889370076,335136889824395.5,7497352786468312.0,1.5357919101745596e+22,1.1466165130339875e+19,0.6296400226273361,0.4692402174767087
sc,300.0,0,2.5705039402994796e-06,0.2336821763908618,352161318833786.3,7368094518817252.0,1.5357919101745596e+22,1.1840903727767849e+19,0.6304618139303341,0.481036682309916
sc,300.0,0,2.6956805242013664e-06,0.24506186583648787,369918360443540.9,7259049085946658.0,1.5357919101745596e+22,1.2253880216374575e+19,0.6313400147984154,0.4931764202726967
sc,300.0,0,2.8249090184044093e-06,0.2568099107640372,388417131530299.1,7162334759089944.0,1.5357919101745596e+22,1.2695242536801556e+19,0.6322476340206497,0.505650568143479
sc,300.0,0,2.9581248436407344e-06,0.26892044033097584,407663180298188.75,7072482598387152.0,1.5357919101745596e+22,1.315713666656456e+19,0.6331648757060374,0.5184483840284626
sc,300.0,0,3.095243340066364e-06,0.2813857581878513,427658208482220.4,6985761027346046.0,1.5357919101745596e+22,1.3633223275710317e+19,0.6340773901539739,0.5315572598532274
sc,300.0,0,3.2361591466932353e-06,0.2941962860630214,448399786206744.4,6899664579858507.0,1.5357919101745596e+22,1.411826682188895e+19,0.6349747961307179,0.5449627479955721
sc,300.0,0,3.3807457662670037e-06,0.30734052420609126,469881067168382.3,6812537280879168.0,1.5357919101745596e+22,1.4607801152023319e+19,0.6358495173813203,0.558648604058035
sc,300.0,0,3.528855337537518e-06,0.3208050306852289,492090514139416.5,6723302353814078.0,1.5357919101745596e+22,1.5097868756701061e+19,0.6366959119412744,0.572596847380917
sc,300.0,0,3.680318634473621e-06,0.33457442131578374,515011646528950.4,6631273078350818.0,1.5357919101745596e+22,1.5584826546431883e+19,0.6375096462767004,0.5867878403811364
sc,300.0,0,3.834945308804896e-06,0.34863139170953605,538622822889524.6,6536023661248648.0,1.5357919101745596e+22,1.6065208911747086e+19,0.6382872607888614,0.601200387213895
sc,300.0,0,3.992524388356007e-06,0.3629567625778189,562897071857073.6,6437303197500496.0,1.5357919101745596e+22,1.6535638319383527e+19,0.6390258779230357,0.6158118516333434
sc,300.0,0,4.152825039035608e-06,0.37752954900323704,587801985131508.2,6334979714965385.0,1.5357919101745596e+22,1.6992774221566112e+19,0.639723012707832,0.6305982933098723
sc,300.0,0,4.315597593148279e-06,0.39232705392257083,613299685848827.4,6229004656814651.0,1.5357919101745596e+22,1.743329213612885e+19,0.6403764546881313,0.6455346212741838
sc,300.0,0,4.480574841046197e-06,0.40732498554965424,639346885248396.4,6119390873302963.0,1.5357919101745596e+22,1.7853886034757607e+19,0.6409841983636929,0.6605947626253542
sc,300.0,0,4.6474735771908545e-06,0.4224975979264413,665895040224904.6,6006199286188530.0,1.5357919101745596e+22,1.8251288422913622e+19,0.6415444058693651,0.6757518441804267
sc,300.0,0,4.8159963856436705e-06,0.4378178532403337,692890624733610.9,5889530934585893.0,1.5357919101745596e+22,1.8622303587602362e+19,0.6420553907148908,0.6909783843709739
sc,300.0,0,4.985833644055812e-06,0.45325760400507387,720275530051874.4,5769522213432939.0,1.5357919101745596e+22,1.896385039712462e+19,0.6425156151659454,0.706246492417702
sc,300.0,0,5.156665719599517e-06,0.4687877926908652,747987614191807.4,5646341878946280.0,1.5357919101745596e+22,1.9273011794437652e+19,0.6429236966050074,0.7215280716434317
sc,300.0,0,5.3281653251908174e-06,0.48437866592643797,775961431913271.0,5520188911002578.0,1.5357919101745596e+22,1.9547088812858503e+19,0.6432784202875155,0.7367950237192462
sc,300.0,0,5.5e-06,0.5,804129197933066.2,5391290664365540.0,1.5357919101745596e+22,1.9783657672627884e+19,0.6435787576207271,0.7520194506754895
sc,300.0,0,5.671834674809185e-06,0.5156213340735623,832422073453309.4,5259900965152504.0,1.5357919101745596e+22,1.9980629428762137e+19,0.6438238907453486,0.7671738516417013
sc,300.0,0,5.8433342804004825e-06,0.5312122073091348,860771929655335.4,5126297956149857.0,1.5357919101745596e+22,2.0136312898489102e+19,0.644013246106797,0.7822313114969514
sc,300.0,0,6.01416635594419e-06,0.5467423959949264,889113845380525.6,4990781592086270.0,1.5357919101745596e+22,2.0249483388297105e+19,0.6441465422094398,0.7971656789009627
sc,300.0,0,6.184003614356336e-06,0.5621821467596669,917389759665591.8,4853670751856996.0,1.5357919101745596e+22,2.0319462274419327e+19,0.6442238602539909,0.8119517315216233
sc,300.0,0,6.352526422809144e-06,0.5775024020735586,945553949954782.8,4715299980028355.0,1.5357919101745596e+22,2.034621598118246e+19,0.6442457513330963,0.8265653266601092
sc,300.0,0,6.5194251589538055e-06,0.592675014450346,973581378234804.0,4576015901643283.0,1.5357919101745596e+22,2.033048754404344e+19,0.6442134008205116,0.8409835358853858
sc,300.0,0,6.684402406851721e-06,0.6076729460774292,1001480481645804.6,4436173376250182.0,1.5357919101745596e+22,2.0273979857270395e+19,0.6441288800257186,0.8551847627114816
sc,300.0,0,6.847174960964395e-06,0.6224704509967632,1029312727298265.4,4296131470719449.0,1.5357919101745596e+22,2.0179616852542906e+19,0.6439955273723503,0.8691488427720031
sc,300.0,0,7.0074756116439974e-06,0.6370432374221816,1057222246930071.9,4156249337929553.5,1.5357919101745596e+22,2.005191693454128e+19,0.6438185159466078,0.8828571263577023
sc,300.0,0,7.165054691195103e-06,0.651368608290464,1085480146846158.5,4016882089439271.5,1.5357919101745596e+22,1.9897521312193937e+19,0.6436056794927512,0.8962925435778277
sc,300.0,0,7.3196813655263815e-06,0.6654255786842165,1114549654581015.4,3878376746696326.5,1.5357919101745596e+22,1.9725927198937797e+19,0.6433686802004617,0.9094396527790586
sc,300.0,0,7.471144662462482e-06,0.6791949693147711,1145180069075327.8,3741068347481030.0,1.5357919101745596e+22,1.9550480404143858e+19,0.6431245990604508,0.9222846732019835
sc,300.0,0,7.619254233732998e-06,0.692659475793909,1178539406972789.5,3605276273711062.0,1.5357919101745596e+22,1.9389681228412535e+19,0.6428979944759521,0.9348155031677116
sc,300.0,0,7.763840853306769e-06,0.705803713936979,1216397472969815.8,3471300855085803.0,1.5357919101745596e+22,1.926884905278212e+19,0.6427233759330145,0.9470217253565449
sc,300.0,0,7.904756659933636e-06,0.7186142418121487,1261372513680167.2,3339420291846921.5,1.5357919101745596e+22,1.92221718237306e+19,0.64264783301142,0.9588946009526429
sc,300.0,0,8.041875156359268e-06,0.7310795596690244,1317255234965394.0,3209887930905483.0,1.5357919101745596e+22,1.9295134627365237e+19,0.6427332040647915,0.9704270545643969
sc,300.0,0,8.175090981595591e-06,0.7431900892359629,1389423307446743.8,3082929924010350.0,1.5357919101745596e+22,1.9547275911260103e+19,0.6430566725192102,0.9816136518674831
sc,300.0,0,8.304319475798637e-06,0.7549381341635124,1485357102087142.8,2958743295211850.0,1.5357919101745596e+22,2.0055161977788158e+19,0.64370820062783,0.9924505718331724
sc,300.0,0,8.429496059700524e-06,0.7663178236091386,1615262952517947.5,2837494447498084.5,1.5357919101745596e+22,2.0915404236094673e+19,0.6447831693615782,1.0029355751793319
sc,300.0,0,8.550575452169292e-06,0.7773250411062993,1792803643504563.5,2719318144106030.5,1.5357919101745596e+22,2.2247476497804415e+19,0.6463696116711215,1.0130679703064935
sc,300.0,0,8.667530750362075e-06,0.7879573409420069,2035927361781805.5,2604317006683645.5,1.5357919101745596e+22,2.419603121675063e+19,0.6485318304073201,1.022848577463407
sc,300.0,0,8.78035239715068e-06,0.7982138542864254,2367776778195670.5,2492561577573226.5,1.5357919101745596e+22,2.6932375639623684e+19,0.6512951393247967,1.0322796912540102
sc,300.0,0,8.889047060107317e-06,0.8080951872824834,2817650523932690.0,2384090994067186.5,1.5357919101745596e+22,3.065476303919647e+19,0.654637745467058,1.0413650409029245
sc,300.0,0,8.99363644542737e-06,0.8176033132206699,3421981761059008.0,2278914315845037.5,1.5357919101745596e+22,3.5587190006802444e+19,0.6584935253238882,1.0501097470133653
sc,300.0,0,9.094156068828025e-06,0.8267414608025477,4225294699761110.5,2177012531012887.0,1.5357919101745596e+22,4.19764728930285e+19,0.6627645409656725,1.0585202729688241
sc,300.0,0,9.190654003789586e-06,0.8355140003445078,5281101477373308.0,2078341240579897.8,1.5357919101745596e+22,5.0087502614278955e+19,0.6673380628174386,1.0666043687399749
sc,300.0,0,9.283189625591765e-06,0.8439263295992514,6652709872400898.0,1982833986740454.2,1.5357919101745596e+22,6.019673669137068e+19,0.6721022494299046,1.0743710047407835
sc,300.0,0,9.371832367526334e-06,0.8519847606842121,8413926961142238.0,1890406149703988.8,1.5357919101745596e+22,7.258416234368531e+19,0.6769569625201568,1.0818302935840471
sc,300.0,0,9.456660503517164e-06,0.8596964094106513,1.0649663892115166e+16,1800959295098970.5,1.5357919101745596e+22,8.752413123504526e+19,0.6818191170029342,1.0889933981261986
sc,300.0,0,9.537759969217746e-06,0.8670690881107043,1.3456470148507464e+16,1714385814067161.5,1.5357919101745596e+22,1.0527560036667318e+20,0.6866237853768845,1.0958724250254588
sc,300.0,0,9.61522323154144e-06,0.8741112028674036,1.694304888901549e+16,1630573666501769.0,1.5357919101745596e+22,1.2607239358298699e+20,0.6913227626358539,1.102480304081101
sc,300.0,0,9.689148214557948e-06,0.8808316558689044,2.123082492121549e+16,1549411018725407.5,1.5357919101745596e+22,1.501141111899244e+20,0.695882003523022,1.1088306547547673
sc,300.0,0,9.759637287796798e-06,0.8872397534360725,2.6454650808601196e+16,1470790563577841.0,1.5357919101745596e+22,1.7755825910922517e+20,0.7002788304241803,1.1149376423613513
sc,300.0,0,9.826796321260428e-06,0.8933451201145843,3.2763742900961984e+16,1394613324512713.8,1.5357919101745596e+22,2.0851405285259195e+20,0.7044993723555859,1.1208158273270101
sc,300.0,0,9.890733809883394e-06,0.8991576190803086,4.032293749443038e+16,1320791775045539.0,1.5357919101745596e+22,2.4303819352291367e+20,0.7085364109682509,1.1264800115424136
sc,300.0,0,9.951560068788844e-06,0.904687278980804,4.93143490521478e+16,1249252147847287.2,1.5357919101745596e+22,2.811327363263972e+20,0.712387655898109,1.1319450861291962
sc,300.0,0,1.0009386499490995e-05,0.9099442272264542,5.993949964729628e+16,1179935859757088.0,1.5357919101745596e+22,3.227450004556729e+20,0.7160544033965424,1.1372258848735357
sc,300.0,0,1.0064324926170204e-05,0.9149386296518368,7.242197419416533e+16,1112800034720512.6,1.5357919101745596e+22,3.6776932270038634e+20,0.7195405107199518,1.1423370471948915
sc,300.0,0,1.0116487000297136e-05,0.9196806363906487,8.701064215411637e+16,1047817161032889.9,1.5357919101745596e+22,4.1605034925253584e+20,0.7228516195927666,1.1472928938771483
sc,300.0,0,1.0165983671194466e-05,0.9241803337449515,1.039834752111505e+17,984973967581638.2,1.5357919101745596e+22,4.673874968417245e+20,0.7259945715163624,1.152107317981276
sc,300.0,0,1.0212924719585172e-05,0.9284477017804702,1.2365198303039934e+17,924269642434958.9,1.5357919101745596e+22,5.2154019446469984e+20,0.7289769690682738,1.156793692475989
sc,300.0,0,1.0257418350771382e-05,0.932492577342853,1.4636628590144918e+17,865713543875763.0,1.5357919101745596e+22,5.7823353424711955e+20,0.7318068477726516,1.161364795250819
sc,300.0,0,1.029957084380237e-05,0.9363246221638519,1.7252084331979123e+17,809322567981267.2,1.5357919101745596e+22,6.371640048916395e+20,0.7344924317048303,1.1658327513829037
sc,300.0,0,1.03394862528089e-05,0.9399532957099002,2.0256086035113747e+17,755118338563317.1,1.5357919101745596e+22,6.98005043328428e+20,0.7370419526647383,1.170208991861505
sc,300.0,0,1.0377266156589495e-05,0.9433878324172269,2.3698939763436483e+17,703124376200003.1,1.5357919101745596e+22,7.604122098591454e+20,0.7394635177851899,1.174504227458033
sc,300.0,0,1.0413009452518051e-05,0.9466372229561866,2.7637521467596842e+17,653363385386153.8,1.5357919101745596e+22,8.240278612098743e+20,0.741765014176528,1.178728436070136
sc,300.0,0,1.044681219088843e-05,0.9497101991716755,3.213613783260807e+17,605854775146993.1,1.5357919101745596e+22,8.884852589116209e+20,0.7439540419662296,1.18289086165731
sc,300.0,0,1.0478767445908384e-05,0.9526152223553077,3.726746676985182e+17,560612501299455.3,1.5357919101745596e+22,9.534121035584062e+20,0.7460378691293951,1.1870000228036572
sc,300.0,0,1.0508965219691605e-05,0.9553604745174187,4.311358021904597e+17,517643290442928.5,1.5357919101745596e+22,1.0184335273912633e+21,0.7480234030206179,1.1910637289667176
sc,300.0,0,1.0537492375763123e-05,0.9579538523421021,4.976705095934281e+17,476945278662748.9,1.5357919101745596e+22,1.0831746080413163e+21,0.7499171746544503,1.1950891025739554
sc,300.0,0,1.0564432598781674e-05,0.9604029635256067,5.733214355791841e+17,438507073432946.25,1.5357919101745596e+22,1.147262486076441e+21,0.7517253326447746,1.199082605286137
sc,300.0,0,1.0589866377385603e-05,0.9627151252168731,6.592608731092329e+17,402307226355793.5,1.5357919101745596e+22,1.2103281796410054e+21,0.7534536443768634,1.2030500669379327
sc,300.0,0,1.0613871007280374e-05,0.9648973642982158,7.56804259580307e+17,368314087746800.1,1.5357919101745596e+22,1.272008192600103e+21,0.7551075025021193,1.206996715873111
sc,300.0,0,1.0636520611900908e-05,0.9669564192637189,8.674243497993541e+17,336486001825676.3,1.5357919101745596e+22,1.331946009779508e+21,0.7566919352515407,1.2109272096011294
sc,300.0,0,1.0657886178196438e-05,0.9688987434724035,9.927659232613978e+17,306771793242310.2,1.5357919101745596e+22,1.3897935655836697e+21,0.7582116193863058,1.2148456649041433
sc,300.0,0,1.0678035605296172e-05,0.9707305095723793,1.1346608238725165e+18,279111491456255.84,1.5357919101745596e+22,1.4452127616872405e+21,0.7596708948616393,1.2187556867121565
sc,300.0,0,1.0697033764018233e-05,0.9724576149107484,1.295143058639983e+18,253437238521097.12,1.5357919101745596e+22,1.4978770964507656e+21,0.7610737804873351,1.2226603952357034
sc,300.0,0,1.0714942565379982e-05,0.9740856877618166,1.4764635987728143e+18,229674327510241.1,1.5357919101745596e+22,1.5474734540352224e+21,0.7624239900354511,1.2265624509986033
sc,300.0,0,1.0731821036453796e-05,0.9756200942230724,1.6811044324842301e+18,207742322487800.4,1.5357919101745596e+22,1.5937040852314526e+21,0.7637249483807583,1.230464077548101
sc,300.0,0,1.07477254020873e-05,0.9770659456442999,1.9117905052808916e+18,187664780971298.97,1.5357919101745596e+22,1.6372352508460036e+21,0.7649947797181704,1.2343670817371117
sc,300.0,0,1.0762709171170821e-05,0.9784281064700746,2.1715018147988447e+18,169352712552634.38,1.5357919101745596e+22,1.6781870441081337e+21,0.7662411789689549,1.2382728714652278
sc,300.0,0,1.077682322628674e-05,0.9797112023897037,2.4634812141506575e+18,152673229905074.97,1.5357919101745596e+22,1.716327489370534e+21,0.7674657101107849,1.2421824711938416
sc,300.0,0,1.0790115915715747e-05,0.9809196287014316,2.791238503475001e+18,137502155211028.4,1.5357919101745596e+22,1.7514367684799496e+21,0.7686698549975095,1.246096535310963
sc,300.0,0,1.0802633146903754e-05,0.9820575588094322,3.158550166115242e+18,123723140216380.61,1.5357919101745596e+22,1.7833095010807062e+21,0.7698550041144911,1.2500153595219672
sc,300.0,0,1.0814418480610833e-05,0.9831289527828031,3.5694533704149007e+18,111227010352340.83,1.5357919101745596e+22,1.8117571631610494e+21,0.7710224489439448,1.253938890554155
sc,300.0,0,1.0825513225070368e-05,0.9841375659154881,4.0282330905793075e+18,99911270648569.02,1.5357919101745596e+22,1.836610593845077e+21,0.7721733755418382,1.2578667345115424
sc,300.0,0,1.0835956529583215e-05,0.9850869572348377,4.539401183057237e+18,89679725730369.39,1.5357919101745596e+22,1.857722529193825e+21,0.7733088590268156,1.2617981642577487
sc,300.0,0,1.0845785477058698e-05,0.9859804979144271,5.107666293468164e+18,80442177736153.28,1.5357919101745596e+22,1.8749700917248587e+21,0.7744298587676285,1.2657321262391399
sc,300.0,0,1.0855035175092196e-05,0.986821379553836,5.737893577877256e+18,72114175118541.39,1.5357919101745596e+22,1.8882571561803412e+21,0.7755372141308562,1.269667247186946
sc,300.0,0,1.0863738845238655e-05,0.9876126222944233,6.435053413697703e+18,64616792485613.2,1.5357919101745596e+22,1.8975165061267545e+21,0.7766316407169666,1.2736018411550094
sc,300.0,0,1.0871927910203254e-05,0.9883570827457504,7.204158561622387e+18,57876427272795.47,1.5357919101745596e+22,1.9027116933532426e+21,0.7777137270711697,1.2775339173578015
sc,300.0,0,1.087963207872503e-05,0.9890574617022755,8.050189625953635e+18,51824603416996.41,1.5357919101745596e+22,1.9038385129200382e+21,0.7787839319067337,1.2814611892698096
sc,300.0,0,1.0886879427977617e-05,0.9897163116343288,8.978009146608375e+18,46397775576908.625,1.5357919101745596e+22,1.9009260118153751e+21,0.7798425819226807,1.2853810854308412
sc,300.0,0,1.0893696483353328e-05,0.9903360439412118,9.992265233654745e+18,41537130005501.97,1.5357919101745596e+22,1.8940369588957972e+21,0.7808898703347721,1.2892907623705332
sc,300.0,0,1.0900108295533774e-05,0.9909189359576158,1.109728630340224e+19,37188380095529.87,1.5357919101745596e+22,1.883267717715302e+21,0.7819258562678191,1.2931871200183662
sc,300.0,0,1.090613851478213e-05,0.9914671377074664,1.2296969165986419e+19,33301556017850.19,1.5357919101745596e+22,1.8687474823466912e+21,0.7829504651776967,1.2970668199019812
sc,300.0,0,1.0911809462419846e-05,0.9919826784018042,1.3594663403861844e+19,29830788863897.27,1.5357919101745596e+22,1.850636858096669e+21,0.7839634904818983,1.3009263063566994
sc,300.0,0,1.091714219947416e-05,0.9924674726794691,1.4993055619885922e+19,26734090375427.613,1.5357919101745596e+22,1.829125793656206e+21,0.784964596576984,1.3047618308738598
sc,300.0,0,1.0922156592503055e-05,0.9929233265911869,1.6494057664314225e+19,23973129767612.97,1.5357919101745596e+22,1.804430897122242e+21,0.7859533234089306,1.308569479607017
sc,300.0,0,1.0926871376621309e-05,0.9933519433292098,1.8098703314453985e+19,21513009383787.383,1.5357919101745596e+22,1.7767921941722552e+21,0.7869290927376349,1.3123452039364298
sc,300.0,0,1.0931304215765523e-05,0.9937549287059567,1.9807058023824773e+19,19322041007357.336,1.5357919101745596e+22,1.7464694106487956e+21,0.7878912161996438,1.316084853867853
sc,300.0,0,1.0935471760247933e-05,0.9941337963861758,2.1618146239565767e+19,17371524636156.346,1.5357919101745596e+22,1.7137378826429556e+21,0.7888389052243145,1.3197842139168285
sc,300.0,0,1.0939389701658392e-05,0.9944899728780356,2.35299003796415e+19,15635531426152.72,1.5357919101745596e+22,1.6788842130037827e+21,0.7897712827995356,1.3234390410103147
sc,300.0,0,1.0943072825181768e-05,0.9948248022892516,2.5539134867017937e+19,14090692358612.438,1.5357919101745596e+22,1.6422018033083102e+21,0.7906873970162288,1.3270451038298126
sc,300.0,0,1.0946535059404077e-05,0.9951395508549161,2.7641547660036755e+19,12715993996335.705,1.5357919101745596e+22,1.6039863938140125e+21,0.7915862362492903,1.3305982229303215
sc,300.0,0,1.0949789523685387e-05,0.9954354112441262,2.983175054819123e+19,11492582485083.105,1.5357919101745596e+22,1.5645317406025877e+21,0.7924667457602189,1.334094310902926
sc,300.0,0,1.0952848573180955e-05,0.9957135066528141,3.210332817583989e+19,10403576737700.543,1.5357919101745596e+22,1.524125549409822e+21,0.7933278454376522,1.3375294118098389
sc,300.0,0,1.0955723841594418e-05,0.9959748946904017,3.4448924403815584e+19,9433891519824.182,1.5357919101745596e+22,1.4830457702737345e+21,0.7941684483307434,1.340899739112279
sc,300.0,0,1.0958426281748313e-05,0.9962205710680284,3.686035331902986e+19,8570070944607.303,1.5357919101745596e+22,1.4415573373385077e+21,0.7949874795808622,1.3442017113345863
sc,300.0,0,1.0960966204057819e-05,0.9964514730961654,3.932873105471703e+19,7800132685122.307,1.5357919101745596e+22,1.399909415545742e+21,0.7957838953229638,1.3474319847616376
sc,300.0,0,1.0963353312993623e-05,0.9966684829994202,4.184462366406782e+19,7113423030989.053,1.5357919101745596e+22,1.3583331917707031e+21,0.7965567011117314,1.3505874825480837
sc,300.0,0,1.0965596741619176e-05,0.9968724310562888,4.4398205672192885e+19,6500482753130.192,1.5357919101745596e+22,1.3170402243519872e+21,0.797304969430665,1.3536654197228717
sc,300.0,0,1.0967705084286636e-05,0.9970640985715125,4.697942363674557e+19,5952923599115.794,1.5357919101745596e+22,1.2762213427398265e+21,0.7980278558647431,1.356663323695021
sc,300.0,0,1.0969686427574233e-05,0.9972442206885668,4.957815909057402e+19,5463315122048.63,1.5357919101745596e+22,1.2360460697081595e+21,0.7987246135579613,1.359579050000222
sc,300.0,0,1.0971548379546137e-05,0.9974134890496489,5.218438559164665e+19,5025081448394.562,1.5357919101745596e+22,1.1966625228277751e+21,0.7993946056335399,1.3624107931655796
sc,300.0,0,1.0973298097413808e-05,0.9975725543103462,5.4788315221983986e+19,4632407513801.157,1.5357919101745596e+22,1.1581977402191938e+21,0.8000373153235479,1.3651570927049148
sc,300.0,0,1.0974942313675674e-05,0.9977220285159705,5.738053068734976e+19,4280154239552.1675,1.5357919101745596e+22,1.1207583679326336e+21,0.8006523536321264,1.3678168343835977
sc,300.0,0,1.0976487360809517e-05,0.9978624873463197,5.995210011085579e+19,3963782084193.2554,1.5357919101745596e+22,1.0844316427258601e+21,0.8012394644380222,1.3703892470045007
sc,300.0,0,1.097793919458954e-05,0.9979944722354128,6.2494672596283515e+19,3679282383007.8345,1.5357919101745596e+22,1.0492866037036239e+21,0.8017985270235748,1.3728738950620414
sc,300.0,0,1.0979303416097527e-05,0.9981184923725025,6.5000553607757595e+19,3423115880354.913,1.5357919101745596e+22,1.0153754690532048e+21,0.8023295560945414,1.3752706676863706
sc,300.0,0,1.0980585292494814e-05,0.9982350265904376,6.746276010236696e+19,3192157864104.803,1.5357919101745596e+22,9.827351189974229e+20,0.8028326994249613,1.3775797643540653
sc,300.0,0,1.0981789776619278e-05,0.9983445251472072,6.9875056123247436e+19,2983649325401.7305,1.5357919101745596e+22,9.513886325567171e+20,0.8033082333209428,1.3798016778749003
sc,300.0,0,1.0982921525468846e-05,0.9984474114062588,7.223197019060614e+19,2795153588629.764,1.5357919101745596e+22,9.213468331756401e+20,0.8037565561451004,1.3819371751779503
sc,300.0,0,1.0983984917630406e-05,0.998544083420946,7.452879628974853e+19,2624517883859.8955,1.5357919101745596e+22,8.9260980594967e+20,0.8041781801784074,1.383987276416171
sc,300.0,0,1.0984984069710465e-05,0.9986349154282241,7.676158057158489e+19,2469839365496.154,1.5357919101745596e+22,8.651683569627901e+20,0.8045737221183851,1.3859532328895023
sc,300.0,0,1.0985922851821332e-05,0.9987202592564848,7.892709604281164e+19,2329435114813.8154,1.5357919101745596e+22,8.390053924472188e+20,0.804943892522338,1.3878365042552478
sc,300.0,0,1.0986804902174117e-05,0.9988004456521924,8.102280756317918e+19,2201815699351.986,1.5357919101745596e+22,8.140972020831385e+20,0.8052894845028782,1.3896387354539734
sc,300.0,0,1.0987633640827416e-05,0.9988757855297651,8.304682940051672e+19,2085661897638.621,1.5357919101745596e+22,7.904146365022812e+20,0.8056113619717439,1.3913617337323465
sc,300.0,0,1.0988412282638214e-05,0.9989465711489285,8.499787745011433e+19,1979804232672.4897,1.5357919101745596e+22,7.679241739444675e+20,0.805910447708632,1.3930074460938966
sc,300.0,0,1.098914384945923e-05,0.9990130772235664,8.687521802416728e+19,1883204991333.984,1.5357919101745596e+22,7.46588874997829e+20,0.806187711506269,1.3945779374569667
sc,300.0,0,1.0989831181624756e-05,0.9990755619658869,8.867861488250357e+19,1794942439002.9302,1.5357919101745596e+22,7.263692274976795e+20,0.8064441586130094,1.396075369747901
sc,300.0,0,1.099047694876486e-05,0.9991342680695328,9.04082759242489e+19,1714196968796.1272,1.5357919101745596e+22,7.072238860166633e+20,0.8066808186616493,1.3975019821086208
sc,300.0,0,1.0991083659985862e-05,0.9991894236350785,9.206480071009285e+19,1640238952827.2654,1.5357919101745596e+22,6.891103120800176e+20,0.8068987352393627,1.3988600723521707
sc,300.0,0,1.0991653673452932e-05,0.9992412430411757,9.364912974282295e+19,1572418088648.0154,1.5357919101745596e+22,6.719853223432412e+20,0.8070989562200507,1.4001519797582798
sc,300.0,0,1.0992189205408847e-05,0.9992899277644407,9.516249621495428e+19,1510154057527.028,1.5357919101745596e+22,6.55805552628611e+20,0.8072825249480423,1.4013800692642364
sc,300.0,0,1.099269233866112e-05,0.999335667151011,9.660638072754697e+19,1452928332525.037,1.5357919101745596e+22,6.405278459282464e+20,0.8074504723318537,1.4025467170743477
sc,300.0,0,1.0993165030567958e-05,0.9993786391425417,9.798246932072e+19,1400276993507.2012,1.5357919101745596e+22,6.261095725082169e+20,0.8076038098792107,1.4036542976841035
sc,300.0,0,1.0993609120551912e-05,0.9994190109592647,9.929261500161863e+19,1351784423418.6033,1.5357919101745596e+22,6.125088899250659e+20,0.8077435236802244,1.404705172292724
sc,300.0,0,1.0994026337168478e-05,0.999456939742589,1.0053880284329155e+20,1307077775475.562,1.5357919101745596e+22,5.99684950409304e+20,0.8078705693246787,1.4057016785596732
sc,300.0,0,1.0994418304755431e-05,0.9994925731595847,1.0172311862847876e+20,1265822114537.2239,1.5357919101745596e+22,5.8759806253121824e+20,0.8079858677219253,1.4066461216466015
sc,300.0,0,1.0994786549687217e-05,0.9995260499715652,1.0284772093973347e+20,1227716147965.0215,1.5357919101745596e+22,5.76209813501413e+20,0.8080903017778518,1.4075407664757433
sc,300.0,0,1.0995132506257437e-05,0.999557500568858,1.0391481654307946e+20,1192488471906.0952,1.5357919101745596e+22,5.65483157866289e+20,0.8081847138725958,1.4083878311284375
sc,300.0,0,1.099545752221112e-05,0.9995870474737383,1.0492663887422928e+20,1159894268287.363,1.5357919101745596e+22,5.553824777617804e+20,0.8082699040749097,1.4091894813028212
sc,300.0,0,1.0995762863947264e-05,0.9996148058133876,1.058854294086889e+20,1129712396019.0938,1.5357919101745596e+22,5.4587361929554644e+20,0.8083466290240383,1.409947825747346
sc,300.0,0,1.0996049721411005e-05,0.9996408837646369,1.0679342169073415e+20,1101742827093.706,1.5357919101745596e+22,5.369239091151684e+20,0.8084156014073401,1.4106649125864967
sc,300.0,0,1.0996319212693658e-05,0.9996653829721508,1.0765282778027573e+20,1075804384567.3279,1.5357919101745596e+22,5.28502154653234e+20,0.8084774899612932,1.411342726455957
sc,300.0,0,1.0996572388357787e-05,0.999688398941617,1.084658268910084e+20,1051732744902.1228,1.5357919101745596e+22,5.2057863113455704e+20,0.8085329199246863,1.4119831863669274
sc,300.0,0,1.0996810235503576e-05,0.999710021409416,1.0923455598829902e+20,1029378671946.8314,1.5357919101745596e+22,5.131250579450303e+20,0.8085824738753302,1.4125881442224733
sc,300.0,0,1.0997033681591765e-05,0.9997303346901605,1.0996110213443686e+20,1008606454015.5867,1.5357919101745596e+22,5.0611456662598746e+20,0.8086266928852497,1.4131593839126517
sc,300.0,0,1.0997243598037532e-05,0.9997494180034121,1.1064749637757636e+20,989292519169.8234,1.5357919101745596e+22,4.995216623983593e+20,0.8086660779337385,1.4136986209195035
sc,300.0,0,1.099744080358895e-05,0.9997673457808136,1.1129570899590986e+20,971324206975.8916,1.5357919101745596e+22,4.933221808249044e+20,0.8087010915226395,1.4142075023677645
sc,300.0,0,1.0997626067502723e-05,0.999784187954793,1.11907645923857e+20,954598677781.7189,1.5357919101745596e+22,4.8749324096334594e+20,0.8087321594434873,1.4146876074617054
sc,300.0,0,1.0997800112529352e-05,0.9998000102299411,1.1248514620268293e+20,939021942946.9384,1.5357919101745596e+22,4.820131961320719e+20,0.808759672651611,1.4151404482536676
sc,300.0,0,1.0997963617718971e-05,0.9998148743380884,1.1302998031251177e+20,924508001565.7068,1.5357919101745596e+22,4.768615832190929e+20,0.8087839892076737,1.4155674706942414
sc,300.0,0,1.0998117221058578e-05,0.9998288382780526,1.1354384925753547e+20,910978071031.6193,1.5357919101745596e+22,4.720190712935082e+20,0.8088054362524166,1.4159700559189339
sc,300.0,0,1.0998261521950722e-05,0.9998419565409749,1.1402838428988267e+20,898359900381.0731,1.5357919101745596e+22,4.674674101368753e+20,0.8088243119853883,1.4163495217305233
sc,300.0,0,1.099839708354309e-05,0.9998542803220991,1.144851471707123e+20,886587156733.3625,1.5357919101745596e+22,4.631893791921514e+20,0.8088408876231459,1.416707124240423
sc,300.0,0,1.0998524434917892e-05,0.9998658577198084,1.1491563087930624e+20,875598876341.8516,1.5357919101745596e+22,4.591687373242201e+20,0.8088554093167716,1.417044059636464
sc,300.0,0,1.0998644073149468e-05,0.9998767339226788,1.1532126068946462e+20,865338972819.8169,1.5357919101745596e+22,4.553901736911028e+20,0.8088681000124948,1.417361466048126
sc,300.0,0,1.0998756465237942e-05,0.9998869513852675,1.1570339554651023e+20,855755796016.0892,1.5357919101745596e+22,4.518392599692885e+20,0.8088791612427576,1.4176604254836551
sc,300.0,0,1.0998862049926409e-05,0.9998965499933099,1.1606332968512614e+20,846801735809.3959,1.5357919101745596e+22,4.485024041069696e+20,0.8088887748382109,1.4179419658167007
sc,300.0,0,1.0998961239408573e-05,0.9999055672189612,1.16402294432478e+20,838432865785.283,1.5357919101745596e+22,4.4536680571494584e+20,0.808897104553864,1.4182070628029548
sc,300.0,0,1.099905442093346e-05,0.9999140382666782,1.1672146015837523e+20,830608622364.7821,1.5357919101745596e+22,4.424204132035213e+20,0.8089042976049856,1.4184566421099016
sc,300.0,0,1.0999141958313349e-05,0.9999219962103045,1.1702193832644231e+20,823291515483.1954,1.5357919101745596e+22,4.3965188268472703e+20,0.8089104861103614,1.418691581345163
sc,300.0,0,1.0999224193340739e-05,0.9999294721218854,1.1730478362169906e+20,816446867380.2944,1.5357919101745596e+22,4.37050538693421e+20,0.8089157884422018,1.4189127120710507
sc,300.0,0,1.0999301447119812e-05,0.9999364951927101,1.1757099611869218e+20,810042576468.974,1.5357919101745596e+22,4.346063366971258e+20,0.808920310483377,1.4191208217948381
sc,300.0,0,1.0999374021317546e-05,0.9999430928470496,1.1782152347476238e+20,804048903600.3018,1.5357919101745596e+22,4.3230982740634416e+20,0.808924146793783,1.4193166559260701
sc,300.0,0,1.0999442199339309e-05,0.9999492908490282,1.1805726312206893e+20,798438278358.5957,1.5357919101745596e+22,4.3015212283040694e+20,0.808927381688519,1.4195009196936117
sc,300.0,0,1.0999506247433445e-05,0.9999551134030404,1.1827906444637666e+20,793185123289.9729,1.5357919101745596e+22,4.281248640535566e+20,0.808930090231237,1.4196742800165554
sc,300.0,0,1.0999566415729164e-05,0.9999605832481058,1.184877309388023e+20,788265694205.4537,1.5357919101745596e+22,4.262201906793837e+20,0.8089323391465234,1.4198373673243465
sc,300.0,0,1.0999622939211742e-05,0.9999657217465221,1.1868402230691103e+20,783657934913.2346,1.5357919101745596e+22,4.24430711879751e+20,0.8089341876555126,1.419990777322423
sc,300.0,0,1.0999676038638799e-05,0.9999705489671635,1.188686565397942e+20,779341344917.5869,1.5357919101745596e+22,4.227494790011615e+20,0.808935688239151,1.4201350727006317
sc,300.0,0,1.0999725921401199e-05,0.9999750837637453,1.1904231191924664e+20,775296858783.6775,1.5357919101745596e+22,4.211699596627167e+20,0.8089368873336408,1.4202707847825033
sc,300.0,0,1.099977278233193e-05,0.9999793438483573,1.1920562897012453e+20,771506736014.0675,1.5357919101745596e+22,4.196860132778243e+20,0.8089378259626065,1.4203984151140465
sc,300.0,0,1.0999816804466099e-05,0.9999833458605545,1.1935921234794799e+20,767954460403.5449,1.5357919101745596e+22,4.182918679413945e+20,0.8089385403104877,1.4205184369914865
sc,300.0,0,1.0999858159754965e-05,0.9999871054322695,1.1950363266051206e+20,764624647957.0614,1.5357919101745596e+22,4.169820986191328e+20,0.8089390622415453,1.4206312969276598
sc,300.0,0,1.0999897009736801e-05,0.9999906372488001,1.1963942822144559e+20,761502962549.269,1.5357919101745596e+22,4.1575160657457755e+20,0.8089394197687311,1.4207374160573536
sc,300.0,0,1.0999933506167206e-05,0.9999939551061097,1.1976710673425891e+20,758576038591.412,1.5357919101745596e+22,4.1459559997011014e+20,0.8089396374764818,1.4208371914822373
sc,300.0,0,1.0999967791611283e-05,0.999997071964662,1.1988714690735253e+20,755831410051.67,1.5357919101745596e+22,4.135095755856989e+20,0.8089397369013042,1.420930997556222
sc,300.0,0,1.1e-05,1.0,1.2e+20,753257445240.3408,1.5357919101745596e+22,4.1248930159595625e+20,0.8089397368737982,1.4210191871124291
oc,300.0,0.8206258020771636,0.0,0.0,360696814950.9323,1.2e+20,1.5357919101745596e+22,1.9752022130962855e+20,0.8261862974576624,0.0
oc,300.0,0.8206258020771636,3.2208388717036575e-11,2.9280353379124158e-06,362019898161.3148,1.1989547388719183e+20,1.5357919101745596e+22,1.9807207010241282e+20,0.8261862974576624,9.4655058372509e-05
oc,300.0,0.8206258020771636,6.649383279366816e-11,6.044893890333469e-06,363432234728.1163,1.197842852598514e+20,1.5357919101745596e+22,1.9866039765793007e+20,0.8261862683240458,0.00019534357708071
oc,300.0,0.8206258020771636,1.0299026319943172e-10,9.362751199948338e-06,364940112789.2583,1.196660150039756e+20,1.5357919101745596e+22,1.9928767517528772e+20,0.826186204557323,0.0003024452676237731
oc,300.0,0.8206258020771636,1.418402450356626e-10,1.2894567730514783e-05,366550298834.8724,1.1954021840030017e+20,1.5357919101745596e+22,1.9995654908051433e+20,0.8261860998721933,0.00041636309297930817
oc,300.0,0.8206258020771636,1.8319553390006016e-10,1.6654139445460014e-05,368270078667.1966,1.1940642366580721e+20,1.5357919101745596e+22,2.0066985445088425e+20,0.8261859470993198,0.0005375246055696252
oc,300.0,0.8206258020771636,2.2721766807037856e-10,2.065615164276169e-05,370107302434.99725,1.1926413042751893e+20,1.5357919101745596e+22,2.0143062959038733e+20,0.8261857380762943,0.0006663833506560753
oc,300.0,0.8206258020771636,2.7407859880196337e-10,2.4916236254723945e-05,372070434213.9422,1.191128081278356e+20,1.5357919101745596e+22,2.0224213186878934e+20,0.8261854635268382,0.0008034203367155629
oc,300.0,0.8206258020771636,3.239613612005532e-10,2.9451032836413926e-05,374168606667.3458,1.189518943606303e+20,1.5357919101745596e+22,2.0310785494896722e+20,0.8261851129272479,0.000949145574186288
oc,300.0,0.8206258020771636,3.770607882569443e-10,3.427825347790403e-05,376411681391.4681,1.187807931388031e+20,1.5357919101745596e+22,2.0403154754184607e+20,0.8261846743590535,0.0011040996836015203
oc,300.0,0.8206258020771636,4.335842708358961e-10,3.9416751894172375e-05,378810315632.7731,1.1859887309431795e+20,1.5357919101745596e+22,2.0501723384438646e+20,0.8261841343468592,0.0012688555739090051
oc,300.0,0.8206258020771636,4.937525665545395e-10,4.488659695950359e-05,381376036156.94635,1.1840546561195475e+20,1.5357919101745596e+22,2.0606923583179624e+20,0.8261834776803149,0.0014440201912697575
oc,300.0,0.8206258020771636,5.578006606901109e-10,5.0709150971828265e-05,384121321157.8519,1.1819986289904584e+20,1.5357919101745596e+22,2.0719219759533267e+20,0.8261826872192075,0.0016302363381970205
oc,300.0,0.8206258020771636,6.259786824534542e-10,5.690715295031401e-05,387059691218.8196,1.1798131599607112e+20,1.5357919101745596e+22,2.0839111194175514e+20,0.8261817436806917,0.0018281845623184655
oc,300.0,0.8206258020771636,6.985528801894402e-10,6.350480728994912e-05,390205810482.37756,1.1774903273215032e+20,1.5357919101745596e+22,2.0967134949188072e+20,0.8261806254077713,0.002038585113414427
oc,300.0,0.8206258020771636,7.758066592602475e-10,7.052787811456795e-05,393575599348.89386,1.1750217563154514e+20,1.5357919101745596e+22,2.1103869054376346e+20,0.8261793081182536,0.002262199966519603
oc,300.0,0.8206258020771636,8.580416866495465e-10,7.800378969541333e-05,397186360217.9102,1.1723985978144304e+20,1.5357919101745596e+22,2.1249936000260794e+20,0.8261777646335716,0.002499834908100572
oc,300.0,0.8206258020771636,9.455790665399698e-10,8.596173332181545e-05,401056918006.28424,1.1696115066855544e+20,1.5357919101745596e+22,2.1406006570523116e+20,0.8261759645870881,0.0027523416811699834
oc,300.0,0.8206258020771636,1.0387605914276564e-09,9.443278103887787e-05,405207777436.71405,1.1666506200020845e+20,1.5357919101745596e+22,2.157280405176927e+20,0.8261738741117829,0.003020620184131268
oc,300.0,0.8206258020771636,1.1379500735910763e-09,0.00010345000669009785,409661299388.2801,1.1635055352299484e+20,1.5357919101745596e+22,2.1751108861874166e+20,0.8261714555075979,0.0033056207166973542
oc,300.0,0.8206258020771636,1.243534762056797e-09,0.0001130486147324361,414441898950.1847,1.1601652885998464e+20,1.5357919101745596e+22,2.194176364407081e+20,0.8261686668891578,0.003608346264750335
oc,300.0,0.8206258020771636,1.3559268505321519e-09,0.00012326607732110473,419576268226.8238,1.1566183338665699e+20,1.5357919101745596e+22,2.2145678878756772e+20,0.8261654618151433,0.003929854814282372
oc,300.0,0.8206258020771636,1.475565082107555e-09,0.0001341422801915959,425093627416.4937,1.1528525217489312e+20,1.5357919101745596e+22,2.2363839072176108e+20,0.8261617889012558,0.004271261682571795
oc,300.0,0.8206258020771636,1.602916456910408e-09,0.0001457196779009462,431026008242.4294,1.14885508033641e+20,1.5357919101745596e+22,2.2597309587228374e+20,0.8261575914194991,0.0046337418525983845
oc,300.0,0.8206258020771636,1.738478049276626e-09,0.00015804345902514783,437408574465.3577,1.144612596854709e+20,1.5357919101745596e+22,2.284724419054013e+20,0.826152806887423,0.005018532294247547
oc,300.0,0.8206258020771636,1.8827789414216367e-09,0.00017116172194742152,444279984970.978,1.1401110012124951e+20,1.5357919101745596e+22,2.311489339825718e+20,0.8261473666520391,0.005426934253150798
oc,300.0,0.8206258020771636,2.0363822810287035e-09,0.00018512566191170032,451682805823.33167,1.1353355518249096e+20,1.5357919101745596e+22,2.3401613713010285e+20,0.8261411954743281,0.005860315485006644
oc,300.0,0.8206258020771636,2.199887470647477e-09,0.00019998977005886154,459663978732.7698,1.1302708243003207e+20,1.5357919101745596e+22,2.370887785591681e+20,0.8261342111216239,0.006320112409957304
oc,300.0,0.8206258020771636,2.3739324972774643e-09,0.00021581204520704222,468275354633.0705,1.124900703652371e+20,1.5357919101745596e+22,2.4038286109622488e+20,0.8261263239766773,0.006807832157955772
oc,300.0,0.8206258020771636,2.5591964110509015e-09,0.00023265421918644558,477574302535.4705,1.1192083807981827e+20,1.5357919101745596e+22,2.4391578902265122e+20,0.8261174366738531,0.00732505447217835
oc,300.0,0.8206258020771636,2.756401962466237e-09,0.00025058199658783975,487624405568.2133,1.1131763542109268e+20,1.5357919101745596e+22,2.4770650777523864e+20,0.8261074437747051,0.007873433433241647
oc,300.0,0.8206258020771636,2.9663184082353023e-09,0.00026966530983957293,498496258175.3307,1.106786437710039e+20,1.5357919101745596e+22,2.5177565912879075e+20,0.8260962314970528,0.008454698962490816
oc,300.0,0.8206258020771636,3.189764496423941e-09,0.00028997859058399467,510268380897.4537,1.1000197754978823e+20,1.5357919101745596e+22,2.561457536683743e+20,0.8260836775136224,0.009070658057749585
oc,300.0,0.8206258020771636,3.427611642213779e-09,0.00031160105838307084,523028272068.3886,1.092856865686119e+20,1.5357919101745596e+22,2.608413625627852e+20,0.826069650838279,0.009723195709758593
oc,300.0,0.8206258020771636,3.680787306341249e-09,0.00033461702784920444,536873619228.7387,1.085277593695894e+20,1.5357919101745596e+22,2.658893308740899e+20,0.8260540118197511,0.010414275442247321
oc,300.0,0.8206258020771636,3.950278588993605e-09,0.00035911623536305504,551913697189.7546,1.0772612770692206e+20,1.5357919101745596e+22,2.713190148803205e+20,0.8260366122645093,0.011145939413000686
oc,300.0,0.8206258020771636,4.2371360527360675e-09,0.0003851941866123698,568270984615.7275,1.0687867233732795e+20,1.5357919101745596e+22,2.7716254614635633e+20,0.8260172957119366,0.011920308007675745
oc,300.0,0.8206258020771636,4.5424777888789516e-09,0.00041295252626172285,586083036894.032,1.0598323030258776e+20,1.5357919101745596e+22,2.8345512535247054e+20,0.8259958978860519,0.012739578852506345
oc,300.0,0.8206258020771636,4.8674937425619564e-09,0.0004424994311419961,605504660127.2345,1.050376039039983e+20,1.5357919101745596e+22,2.9023534918573933e+20,0.825972247348626,0.01360602516650895
oc,300.0,0.8206258020771636,5.213450312782919e-09,0.0004739500284348108,626710439554.2675,1.04039571577214e+20,1.5357919101745596e+22,2.9754557388684945e+20,0.825946166378437,0.014521993368654692
oc,300.0,0.8206258020771636,5.581695244568585e-09,0.0005074268404153259,649897685877.9008,1.0298690089125043e+20,1.5357919101745596e+22,3.0543231935692754e+20,0.8259174721004459,0.015489899850722577
oc,300.0,0.8206258020771636,5.973662831521231e-09,0.000543060257411021,675289875200.1995,1.018773639004471e+20,1.5357919101745596e+22,3.139467180168543e+20,0.8258859778866612,0.016512226822549523
oc,300.0,0.8206258020771636,6.390879448088693e-09,0.0005809890407353357,703140672978.6715,1.0070875508149892e+20,1.5357919101745596e+22,3.2314501288805754e+20,0.8258514950472117,0.01759151713344236
oc,300.0,0.8206258020771636,6.83496943204237e-09,0.0006213608574583973,733738650133.4071,9.947891208490556e+19,1.5357919101745596e+22,3.330891096041985e+20,0.8258138348254842,0.01873036797178694
oc,300.0,0.8206258020771636,7.30766133887939e-09,0.0006643328489890354,767412820798.3691,9.81857395183325e+19,1.5357919101745596e+22,3.438471872437146e+20,0.8257728107049557,0.019931423344928756
oc,300.0,0.8206258020771636,7.810794591152303e-09,0.0007100722355593003,804539156986.1855,9.682723595711254e+19,1.5357919101745596e+22,3.554943729664248e+20,0.8257282410274358,0.021197365243507613
oc,300.0,0.8206258020771636,8.346326547068184e-09,0.0007587569588243803,845548266557.9883,9.540152434246282e+19,1.5357919101745596e+22,3.6811348540849376e+20,0.8256799519128054,0.02253090339904366
oc,300.0,0.8206258020771636,8.916340014136991e-09,0.0008105763649215447,890934458490.7072,9.390688587912431e+19,1.5357919101745596e+22,3.8179585159947583e+20,0.8256277804589806,0.02393476355129512
oc,300.0,0.8206258020771636,9.523051235139635e-09,0.0008657319304672395,941266464877.352,9.234179747237136e+19,1.5357919101745596e+22,3.966422017339636e+20,0.8255715781879215,0.02541167415312027
oc,300.0,0.8206258020771636,1.0168818375244415e-08,0.0009244380341131286,997200144031.1534,9.070497265918242e+19,1.5357919101745596e+22,4.127636454377417e+20,0.8255112146892669,0.026964351455828012
oc,300.0,0.8206258020771636,1.0856150540770048e-08,0.0009869227764336408,1059493555482.552,8.899540587253806e+19,1.5357919101745596e+22,4.302827320834342e+20,0.8254465813980154,0.028595482937888078
oc,300.0,0.8206258020771636,1.1587717361786653e-08,0.001053428851071514,1129024877943.1619,8.721241974130659e+19,1.5357919101745596e+22,4.493345961842155e+20,0.8253775954271612,0.03030770906462548
oc,300.0,0.8206258020771636,1.2366359172584106e-08,0.0011242144702349188,1206813738336.4104,8.535571496357973e+19,1.5357919101745596e+22,4.700681868042669e+20,0.8253042033610213,0.032103603396799955
oc,300.0,0.8206258020771636,1.3195097825883073e-08,0.001199554347807552,1294046637177.6018,8.342542210117937e+19,1.5357919101745596e+22,4.926475771659039e+20,0.8252263849010465,0.033985651101673724
oc,300.0,0.8206258020771636,1.4077148178667454e-08,0.001279740743515223,1392107297019.807,8.142215442928339e+19,1.5357919101745596e+22,5.17253347093245e+20,0.8251441562441848,0.03595622596171149
oc,300.0,0.8206258020771636,1.501593028953513e-08,0.0013650845717759208,1502612931199.1692,7.934706073971307e+19,1.5357919101745596e+22,5.440840264768286e+20,0.8250575730654474,0.03801756602291446
oc,300.0,0.8206258020771636,1.6015082369593702e-08,0.001455916579053973,1627457635445.051,7.720187675171796e+19,1.5357919101745596e+22,5.7335758249829695e+20,0.8249667329723298,0.040171748076721796
oc,300.0,0.8206258020771636,1.7078474531153074e-08,0.0015525885937411887,1768864351795.3687,7.49889735341359e+19,1.5357919101745596e+22,6.05312926799493e+20,0.8248717773002197,0.04242066122553901
oc,300.0,0.8206258020771636,1.8210223380721703e-08,0.001655474852792882,1929447150533.8901,7.271140110588626e+19,1.5357919101745596e+22,6.402114110909714e+20,0.8247728921257758,0.04476597984089663
oc,300.0,0.8206258020771636,1.9414707505186866e-08,0.0017649734095624425,2112285930694.9138,7.037292517406865e+19,1.5357919101745596e+22,6.78338270882802e+20,0.8246703083901433,0.04720913628351592
oc,300.0,0.8206258020771636,2.069658390247253e-08,0.0018815076274975029,2321016063600.441,6.797805480872051e+19,1.5357919101745596e+22,7.200039671573082e+20,0.8245643010460113,0.049751293813841885
oc,300.0,0.8206258020771636,2.2060805410459572e-08,0.002005527764587234,2559936008995.275,6.55320587692547e+19,1.5357919101745596e+22,7.655453651431027e+20,0.8244551871717319,0.05239332017738376
oc,300.0,0.8206258020771636,2.351263919048374e-08,0.00213751265368034,2834136533350.493,6.304096820599371e+19,1.5357919101745596e+22,8.153266781696523e+20,0.8243433230312206,0.05513576239839766
oc,300.0,0.8206258020771636,2.5057686324324814e-08,0.0022779714840295284,3149655870282.2817,6.0511563590871785e+19,1.5357919101745596e+22,8.69740093439372e+20,0.8242291000987667,0.05797882335480854
oc,300.0,0.8206258020771636,2.670190258619126e-08,0.002427445689653751,3513666001017.5225,5.795134400072551e+19,1.5357919101745596e+22,9.29205986107561e+20,0.8241129401112971,0.060922340733191
oc,300.0,0.8206258020771636,2.84516204538629e-08,0.002586510950351173,3934696217478.8804,5.536847729866737e+19,1.5357919101745596e+22,9.941726191880727e+20,0.8239952892545963,0.0639657689718341
oc,300.0,0.8206258020771636,3.031357242576549e-08,0.0027557793114332263,4422901282623.343,5.277173033749904e+19,1.5357919101745596e+22,1.0651152205359318e+21,0.8238766116317523,0.06710816478905907
oc,300.0,0.8206258020771636,3.2294915713363566e-08,0.0029359014284875973,4990382844563.98,5.017037903735813e+19,1.5357919101745596e+22,1.1425343257095057e+21,0.8237573821987731,0.07034817686057372
oc,300.0,0.8206258020771636,3.44032583808237e-08,0.0031275689437112453,5651574316585.363,4.757409904343382e+19,1.5357919101745596e+22,1.2269532781185705e+21,0.823638079381139,0.0736840401519578
oc,300.0,0.8206258020771636,3.664668700637741e-08,0.0033315170005797645,6423701229458.079,4.499283861153884e+19,1.5357919101745596e+22,1.3189147867680706e+21,0.823519177603681,0.07711357532976938
oc,300.0,0.8206258020771636,3.9033795942180146e-08,0.003548526903834559,7327331121357.436,4.243667634591325e+19,1.5357919101745596e+22,1.41897645817213e+21,0.8234011399729122,0.08063419356807809
oc,300.0,0.8206258020771636,4.157371825168804e-08,0.00377942893197164,8387029380526.614,3.9915667362448966e+19,1.5357919101745596e+22,1.5277052434912835e+21,0.8232844113449648,0.08424290693883413
oc,300.0,0.8206258020771636,4.4276158405582135e-08,0.004025105309598376,9632140122879.236,3.743968229395146e+19,1.5357919101745596e+22,1.6456707748188494e+21,0.8231694119937917,0.08793634442828736
oc,300.0,0.8206258020771636,4.715142681904483e-08,0.0042864933471858935,11097714196732.098,3.501824422409748e+19,1.5357919101745596e+22,1.7734376056375183e+21,0.8230565320644703,0.09171077346321992
oc,300.0,0.8206258020771636,5.021047631461167e-08,0.0045645887558737885,12825609784271.986,3.2660369062337544e+19,1.5357919101745596e+22,1.911556418620308e+21,0.8229461269573988,0.09556212666672
oc,300.0,0.8206258020771636,5.3464940595922046e-08,0.004860449145083823,14865794836820.135,3.037441500187151e+19,1.5357919101745596e+22,2.0605543172886784e+21,0.8228385137437435,0.09948603340141512
oc,300.0,0.8206258020771636,5.692717481823145e-08,0.005175197710748314,17277884758198.977,2.816794650780832e+19,1.5357919101745596e+22,2.2209243739462458e+21,0.8227339686639229,0.10347785550633593
oc,300.0,0.8206258020771636,6.061029834160731e-08,0.0055100271219643004,20132953353615.137,2.604761775564249e+19,1.5357919101745596e+22,2.3931146612255086e+21,0.8226327257125695,0.10753272649999031
oc,300.0,0.8206258020771636,6.452823975206651e-08,0.005866203613824228,23515660101183.348,2.4019079611556545e+19,1.5357919101745596e+22,2.5775170448904883e+21,0.8225349762684365,0.11164559341367392
oc,300.0,0.8206258020771636,6.869578423447609e-08,0.006245071294043281,27526742283437.39,2.2086913164650627e+19,1.5357919101745596e+22,2.7744560569372057e+21,0.8224408696887467,0.11581126034130369
oc,300.0,0.8206258020771636,7.312862337869174e-08,0.006648056670790159,32285926431229.86,2.025459156784624e+19,1.5357919101745596e+22,2.9841781969332606e+21,0.8223505147564625,0.12002443274898354
oc,300.0,0.8206258020771636,7.784340749694441e-08,0.007076673408813128,37935319863780.195,1.852447060892945e+19,1.5357919101745596e+22,3.2068420226019093e+21,0.8222639818469885,0.12427976158074375
oc,300.0,0.8206258020771636,8.285780052584041e-08,0.007532527320530946,44643349820244.55,1.689780711487708e+19,1.5357919101745596e+22,3.4425093857167755e+21,0.822181305668214,0.12857188622599622
oc,300.0,0.8206258020771636,8.81905375801531e-08,0.008017321598195737,52609324709811.63,1.5374803084688366e+19,1.5357919101745596e+22,3.6911381454979324e+21,0.8221024884240913,0.1328954754763332
oc,300.0,0.8206258020771636,9.38614852178688e-08,0.008532862292533527,62068699266699.71,1.3954672427854651e+19,1.5357919101745596e+22,3.9525766494457094e+21,0.8220275032560791,0.1372452656899769
oc,300.0,0.8206258020771636,9.989170446622597e-08,0.00908106404238418,73299132747066.28,1.2635726415548688e+19,1.5357919101745596e+22,4.226560212879939e+21,0.8219562978273168,0.14161609549517828
oc,300.0,0.8206258020771636,1.0630351664667048e-07,0.009663956058788226,86627436552631.9,1.1415473462185103e+19,1.5357919101745596e+22,4.512709756606843e+21,0.8218887979296142,0.14600293649235654
oc,300.0,0.8206258020771636,1.131205720223829e-07,0.010283688365671173,102437514539916.23,1.0290728653911026e+19,1.5357919101745596e+22,4.810532681805053e+21,0.8218249110115798,0.150400919551388
oc,300.0,0.8206258020771636,1.2036792127497026e-07,0.010942538297724569,121179405403730.44,9.257728507958563e+18,1.5357919101745596e+22,5.119425976747989e+21,0.8217645295458351,0.15480535643805773
oc,300.0,0.8206258020771636,1.2807208979674554e-07,0.011642917254249596,143379541410350.56,8.31224674833962e+18,1.5357919101745596e+22,5.438681467353905e+21,0.8217075341729182,0.15921175663590334
oc,300.0,0.8206258020771636,1.3626115476134353e-07,0.012387377705576685,169652340738286.5,7.449707365810299e+18,1.5357919101745596e+22,5.767493046715565e+21,0.8216537965780781,0.1636158393511046
oc,300.0,0.8206258020771636,1.4496482490780489e-07,0.01317862044616408,200713250895925.56,6.665291838850258e+18,1.5357919101745596e+22,6.104965652867713e+21,0.8216031820739024,0.16801354079462463
oc,300.0,0.8206258020771636,1.542145229413025e-07,0.014019502085572955,237393357007306.44,5.954038067748405e+18,1.5357919101745596e+22,6.450125711265116e+21,0.8215555518761452,0.17240101692480095
oc,300.0,0.8206258020771636,1.6404347041678602e-07,0.014913042765162365,280655659759821.2,5.310929265208353e+18,1.5357919101745596e+22,6.801932721976893e+21,0.821510765071961,0.17677464190365488
oc,300.0,0.8206258020771636,1.744867749296319e-07,0.01586243408451199,331613111689584.9,4.730971707870455e+18,1.5357919101745596e+22,7.159291650946702e+21,0.8214686802890239,0.18113100257133566
oc,300.0,0.8206258020771636,1.855815193891665e-07,0.016871047217196955,391548475001306.7,4.2092608520203566e+18,1.5357919101745596e+22,7.521065781015356e+21,0.8214291570808244,0.18546688927627575
oc,300.0,0.8206258020771636,1.9736685309624657e-07,0.01794244119056787,461936026525336.4,3.741035829286399e+18,1.5357919101745596e+22,7.886089688859217e+21,0.8213920570480585,0.18977928341573502
oc,300.0,0.8206258020771636,2.0988408428425337e-07,0.019080371298568488,544465082383672.56,3.321722753763096e+18,1.5357919101745596e+22,8.253182037998723e+21,0.8213572447187493,0.19406534204493014
oc,300.0,0.8206258020771636,2.2317677371326033e-07,0.020288797610296394,641065242518260.5,2.946967586938464e+18,1.5357919101745596e+22,8.621157911947751e+21,0.8213245882109014,0.1983223799057919
oc,300.0,0.8206258020771636,2.372908288291805e-07,0.0215718935299255,753933158833545.1,2.6126595258827023e+18,1.5357919101745596e+22,8.988840453002106e+21,0.8212939597014287,0.20254784921173508
oc,300.0,0.8206258020771636,2.522745979127007e-07,0.022934054355700062,885560505115807.4,2.3149460128405504e+18,1.5357919101745596e+22,9.3550716185461e+21,0.8212652357240959,0.206739317505866
oc,300.0,0.8206258020771636,2.6817896354620375e-07,0.024379905776927613,1038762666400221.4,2.0502405230634514e+18,1.5357919101745596e+22,9.71872191487943e+21,0.8212382973175829,0.21089444388999865
oc,300.0,0.8206258020771636,2.850574346200175e-07,0.025914312238183412,1216707464081059.0,1.8152242866808932e+18,1.5357919101745596e+22,1.0078699016527085e+22,0.8212130300427435,0.21501095390377492
oc,300.0,0.8206258020771636,3.029662359817677e-07,0.02754238508925161,1422929133549845.5,1.60684299733241e+18,1.5357919101745596e+22,1.0433853291427172e+22,0.8211890707871204,0.21908661332004808
oc,300.0,0.8206258020771636,3.2196439470382796e-07,0.029269490427620726,1661359342921362.8,1.422299684607522e+18,1.5357919101745596e+22,1.078307688832753e+22,0.8211660711511354,0.22311920112494127
oc,300.0,0.8206258020771636,3.4211382180356256e-07,0.0311012565275966,1936368263377751.0,1.2590446394495544e+18,1.5357919101745596e+22,1.1125437400255247e+22,0.8211439933424854,0.22710648194741528
oc,300.0,0.8206258020771636,3.6347938809909277e-07,0.033043580736281164,2252768051713767.5,1.1147630081932605e+18,1.5357919101745596e+22,1.14600638508896e+22,0.8211227963238058,0.23104617820941672
oc,300.0,0.8206258020771636,3.8612899271962657e-07,0.035102635701784235,2615820717715318.5,9.873609759240009e+17,1.5357919101745596e+22,1.1786149445674228e+22,0.8211024356497971,0.2349359423196023
oc,300.0,0.8206258020771636,4.1013362261439735e-07,0.03728487478312703,3031234876227596.0,8.749510635308977e+17,1.5357919101745596e+22,1.2102953440616353e+22,0.8210828632221124,0.23877332927532297
oc,300.0,0.8206258020771636,4.3556740121832605e-07,0.03959703647439328,3505147924642014.5,7.758370228763766e+17,1.5357919101745596e+22,1.2409802252503057e+22,0.8210640269602328,0.2425557701042853
oc,300.0,0.8206258020771636,4.625076242368779e-07,0.04204614765789799,4044089695186883.0,6.884987176776298e+17,1.5357919101745596e+22,1.2706089940763175e+22,0.8210458703885869,0.2462805466625157
oc,300.0,0.8206258020771636,4.910347803083952e-07,0.04463952548258138,4654923213597948.0,6.115772915398798e+17,1.5357919101745596e+22,1.2991278190910165e+22,0.8210283321431109,0.2499447684084785
oc,300.0,0.8206258020771636,5.212325540916164e-07,0.0473847776446924,5344757925215764.0,5.4386084973753754e+17,1.5357919101745596e+22,1.326489592504498e+22,0.8210113454045125,0.25354535189267646
oc,300.0,0.8206258020771636,5.531878091115703e-07,0.05028980082832457,6120830721741794.0,4.842708176674783e+17,1.5357919101745596e+22,1.3526538655108572e+22,0.8209948372708934,0.25707900383408017
oc,300.0,0.8206258020771636,5.869905474819483e-07,0.05336277704381348,6990350434477466.0,4.318490858321131e+17,1.5357919101745596e+22,1.3775867680298373e+22,0.8209787280892463,0.26054220879317685
oc,300.0,0.8206258020771636,6.227338434105047e-07,0.056612167582773154,7960302288068207.0,3.857460078870083e+17,1.5357919101745596e+22,1.401260921195012e+22,0.8209629307737447,0.26393122258715557
oc,300.0,0.8206258020771636,6.605137471910994e-07,0.06004670429009995,9037210275078932.0,3.452092836557326e+17,1.5357919101745596e+22,1.423655348734639e+22,0.8209473501485817,0.2672420727130832
oc,300.0,0.8206258020771636,7.004291561976294e-07,0.06367537783614813,1.0226857648064248e+16,3.095737319692353e+17,1.5357919101745596e+22,1.444755390891814e+22,0.8209318823640879,0.2704705671333014
oc,300.0,0.8206258020771636,7.425816492286187e-07,0.06750742265714715,1.153396882698732e+16,2.782519376408448e+17,1.5357919101745596e+22,1.4645526219212538e+22,0.8209164144463778,0.27361231281327236
oc,300.0,0.8206258020771636,7.870752804148289e-07,0.07155229821952991,1.2961860005400828e+16,2.5072574177633635e+17,1.5357919101745596e+22,1.4830447693629892e+22,0.8209008240518895,0.2766627453619421
oc,300.0,0.8206258020771636,8.34016328805534e-07,0.07581966625504855,1.4512070512767942e+16,2.2653853401655325e+17,1.5357919101745596e+22,1.5002356306491071e+22,0.8208849795075495,0.27961717098262506
oc,300.0,0.8206258020771636,8.835129997028664e-07,0.08031936360935149,1.618399229369661e+16,2.052882983472777e+17,1.5357919101745596e+22,1.5161349801523724e+22,0.8208687402232274,0.2824708216730106
oc,300.0,0.8206258020771636,9.356750738297962e-07,0.0850613703481633,1.7974520241848494e+16,1.8662136005977968e+17,1.5357919101745596e+22,1.5307584577697015e+22,0.8208519575635909,0.2852189241944323
oc,300.0,0.8206258020771636,9.906135005090058e-07,0.09005577277354598,1.9877750913386428e+16,1.7022677967475894e+17,1.5357919101745596e+22,1.5441274289047898e+22,0.8208344762593434,0.28785678274953924
oc,300.0,0.8206258020771636,1.0484399312111567e-06,0.09531272101919608,2.188476049275856e+16,1.5583133962482637e+17,1.5357919101745596e+22,1.5562688052161048e+22,0.8208161364211819,0.2903798745638723
oc,300.0,0.8206258020771636,1.1092661901166052e-06,0.10084238091969139,2.3983493849057764e+16,1.431950707910477e+17,1.5357919101745596e+22,1.567214816224533e+22,0.8207967761923073,0.29278395667926
oc,300.0,0.8206258020771636,1.1732036787395748e-06,0.10665487988541589,2.6158794197025028e+16,1.3210726825556582e+17,1.5357919101745596e+22,1.577002723566961e+22,0.8207762350367015,0.2950651812772211
oc,300.0,0.8206258020771636,1.2403627122032033e-06,0.11276024656392758,2.8392596602412184e+16,1.2238294857833866e+17,1.5357919101745596e+22,1.5856744725757804e+22,0.8207543576119031,0.2972202158259406
oc,300.0,0.8206258020771636,1.3108517854420548e-06,0.1191683441310959,3.0664298140352236e+16,1.138597043021151e+17,1.5357919101745596e+22,1.5932762795074357e+22,0.8207309981197771,0.29924636337614036
oc,300.0,0.8206258020771636,1.384776768458562e-06,0.12588879713259654,3.2951303384646384e+16,1.0639491505038624e+17,1.5357919101745596e+22,1.5998581571110606e+22,0.8207060249718057,0.30114167752865206
oc,300.0,0.8206258020771636,1.462240030782253e-06,0.13293091188929573,3.5229727283135188e+16,9.9863278355069e+16,1.5357919101745596e+22,1.6054733855270384e+22,0.8206793255533038,0.3029050660760121
oc,300.0,0.8206258020771636,1.5433394964828389e-06,0.140303590589349,3.74752202925768e+16,9.415462710456286e+16,1.5357919101745596e+22,1.6101779395784133e+22,0.8206508108311169,0.30453637718962284
oc,300.0,0.8206258020771636,1.6281676324736676e-06,0.14801523931578797,3.966386530878953e+16,8.917200412532811e+16,1.5357919101745596e+22,1.614029886521413e+22,0.8206204195288166,0.3060364623639954
oc,300.0,0.8206258020771636,1.7168103744082338e-06,0.15607367040074854,4.177308493104539e+16,8.482996780119464e+16,1.5357919101745596e+22,1.617088770306983e+22,0.8205881215975623,0.30740721117722813
oc,300.0,0.8206258020771636,1.8093459962104148e-06,0.16448599965549227,4.3782492999062824e+16,8.105310570360123e+16,1.5357919101745596e+22,1.6194149986707974e+22,0.8205539207420016,0.3086515542619571
oc,300.0,0.8206258020771636,1.9058439311719748e-06,0.17325853919745227,4.56746273094009e+16,7.777473587778602e+16,1.5357919101745596e+22,1.6210692484558955e+22,0.8205178558173958,0.3097734326210048
oc,300.0,0.8206258020771636,2.0063635545726346e-06,0.1823966867793304,4.743551088072907e+16,7.493577764728842e+16,1.5357919101745596e+22,1.6221119022386542e+22,0.8204800009911796,0.3107777334270211
oc,300.0,0.8206258020771636,2.110952939892684e-06,0.19190481271751675,4.905500575735201e+16,7.248377553064502e+16,1.5357919101745596e+22,1.6226025264784993e+22,0.8204404646506542,0.3116701945337276
oc,300.0,0.8206258020771636,2.2196476028493208e-06,0.20178614571357462,5.0526943707147864e+16,7.0372061114801656e+16,1.5357919101745596e+22,1.6225993980585634e+22,0.8203993871279174,0.31245728189762845
oc,300.0,0.8206258020771636,2.3324692496379275e-06,0.2120426590579934,5.184903933069878e+16,6.855903854216019e+16,1.5357919101745596e+22,1.6221590831298557e+22,0.8203569373928173,0.3131460457717507
oc,300.0,0.8206258020771636,2.449424547830708e-06,0.22267495889370076,5.3022610109960904e+16,6.7007579728264376e+16,1.5357919101745596e+22,1.6213360696909334e+22,0.8203133089259045,0.313743962730786
oc,300.0,0.8206258020771636,2.5705039402994796e-06,0.2336821763908618,5.405214243877351e+16,6.5684515658798296e+16,1.5357919101745596e+22,1.62018245364363e+22,0.8202687150204462,0.31425877121887985
oc,300.0,0.8206258020771636,2.6956805242013664e-06,0.24506186583648787,5.494475130564813e+16,6.456021026365893e+16,1.5357919101745596e+22,1.6187476771434364e+22,0.8202233837739042,0.31469830834239626
oc,300.0,0.8206258020771636,2.8249090184044093e-06,0.2568099107640372,5.5709583740028136e+16,6.360820358989945e+16,1.5357919101745596e+22,1.6170783177548394e+22,0.8201775530168981,0.31507035509201275
oc,300.0,0.8206258020771636,2.9581248436407344e-06,0.26892044033097584,5.635721306042188e+16,6.280491143149425e+16,1.5357919101745596e+22,1.6152179269505647e+22,0.8201314653965525,0.315382496160542
oc,300.0,0.8206258020771636,3.095243340066364e-06,0.2813857581878513,5.689906373202108e+16,6.212936932470745e+16,1.5357919101745596e+22,1.6132069166165604e+22,0.8200853637878589,0.3156419991552812
oc,300.0,0.8206258020771636,3.2361591466932353e-06,0.2941962860630214,5.734689692463873e+16,6.156300992926795e+16,1.5357919101745596e+22,1.6110824921928961e+22,0.8200394871581819,0.3158557164384511
oc,300.0,0.8206258020771636,3.3807457662670037e-06,0.30734052420609126,5.7712376310384056e+16,6.108946427158431e+16,1.5357919101745596e+22,1.6088786308954891e+22,0.8199940669624506,0.31603001122029545
oc,300.0,0.8206258020771636,3.528855337537518e-06,0.3208050306852289,5.800672361504744e+16,6.069437904748493e+16,1.5357919101745596e+22,1.6066261027740216e+22,0.8199493241044912,0.31617070801546526
oc,300.0,0.8206258020771636,3.680318634473621e-06,0.33457442131578374,5.824046491006809e+16,6.036524404773841e+16,1.5357919101745596e+22,1.6043525317467457e+22,0.819905466466199,0.3162830662653483
oc,300.0,0.8206258020771636,3.834945308804896e-06,0.34863139170953605,5.8423262108264936e+16,6.009122562805134e+16,1.5357919101745596e+22,1.6020824928638535e+22,0.8198626869819547,0.3163717749028901
oc,300.0,0.8206258020771636,3.992524388356007e-06,0.3629567625778189,5.856381974768923e+16,5.986300385264559e+16,1.5357919101745596e+22,1.5998376413548505e+22,0.819821162220653,0.31644096493072216
oc,300.0,0.8206258020771636,4.152825039035608e-06,0.37752954900323704,5.866985476233576e+16,5.9672612370485256e+16,1.5357919101745596e+22,1.597636868575023e+22,0.8197810514309594,0.31649423670158505
oc,300.0,0.8206258020771636,4.315597593148279e-06,0.39232705392257083,5.874811621486888e+16,5.951328115604797e+16,1.5357919101745596e+22,1.5954964798782828e+22,0.8197424960055919,0.31653469850645616
oc,300.0,0.8206258020771636,4.480574841046197e-06,0.40732498554965424,5.8804442500324e+16,5.937928292837952e+16,1.5357919101745596e+22,1.5934303898010728e+22,0.8197056193261838,0.31656501324332303
oc,300.0,0.8206258020771636,4.6474735771908545e-06,0.4224975979264413,5.884384490969517e+16,5.926578436692315e+16,1.5357919101745596e+22,1.591450330696855e+22,0.8196705269597138,0.31658745029818935
oc,300.0,0.8206258020771636,4.8159963856436705e-06,0.4378178532403337,5.887060830076846e+16,5.916870321690834e+16,1.5357919101745596e+22,1.5895660718186077e+22,0.8196373071852586,0.31660394025494587
oc,300.0,0.8206258020771636,4.985833644055812e-06,0.45325760400507387,5.8888401657526984e+16,5.908457206871183e+16,1.5357919101745596e+22,1.5877856456751295e+22,0.8196060318169782,0.3166161305996499
oc,300.0,0.8206258020771636,5.156665719599517e-06,0.4687877926908652,5.890039328995121e+16,5.901040899822147e+16,1.5357919101745596e+22,1.5861155740244072e+22,0.819576757200409,0.31662544114255997
oc,300.0,0.8206258020771636,5.3281653251908174e-06,0.48437866592643797,5.890936715779271e+16,5.894359430084255e+16,1.5357919101745596e+22,1.584561071990815e+22,0.8195495250063228,0.31663311840470265
oc,300.0,0.8206258020771636,5.5e-06,0.5,5.891783826419715e+16,5.888175155042086e+16,1.5357919101745596e+22,1.5831261930543565e+22,0.8195243621604158,0.3166402886763027
oc,300.0,0.8206258020771636,5.671834674809185e-06,0.5156213340735623,5.892816651422541e+16,5.882263169105991e+16,1.5357919101745596e+22,1.5818139070828634e+22,0.8195012797441156,0.3166480098349551
oc,300.0,0.8206258020771636,5.8433342804004825e-06,0.5312122073091348,5.89426699057303e+16,5.876400127662993e+16,1.5357919101745596e+22,1.5806261898955528e+22,0.8194802721936912,0.3166573222859744
oc,300.0,0.8206258020771636,6.01416635594419e-06,0.5467423959949264,5.8963738506212024e+16,5.870353607649389e+16,1.5357919101745596e+22,1.57956420632911e+22,0.819461318194557,0.3166692995140006
oc,300.0,0.8206258020771636,6.184003614356336e-06,0.5621821467596669,5.899395023420521e+16,5.8638718299368424e+16,1.5357919101745596e+22,1.5786285637743466e+22,0.8194443828570502,0.3166850987088828
oc,300.0,0.8206258020771636,6.352526422809144e-06,0.5775024020735586,5.903618917603181e+16,5.856673494976806e+16,1.5357919101745596e+22,1.577819571944411e+22,0.819429420050017,0.31670601179251634
oc,300.0,0.8206258020771636,6.5194251589538055e-06,0.592675014450346,5.909376718102793e+16,5.848437667782227e+16,1.5357919101745596e+22,1.577137479189687e+22,0.8194163743779274,0.3167335169487164
oc,300.0,0.8206258020771636,6.684402406851721e-06,0.6076729460774292,5.917054931635376e+16,5.838793838553789e+16,1.5357919101745596e+22,1.5765826838679733e+22,0.8194051827963509,0.3167693304424801
oc,300.0,0.8206258020771636,6.847174960964395e-06,0.6224704509967632,5.927108336836212e+16,5.827312431859139e+16,1.5357919101745596e+22,1.5761559252128628e+22,0.8193957759908432,0.3168154581138566
oc,300.0,0.8206258020771636,7.0074756116439974e-06,0.6370432374221816,5.940073310088089e+16,5.813496177473217e+16,1.5357919101745596e+22,1.5758584551380227e+22,0.819388079624018,0.3168742454672494
oc,300.0,0.8206258020771636,7.165054691195103e-06,0.651368608290464,5.956581455369677e+16,5.796772904947436e+16,1.5357919101745596e+22,1.5756921880661314e+22,0.8193820155147744,0.3169484247836063
oc,300.0,0.8206258020771636,7.3196813655263815e-06,0.6654255786842165,5.977373439007379e+16,5.776490474704237e+16,1.5357919101745596e+22,1.5756598220804049e+22,0.8193775027832929,0.31704115720410675
oc,300.0,0.8206258020771636,7.471144662462482e-06,0.6791949693147711,6.003312926838438e+16,5.751914693813533e+16,1.5357919101745596e+22,1.5757649216758247e+22,0.8193744589761512,0.3171560673203563
oc,300.0,0.8206258020771636,7.619254233732998e-06,0.692659475793909,6.0354005490611816e+16,5.722231161912601e+16,1.5357919101745596e+22,1.576011950128863e+22,0.8193728011738782,0.31729726751265247
oc,300.0,0.8206258020771636,7.763840853306769e-06,0.705803713936979,6.0747878813849896e+16,5.686552025530586e+16,1.5357919101745596e+22,1.5764062381378971e+22,0.8193724470756493,0.31746936915910645
oc,300.0,0.8206258020771636,7.904756659933636e-06,0.7186142418121487,6.122791530410232e+16,5.643928559194183e+16,1.5357919101745596e+22,1.5769538750847591e+22,0.8193733160510779,0.31767747794230244
oc,300.0,0.8206258020771636,8.041875156359268e-06,0.7310795596690244,6.180907542476325e+16,5.5933703125571336e+16,1.5357919101745596e+22,1.5776615102703685e+22,0.8193753301464277,0.3179271708413624
oc,300.0,0.8206258020771636,8.175090981595591e-06,0.7431900892359629,6.2508265105102104e+16,5.533871244189047e+16,1.5357919101745596e+22,1.5785360540680357e+22,0.8193784150317129,0.3182244530301591
oc,300.0,0.8206258020771636,8.304319475798637e-06,0.7549381341635124,6.334449920297688e+16,5.464442797171791e+16,1.5357919101745596e+22,1.5795842731704404e+22,0.8193825008758151,0.3185756937956286
oc,300.0,0.8206258020771636,8.429496059700524e-06,0.7663178236091386,6.433908442489285e+16,5.384153270349819e+16,1.5357919101745596e+22,1.5808122799134196e+22,0.8193875231386638,0.31898754170318133
oc,300.0,0.8206258020771636,8.550575452169292e-06,0.7773250411062993,6.551583026361187e+16,5.292172138061788e+16,1.5357919101745596e+22,1.5822249229559756e+22,0.8193934232723746,0.31946682049939906
oc,300.0,0.8206258020771636,8.667530750362075e-06,0.7879573409420069,6.690129774710049e+16,5.187817233007727e+16,1.5357919101745596e+22,1.5838250947436752e+22,0.8194001493265718,0.32002040856032454
oc,300.0,0.8206258020771636,8.78035239715068e-06,0.7982138542864254,6.852509669882895e+16,5.070602019670367e+16,1.5357919101745596e+22,1.585612979554765e+22,0.8194076564565118,0.32065510595347313
oc,300.0,0.8206258020771636,8.889047060107317e-06,0.8080951872824834,7.042024278550082e+16,4.9402796536993576e+16,1.5357919101745596e+22,1.5875852737203216e+22,0.8194159073356464,0.3213774942629829
oc,300.0,0.8206258020771636,8.99363644542737e-06,0.8176033132206699,7.262358591777098e+16,4.796880252368708e+16,1.5357919101745596e+22,1.5897344157614686e+22,0.8194248724765719,0.3221937951161931
oc,300.0,0.8206258020771636,9.094156068828025e-06,0.8267414608025477,7.517632167801642e+16,4.640737881145346e+16,1.5357919101745596e+22,1.5920478679664492e+22,0.8194345304657705,0.32310973375304924
oc,300.0,0.8206258020771636,9.190654003789586e-06,0.8355140003445078,7.812459749329374e+16,4.472504241531667e+16,1.5357919101745596e+22,1.594507491396293e+22,0.8194448681181145,0.3241304139372986
oc,300.0,0.8206258020771636,9.283189625591765e-06,0.8439263295992514,8.152022541072104e+16,4.293146919094668e+16,1.5357919101745596e+22,1.5970890534209836e+22,0.8194558805569623,0.3252602100039675
oc,300.0,0.8206258020771636,9.371832367526334e-06,0.8519847606842121,8.542151367690282e+16,4.103931247560162e+16,1.5357919101745596e+22,1.5997619002984792e+22,0.8194675712250685,0.3265026809025613
oc,300.0,0.8206258020771636,9.456660503517164e-06,0.8596964094106513,8.989422999892838e+16,3.906386234109337e+16,1.5357919101745596e+22,1.6024888178080504e+22,0.8194799518307813,0.3278605098073087
oc,300.0,0.8206258020771636,9.537759969217746e-06,0.8670690881107043,9.501271043924163e+16,3.702256400462069e+16,1.5357919101745596e+22,1.6052260912756068e+22,0.8194930422333838,0.3293354713397894
oc,300.0,0.8206258020771636,9.61522323154144e-06,0.8741112028674036,1.0086112940524214e+17,3.4934426392104e+16,1.5357919101745596e+22,1.6079237636015346e+22,0.8195068702711545,0.33092842682428186
oc,300.0,0.8206258020771636,9.689148214557948e-06,0.8808316558689044,1.0753494815509544e+17,3.2819361013070132e+16,1.5357919101745596e+22,1.610526077616704e+22,0.8195214715358435,0.3326393464170839
oc,300.0,0.8206258020771636,9.759637287796798e-06,0.8872397534360725,1.1514256161469611e+17,3.069749605936979e+16,1.5357919101745596e+22,1.612972078221306e+22,0.8195368890977408,0.3344673555509563
oc,300.0,0.8206258020771636,9.826796321260428e-06,0.8933451201145843,1.2380716606011493e+17,2.8588510554283396e+16,1.5357919101745596e+22,1.6151963415562657e+22,0.819553173186207,0.33641080202016366
oc,300.0,0.8206258020771636,9.890733809883394e-06,0.8991576190803086,1.3366887329901184e+17,2.651102876931169e+16,1.5357919101745596e+22,1.6171297933678212e+22,0.8195703808312381,0.3384673392676615
oc,300.0,0.8206258020771636,9.951560068788844e-06,0.904687278980804,1.4488710032012422e+17,2.448210694123491e+16,1.5357919101745596e+22,1.6187005771014923e+22,0.8195885754721636,0.340634021048588
oc,300.0,0.8206258020771636,1.0009386499490995e-05,0.9099442272264542,1.57643266905035e+17,2.251683391348246e+16,1.5357919101745596e+22,1.6198349338463414e+22,0.8196078265397531,0.3429074026177766
oc,300.0,0.8206258020771636,1.0064324926170204e-05,0.9149386296518368,1.721438373278832e+17,2.0628056183531216e+16,1.5357919101745596e+22,1.6204580605986007e+22,0.8196282090177713,0.34528364387500277
oc,300.0,0.8206258020771636,1.0116487000297136e-05,0.9196806363906487,1.8862374591351347e+17,1.8826227322821704e+16,1.5357919101745596e+22,1.6204949195927285e+22,0.8196498029893485,0.3477586104293569
oc,300.0,0.8206258020771636,1.0165983671194466e-05,0.9241803337449515,2.0735024979277898e+17,1.711937289507045e+16,1.5357919101745596e+22,1.6198709790080712e+22,0.8196726931725012,0.35032796923240683
oc,300.0,0.8206258020771636,1.0212924719585172e-05,0.9284477017804702,2.286272555249876e+17,1.5513155467453346e+16,1.5357919101745596e+22,1.618512873102862e+22,0.819696968447845,0.35298727619810827
oc,300.0,0.8206258020771636,1.0257418350771382e-05,0.932492577342853,2.528001692226913e+17,1.4011020302901954e+16,1.5357919101745596e+22,1.616348977394652e+22,0.8197227213801271,0.3557320540042559
oc,300.0,0.8206258020771636,1.029957084380237e-05,0.9363246221638519,2.8026132217784752e+17,1.261440070489072e+16,1.5357919101745596e+22,1.6133099011107744e+22,0.819750047733788,0.3585578589987481
oc,300.0,0.8206258020771636,1.03394862528089e-05,0.9399532957099002,3.114560254970958e+17,1.132296237528898e+16,1.5357919101745596e+22,1.6093289045030418e+22,0.8197790459814551,0.3614603367741034
oc,300.0,0.8206258020771636,1.0377266156589495e-05,0.9433878324172269,3.468893075871252e+17,1.0134868028036804e+16,1.5357919101745596e+22,1.6043422526927972e+22,0.8198098168031457,0.364435266502324
oc,300.0,0.8206258020771636,1.0413009452518051e-05,0.9466372229561866,3.8713338705654464e+17,9047046334016644.0,1.5357919101745596e+22,1.5982895202662426e+22,0.8198424625730492,0.367478594530828
oc,300.0,0.8206258020771636,1.044681219088843e-05,0.9497101991716755,4.328359302523e+17,8055452561564699.0,1.5357919101745596e+22,1.5911138622002484e+22,0.8198770868301002,0.370586458031764
oc,300.0,0.8206258020771636,1.0478767445908384e-05,0.9526152223553077,4.8472913659333075e+17,7155311621464778.0,1.5357919101745596e+22,1.5827622668045505e+22,0.819913793728114,0.37375519968271625
oc,300.0,0.8206258020771636,1.0508965219691605e-05,0.9553604745174187,5.436396854284944e+17,6341337335810224.0,1.5357919101745596e+22,1.5731858056231994e+22,0.8199526874610311,0.3769813744524913
oc,300.0,0.8206258020771636,1.0537492375763123e-05,0.9579538523421021,6.104995644916628e+17,5607924446125513.0,1.5357919101745596e+22,1.562339893677571e+22,0.8199938716587779,0.3802617495893519
oc,300.0,0.8206258020771636,1.0564432598781674e-05,0.9604029635256067,6.863577812414396e+17,4949312070867573.0,1.5357919101745596e+22,1.550184571341942e+22,0.8200374487493565,0.3835932988786935
oc,300.0,0.8206258020771636,1.0589866377385603e-05,0.9627151252168731,7.72392933441936e+17,4359719000404557.0,1.5357919101745596e+22,1.536684816643954e+22,0.8200835192830345,0.38697319216926923
oc,300.0,0.8206258020771636,1.0613871007280374e-05,0.9648973642982158,8.699265831666624e+17,3833452412712137.5,1.5357919101745596e+22,1.5218108939770062e+22,0.8201321812148765,0.3903987810759446
oc,300.0,0.8206258020771636,1.0636520611900908e-05,0.9669564192637189,9.804373378938598e+17,3364992368362193.0,1.5357919101745596e+22,1.5055387422894624e+22,0.8201835291423555,0.39386758166430175
oc,300.0,0.8206258020771636,1.0657886178196438e-05,0.9688987434724035,1.1055754924261524e+18,2949054874448706.5,1.5357919101745596e+22,1.4878504026449344e+22,0.8202376534954033,0.39737725481727737
oc,300.0,0.8206258020771636,1.0678035605296172e-05,0.9707305095723793,1.2471780250700818e+18,2580636472305116.5,1.5357919101745596e+22,1.4687344819861214e+22,0.8202946396770141,0.4009255848831114
oc,300.0,0.8206258020771636,1.0697033764018233e-05,0.9724576149107484,1.4072836701739098e+18,2255043273953534.0,1.5357919101745596e+22,1.4481866466724212e+22,0.8203545671534214,0.40451045711181427
oc,300.0,0.8206258020771636,1.0714942565379982e-05,0.9740856877618166,1.588147706463367e+18,1967907209957044.0,1.5357919101745596e+22,1.426210136241391e+22,0.820417508493942,0.40812983430702543
oc,300.0,0.8206258020771636,1.0731821036453796e-05,0.9756200942230724,1.7922560069812017e+18,1715192006623636.5,1.5357919101745596e+22,1.4028162847397133e+22,0.8204835283618467,0.41178173305314403
oc,300.0,0.8206258020771636,1.07477254020873e-05,0.9770659456442999,2.0223377930065733e+18,1493191122605889.2,1.5357919101745596e+22,1.3780250339927896e+22,0.82055268245908,0.41546419982443605
oc,300.0,0.8206258020771636,1.0762709171170821e-05,0.9784281064700746,2.2813764319321172e+18,1298573169439097.0,1.5357919101745596e+22,1.3519212241570876e+22,0.8206260913057779,0.4191752872433249
oc,300.0,0.8206258020771636,1.077682322628674e-05,0.9797112023897037,2.5726174629750323e+18,1128261420521824.8,1.5357919101745596e+22,1.3245640437493184e+22,0.8207042589880693,0.42291303072362174
oc,300.0,0.8206258020771636,1.0790115915715747e-05,0.9809196287014316,2.8995729983503104e+18,979456624361504.0,1.5357919101745596e+22,1.2960067537948719e+22,0.820787406569115,0.42667542573593625
oc,300.0,0.8206258020771636,1.0802633146903754e-05,0.9820575588094322,3.2660214763521623e+18,849637550227888.2,1.5357919101745596e+22,1.2663120639155876e+22,0.8208757540125775,0.430460405909726
oc,300.0,0.8206258020771636,1.0814418480610833e-05,0.9831289527828031,3.6760016775601526e+18,736541742177789.2,1.5357919101745596e+22,1.2355521356549895e+22,0.820969518246896,0.43426582219479914
oc,300.0,0.8206258020771636,1.0825513225070368e-05,0.9841375659154881,4.1337998598228874e+18,638145822145390.2,1.5357919101745596e+22,1.2038084475265703e+22,0.8210689109277113,0.4380894233175396
oc,300.0,0.8206258020771636,1.0835956529583215e-05,0.9850869572348377,4.64392884883451e+18,552645871326377.94,1.5357919101745596e+22,1.1711715044219492e+22,0.8211741358805824,0.4419288377817116
oc,300.0,0.8206258020771636,1.0845785477058698e-05,0.9859804979144271,5.211097960108878e+18,478438283564478.56,1.5357919101745596e+22,1.1377403771556066e+22,0.8212853862115169,0.4457815576804833
oc,300.0,0.8206258020771636,1.0855035175092196e-05,0.986821379553836,5.840172736874495e+18,414101373587946.94,1.5357919101745596e+22,1.1036220621598421e+22,0.8214028410801961,0.44964492460277505
oc,300.0,0.8206258020771636,1.0863738845238655e-05,0.9876126222944233,6.536123680797313e+18,358377933648114.75,1.5357919101745596e+22,1.0689306567638503e+22,0.8215266621403138,0.45351611793061436
oc,300.0,0.8206258020771636,1.0871927910203254e-05,0.9883570827457504,7.303963437923076e+18,310158861309178.9,1.5357919101745596e+22,1.033786351670372e+22,0.8216569896633477,0.45739214583221216
oc,300.0,0.8206258020771636,1.087963207872503e-05,0.9890574617022755,8.148672289036881e+18,268467925917642.78,1.5357919101745596e+22,9.983142494256847e+21,0.8217939383763642,0.46126983925523335
oc,300.0,0.8206258020771636,1.0886879427977617e-05,0.9897163116343288,9.075112278944771e+18,232447698998521.22,1.5357919101745596e+22,9.626430250628348e+21,0.8219375930610384,0.46514584921382146
oc,300.0,0.8206258020771636,1.0893696483353328e-05,0.9903360439412118,1.0087930896899127e+19,201346642139458.0,1.5357919101745596e+22,9.269034528510904e+21,0.8220880039796651,0.4690166476389387
oc,300.0,0.8206258020771636,1.0900108295533774e-05,0.9909189359576158,1.1191455867997616e+19,174507322796333.3,1.5357919101745596e+22,8.912268302291636e+21,0.8222451822139999,0.47287853202289
oc,300.0,0.8206258020771636,1.090613851478213e-05,0.9914671377074664,1.238958330609195e+19,151355712155567.38,1.5357919101745596e+22,8.557433365729662e+21,0.8224090950235561,0.47672763403428775
oc,300.0,0.8206258020771636,1.0911809462419846e-05,0.9919826784018042,1.3685662167012407e+19,131391508267068.53,1.5357919101745596e+22,8.205803694758728e+21,0.8225796613504008,0.48055993220895493
oc,300.0,0.8206258020771636,1.091714219947416e-05,0.9924674726794691,1.508237858014475e+19,114179420914882.52,1.5357919101745596e+22,7.858609047168521e+21,0.8227567476162633,0.48437126873611724
oc,300.0,0.8206258020771636,1.0922156592503055e-05,0.9929233265911869,1.6581644165482254e+19,99341351136492.52,1.5357919101745596e+22,7.517019272999523e+21,0.822940163973323,0.4881573702596179
oc,300.0,0.8206258020771636,1.0926871376621309e-05,0.9933519433292098,1.8184492806888583e+19,86549397143014.98,1.5357919101745596e+22,7.182129799298785e+21,0.8231296611807425,0.4919138725039027
oc,300.0,0.8206258020771636,1.0931304215765523e-05,0.9937549287059567,1.9890990495525798e+19,75519618997318.58,1.5357919101745596e+22,6.854948718365704e+21,0.8233249282831312,0.4956363484183319
oc,300.0,0.8206258020771636,1.0935471760247933e-05,0.9941337963861758,2.170016273690464e+19,66006496274174.89,1.5357919101745596e+22,6.536385850752993e+21,0.823525591263152,0.49932033941632936
oc,300.0,0.8206258020771636,1.0939389701658392e-05,0.9944899728780356,2.3609943608966394e+19,57798015666459.664,1.5357919101745596e+22,6.227244077270985e+21,0.8237312128271324,0.5029613891737749
oc,300.0,0.8206258020771636,1.0943072825181768e-05,0.9948248022892516,2.5617149863523963e+19,50711328813756.89,1.5357919101745596e+22,5.928213141486646e+21,0.8239412934591179,0.5065550793501353
oc,300.0,0.8206258020771636,1.0946535059404077e-05,0.9951395508549161,2.771748250554334e+19,44588924287152.29,1.5357919101745596e+22,5.639866022349884e+21,0.8241552738451913,0.5100970665122445
oc,300.0,0.8206258020771636,1.0949789523685387e-05,0.9954354112441262,2.990555711567612e+19,39295261495880.805,1.5357919101745596e+22,5.362657872075803e+21,0.8243725387268289,0.5135831194798453
oc,300.0,0.8206258020771636,1.0952848573180955e-05,0.9957135066528141,3.2174962875534127e+19,34713818164265.99,1.5357919101745596e+22,5.096927414056233e+21,0.8245924221911248,0.5170091562782896
oc,300.0,0.8206258020771636,1.0955723841594418e-05,0.9959748946904017,3.4518348904448307e+19,30744506870463.85,1.5357919101745596e+22,4.842900605640376e+21,0.8248142143492792,0.5203712798801113
oc,300.0,0.8206258020771636,1.0958426281748313e-05,0.9962205710680284,3.6927535217557864e+19,27301419879481.92,1.5357919101745596e+22,4.600696295913063e+21,0.8250371692959257,0.5236658119445333
oc,300.0,0.8206258020771636,1.0960966204057819e-05,0.9964514730961654,3.9393644468865655e+19,24310865098423.465,1.5357919101745596e+22,4.3703335534627353e+21,0.8252605141842166,0.5268893238215269
oc,300.0,0.8206258020771636,1.0963353312993623e-05,0.9966684829994202,4.190724972592194e+19,21709659404067.004,1.5357919101745596e+22,4.15174030437623e+21,0.8254834591988585,0.5300386641719824
oc,300.0,0.8206258020771636,1.0965596741619176e-05,0.9968724310562888,4.445853290458449e+19,19443648823656.234,1.5357919101745596e+22,3.9447629075750233e+21,0.8257052081650996,0.533110982663603
oc,300.0,0.8206258020771636,1.0967705084286636e-05,0.9970640985715125,4.703744819944029e+19,17466428079694.898,1.5357919101745596e+22,3.7491763005871573e+21,0.8259249694991174,0.5361037493274071
oc,300.0,0.8206258020771636,1.0969686427574233e-05,0.9972442206885668,4.96338848892495e+19,15738234833806.943,1.5357919101745596e+22,3.5646943720043766e+21,0.8261419671866409,0.5390147692957664
oc,300.0,0.8206258020771636,1.0971548379546137e-05,0.9974134890496489,5.223782424843093e+19,14224996583126.285,1.5357919101745596e+22,3.390980253017496e+21,0.8263554514732863,0.5418421927828192
oc,300.0,0.8206258020771636,1.0973298097413808e-05,0.9975725543103462,5.4839485911495205e+19,12897510577372.32,1.5357919101745596e+22,3.2276562658989965e+21,0.8265647089621095,0.5445845203050901
oc,300.0,0.8206258020771636,1.0974942313675674e-05,0.9977220285159705,5.7429459848434205e+19,11730739340348.906,1.5357919101745596e+22,3.074313317696521e+21,0.8267690718403439,0.5472406032683728
oc,300.0,0.8206258020771636,1.0976487360809517e-05,0.9978624873463197,5.999882104692433e+19,10703206402280.232,1.5357919101745596e+22,2.9305195794187173e+21,0.8269679259961905,0.5498096401610292
oc,300.0,0.8206258020771636,1.097793919458954e-05,0.9979944722354128,6.253922498128002e+19,9796478686549.332,1.5357919101745596e+22,2.795828341031549e+21,0.8271607178351221,0.5522911686905182
oc,300.0,0.8206258020771636,1.0979303416097527e-05,0.9981184923725025,6.5042982916417634e+19,8994723654861.35,1.5357919101745596e+22,2.669784978701832e+21,0.8273469596601287,0.5546850542762075
oc,300.0,0.8206258020771636,1.0980585292494814e-05,0.9982350265904376,6.750311698467775e+19,8284330807947.654,1.5357919101745596e+22,2.551933010853402e+21,0.8275262335382274,0.5569914753668265
oc,300.0,0.8206258020771636,1.0981789776619278e-05,0.9983445251472072,6.991339574240979e+19,7653588474937.534,1.5357919101745596e+22,2.441819252955538e+21,0.8276981936329549,0.5592109060850375
oc,300.0,0.8206258020771636,1.0982921525468846e-05,0.9984474114062588,7.226835154333886e+19,7092408014160.274,1.5357919101745596e+22,2.3389981075539996e+21,0.8278625670364451,0.5613440967160691
oc,300.0,0.8206258020771636,1.0983984917630406e-05,0.998544083420946,7.456328152582588e+19,6592088602372.115,1.5357919101745596e+22,2.2430350453010486e+21,0.8280191531825338,0.5633920525539732
oc,300.0,0.8206258020771636,1.0984984069710465e-05,0.9986349154282241,7.679423432771292e+19,6145116719348.326,1.5357919101745596e+22,2.1535093462435808e+21,0.8281678219623174,0.5653560116005928
oc,300.0,0.8206258020771636,1.0985922851821332e-05,0.9987202592564848,7.895798480326826e+19,5744995251455.491,1.5357919101745596e+22,2.0700161782359046e+21,0.8283085106945807,0.5672374215816158
oc,300.0,0.8206258020771636,1.0986804902174117e-05,0.9988004456521924,8.105199905705407e+19,5386097852012.981,1.5357919101745596e+22,1.992168092629953e+21,0.8284412201250382,0.5690379167040865
oc,300.0,0.8206258020771636,1.0987633640827416e-05,0.9988757855297651,8.307439204359443e+19,5063544818335.756,1.5357919101745596e+22,1.9195960169686224e+21,0.8285660096405854,0.570759294533394
oc,300.0,0.8206258020771636,1.0988412282638214e-05,0.9989465711489285,8.502387983585323e+19,4773097285172.607,1.5357919101745596e+22,1.8519498212602057e+21,0.8286829918884012,0.5724034933177156
oc,300.0,0.8206258020771636,1.098914384945923e-05,0.9990130772235664,8.689972846746137e+19,4511067001073.878,1.5357919101745596e+22,1.7888985294297752e+21,0.8287923269857932,0.5739725700365648
oc,300.0,0.8206258020771636,1.0989831181624756e-05,0.9990755619658869,8.870170101706508e+19,4274239356659.965,1.5357919101745596e+22,1.7301302412407553e+21,0.8288942164964404,0.5754686793991922
oc,300.0,0.8206258020771636,1.099047694876486e-05,0.9991342680695328,9.043000435333815e+19,4059807679631.2656,1.5357919101745596e+22,1.6753518230779913e+21,0.8289888973335472,0.5768940539699902
oc,300.0,0.8206258020771636,1.0991083659985862e-05,0.9991894236350785,9.208523670905127e+19,3865317107864.2856,1.5357919101745596e+22,1.6242884188759135e+21,0.8290766357318032,0.578250985552738
oc,300.0,0.8206258020771636,1.0991653673452932e-05,0.9992412430411757,9.3668337010797e+19,3688616605534.641,1.5357919101745596e+22,1.5766828254539998e+21,0.8291577214092629,0.5795418079242288
oc,300.0,0.8206258020771636,1.0992189205408847e-05,0.9992899277644407,9.51805366724382e+19,3527817903606.578,1.5357919101745596e+22,1.5322947699284239e+21,0.8292324620185356,0.5807688809712659
oc,300.0,0.8206258020771636,1.099269233866112e-05,0.999335667151011,9.662331435633474e+19,3381260330403.534,1.5357919101745596e+22,1.490900120636494e+21,0.829301177965037,0.5819345762531701
oc,300.0,0.8206258020771636,1.0993165030567958e-05,0.9993786391425417,9.799835404198622e+19,3247480654773.7896,1.5357919101745596e+22,1.4522900575988946e+21,0.8293641976493009,0.58304126398495
oc,300.0,0.8206258020771636,1.0993609120551912e-05,0.9994190109592647,9.930750658819126e+19,3125187197556.984,1.5357919101745596e+22,1.4162702234971485e+21,0.8294218531711659,0.584091301413976
oc,300.0,0.8206258020771636,1.0994026337168478e-05,0.999456939742589,1.0055275486211791e+20,3013237580064.6772,1.5357919101745596e+22,1.382659871975467e+21,0.8294744765164191,0.5850870225450221
oc,300.0,0.8206258020771636,1.0994418304755431e-05,0.9994925731595847,1.0173618240934874e+20,2910619574091.2197,1.5357919101745596e+22,1.3512910263387423e+21,0.8295223962315137,0.5860307291545277
oc,300.0,0.8206258020771636,1.0994786549687217e-05,0.9995260499715652,1.0285994556659473e+20,2816434599119.0254,1.5357919101745596e+22,1.3220076586241237e+21,0.8295659345793762,0.5869246830245762
oc,300.0,0.8206258020771636,1.0995132506257437e-05,0.999557500568858,1.0392624886446177e+20,2729883481099.1978,1.5357919101745596e+22,1.294664896428451e+21,0.8296054051590873,0.5877710993198106
oc,300.0,0.8206258020771636,1.099545752221112e-05,0.9995870474737383,1.0493732352976596e+20,2650254145352.506,1.5357919101745596e+22,1.2691282627310636e+21,0.8296411109642672,0.5885721410259493
oc,300.0,0.8206258020771636,1.0995762863947264e-05,0.9996148058133876,1.0589540886881491e+20,2576910965368.096,1.5357919101745596e+22,1.2452729521671265e+21,0.8296733428491372,0.5893299143662287
oc,300.0,0.8206258020771636,1.0996049721411005e-05,0.9996408837646369,1.0680273630697079e+20,2509285530922.736,1.5357919101745596e+22,1.2229831458888302e+21,0.8297023783672889,0.5900464651118664
oc,300.0,0.8206258020771636,1.0996319212693658e-05,0.9996653829721508,1.0766151584401108e+20,2446868634233.368,1.5357919101745596e+22,1.2021513659183252e+21,0.8297284809458727,0.5907237757035539
oc,300.0,0.8206258020771636,1.0996572388357787e-05,0.999688398941617,1.0847392469871736e+20,2389203302699.822,1.5357919101745596e+22,1.1826778691698423e+21,0.8297518993570335,0.5913637631034815
oc,300.0,0.8206258020771636,1.0996810235503576e-05,0.999710021409416,1.092420979114854e+20,2335878732094.3354,1.5357919101745596e+22,1.1644700805243196e+21,0.8297728674486625,0.5919682773005938
oc,300.0,0.8206258020771636,1.0997033681591765e-05,0.9997303346901605,1.099681206929295e+20,2286524995494.516,1.5357919101745596e+22,1.1474420639525684e+21,0.8297916040977111,0.5925391003956806
oc,300.0,0.8206258020771636,1.0997243598037532e-05,0.9997494180034121,1.1065402231489017e+20,2240808421437.5347,1.5357919101745596e+22,1.1315140302766143e+21,0.8298083133511706,0.5930779461972575
oc,300.0,0.8206258020771636,1.099744080358895e-05,0.9997673457808136,1.1130177135564407e+20,2198427550190.832,1.5357919101745596e+22,1.1166118799227498e+21,0.8298231847221991,0.5935864602639828
oc,300.0,0.8206258020771636,1.0997626067502723e-05,0.999784187954793,1.1191327212627126e+20,2159109590159.1274,1.5357919101745596e+22,1.1026667788751239e+21,0.8298363936115625,0.5940662203339289
oc,300.0,0.8206258020771636,1.0997800112529352e-05,0.9998000102299411,1.1249036212074455e+20,2122607307557.6753,1.5357919101745596e+22,1.0896147659412048e+21,0.8298481018274577,0.5945187370861859
oc,300.0,0.8206258020771636,1.0997963617718971e-05,0.9998148743380884,1.1303481034684324e+20,2088696291989.6316,1.5357919101745596e+22,1.0773963894177855e+21,0.8298584581797273,0.5949454551846837
oc,300.0,0.8206258020771636,1.0998117221058578e-05,0.9998288382780526,1.1354831640980528e+20,2057172548614.9236,1.5357919101745596e+22,1.0659563712471062e+21,0.8298675991274128,0.5953477545590131
oc,300.0,0.8206258020771636,1.0998261521950722e-05,0.9998419565409749,1.1403251023428112e+20,2027850374486.4617,1.5357919101745596e+22,1.0552432967930843e+21,0.8298756494614288,0.5957269518813926
oc,300.0,0.8206258020771636,1.099839708354309e-05,0.9998542803220991,1.144889523232254e+20,2000560482509.756,1.5357919101745596e+22,1.0452093284343762e+21,0.8298827230068024,0.5960843022030557
oc,300.0,0.8206258020771636,1.0998524434917892e-05,0.9998658577198084,1.1491913446462246e+20,1975148341490.0479,1.5357919101745596e+22,1.0358099412447695e+21,0.8298889233314323,0.5964210007174351
oc,300.0,0.8206258020771636,1.0998644073149468e-05,0.9998767339226788,1.1532448080536556e+20,1951472705031.0266,1.5357919101745596e+22,1.0270036790987644e+21,0.8298943444505809,0.596738184621127
oc,300.0,0.8206258020771636,1.0998756465237942e-05,0.9998869513852675,1.1570634922561195e+20,1929404305726.9072,1.5357919101745596e+22,1.0187519296703477e+21,0.8298990715183743,0.5970369350470531
oc,300.0,0.8206258020771636,1.0998862049926409e-05,0.9998965499933099,1.160660329540003e+20,1908824694238.0706,1.5357919101745596e+22,1.011018716867549e+21,0.829903181499403,0.5973182790474224
oc,300.0,0.8206258020771636,1.0998961239408573e-05,0.9999055672189612,1.1640476236808122e+20,1889625205551.5164,1.5357919101745596e+22,1.0037705093078119e+21,0.8299067438151205,0.5975831916069504
oc,300.0,0.8206258020771636,1.099905442093346e-05,0.9999140382666782,1.1672370694181729e+20,1871706037053.4375,1.5357919101745596e+22,9.969760436232704e+20,0.8299098209611233,0.5978325976694224
oc,300.0,0.8206258020771636,1.0999141958313349e-05,0.9999219962103045,1.1702397729415096e+20,1854975425043.1646,1.5357919101745596e+22,9.906061613512792e+20,0.8299124690925804,0.5980673741630707
oc,300.0,0.8206258020771636,1.0999224193340739e-05,0.9999294721218854,1.1730662731400202e+20,1839348908046.111,1.5357919101745596e+22,9.846336583908436e+20,0.8299147385760878,0.5982883520123566
oc,300.0,0.8206258020771636,1.0999301447119812e-05,0.9999364951927101,1.1757265632590592e+20,1824748666773.0862,1.5357919101745596e+22,9.790331459503304e+20,0.8299166745070494,0.598496318125654
oc,300.0,0.8206258020771636,1.0999374021317546e-05,0.9999430928470496,1.1782301128086816e+20,1811102931853.5188,1.5357919101745596e+22,9.737809221234414e+20,0.8299183171923817,0.5986920173501418
oc,300.0,0.8206258020771636,1.0999442199339309e-05,0.9999492908490282,1.1805858894603102e+20,1798345451594.431,1.5357919101745596e+22,9.688548531848412e+20,0.8299197025988756,0.5988761543865921
oc,300.0,0.8206258020771636,1.0999506247433445e-05,0.9999551134030404,1.1828023808123722e+20,1786415012974.6514,1.5357919101745596e+22,9.642342638563272e+20,0.8299208627679985,0.5990493956581624
oc,300.0,0.8206258020771636,1.0999566415729164e-05,0.9999605832481058,1.1848876158860493e+20,1775255009918.152,1.5357919101745596e+22,9.598998358162233e+20,0.8299218261982424,0.5992123711285409
oc,300.0,0.8206258020771636,1.0999622939211742e-05,0.9999657217465221,1.1868491862156634e+20,1764813053623.224,1.5357919101745596e+22,9.558335137703155e+20,0.8299226181963784,0.5993656760657321
oc,300.0,0.8206258020771636,1.0999676038638799e-05,0.9999705489671635,1.1886942664798611e+20,1755040620351.4907,1.5357919101745596e+22,9.520184185048338e+20,0.8299232611991483,0.5995098727487362
oc,300.0,0.8206258020771636,1.0999725921401199e-05,0.9999750837637453,1.190429634594612e+20,1745892732629.8848,1.5357919101745596e+22,9.484387663552876e+20,0.8299237750670475,0.5996454921151974
oc,300.0,0.8206258020771636,1.099977278233193e-05,0.9999793438483573,1.1920616911989727e+20,1737327670304.0747,1.5357919101745596e+22,9.450797945714056e+20,0.8299241773519064,0.5997730353486688
oc,300.0,0.8206258020771636,1.0999816804466099e-05,0.9999833458605545,1.1935964785142505e+20,1729306708288.0752,1.5357919101745596e+22,9.419276921230686e+20,0.8299244835400129,0.5998929754049243
oc,300.0,0.8206258020771636,1.0999858159754965e-05,0.9999871054322695,1.1950396985440949e+20,1721793878236.096,1.5357919101745596e+22,9.389695355198535e+20,0.8299247072725072,0.600005758477008
oc,300.0,0.8206258020771636,1.0999897009736801e-05,0.9999906372488001,1.1963967305949056e+20,1714755751670.9766,1.5357919101745596e+22,9.361932292487133e+20,0.8299248605447423,0.6001118053993162
oc,300.0,0.8206258020771636,1.0999933506167206e-05,0.9999939551061097,1.1976726481019647e+20,1708161242384.3418,1.5357919101745596e+22,9.335874504651593e+20,0.8299249538862605,0.6002115129913477
oc,300.0,0.8206258020771636,1.0999967791611283e-05,0.999997071964662,1.1988722347659538e+20,1701981426177.0093,1.5357919101745596e+22,9.31141597617978e+20,0.8299249965229611,0.6003052553419533
oc,300.0,0.8206258020771636,1.1e-05,1.0,1.2e+20,1696189376216.3047,1.5357919101745596e+22,9.28845742701839e+20,0.8299249965229611,0.6003933850352655
mpp,300.0,0.6432910246852952,0.0,0.0,78269543305.60892,1.2e+20,1.5357919101745596e+22,4.286097596295605e+19,0.7866875579376191,0.0
mpp,300.0,0.6432910246852952,3.2208388717036575e-11,2.9280353379124158e-06,78556741022.98401,1.1989543966261708e+20,1.5357919101745596e+22,4.298076418540256e+19,0.7866875581083365,9.46862216365307e-05
mpp,300.0,0.6432910246852952,6.649383279366816e-11,6.044893890333469e-06,78862988299.66241,1.1978421460392498e+20,1.5357919101745596e+22,4.310829331503513e+19,0.7866874226575209,0.0001954079132860884
mpp,300.0,0.6432910246852952,1.0299026319943172e-10,9.362751199948338e-06,79189584540.0153,1.1966590556780293e+20,1.5357919101745596e+22,4.3244064479666274e+19,0.7866871259765998,0.00030254491606118933
mpp,300.0,0.6432910246852952,1.418402450356626e-10,1.2894567730514783e-05,79537922517.10217,1.1954006768375857e+20,1.5357919101745596e+22,4.338861134788096e+19,0.786686638793849,0.0004165003309171866
mpp,300.0,0.6432910246852952,1.8319553390006016e-10,1.6654139445460014e-05,79909495695.86696,1.1940622900786084e+20,1.5357919101745596e+22,4.354250225106293e+19,0.7866859277148806,0.0005377018571596952
mpp,300.0,0.6432910246852952,2.2721766807037856e-10,2.065615164276169e-05,80305906207.70647,1.1926388899592536e+20,1.5357919101745596e+22,4.370634244419144e+19,0.7866849547120105,0.0006666031964154416
mpp,300.0,0.6432910246852952,2.7407859880196337e-10,2.4916236254723945e-05,80728873543.3837,1.1911251690820728e+20,1.5357919101745596e+22,4.388077651434355e+19,0.7866836765578031,0.000803685523623002
mpp,300.0,0.6432910246852952,3.239613612005532e-10,2.9451032836413926e-05,81180244039.33948,1.1895155014481366e+20,1.5357919101745596e+22,4.406649094626794e+19,0.7866820441978384,0.0009494590264330649
mpp,300.0,0.6432910246852952,3.770607882569443e-10,3.427825347790403e-05,81662001241.11208,1.1878039251253674e+20,1.5357919101745596e+22,4.426421685514745e+19,0.7866800020575191,0.001104464514039743
mpp,300.0,0.6432910246852952,4.335842708358961e-10,3.9416751894172375e-05,82176277238.03906,1.1859841242413018e+20,1.5357919101745596e+22,4.447473289729114e+19,0.7866774872775464,0.0012692750962435258
mpp,300.0,0.6432910246852952,4.937525665545395e-10,4.488659695950359e-05,82725365074.58743,1.184049410312558e+20,1.5357919101745596e+22,4.46988683696918e+19,0.7866744288725463,0.001444497933042801
mpp,300.0,0.6432910246852952,5.578006606901109e-10,5.0709150971828265e-05,83311732356.82788,1.1819927029337373e+20,1.5357919101745596e+22,4.493750651008236e+19,0.7866707468072549,0.0016307760546181757
mpp,300.0,0.6432910246852952,6.259786824534542e-10,5.690715295031401e-05,83938036187.32729,1.1798065098744906e+20,1.5357919101745596e+22,4.5191588010240524e+19,0.7866663509846683,0.0018287902509964028
mpp,300.0,0.6432910246852952,6.985528801894402e-10,6.350480728994912e-05,84607139578.67708,1.1774829066250448e+20,1.5357919101745596e+22,4.546211475512389e+19,0.7866611401406702,0.00203926103005076
mpp,300.0,0.6432910246852952,7.758066592602475e-10,7.052787811456795e-05,85322129514.75195,1.175013515451437e+20,1.5357919101745596e+22,4.575015380100558e+19,0.7866550006398765,0.0022629506416296822
mpp,300.0,0.6432910246852952,8.580416866495465e-10,7.800378969541333e-05,86086336851.03522,1.1723894840630962e+20,1.5357919101745596e+22,4.605684160741583e+19,0.7866478051678107,0.0025006651648307983
mpp,300.0,0.6432910246852952,9.455790665399698e-10,8.596173332181545e-05,86903358269.89413,1.1696014639680709e+20,1.5357919101745596e+22,4.638338853609255e+19,0.7866394113150825,0.0027532566542864292
mpp,300.0,0.6432910246852952,1.0387605914276564e-09,9.443278103887787e-05,87777080535.57248,1.1666395886728582e+20,1.5357919101745596e+22,4.673108363296334e+19,0.7866296600499973,0.0030216253402601187
mpp,300.0,0.6432910246852952,1.1379500735910763e-09,0.00010345000669009785,88711707325.93033,1.1634934518572802e+20,1.5357919101745596e+22,4.710129970716946e+19,0.7866183740770313,0.0033067218759039283
mpp,300.0,0.6432910246852952,1.243534762056797e-09,0.0001130486147324361,89711788955.47052,1.1601520857347378e+20,1.5357919101745596e+22,4.749549872328409e+19,0.7866053560798838,0.003609549623550341
mpp,300.0,0.6432910246852952,1.3559268505321519e-09,0.00012326607732110473,90782255347.01369,1.1566039397991794e+20,1.5357919101745596e+22,4.791523752103251e+19,0.7865903868494062,0.0039311669701866765
mpp,300.0,0.6432910246852952,1.475565082107555e-09,0.0001341422801915959,91928452658.38132,1.152836860252509e+20,1.5357919101745596e+22,4.8362173878569165e+19,0.7865732232986445,0.004272689660274393
mpp,300.0,0.6432910246852952,1.602916456910408e-09,0.0001457196779009462,93156184026.99611,1.1488380703985084e+20,1.5357919101745596e+22,4.883807293262538e+19,0.7865535963695577,0.004635293131926642
mpp,300.0,0.6432910246852952,1.738478049276626e-09,0.00015804345902514783,94471754960.19334,1.1445941523954672e+20,1.5357919101745596e+22,4.9344813970109104e+19,0.7865312088387062,0.005020214840004241
mpp,300.0,0.6432910246852952,1.8827789414216367e-09,0.00017116172194742152,95882023973.79744,1.1400910307901509e+20,1.5357919101745596e+22,4.988439760315118e+19,0.7865057330324018,0.005428756546989178
mpp,300.0,0.6432910246852952,2.0363822810287035e-09,0.00018512566191170032,97394459167.68251,1.1353139583286634e+20,1.5357919101745596e+22,5.04589533379501e+19,0.786476808465466,0.0058622865594928995
mpp,300.0,0.6432910246852952,2.199887470647477e-09,0.00019998977005886154,99017201526.56871,1.1302475046308985e+20,1.5357919101745596e+22,5.107074754590879e+19,0.7864440394218956,0.006322241884989653
mpp,300.0,0.6432910246852952,2.3739324972774643e-09,0.00021581204520704222,100759135849.0687,1.124875548390908e+20,1.5357919101745596e+22,5.172219184185161e+19,0.7864069925003878,0.006810130279726195
mpp,300.0,0.6432910246852952,2.5591964110509015e-09,0.00023265421918644558,102629970341.0034,1.1191812738643024e+20,1.5357919101745596e+22,5.241585187015423e+19,0.7863651941528143,0.007327532154882086
mpp,300.0,0.6432910246852952,2.756401962466237e-09,0.00025058199658783975,104640326062.59952,1.1131471725112209e+20,1.5357919101745596e+22,5.315445649435382e+19,0.7863181282493433,0.007876102303761323
mpp,300.0,0.6432910246852952,2.9663184082353023e-09,0.00026966530983957293,106801837597.59322,1.1067550507785391e+20,1.5357919101745596e+22,5.394090737936164e+19,0.786265233709947,0.008457571408307017
mpp,300.0,0.6432910246852952,3.189764496423941e-09,0.00028997859058399467,109127266518.83958,1.0999860451305731e+20,1.5357919101745596e+22,5.477828894725317e+19,0.7862059022484215,0.009073747278358277
mpp,300.0,0.6432910246852952,3.427611642213779e-09,0.00031160105838307084,111630629464.79686,1.0928206455720672e+20,1.5357919101745596e+22,5.5669878677615346e+19,0.7861394762817289,0.009726515771908735
mpp,300.0,0.6432910246852952,3.680787306341249e-09,0.00033461702784920444,114327342920.2482,1.0852387290482016e+20,1.5357919101745596e+22,5.661915771144099e+19,0.7860652470642777,0.010417841339350073
mpp,300.0,0.6432910246852952,3.950278588993605e-09,0.00035911623536305504,117234387118.54417,1.0772196042598506e+20,1.5357919101745596e+22,5.762982170315784e+19,0.7859824531135925,0.011149767129105679
mpp,300.0,0.6432910246852952,4.2371360527360675e-09,0.0003851941866123698,120370491859.92352,1.06874206957611e+20,1.5357919101745596e+22,5.870579184763642e+19,0.7858902790004547,0.011924414586461044
mpp,300.0,0.6432910246852952,4.5424777888789516e-09,0.00041295252626172285,123756347479.6927,1.0597844858741123e+20,1.5357919101745596e+22,5.985122598811022e+19,0.7857878545828331,0.012743982471788233
mpp,300.0,0.6432910246852952,4.8674937425619564e-09,0.0004424994311419961,127414844711.75911,1.0503248663040559e+20,1.5357919101745596e+22,6.107052968768266e+19,0.7856742547685038,0.013610745218847028
mpp,300.0,0.6432910246852952,5.213450312782919e-09,0.0004739500284348108,131371347789.92976,1.0403409850663938e+20,1.5357919101745596e+22,6.236836711615641e+19,0.7855484998958733,0.014527050548708757
mpp,300.0,0.6432910246852952,5.581695244568585e-09,0.0005074268404153259,135654005825.32355,1.0298105074391541e+20,1.5357919101745596e+22,6.374967157261769e+19,0.7854095568258722,0.015495316250112395
mpp,300.0,0.6432910246852952,5.973662831521231e-09,0.000543060257411021,140294108310.44275,1.0187111433454156e+20,1.5357919101745596e+22,6.521965542414736e+19,0.78525634083951,0.016518026033079322
mpp,300.0,0.6432910246852952,6.390879448088693e-09,0.0005809890407353357,145326491548.66718,1.0070208267831475e+20,1.5357919101745596e+22,6.6783819196707e+19,0.7850877184353757,0.017597724359681523
mpp,300.0,0.6432910246852952,6.83496943204237e-09,0.0006213608574583973,150790003914.46112,9.947179234122801e+19,1.5357919101745596e+22,6.844795950384278e+19,0.7849025111186838,0.018737010154150253
mpp,300.0,0.6432910246852952,7.30766133887939e-09,0.0006643328489890354,156728039141.69446,9.817814684754244e+19,1.5357919101745596e+22,7.021817544151777e+19,0.7846995002679494,0.019938529294577415
mpp,300.0,0.6432910246852952,7.810794591152303e-09,0.0007100722355593003,163189148345.6077,9.681914370057558e+19,1.5357919101745596e+22,7.210087301323617e+19,0.7844774331566478,0.021204965790600633
mpp,300.0,0.6432910246852952,8.346326547068184e-09,0.0007587569588243803,170227743243.6431,9.539290479296143e+19,1.5357919101745596e+22,7.41027670789168e+19,0.7842350301949159,0.02253903155611328
mpp,300.0,0.6432910246852952,8.916340014136991e-09,0.0008105763649215447,177904905093.18707,9.38977103181022e+19,1.5357919101745596e+22,7.6230880244858e+19,0.7839709934400899,0.023943454693805166
mpp,300.0,0.6432910246852952,9.523051235139635e-09,0.0008657319304672395,186289316257.06253,9.233203622293606e+19,1.5357919101745596e+22,7.849253802687262e+19,0.7836840164044176,0.025420966219600185
mpp,300.0,0.6432910246852952,1.0168818375244415e-08,0.0009244380341131286,195458334094.16406,9.069459515673734e+19,1.5357919101745596e+22,8.089535953390587e+19,0.7833727951634144,0.02697428517036478
mpp,300.0,0.6432910246852952,1.0856150540770048e-08,0.0009869227764336408,205499230115.3758,8.89843807549773e+19,1.5357919101745596e+22,8.344724282699648e+19,0.7830360407389597,0.028606102058212273
mpp,300.0,0.6432910246852952,1.1587717361786653e-08,0.001053428851071514,216510621111.8436,8.72007149605502e+19,1.5357919101745596e+22,8.615634401829195e+19,0.7826724926974673,0.0303190606595564
mpp,300.0,0.6432910246852952,1.2366359172584106e-08,0.0011242144702349188,228604123333.96478,8.534329792002628e+19,1.5357919101745596e+22,8.903104908693802e+19,0.7822809338655126,0.03211573815742857
mpp,300.0,0.6432910246852952,1.3195097825883073e-08,0.001199554347807552,241906265860.328,8.341225980244668e+19,1.5357919101745596e+22,9.207993730826612e+19,0.7818602060237126,0.033998623691374075
mpp,300.0,0.6432910246852952,1.4077148178667454e-08,0.001279740743515223,256560705145.26028,8.140821367398952e+19,1.5357919101745596e+22,9.531173512584169e+19,0.7814092263951162,0.0359700954108944
mpp,300.0,0.6432910246852952,1.501593028953513e-08,0.0013650845717759208,272730789475.42462,7.933230832675945e+19,1.5357919101745596e+22,9.873525924741476e+19,0.7809270046979753,0.03803239617538746
mpp,300.0,0.6432910246852952,1.6015082369593702e-08,0.001455916579053973,290602529816.32025,7.718627971458789e+19,1.5357919101745596e+22,1.0235934772787896e+20,0.780412660485895,0.04018760809561245
mpp,300.0,0.6432910246852952,1.7078474531153074e-08,0.0015525885937411887,310388042411.129,7.497249939902716e+19,1.5357919101745596e+22,1.061927778202254e+20,0.779865440452686,0.04243762616799453
mpp,300.0,0.6432910246852952,1.8210223380721703e-08,0.001655474852792882,332329538635.2714,7.269401817153077e+19,1.5357919101745596e+22,1.102441694422223e+20,0.7792847353369071,0.044784131312209895
mpp,300.0,0.6432910246852952,1.9414707505186866e-08,0.0017649734095624425,356703949144.7191,7.035460280985199e+19,1.5357919101745596e+22,1.1452187323401398e+20,0.7786700960243508,0.047228563182970015
mpp,300.0,0.6432910246852952,2.069658390247253e-08,0.0018815076274975029,383828282417.5626,6.795876376680622e+19,1.5357919101745596e+22,1.1903384237902689e+20,0.7780212484182819,0.04977209318643585
mpp,300.0,0.6432910246852952,2.2060805410459572e-08,0.002005527764587234,414065832508.15405,6.551177150496257e+19,1.5357919101745596e+22,1.2378748764568161e+20,0.7773381066297561,0.052415598187728195
mpp,300.0,0.6432910246852952,2.351263919048374e-08,0.00213751265368034,447833367333.28357,6.301965919973302e+19,1.5357919101745596e+22,1.287895154827667e+20,0.7766207840365945,0.05515963544548004
mpp,300.0,0.6432910246852952,2.5057686324324814e-08,0.0022779714840295284,485609447199.61566,6.048920966376942e+19,1.5357919101745596e+22,1.3404574948232243e+20,0.7758696017720363,0.05800441934905767
mpp,300.0,0.6432910246852952,2.670190258619126e-08,0.002427445689653751,527944043646.51764,5.7927924615425065e+19,1.5357919101745596e+22,1.3956093611294523e+20,0.7750850942348672,0.060949800560354435
mpp,300.0,0.6432910246852952,2.84516204538629e-08,0.002586510950351173,575469651079.1693,5.534397483594221e+19,1.5357919101745596e+22,1.4533853632190228e+20,0.7742680112632502,0.06399524817166445
mpp,300.0,0.6432910246852952,3.031357242576549e-08,0.0027557793114332263,628914108123.1674,5.274613033958276e+19,1.5357919101745596e+22,1.5138050540111764e+20,0.7734193166850738,0.06713983548073178
mpp,300.0,0.6432910246852952,3.2294915713363566e-08,0.0029359014284875973,689115372122.8751,5.014367040884971e+19,1.5357919101745596e+22,1.5768706439231052e+20,0.7725401830475973,0.07038222995118655
mpp,300.0,0.6432910246852952,3.44032583808237e-08,0.0031275689437112453,757038518659.1259,4.7546274201715696e+19,1.5357919101745596e+22,1.642564672469894e+20,0.7716319824364478,0.07372068786945182
mpp,300.0,0.6432910246852952,3.664668700637741e-08,0.0033315170005797645,833795268247.9604,4.496389357976164e+19,1.5357919101745596e+22,1.7108476891642157e+20,0.770696273415075,0.07715305412723941
mpp,300.0,0.6432910246852952,3.9033795942180146e-08,0.003548526903834559,920666374316.023,4.24066107837767e+19,1.5357919101745596e+22,1.7816560047988543e+20,0.7697347842456609,0.08067676745278922
mpp,300.0,0.6432910246852952,4.157371825168804e-08,0.00377942893197164,1019127239886.6411,3.988448453191774e+19,1.5357919101745596e+22,1.8548995827035442e+20,0.7687493926850725,0.08428887128642908
mpp,300.0,0.6432910246852952,4.4276158405582135e-08,0.004025105309598376,1130877164859.1843,3.740738896000126e+19,1.5357919101745596e+22,1.93046014649839e+20,0.767742102777705,0.08798603035076948
mpp,300.0,0.6432910246852952,4.715142681904483e-08,0.0042864933471858935,1257872660989.2139,3.498485049314463e+19,1.5357919101745596e+22,2.0081895856090992e+20,0.766715019183566,0.09176455280845458
mpp,300.0,0.6432910246852952,5.021047631461167e-08,0.0045645887558737885,1402365307316.8496,3.2625888163764646e+19,1.5357919101745596e+22,2.087908741589157e+20,0.7656703196774681,0.09562041773755761
mpp,300.0,0.6432910246852952,5.3464940595922046e-08,0.004860449145083823,1566944654488.2463,3.0338863020674605e+19,1.5357919101745596e+22,2.1694066564800145e+20,0.7646102265272718,0.09954930749426243
mpp,300.0,0.6432910246852952,5.692717481823145e-08,0.005175197710748314,1754586721826.861,2.813134207849465e+19,1.5357919101745596e+22,2.2524403586083176e+20,0.7635369775008323,0.10354664438226445
mpp,300.0,0.6432910246852952,6.061029834160731e-08,0.0055100271219643004,1968708665863.8074,2.6009981728946463e+19,1.5357919101745596e+22,2.336735250900456e+20,0.7624527972595583,0.10760763091646652
mpp,300.0,0.6432910246852952,6.452823975206651e-08,0.005866203613824228,2213230233141.602,2.3980434706508595e+19,1.5357919101745596e+22,2.4219861522866743e+20,0.7613598698706124,0.11172729286193356
mpp,300.0,0.6432910246852952,6.869578423447609e-08,0.006245071294043281,2492642643414.153,2.204728361868497e+19,1.5357919101745596e+22,2.5078590240511007e+20,0.7602603131114446,0.11590052415349626
mpp,300.0,0.6432910246852952,7.312862337869174e-08,0.006648056670790159,2812085582012.76,2.021400279697479e+19,1.5357919101745596e+22,2.5939933909901823e+20,0.7591561551535574,0.1201221327607198
mpp,300.0,0.6432910246852952,7.784340749694441e-08,0.007076673408813128,3177433012491.1274,1.848294888877785e+19,1.5357919101745596e+22,2.6800054428260303e+20,0.7580493141031153,0.12438688655883631
mpp,300.0,0.6432910246852952,8.285780052584041e-08,0.007532527320530946,3595388553354.6875,1.6855379291599376e+19,1.5357919101745596e+22,2.7654917757781544e+20,0.7569415807515164,0.12868955829824988
mpp,300.0,0.6432910246852952,8.81905375801531e-08,0.008017321598195737,4073591196704.6504,1.533149632265544e+19,1.5357919101745596e+22,2.8500337089882997e+20,0.7558346047574376,0.13302496883047984
mpp,300.0,0.6432910246852952,9.38614852178688e-08,0.008532862292533527,4620732183412.46,1.3910513998739069e+19,1.5357919101745596e+22,2.9332020871501935e+20,0.754729884351082,0.13738802784252724
mpp,300.0,0.6432910246852952,9.989170446622597e-08,0.00908106404238418,5246683890888.52,1.259074353082641e+19,1.5357919101745596e+22,3.014562460578295e+20,0.7536287595288267,0.14177377146834003
mpp,300.0,0.6432910246852952,1.0630351664667048e-07,0.009663956058788226,5962641638177.395,1.1369693149332742e+19,1.5357919101745596e+22,3.093680518523231e+20,0.7525324085982302,0.1461773962785058
mpp,300.0,0.6432910246852952,1.131205720223829e-07,0.010283688365671173,6781279372294.248,1.0244177674235116e+19,1.5357919101745596e+22,3.170127641540629e+20,0.7514418478439894,0.1505942892901065
mpp,300.0,0.6432910246852952,1.2036792127497026e-07,0.010942538297724569,7716920273659.082,9.210433312822881e+18,1.5357919101745596e+22,3.243486434865424e+20,0.7503579340176658,0.1550200537806733
mpp,300.0,0.6432910246852952,1.2807208979674554e-07,0.011642917254249596,8785723412608.049,8.264233469164314e+18,1.5357919101745596e+22,3.31335610716692e+20,0.7492813693088778,0.15945053082694638
mpp,300.0,0.6432910246852952,1.3626115476134353e-07,0.012387377705576685,10005887710134.77,7.401001832817981e+18,1.5357919101745596e+22,3.379357567415841e+20,0.7482127084326223,0.16388181661521026
mpp,300.0,0.6432910246852952,1.4496482490780489e-07,0.01317862044616408,11397874612942.74,6.615919622897062e+18,1.5357919101745596e+22,3.441138126235131e+20,0.7471523674646633,0.1683102756811476
mpp,300.0,0.6432910246852952,1.542145229413025e-07,0.014019502085572955,12984651096542.816,5.904024540027891e+18,1.5357919101745596e+22,3.4983757061882616e+20,0.7461006340718156,0.17273255033063137
mpp,300.0,0.6432910246852952,1.6404347041678602e-07,0.014913042765162365,14791954874248.898,5.260299669480944e+18,1.5357919101745596e+22,3.550782486434972e+20,0.7450576788132388,0.1771455665670823
mpp,300.0,0.6432910246852952,1.744867749296319e-07,0.01586243408451199,16848584031795.209,4.679751240819206e+18,1.5357919101745596e+22,3.598107930361366e+20,0.7440235672291461,0.1815465369057527
mpp,300.0,0.6432910246852952,1.855815193891665e-07,0.016871047217196955,19186713748335.87,4.1574747475559793e+18,1.5357919101745596e+22,3.640141168120991e+20,0.7429982724813852,0.1859329604911454
mpp,300.0,0.6432910246852952,1.9736685309624657e-07,0.01794244119056787,21842243331506.164,3.6887094436290524e+18,1.5357919101745596e+22,3.676712729190898e+20,0.7419816883632002,0.19030262095231
mpp,300.0,0.6432910246852952,2.0988408428425337e-07,0.019080371298568488,24855177519947.465,3.2688816485593943e+18,1.5357919101745596e+22,3.707695641171188e+20,0.7409736425507245,0.1946535824339222
mpp,300.0,0.6432910246852952,2.2317677371326033e-07,0.020288797610296394,28270046931798.26,2.893637608450669e+18,1.5357919101745596e+22,3.7330059302207495e+20,0.7399739100244804,0.198984184231169
mpp,300.0,0.6432910246852952,2.372908288291805e-07,0.0215718935299255,32136373711850.992,2.5588668787494984e+18,1.5357919101745596e+22,3.752602574333944e+20,0.7389822266440752,0.20329303443591906
mpp,300.0,0.6432910246852952,2.522745979127007e-07,0.022934054355700062,36509189914129.64,2.2607173274152364e+18,1.5357919101745596e+22,3.7664869736770175e+20,0.7379983029126057,0.20757900297275955
mpp,300.0,0.6432910246852952,2.6817896354620375e-07,0.024379905776927613,41449618024468.32,1.995602915647758e+18,1.5357919101745596e+22,3.774702011581694e+20,0.7370218380187293,0.2118412143683262
mpp,300.0,0.6432910246852952,2.850574346200175e-07,0.025914312238183412,47025525369112.51,1.7602054122266232e+18,1.5357919101745596e+22,3.777330786233135e+20,0.7360525342940483,0.21607904055774022
mpp,300.0,0.6432910246852952,3.029662359817677e-07,0.02754238508925161,53312267079145.86,1.5514711506374098e+18,1.5357919101745596e+22,3.774495096610455e+20,0.735090112271789,0.22029209398936717
mpp,300.0,0.6432910246852952,3.2196439470382796e-07,0.029269490427620726,60344861806723.26,1.3666097563833062e+18,1.5357919101745596e+22,3.7633345189052514e+20,0.7341136230525427,0.22448022124460573
mpp,300.0,0.6432910246852952,3.4211382180356256e-07,0.0311012565275966,68195411147183.375,1.2030723883756685e+18,1.5357919101745596e+22,3.7439920819786075e+20,0.7331222573621039,0.22864349613125243
mpp,300.0,0.6432910246852952,3.6347938809909277e-07,0.033043580736281164,76941807554519.42,1.0585450366165633e+18,1.5357919101745596e+22,3.716719061364349e+20,0.7321155658411679,0.23278221422228107
mpp,300.0,0.6432910246852952,3.8612899271962657e-07,0.035102635701784235,86667363111190.34,9.309347922256686e+17,1.5357919101745596e+22,3.681822563828772e+20,0.7310931417620685,0.23689688812620618
mpp,300.0,0.6432910246852952,4.1013362261439735e-07,0.03728487478312703,97461090795475.66,8.18355126487324e+17,1.5357919101745596e+22,3.63966225758904e+20,0.730054643581326,0.24098824346114572
mpp,300.0,0.6432910246852952,4.3556740121832605e-07,0.03959703647439328,109418039379188.56,7.191107668008522e+17,1.5357919101745596e+22,3.5906471533050017e+20,0.7289998218175113,0.24505721546385514
mpp,300.0,0.6432910246852952,4.625076242368779e-07,0.04204614765789799,122639702416508.2,6.316825567787105e+17,1.5357919101745596e+22,3.535232512160633e+20,0.7279285510506875,0.24910494610604353
mpp,300.0,0.6432910246852952,4.910347803083952e-07,0.04463952548258138,137234526592155.25,5.547126015843887e+17,1.5357919101745596e+22,3.4739169412177815e+20,0.7268408679525558,0.25313278152866286
mpp,300.0,0.6432910246852952,5.212325540916164e-07,0.0473847776446924,153318550115908.72,4.869899247586549e+17,1.5357919101745596e+22,3.407239720571866e+20,0.7257370163717461,0.25714226954043023
mpp,300.0,0.6432910246852952,5.531878091115703e-07,0.05028980082832457,171016207875534.1,4.274367991527779e+17,1.5357919101745596e+22,3.3357783923649407e+20,0.7246175006094728,0.26113515685963234
mpp,300.0,0.6432910246852952,5.869905474819483e-07,0.05336277704381348,190461346668835.8,3.750958615984307e+17,1.5357919101745596e+22,3.260146629072201e+20,0.7234831481157021,0.2651133857087169
mpp,300.0,0.6432910246852952,6.227338434105047e-07,0.056612167582773154,211798500989357.7,3.29118077731742e+17,1.5357919101745596e+22,3.180992388435909e+20,0.7223351828974361,0.2690790893002388
mpp,300.0,0.6432910246852952,6.605137471910994e-07,0.06004670429009995,235184487478323.84,2.887515889219623e+17,1.5357919101745596e+22,3.0989963557360075e+20,0.7211753109322483,0.2730345856819951
mpp,300.0,0.6432910246852952,7.004291561976294e-07,0.06367537783614813,260790384201479.97,2.5333144640875344e+17,1.5357919101745596e+22,3.0148706714054466e+20,0.7200058187833149,0.2769823693410106
mpp,300.0,0.6432910246852952,7.425816492286187e-07,0.06750742265714715,288803969259421.5,2.222702174677643e+17,1.5357919101745596e+22,2.9293579444035053e+20,0.7188296863624251,0.2809250999037394
mpp,300.0,0.6432910246852952,7.870752804148289e-07,0.07155229821952991,319432701766095.56,1.950494336200588e+17,1.5357919101745596e+22,2.8432305597825057e+20,0.717650714310285,0.2848655872176749
mpp,300.0,0.6432910246852952,8.34016328805534e-07,0.07581966625504855,352907336761838.9,1.712118406545194e+17,1.5357919101745596e+22,2.7572903036274318e+20,0.7164736656605822,0.2888067720628488
mpp,300.0,0.6432910246852952,8.835129997028664e-07,0.08031936360935149,389486273934358.56,1.5035440365616822e+17,1.5357919101745596e+22,2.6723683504127463e+20,0.7153044202023221,0.2927517017267574
mpp,300.0,0.6432910246852952,9.356750738297962e-07,0.0850613703481633,429460747776178.06,1.3212201659049995e+17,1.5357919101745596e+22,2.5893256874929373e+20,0.7141501381091602,0.29670349969023446
mpp,300.0,0.6432910246852952,9.906135005090058e-07,0.09005577277354598,473160973530179.75,1.1620186461308227e+17,1.5357919101745596e+22,2.5090540888440078e+20,0.7130194268128854,0.3006653287224182
mpp,300.0,0.6432910246852952,1.0484399312111567e-06,0.09531272101919608,520963368248206.25,1.0231838759493494e+17,1.5357919101745596e+22,2.4324777949185052e+20,0.7119225016330362,0.30464034677805285
mpp,300.0,0.6432910246852952,1.1092661901166052e-06,0.10084238091969139,573298968438402.4,9.022879489155507e+16,1.5357919101745596e+22,2.3605561063259993e+20,0.7108713262895036,0.3086316552372331
mpp,300.0,0.6432910246852952,1.1732036787395748e-06,0.10665487988541589,630663163518522.1,7.971908372558787e+16,1.5357919101745596e+22,2.2942871538030068e+20,0.7098797142466371,0.31264223923233353
mpp,300.0,0.6432910246852952,1.2403627122032033e-06,0.11276024656392758,693626855325582.9,7.060051635404862e+16,1.5357919101745596e+22,2.234713162183459e+20,0.7089633662927901,0.31667490007301086
mpp,300.0,0.6432910246852952,1.3108517854420548e-06,0.1191683441310959,762849135010857.0,6.270651416354802e+16,1.5357919101745596e+22,2.1829275769492432e+20,0.7081398147233521,0.32073218010836324
mpp,300.0,0.6432910246852952,1.384776768458562e-06,0.12588879713259654,839091535324445.8,5.5889929751939016e+16,1.5357919101745596e+22,2.140084461892573e+20,0.7074282414120484,0.32481628075191415
mpp,300.0,0.6432910246852952,1.462240030782253e-06,0.13293091188929573,923233862679789.5,5.002066074053218e+16,1.5357919101745596e+22,2.1074105970680267e+20,0.7068491379403141,0.32892897483149625
mpp,300.0,0.6432910246852952,1.5433394964828389e-06,0.140303590589349,1016291532010291.4,4.4983571407172984e+16,1.5357919101745596e+22,2.086220697231362e+20,0.706423783146259,0.3330715148983831
mpp,300.0,0.6432910246852952,1.6281676324736676e-06,0.14801523931578797,1119434209239928.8,4.067669019095288e+16,1.5357919101745596e+22,2.0779361200888663e+20,0.7061735289811426,0.33724453961889284
mpp,300.0,0.6432910246852952,1.7168103744082338e-06,0.15607367040074854,1234005400912612.2,3.700965271448795e+16,1.5357919101745596e+22,2.0841073269651027e+20,0.7061189100950891,0.34144798085315375
mpp,300.0,0.6432910246852952,1.8093459962104148e-06,0.16448599965549227,1361542407507023.8,3.390236128141119e+16,1.5357919101745596e+22,2.1064401807413962e+20,0.7062786241982704,0.34568097447222407
mpp,300.0,0.6432910246852952,1.9058439311719748e-06,0.17325853919745227,1503795766768929.2,3.128383296940131e+16,1.5357919101745596e+22,2.1468259016769556e+20,0.706668463601808,0.34994177834675994
mpp,300.0,0.6432910246852952,2.0063635545726346e-06,0.1823966867793304,1662746950350837.5,2.9091209619194996e+16,1.5357919101745596e+22,2.2073741367810638e+20,0.707300304974561,0.3542277012282928
mpp,300.0,0.6432910246852952,2.110952939892684e-06,0.19190481271751675,1840622643006664.8,2.7268904387004124e+16,1.5357919101745596e+22,2.290448121989692e+20,0.7081812748147915,0.35853504640989065
mpp,300.0,0.6432910246852952,2.2196476028493208e-06,0.20178614571357462,2039903442850954.8,2.5767861224502788e+16,1.5357919101745596e+22,2.3987003245766836e+20,0.7093131956314563,0.3628590740715004
mpp,300.0,0.6432910246852952,2.3324692496379275e-06,0.2120426590579934,2263324306415130.0,2.4544905758276896e+16,1.5357919101745596e+22,2.5351062529066523e+20,0.7106923818694837,0.36719398606524195
mpp,300.0,0.6432910246852952,2.449424547830708e-06,0.22267495889370076,2513863580482171.5,2.3562168564694856e+16,1.5357919101745596e+22,2.702993335407041e+20,0.712309802572418,0.37153293655984654
mpp,300.0,0.6432910246852952,2.5705039402994796e-06,0.2336821763908618,2794717100158239.0,2.2786564697199564e+16,1.5357919101745596e+22,2.906060946867402e+20,0.7141515729173592,0.3758680714274083
mpp,300.0,0.6432910246852952,2.6956805242013664e-06,0.24506186583648787,3109253705787948.0,2.2189316375794164e+16,1.5357919101745596e+22,3.148386873845861e+20,0.7161996932848703,0.3801905985095273
mpp,300.0,0.6432910246852952,2.8249090184044093e-06,0.2568099107640372,3460948781194736.5,2.174550881266181e+16,1.5357919101745596e+22,3.434414873105076e+20,0.7184329321519416,0.38449088993853064
mpp,300.0,0.6432910246852952,2.9581248436407344e-06,0.26892044033097584,3853293192379751.0,2.143367203964333e+16,1.5357919101745596e+22,3.7689176342107665e+20,0.7208277499351003,0.38875861651522836
mpp,300.0,0.6432910246852952,3.095243340066364e-06,0.2813857581878513,4289676440635438.0,2.1235384175516324e+16,1.5357919101745596e+22,4.156929586375398e+20,0.7233591799852417,0.39298291277274233
mpp,300.0,0.6432910246852952,3.2361591466932353e-06,0.2941962860630214,4773245009382381.0,2.113489372417196e+16,1.5357919101745596e+22,4.6036447773425703e+20,0.7260016113990557,0.39715256982079417
mpp,300.0,0.6432910246852952,3.3807457662670037e-06,0.30734052420609126,5306739745643243.0,2.1118760191249484e+16,1.5357919101745596e+22,5.114276664680638e+20,0.7287294473048265,0.4012562514276078
mpp,300.0,0.6432910246852952,3.528855337537518e-06,0.3208050306852289,5892319489742949.0,2.1175513558449876e+16,1.5357919101745596e+22,5.693879196864931e+20,0.7315176356108831,0.40528272715106317
mpp,300.0,0.6432910246852952,3.680318634473621e-06,0.33457442131578374,6531381686987262.0,2.129533400735077e+16,1.5357919101745596e+22,6.347132001686052e+20,0.7343420841958482,0.40922111480504625
mpp,300.0,0.6432910246852952,3.834945308804896e-06,0.34863139170953605,7224393853399444.0,2.146975380112315e+16,1.5357919101745596e+22,7.078096654671215e+20,0.7371799794129952,0.4130611232982854
mpp,300.0,0.6432910246852952,3.992524388356007e-06,0.3629567625778189,7970751890593912.0,2.1691383471158716e+16,1.5357919101745596e+22,7.889955486571315e+20,0.7400100275124197,0.41679328608301425
mpp,300.0,0.6432910246852952,4.152825039035608e-06,0.37752954900323704,8768681731941845.0,2.1953664461902276e+16,1.5357919101745596e+22,8.78474864090399e+20,0.742812635612284,0.42040917526184907
mpp,300.0,0.6432910246852952,4.315597593148279e-06,0.39232705392257083,9615199199784978.0,2.2250650184218796e+16,1.5357919101745596e+22,9.763128424759615e+20,0.7455700443709166,0.4239015869454722
mpp,300.0,0.6432910246852952,4.480574841046197e-06,0.40732498554965424,1.0506139128077602e+16,2.257681702754548e+16,1.5357919101745596e+22,1.0824151719536186e+21,0.7482664201011036,0.42726468978136
mpp,300.0,0.6432910246852952,4.6474735771908545e-06,0.4224975979264413,1.1436259045081922e+16,2.2926906285091852e+16,1.5357919101745596e+22,1.1965130782586933e+21,0.7508879106303898,0.43049413063836944
mpp,300.0,0.6432910246852952,4.8159963856436705e-06,0.4378178532403337,1.2399415732981232e+16,2.3295797170998264e+16,1.5357919101745596e+22,1.318155991236434e+21,0.753422667091364,0.4335870940802916
mpp,300.0,0.6432910246852952,4.985833644055812e-06,0.45325760400507387,1.3388805817857552e+16,2.3678410187310468e+16,1.5357919101745596e+22,1.4467130288394427e+21,0.755860832977995,0.4365423152443053
mpp,300.0,0.6432910246852952,5.156665719599517e-06,0.4687877926908652,1.4397255328368732e+16,2.4069639099217484e+16,1.5357919101745596e+22,1.5813838357385246e+21,0.7581945019549146,0.4393600487445534
mpp,300.0,0.6432910246852952,5.3281653251908174e-06,0.48437866592643797,1.5417538877725612e+16,2.446430879578243e+16,1.5357919101745596e+22,1.7212185273338228e+21,0.7604176466864524,0.44204199891799617
mpp,300.0,0.6432910246852952,5.5e-06,0.5,1.6442707378840664e+16,2.485715546710695e+16,1.5357919101745596e+22,1.8651457141421425e+21,0.7625260219899552,0.4445912188284891
mpp,300.0,0.6432910246852952,5.671834674809185e-06,0.5156213340735623,1.746640410561112e+16,2.5242824937396216e+16,1.5357919101745596e+22,2.0120069165549908e+21,0.7645170466010452,0.4470119867401192
mpp,300.0,0.6432910246852952,5.8433342804004825e-06,0.5312122073091348,1.848315208976895e+16,2.5615884757622044e+16,1.5357919101745596e+22,2.1605952052246101e+21,0.7663896685459488,0.4493096691714872
mpp,300.0,0.6432910246852952,6.01416635594419e-06,0.5467423959949264,1.9488600558189588e+16,2.597084584294376e+16,1.5357919101745596e+22,2.309695662532217e+21,0.7681442194272241,0.4514905791796214
mpp,300.0,0.6432910246852952,6.184003614356336e-06,0.5621821467596669,2.0479723485189104e+16,2.6302190046095364e+16,1.5357919101745596e+22,2.458125262090034e+21,0.769782262815975,0.453561837331733
mpp,300.0,0.6432910246852952,6.352526422809144e-06,0.5775024020735586,2.1454968519920644e+16,2.6604401036458836e+16,1.5357919101745596e+22,2.604769977169839e+21,0.7713064414507279,0.45553124111440213
mpp,300.0,0.6432910246852952,6.5194251589538055e-06,0.592675014450346,2.2414358923105496e+16,2.6871997097648516e+16,1.5357919101745596e+22,2.748617302560263e+21,0.7727203271634323,0.4574071465458061
mpp,300.0,0.6432910246852952,6.684402406851721e-06,0.6076729460774292,2.3359554357788868e+16,2.7099565813052868e+16,1.5357919101745596e+22,2.8887828427750894e+21,0.7740282765026496,0.4591983637359458
mpp,300.0,0.6432910246852952,6.847174960964395e-06,0.6224704509967632,2.4293878361831464e+16,2.7281801900877924e+16,1.5357919101745596e+22,3.0245301201515467e+21,0.7752352940216222,0.46091406628793713
mpp,300.0,0.6432910246852952,7.0074756116439974e-06,0.6370432374221816,2.522232122764167e+16,2.7413550508814012e+16,1.5357919101745596e+22,3.1552832362677393e+21,0.7763469042508792,0.4625637129052693
mpp,300.0,0.6432910246852952,7.165054691195103e-06,0.651368608290464,2.6151527106849e+16,2.748985891323009e+16,1.5357919101745596e+22,3.280632442541173e+21,0.7773690325669195,0.4641569784638291
mpp,300.0,0.6432910246852952,7.3196813655263815e-06,0.6654255786842165,2.708977375812918e+16,2.7506039662275092e+16,1.5357919101745596e+22,3.4003330211658685e+21,0.7783078945615479,0.4657036911677801
mpp,300.0,0.6432910246852952,7.471144662462482e-06,0.6791949693147711,2.804695275014229e+16,2.7457747675234244e+16,1.5357919101745596e+22,3.514298140091383e+21,0.7791698931467468,0.4672137722330224
mpp,300.0,0.6432910246852952,7.619254233732998e-06,0.692659475793909,2.903455732958685e+16,2.734107265379586e+16,1.5357919101745596e+22,3.622586530970297e+21,0.7799615225088946,0.46869717479194545
mpp,300.0,0.6432910246852952,7.763840853306769e-06,0.705803713936979,3.0065684687710596e+16,2.7152646441753852e+16,1.5357919101745596e+22,3.7253859577807697e+21,0.7806892781401347,0.47016381932169127
mpp,300.0,0.6432910246852952,7.904756659933636e-06,0.7186142418121487,3.115505904558503e+16,2.688976283601428e+16,1.5357919101745596e+22,3.8229935084460777e+21,0.7813595724852467,0.47162352377843747
mpp,300.0,0.6432910246852952,8.041875156359268e-06,0.7310795596690244,3.2319081805166028e+16,2.6550505025580144e+16,1.5357919101745596e+22,3.915793762585238e+21,0.7819786561874562,0.47308592767239643
mpp,300.0,0.6432910246852952,8.175090981595591e-06,0.7431900892359629,3.3575914923220724e+16,2.61338735919043e+16,1.5357919101745596e+22,4.0042358720422703e+21,0.7825525454155017,0.474560410435777
mpp,300.0,0.6432910246852952,8.304319475798637e-06,0.7549381341635124,3.4945603600024524e+16,2.5639906150486596e+16,1.5357919101745596e+22,4.0888105407289565e+21,0.7830869562171536,0.4760560055123705
mpp,300.0,0.6432910246852952,8.429496059700524e-06,0.7663178236091386,3.645024429813826e+16,2.50697785424773e+16,1.5357919101745596e+22,4.170027807657087e+21,0.7835872471857919,0.4775813125336467
mpp,300.0,0.6432910246852952,8.550575452169292e-06,0.7773250411062993,3.8114204014380696e+16,2.442587724725075e+16,1.5357919101745596e+22,4.2483964237953887e+21,0.7840583718800925,0.47914441065842117
mpp,300.0,0.6432910246852952,8.667530750362075e-06,0.7879573409420069,3.996439665168611e+16,2.3711833538388564e+16,1.5357919101745596e+22,4.3244054728376933e+21,0.7845048423663541,0.48075277657982723
mpp,300.0,0.6432910246852952,8.78035239715068e-06,0.7982138542864254,4.2030622332182776e+16,2.293251188002871e+16,1.5357919101745596e+22,4.398508724487552e+21,0.7849307049587362,0.48241321081123995
mpp,300.0,0.6432910246852952,8.889047060107317e-06,0.8080951872824834,4.434597562740091e+16,2.2093948043034892e+16,1.5357919101745596e+22,4.4711120357528196e+21,0.785339528749682,0.48413177564985305
mpp,300.0,0.6432910246852952,8.99363644542737e-06,0.8176033132206699,4.694732901129075e+16,2.1203236141341012e+16,1.5357919101745596e+22,4.542563940218211e+21,0.7857344069132536,0.48591374771172036
mpp,300.0,0.6432910246852952,9.094156068828025e-06,0.8267414608025477,4.987589842826482e+16,2.0268367856436772e+16,1.5357919101745596e+22,4.6131493997354245e+21,0.7861179701060642,0.48776358719131485
mpp,300.0,0.6432910246852952,9.190654003789586e-06,0.8355140003445078,5.317789872787834e+16,1.9298031060120828e+16,1.5357919101745596e+22,4.68308654494677e+21,0.7864924106650066,0.48968492509835965
mpp,300.0,0.6432910246852952,9.283189625591765e-06,0.8439263295992514,5.690529787643202e+16,1.8301378390685492e+16,1.5357919101745596e+22,4.752526109767953e+21,0.786859515780037,0.4916805687523104
mpp,300.0,0.6432910246852952,9.371832367526334e-06,0.8519847606842121,6.111668030270452e+16,1.728777868628031e+16,1.5357919101745596e+22,4.821553174457594e+21,0.7872207074573597,0.49375252485881227
mpp,300.0,0.6432910246852952,9.456660503517164e-06,0.8596964094106513,6.5878231466838104e+16,1.6266565271889672e+16,1.5357919101745596e+22,4.890190775319645e+21,0.7875770869123443,0.4959020386324493
mpp,300.0,0.6432910246852952,9.537759969217746e-06,0.8670690881107043,7.126485772870208e+16,1.524679485245247e+16,1.5357919101745596e+22,4.958404915026395e+21,0.7879294810452809,0.4981296467292486
mpp,300.0,0.6432910246852952,9.61522323154144e-06,0.8741112028674036,7.736145783249851e+16,1.4237029286547944e+16,1.5357919101745596e+22,5.026110514645456e+21,0.7882784888360947,0.5004352412520233
mpp,300.0,0.6432910246852952,9.689148214557948e-06,0.8808316558689044,8.426436478041851e+16,1.3245150060004182e+16,1.5357919101745596e+22,5.093177880579928e+21,0.7886245258083808,0.502818141809418
mpp,300.0,0.6432910246852952,9.759637287796798e-06,0.8872397534360725,9.208297953633731e+16,1.2278212202548778e+16,1.5357919101745596e+22,5.159439311563758e+21,0.7889678651110098,0.5052771725406444
mpp,300.0,0.6432910246852952,9.826796321260428e-06,0.8933451201145843,1.0094162085692754e+17,1.1342341087468162e+16,1.5357919101745596e+22,5.22469553594515e+21,0.7893086741979048,0.5078107411389318
mpp,300.0,0.6432910246852952,9.890733809883394e-06,0.8991576190803086,1.1098161857154898e+17,1.044267238761912e+16,1.5357919101745596e+22,5.288721740330777e+21,0.7896470465094154,0.5104169171809847
mpp,300.0,0.6432910246852952,9.951560068788844e-06,0.904687278980804,1.2236368081240392e+17,9583332725005782.0,1.5357919101745596e+22,5.351273022691105e+21,0.7899830279378467,0.5130935074534785
mpp,300.0,0.6432910246852952,1.0009386499490995e-05,0.9099442272264542,1.3527056898759824e+17,8767456435019255.0,1.5357919101745596e+22,5.412089169987624e+21,0.7903166381728436,0.5158381264156104
mpp,300.0,0.6432910246852952,1.0064324926170204e-05,0.9149386296518368,1.4991011766073754e+17,7997232456049322.0,1.5357919101745596e+22,5.470898719958313e+21,0.7906478872589671,0.5186482604071809
mpp,300.0,0.6432910246852952,1.0116487000297136e-05,0.9196806363906487,1.6651863988426115e+17,7273974639613606.0,1.5357919101745596e+22,5.527422315908659e+21,0.7909767878574944,0.5215213246694154
mpp,300.0,0.6432910246852952,1.0165983671194466e-05,0.9241803337449515,1.8536476185021037e+17,6598208675093360.0,1.5357919101745596e+22,5.581375402240581e+21,0.7913033637941744,0.5244547126640996
mpp,300.0,0.6432910246852952,1.0212924719585172e-05,0.9284477017804702,2.0675373383774067e+17,5969769209463438.0,1.5357919101745596e+22,5.632470335847233e+21,0.7916276555059127,0.5274458375378746
mpp,300.0,0.6432910246852952,1.0257418350771382e-05,0.932492577342853,2.3103226722519126e+17,5387901473467777.0,1.5357919101745596e+22,5.680418007125048e+21,0.7919497229856912,0.5304921658732906
mpp,300.0,0.6432910246852952,1.029957084380237e-05,0.9363246221638519,2.5859394954704966e+17,4851362660190410.0,1.5357919101745596e+22,5.724929073600803e+21,0.7922696467799584,0.5335912440941666
mpp,300.0,0.6432910246852952,1.03394862528089e-05,0.9399532957099002,2.8988529099188915e+17,4358519317808139.0,1.5357919101745596e+22,5.765714912362266e+21,0.7925875275284093,0.5367407180529495
mpp,300.0,0.6432910246852952,1.0377266156589495e-05,0.9433878324172269,3.254124559883901e+17,3907438018863804.5,1.5357919101745596e+22,5.802488395000578e+21,0.7929034844625253,0.5399383464289339
mpp,300.0,0.6432910246852952,1.0413009452518051e-05,0.9466372229561866,3.657487322180129e+17,3495967485606992.5,1.5357919101745596e+22,5.83496458289016e+21,0.7932176532040841,0.5431820086172965
mpp,300.0,0.6432910246852952,1.044681219088843e-05,0.9497101991716755,4.1154278601630374e+17,3121811142837320.5,1.5357919101745596e+22,5.86286143186658e+21,0.7935301831334353,0.546469707799729
mpp,300.0,0.6432910246852952,1.0478767445908384e-05,0.9526152223553077,4.635277470761476e+17,2782589717774340.0,1.5357919101745596e+22,5.885900585659494e+21,0.7938412345329814,0.5497995698677483
mpp,300.0,0.6432910246852952,1.0508965219691605e-05,0.9553604745174187,5.2253115593244717e+17,2475894007774430.5,1.5357919101745596e+22,5.903808326306437e+21,0.7941509756557853,0.5531698388284605
mpp,300.0,0.6432910246852952,1.0537492375763123e-05,0.9579538523421021,5.894857940823183e+17,2199328301672659.0,1.5357919101745596e+22,5.916316738858557e+21,0.7944595798230593,0.5565788692674807
mpp,300.0,0.6432910246852952,1.0564432598781674e-05,0.9604029635256067,6.654413978295485e+17,1950545185513869.0,1.5357919101745596e+22,5.923165136345569e+21,0.7947672226172565,0.5600251163813591
mpp,300.0,0.6432910246852952,1.0589866377385603e-05,0.9627151252168731,7.515772320404526e+17,1727272608732860.0,1.5357919101745596e+22,5.924101779777337e+21,0.7950740792087763,0.5635071240274134
mpp,300.0,0.6432910246852952,1.0613871007280374e-05,0.9648973642982158,8.492154678535756e+17,1527334153159730.8,1.5357919101745596e+22,5.918885916633088e+21,0.795380321832905,0.5670235111762267
mpp,300.0,0.6432910246852952,1.0636520611900908e-05,0.9669564192637189,9.598352679013695e+17,1348663453995535.5,1.5357919101745596e+22,5.907290149845406e+21,0.7956861174184072,0.5705729570941301
mpp,300.0,0.6432910246852952,1.0657886178196438e-05,0.9688987434724035,1.0850874326869696e+18,1189313686258523.0,1.5357919101745596e+22,5.889103137391708e+21,0.7959916253590495,0.5741541855316452
mpp,300.0,0.6432910246852952,1.0678035605296172e-05,0.9707305095723793,1.2268094014898588e+18,1047462966458721.0,1.5357919101745596e+22,5.864132610222091e+21,0.7962969954132857,0.5777659481503723
mpp,300.0,0.6432910246852952,1.0697033764018233e-05,0.9724576149107484,1.3870403298506708e+18,921416438887984.2,1.5357919101745596e+22,5.832208683216874e+21,0.7966023657144726,0.5814070073857991
mpp,300.0,0.6432910246852952,1.0714942565379982e-05,0.9740856877618166,1.56803588304088e+18,809605727645942.6,1.5357919101745596e+22,5.793187420067803e+21,0.7969078608735778,0.5850761189171864
mpp,300.0,0.6432910246852952,1.0731821036453796e-05,0.9756200942230724,1.7722822912975432e+18,710586345760855.0,1.5357919101745596e+22,5.74695459831833e+21,0.7972135901577967,0.5887720138980189
mpp,300.0,0.6432910246852952,1.07477254020873e-05,0.9770659456442999,2.002509109173679e+18,623033566031528.6,1.5357919101745596e+22,5.693429605959033e+21,0.7975196457313349,0.592493381091069
mpp,300.0,0.6432910246852952,1.0762709171170821e-05,0.9784281064700746,2.261699089729992e+18,545849868831027.25,1.5357919101745596e+22,5.633730185275822e+21,0.7978314468483825,0.5962388490504965
mpp,300.0,0.6432910246852952,1.077682322628674e-05,0.9797112023897037,2.553098014353454e+18,477902483083402.1,1.5357919101745596e+22,5.567943054860646e+21,0.798149645425109,0.6000069683891306
mpp,300.0,0.6432910246852952,1.0790115915715747e-05,0.9809196287014316,2.880218279837408e+18,418159471409400.7,1.5357919101745596e+22,5.496109169764298e+21,0.7984745135148706,0.6037961945508895
mpp,300.0,0.6432910246852952,1.0802633146903754e-05,0.9820575588094322,3.2468385925564216e+18,365691591019906.7,1.5357919101745596e+22,5.418307936497225e+21,0.7988063091731142,0.6076048711088816
mpp,300.0,0.6432910246852952,1.0814418480610833e-05,0.9831289527828031,3.656997989421963e+18,319664168083629.0,1.5357919101745596e+22,5.334659315694529e+21,0.7991452725445317,0.6114312137808918
mpp,300.0,0.6432910246852952,1.0825513225070368e-05,0.9841375659154881,4.11498297740324e+18,279329232978852.5,1.5357919101745596e+22,5.245325479135813e+21,0.7994916215633314,0.6152732953871828
mpp,300.0,0.6432910246852952,1.0835956529583215e-05,0.9850869572348377,4.625306628163432e+18,244017996816633.34,1.5357919101745596e+22,5.15051192053174e+21,0.7998455472627248,0.61912903200004
mpp,300.0,0.6432910246852952,1.0845785477058698e-05,0.9859804979144271,5.192678503541838e+18,213133723584040.78,1.5357919101745596e+22,5.05046792469761e+21,0.8002072087037339,0.6229961705586817
mpp,300.0,0.6432910246852952,1.0855035175092196e-05,0.986821379553836,5.821964396235295e+18,186145031455434.94,1.5357919101745596e+22,4.94548630899361e+21,0.8005767275502043,0.6268722782450147
mpp,300.0,0.6432910246852952,1.0863738845238655e-05,0.9876126222944233,6.518135062192893e+18,162579640463399.5,1.5357919101745596e+22,4.83590236577489e+21,0.8009541823364444,0.6307547339330196
mpp,300.0,0.6432910246852952,1.0871927910203254e-05,0.9883570827457504,7.286203407150382e+18,142018571083229.88,1.5357919101745596e+22,4.7220919543249046e+21,0.8013396024960883,0.634640722035009
mpp,300.0,0.6432910246852952,1.087963207872503e-05,0.9890574617022755,8.131149975898269e+18,124090788719925.06,1.5357919101745596e+22,4.6044687154719993e+21,0.8017329622451527,0.6385272290691482
mpp,300.0,0.6432910246852952,1.0886879427977617e-05,0.9897163116343288,9.057837078949509e+18,108468282031340.88,1.5357919101745596e+22,4.4834804111151674e+21,0.8021341744382254,0.6424110432623151
mpp,300.0,0.6432910246852952,1.0893696483353328e-05,0.9903360439412118,1.0070912468212111e+19,94861557991166.27,1.5357919101745596e+22,4.3596044231017565e+21,0.8025430845432415,0.6462887574783837
mpp,300.0,0.6432910246852952,1.0900108295533774e-05,0.9909189359576158,1.1174704121791822e+19,83015533179876.6,1.5357919101745596e+22,4.233342479891301e+21,0.8029594649061261,0.6501567757228781
mpp,300.0,0.6432910246852952,1.090613851478213e-05,0.9914671377074664,1.2373108387977834e+19,72705798646283.45,1.5357919101745596e+22,4.105214713530901e+21,0.8033830095000426,0.6540113234195931
mpp,300.0,0.6432910246852952,1.0911809462419846e-05,0.9919826784018042,1.3669474427752735e+19,63735234521355.13,1.5357919101745596e+22,3.975753181351272e+21,0.8038133293732138,0.6578484615830466
mpp,300.0,0.6432910246852952,1.091714219947416e-05,0.9924674726794691,1.5066488533596592e+19,55930950154772.74,1.5357919101745596e+22,3.8454950146276673e+21,0.8042499490222105,0.6616641049233917
mpp,300.0,0.6432910246852952,1.0922156592503055e-05,0.9929233265911869,1.6566062432570171e+19,49141525695077.08,1.5357919101745596e+22,3.7149753780553363e+21,0.8046923039221215,0.665454043819622
mpp,300.0,0.6432910246852952,1.0926871376621309e-05,0.9933519433292098,1.8169230044522646e+19,43234531592129.83,1.5357919101745596e+22,3.584720437307704e+21,0.8051397394391872,0.6692139699857154
mpp,300.0,0.6432910246852952,1.0931304215765523e-05,0.9937549287059567,1.9876057310278558e+19,38094303345784.19,1.5357919101745596e+22,3.455240536460638e+21,0.8055915113336752,0.6729395055369712
mpp,300.0,0.6432910246852952,1.0935471760247933e-05,0.9941337963861758,2.1685569584069382e+19,33619949863507.066,1.5357919101745596e+22,3.3270237811476157e+21,0.8060467880300335,0.6766262350455734
mpp,300.0,0.6432910246852952,1.0939389701658392e-05,0.9944899728780356,2.3595700678332236e+19,29723574948037.03,1.5357919101745596e+22,3.2005302078619155e+21,0.8065046547874134,0.6802697400611791
mpp,300.0,0.6432910246852952,1.0943072825181768e-05,0.9948248022892516,2.5603266954198807e+19,26328692660521.64,1.5357919101745596e+22,3.076186695179851e+21,0.8069641198473163,0.6838656354703513
mpp,300.0,0.6432910246852952,1.0946535059404077e-05,0.9951395508549161,2.7703968892954104e+19,23368818553452.87,1.5357919101745596e+22,2.954382740483506e+21,0.80742412256818,0.6874096069840544
mpp,300.0,0.6432910246852952,1.0949789523685387e-05,0.9954354112441262,2.9892421414575596e+19,20786220012071.938,1.5357919101745596e+22,2.83546718821965e+21,0.807883543482086,0.6908974489806952
mpp,300.0,0.6432910246852952,1.0952848573180955e-05,0.9957135066528141,3.216221290339252e+19,18530810162441.23,1.5357919101745596e+22,2.7197459552710673e+21,0.8083412161302422,0.6943251018976062
mpp,300.0,0.6432910246852952,1.0955723841594418e-05,0.9959748946904017,3.450599154989908e+19,16559170985224.855,1.5357919101745596e+22,2.6074807583333737e+21,0.8087959404559916,0.6976886883593802
mpp,300.0,0.6432910246852952,1.0958426281748313e-05,0.9962205710680284,3.6915576318478885e+19,14833692407753.049,1.5357919101745596e+22,2.4988888096347946e+21,0.8092464974616742,0.7009845472580886
mpp,300.0,0.6432910246852952,1.0960966204057819e-05,0.9964514730961654,3.938208870470387e+19,13321815227992.602,1.5357919101745596e+22,2.394143413564569e+21,0.809691664773506,0.7042092650573065
mpp,300.0,0.6432910246852952,1.0963353312993623e-05,0.9966684829994202,4.189610052799785e+19,11995366750052.191,1.5357919101745596e+22,2.2933753687866485e+21,0.8101302327109914,0.7073597036762124
mpp,300.0,0.6432910246852952,1.0965596741619176e-05,0.9968724310562888,4.444779238762695e+19,10829978980593.2,1.5357919101745596e+22,2.1966750601129894e+21,0.8105610204276725,0.7104330244175499
mpp,300.0,0.6432910246852952,1.0967705084286636e-05,0.9970640985715125,4.702711711660278e+19,9804580149089.037,1.5357919101745596e+22,2.104095111466246e+21,0.8109828916802828,0.7134267075280334
mpp,300.0,0.6432910246852952,1.0969686427574233e-05,0.9972442206885668,4.962396261181665e+19,8900951172669.176,1.5357919101745596e+22,2.0156534660954873e+21,0.8113947697943895,0.7163385671154003
mpp,300.0,0.6432910246852952,1.0971548379546137e-05,0.9974134890496489,5.222830877039273e+19,8103339489149.867,1.5357919101745596e+22,1.9313367617584877e+21,0.8117956514255316,0.7191667612858483
mpp,300.0,0.6432910246852952,1.0973298097413808e-05,0.9975725543103462,5.483037387827231e+19,7398123430753.462,1.5357919101745596e+22,1.8511038760194678e+21,0.8121846187635374,0.7219097975022555
mpp,300.0,0.6432910246852952,1.0974942313675674e-05,0.9977220285159705,5.742074660788502e+19,6773521006970.336,1.5357919101745596e+22,1.7748895285932007e+21,0.8125608498908351,0.7245665332915205
mpp,300.0,0.6432910246852952,1.0976487360809517e-05,0.9978624873463197,5.999050072034219e+19,6219337609303.859,1.5357919101745596e+22,1.7026078427142326e+21,0.8129236270789701,0.7271361725431944
mpp,300.0,0.6432910246852952,1.097793919458954e-05,0.9979944722354128,6.2531290551290765e+19,5726747744396.774,1.5357919101745596e+22,1.6341557841155292e+21,0.8132723428867368,0.729618257738009
mpp,300.0,0.6432910246852952,1.0979303416097527e-05,0.9981184923725025,6.503542632845439e+19,5288106446961.237,1.5357919101745596e+22,1.569416413534536e+21,0.8136065040036323,0.7320126585209513
mpp,300.0,0.6432910246852952,1.0980585292494814e-05,0.9982350265904376,6.749592925847169e+19,4896786521496.519,1.5357919101745596e+22,1.5082619054059018e+21,0.8139257328595724,0.7343195570886553
mpp,300.0,0.6432910246852952,1.0981789776619278e-05,0.9983445251472072,6.990656709001868e+19,4547038214048.5205,1.5357919101745596e+22,1.4505563009272408e+21,0.8142297670922316,0.7365394308948472
mpp,300.0,0.6432910246852952,1.0982921525468846e-05,0.9984474114062588,7.2261871490381545e+19,4233868324263.198,1.5357919101745596e+22,1.3961579776125153e+21,0.8145184570242034,0.7386730331919047
mpp,300.0,0.6432910246852952,1.0983984917630406e-05,0.998544083420946,7.455713903286862e+19,3952936136105.4873,1.5357919101745596e+22,1.3449218290436462e+21,0.8147917613513914,0.7407213719230826
mpp,300.0,0.6432910246852952,1.0984984069710465e-05,0.9986349154282241,7.678841790912805e+19,3700463875314.244,1.5357919101745596e+22,1.2967011582722355e+21,0.8150497412806702,0.7426856874613722
mpp,300.0,0.6432910246852952,1.0985922851821332e-05,0.9987202592564848,7.895248264133476e+19,3473159695580.2275,1.5357919101745596e+22,1.2513492956922548e+21,0.815292553378661,0.7445674296601457
mpp,300.0,0.6432910246852952,1.0986804902174117e-05,0.9988004456521924,8.104679910954612e+19,3268151456279.1494,1.5357919101745596e+22,1.208720957733436e+21,0.8155204414050125,0.7463682346406447
mpp,300.0,0.6432910246852952,1.0987633640827416e-05,0.9988757855297651,8.306948214341865e+19,3082929785071.905,1.5357919101745596e+22,1.1686733664295295e+21,0.8157337274039551,0.748089901694938
mpp,300.0,0.6432910246852952,1.0988412282638214e-05,0.9989465711489285,8.50192477819351e+19,2915299121514.7007,1.5357919101745596e+22,1.1310671521233751e+21,0.8159328023186614,0.7497343706328586
mpp,300.0,0.6432910246852952,1.098914384945923e-05,0.9990130772235664,8.689536210622321e+19,2763335615628.3584,1.5357919101745596e+22,1.0957670625764597e+21,0.816118116375825,0.7513036998500351
mpp,300.0,0.6432910246852952,1.0989831181624756e-05,0.9990755619658869,8.869758831434434e+19,2625350910711.011,1.5357919101745596e+22,1.0626425017307517e+21,0.8162901694647358,0.7528000453431755
mpp,300.0,0.6432910246852952,1.099047694876486e-05,0.9991342680695328,9.042613345679167e+19,2499860974915.3076,1.5357919101745596e+22,1.0315679206427129e+21,0.8164495017078266,0.7542256408501089
mpp,300.0,0.6432910246852952,1.0991083659985862e-05,0.9991894236350785,9.208159600132019e+19,2385559263506.1704,1.5357919101745596e+22,1.002423081862654e+21,0.8165966843898943,0.7555827792467332
mpp,300.0,0.6432910246852952,1.0991653673452932e-05,0.9992412430411757,9.366491515389644e+19,2281293595357.2495,1.5357919101745596e+22,9.75093216916937e+20,0.8167323113824619,0.7568737952916768
mpp,300.0,0.6432910246852952,1.0992189205408847e-05,0.9992899277644407,9.517732264397383e+19,2186046215011.1616,1.5357919101745596e+22,9.494690947850481e+20,0.8168569911693723,0.7581010497728943
mpp,300.0,0.6432910246852952,1.099269233866112e-05,0.999335667151011,9.662029747815046e+19,2098916587269.0122,1.5357919101745596e+22,9.254470173154054e+20,0.8169713395506927,0.7592669150785423
mpp,300.0,0.6432910246852952,1.0993165030567958e-05,0.9993786391425417,9.79955240020103e+19,2019106536330.3987,1.5357919101745596e+22,9.029287557280207e+20,0.8170759730751751,0.7603737621874537
mpp,300.0,0.6432910246852952,1.0993609120551912e-05,0.9994190109592647,9.930485345617832e+19,1945907397364.028,1.5357919101745596e+22,8.818214404476389e+20,0.817171503227407,0.7614239490522072
mpp,300.0,0.6432910246852952,1.0994026337168478e-05,0.999456939742589,1.0055026910000203e+20,1878688896289.3262,1.5357919101745596e+22,8.620374148752494e+20,0.817258531374753,0.7624198103297783
mpp,300.0,0.6432910246852952,1.0994418304755431e-05,0.9994925731595847,1.0173385487690878e+20,1816889514572.619,1.5357919101745596e+22,8.434940620932602e+20,0.8173376444613695,0.7633636484007356
mpp,300.0,0.6432910246852952,1.0994786549687217e-05,0.9995260499715652,1.0285776752308575e+20,1760008130937.6353,1.5357919101745596e+22,8.261136120885809e+20,0.8174094114220029,0.7642577256075728
mpp,300.0,0.6432910246852952,1.0995132506257437e-05,0.999557500568858,1.039242119668335e+20,1707596761898.7993,1.5357919101745596e+22,8.09822935812247e+20,0.8174743802768305,0.7651042576354766
mpp,300.0,0.6432910246852952,1.099545752221112e-05,0.9995870474737383,1.0493541982800593e+20,1659254248664.5156,1.5357919101745596e+22,7.945533312782964e+20,0.8175330758600587,0.7659054079542625
mpp,300.0,0.6432910246852952,1.0995762863947264e-05,0.9996148058133876,1.0589363079893587e+20,1614620759860.1243,1.5357919101745596e+22,7.802403059108288e+20,0.8175859981291026,0.7666632832378614
mpp,300.0,0.6432910246852952,1.0996049721411005e-05,0.9996408837646369,1.0680107668210695e+20,1573372998209.1814,1.5357919101745596e+22,7.668233585643707e+20,0.8176336209976258,0.7673799296775038
mpp,300.0,0.6432910246852952,1.0996319212693658e-05,0.9996653829721508,1.076599678439931e+20,1535220015289.8586,1.5357919101745596e+22,7.542457638521158e+20,0.8176763916341704,0.768057330105651
mpp,300.0,0.6432910246852952,1.0996572388357787e-05,0.999688398941617,1.0847248185849617e+20,1499899552105.1372,1.5357919101745596e+22,7.42454360900864e+20,0.8177147301682515,0.7686974018502128
mpp,300.0,0.6432910246852952,1.0996810235503576e-05,0.999710021409416,1.0924075410870944e+20,1467174834850.3687,1.5357919101745596e+22,7.313993480630842e+20,0.8177490297473019,0.7693019952417817
mpp,300.0,0.6432910246852952,1.0997033681591765e-05,0.9997303346901605,1.099668701349195e+20,1436831765206.6943,1.5357919101745596e+22,7.210340847614579e+20,0.8177796568904114,0.7698728927005141
mpp,300.0,0.6432910246852952,1.0997243598037532e-05,0.9997494180034121,1.1065285952524218e+20,1408676452989.062,1.5357919101745596e+22,7.113149012656302e+20,0.8178069520881697,0.7704118083336355
mpp,300.0,0.6432910246852952,1.099744080358895e-05,0.9997673457808136,1.113006911606454e+20,1382533046236.662,1.5357919101745596e+22,7.022009169242923e+20,0.8178312306018317,0.7709203879793393
mpp,300.0,0.6432910246852952,1.0997626067502723e-05,0.999784187954793,1.1191226964127957e+20,1358241820062.9731,1.5357919101745596e+22,6.936538671564105e+20,0.8178527834192616,0.7714002096374057
mpp,300.0,0.6432910246852952,1.0997800112529352e-05,0.9998000102299411,1.1248943273666049e+20,1335657490886.5315,1.5357919101745596e+22,6.856379393187284e+20,0.817871878329532,0.771852784232045
mpp,300.0,0.6432910246852952,1.0997963617718971e-05,0.9998148743380884,1.1303394971677496e+20,1314647727241.7627,1.5357919101745596e+22,6.781196174315537e+20,0.8178887610824658,0.7722795566568517
mpp,300.0,0.6432910246852952,1.0998117221058578e-05,0.9998288382780526,1.1354752043600827e+20,1295091832263.9812,1.5357919101745596e+22,6.710675356305441e+20,0.817903656603744,0.77268190705667
mpp,300.0,0.6432910246852952,1.0998261521950722e-05,0.9998419565409749,1.140317750554385e+20,1276879576301.3438,1.5357919101745596e+22,6.644523401311095e+20,0.8179167702403366,0.7730611523055219
mpp,300.0,0.6432910246852952,1.099839708354309e-05,0.9998542803220991,1.1448827430211715e+20,1259910160991.4731,1.5357919101745596e+22,6.582465594344646e+20,0.8179282890148974,0.7734185476438823
mpp,300.0,0.6432910246852952,1.0998524434917892e-05,0.9998658577198084,1.1491851017621584e+20,1244091298610.8936,1.5357919101745596e+22,6.524244824601448e+20,0.8179383828713591,0.7737552884426837
mpp,300.0,0.6432910246852952,1.0998644073149468e-05,0.9998767339226788,1.1532390702535225e+20,1229338392640.5095,1.5357919101745596e+22,6.469620442482209e+20,0.8179472058972267,0.7740725120650431
mpp,300.0,0.6432910246852952,1.0998756465237942e-05,0.9998869513852675,1.1570582291941614e+20,1215573807327.068,1.5357919101745596e+22,6.418367188815909e+20,0.817954897511006,0.7743712998001283
mpp,300.0,0.6432910246852952,1.0998862049926409e-05,0.9998965499933099,1.1606555126625174e+20,1202726215601.1833,1.5357919101745596e+22,6.370274192571193e+20,0.8179615836058015,0.7746526788467765
mpp,300.0,0.6432910246852952,1.0998961239408573e-05,0.9999055672189612,1.1640432261256846e+20,1190730016081.1802,1.5357919101745596e+22,6.32514403311912e+20,0.8179673776423926,0.7749176243273241
mpp,300.0,0.6432910246852952,1.099905442093346e-05,0.9999140382666782,1.1672330659191259e+20,1179524811073.0608,1.5357919101745596e+22,6.282791863724076e+20,0.8179723816870605,0.7751670613147387
mpp,300.0,0.6432910246852952,1.0999141958313349e-05,0.9999219962103045,1.1702361397369918e+20,1169054938497.9153,1.5357919101745596e+22,6.243044592228986e+20,0.8179766873911167,0.7754018668585247
mpp,300.0,0.6432910246852952,1.0999224193340739e-05,0.9999294721218854,1.1730629878866923e+20,1159269051564.6238,1.5357919101745596e+22,6.20574011588263e+20,0.8179803769104814,0.7756228719970021
mpp,300.0,0.6432910246852952,1.0999301447119812e-05,0.9999364951927101,1.175723604949713e+20,1150119740773.4878,1.5357919101745596e+22,6.170726606514925e+20,0.8179835237648378,0.7758308637454499
mpp,300.0,0.6432910246852952,1.0999374021317546e-05,0.9999430928470496,1.1782274616944475e+20,1141563193498.2678,1.5357919101745596e+22,6.137861843253643e+20,0.8179861936368265,0.7760265870514311
mpp,300.0,0.6432910246852952,1.0999442199339309e-05,0.9999492908490282,1.1805835269770768e+20,1133558886980.1406,1.5357919101745596e+22,6.107012589376084e+20,0.817988445112505,0.7762107467099848
mpp,300.0,0.6432910246852952,1.0999506247433445e-05,0.9999551134030404,1.1828002895111433e+20,1126069311066.831,1.5357919101745596e+22,6.078054010624108e+20,0.8179903303648887,0.7763840092327938
mpp,300.0,0.6432910246852952,1.0999566415729164e-05,0.9999605832481058,1.1848857793671882e+20,1119059717467.5293,1.5357919101745596e+22,6.050869132202245e+20,0.8179918957828265,0.7765470046666864
mpp,300.0,0.6432910246852952,1.0999622939211742e-05,0.9999657217465221,1.1868475890667792e+20,1112497892681.2769,1.5357919101745596e+22,6.025348331756197e+20,0.8179931825477956,0.7767003283577503
mpp,300.0,0.6432910246852952,1.0999676038638799e-05,0.9999705489671635,1.1886928942172045e+20,1106353952087.9536,1.5357919101745596e+22,6.001388866077396e+20,0.8179942271614089,0.7768445426583239
mpp,300.0,0.6432910246852952,1.0999725921401199e-05,0.9999750837637453,1.1904284736077904e+20,1100600152982.665,1.5357919101745596e+22,5.978894429204612e+20,0.8179950619265605,0.7769801785749333
mpp,300.0,0.6432910246852952,1.099977278233193e-05,0.9999793438483573,1.1920607286988602e+20,1095210724593.6146,1.5357919101745596e+22,5.957774739729259e+20,0.8179957153851974,0.7771077373558317
mpp,300.0,0.6432910246852952,1.0999816804466099e-05,0.9999833458605545,1.1935957024838872e+20,1090161713340.4681,1.5357919101745596e+22,5.937945155395317e+20,0.8179962127157043,0.7772276920175649
mpp,300.0,0.6432910246852952,1.0999858159754965e-05,0.9999871054322695,1.1950390976924438e+20,1085430841795.9045,1.5357919101745596e+22,5.919326313143625e+20,0.8179965760928416,0.7773404888102615
mpp,300.0,0.6432910246852952,1.0999897009736801e-05,0.9999906372488001,1.1963962943133095e+20,1080997379978.8943,1.5357919101745596e+22,5.901843792846443e+20,0.8179968250131053,0.7774465486219387
mpp,300.0,0.6432910246852952,1.0999933506167206e-05,0.9999939551061097,1.1976723664231612e+20,1076842027759.927,1.5357919101745596e+22,5.885427803090119e+20,0.8179969765882634,0.7775462683224643
mpp,300.0,0.6432910246852952,1.0999967791611283e-05,0.999997071964662,1.1988720983255047e+20,1072946807296.9691,1.5357919101745596e+22,5.870012887559708e+20,0.817997045809704,0.7776400220480033
mpp,300.0,0.6432910246852952,1.1e-05,1.0,1.2e+20,1069294964533.6604,1.5357919101745596e+22,5.8555376506080605e+20,0.8179970457860878,0.7777281624271339
