condition,T_K,V_V,x_cm,x_fraction,n_cm3,p_cm3,G_cm3s,R_cm3s,QFLS_eV,phi_V
sc,125.0,0,0.0,0.0,1873420898460547.8,1.2e+20,1.5357919101745596e+22,2.2008907126929907e+21,1.1461013210650146,0.0
sc,125.0,0,7.86438789518451e-12,7.149443541076828e-07,1876247830044902.2,1.1997284672106375e+20,1.5357919101745596e+22,2.2037130224973424e+21,1.1461013520398904,2.172316896960865e-05
sc,125.0,0,1.5852610367572685e-11,1.4411463970520622e-06,1879119803583412.8,1.199452708049569e+20,1.5357919101745596e+22,2.206578945510401e+21,1.1461013593843248,4.3784469006454577e-05
sc,125.0,0,2.3966617162196613e-11,2.1787833783815103e-06,1882037545206640.5,1.1991726575486902e+20,1.5357919101745596e+22,2.209489142367212e+21,1.146101342042154,6.618910017380465e-05
sc,125.0,0,3.2208388717036575e-11,2.9280353379124158e-06,1885001793022616.0,1.1988882497677042e+20,1.5357919101745596e+22,2.2124442832863313e+21,1.1461012989224089,8.894234051163448e-05
sc,125.0,0,4.0579936646634174e-11,3.689085149694016e-06,1888013297323249.0,1.1985994177804286e+20,1.5357919101745596e+22,2.215445048195311e+21,1.1461012288983372,0.00011204954714426822
sc,125.0,0,4.9083304228147994e-11,4.462118566195272e-06,1891072820792854.5,1.1983060936611208e+20,1.5357919101745596e+22,2.2184921268558163e+21,1.1461011308064049,0.00013551615738744387
sc,125.0,0,5.7720566905727906e-11,5.247324264157083e-06,1894181138724186.0,1.1980082084702726e+20,1.5357919101745596e+22,2.2215862189933577e+21,1.1461010034452712,0.00015934768989839533
sc,125.0,0,6.649383279366816e-11,6.044893890333469e-06,1897339039235296.0,1.1977056922405542e+20,1.5357919101745596e+22,2.2247280344252516e+21,1.1461008455747417,0.00018354974581477783
sc,125.0,0,7.540524319055164e-11,6.855022108231967e-06,1900547323491590.5,1.1973984739624886e+20,1.5357919101745596e+22,2.2279182931906677e+21,1.1461006559146971,0.00020812800991590707
sc,125.0,0,8.44569730995004e-11,7.677906645409127e-06,1903806805931317.2,1.1970864815700297e+20,1.5357919101745596e+22,2.2311577256812513e+21,1.1461004331439961,0.0002330882517925815
sc,125.0,0,9.365123176369172e-11,8.513748342153793e-06,1907118314497736.2,1.1967696419257359e+20,1.5357919101745596e+22,2.2344470727753e+21,1.1461001758993543,0.00025843632705048697
sc,125.0,0,1.0299026319943172e-10,9.362751199948338e-06,1910482690871819.2,1.1964478808061469e+20,1.5357919101745596e+22,2.2377870859692923e+21,1.1460998827741966,0.0002841781784980851
sc,125.0,0,1.1247634674693696e-10,1.0225122431539724e-05,1913900790712794.2,1.1961211228866647e+20,1.5357919101745596e+22,2.2411785275139568e+21,1.1460995523174853,0.00031031983737427944
sc,125.0,0,1.2211179762539047e-10,1.1101072511399135e-05,1917373483901361.8,1.1957892917264245e+20,1.5357919101745596e+22,2.244622170549625e+21,1.1460991830325193,0.0003368674245785327
sc,125.0,0,1.3189896749532525e-10,1.199081522684775e-05,1920901654787238.0,1.1954523097530447e+20,1.5357919101745596e+22,2.2481187992423637e+21,1.1460987733757093,0.00036382715191157045
sc,125.0,0,1.418402450356626e-10,1.2894567730514783e-05,1924486202443465.8,1.1951100982470107e+20,1.5357919101745596e+22,2.2516692089233324e+21,1.146098321755325,0.00039120532334655655
sc,125.0,0,1.519380565219719e-10,1.3812550592906536e-05,1928128040922706.5,1.1947625773261598e+20,1.5357919101745596e+22,2.2552742062264182e+21,1.1460978265302142,0.0004190083362934237
sc,125.0,0,1.6219486642243818e-10,1.474498785658529e-05,1931828099521395.2,1.1944096659297006e+20,1.5357919101745596e+22,2.258934609229714e+21,1.1460972860084948,0.00044724268290145445
sc,125.0,0,1.7261317799505126e-10,1.5692107090459206e-05,1935587323046252.2,1.194051281802354e+20,1.5357919101745596e+22,2.262651247595563e+21,1.1460966984462184,0.0004759149513543806
sc,125.0,0,1.8319553390006016e-10,1.6654139445460014e-05,1939406672087762.5,1.1936873414781144e+20,1.5357919101745596e+22,2.2664249627134688e+21,1.1460960620460052,0.0005050318271963372
sc,125.0,0,1.939445168173126e-10,1.7631319710664783e-05,1943287123297461.5,1.1933177602639936e+20,1.5357919101745596e+22,2.2702566078424605e+21,1.1460953749556506,0.0005346000946597484
sc,125.0,0,2.0486275007947086e-10,1.8623886370860987e-05,1947229669672517.8,1.1929424522233984e+20,1.5357919101745596e+22,2.2741470482563345e+21,1.1460946352667016,0.000564626638025032
sc,125.0,0,2.159528983095016e-10,1.9632081664500145e-05,1951235320843880.2,1.1925613301595277e+20,1.5357919101745596e+22,2.2780971613882488e+21,1.1460938410130042,0.0005951184429798336
sc,125.0,0,2.2721766807037856e-10,2.065615164276169e-05,1955305103370765.5,1.1921743055985315e+20,1.5357919101745596e+22,2.2821078369766725e+21,1.1460929901692207,0.0006260825979992538
sc,125.0,0,2.3865980852272316e-10,2.169634622933847e-05,1959440061040107.5,1.1917812887725803e+20,1.5357919101745596e+22,2.2861799772117499e+21,1.1460920806493162,0.0006575262957349248
sc,125.0,0,2.5028211210015303e-10,2.2752919281832096e-05,1963641255174323.5,1.1913821886025218e+20,1.5357919101745596e+22,2.2903144968849077e+21,1.1460911103050158,0.0006894568344393846
sc,125.0,0,2.6208741518463083e-10,2.382612865314826e-05,1967909764941459.2,1.1909769126807349e+20,1.5357919101745596e+22,2.2945123235357663e+21,1.1460900769242284,0.0007218816193766679
sc,125.0,0,2.7407859880196337e-10,2.4916236254723945e-05,1972246687674749.0,1.1905653672534696e+20,1.5357919101745596e+22,2.2987743976032135e+21,1.1460889782294428,0.0007548081642740635
sc,125.0,0,2.8625858932157523e-10,2.60235081201432e-05,1976653139195937.5,1.1901474572032616e+20,1.5357919101745596e+22,2.303101672574753e+21,1.1460878118760875,0.000788244092770979
sc,125.0,0,2.986303591691053e-10,2.7148214469918663e-05,1981130254145572.2,1.1897230860311246e+20,1.5357919101745596e+22,2.3074951151371876e+21,1.146086575450864,0.0008221971398879496
sc,125.0,0,3.1119692755365857e-10,2.8290629777605325e-05,1985679186321384.2,1.1892921558384592e+20,1.5357919101745596e+22,2.3119557053296804e+21,1.1460852664700427,0.0008566751535203455
sc,125.0,0,3.239613612005532e-10,2.9451032836413926e-05,1990301109020806.0,1.1888545673090096e+20,1.5357919101745596e+22,2.316484436695023e+21,1.1460838823777313,0.000891686095931162
sc,125.0,0,3.3692677510299696e-10,3.062970682754518e-05,1994997215393194.2,1.1884102196904223e+20,1.5357919101745596e+22,2.3210823164342881e+21,1.1460824205441058,0.0009272380452792619
sc,125.0,0,3.5009633327559573e-10,3.182693938869052e-05,1999768718795359.2,1.1879590107759564e+20,1.5357919101745596e+22,2.3257503655585186e+21,1.1460808782636125,0.0009633391971356611
sc,125.0,0,3.634732495304549e-10,3.304302268458681e-05,2004616853158178.5,1.1875008368856739e+20,1.5357919101745596e+22,2.3304896190450334e+21,1.1460792527531345,0.0009999978660442798
sc,125.0,0,3.770607882569443e-10,3.427825347790403e-05,2009542873357126.8,1.1870355928477716e+20,1.5357919101745596e+22,2.3353011259905779e+21,1.1460775411501263,0.0010372224870747097
sc,125.0,0,3.908622652197824e-10,3.55329332017984e-05,2014548055592859.2,1.1865631719795596e+20,1.5357919101745596e+22,2.340185949767871e+21,1.146075740510714,0.0010750216174066228
sc,125.0,0,4.048810483650578e-10,3.680736803318707e-05,2019633697777237.0,1.1860834660684487e+20,1.5357919101745596e+22,2.3451451681801573e+21,1.1460738478077617,0.0011134039379168035
sc,125.0,0,4.191205586421276e-10,3.8101868967466146e-05,2024801119928871.0,1.185596365352704e+20,1.5357919101745596e+22,2.3501798736181e+21,1.1460718599289041,0.0011523782547899668
sc,125.0,0,4.335842708358961e-10,3.9416751894172375e-05,2030051664575338.5,1.1851017585020928e+20,1.5357919101745596e+22,2.3552911732153807e+21,1.1460697736745475,0.001191953501137709
sc,125.0,0,4.482757144155802e-10,4.075233767414366e-05,2035386697164994.2,1.1845995325982836e+20,1.5357919101745596e+22,2.3604801890060796e+21,1.1460675857558313,0.0012321387386416854
sc,125.0,0,4.631984743932449e-10,4.210895221756772e-05,2040807606485575.0,1.1840895731152368e+20,1.5357919101745596e+22,2.3657480580807215e+21,1.1460652927925616,0.001272943159201991
sc,125.0,0,4.783561921957724e-10,4.348692656325204e-05,2046315805091668.2,1.1835717638994643e+20,1.5357919101745596e+22,2.371095932742767e+21,1.1460628913111066,0.0013143760866001235
sc,125.0,0,4.937525665545395e-10,4.488659695950359e-05,2051912729741970.5,1.1830459871500465e+20,1.5357919101745596e+22,2.3765249806661625e+21,1.1460603777422576,0.0013564469781875354
sc,125.0,0,5.093913544079176e-10,4.630830494617433e-05,2057599841845540.8,1.1825121233985379e+20,1.5357919101745596e+22,2.382036385052887e+21,1.1460577484190586,0.0013991654265857077
sc,125.0,0,5.252763718117115e-10,4.775239743742832e-05,2063378627914608.2,1.1819700514889263e+20,1.5357919101745596e+22,2.387631344787873e+21,1.1460549995745983,0.0014425411613837
sc,125.0,0,5.414114948721904e-10,4.9219226806562766e-05,2069250600029933.2,1.1814196485572169e+20,1.5357919101745596e+22,2.3933110745968987e+21,1.1460521273397706,0.0014865840508724863
sc,125.0,0,5.578006606901109e-10,5.0709150971828265e-05,2075217296314229.0,1.1808607900110304e+20,1.5357919101745596e+22,2.3990768052025274e+21,1.1460491277409985,0.0015313041037836052
sc,125.0,0,5.744478683175624e-10,5.222253348341477e-05,2081280281414844.0,1.1802933495091891e+20,1.5357919101745596e+22,2.404929783479438e+21,1.1460459966979257,0.0015767114710363642
sc,125.0,0,5.91357179736185e-10,5.375974361238045e-05,2087441146998724.8,1.1797171989409568e+20,1.5357919101745596e+22,2.4108712726115223e+21,1.1460427300210725,0.0016228164475161268
sc,125.0,0,6.085327208414926e-10,5.532115644013569e-05,2093701512254541.0,1.1791322084054471e+20,1.5357919101745596e+22,2.416902552244969e+21,1.14603932340946,0.0016696294738412032
sc,125.0,0,6.259786824534542e-10,5.690715295031401e-05,2100063024408936.5,1.1785382461906095e+20,1.5357919101745596e+22,2.423024918644628e+21,1.1460357724481984,0.0017171611381724548
sc,125.0,0,6.436993213319586e-10,5.851812012108715e-05,2106527359249717.5,1.177935178752503e+20,1.5357919101745596e+22,2.429239684845819e+21,1.1460320726060438,0.0017654221780064776
sc,125.0,0,6.61698961216095e-10,6.0154451019645006e-05,2113096221663043.2,1.1773228706942752e+20,1.5357919101745596e+22,2.4355481808081304e+21,1.1460282192329196,0.0018144234820030582
sc,125.0,0,6.799819938774765e-10,6.181654489795241e-05,2119771346180920.8,1.1767011847450524e+20,1.5357919101745596e+22,2.4419517535673935e+21,1.1460242075574076,0.00186417609181935
sc,125.0,0,6.985528801894402e-10,6.350480728994912e-05,2126554497540463.8,1.1760699817387916e+20,1.5357919101745596e+22,2.448451767386535e+21,1.1460200326842038,0.001914691203954815
sc,125.0,0,7.174161512115141e-10,6.521965011013764e-05,2133447471253985.2,1.1754291205931493e+20,1.5357919101745596e+22,2.455049603904546e+21,1.1460156895915439,0.0019659801716043054
sc,125.0,0,7.365764092976956e-10,6.696149175433597e-05,2140452094194061.5,1.1747784582881201e+20,1.5357919101745596e+22,2.461746662286793e+21,1.1460111731285962,0.0020180545065415197
sc,125.0,0,7.560383292083972e-10,6.873075720076338e-05,2147570225185829.0,1.1741178498450522e+20,1.5357919101745596e+22,2.4685443593688617e+21,1.146006478012824,0.002070925880977016
sc,125.0,0,7.758066592602475e-10,7.052787811456795e-05,2154803755619697.0,1.1734471483048749e+20,1.5357919101745596e+22,2.4754441298060955e+21,1.1460015988273138,0.0021246061294826818
sc,125.0,0,7.958862224722307e-10,7.235329295202098e-05,2162154610069503.8,1.1727662047070817e+20,1.5357919101745596e+22,2.482447426214269e+21,1.145996530018079,0.0021791072508687
sc,125.0,0,8.162819177441882e-10,7.420744706765348e-05,2169624746928579.0,1.1720748680682747e+20,1.5357919101745596e+22,2.4895557193128136e+21,1.1459912658913276,0.0022344414101098217
sc,125.0,0,8.369987210505857e-10,7.609079282278053e-05,2177216159059077.2,1.1713729853607748e+20,1.5357919101745596e+22,2.496770498065504e+21,1.1459858006107047,0.0022906209402732956
sc,125.0,0,8.580416866495465e-10,7.800378969541333e-05,2184930874453732.2,1.1706604014912607e+20,1.5357919101745596e+22,2.5040932698174375e+21,1.1459801281945048,0.0023476583444473073
sc,125.0,0,8.794159483138664e-10,7.994690439216967e-05,2192770956913587.5,1.1699369592793904e+20,1.5357919101745596e+22,2.511525560431119e+21,1.1459742425128567,0.002405566297686935
sc,125.0,0,9.011267205821794e-10,8.19206109620163e-05,2200738506740609.8,1.1692024994365001e+20,1.5357919101745596e+22,2.5190689144206346e+21,1.1459681372848813,0.002464357648971386
sc,125.0,0,9.231793000253896e-10,8.392539091139906e-05,2208835661443605.5,1.1684568605444063e+20,1.5357919101745596e+22,2.526724895080887e+21,1.145961806075823,0.002524045423157998
sc,125.0,0,9.455790665399698e-10,8.596173332181545e-05,2217064596462736.2,1.1676998790339556e+20,1.5357919101745596e+22,2.5344950846172934e+21,1.1459552422941546,0.002584642822963111
sc,125.0,0,9.683314846528623e-10,8.803013496844203e-05,2225427525906808.2,1.166931389164022e+20,1.5357919101745596e+22,2.5423810842691397e+21,1.1459484391886605,0.0026461632309271103
sc,125.0,0,9.914421048550782e-10,9.013110044137074e-05,2233926703309860.8,1.1661512230003946e+20,1.5357919101745596e+22,2.550384514433331e+21,1.1459413898454938,0.002708620211408537
sc,125.0,0,1.014916564950563e-09,9.226514226823301e-05,2242564422402112.8,1.1653592103947557e+20,1.5357919101745596e+22,2.5585070147816165e+21,1.1459340871852108,0.002772027512569466
sc,125.0,0,1.0387605914276564e-09,9.443278103887787e-05,2251343017899220.2,1.164555178963761e+20,1.5357919101745596e+22,2.566750244375758e+21,1.1459265239597867,0.002836399068370519
sc,125.0,0,1.0629800008555845e-09,9.663454553232587e-05,2260264866310543.5,1.1637389540682723e+20,1.5357919101745596e+22,2.5751158817803485e+21,1.1459186927496066,0.0029017490005805733
sc,125.0,0,1.0875807012974414e-09,9.887097284522195e-05,2269332386763108.5,1.1629103587928126e+20,1.5357919101745596e+22,2.5836056251692566e+21,1.1459105859604415,0.0029680916207765274
sc,125.0,0,1.1125686937469846e-09,0.00010114260852245316,2278548041844865.0,1.1620692139250101e+20,1.5357919101745596e+22,2.592221192428348e+21,1.1459021958204043,0.003035441432351338
sc,125.0,0,1.1379500735910763e-09,0.00010345000669009785,2287914338468542.5,1.161215337935288e+20,1.5357919101745596e+22,2.600964321255443e+21,1.1458935143768894,0.003103813132533596
sc,125.0,0,1.1637310320904425e-09,0.00010579373019004024,2297433828753390.0,1.160348546956924e+20,1.5357919101745596e+22,2.609836769254502e+21,1.145884533493497,0.0031732216143972106
sc,125.0,0,1.1899178578885228e-09,0.00010817435071713843,2307109110928288.0,1.159468654765925e+20,1.5357919101745596e+22,2.618840314025121e+21,1.1458752448469436,0.0032436819688858066
sc,125.0,0,1.2165169385374153e-09,0.00011059244895794684,2316942830253479.5,1.1585754727615395e+20,1.5357919101745596e+22,2.627976753245772e+21,1.1458656399239608,0.0033152094868204567
sc,125.0,0,1.243534762056797e-09,0.0001130486147324361,2326937679966887.5,1.1576688099468132e+20,1.5357919101745596e+22,2.6372479047550784e+21,1.1458557100181814,0.0033878196609316573
sc,125.0,0,1.2709779185062774e-09,0.00011554344713693432,2337096402248254.5,1.1567484729094955e+20,1.5357919101745596e+22,2.646655606622828e+21,1.1458454462270191,0.0034615281878611157
sc,125.0,0,1.2988531015943882e-09,0.00011807755469039893,2347421789209126.0,1.155814265803037e+20,1.5357919101745596e+22,2.6562017172191555e+21,1.145834839448538,0.003536350970193815
sc,125.0,0,1.327167110300398e-09,0.00012065155548185436,2357916683902355.0,1.1548659903284404e+20,1.5357919101745596e+22,2.665888115274429e+21,1.1458238803783183,0.0036123041184543893
sc,125.0,0,1.3559268505321519e-09,0.00012326607732110473,2368583981358508.5,1.1539034457157625e+20,1.5357919101745596e+22,2.675716699935092e+21,1.145812559506316,0.0036894039531281237
sc,125.0,0,1.3851393368040642e-09,0.00012592175789127857,2379426629644214.5,1.1529264287064582e+20,1.5357919101745596e+22,2.6856893908111485e+21,1.145800867113723,0.0037676670066618518
sc,125.0,0,1.4148116939419752e-09,0.00012861924490381593,2390447630945355.0,1.1519347335361262e+20,1.5357919101745596e+22,2.6958081280167515e+21,1.145788793269825,0.0038471100254606834
sc,125.0,0,1.4449511588185415e-09,0.00013135919625623105,2401650042678094.5,1.1509281519172433e+20,1.5357919101745596e+22,2.7060748722048876e+21,1.1457763278288615,0.003927749971888159
sc,125.0,0,1.475565082107555e-09,0.0001341422801915959,2413036978621857.5,1.1499064730230124e+20,1.5357919101745596e+22,2.7164916045910644e+21,1.1457634604268914,0.004009604026236546
sc,125.0,0,1.5066609300761201e-09,0.00013696917546146548,2424611610083521.5,1.1488694834711452e+20,1.5357919101745596e+22,2.727060326972564e+21,1.1457501804786618,0.004092689588715641
sc,125.0,0,1.5382462863975932e-09,0.0001398405714906903,2436377167087053.5,1.147816967308292e+20,1.5357919101745596e+22,2.737783061736988e+21,1.1457364771744882,0.0041770242814119524
sc,125.0,0,1.5703288539944404e-09,0.00014275716854494913,2448336939591240.0,1.1467487059953538e+20,1.5357919101745596e+22,2.748661851862588e+21,1.1457223394771434,0.004262625950240382
sc,125.0,0,1.602916456910408e-09,0.0001457196779009462,2460494278736909.5,1.1456644783928898e+20,1.5357919101745596e+22,2.759698760908568e+21,1.1457077561187596,0.00434951266688427
sc,125.0,0,1.636017042215665e-09,0.0001487288220196059,2472852598126220.5,1.1445640607473433e+20,1.5357919101745596e+22,2.770895872998595e+21,1.1456927155977457,0.0044377027307310295
sc,125.0,0,1.6696386819333165e-09,0.00015178533472121059,2485415375128729.5,1.1434472266781642e+20,1.5357919101745596e+22,2.782255292790665e+21,1.145677206175723,0.004527214670769827
sc,125.0,0,1.703789575003778e-09,0.0001548899613639798,2498186152222018.5,1.1423137471650911e+20,1.5357919101745596e+22,2.7937791454381977e+21,1.1456612158744823,0.004618067247492616
sc,125.0,0,1.738478049276626e-09,0.00015804345902514783,2511168538364469.0,1.1411633905367595e+20,1.5357919101745596e+22,2.805469576541902e+21,1.1456447324729617,0.0047102794547680855
sc,125.0,0,1.7737125635354234e-09,0.0001612465966850385,2524366210401329.5,1.1399959224594483e+20,1.5357919101745596e+22,2.817328752088161e+21,1.1456277435042512,0.004803870521700371
sc,125.0,0,1.8095017095494103e-09,0.00016450015541358276,2537782914503196.5,1.1388111059272796e+20,1.5357919101745596e+22,2.8293588583756433e+21,1.1456102362526284,0.004898859914453419
sc,125.0,0,1.845854214164888e-09,0.00016780492856044438,2551422467643762.0,1.1376087012527145e+20,1.5357919101745596e+22,2.8415621019325846e+21,1.14559219775062,0.0049952673380721305
sc,125.0,0,1.8827789414216367e-09,0.00017116172194742152,2565288759109877.0,1.1363884660582652e+20,1.5357919101745596e+22,2.853940709417891e+21,1.1455736147761053,0.005093112738258355
sc,125.0,0,1.9202848947090234e-09,0.00017457135406445667,2579385752051677.0,1.1351501552690838e+20,1.5357919101745596e+22,2.866496927511955e+21,1.1455544738494499,0.005192416303137522
sc,125.0,0,1.958381218950811e-09,0.00017803465626825554,2593717485070227.0,1.1338935211063491e+20,1.5357919101745596e+22,2.879233022792634e+21,1.1455347612306845,0.005293198464983608
sc,125.0,0,1.9970772028266025e-09,0.0001815524729842366,2608288073843827.0,1.1326183130821052e+20,1.5357919101745596e+22,2.892151281597089e+21,1.1455144629167258,0.005395479901920244
sc,125.0,0,2.0363822810287035e-09,0.00018512566191170032,2623101712796731.0,1.131324277994558e+20,1.5357919101745596e+22,2.905254009869719e+21,1.145493564638643,0.005499281539591382
sc,125.0,0,2.0763060365507346e-09,0.00018875509423188497,2638162676808060.0,1.1300111599252834e+20,1.5357919101745596e+22,2.9185435329948984e+21,1.1454720518589785,0.005604624552788473
sc,125.0,0,2.1168582030189895e-09,0.00019244165481990816,2653475322965159.5,1.1286787002367064e+20,1.5357919101745596e+22,2.9320221956135437e+21,1.1454499097691162,0.005711530367059676
sc,125.0,0,2.158048667047607e-09,0.0001961862424588734,2669044092358433.0,1.1273266375719299e+20,1.5357919101745596e+22,2.945692361423227e+21,1.1454271232867141,0.005820020660247631
sc,125.0,0,2.199887470647477e-09,0.00019998977005886154,2684873511926195.0,1.1259547078546185e+20,1.5357919101745596e+22,2.959556412963302e+21,1.145403677053189,0.005930117364031039
sc,125.0,0,2.242384813658349e-09,0.00020385316487803173,2700968196341854.0,1.1245626442914003e+20,1.5357919101745596e+22,2.97361675138064e+21,1.1453795554312731,0.00604184266538583
sc,125.0,0,2.285551056227353e-09,0.00020777736874794117,2717332849952848.5,1.1231501773747225e+20,1.5357919101745596e+22,2.987875796179099e+21,1.145354742502632,0.0061552190080232825
sc,125.0,0,2.3293967213192655e-09,0.00021176333830175142,2733972268764994.5,1.1217170348881065e+20,1.5357919101745596e+22,3.002335984947846e+21,1.1453292220655602,0.006270269093762613
sc,125.0,0,2.3739324972774643e-09,0.00021581204520704222,2750891342484388.0,1.1202629419118907e+20,1.5357919101745596e+22,3.016999773075219e+21,1.1453029776327444,0.006387015883883776
sc,125.0,0,2.419169240409913e-09,0.00021992447640090118,2768095056604180.5,1.118787620831727e+20,1.5357919101745596e+22,3.0318696334373316e+21,1.145275992429114,0.006505482600389096
sc,125.0,0,2.4651179776252194e-09,0.00022410163432956542,2785588494550292.0,1.1172907913478432e+20,1.5357919101745596e+22,3.0469480560688633e+21,1.1452482493897693,0.006625692727235274
sc,125.0,0,2.5117899091126605e-09,0.00022834453719206005,2803376839883893.0,1.1157721704864624e+20,1.5357919101745596e+22,3.0622375478153676e+21,1.1452197311579955,0.006747670011515434
sc,125.0,0,2.5591964110509015e-09,0.00023265421918644558,2821465378555019.0,1.1142314726131243e+20,1.5357919101745596e+22,3.0777406319569404e+21,1.1451904200833745,0.006871438464546952
sc,125.0,0,2.607349038376561e-09,0.00023703173076150552,2839859501224175.5,1.1126684094474705e+20,1.5357919101745596e+22,3.0934598478181397e+21,1.1451602982199829,0.00699702236294207
sc,125.0,0,2.656259527577809e-09,0.0002414781388707099,2858564705634868.5,1.1110826900806967e+20,1.5357919101745596e+22,3.1093977503457796e+21,1.145129347324698,0.0071244462495658085
sc,125.0,0,2.7059397995459752e-09,0.0002459945272314523,2877586599057312.5,1.109474020994249e+20,1.5357919101745596e+22,3.1255569096699994e+21,1.1450975488556006,0.00725373493446266
sc,125.0,0,2.756401962466237e-09,0.00025058199658783975,2896930900791919.5,1.1078421060813292e+20,1.5357919101745596e+22,3.1419399106373967e+21,1.145064883970488,0.007384913495697882
sc,125.0,0,2.8076583147473855e-09,0.00025524166497703504,2916603444738972.0,1.1061866466702854e+20,1.5357919101745596e+22,3.158549352317632e+21,1.1450313335255033,0.007518007280108691
sc,125.0,0,2.8597213480120453e-09,0.00025997466800109503,2936610182040796.0,1.104507341550188e+20,1.5357919101745596e+22,3.175387847487995e+21,1.1449968780738708,0.00765304190401595
sc,125.0,0,2.9126037501180366e-09,0.0002647821591016397,2956957183789728.5,1.1028038869992261e+20,1.5357919101745596e+22,3.192458022087171e+21,1.1449614978647655,0.007790043253815142
sc,125.0,0,2.9663184082353023e-09,0.00026966530983957293,2977650643811183.0,1.1010759768150737e+20,1.5357919101745596e+22,3.209762514642546e+21,1.1449251728422982,0.007929037486505015
sc,125.0,0,3.020878411969852e-09,0.00027462531017907743,2998696881521236.5,1.0993233023482397e+20,1.5357919101745596e+22,3.22730397566991e+21,1.1448878826446354,0.0080700510301264
sc,125.0,0,3.0762970565353374e-09,0.0002796633687759398,3020102344861813.5,1.0975455525378199e+20,1.5357919101745596e+22,3.245085067043669e+21,1.1448496066032534,0.008213110584107513
sc,125.0,0,3.1325878459722566e-09,0.00028478071327020515,3041873613313073.5,1.0957424139500811e+20,1.5357919101745596e+22,3.263108461334536e+21,1.144810323742331,0.008358243119510285
sc,125.0,0,3.189764496423941e-09,0.00028997859058399467,3064017400992167.0,1.0939135708199387e+20,1.5357919101745596e+22,3.2813768411215094e+21,1.144770012778287,0.008505475879195888
sc,125.0,0,3.247840939454072e-09,0.00029525826722309745,3086540559830773.5,1.0920587050954224e+20,1.5357919101745596e+22,3.2998928982657755e+21,1.1447286521194666,0.008654836377864357
sc,125.0,0,3.306831325422199e-09,0.0003006210295838363,3109450082844262.0,1.0901774964850567e+20,1.5357919101745596e+22,3.3186593331565796e+21,1.1446862198659848,0.008806352402005179
sc,125.0,0,3.366750026913612e-09,0.0003060681842648738,3132753107488923.5,1.0882696225085248e+20,1.5357919101745596e+22,3.3376788539223945e+21,1.1446426938097198,0.008960052009743452
sc,125.0,0,3.427611642213779e-09,0.00031160105838307084,3156456919110680.0,1.0863347585507299e+20,1.5357919101745596e+22,3.3569541756067533e+21,1.1445980514344825,0.009115963530550608
sc,125.0,0,3.489430998849352e-09,0.00031722099989539565,3180568954491894.0,1.0843725779188177e+20,1.5357919101745596e+22,3.376488019310534e+21,1.144552269916342,0.009274115564870091
sc,125.0,0,3.552223157170686e-09,0.00032292937792460785,3205096805493095.0,1.0823827519032405e+20,1.5357919101745596e+22,3.39628311129624e+21,1.1445053261241362,0.009434536983587599
sc,125.0,0,3.6160034140021447e-09,0.00032872758309110406,3230048222799171.5,1.0803649498420776e+20,1.5357919101745596e+22,3.416342182057421e+21,1.1444571966201524,0.00959725692740693
sc,125.0,0,3.680787306341249e-09,0.00033461702784920444,3255431119768581.0,1.0783188391891984e+20,1.5357919101745596e+22,3.436667965348744e+21,1.1444078576609964,0.009762304806076578
sc,125.0,0,3.746590615119505e-09,0.0003405991468290459,3281253576391002.5,1.0762440855862152e+20,1.5357919101745596e+22,3.457263197177865e+21,1.1443572851986485,0.009929710297493424
sc,125.0,0,3.813429369018795e-09,0.0003466753971835268,3307523843355365.0,1.0741403529385275e+20,1.5357919101745596e+22,3.478130614756884e+21,1.1443054548817155,0.010099503346661329
sc,125.0,0,3.881319848351272e-09,0.00035284725894102476,3334250346235159.5,1.0720073034953577e+20,1.5357919101745596e+22,3.499272955415634e+21,1.1442523420568782,0.010271714164518204
sc,125.0,0,3.950278588993605e-09,0.00035911623536305504,3361441689788358.0,1.0698445979341106e+20,1.5357919101745596e+22,3.520692955469673e+21,1.1441979217705494,0.010446373226601462
sc,125.0,0,4.020322386390218e-09,0.00036548385330820166,3389106662384586.0,1.0676518954488693e+20,1.5357919101745596e+22,3.5423933490506194e+21,1.1441421687707332,0.01062351127158219
sc,125.0,0,4.091468299609047e-09,0.00037195166360082244,3417254240552107.0,1.0654288538436893e+20,1.5357919101745596e+22,3.564376866887606e+21,1.1440850575091088,0.010803159299619274
sc,125.0,0,4.1637336554724015e-09,0.00037852124140658194,3445893593662832.5,1.0631751296301262e+20,1.5357919101745596e+22,3.5866462350515036e+21,1.1440265621433245,0.010985348570583586
sc,125.0,0,4.2371360527360675e-09,0.0003851941866123698,3475034088742093.0,1.060890378130016e+20,1.5357919101745596e+22,3.6092041736460247e+21,1.1439666565395277,0.011170110602077154
sc,125.0,0,4.311693366352676e-09,0.0003919721242138796,3504685295427329.0,1.058574253582508e+20,1.5357919101745596e+22,3.6320533954614945e+21,1.1439053142751132,0.011357477167330996
sc,125.0,0,4.387423751783914e-09,0.0003988567047076286,3534856991061829.5,1.0562264092566476e+20,1.5357919101745596e+22,3.6551966045749285e+21,1.1438425086417203,0.011547480292884908
sc,125.0,0,4.464345649389079e-09,0.00040584960448991625,3565559165939193.5,1.0538464975688378e+20,1.5357919101745596e+22,3.678636494905368e+21,1.1437782126484621,0.01174015225611107
sc,125.0,0,4.5424777888789516e-09,0.00041295252626172285,3596802028701472.5,1.0514341702056768e+20,1.5357919101745596e+22,3.7023757487214863e+21,1.1437123990254052,0.01193552558254616
sc,125.0,0,4.621839193842958e-09,0.0004201671994402689,3628596011893572.5,1.048989078252101e+20,1.5357919101745596e+22,3.7264170350986595e+21,1.1436450402272988,0.012133633043044325
sc,125.0,0,4.702449186337998e-09,0.00042749538057618164,3660951777679154.0,1.046510872325362e+20,1.5357919101745596e+22,3.7507630083257003e+21,1.1435761084375655,0.012334507650714201
sc,125.0,0,4.784327391556042e-09,0.00043493885377782204,3693880223726007.5,1.0439992027144892e+20,1.5357919101745596e+22,3.7754163062614146e+21,1.143505575572549,0.012538182657675066
sc,125.0,0,4.8674937425619564e-09,0.0004424994311419961,3727392489264247.0,1.0414537195256735e+20,1.5357919101745596e+22,3.800379548638969e+21,1.1434334132860335,0.012744691551602768
sc,125.0,0,4.951968485102764e-09,0.0004501789531911604,3761499961323644.0,1.038874072833714e+20,1.5357919101745596e+22,3.825655335318638e+21,1.1433595929740352,0.012954068052060601
sc,125.0,0,5.03777218249446e-09,0.0004579792893176782,3796214281155071.5,1.0362599128395176e+20,1.5357919101745596e+22,3.851246244485759e+21,1.1432840857798705,0.013166346106622361
sc,125.0,0,5.124925720582707e-09,0.00046590233823479155,3831547350844285.5,1.03361089003394e+20,1.5357919101745596e+22,3.877154830796727e+21,1.143206862599509,0.013381559886770283
sc,125.0,0,5.213450312782919e-09,0.0004739500284348108,3867511340123106.5,1.03092665536798e+20,1.5357919101745596e+22,3.9033836234699933e+21,1.1431278940872134,0.013599743783573459
sc,125.0,0,5.30336750519117e-09,0.0004821243186537427,3904118693380635.5,1.0282068604297629e+20,1.5357919101745596e+22,3.9299351243193975e+21,1.1430471506614768,0.013820932403117369
sc,125.0,0,5.394699181784867e-09,0.0004904271983440789,3941382136891380.0,1.0254511576279166e+20,1.5357919101745596e+22,3.9568118057365206e+21,1.1429646025112548,0.014045160561723058
sc,125.0,0,5.487467569696092e-09,0.0004988606881541902,3979314686255839.0,1.0226592003820357e+20,1.5357919101745596e+22,3.984016108612819e+21,1.1428802196025023,0.014272463280905427
sc,125.0,0,5.581695244568585e-09,0.0005074268404153259,4017929654067379.0,1.0198306433200718e+20,1.5357919101745596e+22,4.0115504402062214e+21,1.1427939716850213,0.014502875782089501
sc,125.0,0,5.6774051360002356e-09,0.000516127739636385,4057240657813265.0,1.0169651424827764e+20,1.5357919101745596e+22,4.039417171952223e+21,1.1427058282996176,0.014736433481080696
sc,125.0,0,5.7746205330643226e-09,0.0005249655030058475,4097261628012549.5,1.0140623555355615e+20,1.5357919101745596e+22,4.06761863721459e+21,1.142615758785583,0.01497317198226434
sc,125.0,0,5.873365089922977e-09,0.0005339422809020888,4138006816604531.5,1.0111219419875503e+20,1.5357919101745596e+22,4.096157128980169e+21,1.1425237322884927,0.015213127072558815
sc,125.0,0,5.973662831521231e-09,0.000543060257411021,4179490805593128.5,1.0081435634183306e+20,1.5357919101745596e+22,4.12503489749551e+21,1.1424297177683371,0.015456334715085656
sc,125.0,0,6.075538159372062e-09,0.0005523216508520057,4221728515955461.0,1.0051268837122625e+20,1.5357919101745596e+22,4.1542541478442875e+21,1.1423336840079834,0.01570283104257344
sc,125.0,0,6.179015857431192e-09,0.0005617287143119265,4264735216825439.0,1.0020715693005401e+20,1.5357919101745596e+22,4.183817037466766e+21,1.1422355996219735,0.015952652350484126
sc,125.0,0,6.284121098061035e-09,0.0005712837361873668,4308526534960279.0,9.989772894111806e+19,1.5357919101745596e+22,4.2137256736210173e+21,1.142135433065665,0.016205835089851888
sc,125.0,0,6.390879448088693e-09,0.0005809890407353357,4353118464500843.5,9.958437163269675e+19,1.5357919101745596e+22,4.2439821107864986e+21,1.1420331526447156,0.016462415859837935
sc,125.0,0,6.49931687495614e-09,0.0005908469886323764,4398527377033329.0,9.92670525651519e+19,1.5357919101745596e+22,4.2745883480078014e+21,1.1419287265249192,0.016722431399988524
sc,125.0,0,6.609459752962621e-09,0.0006008599775420564,4444770031963696.0,9.894573965836072e+19,1.5357919101745596e+22,4.30554632618019e+21,1.1418221227423972,0.016985918582187925
sc,125.0,0,6.721334869610851e-09,0.0006110304426918955,4491863587219628.0,9.862040121995611e+19,1.5357919101745596e+22,4.3368579252807323e+21,1.141713309214141,0.017252914402325854
sc,125.0,0,6.83496943204237e-09,0.0006213608574583973,4539825610282701.0,9.829100597443065e+19,1.5357919101745596e+22,4.36852496153796e+21,1.141602253748923,0.01752345597163611
sc,125.0,0,6.950391073580364e-09,0.0006318537339618513,4588674089570641.0,9.795752309306756e+19,1.5357919101745596e+22,4.4005491845481774e+21,1.1414889240585666,0.017797580507742054
sc,125.0,0,7.067627860364078e-09,0.0006425116236694617,4638427446174257.0,9.76199222247421e+19,1.5357919101745596e+22,4.432932274333057e+21,1.1413732877695904,0.018075325325363073
sc,125.0,0,7.186708298094979e-09,0.0006533371180086345,4689104545969243.0,9.727817352755159e+19,1.5357919101745596e+22,4.46567583834457e+21,1.1412553124352165,0.018356727826722048
sc,125.0,0,7.30766133887939e-09,0.0006643328489890354,4740724712107266.0,9.693224770133887e+19,1.5357919101745596e+22,4.498781408413263e+21,1.141134965547758,0.018641825491609604
sc,125.0,0,7.430516388181651e-09,0.0006755014898346956,4793307737905935.0,9.658211602107115e+19,1.5357919101745596e+22,4.5322504376451235e+21,1.1410122145513812,0.018930655867130886
sc,125.0,0,7.555303311878037e-09,0.0006868457556252761,4846873900147167.0,9.62277503710867e+19,1.5357919101745596e+22,4.5660842972640345e+21,1.1408870268552505,0.019223256557104065
sc,125.0,0,7.682052443429732e-09,0.0006983684039481575,4901443972803713.0,9.586912328019937e+19,1.5357919101745596e+22,4.6002842734070695e+21,1.1407593698470446,0.019519665211146335
sc,125.0,0,7.810794591152303e-09,0.0007100722355593003,4957039241199218.0,9.550620795772006e+19,1.5357919101745596e+22,4.634851563866459e+21,1.1406292109068739,0.019819919513387015
sc,125.0,0,7.941561045610335e-09,0.000721960095055485,5013681516627690.0,9.51389783302807e+19,1.5357919101745596e+22,4.669787274786339e+21,1.1404965174215624,0.02012405717086796
sc,125.0,0,8.074383587114653e-09,0.0007340348715558775,5071393151439372.0,9.476740907959278e+19,1.5357919101745596e+22,4.7050924173124787e+21,1.1403612567993353,0.020432115901571547
sc,125.0,0,8.209294493341068e-09,0.0007462994993946426,5130197054615375.0,9.439147568102623e+19,1.5357919101745596e+22,4.740767904198739e+21,1.1402233964848818,0.0207441334221137
sc,125.0,0,8.346326547068184e-09,0.0007587569588243803,5190116707847143.0,9.401115444304342e+19,1.5357919101745596e+22,4.776814546372466e+21,1.140082903974808,0.02106014743508967
sc,125.0,0,8.485513044023895e-09,0.0007714102767294451,5251176182131722.0,9.362642254752753e+19,1.5357919101745596e+22,4.813233049458043e+21,1.1399397468334862,0.021380195616042416
sc,125.0,0,8.62688780086257e-09,0.0007842625273511428,5313400154911570.0,9.323725809088854e+19,1.5357919101745596e+22,4.850024010264766e+21,1.139793892709287,0.021704315600098424
sc,125.0,0,8.770485163261287e-09,0.0007973168330237534,5376813927771056.0,9.284364012604932e+19,1.5357919101745596e+22,4.887187913242336e+21,1.1396453093511976,0.022032544968238355
sc,125.0,0,8.916340014136991e-09,0.0008105763649215447,5441443444709391.0,9.244554870520732e+19,1.5357919101745596e+22,4.9247251269013e+21,1.1394939646258377,0.02236492123320148
sc,125.0,0,9.064487781994312e-09,0.0008240443438176648,5507315311013489.0,9.20429649234285e+19,1.5357919101745596e+22,4.962635900208586e+21,1.139339826534853,0.022701481825041073
sc,125.0,0,9.214964449395513e-09,0.0008377240408541375,5574456812747894.0,9.163587096299561e+19,1.5357919101745596e+22,5.000920358955386e+21,1.1391828632327032,0.0230422640763066
sc,125.0,0,9.367806561569048e-09,0.0008516187783244589,5642895936888963.0,9.122425013852262e+19,1.5357919101745596e+22,5.039578502106382e+21,1.1390230430448223,0.023387305206885613
sc,125.0,0,9.523051235139635e-09,0.0008657319304672395,5712661392118463.0,9.080808694282007e+19,1.5357919101745596e+22,5.078610198128761e+21,1.1388603344861719,0.023736642308462546
sc,125.0,0,9.68073616699755e-09,0.0008800669242725045,5783782630306818.0,9.038736709344874e+19,1.5357919101745596e+22,5.118015181308491e+21,1.1386947062801676,0.02409031232863092
sc,125.0,0,9.840899643304701e-09,0.0008946272403004274,5856289868707528.0,8.996207757998016e+19,1.5357919101745596e+22,5.157793048058524e+21,1.1385261273779776,0.02444835205464993
sc,125.0,0,1.0003580548631985e-08,0.0009094164135119986,5930214112885955.0,8.95322067118934e+19,1.5357919101745596e+22,5.197943253218886e+21,1.1383545669782014,0.02481079809683041
sc,125.0,0,1.0168818375244415e-08,0.0009244380341131286,6005587180413670.0,8.909774416708778e+19,1.5357919101745596e+22,5.238465106359671e+21,1.1381799945469027,0.02517768687158456
sc,125.0,0,1.0336653232521809e-08,0.0009396957484110735,6082441725349524.0,8.865868104099884e+19,1.5357919101745596e+22,5.279357768086512e+21,1.1380023798380159,0.02554905458411016
sc,125.0,0,1.050712585652297e-08,0.0009551932596839063,6160811263538299.0,8.821500989623745e+19,1.5357919101745596e+22,5.320620246355415e+21,1.1378216929141045,0.02592493721072567
sc,125.0,0,1.0680277619703748e-08,0.0009709343290639771,6240730198759726.0,8.776672481271782e+19,1.5357919101745596e+22,5.362251392805074e+21,1.1376379041674634,0.02630537048087799
sc,125.0,0,1.0856150540770048e-08,0.0009869227764336408,6322233849747335.0,8.731382143827701e+19,1.5357919101745596e+22,5.40424989910627e+21,1.1374509843415768,0.026690389858780705
sc,125.0,0,1.103478729469387e-08,0.0010031624813358064,6405358478121612.0,8.68562970396572e+19,1.5357919101745596e+22,5.446614293341289e+21,1.1372609045529005,0.027080030524744832
sc,125.0,0,1.1216231222873463e-08,0.0010196573838975875,6490141317259420.0,8.639415055385756e+19,1.5357919101745596e+22,5.48934293641386e+21,1.1370676363129781,0.02747432735616092
sc,125.0,0,1.1400526343451012e-08,0.0010364114857682738,6576620602137434.0,8.592738263977573e+19,1.5357919101745596e+22,5.532434018498103e+21,1.136871151550874,0.027873314908163336
sc,125.0,0,1.1587717361786653e-08,0.001053428851071514,6664835600184762.0,8.54559957300844e+19,1.5357919101745596e+22,5.575885555534609e+21,1.1366714226359182,0.028277027393975696
sc,125.0,0,1.1777849681093688e-08,0.0010707136073721535,6754826643179134.0,8.497999408327141e+19,1.5357919101745596e+22,5.619695385777346e+21,1.1364684224007446,0.02868549866495057
sc,125.0,0,1.1970969413231335e-08,0.0010882699466573942,6846635160223322.0,8.449938383579246e+19,1.5357919101745596e+22,5.663861166400456e+21,1.1362621241646251,0.02909876219029845
sc,125.0,0,1.216712338966297e-08,0.0011061021263329973,6940303711842455.0,8.401417305424901e+19,1.5357919101745596e+22,5.708380370172281e+21,1.1360525017570773,0.029516851036527
sc,125.0,0,1.2366359172584106e-08,0.0011242144702349188,7035876025241270.0,8.352437178751489e+19,1.5357919101745596e+22,5.753250282202806e+21,1.1358395295417314,0.029939797846603913
sc,125.0,0,1.2568725066213426e-08,0.001142611369655766,7133397030761742.0,8.302999211875336e+19,1.5357919101745596e+22,5.79846799677397e+21,1.135623182440457,0.030367634818834106
sc,125.0,0,1.2774270128259657e-08,0.0011612972843872416,7232912899584723.0,8.253104821721794e+19,1.5357919101745596e+22,5.844030414258955e+21,1.135403435957718,0.03080039368548434
sc,125.0,0,1.2983044181557602e-08,0.0011802767437779638,7334471082719731.0,8.202755638977136e+19,1.5357919101745596e+22,5.889934238139855e+21,1.135180266205157,0.03123810569114745
sc,125.0,0,1.3195097825883073e-08,0.001199554347807552,7438120351328710.0,8.151953513201543e+19,1.5357919101745596e+22,5.936175972131215e+21,1.1349536499263821,0.03168080157087409
sc,125.0,0,1.3410482449947358e-08,0.0012191347681770326,7543910838432524.0,8.100700517894242e+19,1.5357919101745596e+22,5.982751917418751e+21,1.1347235645219411,0.03212851152808104
sc,125.0,0,1.3629250243573032e-08,0.0012390227494157302,7651894082048689.0,8.048998955501153e+19,1.5357919101745596e+22,6.0296581700219e+21,1.1344899880744699,0.03258126521224854
sc,125.0,0,1.3851454210046853e-08,0.0012592231100042595,7762123069807266.0,7.996851362356506e+19,1.5357919101745596e+22,6.076890618286083e+21,1.1342528993739998,0.033039091696407466
sc,125.0,0,1.4077148178667454e-08,0.001279740743515223,7874652285105389.0,7.944260513544303e+19,1.5357919101745596e+22,6.12444494051792e+21,1.134012277943392,0.033502019454463114
sc,125.0,0,1.4306386817481698e-08,0.0013005806197710634,7989537754851373.0,7.891229427670863e+19,1.5357919101745596e+22,6.172316602770852e+21,1.1337681040638872,0.0339700763383539
sc,125.0,0,1.4539225646207298e-08,0.0013217477860188453,8106837098851351.0,7.837761371538157e+19,1.5357919101745596e+22,6.220500856787766e+21,1.1335203588007536,0.03444328955505172
sc,125.0,0,1.4775721049351432e-08,0.0013432473681228574,8226609580900722.0,7.783859864704834e+19,1.5357919101745596e+22,6.268992738111792e+21,1.1332690240290058,0.03492168564343684
sc,125.0,0,1.501593028953513e-08,0.0013650845717759208,8348916161644616.0,7.729528683921311e+19,1.5357919101745596e+22,6.3177870643768e+21,1.133014082459164,0.03540529045108014
sc,125.0,0,1.525991152100331e-08,0.0013872646837275737,8473819553258327.0,7.674771867432131e+19,1.5357919101745596e+22,6.366878433780546e+21,1.1327555176630522,0.03589412911090626
sc,125.0,0,1.55077238033528e-08,0.001409793073032073,8601384276026897.0,7.61959371912645e+19,1.5357919101745596e+22,6.416261223757394e+21,1.132493314099584,0.03638822601781796
sc,125.0,0,1.5759427115455136e-08,0.0014326751923141035,8731676716878427.0,7.563998812528584e+19,1.5357919101745596e+22,6.465929589851986e+21,1.1322274571405317,0.03688760480525052
sc,125.0,0,1.6015082369593702e-08,0.001455916579053973,8864765189947152.0,7.507991994612648e+19,1.5357919101745596e+22,6.515877464808334e+21,1.1319579330962404,0.037392288321712173
sc,125.0,0,1.627475142581336e-08,0.0014795228568921237,9000719999237510.0,7.451578389430059e+19,1.5357919101745596e+22,6.566098557882392e+21,1.131684729241262,0.03790229860732383
sc,125.0,0,1.6538497106481364e-08,0.0015034997369528513,9139613503458954.0,7.394763401535023e+19,1.5357919101745596e+22,6.616586354384526e+21,1.1314078338398856,0.03841765687037404
sc,125.0,0,1.6806383211068697e-08,0.0015278530191880635,9281520183112282.0,7.337552719193507e+19,1.5357919101745596e+22,6.667334115461921e+21,1.13112723617153,0.038938383463925905
sc,125.0,0,1.7078474531153074e-08,0.0015525885937411887,9426516709904540.0,7.279952317364966e+19,1.5357919101745596e+22,6.718334878131813e+21,1.130842926555968,0.039464497862497984
sc,125.0,0,1.7354836865641156e-08,0.001577712442331014,9574682018572276.0,7.221968460438684e+19,1.5357919101745596e+22,6.769581455568035e+21,1.130554896378361,0.03999601863883471
sc,125.0,0,1.7635537036227667e-08,0.0016032306396570606,9726097381202924.0,7.163607704713049e+19,1.5357919101745596e+22,6.821066437655432e+21,1.1302631381140518,0.04053296344082167
sc,125.0,0,1.7920642903071327e-08,0.001629149354824666,9880846484131888.0,7.10487690060441e+19,1.5357919101745596e+22,6.872782191814027e+21,1.1299676453531156,0.04107534896852854
sc,125.0,0,1.8210223380721703e-08,0.001655474852792882,1.0039015507518312e+16,7.045783194567166e+19,1.5357919101745596e+22,6.924720864105227e+21,1.1296684128245946,0.04162319095146772
sc,125.0,0,1.8504348454263465e-08,0.001682213495842133,1.0200693207673706e+16,6.9863340307173655e+19,1.5357919101745596e+22,6.976874380620532e+21,1.1293654364204282,0.04217650412602742
sc,125.0,0,1.8803089195716493e-08,0.0017093717450651358,1.0365971002258614e+16,6.926537152139539e+19,1.5357919101745596e+22,7.029234449167231e+21,1.1290587132190026,0.04273530221317617
sc,125.0,0,1.9106517780674737e-08,0.0017369561618795215,1.0534943058432802e+16,6.8664006018650915e+19,1.5357919101745596e+22,7.081792561249252e+21,1.1287482415083092,0.04329959789643009
sc,125.0,0,1.9414707505186866e-08,0.0017649734095624425,1.070770638406228e+16,6.8059327235118694e+19,1.5357919101745596e+22,7.134539994354611e+21,1.1284340208086756,0.04386940280011384
sc,125.0,0,1.972773280289525e-08,0.001793430254808659,1.088436092209369e+16,6.745142161563952e+19,1.5357919101745596e+22,7.18746781454961e+21,1.128116051895018,0.044444727467970964
sc,125.0,0,2.0045669262421574e-08,0.001822333569311052,1.1065009648194662e+16,6.684037861286195e+19,1.5357919101745596e+22,7.240566879386811e+21,1.1277943368185928,0.04502558134212786
sc,125.0,0,2.036859364501875e-08,0.001851690331365341,1.1249758671782862e+16,6.622629068254305e+19,1.5357919101745596e+22,7.293827841131237e+21,1.1274688789281997,0.045611972742473354
sc,125.0,0,2.069658390247253e-08,0.0018815076274975029,1.1438717340542294e+16,6.560925327491937e+19,1.5357919101745596e+22,7.347241150301766e+21,1.1271396828908102,0.04620390884645003
sc,125.0,0,2.1029719195275465e-08,0.0019117926541159513,1.1631998348559864e+16,6.4989364822005285e+19,1.5357919101745596e+22,7.400797059537878e+21,1.1268067547115712,0.04680139566932544
sc,125.0,0,2.1368079911068928e-08,0.0019425527191880843,1.1829717848195754e+16,6.436672672070653e+19,1.5357919101745596e+22,7.454485627787941e+21,1.1264701017531489,0.04740443804496216
sc,125.0,0,2.1711747683348937e-08,0.0019737952439408124,1.2031995565808488e+16,6.374144331164721e+19,1.5357919101745596e+22,7.508296724820163e+21,1.126129732754386,0.048013039607106144
sc,125.0,0,2.2060805410459572e-08,0.002005527764587234,1.2238954921472356e+16,6.311362185357709e+19,1.5357919101745596e+22,7.562220036056698e+21,1.12578565784821,0.048627202771263554
sc,125.0,0,2.241533727485384e-08,0.002037757934077622,1.2450723152806402e+16,6.248337249330205e+19,1.5357919101745596e+22,7.616245067728722e+21,1.1254378885787792,0.049246928717157086
sc,125.0,0,2.2775428762647043e-08,0.002070493523877004,1.26674314430626e+16,6.185080823100616e+19,1.5357919101745596e+22,7.670361152352343e+21,1.1250864379178092,0.04987221737183376
sc,125.0,0,2.3141166683446733e-08,0.002103742425767885,1.2889215053598136e+16,6.121604488091865e+19,1.5357919101745596e+22,7.724557454518822e+21,1.1247313202800533,0.05050306739342351
sc,125.0,0,2.351263919048374e-08,0.00213751265368034,1.3116213460886458e+16,6.057920102721338e+19,1.5357919101745596e+22,7.778822976998386e+21,1.1243725515378875,0.05113947615561816
sc,125.0,0,2.388993580103199e-08,0.002171812345548363,1.3348570498202384e+16,5.994039797510484e+19,1.5357919101745596e+22,7.833146567148639e+21,1.1240101490349717,0.051781439732876584
sc,125.0,0,2.4273147417125106e-08,0.0022066497651931916,1.3586434502134238e+16,5.9299759697078346e+19,1.5357919101745596e+22,7.887516923624972e+21,1.123644131598944,0.052428952886396325
sc,125.0,0,2.4662366346580756e-08,0.002242033304234614,1.382995846407943e+16,5.8657412774196036e+19,1.5357919101745596e+22,7.941922603384206e+21,1.1232745195531133,0.053082009050896786
sc,125.0,0,2.5057686324324814e-08,0.0022779714840295284,1.4079300186867996e+16,5.801348633246497e+19,1.5357919101745596e+22,7.996352028970758e+21,1.1229013347271108,0.0537406003222263
sc,125.0,0,2.5459202534034273e-08,0.0023144729576394796,1.433462244668878e+16,5.736811197422009e+19,1.5357919101745596e+22,8.050793496080197e+21,1.1225246004664657,0.05440471744585001
sc,125.0,0,2.586701163008731e-08,0.002351546511826119,1.4596093160469612e+16,5.672142370453612e+19,1.5357919101745596e+22,8.105235181386736e+21,1.1221443416410697,0.055074349806224006
sc,125.0,0,2.6281211759833278e-08,0.0023892010690757526,1.486388555887754e+16,5.607355785265648e+19,1.5357919101745596e+22,8.159665150621369e+21,1.1217605846525014,0.05574948541710093
sc,125.0,0,2.670190258619126e-08,0.002427445689653751,1.513817836511915e+16,5.542465298844699e+19,1.5357919101745596e+22,8.214071366892373e+21,1.121373357440163,0.05643011091280428
sc,125.0,0,2.7129185310566738e-08,0.0024662895736878854,1.541915597970291e+16,5.477484983392499e+19,1.5357919101745596e+22,8.268441699231363e+21,1.1209826894862156,0.05711621154047655
sc,125.0,0,2.7563162696108976e-08,0.0025057420632826344,1.5707008671343146e+16,5.412429116987689e+19,1.5357919101745596e+22,8.322763931348234e+21,1.1205886118192634,0.05780777115335934
sc,125.0,0,2.8003939091295727e-08,0.002545812644663248,1.600193277418377e+16,5.34731217376478e+19,1.5357919101745596e+22,8.377025770582425e+21,1.1201911570167766,0.058504772205104034
sc,125.0,0,2.84516204538629e-08,0.002586510950351173,1.6304130891527438e+16,5.282148813615303e+19,1.5357919101745596e+22,8.431214857032551e+21,1.1197903592062068,0.059207195745160424
sc,125.0,0,2.8906314375077457e-08,0.002627846761370678,1.6613812106243354e+16,5.2169538714208215e+19,1.5357919101745596e+22,8.485318772842677e+21,1.119386254064778,0.05991502141525826
sc,125.0,0,2.9368130104358903e-08,0.002669830009487173,1.693119219805655e+16,5.151742345827484e+19,1.5357919101745596e+22,8.539325051633596e+21,1.1189788788179305,0.06062822744700693
sc,125.0,0,2.983717857425316e-08,0.0027124707794775604,1.7256493867890124e+16,5.08652938757328e+19,1.5357919101745596e+22,8.593221188049775e+21,1.1185682722363854,0.06134679066063417
sc,125.0,0,3.031357242576549e-08,0.0027557793114332263,1.7589946969461986e+16,5.0213302873814704e+19,1.5357919101745596e+22,8.646994647408406e+21,1.1181544746318182,0.06207068646488793
sc,125.0,0,3.079742603405422e-08,0.0027997660030958382,1.7931788748327978e+16,4.9561604634354295e+19,1.5357919101745596e+22,8.700632875427697e+21,1.117737527851116,0.0627998888581162
sc,125.0,0,3.12888555344934e-08,0.0028444414122266726,1.8282264088557348e+16,4.891035448448812e+19,1.5357919101745596e+22,8.754123308007537e+21,1.1173174752692034,0.06353437043054763
sc,125.0,0,3.178797884910417e-08,0.00288981625900947,1.864162576724549e+16,4.825970876351005e+19,1.5357919101745596e+22,8.807453381045485e+21,1.1168943617804268,0.06427410236778121
sc,125.0,0,3.2294915713363566e-08,0.0029359014284875973,1.901013471704945e+16,4.7609824686062895e+19,1.5357919101745596e+22,8.86061054026122e+21,1.1164682337884757,0.06501905445550525
sc,125.0,0,3.280978770339371e-08,0.002982707973035792,1.9388060296949416e+16,4.6960860201854796e+19,1.5357919101745596e+22,8.913582251004549e+21,1.1160391391948425,0.06576919508545515
sc,125.0,0,3.3332718263538116e-08,0.0030302471148671017,1.9775680571427144e+16,4.631297385215186e+19,1.5357919101745596e+22,8.966356008026438e+21,1.1156071273858033,0.06652449126262258
sc,125.0,0,3.3863832734323975e-08,0.0030785302485749066,2.017328259825583e+16,4.56663246232495e+19,1.5357919101745596e+22,9.018919345183844e+21,1.1151722492179257,0.06728490861371596
sc,125.0,0,3.44032583808237e-08,0.0031275689437112453,2.058116272509697e+16,4.50210717971961e+19,1.5357919101745596e+22,9.071259845057285e+21,1.114734557002094,0.06805041139689046
sc,125.0,0,3.495112442141468e-08,0.0031773749474013346,2.0999626895091388e+16,4.437737480000239e+19,1.5357919101745596e+22,9.123365148451708e+21,1.1142941044860564,0.06882096251274265
sc,125.0,0,3.550756205694139e-08,0.0032279601869946717,2.142899096163858e+16,4.3735393047642735e+19,1.5357919101745596e+22,9.17522296376352e+21,1.1138509468355056,0.06959652351657072
sc,125.0,0,3.607270450029026e-08,0.0032793367727536604,2.1869581012540236e+16,4.3095285790091805e+19,1.5357919101745596e+22,9.226821076176862e+21,1.1134051406136853,0.07037705463190763
sc,125.0,0,3.664668700637741e-08,0.0033315170005797645,2.232173370370364e+16,4.245721195373342e+19,1.5357919101745596e+22,9.278147356680407e+21,1.1129567437595524,0.071162514765317
sc,125.0,0,3.722964690255637e-08,0.0033845133547778516,2.278579660256419e+16,4.182132998241023e+19,1.5357919101745596e+22,9.329189770865148e+21,1.1125058155644916,0.07195286152245027
sc,125.0,0,3.7821723619446636e-08,0.003438338510858785,2.3262128541410056e+16,4.118779767745786e+19,1.5357919101745596e+22,9.379936387491609e+21,1.1120524166476187,0.0727480512253515
sc,125.0,0,3.8423058722196925e-08,0.0034930053383815385,2.375109998076953e+16,4.055677203702835e+19,1.5357919101745596e+22,9.43037538679892e+21,1.1115966089296754,0.07354803893101222
sc,125.0,0,3.9033795942180146e-08,0.003548526903834559,2.4253093383011156e+16,3.9928409095033995e+19,1.5357919101745596e+22,9.48049506853212e+21,1.1111384556055548,0.07435277845115304
sc,125.0,0,3.9654081209125614e-08,0.003604916473556874,2.4768503596315824e+16,3.930286376006063e+19,1.5357919101745596e+22,9.53028385967354e+21,1.1106780211154788,0.07516222237321804
sc,125.0,0,4.0284062683698775e-08,0.0036621875166998885,2.5297738249139984e+16,3.868028965458002e+19,1.5357919101745596e+22,9.57973032185218e+21,1.1102153711148635,0.07597632208257186
sc,125.0,0,4.092389079052738e-08,0.003720353708229762,2.5841218155315184e+16,3.806083895480865e+19,1.5357919101745596e+22,9.628823158416615e+21,1.109750572442905,0.07679502778587187
sc,125.0,0,4.157371825168804e-08,0.00377942893197164,2.639937772988612e+16,3.744466223155933e+19,1.5357919101745596e+22,9.677551221154997e+21,1.1092836930899275,0.0776182885356046
sc,125.0,0,4.223370012064276e-08,0.0038394272836947962,2.697266541577763e+16,3.683190829244816e+19,1.5357919101745596e+22,9.725903516643608e+21,1.1088148021635387,0.07844605225574278
sc,125.0,0,4.290399381665122e-08,0.00390036307424102,2.756154412140048e+16,3.622272402578656e+19,1.5357919101745596e+22,9.773869212217593e+21,1.1083439698536317,0.0792782657685222
sc,125.0,0,4.358475915964527e-08,0.0039622508326950245,2.8166491669227828e+16,3.5617254246523367e+19,1.5357919101745596e+22,9.821437641544343e+21,1.107871267396298,0.0801148748222859
sc,125.0,0,4.4276158405582135e-08,0.004025105309598376,2.878800125541614e+16,3.5015641544575484e+19,1.5357919101745596e+22,9.868598309795775e+21,1.1073967670366918,0.08095582412037858
sc,125.0,0,4.4978356282275756e-08,0.004088941480206887,2.9426581920483388e+16,3.4418026135894634e+19,1.5357919101745596e+22,9.915340898412813e+21,1.1069205419909138,0.08180105735105096
sc,125.0,0,4.5691520025717855e-08,0.0041537745477925325,3.0082759031049908e+16,3.3824545716602384e+19,1.5357919101745596e+22,9.961655269452677e+21,1.1064426664069722,0.08265051721834554
sc,125.0,0,4.641581941688383e-08,0.004219619946989439,3.0757074772619156e+16,3.3235335320534417e+19,1.5357919101745596e+22,1.0007531469521243e+22,1.1059632153248877,0.08350414547391445
sc,125.0,0,4.715142681904483e-08,0.0042864933471858935,3.1450088653361924e+16,3.265052718050442e+19,1.5357919101745596e+22,1.0052959733290518e+22,1.1054822646360085,0.0843618829497482
sc,125.0,0,4.789851721556532e-08,0.004354410655960483,3.2162378018795668e+16,3.207025059362487e+19,1.5357919101745596e+22,1.0097930486599255e+22,1.1049998910416194,0.08522366959174318
sc,125.0,0,4.865726824822575e-08,0.004423388022565977,3.2894538577289556e+16,3.149463179096245e+19,1.5357919101745596e+22,1.0142434349149315e+22,1.104516172010902,0.08608944449410451
sc,125.0,0,4.942786025604229e-08,0.00449344184145839,3.3647184936217496e+16,3.0923793811849167e+19,1.5357919101745596e+22,1.0186462136800974e+22,1.1040311857383456,0.08695914593449956
sc,125.0,0,5.021047631461167e-08,0.0045645887558737885,3.4420951148601508e+16,3.035785638311301e+19,1.5357919101745596e+22,1.0230004863481978e+22,1.1035450111006784,0.08783271140994177
sc,125.0,0,5.100530227597572e-08,0.004636845661452338,3.5216491270004456e+16,2.9796935803505553e+19,1.5357919101745596e+22,1.0273053742720927e+22,1.103057727613409,0.08871007767334285
sc,125.0,0,5.1812526809014605e-08,0.0047102297099104184,3.6034479925432376e+16,2.9241144833577013e+19,1.5357919101745596e+22,1.03156001888263e+22,1.1025694153870687,0.08959118077068817
sc,125.0,0,5.263234144037326e-08,0.004784758312761206,3.687561288592335e+16,2.8690592591238787e+19,1.5357919101745596e+22,1.0357635817730564e+22,1.1020801550832433,0.0904759560787815
sc,125.0,0,5.3464940595922046e-08,0.004860449145083823,3.774060765446332e+16,2.8145384453237498e+19,1.5357919101745596e+22,1.039915244751952e+22,1.1015900278704929,0.09136433834350245
sc,125.0,0,5.431052164276817e-08,0.004937320149342561,3.8630204060838424e+16,2.760562196273826e+19,1.5357919101745596e+22,1.0440142098678115e+22,1.1010991153802498,0.09225626171853384
sc,125.0,0,5.516928493180878e-08,0.005015389539255344,3.9545164864934664e+16,2.70714027432136e+19,1.5357919101745596e+22,1.0480596994077877e+22,1.1006074996628021,0.09315165980448835
sc,125.0,0,5.6041433840840926e-08,0.0050946758037128115,4.0486276367986984e+16,2.654282041879869e+19,1.5357919101745596e+22,1.0520509558742097e+22,1.1001152631434568,0.0940504656883891
sc,125.0,0,5.692717481823145e-08,0.005175197710748314,4.14543490311762e+16,2.6019964541263794e+19,1.5357919101745596e+22,1.0559872419421869e+22,1.0996224885789887,0.09495261198344433
sc,125.0,0,5.782671742714684e-08,0.005256974311558804,4.245021810092722e+16,2.5502920523735245e+19,1.5357919101745596e+22,1.0598678404021898e+22,1.0991292590144826,0.0958580308690535
sc,125.0,0,5.8740274390359504e-08,0.005340024944578137,4.347474424018881e+16,2.499176958126664e+19,1.5357919101745596e+22,1.0636920540916062e+22,1.0986356577406642,0.09676665413099796
sc,125.0,0,5.966806163561761e-08,0.005424369239601601,4.4528814164889864e+16,2.4486588678358802e+19,1.5357919101745596e+22,1.067459205819757e+22,1.0981417682518428,0.09767841320173906
sc,125.0,0,6.061029834160731e-08,0.0055100271219643004,4.561334128471863e+16,2.3987450483482145e+19,1.5357919101745596e+22,1.0711686382910962e+22,1.097647674204555,0.098593239200789
sc,125.0,0,6.156720698448764e-08,0.005597018816771604,4.672926634723801e+16,2.34944233306603e+19,1.5357919101745596e+22,1.0748197140309907e+22,1.0971534593770318,0.09951106297507037
sc,125.0,0,6.253901338502271e-08,0.005685364853183883,4.7877558084325384e+16,2.3007571188129915e+19,1.5357919101745596e+22,1.0784118153197247e+22,1.0966592076295887,0.100431815139225
sc,125.0,0,6.35259467563024e-08,0.0057750860687547645,4.905921385976956e+16,2.2526953634087604e+19,1.5357919101745596e+22,1.0819443441394134e+22,1.0961650028660503,0.10135542611579977
sc,125.0,0,6.452823975206651e-08,0.005866203613824228,5.02752603168239e+16,2.2052625839502356e+19,1.5357919101745596e+22,1.085416722139714e+22,1.0956709289963127,0.10228182617526042
sc,125.0,0,6.554612851563202e-08,0.005958738955966547,5.152675402436328e+16,2.1584638557958943e+19,1.5357919101745596e+22,1.0888283906277089e+22,1.0951770699001486,0.10321094547577075
sc,125.0,0,6.657985272942628e-08,0.006052713884493299,5.2814782120216104e+16,2.1123038122475e+19,1.5357919101745596e+22,1.0921788105875593e+22,1.0946835093923661,0.10414271410267743
sc,125.0,0,6.762965566513684e-08,0.0061481505150124405,5.4140462950122856e+16,2.066786644921085e+19,1.5357919101745596e+22,1.0954674627358359e+22,1.0941903311894117,0.10507706210765003
sc,125.0,0,6.869578423447609e-08,0.006245071294043281,5.550494670066456e+16,2.0219161047980077e+19,1.5357919101745596e+22,1.0986938476184163e+22,1.0936976188775247,0.10601391954741396
sc,125.0,0,6.977848904057438e-08,0.00634349900368858,5.690941602437983e+16,1.9776955039441314e+19,1.5357919101745596e+22,1.1018574857546892e+22,1.0932054558825328,0.10695321652203044
sc,125.0,0,7.087802442999102e-08,0.006443456766362821,5.835508665515863e+16,1.9341277178843906e+19,1.5357919101745596e+22,1.1049579178350294e+22,1.092713925441388,0.10789488321265597
sc,125.0,0,7.199464854536281e-08,0.006544968049578437,5.9843208011892984e+16,1.8912151886169194e+19,1.5357919101745596e+22,1.1079947049771922e+22,1.0922231105755218,0.10883884991874357
sc,125.0,0,7.312862337869174e-08,0.006648056670790159,6.1375063788220776e+16,1.8489599282504217e+19,1.5357919101745596e+22,1.1109674290474954e+22,1.0917330940661045,0.10978504709463183
sc,125.0,0,7.42802148252601e-08,0.006752746802296372,6.2951972526041224e+16,1.8073635232471589e+19,1.5357919101745596e+22,1.113875693052348e+22,1.0912439584312952,0.11073340538545985
sc,125.0,0,7.544969273820284e-08,0.006859062976200259,6.457528817038259e+16,1.7664271392505453e+19,1.5357919101745596e+22,1.1167191216053274e+22,1.0907557859055357,0.11168385566238274
sc,125.0,0,7.663733098372088e-08,0.0069670300894291715,6.6246400603020024e+16,1.7261515264773194e+19,1.5357919101745596e+22,1.119497361475124e+22,1.0902686584209662,0.11263632905702486
sc,125.0,0,7.784340749694441e-08,0.007076673408813128,6.796673615210274e+16,1.6865370256518134e+19,1.5357919101745596e+22,1.1222100822193072e+22,1.089782657591014,0.11359075699513281
sc,125.0,0,7.906820433846068e-08,0.007188018576223698,6.97377580749123e+16,1.6475835744582787e+19,1.5357919101745596e+22,1.1248569769081094e+22,1.089297864696196,0.11454707122939548
sc,125.0,0,8.031200775148666e-08,0.007301091613771515,7.156096701068221e+16,1.6092907144875037e+19,1.5357919101745596e+22,1.1274377629428018e+22,1.0888143606721885,0.11550520387137404
sc,125.0,0,8.157510821971942e-08,0.0074159189290654015,7.343790140029597e+16,1.571657598651579e+19,1.5357919101745596e+22,1.1299521829718645e+22,1.088332226100171,0.11646508742252963
sc,125.0,0,8.285780052584041e-08,0.007532527320530946,7.537013786947115e+16,1.5346829990411528e+19,1.5357919101745596e+22,1.132400005908716e+22,1.0878515411994785,0.11742665480429353
sc,125.0,0,8.41603838106953e-08,0.007650943982790481,7.7359291571915e+16,1.4983653151975318e+19,1.5357919101745596e+22,1.1347810280530237e+22,1.087372385822555,0.11838983938716408
sc,125.0,0,8.548316163314407e-08,0.007771196512104006,7.940701648874117e+16,1.462702582772639e+19,1.5357919101745596e+22,1.1370950743179643e+22,1.0868948394522036,0.11935457501879645
sc,125.0,0,8.682644203058415e-08,0.007893312911871286,8.151500568028784e+16,1.4276924825484988e+19,1.5357919101745596e+22,1.1393419995646704e+22,1.0864189812011102,0.12032079605106064
sc,125.0,0,8.81905375801531e-08,0.008017321598195737,8.368499148630528e+16,1.3933323497876382e+19,1.5357919101745596e+22,1.1415216900441492e+22,1.0859448898135993,0.12128843736604962
sc,125.0,0,8.957576546060974e-08,0.008143251405509977,8.591874567031894e+16,1.3596191838861707e+19,1.5357919101745596e+22,1.1436340649466578e+22,1.085472643669569,0.12225743440101751
sc,125.0,0,9.098244751490158e-08,0.00827113159226378,8.821807950381296e+16,1.3265496583002917e+19,1.5357919101745596e+22,1.1456790780571657e+22,1.0850023207905313,0.1232277231722373
sc,125.0,0,9.24109103134052e-08,0.0084009918466732,9.058484378569528e+16,1.2941201307176946e+19,1.5357919101745596e+22,1.1476567195146909e+22,1.084533998847669,0.1241992402977577
sc,125.0,0,9.38614852178688e-08,0.008532862292533527,9.302092879239958e+16,1.262326653444744e+19,1.5357919101745596e+22,1.1495670176724577e+22,1.0840677551717919,0.12517192301907112
sc,125.0,0,9.53345084460277e-08,0.008666773495093427,9.552826415375822e+16,1.2311649839811893e+19,1.5357919101745596e+22,1.1514100410542868e+22,1.083603666765065,0.1261457092216704
sc,125.0,0,9.683032113691836e-08,0.008802756466992578,9.810881864968936e+16,1.2006305957535805e+19,1.5357919101745596e+22,1.153185900401785e+22,1.0831418103143504,0.1271205374545118
sc,125.0,0,9.834926941687449e-08,0.008940842674261318,1.0076459992259664e+17,1.170718688979959e+19,1.5357919101745596e+22,1.1548947508059714e+22,1.0826822622059842,0.12809634694838054
sc,125.0,0,9.989170446622597e-08,0.00908106404238418,1.0349765410021384e+17,1.1414242016375718e+19,1.5357919101745596e+22,1.1565367939144125e+22,1.08222509854178,0.12907307763318265
sc,125.0,0,1.0145798258667493e-07,0.009223452962424994,1.063100653235585e+17,1.112741820507225e+19,1.5357919101745596e+22,1.158112280205192e+22,1.081770395156035,0.13005067015416272
sc,125.0,0,1.030484652693735e-07,0.009368042297215773,1.0920395517450925e+17,1.0846659922674964e+19,1.5357919101745596e+22,1.1596215113162689e+22,1.0813182276332676,0.13102906588708535
sc,125.0,0,1.0466351926369088e-07,0.009514865387608262,1.1218148199747602e+17,1.0571909346130635e+19,1.5357919101745596e+22,1.1610648424178325e+22,1.0808686713264082,0.13200820695239912
sc,125.0,0,1.0630351664667048e-07,0.009663956058788226,1.1524484010953486e+17,1.0303106473722515e+19,1.5357919101745596e+22,1.1624426846137405e+22,1.0804218013751137,0.13298803622841723
sc,125.0,0,1.0796883489318065e-07,0.009815348626652787,1.1839625889335595e+17,1.0040189235996207e+19,1.5357919101745596e+22,1.163755507356168e+22,1.0799776927238565,0.13396849736355584
sc,125.0,0,1.0965985694675306e-07,0.009969077904250279,1.2163800176721523e+17,9.783093606201702e+18,1.5357919101745596e+22,1.1650038408560379e+22,1.0795364201394024,0.1349495347876728
sc,125.0,0,1.1137697129110978e-07,0.010125179208282709,1.2497236502639502e+17,9.5317537100277e+18,1.5357919101745596e+22,1.1661882784699359e+22,1.0790980582272534,0.1359310937225602
sc,125.0,0,1.131205720223829e-07,0.010283688365671173,1.2840167655030312e+17,9.286101934413859e+18,1.5357919101745596e+22,1.1673094790426934e+22,1.078662681446595,0.13691312019165255
sc,125.0,0,1.1489105892200752e-07,0.010444641720182501,1.3192829436968573e+17,9.046069035237596e+18,1.5357919101745596e+22,1.1683681691827123e+22,1.0782303641232636,0.13789556102900705
sc,125.0,0,1.1668883753031101e-07,0.010608076139119182,1.3555460508841864e+17,8.811584243677395e+18,1.5357919101745596e+22,1.1693651454450217e+22,1.0778011804601837,0.13887836388764466
sc,125.0,0,1.1851431922077509e-07,0.010774029020070464,1.3928302215446938e+17,8.582575371072943e+18,1.5357919101745596e+22,1.1703012763955108e+22,1.0773752045447176,0.13986147724732206
sc,125.0,0,1.2036792127497026e-07,0.010942538297724569,1.4311598397484626e+17,8.358968912108041e+18,1.5357919101745596e+22,1.1711775045280032e+22,1.076952510352306,0.14084485042182696
sc,125.0,0,1.2225006695817458e-07,0.011113642450743144,1.4705595186956118e+17,8.140690146151525e+18,1.5357919101745596e+22,1.1719948480031536e+22,1.0765331717457491,0.14182843356590474
sc,125.0,0,1.241611855956522e-07,0.011287380508695655,1.5110540785983683e+17,7.92766323660873e+18,1.5357919101745596e+22,1.172754402176679e+22,1.0761172624694346,0.1428121776819146
sc,125.0,0,1.261017126495984e-07,0.0114637920590544,1.5526685228626026e+17,7.719811328141744e+18,1.5357919101745596e+22,1.1734573408827371e+22,1.07570485613778,0.14379603462634039
sc,125.0,0,1.2807208979674554e-07,0.011642917254249596,1.595428012528911e+17,7.517056641629781e+18,1.5357919101745596e+22,1.1741049174359854e+22,1.0752960262171096,0.1447799571162853
sc,125.0,0,1.3007276500662229e-07,0.011824796818783845,1.6393578389379174e+17,7.319320566751461e+18,1.5357919101745596e+22,1.174698465313638e+22,1.0748908460001576,0.14576389873609066
sc,125.0,0,1.3210419262045697e-07,0.01200947205640518,1.6844833945902608e+17,7.126523752083004e+18,1.5357919101745596e+22,1.1752393984778925e+22,1.0744893885723417,0.14674781394422884
sc,125.0,0,1.3416683343072837e-07,0.012196984857338944,1.7308301421786074e+17,6.938586192614834e+18,1.5357919101745596e+22,1.1757292112968851e+22,1.0740917267689152,0.14773165808064134
sc,125.0,0,1.3626115476134353e-07,0.012387377705576685,1.7784235817737738e+17,6.75542731460255e+18,1.5357919101745596e+22,1.176169478020106e+22,1.0736979331220762,0.14871538737469264
sc,125.0,0,1.3838763054844443e-07,0.012580693686222222,1.8272892161578822e+17,6.576966057675774e+18,1.5357919101745596e+22,1.176561851763562e+22,1.07330807979707,0.14969895895393695
sc,125.0,0,1.4054674142183642e-07,0.012776976492894221,1.8774525143052205e+17,6.403120954139813e+18,1.5357919101745596e+22,1.1769080629583547e+22,1.0729222385163009,0.1506823308539043
sc,125.0,0,1.427389747870162e-07,0.01297627043518329,1.9289388730199075e+17,6.233810205415898e+18,1.5357919101745596e+22,1.1772099172136733e+22,1.0725404804704342,0.15166546202912254
sc,125.0,0,1.4496482490780489e-07,0.01317862044616408,1.981773576754187e+17,6.068951755572759e+18,1.5357919101745596e+22,1.177469292546443e+22,1.0721628762154507,0.15264831236561988
sc,125.0,0,1.4722479298957047e-07,0.013384072089960952,2.03598175564064e+17,5.908463361913096e+18,1.5357919101745596e+22,1.177688135926563e+22,1.0717894955545961,0.15363084269516125
sc,125.0,0,1.4951938726302417e-07,0.013592671569365833,2.0915883417860438e+17,5.752262662586923e+18,1.5357919101745596e+22,1.17786845908701e+22,1.0714204074041571,0.15461301481149056
sc,125.0,0,1.518491230685864e-07,0.013804465733507854,2.1486180238905923e+17,5.600267241211206e+18,1.5357919101745596e+22,1.1780123335472613e+22,1.071055679641984,0.15559479148887476
sc,125.0,0,1.542145229413025e-07,0.014019502085572955,2.2070952002723334e+17,5.452394688483761e+18,1.5357919101745596e+22,1.1781218847983606e+22,1.0706953789376825,0.15657613650326066
sc,125.0,0,1.566161166963006e-07,0.014237828790572782,2.2670439303934093e+17,5.308562660785834e+18,1.5357919101745596e+22,1.1781992855967417e+22,1.0703395705634002,0.15755701465638197
sc,125.0,0,1.5905444151477943e-07,0.014459494683161767,2.3284878850072384e+17,5.168688935774548e+18,1.5357919101745596e+22,1.178246748315431e+22,1.069988318184143,0.1585373918031754
sc,125.0,0,1.6153004203050185e-07,0.01468454927550017,2.3914502950649254e+17,5.032691464973274e+18,1.5357919101745596e+22,1.178266516300819e+22,1.0696416836265883,0.1595172348828847
sc,125.0,0,1.6404347041678602e-07,0.014913042765162365,2.4559538995428947e+17,4.900488423372119e+18,1.5357919101745596e+22,1.1782608541832224e+22,1.0692997266253705,0.16049651195426404
sc,125.0,0,1.6659528647398002e-07,0.015145026043089094,2.5220208923807462e+17,4.77199825605628e+18,1.5357919101745596e+22,1.178232037091981e+22,1.0689625045458668,0.16147519223531703
sc,125.0,0,1.6918605771739475e-07,0.015380550701581341,2.5896728687438288e+17,4.647139721884293e+18,1.5357919101745596e+22,1.178182338725416e+22,1.0686300720825468,0.1624532461480334
sc,125.0,0,1.718163594656804e-07,0.015619669042334583,2.6589307708540506e+17,4.5258319342413194e+18,1.5357919101745596e+22,1.1781140182276315e+22,1.068302480931997,0.16343064536861968
sc,125.0,0,1.744867749296319e-07,0.01586243408451199,2.729814833667608e+17,4.4079943988952125e+18,1.5357919101745596e+22,1.1780293058270478e+22,1.0679797794397972,0.16440736288375443
sc,125.0,0,1.7719789530139395e-07,0.016108899572853996,2.802344530708046e+17,4.2935470489858314e+18,1.5357919101745596e+22,1.1779303871916903e+22,1.067662012220481,0.1653833730534272
sc,125.0,0,1.7995031984405312e-07,0.016359119985823012,2.8765385204021827e+17,4.1824102771784264e+18,1.5357919101745596e+22,1.177819386459327e+22,1.0673492197498855,0.1663586516809647
sc,125.0,0,1.8274465598158962e-07,0.016613150543780875,2.952414593305939e+17,4.0745049650130176e+18,1.5357919101745596e+22,1.177698347902847e+22,1.0670414379292636,0.1673331760908819
sc,125.0,0,1.855815193891665e-07,0.016871047217196955,3.029989620647757e+17,3.9697525094809636e+18,1.5357919101745596e+22,1.1775692161931884e+22,1.066738697620614,0.1683069252152406
sc,125.0,0,1.8846153408373512e-07,0.01713286673488501,3.1092795046622394e+17,3.8680748468584366e+18,1.5357919101745596e+22,1.1774338152244273e+22,1.0664410241527384,0.16927987968924305
sc,125.0,0,1.9138533251492623e-07,0.01739866659226602,3.190299131236443e+17,3.769394473825233e+18,1.5357919101745596e+22,1.1772938254687939e+22,1.066148436797629,0.1702520219568346
sc,125.0,0,1.9435355565620198e-07,0.017668505059654727,3.273062325439988e+17,3.6736344658934615e+18,1.5357919101745596e+22,1.1771507598307937e+22,1.0658609482168235,0.17122333638714268
sc,125.0,0,1.9736685309624657e-07,0.01794244119056787,3.357581810565992e+17,3.58071849316645e+18,1.5357919101745596e+22,1.177005937971687e+22,1.0655785638774355,0.17219380940263665
sc,125.0,0,2.0042588313055408e-07,0.018220534830050372,3.4438691713686803e+17,3.49057083344431e+18,1.5357919101745596e+22,1.176860459078076e+22,1.0653012814375908,0.17316342961994666
sc,125.0,0,2.0353131285319847e-07,0.018502846623018043,3.531934822244345e+17,3.403116382685665e+18,1.5357919101745596e+22,1.1767151730486229e+22,1.065029090101012,0.1741321880043529
sc,125.0,0,2.0668381824874192e-07,0.018789438022612903,3.6217879811693037e+17,3.318280662827605e+18,1.5357919101745596e+22,1.176570650073603e+22,1.0647619699404807,0.17510007803901814
sc,125.0,0,2.0988408428425337e-07,0.019080371298568488,3.7134366502789126e+17,3.2359898269595356e+18,1.5357919101745596e+22,1.1764271485821164e+22,1.0644998911898542,0.17606709591011502
sc,125.0,0,2.1313280500140307e-07,0.019375709545582098,3.8068876040493216e+17,3.1561706618345354e+18,1.5357919101745596e+22,1.1762845815301602e+22,1.0642428135042161,0.1770332407090827
sc,125.0,0,2.1643068360860024e-07,0.01967551669169093,3.902146386120364e+17,3.07875058769421e+18,1.5357919101745596e+22,1.1761424809996197e+22,1.063990685187598,0.17799851465333297
sc,125.0,0,2.1977843257313156e-07,0.019979857506648324,3.999217315889602e+17,3.0036576553686513e+18,1.5357919101745596e+22,1.1759999610743865e+22,1.0637434423874976,0.17896292332682345
sc,125.0,0,2.2317677371326033e-07,0.020288797610296394,4.0981035060976384e+17,2.9308205406026644e+18,1.5357919101745596e+22,1.1758556789538829e+22,1.063501008255141,0.17992647594201897
sc,125.0,0,2.2662643829025575e-07,0.02060240348093234,4.1988068927263245e+17,2.8601685355422986e+18,1.5357919101745596e+22,1.175707794254808e+22,1.063263292070065,0.18088918562488174
sc,125.0,0,2.301281671003057e-07,0.020920742463664155,4.301328278639515e+17,2.791631537302573e+18,1.5357919101745596e+22,1.1755539264418622e+22,1.0630301883271367,0.18185106972465184
sc,125.0,0,2.3368271056625915e-07,0.021243882778750833,4.4056673925128704e+17,2.725140033518499e+18,1.5357919101745596e+22,1.1753911103131574e+22,1.06280157578354,0.18281215015031632
sc,125.0,0,2.372908288291805e-07,0.0215718935299255,4.511822964728583e+17,2.6606250847627725e+18,1.5357919101745596e+22,1.1752157494489458e+22,1.0625773164625536,0.1837724537358274
sc,125.0,0,2.4095329183963207e-07,0.021904844712693827,4.6197928220476883e+17,2.598018303694429e+18,1.5357919101745596e+22,1.1750235675098538e+22,1.0623572546100772,0.1847320126362794
sc,125.0,0,2.446708794486748e-07,0.022242807222606797,4.7295740030256877e+17,2.5372518307790945e+18,1.5357919101745596e+22,1.174809557244098e+22,1.0621412155988228,0.18569086475746013
sc,125.0,0,2.48444381498505e-07,0.022585852863500455,4.8411628963053677e+17,2.478258306398763e+18,1.5357919101745596e+22,1.1745679270312313e+22,1.0619290047738636,0.18664905422137673
sc,125.0,0,2.522745979127007e-07,0.022934054355700062,4.954555404105511e+17,2.4209708391425766e+18,1.5357919101745596e+22,1.1742920447511843e+22,1.061720406231748,0.1876066318705977
sc,125.0,0,2.5616233878600337e-07,0.023287485344182124,5.0697471334286854e+17,2.3653229700427535e+18,1.5357919101745596e+22,1.1739743787218226e+22,1.0615151815236739,0.18856365581449214
sc,125.0,0,2.601084244735974e-07,0.023646220406690677,5.186733617741777e+17,2.3112486324892303e+18,1.5357919101745596e+22,1.1736064353939472e+22,1.0613130682711727,0.18952019202073597
sc,125.0,0,2.6411368567981104e-07,0.024010335061801003,5.30551057213795e+17,2.2586821075246582e+18,1.5357919101745596e+22,1.1731786934292369e+22,1.0611137786803662,0.19047631495575504
sc,125.0,0,2.6817896354620375e-07,0.024379905776927613,5.426074185278256e+17,2.207557974185675e+18,1.5357919101745596e+22,1.172680533711987e+22,1.0609169979380566,0.19143210827813328
sc,125.0,0,2.7230510973895295e-07,0.02475500997626845,5.547747141580567e+17,2.1590153144743324e+18,1.5357919101745596e+22,1.1726117789919963e+22,1.0607357613519806,0.19238766558938594
sc,125.0,0,2.7649298653549316e-07,0.025135726048681195,5.670446269031435e+17,2.1130235799707272e+18,1.5357919101745596e+22,1.173014698986901e+22,1.0605709434191541,0.19334307980103094
sc,125.0,0,2.8074346691033843e-07,0.02552213335548531,5.794105845283124e+17,2.0695105879479252e+18,1.5357919101745596e+22,1.1739130980875832e+22,1.0604229230969378,0.1942984424146905
sc,125.0,0,2.850574346200175e-07,0.025914312238183412,5.91865724756903e+17,2.0284019651703063e+18,1.5357919101745596e+22,1.175328004722349e+22,1.0602919971598608,0.19525384315799132
sc,125.0,0,2.8943578428705664e-07,0.026312344026096057,6.044029006534481e+17,1.989621088848388e+18,1.5357919101745596e+22,1.1772773448064193e+22,1.0601783720276334,0.1962093696337418
sc,125.0,0,2.9387942148292916e-07,0.026716311043902652,6.170146870782954e+17,1.9530890695137597e+18,1.5357919101745596e+22,1.1797756342874864e+22,1.060082156592958,0.19716510698752923
sc,125.0,0,2.9838926280991484e-07,0.027126296619083168,6.296933882572303e+17,1.9187247778272865e+18,1.5357919101745596e+22,1.1828336969561976e+22,1.0600033562723397,0.19812113759903427
sc,125.0,0,3.029662359817677e-07,0.02754238508925161,6.424310465084893e+17,1.8864449166145974e+18,1.5357919101745596e+22,1.1864584136000446e+22,1.0599418684799655,0.19907754080242565
sc,125.0,0,3.076112799031355e-07,0.027964661809375957,6.552194521681705e+17,1.8561641386532365e+18,1.5357919101745596e+22,1.1906525083459687e+22,1.0598974796927132,0.20003439264120357
sc,125.0,0,3.12325344747639e-07,0.028393213158876274,6.680501547525871e+17,1.8277952099412506e+18,1.5357919101745596e+22,1.1954143776639275e+22,1.0598698642346516,0.20099176566276356
sc,125.0,0,3.17109392034528e-07,0.028828126548593458,6.809144753927076e+17,1.8012492173744312e+18,1.5357919101745596e+22,1.200737966993283e+22,1.0598585848635744,0.20194972875777584
sc,125.0,0,3.2196439470382796e-07,0.029269490427620726,6.938035205717838e+17,1.7764358189720297e+18,1.5357919101745596e+22,1.2066126993180976e+22,1.0598630951923211,0.20290834704920338
sc,125.0,0,3.2689133718989104e-07,0.029717394289990096,7.06708197191326e+17,1.7532635340364938e+18,1.5357919101745596e+22,1.2130234592644768e+22,1.0598827439261342,0.20386768183541826
sc,125.0,0,3.318912154932562e-07,0.030171928681205107,7.196192289841043e+17,1.7316400699285924e+18,1.5357919101745596e+22,1.219950635440752e+22,1.0599167808465833,0.20482779059141562
sc,125.0,0,3.369650372507253e-07,0.03063318520461139,7.325271742840338e+17,1.7114726814981458e+18,1.5357919101745596e+22,1.2273702228027154e+22,1.059964364424961,0.20578872703157666
sc,125.0,0,3.4211382180356256e-07,0.0311012565275966,7.454224451535753e+17,1.6926685586418647e+18,1.5357919101745596e+22,1.2352539858206714e+22,1.0600245709056277,0.20675054123679473
sc,125.0,0,3.4733860026371343e-07,0.03157623638761031,7.582953278572794e+17,1.6751352369708188e+18,1.5357919101745596e+22,1.24356968216791e+22,1.0600964046642307,0.20771327984805518
sc,125.0,0,3.5264041557793443e-07,0.03205821959799404,7.711360046576586e+17,1.6587810261602724e+18,1.5357919101745596e+22,1.2522813455601704e+22,1.0601788096182527,0.20867698632776122
sc,125.0,0,3.5802032258974794e-07,0.03254730205361345,7.839345768947199e+17,1.6435154502271939e+18,1.5357919101745596e+22,1.2613496252677579e+22,1.0602706814485339,0.20964170128923487
sc,125.0,0,3.6347938809909277e-07,0.033043580736281164,7.9668108929531e+17,1.6292496937291945e+18,1.5357919101745596e+22,1.2707321787144114e+22,1.0603708803803624,0.21060746289388776
sc,125.0,0,3.69018690919575e-07,0.033547153719961365,8.093655554410147e+17,1.6158970477022618e+18,1.5357919101745596e+22,1.2803841124837464e+22,1.0604782442709741,0.21157430731458612
sc,125.0,0,3.74639321933195e-07,0.034058120175745,8.21977984305668e+17,1.6033733490476646e+18,1.5357919101745596e+22,1.2902584659938887e+22,1.0605916017559645,0.21254226926272013
sc,125.0,0,3.803423841424418e-07,0.03457658037658562,8.345084077558112e+17,1.5915974070389174e+18,1.5357919101745596e+22,1.300306731090983e+22,1.0607097852190712,0.2135113825754585
sc,125.0,0,3.8612899271962657e-07,0.035102635701784235,8.469469088875172e+17,1.5804914106471944e+18,1.5357919101745596e+22,1.310479399869699e+22,1.060831643366633,0.21448168085863054
sc,125.0,0,3.9200027505334535e-07,0.03563638864121321,8.592836510566615e+17,1.5699813104796905e+18,1.5357919101745596e+22,1.3207265321818767e+22,1.0609560532084603,0.2154531981796614
sc,125.0,0,3.9795737079193217e-07,0.03617794279926656,8.715089074401386e+17,1.5599971692962115e+18,1.5357919101745596e+22,1.3309983335582188e+22,1.061081931269499,0.2164259698039964
sc,125.0,0,4.0400143188377985e-07,0.03672740289852544,8.836130909509059e+17,1.5504734753225687e+18,1.5357919101745596e+22,1.3412457336805477e+22,1.0612082438804458,0.2174000329675233
sc,125.0,0,4.1013362261439735e-07,0.03728487478312703,8.955867843142609e+17,1.5413494129264128e+18,1.5357919101745596e+22,1.3514209551241928e+22,1.0613340164194482,0.21837542767665613
sc,125.0,0,4.163551196400648e-07,0.037850465421824075,9.074207701006305e+17,1.5325690856750316e+18,1.5357919101745596e+22,1.361478061878128e+22,1.0614583414005758,0.21935219752699528
sc,125.0,0,4.2266711201795267e-07,0.03842428291072297,9.191060605010984e+17,1.5240816873677317e+18,1.5357919101745596e+22,1.3713734771747949e+22,1.0615803853275094,0.22033039053086975
sc,125.0,0,4.290708012325603e-07,0.0390064364756873,9.306339266245688e+17,1.5158416173395057e+18,1.5357919101745596e+22,1.3810664604465717e+22,1.0616993942527617,0.22131005994359998
sc,125.0,0,4.3556740121832605e-07,0.03959703647439328,9.419959270932655e+17,1.5078085371746941e+18,1.5357919101745596e+22,1.3905195338016332e+22,1.061814698003765,0.2222912650780337
sc,125.0,0,4.4215813837827274e-07,0.0401961943980248,9.531839357134958e+17,1.4999473669512886e+18,1.5357919101745596e+22,1.3996988492865358e+22,1.0619257130576065,0.22327407209681444
sc,125.0,0,4.4884425159851984e-07,0.040804022872592716,9.641901680031203e+17,1.4922282202522719e+18,1.5357919101745596e+22,1.4085744893857796e+22,1.062031944066295,0.22425855477194998
sc,125.0,0,4.556269922585227e-07,0.0414206356598657,9.750072063651747e+17,1.4846262784126195e+18,1.5357919101745596e+22,1.4171206946858132e+22,1.0621329840545002,0.22524479520158605
sc,125.0,0,4.625076242368779e-07,0.04204614765789799,9.856280237089115e+17,1.4771216057934548e+18,1.5357919101745596e+22,1.4253160143778275e+22,1.062228513331901,0.22623288447444123
sc,125.0,0,4.694874239125256e-07,0.04268067490113869,9.960460053344948e+17,1.4696989092501053e+18,1.5357919101745596e+22,1.4331433772456352e+22,1.06231829718263,0.2272229232731291
sc,125.0,0,4.765676801611914e-07,0.04332433456010831,1.0062549689153791e+18,1.4623472463391872e+18,1.5357919101745596e+22,1.440590082918366e+22,1.0624021824146752,0.22821502240857486
sc,125.0,0,4.837496943469012e-07,0.04397724494062738,1.0162491824326167e+18,1.455059688135713e+18,1.5357919101745596e+22,1.4476477153857176e+22,1.0624800928721125,0.2292093032788958
sc,125.0,0,4.910347803083952e-07,0.04463952548258138,1.0260233799377079e+18,1.447832943742337e+18,1.5357919101745596e+22,1.4543119829845938e+22,1.062552024032132,0.23020589824743642
sc,125.0,0,4.984242643402648e-07,0.04531129675820589,1.0355727750437064e+18,1.4406669546051494e+18,1.5357919101745596e+22,1.4605824911693687e+22,1.0626180368262308,0.23120495093609397
sc,125.0,0,5.059194851686406e-07,0.045992680469876424,1.0448930720684672e+18,1.4335644675456566e+18,1.5357919101745596e+22,1.4664624562737374e+22,1.0626782508397952,0.23220661643159382
sc,125.0,0,5.135217939212421e-07,0.046683799447385654,1.0539804747779351e+18,1.4265305959246382e+18,1.5357919101745596e+22,1.4719583700647468e+22,1.0627328370556874,0.23321106140393205
sc,125.0,0,5.212325540916164e-07,0.0473847776446924,1.0628316927012041e+18,1.4195723785325816e+18,1.5357919101745596e+22,1.4770796260939369e+22,1.0627820103145214,0.23421846413774713
sc,125.0,0,5.290531414973651e-07,0.04809574013612411,1.0714439450118045e+18,1.4126983456345423e+18,1.5357919101745596e+22,1.4818381196069303e+22,1.062826021666335,0.23522901447885886
sc,125.0,0,5.369849442321835e-07,0.04881681311201669,1.0798149619908745e+18,1.4059181010823176e+18,1.5357919101745596e+22,1.4862478330396657e+22,1.0628651507848959,0.23624291369958558
sc,125.0,0,5.450293626115079e-07,0.04954812387377344,1.0879429841084937e+18,1.3992419285667779e+18,1.5357919101745596e+22,1.4903244189028835e+22,1.0628996986067412,0.23726037428766544
sc,125.0,0,5.531878091115703e-07,0.05028980082832457,1.0958267587771863e+18,1.3926804289592778e+18,1.5357919101745596e+22,1.4940847911557501e+22,1.062929980342452,0.23828161966464137
sc,125.0,0,5.614617083016814e-07,0.05104197348197104,1.1034655348485823e+18,1.3862441943418173e+18,1.5357919101745596e+22,1.4975467350472213e+22,1.0629563189881885,0.23930688384039325
sc,125.0,0,5.698524967695082e-07,0.05180477243359166,1.1108590549391296e+18,1.3799435228259297e+18,1.5357919101745596e+22,1.5007285439382998e+22,1.0629790394420495,0.24033641101109493
sc,125.0,0,5.783616230391752e-07,0.05257832936719775,1.1180075456833435e+18,1.3737881766890427e+18,1.5357919101745596e+22,1.5036486899019612e+22,1.062998463303572,0.24137045510824642
sc,125.0,0,5.869905474819483e-07,0.05336277704381348,1.1249117060251695e+18,1.3677871847975631e+18,1.5357919101745596e+22,1.506325533040618e+22,1.0630149044070276,0.24240927930657052
sc,125.0,0,5.957407422193069e-07,0.05415824929266427,1.1315726936681416e+18,1.361948688816159e+18,1.5357919101745596e+22,1.5087770725705247e+22,1.063028665111501,0.24345315549850535
sc,125.0,0,6.0461369101819e-07,0.05496488100165364,1.1379921098130026e+18,1.356279831388008e+18,1.5357919101745596e+22,1.5110207408995377e+22,1.0630400333445043,0.2445023637427748
sc,125.0,0,6.136108891781953e-07,0.05578280810710867,1.144171982319403e+18,1.3507866833666524e+18,1.5357919101745596e+22,1.5130732402633532e+22,1.0630492803722362,0.24555719169411647
sc,125.0,0,6.227338434105047e-07,0.056612167582773154,1.1501147474346013e+18,1.345474206317773e+18,1.5357919101745596e+22,1.5149504200514879e+22,1.0630566592495905,0.24661793402072194
sc,125.0,0,6.319840717083361e-07,0.057453097428030564,1.1558232302359534e+18,1.3403462459089252e+18,1.5357919101745596e+22,1.5166671917969616e+22,1.063062403887268,0.24768489181533668
sc,125.0,0,6.413631032086649e-07,0.058305736655333174,1.1613006239395958e+18,1.3354055514616535e+18,1.5357919101745596e+22,1.5182374779500597e+22,1.0630667286622124,0.24875837200529688
sc,125.0,0,6.508724780450197e-07,0.05917022527681998,1.166550468228081e+18,1.330653816840021e+18,1.5357919101745596e+22,1.5196741900024666e+22,1.0630698284910558,0.24983868676610205
sc,125.0,0,6.605137471910994e-07,0.06004670429009995,1.1715766267538813e+18,1.3260917379586762e+18,1.5357919101745596e+22,1.520989231264338e+22,1.0630718792840526,0.2509261529424374
sc,125.0,0,6.702884722950026e-07,0.060935315663182055,1.1763832639733732e+18,1.3217190824781e+18,1.5357919101745596e+22,1.5221935195796477e+22,1.0630730386985663,0.25202109147991775
sc,125.0,0,6.80198225503809e-07,0.0618362023185281,1.180974821467486e+18,1.3175347676673134e+18,1.5357919101745596e+22,1.523297025462931e+22,1.063073447115854,0.2531238268702155
sc,125.0,0,6.902445892783118e-07,0.06274950811621016,1.1853559939011914e+18,1.3135369429159416e+18,1.5357919101745596e+22,1.5243088214930443e+22,1.0630732287719327,0.2542346866117032
sc,125.0,0,7.004291561976294e-07,0.06367537783614813,1.189531704772291e+18,1.3097230739232435e+18,1.5357919101745596e+22,1.5252371392657892e+22,1.0630724929818904,0.2553540006872545
sc,125.0,0,7.107535287534933e-07,0.06461395715940849,1.1935070820952e+18,1.306090026148125e+18,1.5357919101745596e+22,1.5260894307351494e+22,1.0630713354064045,0.2564821010604534
sc,125.0,0,7.212193191339467e-07,0.06556539264854061,1.1972874341594552e+18,1.302634145640818e+18,1.5357919101745596e+22,1.5268724313224468e+22,1.0630698393188043,0.25761932119111036
sc,125.0,0,7.31828148996233e-07,0.06652983172693028,1.2008782254976156e+18,1.299351335870897e+18,1.5357919101745596e+22,1.527592222712775e+22,1.0630680768402352,0.25876599557071855
sc,125.0,0,7.425816492286187e-07,0.06750742265714715,1.2042850531889393e+18,1.2962371296043694e+18,1.5357919101745596e+22,1.5282542937590989e+22,1.0630661101189642,0.25992245927825586
sc,125.0,0,7.53481459700921e-07,0.06849831451826555,1.2075136236174833e+18,1.2932867552548444e+18,1.5357919101745596e+22,1.5288635983624342e+22,1.063063992437348,0.26108904755657286
sc,125.0,0,7.645292290034978e-07,0.06950265718213616,1.2105697297947697e+18,1.2904951974385505e+18,1.5357919101745596e+22,1.5294246095814524e+22,1.0630617692363316,0.2622660954094746
sc,125.0,0,7.75726614174454e-07,0.07052060128858673,1.213459229348059e+18,1.287857251702271e+18,1.5357919101745596e+22,1.5299413695416706e+22,1.063059479052516,0.26345393721950616
sc,125.0,0,7.870752804148289e-07,0.07155229821952991,1.2161880232649085e+18,1.2853675735720538e+18,1.5357919101745596e+22,1.5304175349658385e+22,1.0630571543668834,0.2646529063863791
sc,125.0,0,7.985769007915122e-07,0.07259790007195566,1.2187620354754647e+18,1.2830207221961884e+18,1.5357919101745596e+22,1.5308564183382896e+22,1.0630548223672664,0.2658633349859196
sc,125.0,0,8.10233155927669e-07,0.0736575596297881,1.221187193343832e+18,1.2808111989368906e+18,1.5357919101745596e+22,1.5312610248536646e+22,1.063052505628774,0.2670855534493786
sc,125.0,0,8.220457336804192e-07,0.07473143033458357,1.223469409129384e+18,1.2787334813102566e+18,1.5357919101745596e+22,1.531634085393087e+22,1.0630502227177299,0.2683198902629058
sc,125.0,0,8.34016328805534e-07,0.07581966625504855,1.225614562469023e+18,1.2767820526909092e+18,1.5357919101745596e+22,1.5319780858261536e+22,1.0630479887254367,0.2695666716869559
sc,125.0,0,8.461466426089286e-07,0.07692242205535715,1.2276284839216087e+18,1.2749514281942042e+18,1.5357919101745596e+22,1.5322952929656288e+22,1.0630458157383778,0.2708262214953708
sc,125.0,0,8.584383825846971e-07,0.0780398529622452,1.2295169396063076e+18,1.273236177131092e+18,1.5357919101745596e+22,1.5325877775077348e+22,1.0630437132514068,0.2720988607338406
sc,125.0,0,8.708932620394697e-07,0.07917211473086089,1.231285616956968e+18,1.2716309424039168e+18,1.5357919101745596e+22,1.532857434282607e+22,1.0630416885302065,0.2733849074974208
sc,125.0,0,8.835129997028664e-07,0.08031936360935149,1.2329401116064036e+18,1.270130457179577e+18,1.5357919101745596e+22,1.533106000121643e+22,1.0630397469288648,0.2746846767267412
sc,125.0,0,8.962993193238147e-07,0.08148175630216498,1.2344859154056274e+18,1.2687295591427835e+18,1.5357919101745596e+22,1.5333350696242697e+22,1.0630378921679065,0.2759984800225083
sc,125.0,0,9.092539492525114e-07,0.08265944993204649,1.2359284055754301e+18,1.2674232025986954e+18,1.5357919101745596e+22,1.5335461090801624e+22,1.0630361265775863,0.2773266254778577
sc,125.0,0,9.223786220078049e-07,0.08385260200070954,1.2372728349807532e+18,1.2662064686624527e+18,1.5357919101745596e+22,1.5337404687760507e+22,1.0630344513107113,0.2786694175280745
sc,125.0,0,9.356750738297962e-07,0.0850613703481633,1.2385243235108948e+18,1.2650745737439698e+18,1.5357919101745596e+22,1.5339193938889102e+22,1.0630328665287443,0.2800271568171577
sc,125.0,0,9.491450442174411e-07,0.08628591311067646,1.239687850543393e+18,1.2640228765104072e+18,1.5357919101745596e+22,1.5340840341437522e+22,1.0630313715644835,0.2814001400806571
sc,125.0,0,9.627902754509441e-07,0.08752638867735857,1.2407682484632118e+18,1.2630468834856082e+18,1.5357919101745596e+22,1.5342354523909922e+22,1.0630299650641843,0.2827886600441731
sc,125.0,0,9.766125120987632e-07,0.08878295564534211,1.2417701972042836e+18,1.262142253426243e+18,1.5357919101745596e+22,1.5343746322382723e+22,1.0630286451116153,0.28419300533686664
sc,125.0,0,9.906135005090058e-07,0.09005577277354598,1.2426982197762668e+18,1.2613048005972367e+18,1.5357919101745596e+22,1.5345024848545763e+22,1.0630274093362182,0.28561346041928876
sc,125.0,0,1.0047949882850608e-06,0.09134499893500553,1.2435566787352942e+18,1.2605304970549699e+18,1.5357919101745596e+22,1.5346198550482273e+22,1.0630262550072551,0.2870503055248009
sc,125.0,0,1.0191587237452651e-06,0.09265079306775137,1.244349773555003e+18,1.259815474034562e+18,1.5357919101745596e+22,1.5347275267075782e+22,1.0630251791155911,0.2885038166138267
sc,125.0,0,1.0337064553664431e-06,0.09397331412422211,1.2450815388506534e+18,1.259156022527554e+18,1.5357919101745596e+22,1.5348262276814973e+22,1.0630241784445391,0.2899742653401443
sc,125.0,0,1.0484399312111567e-06,0.09531272101919608,1.2457558434079977e+18,1.2585485931278769e+18,1.5357919101745596e+22,1.534916634166636e+22,1.0630232496310354,0.29146191902840335
sc,125.0,0,1.0633608983385028e-06,0.09666917257622754,1.2463763899664026e+18,1.2579897952169923e+18,1.5357919101745596e+22,1.5349993746604659e+22,1.063022389218243,0.2929670406620301
sc,125.0,0,1.0784711021983284e-06,0.09804282747257531,1.2469467157048238e+18,1.2574763955531779e+18,1.5357919101745596e+22,1.535075033531126e+22,1.0630215937005647,0.2944898888806681
sc,125.0,0,1.0937722860087129e-06,0.09943384418261025,1.2474701933786463e+18,1.2570053163249787e+18,1.5357919101745596e+22,1.5351441542490863e+22,1.0630208595619295,0.29603071798628844
sc,125.0,0,1.1092661901166052e-06,0.10084238091969139,1.2479500330551148e+18,1.2565736327245432e+18,1.5357919101745596e+22,1.5352072423200547e+22,1.063020183308117,0.29758977795709873
sc,125.0,0,1.124954551341493e-06,0.10226859557649937,1.2483892843951741e+18,1.2561785700930542e+18,1.5357919101745596e+22,1.5352647679539784e+22,1.063019561493813,0.2991673144683766
sc,125.0,0,1.140839102302004e-06,0.10371264566381855,1.248790839430126e+18,1.2558175006870508e+18,1.5357919101745596e+22,1.5353171685000432e+22,1.0630189907449967,0.30076356891935596
sc,125.0,0,1.1569215707253575e-06,0.10517468824775977,1.2491574357823094e+18,1.2554879401117816e+18,1.5357919101745596e+22,1.5353648506750603e+22,1.063018467777219,0.3023787784653042
sc,125.0,0,1.1732036787395748e-06,0.10665487988541589,1.2494916602799706e+18,1.2551875434650427e+18,1.5357919101745596e+22,1.5354081926082516e+22,1.0630179894102545,0.3040131760539372
sc,125.0,0,1.1896871421484001e-06,0.10815337655894547,1.249795952918132e+18,1.2549141012325545e+18,1.5357919101745596e+22,1.535447545723341e+22,1.063017552579575,0.3056669904653378
sc,125.0,0,1.2063736696888767e-06,0.1096703336080797,1.250072611118392e+18,1.25466553497378e+18,1.5357919101745596e+22,1.535483236475997e+22,1.0630171543450373,0.30734044635456464
sc,125.0,0,1.2232649622715382e-06,0.11120590566104893,1.250323794243039e+18,1.2544398928348142e+18,1.5357919101745596e+22,1.5355155679624743e+22,1.0630167918971445,0.30903376429615936
sc,125.0,0,1.2403627122032033e-06,0.11276024656392758,1.2505515283198513e+18,1.25423534492305e+18,1.5357919101745596e+22,1.535544821413276e+22,1.0630164625612009,0.31074716082979276
sc,125.0,0,1.2576686023923764e-06,0.11433350930839786,1.250757710937093e+18,1.2540501785761746e+18,1.5357919101745596e+22,1.5355712575841327e+22,1.0630161637996474,0.3124808485063194
sc,125.0,0,1.275184305537256e-06,0.11592584595793237,1.2509441162695444e+18,1.2538827935561618e+18,1.5357919101745596e+22,1.5355951180545312e+22,1.0630158932128404,0.3142350359335449
sc,125.0,0,1.292911483296395e-06,0.11753740757239955,1.2511124001991437e+18,1.2537316971969068e+18,1.5357919101745596e+22,1.5356166264432684e+22,1.0630156485385003,0.31600992782104786
sc,125.0,0,1.3108517854420548e-06,0.1191683441310959,1.2512641054961157e+18,1.2535954995321843e+18,1.5357919101745596e+22,1.5356359895486973e+22,1.0630154276500414,0.3178057250234377
sc,125.0,0,1.3290068489963223e-06,0.12081880445421112,1.2514006670286154e+18,1.253472908428756e+18,1.5357919101745596e+22,1.5356533984207483e+22,1.0630152285539685,0.3196226245814693
sc,125.0,0,1.3473782973500965e-06,0.12248893612273604,1.2515234169717348e+18,1.253362724747392e+18,1.5357919101745596e+22,1.5356690293703299e+22,1.0630150493865014,0.3214608197604825
sc,125.0,0,1.365967739365027e-06,0.12417888539682065,1.2516335899886848e+18,1.253263837552822e+18,1.5357919101745596e+22,1.535683044921638e+22,1.0630148884095798,0.32332050008567154
sc,125.0,0,1.384776768458562e-06,0.12588879713259654,1.251732328359798e+18,1.2531752193915656e+18,1.5357919101745596e+22,1.5356955947112342e+22,1.063014744006373,0.32520185137374086
sc,125.0,0,1.4038069616722303e-06,0.1276188146974755,1.2518206870370842e+18,1.2530959216549076e+18,1.5357919101745596e+22,1.5357068163381337e+22,1.0630146146764123,0.32710505576054394
sc,125.0,0,1.4230598787233641e-06,0.1293690798839422,1.2518996386044923e+18,1.2530250700423101e+18,1.5357919101745596e+22,1.5357168361677592e+22,1.063014499030445,0.32903029172435005
sc,125.0,0,1.4425370610404372e-06,0.13113973282185792,1.2519700781265308e+18,1.2529618601388477e+18,1.5357919101745596e+22,1.5357257700929704e+22,1.0630143957850986,0.3309777341044273
sc,125.0,0,1.462240030782253e-06,0.13293091188929573,1.252032827869484e+18,1.2529055531184758e+18,1.5357919101745596e+22,1.5357337242539234e+22,1.063014303757429,0.33294755411467386
sc,125.0,0,1.4821702898412239e-06,0.13474275362192945,1.2520886418826836e+18,1.2528554715832632e+18,1.5357919101745596e+22,1.535740795719751e+22,1.0630142218594245,0.33493991935207446
sc,125.0,0,1.5023293188310152e-06,0.13657539262100138,1.2521382104278917e+18,1.2528109955471206e+18,1.5357919101745596e+22,1.5357470731330161e+22,1.0630141490925133,0.3369549937998
sc,125.0,0,1.5227185760588555e-06,0.13842896145989597,1.2521821642483218e+18,1.2527715585709297e+18,1.5357919101745596e+22,1.5357526373192608e+22,1.0630140845421296,0.33899293782481027
sc,125.0,0,1.5433394964828389e-06,0.140303590589349,1.2522210786694144e+18,1.2527366440546335e+18,1.5357919101745596e+22,1.5357575618627335e+22,1.0630140273723758,0.34105390816985875
sc,125.0,0,1.5641934906545607e-06,0.1421994082413237,1.252255477525943e+18,1.2527057816902743e+18,1.5357919101745596e+22,1.535761913649765e+22,1.0630139768208122,0.3431380579398341
sc,125.0,0,1.585281943647488e-06,0.14411654033158983,1.2522858369114662e+18,1.2526785440787794e+18,1.5357919101745596e+22,1.5357657533810215e+22,1.063013932193405,0.34524553658241325
sc,125.0,0,1.6066062139714432e-06,0.1460551103610403,1.252312588747447e+18,1.2526545435120673e+18,1.5357919101745596e+22,1.5357691360537324e+22,1.0630138928596504,0.3473764898630282
sc,125.0,0,1.6281676324736676e-06,0.14801523931578797,1.2523361241711383e+18,1.2526334289208044e+18,1.5357919101745596e+22,1.5357721114151567e+22,1.0630138582478972,0.349531059834187
sc,125.0,0,1.6499675012269185e-06,0.1499970455660835,1.2523567967421327e+18,1.2526148829872343e+18,1.5357919101745596e+22,1.535774724388172e+22,1.0630138278408727,0.3517093847992127
sc,125.0,0,1.6720070924050911e-06,0.1520006447640992,1.2523749254689884e+18,1.252598619421448e+18,1.5357919101745596e+22,1.5357770154700605e+22,1.0630138011714263,0.3539115992704955
sc,125.0,0,1.6942876471469117e-06,0.15402614974062834,1.2523907976583235e+18,1.2525843803986906e+18,1.5357919101745596e+22,1.5357790211057675e+22,1.0630137778184967,0.35613783392237386
sc,125.0,0,1.7168103744082338e-06,0.15607367040074854,1.2524046715893967e+18,1.25257193415447e+18,1.5357919101745596e+22,1.535780774036167e+22,1.063013757403302,0.3583882155387871
sc,125.0,0,1.7395764498035548e-06,0.15814331361850498,1.252416779018346e+18,1.2525610727336274e+18,1.5357919101745596e+22,1.5357823036228723e+22,1.0630137395857524,0.3606628669558582
sc,125.0,0,1.762587014437358e-06,0.16023518313066892,1.2524273275168428e+18,1.252551609888904e+18,1.5357919101745596e+22,1.5357836361502393e+22,1.0630137240610897,0.36296190699958636
sc,125.0,0,1.7858431737259404e-06,0.16234937942963096,1.2524365026502943e+18,1.2525433791240886e+18,1.5357919101745596e+22,1.5357847951057512e+22,1.063013710556743,0.365285450418842
sc,125.0,0,1.8093459962104148e-06,0.16448599965549227,1.2524444700015734e+18,1.2525362318763822e+18,1.5357919101745596e+22,1.5357858014397156e+22,1.0630136988293981,0.36763360781387383
sc,125.0,0,1.8330965123615917e-06,0.16664513748741744,1.2524513770464484e+18,1.2525300358322834e+18,1.5357919101745596e+22,1.5357866738053718e+22,1.063013688662277,0.3700064855605447
sc,125.0,0,1.857095713377516e-06,0.16882688303431964,1.252457354887035e+18,1.2525246733711342e+18,1.5357919101745596e+22,1.5357874287803432e+22,1.0630136798626135,0.3724041857305265
sc,125.0,0,1.8813445499744301e-06,0.1710313227249482,1.2524625198502664e+18,1.2525200401301407e+18,1.5357919101745596e+22,1.5357880810703537e+22,1.0630136722593253,0.3748268060076929
sc,125.0,0,1.9058439311719748e-06,0.17325853919745227,1.2524669749580347e+18,1.2525160436847035e+18,1.5357919101745596e+22,1.5357886436965133e+22,1.0630136657008658,0.3772744396009487
sc,125.0,0,1.9305947230735074e-06,0.1755086111885007,1.2524708112761362e+18,1.2525126023377206e+18,1.5357919101745596e+22,1.5357891281667951e+22,1.0630136600532534,0.3797471751537495
sc,125.0,0,1.9555977476423834e-06,0.17778161342203486,1.2524741091487532e+18,1.2525096440115722e+18,1.5357919101745596e+22,1.535789544632718e+22,1.063013655198262,0.38224509665055784
sc,125.0,0,1.980853781475158e-06,0.18007761649774162,1.252476939325741e+18,1.2525071052365699e+18,1.5357919101745596e+22,1.5357899020324565e+22,1.0630136510317723,0.3847682833204938
sc,125.0,0,2.0063635545726346e-06,0.1823966867793304,1.25247936398922e+18,1.252504930229684e+18,1.5357919101745596e+22,1.5357902082209768e+22,1.063013647462263,0.3873168095384314
sc,125.0,0,2.0321277491097545e-06,0.18473888628270496,1.252481437686419e+18,1.2525030700575163e+18,1.5357919101745596e+22,1.5357904700881603e+22,1.0630136444094433,0.3898907447237985
sc,125.0,0,2.0581469982053558e-06,0.18710427256412326,1.2524832081752054e+18,1.252501481877641e+18,1.5357919101745596e+22,1.5357906936658846e+22,1.0630136418030123,0.39249015323733194
sc,125.0,0,2.0844218846928104e-06,0.18949289860843732,1.2524847171885862e+18,1.2525001282526277e+18,1.5357919101745596e+22,1.5357908842248025e+22,1.0630136395815333,0.3951150942760396
sc,125.0,0,2.110952939892684e-06,0.19190481271751675,1.2524860011244372e+18,1.2524989765312276e+18,1.5357919101745596e+22,1.535791046361467e+22,1.0630136376914219,0.39776562176662283
sc,125.0,0,2.1377406423884723e-06,0.19434005839895202,1.2524870916661888e+18,1.2524979982915712e+18,1.5357919101745596e+22,1.5357911840770285e+22,1.063013636086033,0.4004417842576019
sc,125.0,0,2.164785416806599e-06,0.19679867425514536,1.2524880163399235e+18,1.252497168841213e+18,1.5357919101745596e+22,1.5357913008473916e+22,1.06301363472484,0.4031436248103928
sc,125.0,0,2.1920876326018336e-06,0.199280693872894,1.2524887990136033e+18,1.2524964667694141e+18,1.5357919101745596e+22,1.5357913996865607e+22,1.063013633572703,0.40587118088957297
sc,125.0,0,2.2196476028493208e-06,0.20178614571357462,1.2524894603428588e+18,1.252495873547063e+18,1.5357919101745596e+22,1.5357914832027506e+22,1.0630136325992097,0.40862448425257325
sc,125.0,0,2.2474655830444835e-06,0.20431505300404396,1.252490018168684e+18,1.2524953731700585e+18,1.5357919101745596e+22,1.5357915536488573e+22,1.063013631778093,0.4114035608390306
sc,125.0,0,2.2755417699120383e-06,0.20686743362836713,1.2524904878707517e+18,1.252494951842175e+18,1.5357919101745596e+22,1.5357916129668486e+22,1.0630136310867089,0.41420843066002777
sc,125.0,0,2.3038763002254197e-06,0.20944330002049272,1.2524908826812764e+18,1.252494597693658e+18,1.5357919101745596e+22,1.5357916628276056e+22,1.0630136305055755,0.4170391076874468
sc,125.0,0,2.3324692496379275e-06,0.2120426590579934,1.2524912139625116e+18,1.2524943005321533e+18,1.5357919101745596e+22,1.5357917046658648e+22,1.0630136300179645,0.41989559974365614
sc,125.0,0,2.3613206315269245e-06,0.21466551195699313,1.2524914914519882e+18,1.2524940516227894e+18,1.5357919101745596e+22,1.535791739711186e+22,1.0630136296095394,0.4227779083917464
sc,125.0,0,2.390430395852468e-06,0.2173118541684062,1.2524917234784973e+18,1.252493843494388e+18,1.5357919101745596e+22,1.5357917690152683e+22,1.0630136292680379,0.4256860288265303
sc,125.0,0,2.4197984280317437e-06,0.21998167527561308,1.252491917152001e+18,1.252493669769142e+18,1.5357919101745596e+22,1.5357917934759224e+22,1.0630136289829926,0.42861994976651296
sc,125.0,0,2.449424547830708e-06,0.22267495889370076,1.2524920785300585e+18,1.252493525013259e+18,1.5357919101745596e+22,1.535791813858079e+22,1.0630136287454857,0.4315796533470386
sc,125.0,0,2.4793085082743803e-06,0.2253916825703982,1.252492212763552e+18,1.2524934046062843e+18,1.5357919101745596e+22,1.5357918308121526e+22,1.0630136285479337,0.43456511501481565
sc,125.0,0,2.509449994577191e-06,0.22813181768883556,1.2524923242237993e+18,1.2524933046270612e+18,1.5357919101745596e+22,1.5357918448901719e+22,1.0630136283839018,0.4375763034240146
sc,125.0,0,2.5398486230948953e-06,0.2308953293722632,1.2524924166133107e+18,1.2524932217543798e+18,1.5357919101745596e+22,1.5357918565596702e+22,1.0630136282479397,0.4406131803341391
sc,125.0,0,2.5705039402994796e-06,0.2336821763908618,1.2524924930619512e+18,1.2524931531806881e+18,1.5357919101745596e+22,1.5357918662158855e+22,1.0630136281354394,0.44367570050985544
sc,125.0,0,2.6014154217785738e-06,0.23649231107077945,1.252492556210397e+18,1.2524930965372764e+18,1.5357919101745596e+22,1.5357918741923136e+22,1.0630136280425142,0.44676381162297335
sc,125.0,0,2.632582471260859e-06,0.23932567920553266,1.2524926082822e+18,1.252493049829603e+18,1.5357919101745596e+22,1.5357918807697866e+22,1.0630136279658913,0.4498774541567601
sc,125.0,0,2.664004419668962e-06,0.24218221996990563,1.2524926511460457e+18,1.2524930113814126e+18,1.5357919101745596e+22,1.5357918861842207e+22,1.0630136279028193,0.45301656131277257
sc,125.0,0,2.6956805242013664e-06,0.24506186583648787,1.252492686369371e+18,1.2524929797867395e+18,1.5357919101745596e+22,1.5357918906336334e+22,1.0630136278509916,0.45618105892038463
sc,125.0,0,2.727609967444852e-06,0.24796454249498656,1.2524927152643075e+18,1.252492953868562e+18,1.5357919101745596e+22,1.5357918942837088e+22,1.0630136278084767,0.4593708653491903
sc,125.0,0,2.7597918565189673e-06,0.2508901687744516,1.2524927389272223e+18,1.2524929326434647e+18,1.5357919101745596e+22,1.5357918972729365e+22,1.0630136277736613,0.4625858914244528
sc,125.0,0,2.7922252222540666e-06,0.25383865656855154,1.2524927582723476e+18,1.2524929152913636e+18,1.5357919101745596e+22,1.5357918997167596e+22,1.0630136277451994,0.46582604034577413
sc,125.0,0,2.8249090184044093e-06,0.2568099107640372,1.252492774060627e+18,1.2524929011297024e+18,1.5357919101745596e+22,1.535791901711306e+22,1.0630136277219715,0.4690912076091526
sc,125.0,0,2.8578421208978493e-06,0.25980382917253175,1.2524927869241649e+18,1.2524928895914742e+18,1.5357919101745596e+22,1.535791903336389e+22,1.0630136277030466,0.47238128093259557
sc,125.0,0,2.891023327123599e-06,0.26282030246578175,1.2524927973870738e+18,1.2524928802065818e+18,1.5357919101745596e+22,1.5357919046582479e+22,1.0630136276876545,0.47569614018545003
sc,125.0,0,2.924451355259565e-06,0.2658592141145059,1.2524928058830305e+18,1.2524928725859868e+18,1.5357919101745596e+22,1.535791905731597e+22,1.0630136276751563,0.4790356573216131
sc,125.0,0,2.9581248436407344e-06,0.26892044033097584,1.2524928127702853e+18,1.2524928664083674e+18,1.5357919101745596e+22,1.5357919066017457e+22,1.0630136276650248,0.4823996963167796
sc,125.0,0,2.992042350170052e-06,0.2720038500154593,1.2524928183441403e+18,1.2524928614088358e+18,1.5357919101745596e+22,1.5357919073059811e+22,1.0630136276568258,0.4857881131098811
sc,125.0,0,3.026202351773268e-06,0.27510930470666073,1.252492822847584e+18,1.2524928573694264e+18,1.5357919101745596e+22,1.5357919078749676e+22,1.0630136276502016,0.4892007555488702
sc,125.0,0,3.060603243899132e-06,0.2782366585362847,1.2524928264801981e+18,1.2524928541111316e+18,1.5357919101745596e+22,1.5357919083339566e+22,1.0630136276448585,0.49263746334099645
sc,125.0,0,3.095243340066364e-06,0.2813857581878513,1.2524928294055718e+18,1.2524928514871995e+18,1.5357919101745596e+22,1.5357919087035723e+22,1.0630136276405557,0.496098068007722
sc,125.0,0,3.1301208714587585e-06,0.2845564428598871,1.2524928317575887e+18,1.2524928493775557e+18,1.5357919101745596e+22,1.5357919090007731e+22,1.0630136276370965,0.4995823928444164
sc,125.0,0,3.165233986569728e-06,0.2877485442336116,1.2524928336455457e+18,1.2524928476841418e+18,1.5357919101745596e+22,1.5357919092393195e+22,1.0630136276343196,0.5030902528849674
sc,125.0,0,3.2005807508976505e-06,0.29096188644524096,1.2524928351585902e+18,1.2524928463270185e+18,1.5357919101745596e+22,1.5357919094305058e+22,1.0630136276320945,0.506621454871447
sc,125.0,0,3.2361591466932353e-06,0.2941962860630214,1.2524928363692623e+18,1.2524928452411197e+18,1.5357919101745596e+22,1.5357919095835094e+22,1.063013627630314,0.5101757972289558
sc,125.0,0,3.27196707276015e-06,0.29745155206910456,1.2524928373364242e+18,1.2524928443736256e+18,1.5357919101745596e+22,1.535791909705718e+22,1.0630136276288917,0.5137530700457756
sc,125.0,0,3.3080023443101186e-06,0.30072748584637443,1.2524928381078725e+18,1.2524928436816876e+18,1.5357919101745596e+22,1.5357919098032097e+22,1.0630136276277573,0.5173530550589511
sc,125.0,0,3.344262692873571e-06,0.30402388117032464,1.2524928387222426e+18,1.2524928431306284e+18,1.5357919101745596e+22,1.535791909880841e+22,1.0630136276268538,0.5209755256454105
sc,125.0,0,3.3807457662670037e-06,0.30734052420609126,1.2524928392107827e+18,1.252492842692443e+18,1.5357919101745596e+22,1.5357919099425837e+22,1.0630136276261355,0.5246202468187444
sc,125.0,0,3.4174491286180456e-06,0.3106771935107314,1.2524928395986596e+18,1.2524928423445391e+18,1.5357919101745596e+22,1.5357919099916026e+22,1.063013627625565,0.5282869752317423
sc,125.0,0,3.4543702604492223e-06,0.3140336600408384,1.2524928399061617e+18,1.252492842068737e+18,1.5357919101745596e+22,1.5357919100304726e+22,1.0630136276251132,0.531975459184787
sc,125.0,0,3.49150655882137e-06,0.3174096871655791,1.2524928401495762e+18,1.252492841850407e+18,1.5357919101745596e+22,1.535791910061224e+22,1.063013627624755,0.5356854386402032
sc,125.0,0,3.528855337537518e-06,0.3208050306852289,1.2524928403419745e+18,1.252492841677838e+18,1.5357919101745596e+22,1.535791910085537e+22,1.0630136276244722,0.5394166452426441
sc,125.0,0,3.5664138274081023e-06,0.32421943885528204,1.25249284049382e+18,1.2524928415416366e+18,1.5357919101745596e+22,1.535791910104721e+22,1.0630136276242488,0.5431688023456006
sc,125.0,0,3.604179176578205e-06,0.32765265241620045,1.2524928406135058e+18,1.2524928414342953e+18,1.5357919101745596e+22,1.5357919101198675e+22,1.063013627624073,0.5469416250441053
sc,125.0,0,3.6421484509175184e-06,0.3311044046288653,1.2524928407077125e+18,1.2524928413498158e+18,1.5357919101745596e+22,1.535791910131784e+22,1.0630136276239348,0.5507348202136995
sc,125.0,0,3.680318634473621e-06,0.33457442131578374,1.2524928407817352e+18,1.2524928412834156e+18,1.5357919101745596e+22,1.5357919101411358e+22,1.0630136276238258,0.5545480865557243
sc,125.0,0,3.718686629989085e-06,0.3380624209080987,1.2524928408398257e+18,1.252492841231301e+18,1.5357919101745596e+22,1.5357919101484691e+22,1.0630136276237403,0.5583811146489873
sc,125.0,0,3.7572492594828904e-06,0.3415681144984446,1.2524928408853678e+18,1.2524928411904604e+18,1.5357919101745596e+22,1.5357919101542308e+22,1.0630136276236732,0.5622335870078509
sc,125.0,0,3.7960032648964994e-06,0.3450912058996818,1.2524928409210068e+18,1.2524928411584922e+18,1.5357919101745596e+22,1.5357919101587376e+22,1.063013627623621,0.5661051781467811
sc,125.0,0,3.834945308804896e-06,0.34863139170953605,1.2524928409488724e+18,1.2524928411334979e+18,1.5357919101745596e+22,1.5357919101622516e+22,1.06301362762358,0.5699955546513846
sc,125.0,0,3.874071975192807e-06,0.35218836138116427,1.2524928409706194e+18,1.2524928411139945e+18,1.5357919101745596e+22,1.5357919101650014e+22,1.063013627623548,0.5739043752559572
sc,125.0,0,3.913379770296197e-06,0.3557617972996543,1.252492840987576e+18,1.2524928410987922e+18,1.5357919101745596e+22,1.535791910167162e+22,1.0630136276235234,0.5778312909275527
sc,125.0,0,3.952865123509147e-06,0.35935137486446794,1.252492841000783e+18,1.2524928410869478e+18,1.5357919101745596e+22,1.5357919101688316e+22,1.0630136276235038,0.5817759449565835
sc,125.0,0,3.992524388356007e-06,0.3629567625778189,1.2524928410110487e+18,1.2524928410777336e+18,1.5357919101745596e+22,1.5357919101701084e+22,1.0630136276234887,0.5857379730539413
sc,125.0,0,4.0323538435287325e-06,0.36657762213897566,1.2524928410190236e+18,1.2524928410705818e+18,1.5357919101745596e+22,1.5357919101711234e+22,1.0630136276234772,0.58971700345463
sc,125.0,0,4.072349693989162e-06,0.37021360854446933,1.25249284102522e+18,1.252492841065024e+18,1.5357919101745596e+22,1.535791910171909e+22,1.0630136276234678,0.5937126570278866
sc,125.0,0,4.112508072135931e-06,0.3738643701941755,1.2524928410300111e+18,1.2524928410607278e+18,1.5357919101745596e+22,1.5357919101725092e+22,1.063013627623461,0.597724547393757
sc,125.0,0,4.152825039035608e-06,0.37752954900323704,1.2524928410337244e+18,1.2524928410573972e+18,1.5357919101745596e+22,1.5357919101729785e+22,1.0630136276234554,0.6017522810460911
sc,125.0,0,4.1932965857175825e-06,0.38120878051978024,1.252492841036607e+18,1.252492841054822e+18,1.5357919101745596e+22,1.5357919101733604e+22,1.0630136276234512,0.6057954574819034
sc,125.0,0,4.233918634532076e-06,0.3849016940483706,1.2524928410388183e+18,1.2524928410528317e+18,1.5357919101745596e+22,1.5357919101736333e+22,1.063013627623448,0.6098536693370411
sc,125.0,0,4.274687040570635e-06,0.3886079127791487,1.2524928410405281e+18,1.2524928410512945e+18,1.5357919101745596e+22,1.5357919101738405e+22,1.0630136276234452,0.6139265025280943
sc,125.0,0,4.315597593148279e-06,0.39232705392257083,1.2524928410418476e+18,1.252492841050113e+18,1.5357919101745596e+22,1.5357919101740151e+22,1.0630136276234434,0.6180135364004656
sc,125.0,0,4.35664601734649e-06,0.39605872884968096,1.252492841042862e+18,1.252492841049203e+18,1.5357919101745596e+22,1.535791910174135e+22,1.0630136276234419,0.6221143438825172
sc,125.0,0,4.397827975616047e-06,0.39980254323782244,1.2524928410436442e+18,1.2524928410485033e+18,1.5357919101745596e+22,1.5357919101742444e+22,1.0630136276234408,0.6262284916456964
sc,125.0,0,4.439139069438646e-06,0.40355809722169506,1.2524928410442414e+18,1.252492841047965e+18,1.5357919101745596e+22,1.5357919101743098e+22,1.06301362762344,0.6303555402705355
sc,125.0,0,4.480574841046197e-06,0.40732498554965424,1.2524928410447022e+18,1.2524928410475476e+18,1.5357919101745596e+22,1.5357919101743643e+22,1.0630136276234392,0.6344950444184119
sc,125.0,0,4.522130775196497e-06,0.41110279774513614,1.252492841045058e+18,1.2524928410472317e+18,1.5357919101745596e+22,1.5357919101744188e+22,1.0630136276234385,0.6386465530089407
sc,125.0,0,4.563802301004022e-06,0.4148911182730929,1.2524928410453274e+18,1.252492841046987e+18,1.5357919101745596e+22,1.5357919101744407e+22,1.063013627623438,0.6428096094028745
sc,125.0,0,4.6055847938243644e-06,0.4186895267113059,1.2524928410455365e+18,1.2524928410468035e+18,1.5357919101745596e+22,1.5357919101744734e+22,1.0630136276234379,0.6469837515903618
sc,125.0,0,4.6474735771908545e-06,0.4224975979264413,1.252492841045691e+18,1.2524928410466665e+18,1.5357919101745596e+22,1.5357919101744952e+22,1.0630136276234379,0.6511685123844188
sc,125.0,0,4.689463924801754e-06,0.42631490225470486,1.2524928410458122e+18,1.252492841046552e+18,1.5357919101745596e+22,1.5357919101744952e+22,1.0630136276234377,0.6553634196194532
sc,125.0,0,4.731551062556339e-06,0.43014100568693997,1.252492841045908e+18,1.252492841046471e+18,1.5357919101745596e+22,1.5357919101745172e+22,1.0630136276234374,0.6595679963546729
sc,125.0,0,4.773730170638174e-06,0.43397547005801584,1.2524928410459779e+18,1.2524928410464064e+18,1.5357919101745596e+22,1.5357919101745281e+22,1.0630136276234372,0.6637817610822079
sc,125.0,0,4.8159963856436705e-06,0.4378178532403337,1.2524928410460293e+18,1.2524928410463596e+18,1.5357919101745596e+22,1.535791910174539e+22,1.0630136276234372,0.6680042279397574
sc,125.0,0,4.858344802754087e-06,0.4416677093412807,1.2524928410460739e+18,1.2524928410463196e+18,1.5357919101745596e+22,1.535791910174539e+22,1.0630136276234372,0.6722349069275769
sc,125.0,0,4.900770477948971e-06,0.4455245889044519,1.2524928410460995e+18,1.2524928410462907e+18,1.5357919101745596e+22,1.535791910174539e+22,1.063013627623437,0.6764733041296033
sc,125.0,0,4.943268430258946e-06,0.44938803911444963,1.252492841046125e+18,1.252492841046276e+18,1.5357919101745596e+22,1.535791910174539e+22,1.0630136276234372,0.6807189219385135
sc,125.0,0,4.985833644055812e-06,0.45325760400507387,1.2524928410461517e+18,1.252492841046255e+18,1.5357919101745596e+22,1.5357919101745608e+22,1.063013627623437,0.6849712592845091
sc,125.0,0,5.028461071377706e-06,0.45713282467070054,1.2524928410461606e+18,1.2524928410462405e+18,1.5357919101745596e+22,1.535791910174539e+22,1.063013627623437,0.6892298118676029
sc,125.0,0,5.071145634287101e-06,0.46101323948064554,1.2524928410461683e+18,1.2524928410462372e+18,1.5357919101745596e+22,1.53579191017455e+22,1.063013627623437,0.6934940723931889
sc,125.0,0,5.113882227259372e-06,0.4648983842963066,1.2524928410461773e+18,1.2524928410462295e+18,1.5357919101745596e+22,1.53579191017455e+22,1.063013627623437,0.6977635308106624
sc,125.0,0,5.156665719599517e-06,0.4687877926908652,1.2524928410461862e+18,1.2524928410462228e+18,1.5357919101745596e+22,1.5357919101745608e+22,1.063013627623437,0.702037674554855
sc,125.0,0,5.199490957884688e-06,0.47268099617133524,1.2524928410461862e+18,1.2524928410462195e+18,1.5357919101745596e+22,1.53579191017455e+22,1.063013627623437,0.7063159887900482
sc,125.0,0,5.242352768430057e-06,0.4765775244027325,1.2524928410461862e+18,1.2524928410462116e+18,1.5357919101745596e+22,1.535791910174539e+22,1.063013627623437,0.710597956656317
sc,125.0,0,5.285245959775534e-06,0.4804769054341395,1.252492841046195e+18,1.2524928410462083e+18,1.5357919101745596e+22,1.53579191017455e+22,1.063013627623437,0.7148830595179574
sc,125.0,0,5.3281653251908174e-06,0.48437866592643797,1.252492841046204e+18,1.2524928410462083e+18,1.5357919101745596e+22,1.5357919101745608e+22,1.063013627623437,0.7191707772137453
sc,125.0,0,5.371105645196191e-06,0.48828233138147187,1.252492841046195e+18,1.2524928410462116e+18,1.5357919101745596e+22,1.53579191017455e+22,1.063013627623437,0.7234605883087684
sc,125.0,0,5.414061690096534e-06,0.4921874263724122,1.252492841046195e+18,1.2524928410462116e+18,1.5357919101745596e+22,1.53579191017455e+22,1.063013627623437,0.7277519703475782
sc,125.0,0,5.457028222525894e-06,0.49609347477508126,1.252492841046204e+18,1.252492841046205e+18,1.5357919101745596e+22,1.5357919101745608e+22,1.063013627623437,0.7320444001083969
sc,125.0,0,5.5e-06,0.5,1.252492841046204e+18,1.252492841046205e+18,1.5357919101745596e+22,1.5357919101745608e+22,1.063013627623437,0.7363373538581178
sc,125.0,0,5.542971777474112e-06,0.5039065252249193,1.252492841046204e+18,1.2524928410462083e+18,1.5357919101745596e+22,1.5357919101745608e+22,1.063013627623437,0.7406303076078393
sc,125.0,0,5.585938309903469e-06,0.5078125736275881,1.252492841046204e+18,1.2524928410462083e+18,1.5357919101745596e+22,1.5357919101745608e+22,1.063013627623437,0.7449227373686577
sc,125.0,0,5.628894354803809e-06,0.5117176686185281,1.252492841046204e+18,1.2524928410462083e+18,1.5357919101745596e+22,1.5357919101745608e+22,1.063013627623437,0.7492141194074671
sc,125.0,0,5.671834674809185e-06,0.5156213340735623,1.252492841046204e+18,1.252492841046205e+18,1.5357919101745596e+22,1.5357919101745608e+22,1.063013627623437,0.7535039305024905
sc,125.0,0,5.7147540402244655e-06,0.5195230945658605,1.252492841046204e+18,1.2524928410461972e+18,1.5357919101745596e+22,1.53579191017455e+22,1.0630136276234368,0.7577916481982782
sc,125.0,0,5.757647231569949e-06,0.5234224755972681,1.252492841046204e+18,1.2524928410462083e+18,1.5357919101745596e+22,1.5357919101745608e+22,1.063013627623437,0.762076751059919
sc,125.0,0,5.800509042115315e-06,0.527319003828665,1.252492841046204e+18,1.2524928410462006e+18,1.5357919101745596e+22,1.53579191017455e+22,1.063013627623437,0.7663587189261876
sc,125.0,0,5.8433342804004825e-06,0.5312122073091348,1.252492841046204e+18,1.2524928410462083e+18,1.5357919101745596e+22,1.5357919101745608e+22,1.0630136276234372,0.7706370331613802
sc,125.0,0,5.8861177727406295e-06,0.5351016157036936,1.252492841046204e+18,1.2524928410462006e+18,1.5357919101745596e+22,1.53579191017455e+22,1.063013627623437,0.774911176905573
sc,125.0,0,5.928854365712899e-06,0.5389867605193545,1.252492841046204e+18,1.252492841046205e+18,1.5357919101745596e+22,1.5357919101745608e+22,1.063013627623437,0.779180635323046
sc,125.0,0,5.971538928622301e-06,0.5428671753293001,1.252492841046204e+18,1.252492841046205e+18,1.5357919101745596e+22,1.5357919101745608e+22,1.063013627623437,0.7834448958486324
sc,125.0,0,6.01416635594419e-06,0.5467423959949264,1.252492841046204e+18,1.252492841046205e+18,1.5357919101745596e+22,1.5357919101745608e+22,1.063013627623437,0.7877034484317256
sc,125.0,0,6.0567315697410535e-06,0.5506119608855503,1.252492841046204e+18,1.2524928410462083e+18,1.5357919101745596e+22,1.5357919101745608e+22,1.063013627623437,0.7919557857777203
sc,125.0,0,6.099229522051031e-06,0.5544754110955483,1.252492841046204e+18,1.2524928410462083e+18,1.5357919101745596e+22,1.5357919101745608e+22,1.0630136276234372,0.7962014035866304
sc,125.0,0,6.1416551972459115e-06,0.5583322906587193,1.252492841046204e+18,1.2524928410462083e+18,1.5357919101745596e+22,1.5357919101745608e+22,1.063013627623437,0.8004398007886555
sc,125.0,0,6.184003614356336e-06,0.5621821467596669,1.252492841046204e+18,1.2524928410462006e+18,1.5357919101745596e+22,1.53579191017455e+22,1.063013627623437,0.8046704797764749
sc,125.0,0,6.226269829361829e-06,0.5660245299419845,1.252492841046204e+18,1.252492841046205e+18,1.5357919101745596e+22,1.5357919101745608e+22,1.063013627623437,0.8088929466340229
sc,125.0,0,6.26844893744366e-06,0.56985899431306,1.252492841046204e+18,1.252492841046205e+18,1.5357919101745596e+22,1.5357919101745608e+22,1.063013627623437,0.8131067113615557
sc,125.0,0,6.310536075198249e-06,0.5736850977452954,1.2524928410462116e+18,1.2524928410462006e+18,1.5357919101745596e+22,1.5357919101745608e+22,1.063013627623437,0.8173112880967737
sc,125.0,0,6.352526422809144e-06,0.5775024020735586,1.2524928410462116e+18,1.252492841046205e+18,1.5357919101745596e+22,1.5357919101745608e+22,1.0630136276234372,0.8215061953318049
sc,125.0,0,6.394415206175641e-06,0.5813104732886947,1.252492841046204e+18,1.2524928410462083e+18,1.5357919101745596e+22,1.5357919101745608e+22,1.0630136276234372,0.8256909561258587
sc,125.0,0,6.4361976989959805e-06,0.5851088817269073,1.252492841046204e+18,1.252492841046205e+18,1.5357919101745596e+22,1.5357919101745608e+22,1.063013627623437,0.8298650983133409
sc,125.0,0,6.477869224803503e-06,0.5888972022548639,1.252492841046204e+18,1.2524928410462083e+18,1.5357919101745596e+22,1.5357919101745608e+22,1.063013627623437,0.8340281547072681
sc,125.0,0,6.5194251589538055e-06,0.592675014450346,1.252492841046204e+18,1.2524928410462006e+18,1.5357919101745596e+22,1.53579191017455e+22,1.063013627623437,0.838179663297789
sc,125.0,0,6.560860930561354e-06,0.5964419027783049,1.2524928410462116e+18,1.2524928410462006e+18,1.5357919101745596e+22,1.5357919101745608e+22,1.063013627623437,0.8423191674456543
sc,125.0,0,6.602172024383959e-06,0.6001974567621781,1.252492841046204e+18,1.2524928410462083e+18,1.5357919101745596e+22,1.5357919101745608e+22,1.063013627623437,0.8464462160704799
sc,125.0,0,6.643353982653513e-06,0.6039412711503194,1.252492841046204e+18,1.252492841046205e+18,1.5357919101745596e+22,1.5357919101745608e+22,1.063013627623437,0.8505603638336405
sc,125.0,0,6.684402406851721e-06,0.6076729460774292,1.252492841046204e+18,1.252492841046205e+18,1.5357919101745596e+22,1.5357919101745608e+22,1.063013627623437,0.854661171315668
sc,125.0,0,6.725312959429368e-06,0.6113920872208516,1.252492841046204e+18,1.2524928410462006e+18,1.5357919101745596e+22,1.53579191017455e+22,1.063013627623437,0.8587482051880088
sc,125.0,0,6.766081365467923e-06,0.6150983059516294,1.252492841046204e+18,1.2524928410462006e+18,1.5357919101745596e+22,1.53579191017455e+22,1.063013627623437,0.8628210383790219
sc,125.0,0,6.806703414282423e-06,0.6187912194802203,1.252492841046204e+18,1.2524928410462083e+18,1.5357919101745596e+22,1.5357919101745608e+22,1.0630136276234372,0.8668792502341084
sc,125.0,0,6.847174960964395e-06,0.6224704509967632,1.252492841046204e+18,1.2524928410462083e+18,1.5357919101745596e+22,1.5357919101745608e+22,1.0630136276234372,0.8709224266698532
sc,125.0,0,6.887491927864069e-06,0.6261356298058245,1.2524928410462116e+18,1.2524928410462083e+18,1.5357919101745596e+22,1.5357919101745717e+22,1.0630136276234372,0.8749501603221003
sc,125.0,0,6.92765030601084e-06,0.629786391455531,1.2524928410462116e+18,1.252492841046205e+18,1.5357919101745596e+22,1.5357919101745608e+22,1.0630136276234372,0.878962050687859
sc,125.0,0,6.967646156471268e-06,0.6334223778610244,1.2524928410462116e+18,1.252492841046205e+18,1.5357919101745596e+22,1.5357919101745608e+22,1.0630136276234372,0.8829577042609706
sc,125.0,0,7.0074756116439974e-06,0.6370432374221816,1.252492841046204e+18,1.2524928410461972e+18,1.5357919101745596e+22,1.53579191017455e+22,1.063013627623437,0.8869367346614735
sc,125.0,0,7.047134876490855e-06,0.6406486251355323,1.252492841046204e+18,1.252492841046205e+18,1.5357919101745596e+22,1.5357919101745608e+22,1.063013627623437,0.890898762758591
sc,125.0,0,7.086620229703803e-06,0.6442382027003457,1.252492841046204e+18,1.252492841046205e+18,1.5357919101745596e+22,1.5357919101745608e+22,1.063013627623437,0.894843416787313
sc,125.0,0,7.125928024807195e-06,0.647811638618836,1.252492841046204e+18,1.252492841046205e+18,1.5357919101745596e+22,1.5357919101745608e+22,1.063013627623437,0.8987703324585128
sc,125.0,0,7.165054691195103e-06,0.651368608290464,1.252492841046204e+18,1.252492841046205e+18,1.5357919101745596e+22,1.5357919101745608e+22,1.063013627623437,0.9026791530625768
sc,125.0,0,7.203996735103505e-06,0.6549087941003187,1.252492841046204e+18,1.252492841046205e+18,1.5357919101745596e+22,1.5357919101745608e+22,1.063013627623437,0.9065695295665301
sc,125.0,0,7.242750740517112e-06,0.6584318855015556,1.252492841046204e+18,1.2524928410462116e+18,1.5357919101745596e+22,1.5357919101745608e+22,1.063013627623437,0.9104411207046277
sc,125.0,0,7.281313370010914e-06,0.6619375790919013,1.252492841046204e+18,1.252492841046205e+18,1.5357919101745596e+22,1.5357919101745608e+22,1.063013627623437,0.9142935930624275
sc,125.0,0,7.3196813655263815e-06,0.6654255786842165,1.252492841046204e+18,1.2524928410461972e+18,1.5357919101745596e+22,1.53579191017455e+22,1.0630136276234368,0.918126621154334
sc,125.0,0,7.3578515490824805e-06,0.6688955953711346,1.252492841046204e+18,1.2524928410461972e+18,1.5357919101745596e+22,1.53579191017455e+22,1.0630136276234368,0.92193988749463
sc,125.0,0,7.3958208234218e-06,0.6723473475838,1.252492841046204e+18,1.252492841046205e+18,1.5357919101745596e+22,1.5357919101745608e+22,1.063013627623437,0.9257330826620251
sc,125.0,0,7.433586172591901e-06,0.6757805611447183,1.252492841046204e+18,1.252492841046205e+18,1.5357919101745596e+22,1.5357919101745608e+22,1.063013627623437,0.929505905357735
sc,125.0,0,7.471144662462482e-06,0.6791949693147711,1.252492841046204e+18,1.2524928410462116e+18,1.5357919101745596e+22,1.5357919101745608e+22,1.0630136276234372,0.9332580624571458
sc,125.0,0,7.508493441178631e-06,0.6825903128344211,1.252492841046204e+18,1.252492841046205e+18,1.5357919101745596e+22,1.5357919101745608e+22,1.063013627623437,0.9369892690550952
sc,125.0,0,7.545629739550777e-06,0.6859663399591616,1.252492841046204e+18,1.252492841046205e+18,1.5357919101745596e+22,1.5357919101745608e+22,1.063013627623437,0.9406992485048287
sc,125.0,0,7.5825508713819604e-06,0.6893228064892691,1.2524928410462116e+18,1.252492841046205e+18,1.5357919101745596e+22,1.5357919101745608e+22,1.0630136276234372,0.944387732450696
sc,125.0,0,7.619254233732998e-06,0.692659475793909,1.252492841046204e+18,1.252492841046205e+18,1.5357919101745596e+22,1.5357919101745608e+22,1.063013627623437,0.9480544608546397
sc,125.0,0,7.655737307126428e-06,0.6959761188296754,1.252492841046204e+18,1.252492841046205e+18,1.5357919101745596e+22,1.5357919101745608e+22,1.063013627623437,0.9516991820165708
sc,125.0,0,7.691997655689884e-06,0.6992725141536258,1.252492841046204e+18,1.252492841046205e+18,1.5357919101745596e+22,1.5357919101745608e+22,1.063013627623437,0.9553216525886915
sc,125.0,0,7.72803292723985e-06,0.7025484479308954,1.2524928410462116e+18,1.252492841046205e+18,1.5357919101745596e+22,1.5357919101745608e+22,1.0630136276234372,0.9589216375838633
sc,125.0,0,7.763840853306769e-06,0.705803713936979,1.252492841046204e+18,1.252492841046205e+18,1.5357919101745596e+22,1.5357919101745608e+22,1.063013627623437,0.9624989103781139
sc,125.0,0,7.799419249102351e-06,0.7090381135547592,1.2524928410462116e+18,1.2524928410461972e+18,1.5357919101745596e+22,1.5357919101745608e+22,1.063013627623437,0.9660532527073726
sc,125.0,0,7.834766013430272e-06,0.7122514557663884,1.2524928410462205e+18,1.2524928410461906e+18,1.5357919101745596e+22,1.5357919101745608e+22,1.063013627623437,0.9695844546585484
sc,125.0,0,7.869879128541244e-06,0.7154435571401131,1.2524928410462205e+18,1.2524928410461906e+18,1.5357919101745596e+22,1.5357919101745608e+22,1.063013627623437,0.973092314655051
sc,125.0,0,7.904756659933636e-06,0.7186142418121487,1.2524928410462205e+18,1.252492841046176e+18,1.5357919101745596e+22,1.535791910174539e+22,1.0630136276234368,0.9765766394368732
sc,125.0,0,7.939396756100872e-06,0.7217633414637157,1.2524928410462385e+18,1.2524928410461683e+18,1.5357919101745596e+22,1.53579191017455e+22,1.0630136276234368,0.9800372440353552
sc,125.0,0,7.973797648226734e-06,0.7248906952933395,1.252492841046255e+18,1.2524928410461473e+18,1.5357919101745596e+22,1.53579191017455e+22,1.0630136276234368,0.9834739517427444
sc,125.0,0,8.007957649829948e-06,0.7279961499845407,1.2524928410462728e+18,1.2524928410461327e+18,1.5357919101745596e+22,1.53579191017455e+22,1.0630136276234368,0.9868865940766892
sc,125.0,0,8.041875156359268e-06,0.7310795596690244,1.2524928410463073e+18,1.2524928410461038e+18,1.5357919101745596e+22,1.5357919101745608e+22,1.0630136276234368,0.9902750107397882
sc,125.0,0,8.075548644740435e-06,0.734140785885494,1.2524928410463506e+18,1.2524928410460536e+18,1.5357919101745596e+22,1.5357919101745608e+22,1.0630136276234363,0.9936390495743288
sc,125.0,0,8.108976672876405e-06,0.7371796975342186,1.2524928410464118e+18,1.252492841045989e+18,1.5357919101745596e+22,1.53579191017455e+22,1.063013627623436,0.9969785665123607
sc,125.0,0,8.142157879102152e-06,0.7401961708274685,1.2524928410465165e+18,1.252492841045881e+18,1.5357919101745596e+22,1.535791910174539e+22,1.0630136276234357,1.000293425521229
sc,125.0,0,8.175090981595591e-06,0.7431900892359629,1.2524928410466555e+18,1.252492841045752e+18,1.5357919101745596e+22,1.5357919101745608e+22,1.0630136276234352,1.0035834985447243
sc,125.0,0,8.207774777745935e-06,0.7461613434314487,1.252492841046846e+18,1.2524928410455654e+18,1.5357919101745596e+22,1.5357919101745717e+22,1.0630136276234348,1.0068486654399815
sc,125.0,0,8.240208143481032e-06,0.7491098312255484,1.252492841047115e+18,1.252492841045285e+18,1.5357919101745596e+22,1.53579191017455e+22,1.0630136276234334,1.0100888139102782
sc,125.0,0,8.272390032555152e-06,0.7520354575050139,1.2524928410474964e+18,1.2524928410449034e+18,1.5357919101745596e+22,1.53579191017455e+22,1.063013627623432,1.0133038394338845
sc,125.0,0,8.304319475798637e-06,0.7549381341635124,1.2524928410480438e+18,1.2524928410443505e+18,1.5357919101745596e+22,1.535791910174539e+22,1.0630136276234299,1.0164936451891018
sc,125.0,0,8.335995580331038e-06,0.7578177800300944,1.252492841048807e+18,1.2524928410435896e+18,1.5357919101745596e+22,1.53579191017455e+22,1.0630136276234272,1.019658141975653
sc,125.0,0,8.367417528739142e-06,0.7606743207944675,1.252492841049884e+18,1.252492841042504e+18,1.5357919101745596e+22,1.535791910174539e+22,1.063013627623423,1.022797248132567
sc,125.0,0,8.398584578221425e-06,0.7635076889292205,1.2524928410513846e+18,1.2524928410410033e+18,1.5357919101745596e+22,1.535791910174539e+22,1.0630136276234174,1.0259108894527074
sc,125.0,0,8.429496059700524e-06,0.7663178236091386,1.2524928410534835e+18,1.2524928410388974e+18,1.5357919101745596e+22,1.5357919101745172e+22,1.0630136276234097,1.0289989990941075
sc,125.0,0,8.460151376905108e-06,0.769104670627737,1.2524928410563994e+18,1.2524928410359593e+18,1.5357919101745596e+22,1.5357919101744952e+22,1.0630136276233986,1.0320615174882481
sc,125.0,0,8.490550005422808e-06,0.7718681823111644,1.2524928410604352e+18,1.2524928410319135e+18,1.5357919101745596e+22,1.5357919101744843e+22,1.0630136276233837,1.0350983922454433
sc,125.0,0,8.520691491725621e-06,0.774608317429602,1.252492841066033e+18,1.252492841026289e+18,1.5357919101745596e+22,1.5357919101744625e+22,1.0630136276233624,1.0381095780574765
sc,125.0,0,8.550575452169292e-06,0.7773250411062993,1.252492841073739e+18,1.2524928410185587e+18,1.5357919101745596e+22,1.5357919101744188e+22,1.0630136276233337,1.0410950365976377
sc,125.0,0,8.58020157196826e-06,0.7800183247243873,1.2524928410843261e+18,1.252492841007925e+18,1.5357919101745596e+22,1.5357919101743643e+22,1.0630136276232938,1.0440547364183206
sc,125.0,0,8.609569604147534e-06,0.782688145831594,1.2524928410988431e+18,1.2524928409933396e+18,1.5357919101745596e+22,1.535791910174277e+22,1.0630136276232391,1.0469886528463115
sc,125.0,0,8.638679368473076e-06,0.7853344880430069,1.2524928411186903e+18,1.252492840973417e+18,1.5357919101745596e+22,1.5357919101741896e+22,1.0630136276231648,1.049896767875935
sc,125.0,0,8.667530750362075e-06,0.7879573409420069,1.2524928411457393e+18,1.252492840946258e+18,1.5357919101745596e+22,1.5357919101740588e+22,1.0630136276230633,1.0527790700601896
sc,125.0,0,8.69612369977458e-06,0.7905566999795073,1.252492841182482e+18,1.252492840909373e+18,1.5357919101745596e+22,1.5357919101738732e+22,1.0630136276229254,1.0556355544000193
sc,125.0,0,8.724458230087965e-06,0.7931325663716332,1.252492841232258e+18,1.2524928408593823e+18,1.5357919101745596e+22,1.5357919101736224e+22,1.0630136276227387,1.058466222231876
sc,125.0,0,8.752534416955517e-06,0.7956849469959562,1.2524928412994936e+18,1.2524928407918764e+18,1.5357919101745596e+22,1.535791910173284e+22,1.0630136276224864,1.0612710811136887
sc,125.0,0,8.78035239715068e-06,0.7982138542864254,1.2524928413900739e+18,1.2524928407009257e+18,1.5357919101745596e+22,1.5357919101728365e+22,1.0630136276221462,1.064050144709408
sc,125.0,0,8.807912367398168e-06,0.8007193061271062,1.252492841511722e+18,1.2524928405787945e+18,1.5357919101745596e+22,1.5357919101722472e+22,1.0630136276216902,1.0668034326722338
sc,125.0,0,8.835214583193402e-06,0.8032013257448547,1.2524928416746406e+18,1.2524928404152364e+18,1.5357919101745596e+22,1.5357919101714507e+22,1.063013627621079,1.0695309705266802
sc,125.0,0,8.862259357611531e-06,0.8056599416010484,1.252492841892161e+18,1.2524928401968527e+18,1.5357919101745596e+22,1.5357919101703921e+22,1.063013627620263,1.072232789549602
sc,125.0,0,8.889047060107317e-06,0.8080951872824834,1.2524928421817687e+18,1.2524928399060915e+18,1.5357919101745596e+22,1.5357919101689845e+22,1.0630136276191768,1.0749089266503078
sc,125.0,0,8.91557811530719e-06,0.8105071013915627,1.2524928425662602e+18,1.2524928395201057e+18,1.5357919101745596e+22,1.5357919101671512e+22,1.0630136276177353,1.0775594242498951
sc,125.0,0,8.941853001794646e-06,0.8128957274358769,1.2524928430752202e+18,1.2524928390091492e+18,1.5357919101745596e+22,1.5357919101647067e+22,1.0630136276158266,1.080184330159923
sc,125.0,0,8.967872250890245e-06,0.815261113717295,1.2524928437470198e+18,1.2524928383347297e+18,1.5357919101745596e+22,1.5357919101614876e+22,1.063013627613308,1.0827836974605471
sc,125.0,0,8.99363644542737e-06,0.8176033132206699,1.2524928446312205e+18,1.252492837447105e+18,1.5357919101745596e+22,1.5357919101572864e+22,1.063013627609993,1.0853575843782375
sc,125.0,0,9.019146218524843e-06,0.8199223835022585,1.2524928457916214e+18,1.2524928362822198e+18,1.5357919101745596e+22,1.5357919101517864e+22,1.0630136276056432,1.0879060541631869
sc,125.0,0,9.044402252357615e-06,0.8222183865779651,1.252492847310194e+18,1.2524928347578015e+18,1.5357919101745596e+22,1.535791910144617e+22,1.063013627599951,1.0904291749665331
sc,125.0,0,9.069405276926494e-06,0.8244913888114995,1.2524928492918203e+18,1.2524928327685893e+18,1.5357919101745596e+22,1.5357919101353305e+22,1.0630136275925244,1.0929270197174947
sc,125.0,0,9.094156068828025e-06,0.8267414608025477,1.2524928518703483e+18,1.2524928301802163e+18,1.5357919101745596e+22,1.5357919101232504e+22,1.063013627582861,1.0953996660005305
sc,125.0,0,9.118655450025574e-06,0.8289686772750522,1.2524928552161155e+18,1.2524928268217364e+18,1.5357919101745596e+22,1.5357919101076564e+22,1.0630136275703235,1.0978471959326332
sc,125.0,0,9.142904286622484e-06,0.8311731169656804,1.2524928595451666e+18,1.2524928224763e+18,1.5357919101745596e+22,1.5357919100875666e+22,1.0630136275541027,1.100269696040845
sc,125.0,0,9.166903487638408e-06,0.8333548625125826,1.2524928651307612e+18,1.2524928168696394e+18,1.5357919101745596e+22,1.5357919100617368e+22,1.0630136275331756,1.1026672571401073
sc,125.0,0,9.190654003789586e-06,0.8355140003445078,1.2524928723174743e+18,1.2524928096559378e+18,1.5357919101745596e+22,1.5357919100286502e+22,1.0630136275062518,1.105039974211531
sc,125.0,0,9.21415682627406e-06,0.8376506205703691,1.252492881538515e+18,1.2524928004004035e+18,1.5357919101745596e+22,1.5357919099863427e+22,1.0630136274717097,1.1073879462811842
sc,125.0,0,9.237412985562645e-06,0.8397648168693314,1.2524928933368922e+18,1.252492788558047e+18,1.5357919101745596e+22,1.5357919099324243e+22,1.0630136274275164,1.1097112762994887
sc,125.0,0,9.260423550196446e-06,0.8418566863814951,1.2524929083913262e+18,1.2524927734477097e+18,1.5357919101745596e+22,1.5357919098638722e+22,1.0630136273711313,1.1120100710213112
sc,125.0,0,9.283189625591765e-06,0.8439263295992514,1.2524929275475725e+18,1.252492754220585e+18,1.5357919101745596e+22,1.5357919097769544e+22,1.0630136272993884,1.1142844408868384
sc,125.0,0,9.30571235285309e-06,0.8459738502593718,1.2524929518565445e+18,1.252492729822003e+18,1.5357919101745596e+22,1.5357919096670769e+22,1.0630136272083552,1.116534499903319
sc,125.0,0,9.32799290759491e-06,0.8479993552359009,1.2524929826202204e+18,1.252492698945325e+18,1.5357919101745596e+22,1.5357919095285105e+22,1.0630136270931585,1.1187603655277527
sc,125.0,0,9.350032498773084e-06,0.8500029544339167,1.252493021446993e+18,1.2524926599764244e+18,1.5357919101745596e+22,1.5357919093542168e+22,1.0630136269477797,1.1209621585506133
sc,125.0,0,9.371832367526334e-06,0.8519847606842121,1.2524930703180897e+18,1.2524926109270612e+18,1.5357919101745596e+22,1.5357919091356074e+22,1.0630136267648052,1.1231400029806802
sc,125.0,0,9.393393786028557e-06,0.8539448896389596,1.2524931316669535e+18,1.252492549355186e+18,1.5357919101745596e+22,1.5357919088621195e+22,1.06301362653513,1.1252940259310595
sc,125.0,0,9.414718056352513e-06,0.8558834596684103,1.2524932084740137e+18,1.2524924722698557e+18,1.5357919101745596e+22,1.535791908520865e+22,1.0630136262476029,1.127424357506475
sc,125.0,0,9.43580650934544e-06,0.8578005917586763,1.2524933043792648e+18,1.2524923760183035e+18,1.5357919101745596e+22,1.5357919080961521e+22,1.063013625888606,1.1295311306918991
sc,125.0,0,9.456660503517164e-06,0.8596964094106513,1.2524934238156913e+18,1.2524922561520236e+18,1.5357919101745596e+22,1.5357919075689604e+22,1.063013625441556,1.131614481242615
sc,125.0,0,9.477281423941145e-06,0.8615710385401041,1.2524935721669637e+18,1.2524921072685668e+18,1.5357919101745596e+22,1.535791906916199e+22,1.0630136248863142,1.1336745475757741
sc,125.0,0,9.497670681168985e-06,0.8634246073789986,1.2524937559530068e+18,1.2524919228253327e+18,1.5357919101745596e+22,1.535791906110063e+22,1.0630136241984933,1.1357114706635392
sc,125.0,0,9.517829710158777e-06,0.8652572463780707,1.2524939830480745e+18,1.2524916949207808e+18,1.5357919101745596e+22,1.5357919051170294e+22,1.0630136233486414,1.137725393927887
sc,125.0,0,9.537759969217746e-06,0.8670690881107043,1.2524942629358065e+18,1.2524914140385088e+18,1.5357919101745596e+22,1.5357919038968311e+22,1.0630136223012894,1.1397164631371548
sc,125.0,0,9.557462938959565e-06,0.8688602671781422,1.2524946070069222e+18,1.2524910687485855e+18,1.5357919101745596e+22,1.535791902401257e+22,1.0630136210138386,1.1416848263044157
sc,125.0,0,9.576940121276638e-06,0.870630920116058,1.252495028905536e+18,1.2524906453600865e+18,1.5357919101745596e+22,1.5357919005727437e+22,1.063013619435265,1.1436306335877684
sc,125.0,0,9.596193038327769e-06,0.8723811853025245,1.2524955449307935e+18,1.252490127518155e+18,1.5357919101745596e+22,1.5357918983426738e+22,1.0630136175046208,1.1455540371926323
sc,125.0,0,9.61522323154144e-06,0.8741112028674036,1.2524961745011725e+18,1.2524894957381573e+18,1.5357919101745596e+22,1.535791895629542e+22,1.063013615149296,1.1474551912761397
sc,125.0,0,9.634032260634972e-06,0.8758211146031794,1.2524969406898035e+18,1.2524887268686607e+18,1.5357919101745596e+22,1.5357918923366972e+22,1.0630136122830212,1.149334251853722
sc,125.0,0,9.652621702649905e-06,0.8775110638772642,1.2524978708396636e+18,1.2524877934743022e+18,1.5357919101745596e+22,1.5357918883499945e+22,1.0630136088035675,1.1511913767079964
sc,125.0,0,9.67099315100368e-06,0.879181195545789,1.2524989972683686e+18,1.2524866631286948e+18,1.5357919101745596e+22,1.5357918835347416e+22,1.0630136045901137,1.1530267253000495
sc,125.0,0,9.689148214557948e-06,0.8808316558689044,1.2525003580734223e+18,1.2524852976067208e+18,1.5357919101745596e+22,1.5357918777326424e+22,1.063013599500237,1.1548404586832386
sc,125.0,0,9.707088516703606e-06,0.8824625924276005,1.2525019980493294e+18,1.2524836519645788e+18,1.5357919101745596e+22,1.5357918707579122e+22,1.0630135933664886,1.1566327394196196
sc,125.0,0,9.724815694462743e-06,0.8840741540420676,1.252503969729036e+18,1.2524816734952202e+18,1.5357919101745596e+22,1.535791862393219e+22,1.0630135859925032,1.1584037314991285
sc,125.0,0,9.742331397607624e-06,0.8856664906916023,1.2525063345630418e+18,1.252479300545716e+18,1.5357919101745596e+22,1.5357918523848913e+22,1.063013577148594,1.1601536002616397
sc,125.0,0,9.759637287796798e-06,0.8872397534360725,1.2525091642505439e+18,1.2524764611823199e+18,1.5357919101745596e+22,1.53579184043754e+22,1.063013566566783,1.1618825123220335
sc,125.0,0,9.776735037728463e-06,0.8887940943389513,1.25251254223759e+18,1.2524730716881649e+18,1.5357919101745596e+22,1.5357918262081213e+22,1.0630135539352066,1.1635906354984185
sc,125.0,0,9.793626330311123e-06,0.8903296663919203,1.2525165653984356e+18,1.252469034877402e+18,1.5357919101745596e+22,1.535791809299127e+22,1.063013538891837,1.1652781387436402
sc,125.0,0,9.810312857851599e-06,0.8918466234410545,1.2525213459168453e+18,1.2524642382091277e+18,1.5357919101745596e+22,1.5357917892510774e+22,1.0630135210174607,1.166945192080239
sc,125.0,0,9.826796321260428e-06,0.8933451201145843,1.2525270133850954e+18,1.2524585516834785e+18,1.5357919101745596e+22,1.5357917655341728e+22,1.0630134998278442,1.168591966538999
sc,125.0,0,9.843078429274643e-06,0.8948253117522403,1.252533717138878e+18,1.2524518255016154e+18,1.5357919101745596e+22,1.5357917375389197e+22,1.0630134747650208,1.1702186341012526
sc,125.0,0,9.859160897697999e-06,0.8962873543361817,1.2525416288471286e+18,1.252443887470834e+18,1.5357919101745596e+22,1.5357917045657103e+22,1.0630134451876287,1.1718253676451023
sc,125.0,0,9.875045448658508e-06,0.8977314044235007,1.2525509453763863e+18,1.252434540135516e+18,1.5357919101745596e+22,1.535791665813472e+22,1.0630134103602302,1.173412340895719
sc,125.0,0,9.890733809883394e-06,0.8991576190803086,1.252561891949324e+18,1.2524235576142973e+18,1.5357919101745596e+22,1.5357916203669013e+22,1.0630133694415322,1.1749797283798897
sc,125.0,0,9.906227713991289e-06,0.9005661558173899,1.252574725617904e+18,1.252410682123732e+18,1.5357919101745596e+22,1.5357915671826264e+22,1.0630133214714466,1.1765277053849754
sc,125.0,0,9.921528897801673e-06,0.9019571725274248,1.2525897390711593e+18,1.2523956201686602e+18,1.5357919101745596e+22,1.535791505073864e+22,1.0630132653569024,1.1780564479224471
sc,125.0,0,9.9366391016615e-06,0.9033308274237727,1.2526072647978348e+18,1.252378038379898e+18,1.5357919101745596e+22,1.5357914326936033e+22,1.0630131998563495,1.1795661326961644
sc,125.0,0,9.951560068788844e-06,0.904687278980804,1.2526276796239383e+18,1.252357558980142e+18,1.5357919101745596e+22,1.535791348516263e+22,1.0630131235628761,1.1810569370755537
sc,125.0,0,9.966293544633558e-06,0.906026685875778,1.252651409644431e+18,1.2523337548597368e+18,1.5357919101745596e+22,1.5357912508176997e+22,1.063013034885872,1.1825290390738423
sc,125.0,0,9.980841276254737e-06,0.9073492069322489,1.2526789355679741e+18,1.2523061442451215e+18,1.5357919101745596e+22,1.5357911376532074e+22,1.063012932031176,1.1839826173314925
sc,125.0,0,9.995205011714939e-06,0.9086550010649945,1.2527107984923566e+18,1.2522741849439337e+18,1.5357919101745596e+22,1.535791006833861e+22,1.063012812979646,1.185417851104971
sc,125.0,0,1.0009386499490995e-05,0.9099442272264542,1.2527476061273981e+18,1.2522372681523707e+18,1.5357919101745596e+22,1.5357908559006536e+22,1.0630126754640956,1.186834920260982
sc,125.0,0,1.0023387487901238e-05,0.911217044354658,1.252790039480223e+18,1.2521947118125594e+18,1.5357919101745596e+22,1.535790682096364e+22,1.0630125169445561,1.1882340052762652
sc,125.0,0,1.0037209724549056e-05,0.9124736113226415,1.252838860016601e+18,1.25214575350997e+18,1.5357919101745596e+22,1.5357904823351895e+22,1.0630123345818197,1.1896152872430619
sc,125.0,0,1.005085495578256e-05,0.9137140868893237,1.2528949173095867e+18,1.2520895429037332e+18,1.5357919101745596e+22,1.5357902531698543e+22,1.0630121252092426,1.19097894788031
sc,125.0,0,1.0064324926170204e-05,0.9149386296518368,1.2529591571847483e+18,1.2520251336858819e+18,1.5357919101745596e+22,1.5357899907558743e+22,1.0630118853027886,1.1923251695506316
sc,125.0,0,1.0077621377992197e-05,0.9161473979992907,1.2530326303685228e+18,1.2519514750693005e+18,1.5357919101745596e+22,1.5357896908130134e+22,1.0630116109493113,1.1936541352831274
sc,125.0,0,1.009074605074749e-05,0.9173405500679536,1.25311650164368e+18,1.2518674028081347e+18,1.5357919101745596e+22,1.535789348583514e+22,1.0630112978130886,1.1949660288019852
sc,125.0,0,1.0103700680676184e-05,0.918518243697835,1.2532120595126008e+18,1.251771629759288e+18,1.5357919101745596e+22,1.5357889587869632e+22,1.0630109411006412,1.1962610345608697
sc,125.0,0,1.0116487000297136e-05,0.9196806363906487,1.2533207263658532e+18,1.2516627359983493e+18,1.5357919101745596e+22,1.535788515571441e+22,1.0630105355238786,1.1975393377830268
sc,125.0,0,1.012910673796053e-05,0.9208278852691392,1.2534440691502085e+18,1.251539158509297e+18,1.5357919101745596e+22,1.5357880124605645e+22,1.0630100752616474,1.1988011245070085
sc,125.0,0,1.0141561617415305e-05,0.921960147037755,1.2535838105263619e+18,1.2513991804730852e+18,1.5357919101745596e+22,1.535787442296245e+22,1.0630095539197708,1.2000465816378847
sc,125.0,0,1.0153853357391072e-05,0.923077577944643,1.2537418405027748e+18,1.2512409201872896e+18,1.5357919101745596e+22,1.5357867971765885e+22,1.063008964489697,1.2012758970037611
sc,125.0,0,1.0165983671194466e-05,0.9241803337449515,1.2539202285282655e+18,1.2510623196556372e+18,1.5357919101745596e+22,1.5357860683885295e+22,1.0630082993058978,1.2024892594173962
sc,125.0,0,1.0177954266319582e-05,0.9252685696654166,1.2541212360216942e+18,1.2508611328944172e+18,1.5357919101745596e+22,1.535785246334896e+22,1.0630075500021938,1.2036868587426566
sc,125.0,0,1.0189766844072332e-05,0.9263424403702121,1.2543473293128737e+18,1.2506349140108063e+18,1.5357919101745596e+22,1.5357843204550752e+22,1.0630067074672036,1.2048688859655048
sc,125.0,0,1.020142309920849e-05,0.9274020999280446,1.2546011929650954e+18,1.2503810051166326e+18,1.5357919101745596e+22,1.5357832791391308e+22,1.0630057617991577,1.206035533269182
sc,125.0,0,1.0212924719585172e-05,0.9284477017804702,1.2548857434449897e+18,1.2500965241506982e+18,1.5357919101745596e+22,1.535782109634415e+22,1.0630047022603444,1.2071869941131828
sc,125.0,0,1.0224273385825546e-05,0.9294793987114133,1.2552041431018813e+18,1.2497783526922493e+18,1.5357919101745596e+22,1.5357807979448068e+22,1.063003517231501,1.2083234633155913
sc,125.0,0,1.0235470770996504e-05,0.930497342817864,1.2555598144144686e+18,1.2494231238580613e+18,1.5357919101745596e+22,1.5357793287211806e+22,1.0630021941664929,1.2094451371382857
sc,125.0,0,1.0246518540299081e-05,0.9315016854817346,1.255956454459373e+18,1.2490272103865436e+18,1.5357919101745596e+22,1.5357776851438339e+22,1.0630007195476772,1.2105522133744846
sc,125.0,0,1.0257418350771382e-05,0.932492577342853,1.2563980495522355e+18,1.2485867130225016e+18,1.5357919101745596e+22,1.5357758487958332e+22,1.0629990788423822,1.211644891438055
sc,125.0,0,1.0268171851003767e-05,0.9334701682730697,1.2568888900089608e+18,1.2480974493277056e+18,1.5357919101745596e+22,1.5357737995277408e+22,1.0629972564609849,1.2127233724539606
sc,125.0,0,1.0278780680866053e-05,0.9344346073514593,1.2574335849719951e+18,1.2475549430533146e+18,1.5357919101745596e+22,1.5357715153141239e+22,1.062995235717118,1.2137878593491853
sc,125.0,0,1.0289246471246506e-05,0.9353860428405916,1.258037077243734e+18,1.2469544142215624e+18,1.5357919101745596e+22,1.535768972102506e+22,1.0629929987905873,1.2148385569434277
sc,125.0,0,1.029957084380237e-05,0.9363246221638519,1.2587046580675208e+18,1.2462907700754775e+18,1.5357919101745596e+22,1.5357661436565258e+22,1.0629905266936415,1.2158756720388224
sc,125.0,0,1.030975541072169e-05,0.9372504918837901,1.259441981794607e+18,1.2455585970662213e+18,1.5357919101745596e+22,1.5357630013953616e+22,1.0629877992412762,1.216899413507909
sc,125.0,0,1.0319801774496192e-05,0.938163797681472,1.260255080375002e+18,1.2447521540586092e+18,1.5357919101745596e+22,1.5357595142330176e+22,1.0629847950263367,1.2179099923790364
sc,125.0,0,1.0329711527704998e-05,0.939064684336818,1.2611503776090888e+18,1.2438653669453763e+18,1.5357919101745596e+22,1.535755648421848e+22,1.0629814914002214,1.2189076219183685
sc,125.0,0,1.03394862528089e-05,0.9399532957099002,1.2621347030974236e+18,1.2428918248703124e+18,1.5357919101745596e+22,1.535751367406728e+22,1.0629778644600678,1.219892517707621
sc,125.0,0,1.0349127521954981e-05,0.9408297747231802,1.263215305826473e+18,1.2418247782689487e+18,1.5357919101745596e+22,1.5357466316979917e+22,1.0629738890433595,1.2208648977166516
sc,125.0,0,1.0358636896791337e-05,0.941694263344667,1.2643998673298355e+18,1.2406571389425556e+18,1.5357919101745596e+22,1.5357413987736166e+22,1.0629695387309626,1.2218249823700098
sc,125.0,0,1.0368015928291665e-05,0.9425469025719695,1.2656965143657042e+18,1.239381482387387e+18,1.5357919101745596e+22,1.5357356230235874e+22,1.0629647858596638,1.2227729946065335
sc,125.0,0,1.0377266156589495e-05,0.9433878324172269,1.2671138310550769e+18,1.2379900526043807e+18,1.5357919101745596e+22,1.5357292557532465e+22,1.0629596015453535,1.2237091599310936
sc,125.0,0,1.0386389110821806e-05,0.9442171918928914,1.2686608704272602e+18,1.2364747696170568e+18,1.5357919101745596e+22,1.5357222452650765e+22,1.0629539557180652,1.2246337064575765
sc,125.0,0,1.0395386308981809e-05,0.9450351189983464,1.270347165323975e+18,1.2348272399236137e+18,1.5357919101745596e+22,1.5357145370429361e+22,1.062947817170135,1.2255468649422119
sc,125.0,0,1.0404259257780694e-05,0.9458417507073358,1.2721827386176225e+18,1.2330387701060959e+18,1.5357919101745596e+22,1.535706074067474e+22,1.0629411536188242,1.2264488688063724
sc,125.0,0,1.0413009452518051e-05,0.9466372229561866,1.2741781127041884e+18,1.2311003838115218e+18,1.5357919101745596e+22,1.53569679729549e+22,1.0629339317847823,1.2273399541479852
sc,125.0,0,1.0421638376960825e-05,0.9474216706328022,1.2763443182370514e+18,1.2290028423091223e+18,1.5357919101745596e+22,1.5356866463417724e+22,1.0629261174877804,1.2282203597407393
sc,125.0,0,1.0430147503230494e-05,0.9481952275664085,1.2786929020743127e+18,1.2267366688117284e+18,1.5357919101745596e+22,1.5356755604069811e+22,1.0629176757611765,1.2290903270203049
sc,125.0,0,1.0438538291698319e-05,0.9489580265180291,1.2812359344184724e+18,1.2242921767291543e+18,1.5357919101745596e+22,1.5356634795002554e+22,1.0629085709865798,1.2299501000568243
sc,125.0,0,1.044681219088843e-05,0.9497101991716755,1.2839860151347256e+18,1.221659501995167e+18,1.5357919101745596e+22,1.5356503460104385e+22,1.0628987670501793,1.2307999255130029
sc,125.0,0,1.0454970637388493e-05,0.9504518761262266,1.2869562792412234e+18,1.218828639578224e+18,1.5357919101745596e+22,1.5356361066840077e+22,1.0628882275221554,1.231640052587167
sc,125.0,0,1.0463015055767816e-05,0.9511831868879833,1.2901604015725059e+18,1.2157894842477716e+18,1.5357919101745596e+22,1.535620715071387e+22,1.062876915860525,1.2324707329407552
sc,125.0,0,1.0470946858502635e-05,0.951904259863876,1.2936126006248914e+18,1.212531875623997e+18,1.5357919101745596e+22,1.535604134505938e+22,1.0628647956406525,1.2332922206097634
sc,125.0,0,1.0478767445908384e-05,0.9526152223553077,1.2973276416011402e+18,1.209045647486755e+18,1.5357919101745596e+22,1.5355863416801562e+22,1.0628518308114916,1.2341047718997646
sc,125.0,0,1.0486478206078759e-05,0.9533162005526145,1.3013208386791887e+18,1.2053206812618048e+18,1.5357919101745596e+22,1.5355673308820687e+22,1.0628379859793957,1.2349086452642122
sc,125.0,0,1.0494080514831359e-05,0.9540073195301236,1.3056080565377636e+18,1.2013469635368312e+18,1.5357919101745596e+22,1.5355471189501928e+22,1.0628232267200486,1.2357041011658436
sc,125.0,0,1.0501575735659735e-05,0.9546887032417941,1.3102057111799183e+18,1.1971146473882417e+18,1.5357919101745596e+22,1.5355257509981794e+22,1.0628075199186942,1.2364914019210993
sc,125.0,0,1.0508965219691605e-05,0.9553604745174187,1.315130770103213e+18,1.1926141172211512e+18,1.5357919101745596e+22,1.53550330694848e+22,1.0627908341384,1.2372708115276037
sc,125.0,0,1.05162503056531e-05,0.9560227550593727,1.3204007518713956e+18,1.1878360567424556e+18,1.5357919101745596e+22,1.5354799088982483e+22,1.0627731400155562,1.2380425954748546
sc,125.0,0,1.052343231983881e-05,0.9566756654398918,1.3260337251511706e+18,1.1827715195979282e+18,1.5357919101745596e+22,1.5354557293204402e+22,1.0627544106811853,1.2388070205384234
sc,125.0,0,1.0530512576087475e-05,0.9573193250988613,1.332048307282579e+18,1.1774120021150692e+18,1.5357919101745596e+22,1.5354310000782053e+22,1.0627346222059277,1.2395643545580695
sc,125.0,0,1.0537492375763123e-05,0.9579538523421021,1.3384636624574922e+18,1.1717495175003208e+18,1.5357919101745596e+22,1.5354060221981292e+22,1.0627137540657714,1.2403148662003378
sc,125.0,0,1.0544373007741478e-05,0.9585793643401344,1.345299499586965e+18,1.165776670749979e+18,1.5357919101745596e+22,1.5353811763155167e+22,1.0626917896247143,1.2410588247063215
sc,125.0,0,1.055115574840148e-05,0.9591959771274073,1.3525760699403512e+18,1.159486733446031e+18,1.5357919101745596e+22,1.5353569336607023e+22,1.0626687166296063,1.241796499625434
sc,125.0,0,1.0557841861621727e-05,0.9598038056019753,1.3603141646453053e+18,1.1528737175284741e+18,1.5357919101745596e+22,1.5353338674156413e+22,1.0626445277114351,1.2425281605361596
sc,125.0,0,1.0564432598781674e-05,0.9604029635256067,1.368535112137537e+18,1.1459324470646819e+18,1.5357919101745596e+22,1.535312664219305e+22,1.062619220886307,1.2432540767548945
sc,125.0,0,1.057092919876744e-05,0.9609935635243128,1.377260775653391e+18,1.1386586269780865e+18,1.5357919101745596e+22,1.5352941355540175e+22,1.0625928000483693,1.2439745170341348
sc,125.0,0,1.0577332887982049e-05,0.9615757170892771,1.3865135508570616e+18,1.131048907657881e+18,1.5357919101745596e+22,1.535279228695223e+22,1.0625652754459707,1.2446897492513793
sc,125.0,0,1.0583644880359935e-05,0.962149534578176,1.3963163636946557e+18,1.1231009443489914e+18,1.5357919101745596e+22,1.535269036860139e+22,1.0625366641314729,1.245400040090258
sc,125.0,0,1.0589866377385603e-05,0.9627151252168731,1.4066926685661263e+18,1.1148134502230602e+18,1.5357919101745596e+22,1.535264808148373e+22,1.0625069903743847,1.2461056547154965
sc,125.0,0,1.059599856811622e-05,0.9632725971014746,1.4176664469030495e+18,1.1061862420580516e+18,1.5357919101745596e+22,1.5352679528312013e+22,1.0624762860269181,1.2468068564434303
sc,125.0,0,1.0602042629208068e-05,0.9638220572007334,1.4292622062367575e+18,1.0972202775079534e+18,1.5357919101745596e+22,1.5352800485170873e+22,1.0624445908307043,1.2475039064098787
sc,125.0,0,1.0607999724946654e-05,0.9643636113587868,1.4415049798373417e+18,1.08791768302808e+18,1.5357919101745596e+22,1.5353028427066e+22,1.0624119526533229,1.248197063237248
sc,125.0,0,1.0613871007280374e-05,0.9648973642982158,1.454420326998094e+18,1.0782817716338813e+18,1.5357919101745596e+22,1.5353382522451355e+22,1.0623784276435122,1.2488865827027926
sc,125.0,0,1.0619657615857558e-05,0.9654234196234144,1.4680343340339807e+18,1.068317049812528e+18,1.5357919101745596e+22,1.5353883591941787e+22,1.0623440802944581,1.249572717409999
sc,125.0,0,1.0625360678066804e-05,0.965941879824255,1.4823736160554176e+18,1.0580292130753778e+18,1.5357919101745596e+22,1.53545540267151e+22,1.0623089834054869,1.250255716465063
sc,125.0,0,1.0630981309080423e-05,0.9664528462800386,1.4974653195711332e+18,1.0474251298307727e+18,1.5357919101745596e+22,1.5355417662562727e+22,1.0622732179337293,1.2509358251604215
sc,125.0,0,1.0636520611900908e-05,0.9669564192637189,1.5133371259654674e+18,1.0365128134684922e+18,1.5357919101745596e+22,1.5356499606205125e+22,1.0622368727289822,1.251613284667269
sc,125.0,0,1.0641979677410253e-05,0.9674526979463867,1.5300172558867254e+18,1.0253013827723619e+18,1.5357919101745596e+22,1.5357826011300522e+22,1.0622000441469515,1.252288331738922
sc,125.0,0,1.0647359584422066e-05,0.9679417804020061,1.5475344745742413e+18,1.0138010110106099e+18,1.5357919101745596e+22,1.5359423802568438e+22,1.062162835538368,1.2529611984268214
sc,125.0,0,1.0652661399736287e-05,0.9684237636123898,1.5659180981424873e+18,1.0020228642872256e+18,1.5357919101745596e+22,1.5361320347573722e+22,1.0621253566140076,1.2536321118108456
sc,125.0,0,1.0657886178196438e-05,0.9688987434724035,1.5851980008313646e+18,9.899790299639453e+17,1.5357919101745596e+22,1.536354307695552e+22,1.062087722688396,1.2543012937454867
sc,125.0,0,1.0663034962749275e-05,0.9693668147953887,1.6054046232228452e+18,9.776824361751873e+17,1.5357919101745596e+22,1.536611905522166e+22,1.0620500538078579,1.25496896062329
sc,125.0,0,1.0668108784506744e-05,0.969828071318795,1.6265689814145871e+18,9.651467636481222e+17,1.5357919101745596e+22,1.536907450558146e+22,1.0620124737714571,1.2556353231567867
sc,125.0,0,1.067310866281011e-05,0.97028260571001,1.648722677132917e+18,9.523863512021471e+17,1.5357919101745596e+22,1.5372434293659361e+22,1.061975109056229,1.2563005861799705
sc,125.0,0,1.0678035605296172e-05,0.9707305095723793,1.6718979087597537e+18,9.394160964294395e+17,1.5357919101745596e+22,1.5376221376255147e+22,1.0619380876607802,1.2569649484701744
sc,125.0,0,1.0682890607965472e-05,0.9711718734514065,1.6961274832389156e+18,9.262513531471574e+17,1.5357919101745596e+22,1.5380456222527247e+22,1.0619015378837808,1.257628602590995
sc,125.0,0,1.0687674655252362e-05,0.9716067868411238,1.7214448288216806e+18,9.129078272583913e+17,1.5357919101745596e+22,1.5385156216080172e+22,1.0618655870559512,1.258291734756707
sc,125.0,0,1.0692388720096866e-05,0.9720353381906242,1.7478840086033316e+18,8.994014726628236e+17,1.5357919101745596e+22,1.539033504734163e+22,1.0618303602458385,1.2589545247183969
sc,125.0,0,1.0697033764018233e-05,0.9724576149107484,1.7754797347980275e+18,8.85748388818204e+17,1.5357919101745596e+22,1.5396002106333955e+22,1.061795978960861,1.2596171456718404
sc,125.0,0,1.0701610737190086e-05,0.9728737033809168,1.8042673836917094e+18,8.719647214731946e+17,1.5357919101745596e+22,1.5402161886402745e+22,1.0617625598657556,1.2602797641869457
sc,125.0,0,1.0706120578517071e-05,0.9732836889560974,1.834283011210719e+18,8.5806656797341e+17,1.5357919101745596e+22,1.5408813409708137e+22,1.0617302135406652,1.260942540158384
sc,125.0,0,1.0710564215712944e-05,0.973687655973904,1.8655633690373827e+18,8.440698883912004e+17,1.5357919101745596e+22,1.541594968522989e+22,1.0616990433006224,1.261605626776865
sc,125.0,0,1.0714942565379982e-05,0.9740856877618166,1.8981459212010627e+18,8.299904235507724e+17,1.5357919101745596e+22,1.5423557209736226e+22,1.0616691440971335,1.2622691705203364
sc,125.0,0,1.0719256533089662e-05,0.9744778666445147,1.9320688610704883e+18,8.15843620821474e+17,1.5357919101745596e+22,1.5431615521621862e+22,1.0616406015210116,1.26293331116425
sc,125.0,0,1.0723507013464508e-05,0.9748642739513189,1.9673711286698514e+18,8.016445683395127e+17,1.5357919101745596e+22,1.5440096816713536e+22,1.0616134909235282,1.2635981818099005
sc,125.0,0,1.0727694890261048e-05,0.9752449900237316,2.004092428239353e+18,7.874079381001312e+17,1.5357919101745596e+22,1.5448965634143738e+22,1.0615878766704996,1.2642639089297505
sc,125.0,0,1.0731821036453796e-05,0.9756200942230724,2.0422732459589809e+18,7.731479381449418e+17,1.5357919101745596e+22,1.5458178619194542e+22,1.0615638115410944,1.2649306124285553
sc,125.0,0,1.0735886314320188e-05,0.9759896649381989,2.0819548677525637e+18,7.588782738598673e+17,1.5357919101745596e+22,1.5467684368675884e+22,1.0615413362800965,1.2655984057190477
sc,125.0,0,1.0739891575526403e-05,0.9763537795933094,2.123179397088291e+18,7.446121182032055e+17,1.5357919101745596e+22,1.5477423362945682e+22,1.0615204793091428,1.266267395810897
sc,125.0,0,1.0743837661213997e-05,0.9767125146558179,2.1659897726902088e+18,7.30362090506449e+17,1.5357919101745596e+22,1.548732798714939e+22,1.061501256599172,1.2669376834116317
sc,125.0,0,1.07477254020873e-05,0.9770659456442999,2.2104297860749834e+18,7.16140243336436e+17,1.5357919101745596e+22,1.5497322642704978e+22,1.061483671703102,1.267609363038218
sc,125.0,0,1.0751555618501495e-05,0.9774141471364997,2.2565440988265807e+18,7.019580567784974e+17,1.5357919101745596e+22,1.550732394848935e+22,1.0614677159446295,1.2682825231379893
sc,125.0,0,1.0755329120551326e-05,0.9777571927773933,2.3043782595218394e+18,6.878264393996238e+17,1.5357919101745596e+22,1.5517241029692974e+22,1.0614533687561638,1.268957246217664
sc,125.0,0,1.0759046708160368e-05,0.9780951552873063,2.3539787202183665e+18,6.737557350771144e+17,1.5357919101745596e+22,1.5526975890854687e+22,1.061440598156279,1.2696336089792184
sc,125.0,0,1.0762709171170821e-05,0.9784281064700746,2.405392852415415e+18,6.597557348331433e+17,1.5357919101745596e+22,1.5536423868271511e+22,1.0614293613547938,1.2703116824614424
sc,125.0,0,1.076631728943374e-05,0.9787561172212491,2.458668962399695e+18,6.458356927966879e+17,1.5357919101745596e+22,1.554547415579002e+22,1.0614196054716925,1.2709915321860703
sc,125.0,0,1.0769871832899693e-05,0.9790792575363358,2.513856305885483e+18,6.320043454199583e+17,1.5357919101745596e+22,1.555401039693612e+22,1.0614112683546062,1.2716732183074415
sc,125.0,0,1.0773373561709743e-05,0.9793975965190677,2.5710051018579707e+18,6.182699331039077e+17,1.5357919101745596e+22,1.5561911335468545e+22,1.0614042794785117,1.2723567957647255
sc,125.0,0,1.077682322628674e-05,0.9797112023897037,2.630166545531702e+18,6.046402234333567e+17,1.5357919101745596e+22,1.556905151575479e+22,1.0613985609106518,1.273042314435826
sc,125.0,0,1.0780221567426868e-05,0.9800201424933517,2.6913928203299466e+18,5.911225352848833e+17,1.5357919101745596e+22,1.5575302023855986e+22,1.0613940283234655,1.2737298192921533
sc,125.0,0,1.07835693163914e-05,0.9803244833083091,2.7547371087970135e+18,5.777237631433431e+17,1.5357919101745596e+22,1.5580531259884878e+22,1.06139059203844,1.2744193505535357
sc,125.0,0,1.0786867194998597e-05,0.980624290454418,2.820253602349521e+18,5.644504010464889e+17,1.5357919101745596e+22,1.5584605732061317e+22,1.06138815808433,1.2751109438426178
sc,125.0,0,1.0790115915715747e-05,0.9809196287014316,2.8879975097772073e+18,5.5130856566325523e+17,1.5357919101745596e+22,1.5587390862902174e+22,1.0613866292539447,1.2758046303381736
sc,125.0,0,1.0793316181751259e-05,0.9812105619773872,2.9580250644013706e+18,5.383040181033781e+17,1.5357919101745596e+22,1.55887517982216e+22,1.0613859061448587,1.2765004369268256
sc,125.0,0,1.0796468687146801e-05,0.981497153376982,3.030393529799239e+18,5.2544218414314086e+17,1.5357919101745596e+22,1.5588554209895278e+22,1.0613858881706009,1.2771983863527336
sc,125.0,0,1.0799574116869445e-05,0.9817794651699496,3.105161204004987e+18,5.1272817264028704e+17,1.5357919101745596e+22,1.5586665083883242e+22,1.0613864745304078,1.2778984973648866
sc,125.0,0,1.0802633146903754e-05,0.9820575588094322,3.182387422096196e+18,5.0016679198966944e+17,1.5357919101745596e+22,1.558295348549016e+22,1.0613875651270523,1.2786007848616705
sc,125.0,0,1.0805646444343797e-05,0.9823314949403452,3.262132557076441e+18,4.8776256455411846e+17,1.5357919101745596e+22,1.5577291294781896e+22,1.0613890614242796,1.2793052600324586
sc,125.0,0,1.0808614667485075e-05,0.982601333407734,3.3444062523881933e+18,4.756013054958099e+17,1.5357919101745596e+22,1.5571983536766514e+22,1.061394639945706,1.2800119304960078
sc,125.0,0,1.0811538465916265e-05,0.982867133265115,3.4292511659112714e+18,4.6371177991718925e+17,1.5357919101745596e+22,1.5567873528110688e+22,1.0614056740398807,1.280720799841719
sc,125.0,0,1.0814418480610833e-05,0.9831289527828031,3.5167313196839967e+18,4.520888016794306e+17,1.5357919101745596e+22,1.556484535189381e+22,1.061422038427097,1.2814318676304328
sc,125.0,0,1.081725534401841e-05,0.9833868494562192,3.6069116988521334e+18,4.4072742981882144e+17,1.5357919101745596e+22,1.5562790184878374e+22,1.06144361701962,1.282145129639929
sc,125.0,0,1.0820049680155946e-05,0.9836408800141769,3.6998582400404244e+18,4.296229345399837e+17,1.5357919101745596e+22,1.5561605908923603e+22,1.0614703023069727,1.2828605780940887
sc,125.0,0,1.0822802104698606e-05,0.983891100427146,3.7956378176930934e+18,4.18770767218461e+17,1.5357919101745596e+22,1.5561196751631614e+22,1.061501994779391,1.2835782018768709
sc,125.0,0,1.0825513225070368e-05,0.9841375659154881,3.89431822831019e+18,4.081665340285269e+17,1.5357919101745596e+22,1.556147295299964e+22,1.0615386023863638,1.2842979867321438
sc,125.0,0,1.082818364053432e-05,0.9843803309576654,3.995968172510653e+18,3.978059728457086e+17,1.5357919101745596e+22,1.5562350455206256e+22,1.0615800400274518,1.2850199154503508
sc,125.0,0,1.0830813942282604e-05,0.9846194492984186,4.1006572348509517e+18,3.8768493310475526e+17,1.5357919101745596e+22,1.5563750613001785e+22,1.0616262290728353,1.2857439680428808
sc,125.0,0,1.083340471352602e-05,0.9848549739569109,4.208455861331549e+18,3.777993583213461e+17,1.5357919101745596e+22,1.5565599922455012e+22,1.061677096911278,1.2864701219049697
sc,125.0,0,1.0835956529583215e-05,0.9850869572348377,4.319435334524534e+18,3.6814527101147584e+17,1.5357919101745596e+22,1.5567829766083468e+22,1.061732576523415,1.2871983519678774
sc,125.0,0,1.0838469957969498e-05,0.9853154507244999,4.433667746258048e+18,3.587187597653573e+17,1.5357919101745596e+22,1.5570376172620573e+22,1.0617926060784626,1.2879286308410487
sc,125.0,0,1.084094555848522e-05,0.9855405053168382,4.551225967795214e+18,3.4951596825390675e+17,1.5357919101745596e+22,1.5573179589889727e+22,1.0618571285526415,1.2886609289448987
sc,125.0,0,1.08433838833037e-05,0.9857621712094272,4.672183617447239e+18,3.405330859651731e+17,1.5357919101745596e+22,1.5576184669441458e+22,1.0619260913677553,1.2893952146348246
sc,125.0,0,1.0845785477058698e-05,0.9859804979144271,4.796615025564613e+18,3.317663404855291e+17,1.5357919101745596e+22,1.557934006177751e+22,1.0619994460485294,1.290131454317011
sc,125.0,0,1.0848150876931413e-05,0.9861955342664921,4.924595196852217e+18,3.232119911567811e+17,1.5357919101745596e+22,1.5582598221135457e+22,1.0620771478974433,1.2908696125565489
sc,125.0,0,1.0850480612736976e-05,0.9864073284306342,5.056199769958746e+18,3.148663239550152e+17,1.5357919101745596e+22,1.5585915218939517e+22,1.0621591556859102,1.2916096521783633
sc,125.0,0,1.085277520701043e-05,0.986615927910039,5.191504974293045e+18,3.0672564745075744e+17,1.5357919101745596e+22,1.5589250565140247e+22,1.0622454313607743,1.2923515343614078
sc,125.0,0,1.0855035175092196e-05,0.986821379553836,5.330587584026911e+18,2.987862897223395e+17,1.5357919101745596e+22,1.5592567036773222e+22,1.0623359397651915,1.2930952187265623
sc,125.0,0,1.0857261025212985e-05,0.9870237295648168,5.473524869245424e+18,2.910445961060629e+17,1.5357919101745596e+22,1.5595830513152318e+22,1.0624306483730455,1.2938406634186386
sc,125.0,0,1.0859453258578164e-05,0.9872230235071058,5.620394544214455e+18,2.8349692767716573e+17,1.5357919101745596e+22,1.5599009817205271e+22,1.0625295270361401,1.2945878251828817
sc,125.0,0,1.0861612369451554e-05,0.9874193063137777,5.771274712735628e+18,2.7613966036544326e+17,1.5357919101745596e+22,1.5602076562511425e+22,1.0626325477434673,1.2953366594363287
sc,125.0,0,1.0863738845238655e-05,0.9876126222944233,5.926243810569437e+18,2.6896918461832992e+17,1.5357919101745596e+22,1.5605005005685009e+22,1.062739684391927,1.2960871203343673
sc,125.0,0,1.0865833166569272e-05,0.9878030151426611,6.085380544911532e+18,2.6198190553250688e+17,1.5357919101745596e+22,1.5607771903789111e+22,1.0628509125679237,1.2968391608328214
sc,125.0,0,1.0867895807379541e-05,0.9879905279435948,6.248763830911706e+18,2.551742433827254e+17,1.5357919101745596e+22,1.561035637651153e+22,1.0629662093393142,1.2975927327458654
sc,125.0,0,1.0869927234993378e-05,0.9881752031812162,6.416472725236048e+18,2.4854263448348586e+17,1.5357919101745596e+22,1.5612739772877262e+22,1.0630855530572372,1.2983477868000741
sc,125.0,0,1.0871927910203254e-05,0.9883570827457504,6.588586356676521e+18,2.420835323258644e+17,1.5357919101745596e+22,1.561490554231367e+22,1.0632089231673814,1.2991042726848612
sc,125.0,0,1.0873898287350402e-05,0.9885362079409457,6.765183853822343e+18,2.357934089374343e+17,1.5357919101745596e+22,1.561683910989826e+22,1.063336300030293,1.2998621390995928
sc,125.0,0,1.0875838814404348e-05,0.9887126194913044,6.946344269812086e+18,2.2966875641898163e+17,1.5357919101745596e+22,1.5618527755657256e+22,1.063467664750356,1.3006213337976094
sc,125.0,0,1.0877749933041825e-05,0.9888863575492568,7.13214650420099e+18,2.237060886165408e+17,1.5357919101745596e+22,1.5619960497805006e+22,1.0636029990131006,1.3013818036273992
sc,125.0,0,1.087963207872503e-05,0.9890574617022755,7.322669221976218e+18,2.1790194289196422e+17,1.5357919101745596e+22,1.562112797981449e+22,1.063742284930526,1.3021434945711525
sc,125.0,0,1.0881485680779226e-05,0.9892259709799296,7.517990769771233e+18,2.1225288195954528e+17,1.5357919101745596e+22,1.5622022361249349e+22,1.063885504894145,1.3029063517808954
sc,125.0,0,1.088331116246969e-05,0.9893919238608808,7.718189089337017e+18,2.0675549575987645e+17,1.5357919101745596e+22,1.5622637212276867e+22,1.0640326414354733,1.3036703196124289
sc,125.0,0,1.0885108941077993e-05,0.9895553582798176,7.92334162833161e+18,2.0140640334595754e+17,1.5357919101745596e+22,1.5622967411800323e+22,1.0641836770937119,1.3044353416572436
sc,125.0,0,1.0886879427977617e-05,0.9897163116343288,8.133525248512083e+18,1.962022547595831e+17,1.5357919101745596e+22,1.5623009049164177e+22,1.0643385942903787,1.3052013607726085
sc,125.0,0,1.088862302870889e-05,0.9898748207917173,8.348816131406996e+18,1.9113973287908858e+17,1.5357919101745596e+22,1.562275932936756e+22,1.064497375210665,1.3059683191100022
sc,125.0,0,1.0890340143053247e-05,0.9900309220957497,8.569289681574613e+18,1.862155552222565e+17,1.5357919101745596e+22,1.5622216481756194e+22,1.0646600016913035,1.3067361581420462
sc,125.0,0,1.089203116510682e-05,0.9901846513733472,8.795020427547106e+18,1.8142647569050534e+17,1.5357919101745596e+22,1.5621379672133524e+22,1.064826455114743,1.3075048186881117
sc,125.0,0,1.0893696483353328e-05,0.9903360439412118,9.02608192058494e+18,1.7676928624291635e+17,1.5357919101745596e+22,1.562024891826636e+22,1.0649967163094425,1.3082742409387258
sc,125.0,0,1.089533648073631e-05,0.9904851346123917,9.262546631364493e+18,1.722408184903813e+17,1.5357919101745596e+22,1.5618825008725461e+22,1.065170765456094,1.309044364478938
sc,125.0,0,1.0896951534730626e-05,0.9906319577027842,9.504485844745048e+18,1.6783794520222234e+17,1.5357919101745596e+22,1.5617109425036187e+22,1.0653485819996082,1.3098151283107649
sc,125.0,0,1.0898542017413324e-05,0.990776547037575,9.75196955275843e+18,1.6355758171909725e+17,1.5357919101745596e+22,1.5615104267084267e+22,1.0655301445666883,1.3105864708748456
sc,125.0,0,1.0900108295533774e-05,0.9909189359576158,1.0005066345989476e+19,1.593966872675341e+17,1.5357919101745596e+22,1.5612812181744294e+22,1.0657154308888344,1.3113583300714202
sc,125.0,0,1.0901650730583125e-05,0.9910591573257387,1.026384330351209e+19,1.5535226617270163e+17,1.5357919101745596e+22,1.5610236294672796e+22,1.0659044177306247,1.3121306432807451
sc,125.0,0,1.0903169678863081e-05,0.9911972435330074,1.0528365881571467e+19,1.51421368967233e+17,1.5357919101745596e+22,1.56073801452372e+22,1.0660970808231243,1.3129033473830478
sc,125.0,0,1.0904665491553973e-05,0.9913332265049066,1.0798697801195762e+19,1.476010933948873e+17,1.5357919101745596e+22,1.5604247624512837e+22,1.066293394802278,1.3136763787781205
sc,125.0,0,1.090613851478213e-05,0.9914671377074664,1.1074900934948583e+19,1.4388858530879763e+17,1.5357919101745596e+22,1.5600842916313851e+22,1.0664933331521467,1.3144496734046331
sc,125.0,0,1.0907589089686595e-05,0.9915990081533268,1.1357035193028952e+19,1.4028103946477034e+17,1.5357919101745596e+22,1.5597170441194165e+22,1.0666968681528606,1.3152231667592738
sc,125.0,0,1.0909017552485099e-05,0.9917288684077362,1.1645158408944394e+19,1.3677570021090989e+17,1.5357919101745596e+22,1.5593234803373275e+22,1.0669039708331483,1.3159967939157622
sc,125.0,0,1.091042423453939e-05,0.99185674859449,1.1939326224984287e+19,1.3336986207527808e+17,1.5357919101745596e+22,1.5589040740520193e+22,1.067114610927328,1.3167704895438435
sc,125.0,0,1.0911809462419846e-05,0.9919826784018042,1.2239591977738424e+19,1.3006087025400168e+17,1.5357919101745596e+22,1.5584593076352107e+22,1.0673287568366283,1.3175441879282999
sc,125.0,0,1.0913173557969417e-05,0.9921066870881288,1.2546006583902437e+19,1.2684612100244261e+17,1.5357919101745596e+22,1.557989667596953e+22,1.0675463755947296,1.3183178229880699
sc,125.0,0,1.0914516838366856e-05,0.992228803487896,1.2858618426628434e+19,1.2372306193270912e+17,1.5357919101745596e+22,1.5574956403888803e+22,1.0677674328374007,1.3190913282954992
sc,125.0,0,1.0915839616189305e-05,0.9923490560172095,1.3177473242683089e+19,1.2068919222069664e+17,1.5357919101745596e+22,1.5569777084687561e+22,1.0679918927761292,1.3198646370958131
sc,125.0,0,1.091714219947416e-05,0.9924674726794691,1.350261401067867e+19,1.1774206272650525e+17,1.5357919101745596e+22,1.556436346621959e+22,1.0682197181756266,1.3206376823268227
sc,125.0,0,1.091842489178028e-05,0.9925840810709345,1.3834080840649857e+19,1.1487927603193333e+17,1.5357919101745596e+22,1.5558720185320977e+22,1.0684508703351085,1.3214103966389228
sc,125.0,0,1.0919687992248514e-05,0.9926989083862285,1.4171910865258834e+19,1.1209848639903798e+17,1.5357919101745596e+22,1.5552851735949364e+22,1.0686853090732438,1.3221827124154264
sc,125.0,0,1.092093179566154e-05,0.9928119814237764,1.4516138132901806e+19,1.0939739965390421e+17,1.5357919101745596e+22,1.5546762439693557e+22,1.0689229927166668,1.3229545617932406
sc,125.0,0,1.0922156592503055e-05,0.9929233265911869,1.4866793503008342e+19,1.0677377299962437e+17,1.5357919101745596e+22,1.5540456418578352e+22,1.0691638780919632,1.3237258766839475
sc,125.0,0,1.092336266901628e-05,0.9930329699105709,1.522390454381769e+19,1.0422541476276504e+17,1.5357919101745596e+22,1.5533937570112879e+22,1.069407920521021,1.3244965887952842
sc,125.0,0,1.0924550307261798e-05,0.9931409370237998,1.5587495432910959e+19,1.0175018407740771e+17,1.5357919101745596e+22,1.552720954450389e+22,1.0696550738196622,1.3252666296530569
sc,125.0,0,1.092571978517474e-05,0.9932472531977037,1.5957586860801442e+19,9.934599051090146e+16,1.5357919101745596e+22,1.5520275723980626e+22,1.0699052902994515,1.3260359306234992
sc,125.0,0,1.0926871376621309e-05,0.9933519433292098,1.6334195937848623e+19,9.701079363541043e+16,1.5357919101745596e+22,1.551313920415509e+22,1.070158520772599,1.3268044229360918
sc,125.0,0,1.0928005351454637e-05,0.9934550319504216,1.6717336104799554e+19,9.47426025492656e+16,1.5357919101745596e+22,1.5505802777367369e+22,1.0704147145598633,1.3275720377068436
sc,125.0,0,1.0929121975570008e-05,0.9935565432336372,1.7107017047212833e+19,9.253947535205346e+16,1.5357919101745596e+22,1.549826891793847e+22,1.0706738195013636,1.32833870596204
sc,125.0,0,1.0930221510959425e-05,0.9936565009963114,1.7503244614069561e+19,9.039951857720394e+16,1.5357919101745596e+22,1.5490539769280393e+22,1.0709357819702203,1.3291043586624738
sc,125.0,0,1.0931304215765523e-05,0.9937549287059567,1.7906020740807414e+19,8.832088658589786e+16,1.5357919101745596e+22,1.5482617132793131e+22,1.07120054688893,1.3298689267281276
sc,125.0,0,1.0932370344334861e-05,0.9938518494849875,1.8315343377068894e+19,8.63017809257685e+16,1.5357919101745596e+22,1.5474502458493547e+22,1.071468057748395,1.3306323410633298
sc,125.0,0,1.0933420147270573e-05,0.9939472861155068,1.8731206419402023e+19,8.434044965792454e+16,1.5357919101745596e+22,1.5466196837314077e+22,1.0717382566295246,1.3313945325823664
sc,125.0,0,1.0934453871484367e-05,0.9940412610440335,1.915359964915578e+19,8.243518665563422e+16,1.5357919101745596e+22,1.5457700995011608e+22,1.0720110842273107,1.3321554322355162
sc,125.0,0,1.0935471760247933e-05,0.9941337963861758,1.958250867582582e+19,8.058433087776984e+16,1.5357919101745596e+22,1.5449015287632833e+22,1.07228647987732,1.3329149710355415
sc,125.0,0,1.0936474053243696e-05,0.9942249139312452,2.001791488604408e+19,7.878626562017656e+16,1.5357919101745596e+22,1.5440139698475157e+22,1.0725643815844894,1.3336730800845602
sc,125.0,0,1.0937460986614977e-05,0.9943146351468162,2.045979539845396e+19,7.703941774775256e+16,1.5357919101745596e+22,1.5431073836491208e+22,1.07284472605417,1.3344296906013324
sc,125.0,0,1.0938432793015513e-05,0.9944029811832285,2.0908123024641954e+19,7.53422569100879e+16,1.5357919101745596e+22,1.542181693607957e+22,1.0731274487253157,1.3351847339488943
sc,125.0,0,1.0939389701658392e-05,0.9944899728780356,2.1362866236330476e+19,7.369329474320208e+16,1.5357919101745596e+22,1.5412367858213279e+22,1.0734124838057493,1.3359381416625495
sc,125.0,0,1.0940331938364382e-05,0.9945756307603985,2.182398913899121e+19,7.209108405987155e+16,1.5357919101745596e+22,1.540272509284691e+22,1.0736997643094164,1.3366898454781768
sc,125.0,0,1.094125972560964e-05,0.9946599750554219,2.2291451452020216e+19,7.053421803090194e+16,1.5357919101745596e+22,1.5392886762556417e+22,1.0739892220955414,1.3374397773608118
sc,125.0,0,1.0942173282572852e-05,0.9947430256884412,2.2765208495638225e+19,6.902132935944997e+16,1.5357919101745596e+22,1.5382850627360086e+22,1.0742807879096141,1.3381878695335068
sc,125.0,0,1.0943072825181768e-05,0.9948248022892516,2.3245211184597516e+19,6.755108945052454e+16,1.5357919101745596e+22,1.5372614090666178e+22,1.0745743914261123,1.338934054506401
sc,125.0,0,1.0943958566159159e-05,0.9949053241962872,2.373140602883074e+19,6.612220757751115e+16,1.5357919101745596e+22,1.5362174206309436e+22,1.0748699612928838,1.3396782651059933
sc,125.0,0,1.0944830715068192e-05,0.9949846104607447,2.4223735141079544e+19,6.473343004755378e+16,1.5357919101745596e+22,1.535152768660985e+22,1.0751674251770964,1.3404204345045596
sc,125.0,0,1.0945689478357231e-05,0.9950626798506574,2.472213625161224e+19,6.338353936739589e+16,1.5357919101745596e+22,1.5340670911429422e+22,1.075466709812682,1.3411604962497048
sc,125.0,0,1.0946535059404077e-05,0.9951395508549161,2.5226542730022765e+19,6.20713534112541e+16,1.5357919101745596e+22,1.532959993815503e+22,1.07576774104918,1.34189838429399
sc,125.0,0,1.0947367658559627e-05,0.9952152416872388,2.5736883614165635e+19,6.079572459211662e+16,1.5357919101745596e+22,1.5318310512581335e+22,1.0760704439018969,1.342634033024607
sc,125.0,0,1.0948187473190986e-05,0.9952897702900896,2.625308364620176e+19,5.955553903778837e+16,1.5357919101745596e+22,1.5306798080634095e+22,1.0763747426032941,1.3433673772930503
sc,125.0,0,1.0948994697724025e-05,0.9953631543385477,2.677506331574959e+19,5.834971577283438e+16,1.5357919101745596e+22,1.5295057800890704e+22,1.076680560655523,1.3440983524447707
sc,125.0,0,1.0949789523685387e-05,0.9954354112441262,2.7302738910092247e+19,5.717720590756867e+16,1.5357919101745596e+22,1.528308455786039e+22,1.0769878208840074,1.3448268943487358
sc,125.0,0,1.0950572139743958e-05,0.9955065581585416,2.783602257137208e+19,5.603699183501626e+16,1.5357919101745596e+22,1.5270872975959067e+22,1.0772964454919989,1.3455529394268912
sc,125.0,0,1.0951342731751775e-05,0.9955766119774341,2.837482236068922e+19,5.492808643681624e+16,1.5357919101745596e+22,1.5258417434156304e+22,1.0776063561159976,1.3462764246834438
sc,125.0,0,1.0952101482784434e-05,0.9956455893440395,2.891904232901174e+19,5.384953229879973e+16,1.5357919101745596e+22,1.5245712081231945e+22,1.077917473881968,1.3469972877339633
sc,125.0,0,1.0952848573180955e-05,0.9957135066528141,2.9468582594751066e+19,5.280040093700895e+16,1.5357919101745596e+22,1.5232750851599691e+22,1.0782297194622465,1.347715466834242
sc,125.0,0,1.0953584180583116e-05,0.9957803800530105,3.0023339427867517e+19,5.177979203481127e+16,1.5357919101745596e+22,1.5219527481659042e+22,1.0785430131330502,1.3484309009088578
sc,125.0,0,1.0954308479974282e-05,0.9958462254522075,3.0583205340347453e+19,5.078683269163372e+16,1.5357919101745596e+22,1.5206035526623284e+22,1.078857274832502,1.3491435295794296
sc,125.0,0,1.0955021643717723e-05,0.9959110585197931,3.114806918284889e+19,4.982067668384716e+16,1.5357919101745596e+22,1.5192268377773903e+22,1.079172424219074,1.3498532931925036
sc,125.0,0,1.0955723841594418e-05,0.9959748946904017,3.171781624733109e+19,4.88805037382295e+16,1.5357919101745596e+22,1.517821928010651e+22,1.0794883807303604,1.3505601328470322
sc,125.0,0,1.0956415240840354e-05,0.9960377491673049,3.2292328375444877e+19,4.7965518818361224e+16,1.5357919101745596e+22,1.5163881350314831e+22,1.0798050636420882,1.3512639904214128
sc,125.0,0,1.0957096006183349e-05,0.996099636925759,3.2871484072440603e+19,4.707495142426649e+16,1.5357919101745596e+22,1.5149247595062537e+22,1.0801223921272731,1.3519648086000489
sc,125.0,0,1.0957766299879358e-05,0.9961605727163052,3.345515862633923e+19,4.620805490558305e+16,1.5357919101745596e+22,1.513431092950611e+22,1.0804402853154262,1.352662530899376
sc,125.0,0,1.0958426281748313e-05,0.9962205710680284,3.4043224232120054e+19,4.5364105788420664e+16,1.5357919101745596e+22,1.5119064196015431e+22,1.080758662351727,1.3533571016933463
sc,125.0,0,1.0959076109209472e-05,0.9962796462917702,3.4635550120621818e+19,4.4542403116112136e+16,1.5357919101745596e+22,1.510350018305055e+22,1.0810774424560647,1.354048466238307
sc,125.0,0,1.09597159373163e-05,0.9963378124833001,3.523200269187711e+19,4.37422678039354e+16,1.5357919101745596e+22,1.508761164414078e+22,1.0813965449818648,1.3547365706972585
sc,125.0,0,1.0960345918790874e-05,0.9963950835264431,3.5832445652569838e+19,4.2963042007911064e+16,1.5357919101745596e+22,1.5071391316927498e+22,1.0817158894746062,1.3554213621634452
sc,125.0,0,1.0960966204057819e-05,0.9964514730961654,3.6436740157304185e+19,4.220408850770014e+16,1.5357919101745596e+22,1.5054831942222257e+22,1.0820353957299427,1.3561027886832513
sc,125.0,0,1.0961576941277803e-05,0.9965069946616185,3.704474495336638e+19,4.146479010360383e+16,1.5357919101745596e+22,1.5037926283032318e+22,1.0823549838513462,1.3567807992783754
sc,125.0,0,1.0962178276380554e-05,0.9965616614891413,3.765631652863627e+19,4.0744549027651304e+16,1.5357919101745596e+22,1.5020667143509888e+22,1.0826745743071786,1.357455343967242
sc,125.0,0,1.0962770353097443e-05,0.9966154866452221,3.8271309262325146e+19,4.0042786368709496e+16,1.5357919101745596e+22,1.5003047387781027e+22,1.0829940879871187,1.3581263737856413
sc,125.0,0,1.0963353312993623e-05,0.9966684829994202,3.8889575578184204e+19,3.935894151154255e+16,1.5357919101745596e+22,1.4985059958606713e+22,1.0833134462578518,1.3587938408065474
sc,125.0,0,1.096392729549971e-05,0.9967206632272463,3.9510966099841016e+19,3.869247158972069e+16,1.5357919101745596e+22,1.496669789583519e+22,1.083632571017948,1.3594576981591062
sc,125.0,0,1.0964492437943059e-05,0.9967720398130053,4.013532980793025e+19,3.804285095223484e+16,1.5357919101745596e+22,1.4947954354601436e+22,1.0839513847518567,1.3601179000467754
sc,125.0,0,1.0965048875578585e-05,0.9968226250525987,4.076251419863514e+19,3.740957064370716e+16,1.5357919101745596e+22,1.492882262323092e+22,1.084269810582927,1.3607744017645664
sc,125.0,0,1.0965596741619176e-05,0.9968724310562888,4.139236544332773e+19,3.6792137898002904e+16,1.5357919101745596e+22,1.4909296140808138e+22,1.0845877723253987,1.3614271597154086
sc,125.0,0,1.0966136167265675e-05,0.996921469751425,4.202472854892706e+19,3.6190075645095176e+16,1.5357919101745596e+22,1.4889368514366311e+22,1.0849051945352801,1.3620761314255836
sc,125.0,0,1.0966667281736461e-05,0.9969697528851329,4.265944751865622e+19,3.560292203097365e+16,1.5357919101745596e+22,1.4869033535664512e+22,1.0852220025600565,1.3627212755592402
sc,125.0,0,1.0967190212296606e-05,0.9970172920269642,4.329636551282132e+19,3.503022995042734e+16,1.5357919101745596e+22,1.4848285197509658e+22,1.0855381225871508,1.363362551931947
sc,125.0,0,1.0967705084286636e-05,0.9970640985715125,4.3935325009317765e+19,3.447156659245123e+16,1.5357919101745596e+22,1.482711770958958e+22,1.085853481691093,1.363999921523307
sc,125.0,0,1.0968212021150896e-05,0.9971101837409906,4.457616796349328e+19,3.3926512998096692e+16,1.5357919101745596e+22,1.4805525513781547e+22,1.0861680078793263,1.3646333464885902
sc,125.0,0,1.0968711144465507e-05,0.9971555585877734,4.521873596706678e+19,3.3394663630518236e+16,1.5357919101745596e+22,1.4783503298905428e+22,1.0864816301366005,1.3652627901693979
sc,125.0,0,1.0969202573965946e-05,0.9972002339969042,4.586287040577602e+19,3.287562595699415e+16,1.5357919101745596e+22,1.4761046014885668e+22,1.086794278467903,1.365888217103339
sc,125.0,0,1.0969686427574233e-05,0.9972442206885668,4.650841261545337e+19,3.236902004267886e+16,1.5357919101745596e+22,1.4738148886297264e+22,1.0871058839398784,1.3665095930327271
sc,125.0,0,1.0970162821425747e-05,0.9972875292205224,4.715520403622117e+19,3.187447815585896e+16,1.5357919101745596e+22,1.4714807425265775e+22,1.0874163787206892,1.3671268849122777
sc,125.0,0,1.0970631869895642e-05,0.9973301699905128,4.7803086364532924e+19,3.1391644384454256e+16,1.5357919101745596e+22,1.4691017443695242e+22,1.0877256961182842,1.367740060915821
sc,125.0,0,1.0971093685624922e-05,0.9973721532386293,4.845190170277932e+19,3.092017426353039e+16,1.5357919101745596e+22,1.4666775064802876e+22,1.0880337706170324,1.3683490904420226
sc,125.0,0,1.0971548379546137e-05,0.9974134890496489,4.910149270619894e+19,3.0459734413571104e+16,1.5357919101745596e+22,1.464207673393714e+22,1.0883405379126965,1.368953944119122
sc,125.0,0,1.0971996060908704e-05,0.9974541873553368,4.975170272682405e+19,3.0010002189272876e+16,1.5357919101745596e+22,1.4616919228659897e+22,1.0886459349456998,1.3695545938086706
sc,125.0,0,1.0972436837303892e-05,0.9974942579367174,5.040237595427055e+19,2.9570665338592852e+16,1.5357919101745596e+22,1.4591299668076023e+22,1.0889498999326936,1.3701510126083214
sc,125.0,0,1.0972870814689434e-05,0.9975337104263121,5.105335755308599e+19,2.9141421671841524e+16,1.5357919101745596e+22,1.4565215521399116e+22,1.0892523723963632,1.3707431748536147
sc,125.0,0,1.0973298097413808e-05,0.9975725543103462,5.170449379651964e+19,2.8721978740532332e+16,1.5357919101745596e+22,1.4538664615735183e+22,1.0895532931934926,1.371331056118834
sc,125.0,0,1.0973718788240166e-05,0.9976107989309242,5.235563219645553e+19,2.8312053525779852e+16,1.5357919101745596e+22,1.4511645143079267e+22,1.0898526045412482,1.3719146332168939
sc,125.0,0,1.0974132988369913e-05,0.9976484534881739,5.300662162935271e+19,2.7911372135995056e+16,1.5357919101745596e+22,1.4484155666512365e+22,1.090150250041681,1.3724938841982872
sc,125.0,0,1.0974540797465966e-05,0.9976855270423606,5.365731245805563e+19,2.7519669513628924e+16,1.5357919101745596e+22,1.445619512559944e+22,1.0904461747044467,1.373068788349123
sc,125.0,0,1.0974942313675674e-05,0.9977220285159705,5.430755664929037e+19,2.7136689150747188e+16,1.5357919101745596e+22,1.4427762840983464e+22,1.0907403249677268,1.3736393261882385
sc,125.0,0,1.097533763365342e-05,0.9977579666957654,5.495720788672414e+19,2.6762182813186452e+16,1.5357919101745596e+22,1.4398858518167372e+22,1.0910326487173718,1.374205479463436
sc,125.0,0,1.0975726852582875e-05,0.9977933502348069,5.5606121679468495e+19,2.6395910273086304e+16,1.5357919101745596e+22,1.4369482250499742e+22,1.0913230953042443,1.3747672311468204
sc,125.0,0,1.0976110064198969e-05,0.9978281876544517,5.6254155465940165e+19,2.6037639049547736e+16,1.5357919101745596e+22,1.4339634521356871e+22,1.091611615559795,1.3753245654292952
sc,125.0,0,1.0976487360809517e-05,0.9978624873463197,5.6901168712949424e+19,2.568714415721353e+16,1.5357919101745596e+22,1.430931620552769e+22,1.0918981618098693,1.3758774677142172
sc,125.0,0,1.0976858833316553e-05,0.9978962575742322,5.754702301001349e+19,2.534420786254818e+16,1.5357919101745596e+22,1.4278528569821282e+22,1.0921826878867609,1.3764259246102324
sc,125.0,0,1.0977224571237352e-05,0.997929506476123,5.819158215873093e+19,2.5008619447609976e+16,1.5357919101745596e+22,1.4247273272888196e+22,1.0924651491395276,1.376969923923308
sc,125.0,0,1.0977584662725147e-05,0.9979622420659224,5.883471225730341e+19,2.4680174981093668e+16,1.5357919101745596e+22,1.421555236428922e+22,1.0927455024425998,1.3775094546480071
sc,125.0,0,1.097793919458954e-05,0.9979944722354128,5.947628178003008e+19,2.4358677096462492e+16,1.5357919101745596e+22,1.4183368282804526e+22,1.0930237062026822,1.3780445069579876
sc,125.0,0,1.0978288252316651e-05,0.9980262047560592,6.011616165190763e+19,2.404393477694142e+16,1.5357919101745596e+22,1.4150723854021025e+22,1.093299720364009,1.378575072195805
sc,125.0,0,1.097863192008893e-05,0.9980574472808119,6.075422531818496e+19,2.3735763147203644e+16,1.5357919101745596e+22,1.4117622287192811e+22,1.0935735064119423,1.3791011428619853
sc,125.0,0,1.0978970280804725e-05,0.9980882073458841,6.13903488090098e+19,2.3433983271542684e+16,1.5357919101745596e+22,1.4084067171418251e+22,1.0938450273749738,1.3796227126034342
sc,125.0,0,1.0979303416097527e-05,0.9981184923725025,6.20244107990637e+19,2.313842195835387e+16,1.5357919101745596e+22,1.4050062471128689e+22,1.0941142478251402,1.380139776201182
sc,125.0,0,1.097963140635498e-05,0.9981483096686347,6.2656292662371295e+19,2.2848911570726692e+16,1.5357919101745596e+22,1.4015612520939347e+22,1.094381133876917,1.3806523295575295
sc,125.0,0,1.0979954330737578e-05,0.998177666430689,6.328587852214232e+19,2.2565289843001692e+16,1.5357919101745596e+22,1.3980722019858945e+22,1.0946456531845845,1.3811603696825554
sc,125.0,0,1.0980272267197105e-05,0.9982065697451914,6.391305529585847e+19,2.2287399703085604e+16,1.5357919101745596e+22,1.3945396024903199e+22,1.094907774938147,1.3816638946800812
sc,125.0,0,1.0980585292494814e-05,0.9982350265904376,6.45377127355961e+19,2.2015089100378292e+16,1.5357919101745596e+22,1.3909639944131056e+22,1.0951674698578178,1.3821629037330765
sc,125.0,0,1.0980893482219326e-05,0.9982630438381205,6.5159743463637025e+19,2.174821083914107e+16,1.5357919101745596e+22,1.3873459529124132e+22,1.0954247101871215,1.3826573970885434
sc,125.0,0,1.0981196910804284e-05,0.9982906282549349,6.577904300351422e+19,2.1486622417140236e+16,1.5357919101745596e+22,1.3836860866949217e+22,1.0956794696846601,1.3831473760419204
sc,125.0,0,1.0981495651545737e-05,0.9983177865041579,6.639550980653358e+19,2.1230185869426736e+16,1.5357919101745596e+22,1.379985037162836e+22,1.0959317236145745,1.3836328429210052
sc,125.0,0,1.0981789776619278e-05,0.9983445251472072,6.700904527387239e+19,2.097876761708056e+16,1.5357919101745596e+22,1.3762434775137988e+22,1.096181448735761,1.3841138010694523
sc,125.0,0,1.098207935709693e-05,0.9983708506451754,6.7619553774374085e+19,2.0732238320787864e+16,1.5357919101745596e+22,1.3724621117977512e+22,1.096428623289879,1.384590254829855
sc,125.0,0,1.0982364462963772e-05,0.9983967693603429,6.8226942658142224e+19,2.049047273910305e+16,1.5357919101745596e+22,1.368641673933351e+22,1.0966732269881971,1.3850622095264398
sc,125.0,0,1.0982645163134358e-05,0.9984222875576689,6.883112226607013e+19,2.0253349591246948e+16,1.5357919101745596e+22,1.3647829266869676e+22,1.0969152409973393,1.3855296714474221
sc,125.0,0,1.0982921525468846e-05,0.9984474114062588,6.943200593536361e+19,2.0020751424327668e+16,1.5357919101745596e+22,1.3608866606172089e+22,1.0971546479239476,1.3859926478270024
sc,125.0,0,1.0983193616788932e-05,0.998472146980812,7.002951000125687e+19,1.979256448482975e+16,1.5357919101745596e+22,1.3569536929883673e+22,1.097391431798347,1.3864511468270837
sc,125.0,0,1.0983461502893518e-05,0.9984965002630471,7.062355379500579e+19,1.9568678594256284e+16,1.5357919101745596e+22,1.3529848666556161e+22,1.0976255780572306,1.3869051775186954
sc,125.0,0,1.0983725248574186e-05,0.9985204771431079,7.1214059638323405e+19,1.934898702878994e+16,1.5357919101745596e+22,1.3489810489249836e+22,1.097857073525438,1.3873547498631855
sc,125.0,0,1.0983984917630406e-05,0.998544083420946,7.180095283434317e+19,1.9133386402869184e+16,1.5357919101745596e+22,1.3449431303915915e+22,1.0980859063968504,1.387799874693161
sc,125.0,0,1.0984240572884544e-05,0.9985673248076858,7.238416165529757e+19,1.8921776556542444e+16,1.5357919101745596e+22,1.3408720237584835e+22,1.098312066214469,1.3882405636932413
sc,125.0,0,1.0984492276196647e-05,0.9985902069269679,7.29636173270334e+19,1.8714060446495868e+16,1.5357919101745596e+22,1.3367686626395757e+22,1.0985355438497257,1.388676829380639
sc,125.0,0,1.0984740088478996e-05,0.9986127353162724,7.353925401048528e+19,1.851014404064584e+16,1.5357919101745596e+22,1.332634000349313e+22,1.0987563314810531,1.3891086850855712
sc,125.0,0,1.0984984069710465e-05,0.9986349154282241,7.411100878028422e+19,1.8309936216181004e+16,1.5357919101745596e+22,1.328469008682154e+22,1.0989744225717908,1.3895361449315575
sc,125.0,0,1.0985224278950648e-05,0.9986567526318771,7.467882160060657e+19,1.811334866095629e+16,1.5357919101745596e+22,1.3242746766843965e+22,1.0991898118474468,1.389959223815599
sc,125.0,0,1.0985460774353792e-05,0.9986782522139812,7.524263529844867e+19,1.7920295778128394e+16,1.5357919101745596e+22,1.3200520094213944e+22,1.0994024952723858,1.3903779373882879
sc,125.0,0,1.0985693613182519e-05,0.998699419380229,7.580239553441456e+19,1.7730694593944534e+16,1.5357919101745596e+22,1.315802026742469e+22,1.099612470025965,1.3907923020338382
sc,125.0,0,1.0985922851821332e-05,0.9987202592564848,7.635805077119436e+19,1.7544464668583494e+16,1.5357919101745596e+22,1.3115257620466242e+22,1.0998197344781813,1.3912023348500813
sc,125.0,0,1.0986148545789953e-05,0.9987407768899957,7.690955223988267e+19,1.736152800994685e+16,1.5357919101745596e+22,1.3072242610507514e+22,1.1000242881648699,1.391608053628452
sc,125.0,0,1.0986370749756428e-05,0.9987609772505843,7.745685390422724e+19,1.7181808990327078e+16,1.5357919101745596e+22,1.3028985805635892e+22,1.1002261317624886,1.3920094768339584
sc,125.0,0,1.0986589517550052e-05,0.998780865231823,7.799991242297221e+19,1.7005234265855462e+16,1.5357919101745596e+22,1.2985497872672596e+22,1.1004252670625354,1.392406623585166
sc,125.0,0,1.0986804902174117e-05,0.9988004456521924,7.853868711046305e+19,1.6831732698632748e+16,1.5357919101745596e+22,1.2941789565084299e+22,1.1006216969456526,1.392799513634247
sc,125.0,0,1.0987016955818443e-05,0.998819723256222,7.907313989558374e+19,1.6661235281479786e+16,1.5357919101745596e+22,1.2897871711016772e+22,1.1008154253554399,1.393188167347065
sc,125.0,0,1.098722572987174e-05,0.9988387027156127,7.960323527917263e+19,1.6493675065222242e+16,1.5357919101745596e+22,1.2853755201470069e+22,1.1010064572720162,1.3935726056833182
sc,125.0,0,1.0987431274933787e-05,0.9988573886303442,8.012894029009027e+19,1.6328987088414042e+16,1.5357919101745596e+22,1.2809450978628659e+22,1.1011947986853903,1.3939528501768075
sc,125.0,0,1.0987633640827416e-05,0.9988757855297651,8.065022443998046e+19,1.616710830944948e+16,1.5357919101745596e+22,1.276497002437162e+22,1.1013804565686487,1.3943289229157751
sc,125.0,0,1.0987832876610338e-05,0.998893897873667,8.11670596769265e+19,1.6007977540962502e+16,1.5357919101745596e+22,1.27203233489716e+22,1.1015634388510216,1.394700846523395
sc,125.0,0,1.0988029030586768e-05,0.9989117300533426,8.167942033805609e+19,1.5851535386469478e+16,1.5357919101745596e+22,1.2675521980009862e+22,1.1017437543908406,1.395068644138369
sc,125.0,0,1.0988222150318905e-05,0.9989292863926278,8.218728310126556e+19,1.5697724179160536e+16,1.5357919101745596e+22,1.263057695151279e+22,1.1019214129484418,1.3954323393956956
sc,125.0,0,1.0988412282638214e-05,0.9989465711489285,8.269062693608918e+19,1.554648792278945e+16,1.5357919101745596e+22,1.2585499293322756e+22,1.1020964251590268,1.3957919564075827
sc,125.0,0,1.0988599473656549e-05,0.9989635885142317,8.318943305391317e+19,1.5397772234584506e+16,1.5357919101745596e+22,1.2540300020722669e+22,1.1022688025055307,1.396147519744547
sc,125.0,0,1.0988783768777126e-05,0.9989803426161024,8.368368485761271e+19,1.525152429012008e+16,1.5357919101745596e+22,1.2494990124324223e+22,1.1024385572915192,1.3964990544167015
sc,125.0,0,1.0988965212705306e-05,0.9989968375186642,8.417336789063087e+19,1.510769277009127e+16,1.5357919101745596e+22,1.244958056022249e+22,1.1026057026141423,1.3968465858552341
sc,125.0,0,1.098914384945923e-05,0.9990130772235664,8.465846978569857e+19,1.4966227808927064e+16,1.5357919101745596e+22,1.2404082240437579e+22,1.1027702523371703,1.3971901398940898
sc,125.0,0,1.0989319722380296e-05,0.999029065670936,8.513898021326338e+19,1.4827080945177882e+16,1.5357919101745596e+22,1.2358506023645757e+22,1.1029322210641523,1.3975297427518887
sc,125.0,0,1.0989492874143477e-05,0.9990448067403161,8.561489082963902e+19,1.4690205073628668e+16,1.5357919101745596e+22,1.2312862706200681e+22,1.1030916241117084,1.3978654210140657
sc,125.0,0,1.0989663346767477e-05,0.9990603042515889,8.60861952250644e+19,1.4555554399088916e+16,1.5357919101745596e+22,1.2267163013475394e+22,1.103248477482974,1.3981972016152207
sc,125.0,0,1.0989831181624756e-05,0.9990755619658869,8.655288887168967e+19,1.442308439177158e+16,1.5357919101745596e+22,1.2221417591488897e+22,1.1034027978412588,1.3985251118217767
sc,125.0,0,1.0989996419451368e-05,0.9990905835864881,8.701496907156411e+19,1.4292751744266018e+16,1.5357919101745596e+22,1.2175636998875112e+22,1.1035546024838743,1.3988491792148094
sc,125.0,0,1.0990159100356695e-05,0.9991053727596996,8.747243490471117e+19,1.416451432999531e+16,1.5357919101745596e+22,1.212983169914459e+22,1.1037039093162204,1.3991694316732006
sc,125.0,0,1.0990319263833002e-05,0.9991199330757274,8.79252871774124e+19,1.4038331163143042e+16,1.5357919101745596e+22,1.2084012053283836e+22,1.1038507368261103,1.3994858973570357
sc,125.0,0,1.099047694876486e-05,0.9991342680695328,8.837352837061054e+19,1.391416235999972e+16,1.5357919101745596e+22,1.2038188312666755e+22,1.1039951040583562,1.39979860469126
sc,125.0,0,1.099063219343843e-05,0.9991483812216755,8.881716258870179e+19,1.379196910166874e+16,1.5357919101745596e+22,1.1992370612299924e+22,1.1041370305896439,1.4001075823496276
sc,125.0,0,1.0990785035550604e-05,0.9991622759591459,8.925619550857529e+19,1.3671713598093432e+16,1.5357919101745596e+22,1.1946568964378353e+22,1.1042765365037122,1.4004128592389347
sc,125.0,0,1.0990935512218005e-05,0.9991759556561823,8.969063432911743e+19,1.3553359053371216e+16,1.5357919101745596e+22,1.1900793252184114e+22,1.1044136423668374,1.4007144644835188
sc,125.0,0,1.0991083659985862e-05,0.9991894236350785,9.01204877211005e+19,1.3436869632289434e+16,1.5357919101745596e+22,1.1855053224287868e+22,1.1045483692036597,1.4010124274100773
sc,125.0,0,1.0991229514836739e-05,0.9992026831669762,9.054576577758868e+19,1.3322210428069634e+16,1.5357919101745596e+22,1.1809358489088648e+22,1.1046807384733428,1.4013067775327468
sc,125.0,0,1.0991373112199139e-05,0.9992157374726489,9.096647996489125e+19,1.320934743125384e+16,1.5357919101745596e+22,1.1763718509664305e+22,1.104810772046098,1.4015975445385092
sc,125.0,0,1.0991514486955977e-05,0.9992285897232706,9.138264307402097e+19,1.309824749971707e+16,1.5357919101745596e+22,1.1718142598940235e+22,1.1049384921800665,1.401884758272866
sc,125.0,0,1.0991653673452932e-05,0.9992412430411757,9.179426917287017e+19,1.2988878329744694e+16,1.5357919101745596e+22,1.1672639915173115e+22,1.1050639214985933,1.4021684487258497
sc,125.0,0,1.0991790705506659e-05,0.9992537005006054,9.22013735589198e+19,1.2881208428167478e+16,1.5357919101745596e+22,1.1627219457745718e+22,1.1051870829678698,1.40244864601829
sc,125.0,0,1.0991925616412885e-05,0.9992659651284441,9.260397271269055e+19,1.2775207085485152e+16,1.5357919101745596e+22,1.1581890063260006e+22,1.1053079998749915,1.4027253803884292
sc,125.0,0,1.099205843895439e-05,0.9992780399049446,9.300208425189176e+19,1.2670844349971194e+16,1.5357919101745596e+22,1.1536660401938657e+22,1.1054266958064103,1.4029986821788174
sc,125.0,0,1.0992189205408847e-05,0.9992899277644407,9.33957268862746e+19,1.2568091002717378e+16,1.5357919101745596e+22,1.1491538974321983e+22,1.1055431946267935,1.4032685818235024
sc,125.0,0,1.099231794755657e-05,0.9993016315960519,9.378492037326492e+19,1.246691853357287e+16,1.5357919101745596e+22,1.1446534108246333e+22,1.1056575204583174,1.4035351098355562
sc,125.0,0,1.0992444696688121e-05,0.9993131542443747,9.416968547434368e+19,1.2367299117970044e+16,1.5357919101745596e+22,1.1401653956116316e+22,1.105769697660366,1.4037982967948723
sc,125.0,0,1.0992569483611817e-05,0.9993244985101652,9.455004391225377e+19,1.2269205594584796e+16,1.5357919101745596e+22,1.1356906492450073e+22,1.10587975080967,1.4040581733362882
sc,125.0,0,1.099269233866112e-05,0.999335667151011,9.492601832900446e+19,1.217261144381342e+16,1.5357919101745596e+22,1.1312299511696943e+22,1.105987704680878,1.404314770138007
sc,125.0,0,1.0992813291701904e-05,0.9993466628819914,9.529763224465746e+19,1.2077490767043942e+16,1.5357919101745596e+22,1.1267840626322888e+22,1.1060935842275519,1.4045681179102971
sc,125.0,0,1.0992932372139636e-05,0.9993574883763305,9.566491001701886e+19,1.1983818266668784e+16,1.5357919101745596e+22,1.1223537265147734e+22,1.10619741456362,1.4048182473845348
sc,125.0,0,1.099304960892642e-05,0.9993681462660382,9.602787680212514e+19,1.1891569226842486e+16,1.5357919101745596e+22,1.1179396671938843e+22,1.1062992209452582,1.4050651893025095
sc,125.0,0,1.0993165030567958e-05,0.9993786391425417,9.638655851559785e+19,1.1800719494940374e+16,1.5357919101745596e+22,1.1135425904247367e+22,1.1063990287532177,1.4053089744060365
sc,125.0,0,1.0993278665130389e-05,0.9993889695573082,9.67409817948646e+19,1.1711245463696482e+16,1.5357919101745596e+22,1.109163183247984e+22,1.1064968634755987,1.405549633426869
sc,125.0,0,1.0993390540247038e-05,0.999399140022458,9.709117396224064e+19,1.1623124053996454e+16,1.5357919101745596e+22,1.1048021139197438e+22,1.1065927506910702,1.4057871970768983
sc,125.0,0,1.0993500683125042e-05,0.9994091530113676,9.743716298885908e+19,1.153633269830858e+16,1.5357919101745596e+22,1.1004600318640347e+22,1.106686716052527,1.4060216960386342
sc,125.0,0,1.0993609120551912e-05,0.9994190109592647,9.777897745951375e+19,1.145084932471377e+16,1.5357919101745596e+22,1.0961375676459848e+22,1.1067787852712068,1.4062531609559976
sc,125.0,0,1.0993715878901939e-05,0.9994287162638127,9.811664653830413e+19,1.1366652341538242e+16,1.5357919101745596e+22,1.0918353329663345e+22,1.1068689841012276,1.4064816224253518
sc,125.0,0,1.0993820984142568e-05,0.9994382712856881,9.845019993522056e+19,1.1283720622536322e+16,1.5357919101745596e+22,1.0875539206750486e+22,1.106957338324591,1.406707110986863
sc,125.0,0,1.0993924461840627e-05,0.9994476783491479,9.877966787355481e+19,1.120203349262744e+16,1.5357919101745596e+22,1.0832939048043358e+22,1.1070438737366155,1.4069296571161127
sc,125.0,0,1.0994026337168478e-05,0.999456939742589,9.910508105817437e+19,1.1121570714157606e+16,1.5357919101745596e+22,1.0790558406198189e+22,1.1071286161318057,1.407149291215982
sc,125.0,0,1.0994126634910076e-05,0.9994660577190979,9.942647064464915e+19,1.104231247366976e+16,1.5357919101745596e+22,1.0748402646894334e+22,1.1072115912901588,1.4073660436088047
sc,125.0,0,1.0994225379466936e-05,0.9994750344969942,9.97438682092561e+19,1.0964239369153894e+16,1.5357919101745596e+22,1.070647694968571e+22,1.1072928249639111,1.407579944528804
sc,125.0,0,1.0994322594864e-05,0.9994838722603636,1.0005730571980387e+20,1.088733239777269e+16,1.5357919101745596e+22,1.0664786309014538e+22,1.1073723428647053,1.4077910241147749
sc,125.0,0,1.0994418304755431e-05,0.9994925731595847,1.0036681550730314e+20,1.0811572944037776e+16,1.5357919101745596e+22,1.0623335535377016e+22,1.1074501706511897,1.4079993124030332
sc,125.0,0,1.0994512532430303e-05,0.9995011393118458,1.006724302384497e+20,1.073694276842432e+16,1.5357919101745596e+22,1.0582129256634843e+22,1.1075263339170325,1.4082048393206044
sc,125.0,0,1.0994605300818213e-05,0.9995095728016559,1.0097418288896752e+20,1.0663423996395326e+16,1.5357919101745596e+22,1.0541171919458872e+22,1.1076008581793675,1.4084076346786936
sc,125.0,0,1.099469663249481e-05,0.9995178756813463,1.012721067177183e+20,1.0590999107838362e+16,1.5357919101745596e+22,1.050046779090715e+22,1.107673768867639,1.408607728166372
sc,125.0,0,1.0994786549687217e-05,0.9995260499715652,1.0156623524161521e+20,1.0519650926890774e+16,1.5357919101745596e+22,1.04600209601269e+22,1.1077450913128608,1.4088051493445082
sc,125.0,0,1.0994875074279418e-05,0.9995340976617653,1.0185660221136657e+20,1.0449362612127032e+16,1.5357919101745596e+22,1.0419835340165193e+22,1.1078148507372867,1.4089999276399654
sc,125.0,0,1.0994962227817505e-05,0.9995420207106823,1.021432415879341e+20,1.0380117647120092e+16,1.5357919101745596e+22,1.0379914669896807e+22,1.1078830722444668,1.4091920923399912
sc,125.0,0,1.0995048031514896e-05,0.9995498210468088,1.0242618751982068e+20,1.0311899831333552e+16,1.5357919101745596e+22,1.0340262516045428e+22,1.1079497808097116,1.4093816725868804
sc,125.0,0,1.0995132506257437e-05,0.999557500568858,1.0270547432105345e+20,1.0244693271358682e+16,1.5357919101745596e+22,1.0300882275308071e+22,1.1080150012709302,1.409568697372822
sc,125.0,0,1.0995215672608444e-05,0.9995650611462221,1.0298113644993531e+20,1.0178482372466246e+16,1.5357919101745596e+22,1.0261777176565278e+22,1.1080787583198604,1.4097531955349873
sc,125.0,0,1.0995297550813662e-05,0.9995725046194238,1.0325320848852761e+20,1.0113251830462818e+16,1.5357919101745596e+22,1.022295028317226e+22,1.1081410764936723,1.4099351957508357
sc,125.0,0,1.0995378160806157e-05,0.9995798328005597,1.0352172512282773e+20,1.0048986623846182e+16,1.5357919101745596e+22,1.0184404495328176e+22,1.1082019801669427,1.410114726533623
sc,125.0,0,1.099545752221112e-05,0.9995870474737383,1.0378672112366114e+20,9985672006243754.0,1.5357919101745596e+22,1.0146142552515527e+22,1.1082614935439945,1.410291816228125
sc,125.0,0,1.0995535654350611e-05,0.9995941503955101,1.0404823132825192e+20,9923293499123284.0,1.5357919101745596e+22,1.0108167036003854e+22,1.1083196406515932,1.4104664930065585
sc,125.0,0,1.0995612576248216e-05,0.9996011432952924,1.0430629062246431e+20,9861836884768402.0,1.5357919101745596e+22,1.0070480371413349e+22,1.108376445331995,1.4106387848646984
sc,125.0,0,1.0995688306633648e-05,0.9996080278757862,1.0456093392372107e+20,9801288199502998.0,1.5357919101745596e+22,1.0033084831331586e+22,1.1084319312363442,1.4108087196181978
sc,125.0,0,1.0995762863947264e-05,0.9996148058133876,1.0481219616452307e+20,9741633727165198.0,1.5357919101745596e+22,9.995982537980645e+21,1.1084861218183986,1.4109763248990759
sc,125.0,0,1.0995836266344527e-05,0.9996214787585934,1.0506011227666345e+20,9682859992799230.0,1.5357919101745596e+22,9.959175465918905e+21,1.1085390403286062,1.4111416281524323
sc,125.0,0,1.099590853170039e-05,0.9996280483363992,1.053047171759789e+20,9624953756590374.0,1.5357919101745596e+22,9.922665444792672e+21,1.1085907098084855,1.4113046566332912
sc,125.0,0,1.0995979677613609e-05,0.9996345161466917,1.055460457477534e+20,9567902008004274.0,1.5357919101745596e+22,9.886454162115728e+21,1.1086411530853384,1.4114654374036475
sc,125.0,0,1.0996049721411005e-05,0.9996408837646369,1.0578413283273989e+20,9511691960126720.0,1.5357919101745596e+22,9.850543166073703e+21,1.1086903927672764,1.4116239973297051
sc,125.0,0,1.0996118680151648e-05,0.999647152741059,1.0601901321365463e+20,9456311044218632.0,1.5357919101745596e+22,9.8149338683615e+21,1.1087384512385385,1.4117803630792312
sc,125.0,0,1.0996186570630982e-05,0.9996533246028165,1.0625072160231182e+20,9401746904446852.0,1.5357919101745596e+22,9.779627547032103e+21,1.1087853506551233,1.4119345611191205
sc,125.0,0,1.099625340938488e-05,0.999659400853171,1.0647929262727918e+20,9347987392806926.0,1.5357919101745596e+22,9.744625349370187e+21,1.1088311129406991,1.4120866177130886
sc,125.0,0,1.0996319212693658e-05,0.9996653829721508,1.0670476082208793e+20,9295020564212556.0,1.5357919101745596e+22,9.709928294768978e+21,1.1088757597828125,1.4122365589195487
sc,125.0,0,1.0996383996585998e-05,0.9996712724169089,1.0692716061388659e+20,9242834671765438.0,1.5357919101745596e+22,9.675537277621962e+21,1.1089193126293586,1.4123844105896026
sc,125.0,0,1.0996447776842829e-05,0.9996770706220754,1.0714652631267985e+20,9191418162177278.0,1.5357919101745596e+22,9.641453070216075e+21,1.1089617926853355,1.4125301983652105
sc,125.0,0,1.099651056900115e-05,0.9996827790001046,1.0736289210102129e+20,9140759671355324.0,1.5357919101745596e+22,9.60767632563201e+21,1.1090032209098541,1.412673947677478
sc,125.0,0,1.0996572388357787e-05,0.999688398941617,1.0757629202418103e+20,9090848020126308.0,1.5357919101745596e+22,9.57420758063036e+21,1.109043618013412,1.4128156837451114
sc,125.0,0,1.0996633249973086e-05,0.9996939318157352,1.0778675998075027e+20,9041672210120062.0,1.5357919101745596e+22,9.541047258548034e+21,1.1090830044554072,1.4129554315729649
sc,125.0,0,1.0996693168674577e-05,0.9996993789704162,1.079943297137854e+20,8993221419773361.0,1.5357919101745596e+22,9.508195672176623e+21,1.1091214004419079,1.4130932159507654
sc,125.0,0,1.0996752159060546e-05,0.9997047417327769,1.0819903480225959e+20,8945485000479258.0,1.5357919101745596e+22,9.4756530266324e+21,1.1091588259236493,1.4132290614519263
sc,125.0,0,1.0996810235503576e-05,0.999710021409416,1.0840090865304225e+20,8898452472855944.0,1.5357919101745596e+22,9.44341942221432e+21,1.109195300594263,1.413362992432506
sc,125.0,0,1.0996867412154028e-05,0.9997152192867298,1.0859998449325267e+20,8852113523141852.0,1.5357919101745596e+22,9.411494857248086e+21,1.1092308438887293,1.413495033030272
sc,125.0,0,1.0996923702943464e-05,0.9997203366312241,1.0879629536297276e+20,8806457999704369.0,1.5357919101745596e+22,9.379879230905293e+21,1.1092654749820474,1.4136252071638917
sc,125.0,0,1.099697912158803e-05,0.9997253746898209,1.0898987410844608e+20,8761475909660296.0,1.5357919101745596e+22,9.348572346009373e+21,1.1092992127881147,1.4137535385322328
sc,125.0,0,1.0997033681591765e-05,0.9997303346901605,1.0918075337553463e+20,8717157415609966.0,1.5357919101745596e+22,9.317573911816304e+21,1.109332075958807,1.4138800506137608
sc,125.0,0,1.0997087396249881e-05,0.9997352178408984,1.0936896560360417e+20,8673492832469069.0,1.5357919101745596e+22,9.286883546770087e+21,1.1093640828832572,1.4140047666660511
sc,125.0,0,1.0997140278651987e-05,0.9997400253319989,1.0955454301979227e+20,8630472624398123.0,1.5357919101745596e+22,9.256500781232833e+21,1.1093952516873269,1.414127709725413
sc,125.0,0,1.0997192341685253e-05,0.999744758335023,1.0973751763349815e+20,8588087401836021.0,1.5357919101745596e+22,9.226425060186446e+21,1.109425600233256,1.4142489026065825
sc,125.0,0,1.0997243598037532e-05,0.9997494180034121,1.0991792123135164e+20,8546327918616900.0,1.5357919101745596e+22,9.196655745908474e+21,1.1094551461194961,1.414368367902536
sc,125.0,0,1.0997294060200454e-05,0.9997540054727685,1.1009578537237742e+20,8505185069174265.0,1.5357919101745596e+22,9.167192120606452e+21,1.1094839066807125,1.4144861279843957
sc,125.0,0,1.0997343740472423e-05,0.9997585218611293,1.1027114138353038e+20,8464649885840336.0,1.5357919101745596e+22,9.138033389036143e+21,1.1095118989879484,1.4146022050013904
sc,125.0,0,1.0997392650961624e-05,0.9997629682692385,1.1044402035549802e+20,8424713536214591.0,1.5357919101745596e+22,9.109178681072156e+21,1.1095391398489545,1.4147166208809414
sc,125.0,0,1.099744080358895e-05,0.9997673457808136,1.1061445313883862e+20,8385367320610089.0,1.5357919101745596e+22,9.080627054246494e+21,1.1095656458086705,1.4148293973288224
sc,125.0,0,1.0997488210090888e-05,0.999771655462808,1.107824703403129e+20,8346602669588253.0,1.5357919101745596e+22,9.052377496260556e+21,1.1095914331498473,1.4149405558293644
sc,125.0,0,1.0997534882022375e-05,0.9997758983656704,1.1094810231957049e+20,8308411141545687.0,1.5357919101745596e+22,9.024428927445256e+21,1.109616517893823,1.4150501176457917
sc,125.0,0,1.099758083075959e-05,0.999780075523599,1.1111137918604265e+20,8270784420386101.0,1.5357919101745596e+22,8.996780203197746e+21,1.1096409158014229,1.4151581038205847
sc,125.0,0,1.0997626067502723e-05,0.999784187954793,1.1127233079608674e+20,8233714313248454.0,1.5357919101745596e+22,8.969430116368474e+21,1.109664642373998,1.41526453517594
sc,125.0,0,1.099767060327868e-05,0.9997882366616982,1.1143098675038298e+20,8197192748307860.0,1.5357919101745596e+22,8.942377399620821e+21,1.1096877128545817,1.4153694323142756
sc,125.0,0,1.0997714448943772e-05,0.9997922226312521,1.1158737639156472e+20,8161211772624616.0,1.5357919101745596e+22,8.915620727736658e+21,1.1097101422291735,1.4154728156188343
sc,125.0,0,1.099775761518634e-05,0.999796146835122,1.1174152880206828e+20,8125763550062539.0,1.5357919101745596e+22,8.889158719893378e+21,1.1097319452281322,1.4155747052543217
sc,125.0,0,1.0997800112529352e-05,0.9998000102299411,1.1189347280218279e+20,8090840359259983.0,1.5357919101745596e+22,8.862989941894922e+21,1.1097531363276776,1.415675121167614
sc,125.0,0,1.0997841951332953e-05,0.9998038137575411,1.1204323694832012e+20,8056434591654405.0,1.5357919101745596e+22,8.837112908362123e+21,1.1097737297514978,1.4157740830885233
sc,125.0,0,1.099788314179698e-05,0.9998075583451801,1.1219084953148942e+20,8022538749560595.0,1.5357919101745596e+22,8.811526084884132e+21,1.1097937394724549,1.415871610530617
sc,125.0,0,1.099792369396345e-05,0.9998112449057681,1.1233633857593005e+20,7989145444295643.0,1.5357919101745596e+22,8.786227890121644e+21,1.1098131792143844,1.4159677227920966
sc,125.0,0,1.0997963617718971e-05,0.9998148743380884,1.1247973183797853e+20,7956247394358539.0,1.5357919101745596e+22,8.761216697879994e+21,1.109832062453983,1.4160624389567074
sc,125.0,0,1.0998002922797174e-05,0.9998184475270158,1.126210568050436e+20,7923837423646664.0,1.5357919101745596e+22,8.73649083912382e+21,1.1098504024227824,1.4161557778947276
sc,125.0,0,1.0998041618781049e-05,0.9998219653437317,1.1276034069484669e+20,7891908459723945.0,1.5357919101745596e+22,8.712048603965547e+21,1.1098682121092027,1.4162477582639779
sc,125.0,0,1.0998079715105292e-05,0.9998254286459356,1.1289761045470927e+20,7860453532127487.0,1.5357919101745596e+22,8.687888243598288e+21,1.1098855042606801,1.4163383985108906
sc,125.0,0,1.0998117221058578e-05,0.9998288382780526,1.1303289276107176e+20,7829465770725092.0,1.5357919101745596e+22,8.664007972202339e+21,1.1099022913858623,1.4164277168715922
sc,125.0,0,1.0998154145785834e-05,0.9998321950714395,1.1316621401916183e+20,7798938404093357.0,1.5357919101745596e+22,8.640405968789823e+21,1.1099185857568805,1.4165157313730787
sc,125.0,0,1.099819049829045e-05,0.9998354998445864,1.1329760036275705e+20,7768864757951076.0,1.5357919101745596e+22,8.617080379021243e+21,1.109934399411674,1.4166024598343823
sc,125.0,0,1.0998226287436464e-05,0.999838753403315,1.1342707765413406e+20,7739238253626872.0,1.5357919101745596e+22,8.594029316982623e+21,1.1099497441563753,1.4166879198677795
sc,125.0,0,1.0998261521950722e-05,0.9998419565409749,1.1355467148410156e+20,7710052406550506.0,1.5357919101745596e+22,8.571250866903292e+21,1.1099646315677552,1.4167721288800668
sc,125.0,0,1.0998296210424997e-05,0.9998451100386361,1.1368040717221662e+20,7681300824793383.0,1.5357919101745596e+22,8.548743084854601e+21,1.1099790729957106,1.416855104073827
sc,125.0,0,1.0998330361318067e-05,0.9998482146652787,1.1380430976705887e+20,7652977207632484.0,1.5357919101745596e+22,8.526504000391692e+21,1.109993079565805,1.4169368624487515
sc,125.0,0,1.0998363982957783e-05,0.9998512711779803,1.139264040466584e+20,7625075344144878.0,1.5357919101745596e+22,8.504531618156169e+21,1.1100066621818516,1.4170174208029946
sc,125.0,0,1.099839708354309e-05,0.9998542803220991,1.1404671451903808e+20,7597589111842170.0,1.5357919101745596e+22,8.482823919449888e+21,1.110019831528532,1.4170967957345306
sc,125.0,0,1.0998429671146006e-05,0.999857242831455,1.1416526542278594e+20,7570512475328454.0,1.5357919101745596e+22,8.461378863755434e+21,1.1100325980740522,1.4171750036425492
sc,125.0,0,1.0998461753713601e-05,0.9998601594285093,1.1428208072785715e+20,7543839484978069.0,1.5357919101745596e+22,8.440194390218052e+21,1.1100449720728398,1.4172520607289039
sc,125.0,0,1.0998493339069924e-05,0.9998630308245385,1.1439718413636354e+20,7517564275657461.0,1.5357919101745596e+22,8.419268419098063e+21,1.110056963568259,1.4173279829995324
sc,125.0,0,1.0998524434917892e-05,0.9998658577198084,1.1451059908345199e+20,7491681065464746.0,1.5357919101745596e+22,8.398598853174971e+21,1.1100685823953564,1.4174027862659255
sc,125.0,0,1.0998555048841182e-05,0.9998686408037438,1.1462234873836493e+20,7466184154490025.0,1.5357919101745596e+22,8.378183579114677e+21,1.1100798381836359,1.4174764861466262
sc,125.0,0,1.0998585188306059e-05,0.9998713807550962,1.1473245600548014e+20,7441067923611513.0,1.5357919101745596e+22,8.3580204688039e+21,1.1100907403598452,1.41754909806872
sc,125.0,0,1.0998614860663196e-05,0.9998740782421087,1.1484094352546295e+20,7416326833304891.0,1.5357919101745596e+22,8.338107380637193e+21,1.110101298150787,1.4176206372693676
sc,125.0,0,1.0998644073149468e-05,0.9998767339226788,1.1494783367652437e+20,7391955422483079.0,1.5357919101745596e+22,8.318442160778222e+21,1.1101115205861403,1.4176911187973371
sc,125.0,0,1.0998672832889698e-05,0.9998793484445181,1.1505314857570271e+20,7367948307354286.0,1.5357919101745596e+22,8.299022644376236e+21,1.1101214165012987,1.4177605575145587
sc,125.0,0,1.0998701146898405e-05,0.9998819224453096,1.151569100802095e+20,7344300180303387.0,1.5357919101745596e+22,8.279846656748907e+21,1.1101309945402138,1.4178289680976885
sc,125.0,0,1.0998729022081493e-05,0.9998844565528631,1.1525913978888035e+20,7321005808795497.0,1.5357919101745596e+22,8.260912014533248e+21,1.1101402631582495,1.4178963650396843
sc,125.0,0,1.0998756465237942e-05,0.9998869513852675,1.1535985904365548e+20,7298060034295743.0,1.5357919101745596e+22,8.242216526796867e+21,1.1101492306250382,1.4179627626513978
sc,125.0,0,1.0998783483061462e-05,0.999889407551042,1.1545908893111458e+20,7275457771207355.0,1.5357919101745596e+22,8.223757996111176e+21,1.1101579050273451,1.418028175063185
sc,125.0,0,1.099881008214211e-05,0.9998918256492828,1.1555685028404699e+20,7253194005842113.0,1.5357919101745596e+22,8.20553421960663e+21,1.1101662942719246,1.4180926162264864
sc,125.0,0,1.099883626896791e-05,0.99989420626981,1.1565316368315363e+20,7231263795386594.0,1.5357919101745596e+22,8.187542989974211e+21,1.1101744060883845,1.41815609991548
sc,125.0,0,1.0998862049926409e-05,0.9998965499933099,1.157480494586518e+20,7209662266911428.0,1.5357919101745596e+22,8.16978209645244e+21,1.1101822480320371,1.4182186397286674
sc,125.0,0,1.0998887431306253e-05,0.9998988573914775,1.1584152769205615e+20,7188384616374898.0,1.5357919101745596e+22,8.152249325766388e+21,1.1101898274867545,1.4182802490905326
sc,125.0,0,1.0998912419298702e-05,0.9999011290271548,1.1593361821794517e+20,7167426107660166.0,1.5357919101745596e+22,8.134942463050117e+21,1.1101971516678084,1.4183409412531605
sc,125.0,0,1.0998937019999144e-05,0.9999033654544677,1.1602434062575778e+20,7146782071619341.0,1.5357919101745596e+22,8.117859292726895e+21,1.1102042276247053,1.4184007292978835
sc,125.0,0,1.0998961239408573e-05,0.9999055672189612,1.1611371426162233e+20,7126447905137845.0,1.5357919101745596e+22,8.100997599364418e+21,1.1102110622440093,1.4184596261369193
sc,125.0,0,1.0998985083435049e-05,0.9999077348577318,1.1620175823024875e+20,7106419070212867.0,1.5357919101745596e+22,8.084355168500301e+21,1.1102176622521527,1.4185176445150163
sc,125.0,0,1.0999008557895145e-05,0.9999098688995587,1.1628849139685556e+20,7086691093042687.0,1.5357919101745596e+22,8.067929787435037e+21,1.1102240342182346,1.418574797011112
sc,125.0,0,1.0999031668515347e-05,0.9999119698650316,1.1637393238904496e+20,7067259563142905.0,1.5357919101745596e+22,8.051719246004155e+21,1.1102301845567988,1.4186310960399575
sc,125.0,0,1.099905442093346e-05,0.9999140382666782,1.1645809959880027e+20,7048120132460768.0,1.5357919101745596e+22,8.035721337311323e+21,1.110236119530601,1.4186865538537887
sc,125.0,0,1.0999076820699974e-05,0.9999160746090886,1.1654101118446677e+20,7029268514514537.0,1.5357919101745596e+22,8.01993385844409e+21,1.1102418452533551,1.418741182543963
sc,125.0,0,1.0999098873279417e-05,0.999918079389038,1.166226850727557e+20,7010700483542032.0,1.5357919101745596e+22,8.004354611158419e+21,1.1102473676924596,1.4187949940426112
sc,125.0,0,1.0999120584051686e-05,0.9999200530956078,1.1670313896075221e+20,6992411873663326.0,1.5357919101745596e+22,7.988981402536134e+21,1.1102526926717051,1.4188480001242805
sc,125.0,0,1.0999141958313349e-05,0.9999219962103045,1.1678239031795471e+20,6974398578057637.0,1.5357919101745596e+22,7.97381204562132e+21,1.110257825873958,1.4189002124075745
sc,125.0,0,1.0999163001278949e-05,0.9999239092071772,1.1686045638836466e+20,6956656548146508.0,1.5357919101745596e+22,7.958844360024899e+21,1.1102627728438244,1.4189516423568074
sc,125.0,0,1.0999183718082255e-05,0.9999257925529323,1.1693735419252192e+20,6939181792800612.0,1.5357919101745596e+22,7.944076172515084e+21,1.1102675389902883,1.4190023012836195
sc,125.0,0,1.0999204113777527e-05,0.9999276467070479,1.1701310052960512e+20,6921970377546092.0,1.5357919101745596e+22,7.92950531757219e+21,1.1102721295893254,1.4190522003486283
sc,125.0,0,1.0999224193340739e-05,0.9999294721218854,1.1708771197952691e+20,6905018423787668.0,1.5357919101745596e+22,7.915129637925815e+21,1.1102765497864933,1.4191013505630583
sc,125.0,0,1.0999243961670792e-05,0.9999312692427993,1.1716120490502617e+20,6888322108049126.0,1.5357919101745596e+22,7.900946985074921e+21,1.1102808045994927,1.4191497627903469
sc,125.0,0,1.0999263423590703e-05,0.9999330385082457,1.172335954537927e+20,6871877661216199.0,1.5357919101745596e+22,7.886955219778053e+21,1.110284898920703,1.4191974477477727
sc,125.0,0,1.099928258384879e-05,0.9999347803498899,1.1730489956060935e+20,6855681367786055.0,1.5357919101745596e+22,7.87315221251723e+21,1.1102888375196929,1.4192444160080888
sc,125.0,0,1.0999301447119812e-05,0.9999364951927101,1.17375132949405e+20,6839729565150798.0,1.5357919101745596e+22,7.859535843961727e+21,1.110292625045696,1.4192906780010832
sc,125.0,0,1.0999320018006121e-05,0.999938183455102,1.1744431113545389e+20,6824018642859906.0,1.5357919101745596e+22,7.846104005384722e+21,1.110296266030065,1.4193362440152215
sc,125.0,0,1.0999338301038783e-05,0.9999398455489803,1.175124494274897e+20,6808545041914666.0,1.5357919101745596e+22,7.832854599079359e+21,1.1102997648886932,1.4193811241992218
sc,125.0,0,1.0999356300678668e-05,0.9999414818798789,1.1757956292982053e+20,6793305254067396.0,1.5357919101745596e+22,7.819785538748949e+21,1.1103031259244036,1.4194253285636342
sc,125.0,0,1.0999374021317546e-05,0.9999430928470496,1.1764566654447601e+20,6778295821126675.0,1.5357919101745596e+22,7.806894749876446e+21,1.110306353329312,1.4194688669824276
sc,125.0,0,1.0999391467279158e-05,0.9999446788435599,1.1771077497333364e+20,6763513334275260.0,1.5357919101745596e+22,7.794180170077681e+21,1.1103094511871578,1.4195117491945535
sc,125.0,0,1.0999408642820265e-05,0.9999462402563877,1.1777490272024707e+20,6748954433398405.0,1.5357919101745596e+22,7.781639749437952e+21,1.1103124234756026,1.4195539848055043
sc,125.0,0,1.0999425552131683e-05,0.9999477774665166,1.1783806409320061e+20,6734615806416301.0,1.5357919101745596e+22,7.769271450827776e+21,1.1103152740684976,1.419595583288874
sc,125.0,0,1.0999442199339309e-05,0.9999492908490282,1.179002732064063e+20,6720494188633153.0,1.5357919101745596e+22,7.757073250205759e+21,1.1103180067381224,1.4196365539878883
sc,125.0,0,1.0999458588505128e-05,0.9999507807731934,1.1796154398244882e+20,6706586362085438.0,1.5357919101745596e+22,7.745043136898819e+21,1.1103206251573874,1.4196769061169536
sc,125.0,0,1.0999474723628188e-05,0.9999522476025626,1.1802189015437412e+20,6692889154911140.0,1.5357919101745596e+22,7.733179113876145e+21,1.1103231329020062,1.4197166487631614
sc,125.0,0,1.0999490608645592e-05,0.9999536916950538,1.1808132526780948e+20,6679399440718335.0,1.5357919101745596e+22,7.721479197999635e+21,1.1103255334526367,1.4197557908878093
sc,125.0,0,1.0999506247433445e-05,0.9999551134030404,1.1813986268310056e+20,6666114137959936.0,1.5357919101745596e+22,7.70994142025888e+21,1.1103278301969879,1.419794341327918
sc,125.0,0,1.0999521643807803e-05,0.9999565130734367,1.1819751557736124e+20,6653030209329816.0,1.5357919101745596e+22,7.698563826000339e+21,1.1103300264318954,1.4198323087976996
sc,125.0,0,1.0999536801525606e-05,0.9999578910477824,1.1825429694659874e+20,6640144661150621.0,1.5357919101745596e+22,7.687344475130071e+21,1.1103321253653637,1.4198697018900648
sc,125.0,0,1.0999551724285584e-05,0.9999592476623258,1.1831021960775623e+20,6627454542785923.0,1.5357919101745596e+22,7.676281442315758e+21,1.1103341301185767,1.41990652907807
sc,125.0,0,1.0999566415729164e-05,0.9999605832481058,1.1836529620081528e+20,6614956946045091.0,1.5357919101745596e+22,7.66537281716305e+21,1.110336043727874,1.4199427987163975
sc,125.0,0,1.0999580879441357e-05,0.9999618981310325,1.1841953919084369e+20,6602649004606057.0,1.5357919101745596e+22,7.654616704387645e+21,1.110337869146697,1.419978519042799
sc,125.0,0,1.0999595118951634e-05,0.9999631926319668,1.184729608700468e+20,6590527893442938.0,1.5357919101745596e+22,7.644011223972251e+21,1.110339609247499,1.4200136981795282
sc,125.0,0,1.099960913773478e-05,0.9999644670667982,1.1852557335981928e+20,6578590828257597.0,1.5357919101745596e+22,7.633554511308917e+21,1.1103412668236283,1.4200483441347815
sc,125.0,0,1.0999622939211742e-05,0.9999657217465221,1.185773886127469e+20,6566835064926707.0,1.5357919101745596e+22,7.623244717335368e+21,1.1103428445911707,1.4200824648040962
sc,125.0,0,1.099963652675047e-05,0.9999669569773154,1.1862841841464366e+20,6555257898946724.0,1.5357919101745596e+22,7.613080008653378e+21,1.1103443451907693,1.4201160679717681
sc,125.0,0,1.0999649903666725e-05,0.9999681730606114,1.1867867438655218e+20,6543856664891173.0,1.5357919101745596e+22,7.603058567639656e+21,1.110345771189405,1.4201491613122421
sc,125.0,0,1.0999663073224897e-05,0.9999693702931725,1.187281679867161e+20,6532628735878397.0,1.5357919101745596e+22,7.593178592549728e+21,1.1103471250821457,1.420181752391479
sc,125.0,0,1.0999676038638799e-05,0.9999705489671635,1.1877691051259542e+20,6521571523035128.0,1.5357919101745596e+22,7.583438297601833e+21,1.1103484092938702,1.4202138486683467
sc,125.0,0,1.0999688803072447e-05,0.9999717093702224,1.188249131028018e+20,6510682474979062.0,1.5357919101745596e+22,7.573835913060773e+21,1.1103496261809507,1.4202454574959587
sc,125.0,0,1.0999701369640831e-05,0.9999728517855301,1.1887218673905523e+20,6499959077302194.0,1.5357919101745596e+22,7.56436968530808e+21,1.1103507780329114,1.420276586123023
sc,125.0,0,1.0999713741410678e-05,0.9999739764918798,1.1891874224812017e+20,6489398852061354.0,1.5357919101745596e+22,7.555037876901923e+21,1.1103518670740538,1.4203072416951754
sc,125.0,0,1.0999725921401199e-05,0.9999750837637453,1.1896459030374105e+20,6478999357272226.0,1.5357919101745596e+22,7.545838766626902e+21,1.110352895465049,1.4203374312563068
sc,125.0,0,1.0999737912584815e-05,0.9999761738713469,1.1900974142851252e+20,6468758186422893.0,1.5357919101745596e+22,7.536770649545882e+21,1.1103538653045022,1.4203671617498461
sc,125.0,0,1.09997497178879e-05,0.9999772470807182,1.190542059958252e+20,6458672967971089.0,1.5357919101745596e+22,7.527831837023792e+21,1.110354778630486,1.4203964400200912
sc,125.0,0,1.0999761340191477e-05,0.9999783036537706,1.1909799423170055e+20,6448741364872102.0,1.5357919101745596e+22,7.51902065676491e+21,1.110355637422041,1.4204252728134608
sc,125.0,0,1.099977278233193e-05,0.9999793438483573,1.1914111621668776e+20,6438961074092651.0,1.5357919101745596e+22,7.510335452824619e+21,1.110356443600652,1.42045366677979
sc,125.0,0,1.099978404710169e-05,0.9999803679183354,1.1918358188766424e+20,6429329826150266.0,1.5357919101745596e+22,7.50177458563043e+21,1.1103571990316894,1.4204816284735593
sc,125.0,0,1.0999795137249921e-05,0.9999813761136291,1.1922540103971704e+20,6419845384637238.0,1.5357919101745596e+22,7.493336431977445e+21,1.110357905525823,1.4205091643551724
sc,125.0,0,1.0999806055483183e-05,0.9999823686802893,1.1926658332791472e+20,6410505545771030.0,1.5357919101745596e+22,7.485019385034457e+21,1.1103585648404095,1.420536280792162
sc,125.0,0,1.0999816804466099e-05,0.9999833458605545,1.1930713826913504e+20,6401308137935483.0,1.5357919101745596e+22,7.476821854330946e+21,1.1103591786808473,1.4205629840604286
sc,125.0,0,1.0999827386822005e-05,0.9999843078929096,1.193470752438465e+20,6392251021233262.0,1.5357919101745596e+22,7.468742265741392e+21,1.1103597487019066,1.420589280345449
sc,125.0,0,1.0999837805133577e-05,0.9999852550121434,1.1938640349783777e+20,6383332087053411.0,1.5357919101745596e+22,7.460779061473095e+21,1.1103602765090292,1.4206151757434473
sc,125.0,0,1.0999848061943478e-05,0.9999861874494071,1.1942513214402668e+20,6374549257622581.0,1.5357919101745596e+22,7.45293070002735e+21,1.110360763659603,1.4206406762626158
sc,125.0,0,1.0999858159754965e-05,0.9999871054322695,1.1946327016414549e+20,6365900485585833.0,1.5357919101745596e+22,7.445195656177346e+21,1.1103612116642059,1.4206657878242555
sc,125.0,0,1.0999868101032505e-05,0.9999880091847732,1.19500826410484e+20,6357383753575758.0,1.5357919101745596e+22,7.437572420924278e+21,1.1103616219878285,1.4206905162639523
sc,125.0,0,1.0999877888202374e-05,0.9999888989274885,1.19537809607574e+20,6348997073796962.0,1.5357919101745596e+22,7.430059501458135e+21,1.1103619960510638,1.4207148673327135
sc,125.0,0,1.0999887523653253e-05,0.9999897748775685,1.1957422835389206e+20,6340738487608900.0,1.5357919101745596e+22,7.422655421106613e+21,1.1103623352312766,1.4207388466981135
sc,125.0,0,1.0999897009736801e-05,0.9999906372488001,1.196100911234941e+20,6332606065124128.0,1.5357919101745596e+22,7.415358719288517e+21,1.1103626408637428,1.4207624599453952
sc,125.0,0,1.0999906348768236e-05,0.9999914862516579,1.1964540626769478e+20,6324597904799258.0,1.5357919101745596e+22,7.408167951451354e+21,1.110362914242767,1.4207857125785974
sc,125.0,0,1.09999155430269e-05,0.9999923220933546,1.196801820166936e+20,6316712133039059.0,1.5357919101745596e+22,7.401081689011919e+21,1.110363156622773,1.4208086100216482
sc,125.0,0,1.099992459475681e-05,0.9999931449778918,1.1971442648118328e+20,6308946903805599.0,1.5357919101745596e+22,7.394098519292299e+21,1.1103633692193695,1.4208311576194435
sc,125.0,0,1.0999933506167206e-05,0.9999939551061097,1.1974814765396034e+20,6301300398228419.0,1.5357919101745596e+22,7.3872170454484e+21,1.1103635532103946,1.4208533606389275
sc,125.0,0,1.0999942279433094e-05,0.9999947526757358,1.1978135341149716e+20,6293770824224757.0,1.5357919101745596e+22,7.380435886399741e+21,1.110363709736932,1.4208752242701466
sc,125.0,0,1.0999950916695772e-05,0.9999955378814338,1.1981405151552032e+20,6286356416118924.0,1.5357919101745596e+22,7.373753676749497e+21,1.1103638399043094,1.4208967536273065
sc,125.0,0,1.0999959420063353e-05,0.9999963109148503,1.1984624961454073e+20,6279055434274139.0,1.5357919101745596e+22,7.36716906670831e+21,1.1103639447830667,1.4209179537497967
sc,125.0,0,1.0999967791611283e-05,0.999997071964662,1.1987795524540387e+20,6271866164721307.0,1.5357919101745596e+22,7.360680722008621e+21,1.11036402540991,1.4209388296032264
sc,125.0,0,1.0999976033382838e-05,0.9999978212166216,1.199091758347961e+20,6264786918797930.0,1.5357919101745596e+22,7.354287323819181e+21,1.1103640827886372,1.4209593860804324
sc,125.0,0,1.099998414738963e-05,0.9999985588536029,1.1993991870074012e+20,6257816032791034.0,1.5357919101745596e+22,7.347987568657201e+21,1.1103641178910435,1.420979628002477
sc,125.0,0,1.0999992135612104e-05,0.9999992850556458,1.1997019105409514e+20,6250951867579900.0,1.5357919101745596e+22,7.341780168293073e+21,1.1103641316578063,1.4209995601196495
sc,125.0,0,1.1e-05,1.0,1.2e+20,6244192808292149.0,1.5357919101745596e+22,7.335663849659951e+21,1.1103641249993488,1.4210191871124294
oc,125.0,1.0768195298960315,0.0,0.0,1932272504512182.0,1.2e+20,1.5357919101745596e+22,2.2700294488373998e+21,1.1465472067465226,0.0
oc,125.0,1.0768195298960315,7.86438789518451e-12,7.149443541076828e-07,1935152276615899.5,1.199731087909171e+20,1.5357919101745596e+22,2.272903141932672e+21,1.1465472067465226,2.1482831891624765e-05
oc,125.0,1.0768195298960315,1.5852610367572685e-11,1.4411463970520622e-06,1938077952893093.5,1.199457990622511e+20,1.5357919101745596e+22,2.2758212818111593e+21,1.146547183478285,4.330001043736547e-05
oc,125.0,1.0768195298960315,2.3966617162196613e-11,2.1787833783815103e-06,1941050274025175.2,1.1991806438167681e+20,1.5357919101745596e+22,2.2787845430160258e+21,1.1465471359146548,6.545667610663343e-05
oc,125.0,1.0768195298960315,3.2208388717036575e-11,2.9280353379124158e-06,1944069992931903.2,1.1988989822065125e+20,1.5357919101745596e+22,2.2817936099179873e+21,1.1465470629947139,8.795804640669732e-05
oc,125.0,1.0768195298960315,4.0579936646634174e-11,3.689085149694016e-06,1947137874982993.8,1.1986129395305955e+20,1.5357919101745596e+22,2.284849176845655e+21,1.1465469636228327,0.00011080941697548635
oc,125.0,1.0768195298960315,4.9083304228147994e-11,4.462118566195272e-06,1950254698211809.8,1.1983224485386274e+20,1.5357919101745596e+22,2.2879519482152134e+21,1.1465468366676996,0.00013401616267374105
oc,125.0,1.0768195298960315,5.7720566905727906e-11,5.247324264157083e-06,1953421253536867.8,1.1980274409769291e+20,1.5357919101745596e+22,2.2911026386651453e+21,1.1465466809613283,0.0001575837387196176
oc,125.0,1.0768195298960315,6.649383279366816e-11,6.044893890333469e-06,1956638344984260.8,1.1977278475746363e+20,1.5357919101745596e+22,2.2943019731891386e+21,1.1465464952980398,0.00018151768181216908
oc,125.0,1.0768195298960315,7.540524319055164e-11,6.855022108231967e-06,1959906789915302.0,1.1974235980295319e+20,1.5357919101745596e+22,2.297550687271226e+21,1.1465462784334233,0.00020582361127680077
oc,125.0,1.0768195298960315,8.44569730995004e-11,7.677906645409127e-06,1963227419257709.8,1.1971146209937875e+20,1.5357919101745596e+22,2.3008495270214456e+21,1.1465460290832712,0.0002305072302191181
oc,125.0,1.0768195298960315,9.365123176369172e-11,8.513748342153793e-06,1966601077743826.0,1.1968008440593036e+20,1.5357919101745596e+22,2.3041992493155505e+21,1.1465457459224906,0.000255574326711886
oc,125.0,1.0768195298960315,1.0299026319943172e-10,9.362751199948338e-06,1970028624149316.0,1.1964821937432525e+20,1.5357919101745596e+22,2.3076006219317694e+21,1.1465454275839888,0.0002810307749665422
oc,125.0,1.0768195298960315,1.1247634674693696e-10,1.0225122431539724e-05,1973510931539789.8,1.1961585954731301e+20,1.5357919101745596e+22,2.311054423692475e+21,1.1465450726575361,0.0003068825365439426
oc,125.0,1.0768195298960315,1.2211179762539047e-10,1.1101072511399135e-05,1977048887520495.0,1.195829973571799e+20,1.5357919101745596e+22,2.31456144460513e+21,1.1465446796885996,0.000333135661567422
oc,125.0,1.0768195298960315,1.3189896749532525e-10,1.199081522684775e-05,1980643394490255.5,1.1954962512424115e+20,1.5357919101745596e+22,2.3181224860043172e+21,1.1465442471771532,0.00035979628994621223
oc,125.0,1.0768195298960315,1.418402450356626e-10,1.2894567730514783e-05,1984295369902429.5,1.1951573505529736e+20,1.5357919101745596e+22,2.3217383606969374e+21,1.1465437735764619,0.00038687065262887834
oc,125.0,1.0768195298960315,1.519380565219719e-10,1.3812550592906536e-05,1988005746527918.0,1.1948131924210042e+20,1.5357919101745596e+22,2.3254098931057833e+21,1.1465432572918368,0.00041436507284986767
oc,125.0,1.0768195298960315,1.6219486642243818e-10,1.474498785658529e-05,1991775472726394.2,1.1944636965977412e+20,1.5357919101745596e+22,2.3291379194173367e+21,1.1465426966793655,0.0004422859674137614
oc,125.0,1.0768195298960315,1.7261317799505126e-10,1.5692107090459206e-05,1995605512719795.0,1.194108781652461e+20,1.5357919101745596e+22,2.3329232877281183e+21,1.1465420900446137,0.00047063984797200085
oc,125.0,1.0768195298960315,1.8319553390006016e-10,1.6654139445460014e-05,1999496846873226.0,1.1937483649564307e+20,1.5357919101745596e+22,2.336766858193974e+21,1.1465414356412988,0.0004994333223299952
oc,125.0,1.0768195298960315,1.939445168173126e-10,1.7631319710664783e-05,2003450471979502.2,1.1933823626668415e+20,1.5357919101745596e+22,2.340669503178989e+21,1.1465407316699368,0.0005286730957560055
oc,125.0,1.0768195298960315,2.0486275007947086e-10,1.8623886370860987e-05,2007467401551514.2,1.1930106897103757e+20,1.5357919101745596e+22,2.3446321074076377e+21,1.146539976276458,0.0005583659723213534
oc,125.0,1.0768195298960315,2.159528983095016e-10,1.9632081664500145e-05,2011548666118114.2,1.1926332597667999e+20,1.5357919101745596e+22,2.3486555681161316e+21,1.1465391675507977,0.0005885188562400222
oc,125.0,1.0768195298960315,2.2721766807037856e-10,2.065615164276169e-05,2015695313526676.8,1.1922499852523187e+20,1.5357919101745596e+22,2.3527407952055805e+21,1.146538303525453,0.0006191387532288685
oc,125.0,1.0768195298960315,2.3865980852272316e-10,2.169634622933847e-05,2019908409250646.2,1.1918607773028436e+20,1.5357919101745596e+22,2.3568887113953323e+21,1.1465373821740144,0.0006502327718764334
oc,125.0,1.0768195298960315,2.5028211210015303e-10,2.2752919281832096e-05,2024189036705811.0,1.1914655457568486e+20,1.5357919101745596e+22,2.3611002523801692e+21,1.146536401409664,0.0006818081250464998
oc,125.0,1.0768195298960315,2.6208741518463083e-10,2.382612865314826e-05,2028538297568998.8,1.1910641991384333e+20,1.5357919101745596e+22,2.36537636698482e+21,1.146535359083646,0.0007138721312678572
oc,125.0,1.0768195298960315,2.7407859880196337e-10,2.4916236254723945e-05,2032957312106387.0,1.1906566446398706e+20,1.5357919101745596e+22,2.3697180173224473e+21,1.1465342529837053,0.0007464322161646079
oc,125.0,1.0768195298960315,2.8625858932157523e-10,2.60235081201432e-05,2037447219505948.0,1.1902427881042289e+20,1.5357919101745596e+22,2.374126178952203e+21,1.1465330808324947,0.0007794959138834375
oc,125.0,1.0768195298960315,2.986303591691053e-10,2.7148214469918663e-05,2042009178217034.0,1.1898225340077747e+20,1.5357919101745596e+22,2.3786018410379194e+21,1.1465318402859543,0.0008130708685406288
oc,125.0,1.0768195298960315,3.1119692755365857e-10,2.8290629777605325e-05,2046644366298107.5,1.1893957854421008e+20,1.5357919101745596e+22,2.3831460065093914e+21,1.1465305289316554,0.0008471648356933137
oc,125.0,1.0768195298960315,3.239613612005532e-10,2.9451032836413926e-05,2051353981769056.5,1.1889624440962936e+20,1.5357919101745596e+22,2.3877596922221167e+21,1.1465291442871144,0.0008817856838096269
oc,125.0,1.0768195298960315,3.3692677510299696e-10,3.062970682754518e-05,2056139242973408.0,1.1885224102387137e+20,1.5357919101745596e+22,2.3924439291206435e+21,1.1465276837980758,0.0009169413957737215
oc,125.0,1.0768195298960315,3.5009633327559573e-10,3.182693938869052e-05,2061001388944090.0,1.1880755826989354e+20,1.5357919101745596e+22,2.397199762399275e+21,1.1465261448367619,0.0009526400703787585
oc,125.0,1.0768195298960315,3.634732495304549e-10,3.304302268458681e-05,2065941679780391.8,1.1876218588491606e+20,1.5357919101745596e+22,2.402028251667065e+21,1.14652452470009,0.0009888899238636563
oc,125.0,1.0768195298960315,3.770607882569443e-10,3.427825347790403e-05,2070961397029451.0,1.1871611345857765e+20,1.5357919101745596e+22,2.406930471110805e+21,1.1465228206078584,0.0010256992914417296
oc,125.0,1.0768195298960315,3.908622652197824e-10,3.55329332017984e-05,2076061844077561.2,1.1866933043105674e+20,1.5357919101745596e+22,2.4119075096604794e+21,1.1465210297008976,0.0010630766288603948
oc,125.0,1.0768195298960315,4.048810483650578e-10,3.680736803318707e-05,2081244346547846.0,1.1862182609119298e+20,1.5357919101745596e+22,2.4169604711541884e+21,1.1465191490391915,0.0011010305139632385
oc,125.0,1.0768195298960315,4.191205586421276e-10,3.8101868967466146e-05,2086510252707089.0,1.1857358957458606e+20,1.5357919101745596e+22,2.4220904745044714e+21,1.146517175599961,0.0011395696482753722
oc,125.0,1.0768195298960315,4.335842708358961e-10,3.9416751894172375e-05,2091860933880013.0,1.1852460986168599e+20,1.5357919101745596e+22,2.4272986538644744e+21,1.1465151062757208,0.0011787028585965803
oc,125.0,1.0768195298960315,4.482757144155802e-10,4.075233767414366e-05,2097297784873204.5,1.1847487577585612e+20,1.5357919101745596e+22,2.432586158795671e+21,1.1465129378722951,0.001218439098618175
oc,125.0,1.0768195298960315,4.631984743932449e-10,4.210895221756772e-05,2102822224406328.8,1.1842437598143706e+20,1.5357919101745596e+22,2.437954154434683e+21,1.1465106671068084,0.0012587874505447334
oc,125.0,1.0768195298960315,4.783561921957724e-10,4.348692656325204e-05,2108435695552268.2,1.1837309898179674e+20,1.5357919101745596e+22,2.443403821660562e+21,1.1465082906056345,0.0012997571267299888
oc,125.0,1.0768195298960315,4.937525665545395e-10,4.488659695950359e-05,2114139666187774.8,1.1832103311735633e+20,1.5357919101745596e+22,2.448936357263841e+21,1.146505804902319,0.0013413574713377423
oc,125.0,1.0768195298960315,5.093913544079176e-10,4.630830494617433e-05,2119935629453027.2,1.1826816656360802e+20,1.5357919101745596e+22,2.4545529741153974e+21,1.1465032064354628,0.001383597962013885
oc,125.0,1.0768195298960315,5.252763718117115e-10,4.775239743742832e-05,2125825104218548.5,1.1821448732913592e+20,1.5357919101745596e+22,2.4602549013333855e+21,1.1465004915465762,0.0014264882115556305
oc,125.0,1.0768195298960315,5.414114948721904e-10,4.9219226806562766e-05,2131809635564586.8,1.1815998325360019e+20,1.5357919101745596e+22,2.466043384452929e+21,1.1464976564778973,0.0014700379696168109
oc,125.0,1.0768195298960315,5.578006606901109e-10,5.0709150971828265e-05,2137890795269340.8,1.1810464200572255e+20,1.5357919101745596e+22,2.471919685594695e+21,1.1464946973701766,0.0015142571244171298
oc,125.0,1.0768195298960315,5.744478683175624e-10,5.222253348341477e-05,2144070182306604.5,1.1804845108126953e+20,1.5357919101745596e+22,2.477885083632856e+21,1.1464916102604301,0.00155915570445955
oc,125.0,1.0768195298960315,5.91357179736185e-10,5.375974361238045e-05,2150349423356151.0,1.1799139780100606e+20,1.5357919101745596e+22,2.483940874365068e+21,1.1464883910796568,0.0016047438802780742
oc,125.0,1.0768195298960315,6.085327208414926e-10,5.532115644013569e-05,2156730173321703.8,1.1793346930866261e+20,1.5357919101745596e+22,2.4900883706791026e+21,1.1464850356505254,0.0016510319661739187
oc,125.0,1.0768195298960315,6.259786824534542e-10,5.690715295031401e-05,2163214115863504.2,1.1787465256886021e+20,1.5357919101745596e+22,2.4963289027228315e+21,1.1464815396850265,0.0016980304219935626
oc,125.0,1.0768195298960315,6.436993213319586e-10,5.851812012108715e-05,2169802963938184.2,1.1781493436506461e+20,1.5357919101745596e+22,2.5026638180698643e+21,1.1464778987820927,0.001745749854890191
oc,125.0,1.0768195298960315,6.61698961216095e-10,6.0154451019645006e-05,2176498460353097.2,1.1775430129751048e+20,1.5357919101745596e+22,2.50909448188786e+21,1.146474108425185,0.0017942010211186483
oc,125.0,1.0768195298960315,6.799819938774765e-10,6.181654489795241e-05,2183302378331546.0,1.1769273978112223e+20,1.5357919101745596e+22,2.5156222771053084e+21,1.1464701639798505,0.0018433948278366462
oc,125.0,1.0768195298960315,6.985528801894402e-10,6.350480728994912e-05,2190216522090081.5,1.1763023604342558e+20,1.5357919101745596e+22,2.522248604577369e+21,1.146466060691243,0.0018933423349162084
oc,125.0,1.0768195298960315,7.174161512115141e-10,6.521965011013764e-05,2197242727427367.5,1.1756677612246219e+20,1.5357919101745596e+22,2.5289748832503595e+21,1.1464617936816164,0.0019440547567627481
oc,125.0,1.0768195298960315,7.365764092976956e-10,6.696149175433597e-05,2204382862328251.8,1.1750234586467954e+20,1.5357919101745596e+22,2.5358025503278907e+21,1.1464573579477846,0.0019955434641637498
oc,125.0,1.0768195298960315,7.560383292083972e-10,6.873075720076338e-05,2211638827575843.8,1.1743693092286548e+20,1.5357919101745596e+22,2.5427330614310905e+21,1.1464527483585525,0.0020478199861118512
oc,125.0,1.0768195298960315,7.758066592602475e-10,7.052787811456795e-05,2219012557384546.5,1.1737051675399987e+20,1.5357919101745596e+22,2.549767890764978e+21,1.1464479596521147,0.002100896011693168
oc,125.0,1.0768195298960315,7.958862224722307e-10,7.235329295202098e-05,2226506020038772.8,1.1730308861718051e+20,1.5357919101745596e+22,2.556908531275913e+21,1.1464429864334251,0.002154783391928189
oc,125.0,1.0768195298960315,8.162819177441882e-10,7.420744706765348e-05,2234121218550783.5,1.1723463157150384e+20,1.5357919101745596e+22,2.564156494812776e+21,1.14643782317154,0.0022094941416609237
oc,125.0,1.0768195298960315,8.369987210505857e-10,7.609079282278053e-05,2241860191331712.2,1.1716513047396046e+20,1.5357919101745596e+22,2.571513312285501e+21,1.1464324641969272,0.00226504044144919
oc,125.0,1.0768195298960315,8.580416866495465e-10,7.800378969541333e-05,2249725012876170.0,1.170945699773291e+20,1.5357919101745596e+22,2.578980533820625e+21,1.146426903698753,0.0023214346394548873
oc,125.0,1.0768195298960315,8.794159483138664e-10,7.994690439216967e-05,2257717794463207.0,1.1702293452806654e+20,1.5357919101745596e+22,2.5865597289165415e+21,1.146421135722138,0.002378689253351048
oc,125.0,1.0768195298960315,9.011267205821794e-10,8.19206109620163e-05,2265840684872847.0,1.1695020836420375e+20,1.5357919101745596e+22,2.5942524865967224e+21,1.146415154165388,0.0024368169722394912
oc,125.0,1.0768195298960315,9.231793000253896e-10,8.392539091139906e-05,2274095871116797.0,1.1687637551326385e+20,1.5357919101745596e+22,2.6020604155595457e+21,1.146408952777199,0.002495830658564712
oc,125.0,1.0768195298960315,9.455790665399698e-10,8.596173332181545e-05,2282485579188244.5,1.1680141979014588e+20,1.5357919101745596e+22,2.609985144328113e+21,1.146402525153838,0.002555743350053736
oc,125.0,1.0768195298960315,9.683314846528623e-10,8.803013496844203e-05,2291012074825283.0,1.1672532479505179e+20,1.5357919101745596e+22,2.6180283213949583e+21,1.1463958647362984,0.002616568261639732
oc,125.0,1.0768195298960315,9.914421048550782e-10,9.013110044137074e-05,2299677664294397.5,1.1664807391140413e+20,1.5357919101745596e+22,2.6261916153671933e+21,1.1463889648074341,0.002678318787413722
oc,125.0,1.0768195298960315,1.014916564950563e-09,9.226514226823301e-05,2308484695189207.5,1.1656965030378353e+20,1.5357919101745596e+22,2.634476715106364e+21,1.1463818184890706,0.0027410085025670193
oc,125.0,1.0768195298960315,1.0387605914276564e-09,9.443278103887787e-05,2317435557248043.0,1.1649003691586285e+20,1.5357919101745596e+22,2.642885329866066e+21,1.1463744187390952,0.0028046511653425205
oc,125.0,1.0768195298960315,1.0629800008555845e-09,9.663454553232587e-05,2326532683191609.0,1.1640921646835483e+20,1.5357919101745596e+22,2.651419189428271e+21,1.1463667583485284,0.002869260718999835
oc,125.0,1.0768195298960315,1.0875807012974414e-09,9.887097284522195e-05,2335778549577349.5,1.1632717145699895e+20,1.5357919101745596e+22,2.6600800442341356e+21,1.146358829938575,0.0029348512937698826
oc,125.0,1.0768195298960315,1.1125686937469846e-09,0.00010114260852245316,2345175677673685.0,1.1624388415053595e+20,1.5357919101745596e+22,2.668869665511266e+21,1.1463506259576604,0.0030014372088169212
oc,125.0,1.0768195298960315,1.1379500735910763e-09,0.00010345000669009785,2354726634355939.5,1.1615933658869962e+20,1.5357919101745596e+22,2.677789845399037e+21,1.1463421386784478,0.003069032974211233
oc,125.0,1.0768195298960315,1.1637310320904425e-09,0.00010579373019004024,2364434033021136.5,1.160735105802593e+20,1.5357919101745596e+22,2.6868423970687565e+21,1.1463333601948433,0.0031376532928912497
oc,125.0,1.0768195298960315,1.1899178578885228e-09,0.00010817435071713843,2374300534525339.5,1.159863877010448e+20,1.5357919101745596e+22,2.696029154840595e+21,1.1463242824189857,0.0032073130626394126
oc,125.0,1.0768195298960315,1.2165169385374153e-09,0.00011059244895794684,2384328848140232.0,1.1589794929201771e+20,1.5357919101745596e+22,2.705351974293704e+21,1.1463148970782266,0.0032780273780407283
oc,125.0,1.0768195298960315,1.243534762056797e-09,0.0001130486147324361,2394521732535724.5,1.158081764573606e+20,1.5357919101745596e+22,2.714812732375895e+21,1.1463051957120978,0.0033498115324644313
oc,125.0,1.0768195298960315,1.2709779185062774e-09,0.00011554344713693432,2404881996781336.0,1.1571705006260917e+20,1.5357919101745596e+22,2.7244133275042767e+21,1.1462951696692725,0.003422681020014913
oc,125.0,1.0768195298960315,1.2988531015943882e-09,0.00011807755469039893,2415412501374862.5,1.1562455073276987e+20,1.5357919101745596e+22,2.734155679663958e+21,1.1462848101045175,0.0034966515375116723
oc,125.0,1.0768195298960315,1.327167110300398e-09,0.00012065155548185436,2426116159291040.5,1.1553065885053808e+20,1.5357919101745596e+22,2.744041730498403e+21,1.1462741079756416,0.0035717389864330386
oc,125.0,1.0768195298960315,1.3559268505321519e-09,0.00012326607732110473,2436995937059283.5,1.1543535455449173e+20,1.5357919101745596e+22,2.7540734433976595e+21,1.1462630540404404,0.0036479594748832582
oc,125.0,1.0768195298960315,1.3851393368040642e-09,0.00012592175789127857,2448054855863959.0,1.1533861773733782e+20,1.5357919101745596e+22,2.764252803577554e+21,1.146251638853638,0.003725329319538713
oc,125.0,1.0768195298960315,1.4148116939419752e-09,0.00012861924490381593,2459295992671190.0,1.1524042804422776e+20,1.5357919101745596e+22,2.7745818181542336e+21,1.1462398527638316,0.0038038650475889675
oc,125.0,1.0768195298960315,1.4449511588185415e-09,0.00013135919625623105,2470722481384532.0,1.1514076487106745e+20,1.5357919101745596e+22,2.7850625162129194e+21,1.1462276859104363,0.0038835833986801383
oc,125.0,1.0768195298960315,1.475565082107555e-09,0.0001341422801915959,2482337514024634.0,1.1503960736291114e+20,1.5357919101745596e+22,2.795696948867027e+21,1.1462151282206372,0.003964501326827643
oc,125.0,1.0768195298960315,1.5066609300761201e-09,0.00013696917546146548,2494144341940924.0,1.1493693441239205e+20,1.5357919101745596e+22,2.8064871893138345e+21,1.146202169406344,0.004046636002346098
oc,125.0,1.0768195298960315,1.5382462863975932e-09,0.0001398405714906903,2506146277050422.5,1.1483272465818529e+20,1.5357919101745596e+22,2.817435332880206e+21,1.146188798961158,0.004130004813748767
oc,125.0,1.0768195298960315,1.5703288539944404e-09,0.00014275716854494913,2518346693106845.0,1.1472695648355693e+20,1.5357919101745596e+22,2.8285434970614037e+21,1.1461750061573506,0.004214625369638361
oc,125.0,1.0768195298960315,1.602916456910408e-09,0.0001457196779009462,2530749027000035.5,1.1461960801495943e+20,1.5357919101745596e+22,2.839813821551413e+21,1.1461607800428522,0.004300515500585111
oc,125.0,1.0768195298960315,1.636017042215665e-09,0.0001487288220196059,2543356780089376.0,1.1451065712065348e+20,1.5357919101745596e+22,2.851248468266159e+21,1.1461461094382597,0.004387693260999153
oc,125.0,1.0768195298960315,1.6696386819333165e-09,0.00015178533472121059,2556173519566391.0,1.14400081409468e+20,1.5357919101745596e+22,2.8628496213562056e+21,1.1461309829338622,0.004476176930964089
oc,125.0,1.0768195298960315,1.703789575003778e-09,0.0001548899613639798,2569202879852922.0,1.1428785822955205e+20,1.5357919101745596e+22,2.874619487210752e+21,1.1461153888866875,0.004565985018072467
oc,125.0,1.0768195298960315,1.738478049276626e-09,0.00015804345902514783,2582448564033533.0,1.1417396466724653e+20,1.5357919101745596e+22,2.8865602944529214e+21,1.1460993154175723,0.004657136259233072
oc,125.0,1.0768195298960315,1.7737125635354234e-09,0.0001612465966850385,2595914345323769.5,1.1405837754601495e+20,1.5357919101745596e+22,2.898674293925374e+21,1.1460827504082594,0.004749649622461684
oc,125.0,1.0768195298960315,1.8095017095494103e-09,0.00016450015541358276,2609604068572241.0,1.1394107342545173e+20,1.5357919101745596e+22,2.9109637586624273e+21,1.1460656814985246,0.004843544308636369
oc,125.0,1.0768195298960315,1.845854214164888e-09,0.00016780492856044438,2623521651804162.0,1.1382202860039242e+20,1.5357919101745596e+22,2.9234309838564916e+21,1.146048096083335,0.004938839753248038
oc,125.0,1.0768195298960315,1.8827789414216367e-09,0.00017116172194742152,2637671087800037.5,1.1370121910007962e+20,1.5357919101745596e+22,2.9360782868086705e+21,1.146029981310043,0.005035555628104736
oc,125.0,1.0768195298960315,1.9202848947090234e-09,0.00017457135406445667,2652056445715856.5,1.1357862068746247e+20,1.5357919101745596e+22,2.9489080068710114e+21,1.1460113240756196,0.005133711843025039
oc,125.0,1.0768195298960315,1.958381218950811e-09,0.00017803465626825554,2666681872743673.5,1.1345420885855258e+20,1.5357919101745596e+22,2.9619225053748957e+21,1.1459921110239277,0.005233328547488534
oc,125.0,1.0768195298960315,1.9970772028266025e-09,0.0001815524729842366,2681551595813713.0,1.1332795884192086e+20,1.5357919101745596e+22,2.9751241655478266e+21,1.145972328543041,0.005334426132260947
oc,125.0,1.0768195298960315,2.0363822810287035e-09,0.00018512566191170032,2696669923340312.5,1.1319984559826643e+20,1.5357919101745596e+22,2.9885153924167274e+21,1.1459519627626098,0.005437025230987353
oc,125.0,1.0768195298960315,2.0763060365507346e-09,0.00018875509423188497,2712041247011992.0,1.130698438201283e+20,1.5357919101745596e+22,3.002098612698387e+21,1.1459309995512805,0.0055411467217405105
oc,125.0,1.0768195298960315,2.1168582030189895e-09,0.00019244165481990816,2727670043628149.0,1.1293792793168544e+20,1.5357919101745596e+22,3.015876274676235e+21,1.1459094245141652,0.005646811728549488
oc,125.0,1.0768195298960315,2.158048667047607e-09,0.0001961862424588734,2743560876979716.5,1.128040720887175e+20,1.5357919101745596e+22,3.0298508480599357e+21,1.1458872229903774,0.005754041622855669
oc,125.0,1.0768195298960315,2.199887470647477e-09,0.00019998977005886154,2759718399784103.5,1.1266825017864954e+20,1.5357919101745596e+22,3.0440248238356127e+21,1.1458643800506192,0.005862858024970447
oc,125.0,1.0768195298960315,2.242384813658349e-09,0.00020385316487803173,2776147355664037.5,1.1253043582076377e+20,1.5357919101745596e+22,3.058400714094542e+21,1.1458408804948435,0.0059732828054512984
oc,125.0,1.0768195298960315,2.285551056227353e-09,0.00020777736874794117,2792852581182698.5,1.123906023665394e+20,1.5357919101745596e+22,3.072981051850988e+21,1.1458167088499775,0.0060853380864528675
oc,125.0,1.0768195298960315,2.3293967213192655e-09,0.00021176333830175142,2809839007927018.5,1.1224872290014881e+20,1.5357919101745596e+22,3.087768390838665e+21,1.1457918493677277,0.006199046243010991
oc,125.0,1.0768195298960315,2.3739324972774643e-09,0.00021581204520704222,2827111664651804.0,1.1210477023907683e+20,1.5357919101745596e+22,3.102765305295784e+21,1.1457662860224513,0.006314429904304827
oc,125.0,1.0768195298960315,2.419169240409913e-09,0.00021992447640090118,2844675679473434.0,1.1195871693494873e+20,1.5357919101745596e+22,3.1179743897271303e+21,1.1457400025091187,0.00643151195482643
oc,125.0,1.0768195298960315,2.4651179776252194e-09,0.00022410163432956542,2862536282124804.0,1.118105352744808e+20,1.5357919101745596e+22,3.1333982586498497e+21,1.145712982241354,0.006550315535518556
oc,125.0,1.0768195298960315,2.5117899091126605e-09,0.00022834453719206005,2880698806272553.0,1.1166019728062046e+20,1.5357919101745596e+22,3.149039546324248e+21,1.1456852083495657,0.006670864044860481
oc,125.0,1.0768195298960315,2.5591964110509015e-09,0.00023265421918644558,2899168691888362.5,1.1150767471386893e+20,1.5357919101745596e+22,3.1649009064568276e+21,1.1456566636791734,0.006793181139858053
oc,125.0,1.0768195298960315,2.607349038376561e-09,0.00023703173076150552,2917951487692946.5,1.1135293907378727e+20,1.5357919101745596e+22,3.180985011893719e+21,1.1456273307889264,0.006917290737013965
oc,125.0,1.0768195298960315,2.656259527577809e-09,0.0002414781388707099,2937052853655933.5,1.1119596160069629e+20,1.5357919101745596e+22,3.197294554283061e+21,1.14559719194933,0.00704321701318379
oc,125.0,1.0768195298960315,2.7059397995459752e-09,0.0002459945272314523,2956478563570336.0,1.1103671327758983e+20,1.5357919101745596e+22,3.213832243724506e+21,1.1455662291411728,0.00717098440639825
oc,125.0,1.0768195298960315,2.756401962466237e-09,0.00025058199658783975,2976234507693370.5,1.1087516483223339e+20,1.5357919101745596e+22,3.230600808392796e+21,1.1455344240541663,0.007300617616598035
oc,125.0,1.0768195298960315,2.8076583147473855e-09,0.00025524166497703504,2996326695456402.5,1.1071128673951811e+20,1.5357919101745596e+22,3.2476029941375015e+21,1.145501758085701,0.007432141606276467
oc,125.0,1.0768195298960315,2.8597213480120453e-09,0.00025997466800109503,3016761258255141.0,1.1054504922400771e+20,1.5357919101745596e+22,3.264841564065422e+21,1.145468212339716,0.007565581601079883
oc,125.0,1.0768195298960315,2.9126037501180366e-09,0.0002647821591016397,3037544452308261.5,1.1037642226273355e+20,1.5357919101745596e+22,3.2823192980914763e+21,1.1454337676257005,0.00770096309028541
oc,125.0,1.0768195298960315,2.9663184082353023e-09,0.00026966530983957293,3058682661599776.5,1.1020537558825184e+20,1.5357919101745596e+22,3.3000389924713807e+21,1.1453984044578187,0.007838311827213684
oc,125.0,1.0768195298960315,3.020878411969852e-09,0.00027462531017907743,3080182400899246.5,1.1003187869192688e+20,1.5357919101745596e+22,3.31800345930523e+21,1.1453621030541687,0.007977653829549281
oc,125.0,1.0768195298960315,3.0762970565353374e-09,0.0002796633687759398,3102050318867766.0,1.0985590082748183e+20,1.5357919101745596e+22,3.3362155260175953e+21,1.1453248433361807,0.00811901537956505
oc,125.0,1.0768195298960315,3.1325878459722566e-09,0.00028478071327020515,3124293201246225.0,1.0967741101485454e+20,1.5357919101745596e+22,3.3546780348084734e+21,1.1452866049281594,0.008262423024244887
oc,125.0,1.0768195298960315,3.189764496423941e-09,0.00028997859058399467,3146917974137780.0,1.0949637804428098e+20,1.5357919101745596e+22,3.3733938420809513e+21,1.1452473671569696,0.008407903575322733
oc,125.0,1.0768195298960315,3.247840939454072e-09,0.00029525826722309745,3169931707375152.0,1.0931277048071368e+20,1.5357919101745596e+22,3.3923658178349703e+21,1.1452071090518818,0.008555484109193174
oc,125.0,1.0768195298960315,3.306831325422199e-09,0.0003006210295838363,3193341617987654.5,1.0912655666853924e+20,1.5357919101745596e+22,3.4115968450382707e+21,1.1451658093445711,0.008705191966729866
oc,125.0,1.0768195298960315,3.366750026913612e-09,0.0003060681842648738,3217155073763421.5,1.0893770473657623e+20,1.5357919101745596e+22,3.431089818964228e+21,1.145123446469277,0.008857054752996517
oc,125.0,1.0768195298960315,3.427611642213779e-09,0.00031160105838307084,3241379596911606.0,1.0874618260343316e+20,1.5357919101745596e+22,3.450847646500212e+21,1.14507999856314,0.00901110033681961
oc,125.0,1.0768195298960315,3.489430998849352e-09,0.00031722099989539565,3266022867830169.5,1.085519579831749e+20,1.5357919101745596e+22,3.470873245426188e+21,1.1450354434667003,0.009167356850272505
oc,125.0,1.0768195298960315,3.552223157170686e-09,0.00032292937792460785,3291092728978457.5,1.0835499839136342e+20,1.5357919101745596e+22,3.49116954366012e+21,1.1449897587245865,0.009325852688001282
oc,125.0,1.0768195298960315,3.6160034140021447e-09,0.00032872758309110406,3316597188861942.0,1.0815527115141413e+20,1.5357919101745596e+22,3.511739478471488e+21,1.1449429215863791,0.00948661650645243
oc,125.0,1.0768195298960315,3.680787306341249e-09,0.00033461702784920444,3342544426131033.0,1.0795274340135425e+20,1.5357919101745596e+22,3.532585995662537e+21,1.1448949090076677,0.009649677222948046
oc,125.0,1.0768195298960315,3.746590615119505e-09,0.0003405991468290459,3368942793796162.5,1.0774738210095192e+20,1.5357919101745596e+22,3.553712048714257e+21,1.1448456976513026,0.009815064014634433
oc,125.0,1.0768195298960315,3.813429369018795e-09,0.0003466753971835268,3395800823566502.5,1.075391540392348e+20,1.5357919101745596e+22,3.5751205978989815e+21,1.1447952638888452,0.009982806317281984
oc,125.0,1.0768195298960315,3.881319848351272e-09,0.00035284725894102476,3423127230313051.5,1.0732802584240251e+20,1.5357919101745596e+22,3.596814609356971e+21,1.144743583802224,0.010152933823949606
oc,125.0,1.0768195298960315,3.950278588993605e-09,0.00035911623536305504,3450930916661448.5,1.0711396398217729e+20,1.5357919101745596e+22,3.618797054136809e+21,1.1446906331856033,0.01032547648348378
oc,125.0,1.0768195298960315,4.020322386390218e-09,0.00036548385330820166,3479220977720355.0,1.0689693478456079e+20,1.5357919101745596e+22,3.641070907200606e+21,1.144636387547464,0.010500464498882029
oc,125.0,1.0768195298960315,4.091468299609047e-09,0.00037195166360082244,3508006705945094.5,1.066769044390603e+20,1.5357919101745596e+22,3.663639146388992e+21,1.144580822112914,0.010677928325472463
oc,125.0,1.0768195298960315,4.1637336554724015e-09,0.00037852124140658194,3537297596149434.0,1.064538390083286e+20,1.5357919101745596e+22,3.6865047513520134e+21,1.144523911826214,0.01085789866895868
oc,125.0,1.0768195298960315,4.2371360527360675e-09,0.0003851941866123698,3567103350657459.5,1.0622770443832379e+20,1.5357919101745596e+22,3.709670702435005e+21,1.1444656313535537,0.011040406483255678
oc,125.0,1.0768195298960315,4.311693366352676e-09,0.0003919721242138796,3597433884618203.0,1.0599846656889078e+20,1.5357919101745596e+22,3.7331399795335616e+21,1.1444059550860466,0.011225482968199233
oc,125.0,1.0768195298960315,4.387423751783914e-09,0.0003988567047076286,3628299331468291.0,1.0576609114488991e+20,1.5357919101745596e+22,3.7569155608997826e+21,1.1443448571429866,0.011413159567032987
oc,125.0,1.0768195298960315,4.464345649389079e-09,0.00040584960448991625,3659710048564203.5,1.0553054382780486e+20,1.5357919101745596e+22,3.7810004219136175e+21,1.1442823113753446,0.011603467963734166
oc,125.0,1.0768195298960315,4.5424777888789516e-09,0.00041295252626172285,3691676622980095.0,1.0529179020788043e+20,1.5357919101745596e+22,3.8053975338103493e+21,1.144218291369525,0.011796440080142799
oc,125.0,1.0768195298960315,4.621839193842958e-09,0.0004201671994402689,3724209877482243.0,1.0504979581678127e+20,1.5357919101745596e+22,3.8301098623673817e+21,1.1441527704513785,0.011992108072906401
oc,125.0,1.0768195298960315,4.702449186337998e-09,0.00042749538057618164,3757320876681066.5,1.0480452614082678e+20,1.5357919101745596e+22,3.8551403665474747e+21,1.1440857216904905,0.012190504330203585
oc,125.0,1.0768195298960315,4.784327391556042e-09,0.00043493885377782204,3791020933370560.0,1.0455594663476604e+20,1.5357919101745596e+22,3.8804919970987675e+21,1.1440171179047351,0.012391661468280907
oc,125.0,1.0768195298960315,4.8674937425619564e-09,0.0004424994311419961,3825321615061946.0,1.0430402273613591e+20,1.5357919101745596e+22,3.906167695113568e+21,1.1439469316651085,0.012595612327773781
oc,125.0,1.0768195298960315,4.951968485102764e-09,0.0004501789531911604,3860234750713949.5,1.040487198802163e+20,1.5357919101745596e+22,3.9321703905402117e+21,1.1438751353008507,0.01280238996980643
oc,125.0,1.0768195298960315,5.03777218249446e-09,0.0004579792893176782,3895772437670826.0,1.0379000351558094e+20,1.5357919101745596e+22,3.958503000652294e+21,1.1438017009048518,0.013012027671877648
oc,125.0,1.0768195298960315,5.124925720582707e-09,0.00046590233823479155,3931947048814077.0,1.0352783912027303e+20,1.5357919101745596e+22,3.9851684284736445e+21,1.1437266003393567,0.013224558923515173
oc,125.0,1.0768195298960315,5.213450312782919e-09,0.0004739500284348108,3968771239933630.5,1.0326219221860565e+20,1.5357919101745596e+22,4.012169561156922e+21,1.1436498052419681,0.013440017421703754
oc,125.0,1.0768195298960315,5.30336750519117e-09,0.0004821243186537427,4006257957325922.5,1.0299302839863091e+20,1.5357919101745596e+22,4.039509268316241e+21,1.1435712870319634,0.013658437066057726
oc,125.0,1.0768195298960315,5.394699181784867e-09,0.0004904271983440789,4044420445632370.5,1.0272031333023783e+20,1.5357919101745596e+22,4.0671904003173306e+21,1.1434910169169126,0.013879851953775774
oc,125.0,1.0768195298960315,5.487467569696092e-09,0.0004988606881541902,4083272255917569.0,1.0244401278394797e+20,1.5357919101745596e+22,4.0952157865182537e+21,1.1434089658996232,0.014104296374327713
oc,125.0,1.0768195298960315,5.581695244568585e-09,0.0005074268404153259,4122827254002952.0,1.0216409265039245e+20,1.5357919101745596e+22,4.123588233466584e+21,1.1433251047854052,0.014331804803891564
oc,125.0,1.0768195298960315,5.6774051360002356e-09,0.000516127739636385,4163099629062711.0,1.0188051896048283e+20,1.5357919101745596e+22,4.152310523050504e+21,1.1432394041896625,0.014562411899536663
oc,125.0,1.0768195298960315,5.7746205330643226e-09,0.0005249655030058475,4204103902487480.0,1.0159325790631179e+20,1.5357919101745596e+22,4.1813854106019714e+21,1.1431518345458236,0.014796152493128021
oc,125.0,1.0768195298960315,5.873365089922977e-09,0.0005339422809020888,4245854937032882.5,1.0130227586276098e+20,1.5357919101745596e+22,4.2108156229571135e+21,1.143062366113607,0.01503306158497569
oc,125.0,1.0768195298960315,5.973662831521231e-09,0.000543060257411021,4288367946255480.5,1.0100753940986642e+20,1.5357919101745596e+22,4.2406038564689826e+21,1.1429709689876335,0.015273174337192448
oc,125.0,1.0768195298960315,6.075538159372062e-09,0.0005523216508520057,4331658504249817.5,1.0070901535592707e+20,1.5357919101745596e+22,4.270752774974542e+21,1.142877613106389,0.015516526066776221
oc,125.0,1.0768195298960315,6.179015857431192e-09,0.0005617287143119265,4375742555698226.5,1.0040667076137617e+20,1.5357919101745596e+22,4.30126500771839e+21,1.1427822682615416,0.01576315223840545
oc,125.0,1.0768195298960315,6.284121098061035e-09,0.0005712837361873668,4420636426242677.0,1.0010047296343284e+20,1.5357919101745596e+22,4.3321431472308554e+21,1.1426849041076186,0.01601308845693737
oc,125.0,1.0768195298960315,6.390879448088693e-09,0.0005809890407353357,4466356833190414.5,9.979038960153212e+19,1.5357919101745596e+22,4.3633897471621e+21,1.1425854901720485,0.016266370459612087
oc,125.0,1.0768195298960315,6.49931687495614e-09,0.0005908469886323764,4512920896565994.0,9.947638864355492e+19,1.5357919101745596e+22,4.395007320072506e+21,1.142483995865573,0.016523034107949475
oc,125.0,1.0768195298960315,6.609459752962621e-09,0.0006008599775420564,4560346150521264.0,9.915843841287165e+19,1.5357919101745596e+22,4.426998335180773e+21,1.1423803904930374,0.016783115379330266
oc,125.0,1.0768195298960315,6.721334869610851e-09,0.0006110304426918955,4608650555119436.0,9.88365076161789e+19,1.5357919101745596e+22,4.4593652160708173e+21,1.1422746432645507,0.017046650358280242
oc,125.0,1.0768195298960315,6.83496943204237e-09,0.0006213608574583973,4657852508500284.0,9.851056537218825e+19,1.5357919101745596e+22,4.4921103383563637e+21,1.142166723307042,0.01731367522741418
oc,125.0,1.0768195298960315,6.950391073580364e-09,0.0006318537339618513,4707970859448709.0,9.818058124111887e+19,1.5357919101745596e+22,4.5252360273077773e+21,1.1420565996761913,0.01758422625807445
oc,125.0,1.0768195298960315,7.067627860364078e-09,0.0006425116236694617,4759024920372997.0,9.784652525504895e+19,1.5357919101745596e+22,4.5587445554385393e+21,1.1419442413687664,0.01785833980061836
oc,125.0,1.0768195298960315,7.186708298094979e-09,0.0006533371180086345,4811034480715205.0,9.750836794908664e+19,1.5357919101745596e+22,4.592638140056207e+21,1.1418296173353433,0.018136052274393258
oc,125.0,1.0768195298960315,7.30766133887939e-09,0.0006643328489890354,4864019820803162.0,9.716608039341811e+19,1.5357919101745596e+22,4.6269189407769514e+21,1.1417126964934354,0.018417400157355317
oc,125.0,1.0768195298960315,7.430516388181651e-09,0.0006755014898346956,4918001726165816.0,9.681963422618306e+19,1.5357919101745596e+22,4.6615890570071386e+21,1.1415934477410217,0.018702419975356724
oc,125.0,1.0768195298960315,7.555303311878037e-09,0.0006868457556252761,4973001502323868.0,9.646900168721495e+19,1.5357919101745596e+22,4.6966505253915884e+21,1.141471839970485,0.018991148291070428
oc,125.0,1.0768195298960315,7.682052443429732e-09,0.0006983684039481575,5029040990080079.0,9.611415565262574e+19,1.5357919101745596e+22,4.732105317234805e+21,1.1413478420829541,0.019283621692587096
oc,125.0,1.0768195298960315,7.810794591152303e-09,0.0007100722355593003,5086142581317416.0,9.575506967027604e+19,1.5357919101745596e+22,4.767955335890688e+21,1.141221423003069,0.019579876781624143
oc,125.0,1.0768195298960315,7.941561045610335e-09,0.000721960095055485,5144329235336622.0,9.539171799604652e+19,1.5357919101745596e+22,4.80420241412987e+21,1.1410925516941512,0.019879950161405615
oc,125.0,1.0768195298960315,8.074383587114653e-09,0.0007340348715558775,5203624495741803.0,9.502407563102333e+19,1.5357919101745596e+22,4.840848311483217e+21,1.1409611971738018,0.020183878424153312
oc,125.0,1.0768195298960315,8.209294493341068e-09,0.0007462994993946426,5264052507902628.0,9.465211835948286e+19,1.5357919101745596e+22,4.877894711565399e+21,1.1408273285299144,0.02049169813822555
oc,125.0,1.0768195298960315,8.346326547068184e-09,0.0007587569588243803,5325638037012183.0,9.427582278772279e+19,1.5357919101745596e+22,4.915343219382394e+21,1.1406909149371074,0.0208034458348907
oc,125.0,1.0768195298960315,8.485513044023895e-09,0.0007714102767294451,5388406486758339.0,9.389516638376645e+19,1.5357919101745596e+22,4.953195358623179e+21,1.1405519256735925,0.021119157994705075
oc,125.0,1.0768195298960315,8.62688780086257e-09,0.0007842625273511428,5452383918640718.0,9.351012751782961e+19,1.5357919101745596e+22,4.991452568942186e+21,1.1404103301384547,0.021438871033538785
oc,125.0,1.0768195298960315,8.770485163261287e-09,0.0007973168330237534,5517597071951451.0,9.312068550365348e+19,1.5357919101745596e+22,5.030116203236668e+21,1.1402660978693653,0.021762621288216488
oc,125.0,1.0768195298960315,8.916340014136991e-09,0.0008105763649215447,5584073384445215.0,9.272682064059282e+19,1.5357919101745596e+22,5.069187524917145e+21,1.1401191985607213,0.02209044500177144
oc,125.0,1.0768195298960315,9.064487781994312e-09,0.0008240443438176648,5651841013727702.0,9.23285142565275e+19,1.5357919101745596e+22,5.108667705183263e+21,1.1399696020822103,0.022422378308328893
oc,125.0,1.0768195298960315,9.214964449395513e-09,0.0008377240408541375,5720928859386027.0,9.192574875150116e+19,1.5357919101745596e+22,5.148557820300359e+21,1.1398172784978071,0.02275845721759422
oc,125.0,1.0768195298960315,9.367806561569048e-09,0.0008516187783244589,5791366585895835.0,9.15185076421294e+19,1.5357919101745596e+22,5.188858848891438e+21,1.1396621980851835,0.023098717598977518
oc,125.0,1.0768195298960315,9.523051235139635e-09,0.0008657319304672395,5863184646326099.0,9.110677560671624e+19,1.5357919101745596e+22,5.229571669238757e+21,1.1395043313555602,0.023443195165311452
oc,125.0,1.0768195298960315,9.68073616699755e-09,0.0008800669242725045,5936414306879829.0,9.069053853107742e+19,1.5357919101745596e+22,5.270697056608004e+21,1.1393436490739715,0.023791925456197648
oc,125.0,1.0768195298960315,9.840899643304701e-09,0.0008946272403004274,6011087672300712.0,9.026978355502514e+19,1.5357919101745596e+22,5.312235680598136e+21,1.1391801222799522,0.024144943820971772
oc,125.0,1.0768195298960315,1.0003580548631985e-08,0.0009094164135119986,6087237712175656.0,8.984449911948974e+19,1.5357919101745596e+22,5.354188102518608e+21,1.1390137223086507,0.02450228540127151
oc,125.0,1.0768195298960315,1.0168818375244415e-08,0.0009244380341131286,6164898288175007.0,8.941467501425499e+19,1.5357919101745596e+22,5.396554772807493e+21,1.1388444208123496,0.02486398511324057
oc,125.0,1.0768195298960315,1.0336653232521809e-08,0.0009396957484110735,6244104182259868.0,8.898030242625308e+19,1.5357919101745596e+22,5.439336028488934e+21,1.1386721897824044,0.02523007762933875
oc,125.0,1.0768195298960315,1.050712585652297e-08,0.0009551932596839063,6324891125897393.0,8.854137398839401e+19,1.5357919101745596e+22,5.482532090679706e+21,1.1384970015715934,0.025600597359773266
oc,125.0,1.0768195298960315,1.0680277619703748e-08,0.0009709343290639771,6407295830327216.0,8.809788382887356e+19,1.5357919101745596e+22,5.52614306215471e+21,1.1383188289168629,0.025975578433571837
oc,125.0,1.0768195298960315,1.0856150540770048e-08,0.0009869227764336408,6491356017910068.0,8.764982762094551e+19,1.5357919101745596e+22,5.570168924970783e+21,1.1381376449624834,0.02635505467925483
oc,125.0,1.0768195298960315,1.103478729469387e-08,0.0010031624813358064,6577110454613634.0,8.719720263305083e+19,1.5357919101745596e+22,5.614609538162954e+21,1.1379534232835884,0.02673905960516657
oc,125.0,1.0768195298960315,1.1216231222873463e-08,0.0010196573838975875,6664598983670432.0,8.674000777931452e+19,1.5357919101745596e+22,5.659464635517111e+21,1.1377661379101074,0.027127626379424098
oc,125.0,1.0768195298960315,1.1400526343451012e-08,0.0010364114857682738,6753862560459047.0,8.627824367031961e+19,1.5357919101745596e+22,5.704733823427954e+21,1.1375757633510757,0.02752078780951265
oc,125.0,1.0768195298960315,1.1587717361786653e-08,0.001053428851071514,6844943288655854.0,8.581191266410609e+19,1.5357919101745596e+22,5.750416578849451e+21,1.137382274619316,0.027918576321525685
oc,125.0,1.0768195298960315,1.1777849681093688e-08,0.0010707136073721535,6937884457708610.0,8.534101891732483e+19,1.5357919101745596e+22,5.796512247347368e+21,1.1371856472564847,0.028321023939061128
oc,125.0,1.0768195298960315,1.1970969413231335e-08,0.0010882699466573942,7032730581681667.0,8.486556843650004e+19,1.5357919101745596e+22,5.843020041260478e+21,1.136985857358473,0.028728162261767724
oc,125.0,1.0768195298960315,1.216712338966297e-08,0.0011061021263329973,7129527439530296.0,8.438556912931388e+19,1.5357919101745596e+22,5.889939037980662e+21,1.1367828816011525,0.029140022443560877
oc,125.0,1.0768195298960315,1.2366359172584106e-08,0.0011242144702349188,7228322116862024.0,8.39010308558344e+19,1.5357919101745596e+22,5.937268178361913e+21,1.136576697266453,0.02955663517051989
oc,125.0,1.0768195298960315,1.2568725066213426e-08,0.001142611369655766,7329163049240076.0,8.34119654796321e+19,1.5357919101745596e+22,5.985006265264291e+21,1.1363672822687636,0.02997803063845598
oc,125.0,1.0768195298960315,1.2774270128259657e-08,0.0011612972843872416,7432100067095878.0,8.291838691867804e+19,1.5357919101745596e+22,6.033151962245626e+21,1.1361546151816453,0.03040423853018248
oc,125.0,1.0768195298960315,1.2983044181557602e-08,0.0011802767437779638,7537184442310837.0,8.242031119596138e+19,1.5357919101745596e+22,6.081703792408148e+21,1.13593867526484,0.030835287992478
oc,125.0,1.0768195298960315,1.3195097825883073e-08,0.001199554347807552,7644468936538027.0,8.191775648971914e+19,1.5357919101745596e+22,6.130660137411555e+21,1.1357194424915618,0.03127120761276855
oc,125.0,1.0768195298960315,1.3410482449947358e-08,0.0012191347681770326,7754007851333564.0,8.141074318319118e+19,1.5357919101745596e+22,6.180019236662819e+21,1.1354968975760573,0.031712025395536206
oc,125.0,1.0768195298960315,1.3629250243573032e-08,0.0012390227494157302,7865857080169870.0,8.089929391380506e+19,1.5357919101745596e+22,6.229779186691549e+21,1.135271022001416,0.032157768738464904
oc,125.0,1.0768195298960315,1.3851454210046853e-08,0.0012592231100042595,7980074162403850.0,8.038343362170706e+19,1.5357919101745596e+22,6.279937940721008e+21,1.1350417980476244,0.03260846440832268
oc,125.0,1.0768195298960315,1.4077148178667454e-08,0.001279740743515223,8096718339287343.0,7.98631895975e+19,1.5357919101745596e+22,6.330493308448134e+21,1.134809208819831,0.03306413851662484
oc,125.0,1.0768195298960315,1.4306386817481698e-08,0.0013005806197710634,8215850612097528.0,7.93385915291015e+19,1.5357919101745596e+22,6.381442956040862e+21,1.1345732382768114,0.03352481649507465
oc,125.0,1.0768195298960315,1.4539225646207298e-08,0.0013217477860188453,8337533802472278.0,7.88096715476233e+19,1.5357919101745596e+22,6.432784406363219e+21,1.1343338712596214,0.03399052307078662
oc,125.0,1.0768195298960315,1.4775721049351432e-08,0.0013432473681228574,8461832615042452.0,7.827646427214066e+19,1.5357919101745596e+22,6.484515039439829e+21,1.1340910935204054,0.03446128224132287
oc,125.0,1.0768195298960315,1.501593028953513e-08,0.0013650845717759208,8588813702460220.0,7.773900685321981e+19,1.5357919101745596e+22,6.536632093172072e+21,1.13384489175134,0.03493711724957328
oc,125.0,1.0768195298960315,1.525991152100331e-08,0.0013872646837275737,8718545732908116.0,7.719733901513679e+19,1.5357919101745596e+22,6.589132664312612e+21,1.1335952536137077,0.03541805055845148
oc,125.0,1.0768195298960315,1.55077238033528e-08,0.001409793073032073,8851099460206896.0,7.665150309659053e+19,1.5357919101745596e+22,6.642013709714018e+21,1.133342167767048,0.03590410382548378
oc,125.0,1.0768195298960315,1.5759427115455136e-08,0.0014326751923141035,8986547796614464.0,7.610154408984619e+19,1.5357919101745596e+22,6.695272047857339e+21,1.1330856238983908,0.0363952978772587
oc,125.0,1.0768195298960315,1.6015082369593702e-08,0.001455916579053973,9124965888435640.0,7.554750967814454e+19,1.5357919101745596e+22,6.748904360674923e+21,1.1328256127515273,0.03689165268379003
oc,125.0,1.0768195298960315,1.627475142581336e-08,0.0014795228568921237,9266431194555270.0,7.498945027126283e+19,1.5357919101745596e+22,6.802907195677021e+21,1.1325621261562984,0.03739318733280454
oc,125.0,1.0768195298960315,1.6538497106481364e-08,0.0015034997369528513,9411023568013418.0,7.442741903908274e+19,1.5357919101745596e+22,6.857276968390255e+21,1.1322951570578774,0.03789992000396798
oc,125.0,1.0768195298960315,1.6806383211068697e-08,0.0015278530191880635,9558825340750632.0,7.386147194303126e+19,1.5357919101745596e+22,6.912009965119598e+21,1.1320246995460117,0.03841186794308347
oc,125.0,1.0768195298960315,1.7078474531153074e-08,0.0015525885937411887,9709921411653412.0,7.329166776527534e+19,1.5357919101745596e+22,6.967102346045802e+21,1.1317507488841967,0.03892904743628161
oc,125.0,1.0768195298960315,1.7354836865641156e-08,0.001577712442331014,9864399338032670.0,7.271806813550627e+19,1.5357919101745596e+22,7.022550148661662e+21,1.1314733015387561,0.03945147378421569
oc,125.0,1.0768195298960315,1.7635537036227667e-08,0.0016032306396570606,1.0022349430685584e+16,7.214073755518006e+19,1.5357919101745596e+22,7.078349291562952e+21,1.131192355207784,0.039979161276313895
oc,125.0,1.0768195298960315,1.7920642903071327e-08,0.001629149354824666,1.0183864852674584e+16,7.155974341911247e+19,1.5357919101745596e+22,7.134495578597224e+21,1.1309079088499372,0.04051212316506943
oc,125.0,1.0768195298960315,1.8210223380721703e-08,0.001655474852792882,1.0349041721995774e+16,7.097515603420399e+19,1.5357919101745596e+22,7.190984703381584e+21,1.1306199627130165,0.04105037164045283
oc,125.0,1.0768195298960315,1.8504348454263465e-08,0.001682213495842133,1.051797921827551e+16,7.038704863527688e+19,1.5357919101745596e+22,7.247812254195084e+21,1.1303285183623366,0.0415939178044034
oc,125.0,1.0768195298960315,1.8803089195716493e-08,0.0017093717450651358,1.0690779693682622e+16,6.979549739775379e+19,1.5357919101745596e+22,7.304973719253516e+21,1.1300335787088145,0.04214277164549267
oc,125.0,1.0768195298960315,1.9106517780674737e-08,0.0017369561618795215,1.086754878821778e+16,6.920058144714667e+19,1.5357919101745596e+22,7.362464492374256e+21,1.1297351480367597,0.04269694201374894
oc,125.0,1.0768195298960315,1.9414707505186866e-08,0.0017649734095624425,1.1048395549561652e+16,6.860238286516056e+19,1.5357919101745596e+22,7.420279879032268e+21,1.1294332320313325,0.04325643659567055
oc,125.0,1.0768195298960315,1.972773280289525e-08,0.001793430254808659,1.1233432557676398e+16,6.800098669229804e+19,1.5357919101745596e+22,7.478415102817052e+21,1.129127837805612,0.04382126188948024
oc,125.0,1.0768195298960315,2.0045669262421574e-08,0.001822333569311052,1.1422776054348008e+16,6.739648092684147e+19,1.5357919101745596e+22,7.53686531229066e+21,1.1288189739272567,0.04439142318062183
oc,125.0,1.0768195298960315,2.036859364501875e-08,0.001851690331365341,1.1616546077883334e+16,6.678895652004627e+19,1.5357919101745596e+22,7.59562558825061e+21,1.1285066504446954,0.044966924517557585
oc,125.0,1.0768195298960315,2.069658390247253e-08,0.0018815076274975029,1.1814866603161646e+16,6.617850736749042e+19,1.5357919101745596e+22,7.654690951400958e+21,1.1281908789128317,0.0455477686878595
oc,125.0,1.0768195298960315,2.1029719195275465e-08,0.0019117926541159513,1.2017865687273194e+16,6.556523029638802e+19,1.5357919101745596e+22,7.714056370430466e+21,1.1278716724181945,0.04613395719465876
oc,125.0,1.0768195298960315,2.1368079911068928e-08,0.0019425527191880843,1.2225675620967154e+16,6.494922504878596e+19,1.5357919101745596e+22,7.773716770498311e+21,1.1275490456035095,0.046725490233468815
oc,125.0,1.0768195298960315,2.1711747683348937e-08,0.0019737952439408124,1.2438433086143766e+16,6.433059426055133e+19,1.5357919101745596e+22,7.833667042123977e+21,1.1272230146916424,0.04732236666939856
oc,125.0,1.0768195298960315,2.2060805410459572e-08,0.002005527764587234,1.265627931965077e+16,6.370944343600024e+19,1.5357919101745596e+22,7.893902050483275e+21,1.1268935975088623,0.04792458401482104
oc,125.0,1.0768195298960315,2.241533727485384e-08,0.002037757934077622,1.2879360283627642e+16,6.3085880918113165e+19,1.5357919101745596e+22,7.954416645100379e+21,1.126560813507391,0.0485321384074861
oc,125.0,1.0768195298960315,2.2775428762647043e-08,0.002070493523877004,1.3107826842673422e+16,6.246001785421594e+19,1.5357919101745596e+22,8.015205669934021e+21,1.126224683787182,0.0491450245891444
oc,125.0,1.0768195298960315,2.3141166683446733e-08,0.002103742425767885,1.3341834948106152e+16,6.1831968157076234e+19,1.5357919101745596e+22,8.076263973847505e+21,1.1258852311168939,0.04976323588467864
oc,125.0,1.0768195298960315,2.351263919048374e-08,0.00213751265368034,1.358154582961483e+16,6.120184846130432e+19,1.5357919101745596e+22,8.137586421459081e+21,1.1255424799539908,0.05038676418180741
oc,125.0,1.0768195298960315,2.388993580103199e-08,0.002171812345548363,1.3827126194591014e+16,6.056977807502328e+19,1.5357919101745596e+22,8.199167904357741e+21,1.125196456463944,0.051015599911363584
oc,125.0,1.0768195298960315,2.4273147417125106e-08,0.0022066497651931916,1.4078748435447954e+16,5.993587892674429e+19,1.5357919101745596e+22,8.261003352671268e+21,1.1248471885384717,0.05164973202818361
oc,125.0,1.0768195298960315,2.4662366346580756e-08,0.002242033304234614,1.4336590845256792e+16,5.930027550739239e+19,1.5357919101745596e+22,8.323087746978392e+21,1.1244947058127688,0.05228914799264833
oc,125.0,1.0768195298960315,2.5057686324324814e-08,0.0022779714840295284,1.4600837842024204e+16,5.866309480746786e+19,1.5357919101745596e+22,8.385416130545472e+21,1.124139039681685,0.052933833752883776
oc,125.0,1.0768195298960315,2.5459202534034273e-08,0.0023144729576394796,1.4871680201956146e+16,5.80244662492955e+19,1.5357919101745596e+22,8.447983621869122e+21,1.123780223314784,0.053583773727674366
oc,125.0,1.0768195298960315,2.586701163008731e-08,0.002351546511826119,1.5149315302060772e+16,5.738452161437673e+19,1.5357919101745596e+22,8.510785427508834e+21,1.1234182916702533,0.05423895079008979
oc,125.0,1.0768195298960315,2.6281211759833278e-08,0.0023892010690757526,1.543394737246204e+16,5.6743394965830844e+19,1.5357919101745596e+22,8.573816855186483e+21,1.1230532815076002,0.05489934625186647
oc,125.0,1.0768195298960315,2.670190258619126e-08,0.002427445689653751,1.5725787758797082e+16,5.610122256593319e+19,1.5357919101745596e+22,8.637073327128005e+21,1.1226852313990803,0.05556493984857604
oc,125.0,1.0768195298960315,2.7129185310566738e-08,0.0024662895736878854,1.6025055195090594e+16,5.5458142788799955e+19,1.5357919101745596e+22,8.700550393622881e+21,1.1223141817398197,0.056235709725581964
oc,125.0,1.0768195298960315,2.7563162696108976e-08,0.0025057420632826344,1.6331976087514958e+16,5.481429602823227e+19,1.5357919101745596e+22,8.764243746777044e+21,1.1219401747565647,0.05691163242483755
oc,125.0,1.0768195298960315,2.8003939091295727e-08,0.002545812644663248,1.6646784809435632e+16,5.416982460080078e+19,1.5357919101745596e+22,8.828149234419781e+21,1.1215632545150154,0.05759268287251942
oc,125.0,1.0768195298960315,2.84516204538629e-08,0.002586510950351173,1.6969724008193836e+16,5.352487264421925e+19,1.5357919101745596e+22,8.892262874146502e+21,1.1211834669256884,0.05827883436753931
oc,125.0,1.0768195298960315,2.8906314375077457e-08,0.002627846761370678,1.7301044924040492e+16,5.287958601110015e+19,1.5357919101745596e+22,8.956580867449353e+21,1.120800859748255,0.05897005857094428
oc,125.0,1.0768195298960315,2.9368130104358903e-08,0.002669830009487173,1.7641007721696228e+16,5.223411215818857e+19,1.5357919101745596e+22,9.021099613909783e+21,1.120415482594304,0.05966632549622592
oc,125.0,1.0768195298960315,2.983717857425316e-08,0.0027124707794775604,1.7989881834985146e+16,5.158860003118985e+19,1.5357919101745596e+22,9.08581572540869e+21,1.120027386928479,0.06036760350055473
oc,125.0,1.0768195298960315,3.031357242576549e-08,0.0027557793114332263,1.834794632502627e+16,5.0943199945315975e+19,1.5357919101745596e+22,9.150726040314949e+21,1.119636626067932,0.061073859276958756
oc,125.0,1.0768195298960315,3.079742603405422e-08,0.0027997660030958382,1.8715490252471336e+16,5.029806346169149e+19,1.5357919101745596e+22,9.215827637611019e+21,1.1192432551800517,0.06178505784745682
oc,125.0,1.0768195298960315,3.12888555344934e-08,0.0028444414122266726,1.909281306427795e+16,4.965334325977811e+19,1.5357919101745596e+22,9.281117850904749e+21,1.118847331278402,0.0625011625571637
oc,125.0,1.0768195298960315,3.178797884910417e-08,0.00288981625900947,1.9480224995540616e+16,4.900919300600124e+19,1.5357919101745596e+22,9.346594282290467e+21,1.118448913216834,0.06322213506937142
oc,125.0,1.0768195298960315,3.2294915713363566e-08,0.0029359014284875973,1.987804748687984e+16,4.8365767218749735e+19,1.5357919101745596e+22,9.412254815996512e+21,1.1180480616817108,0.06394793536162126
oc,125.0,1.0768195298960315,3.280978770339371e-08,0.002982707973035792,2.0286613617939656e+16,4.772322112995543e+19,1.5357919101745596e+22,9.478097631779486e+21,1.1176448391822011,0.06467852172277133
oc,125.0,1.0768195298960315,3.3332718263538116e-08,0.0030302471148671017,2.0706268557504772e+16,4.708171054348132e+19,1.5357919101745596e+22,9.544121218003571e+21,1.1172393100385887,0.06541385075106747
oc,125.0,1.0768195298960315,3.3863832734323975e-08,0.0030785302485749066,2.113737003080279e+16,4.644139169052978e+19,1.5357919101745596e+22,9.610324384354943e+21,1.1168315403685551,0.06615387735321228
oc,125.0,1.0768195298960315,3.44032583808237e-08,0.0031275689437112453,2.1580288804521776e+16,4.580242108232623e+19,1.5357919101745596e+22,9.676706274127764e+21,1.1164215980713834,0.06689855474444548
oc,125.0,1.0768195298960315,3.495112442141468e-08,0.0031773749474013346,2.2035409190113184e+16,4.516495536033267e+19,1.5357919101745596e+22,9.743266376029273e+21,1.1160095528100384,0.06764783444962592
oc,125.0,1.0768195298960315,3.550756205694139e-08,0.0032279601869946717,2.2503129565924044e+16,4.45291511442544e+19,1.5357919101745596e+22,9.810004535436114e+21,1.1155954759910838,0.06840166630531144
oc,125.0,1.0768195298960315,3.607270450029026e-08,0.0032793367727536604,2.2983862918723936e+16,4.389516487813089e+19,1.5357919101745596e+22,9.87692096504436e+21,1.115179440742383,0.06915999846283835
oc,125.0,1.0768195298960315,3.664668700637741e-08,0.0033315170005797645,2.3478037405190796e+16,4.3263152674783896e+19,1.5357919101745596e+22,9.944016254847332e+21,1.1147615218885507,0.06992277739238624
oc,125.0,1.0768195298960315,3.722964690255637e-08,0.0033845133547778516,2.398609693389382e+16,4.2633270158946705e+19,1.5357919101745596e+22,1.001129138137303e+22,1.1143417959241104,0.07068994788802145
oc,125.0,1.0768195298960315,3.7821723619446636e-08,0.003438338510858785,2.4508501768345572e+16,4.200567230936707e+19,1.5357919101745596e+22,1.0078747716118915e+22,1.1139203409843224,0.07146145307370078
oc,125.0,1.0768195298960315,3.8423058722196925e-08,0.0034930053383815385,2.5045729151654372e+16,4.138051330020761e+19,1.5357919101745596e+22,1.0146387033113108e+22,1.1134972368136407,0.07223723441023319
oc,125.0,1.0768195298960315,3.9033795942180146e-08,0.003548526903834559,2.559827395331147e+16,4.07579463420756e+19,1.5357919101745596e+22,1.0214211515532563e+22,1.1130725647317703,0.07301723170317152
oc,125.0,1.0768195298960315,3.9654081209125614e-08,0.003604916473556874,2.616664933864264e+16,4.01381235230035e+19,1.5357919101745596e+22,1.0282223761312864e+22,1.1126464075972915,0.07380138311161576
oc,125.0,1.0768195298960315,4.0284062683698775e-08,0.0036621875166998885,2.6751387461410332e+16,3.952119564973235e+19,1.5357919101745596e+22,1.0350426787672731e+22,1.112218849768818,0.07458962515791337
oc,125.0,1.0768195298960315,4.092389079052738e-08,0.003720353708229762,2.735304018006262e+16,3.890731208962555e+19,1.5357919101745596e+22,1.0418824034489012e+22,1.1117899770636672,0.07538189273822425
oc,125.0,1.0768195298960315,4.157371825168804e-08,0.00377942893197164,2.797217979808867e+16,3.829662061355957e+19,1.5357919101745596e+22,1.048741936644889e+22,1.1113598767140154,0.07617811913393592
oc,125.0,1.0768195298960315,4.223370012064276e-08,0.0038394272836947962,2.8609399828884604e+16,3.768926724015653e+19,1.5357919101745596e+22,1.0556217073908108e+22,1.1109286373205205,0.07697823602388076
oc,125.0,1.0768195298960315,4.290399381665122e-08,0.00390036307424102,2.9265315785550636e+16,3.708539608167489e+19,1.5357919101745596e+22,1.0625221872384741e+22,1.110496348803391,0.07778217349735042
oc,125.0,1.0768195298960315,4.358475915964527e-08,0.0039622508326950245,2.994056599595417e+16,3.6485149191928762e+19,1.5357919101745596e+22,1.069443890062216e+22,1.1100631023508933,0.07858986006785157
oc,125.0,1.0768195298960315,4.4276158405582135e-08,0.004025105309598376,3.0635812443369404e+16,3.5888666416570393e+19,1.5357919101745596e+22,1.076387371714807e+22,1.1096289903652834,0.07940122268758211
oc,125.0,1.0768195298960315,4.4978356282275756e-08,0.004088941480206887,3.135174163294112e+16,3.5296085246079713e+19,1.5357919101745596e+22,1.0833532295264483e+22,1.1091941064061601,0.08021618676258374
oc,125.0,1.0768195298960315,4.5691520025717855e-08,0.0041537745477925325,3.2089065484178124e+16,3.470754067178941e+19,1.5357919101745596e+22,1.090342101640129e+22,1.1087585451312394,0.08103467616853993
oc,125.0,1.0768195298960315,4.641581941688383e-08,0.004219619946989439,3.2848522249589804e+16,3.412316504528784e+19,1.5357919101745596e+22,1.0973546661769789e+22,1.1083224022345535,0.0818566132671664
oc,125.0,1.0768195298960315,4.715142681904483e-08,0.0042864933471858935,3.363087745953165e+16,3.354308794150877e+19,1.5357919101745596e+22,1.1043916402253382e+22,1.1078857743820822,0.0826819189231703
oc,125.0,1.0768195298960315,4.789851721556532e-08,0.004354410655960483,3.4436924893202092e+16,3.2967436025843556e+19,1.5357919101745596e+22,1.1114537786473863e+22,1.1074487591448399,0.08351051252170447
oc,125.0,1.0768195298960315,4.865726824822575e-08,0.004423388022565977,3.5267487575702384e+16,3.239633292555325e+19,1.5357919101745596e+22,1.11854187269777e+22,1.1070114549294237,0.08434231198630959
oc,125.0,1.0768195298960315,4.942786025604229e-08,0.00449344184145839,3.612341880089788e+16,3.1829899105801224e+19,1.5357919101745596e+22,1.1256567484487593e+22,1.1065739609060685,0.0851772337972597
oc,125.0,1.0768195298960315,5.021047631461167e-08,0.0045645887558737885,3.7005603179764104e+16,3.126825175057133e+19,1.5357919101745596e+22,1.1327992650166618e+22,1.1061363769342258,0.08601519301028783
oc,125.0,1.0768195298960315,5.100530227597572e-08,0.004636845661452338,3.791495771374206e+16,3.0711504648749744e+19,1.5357919101745596e+22,1.1399703125851323e+22,1.1056988034857165,0.08685610327563004
oc,125.0,1.0768195298960315,5.1812526809014605e-08,0.0047102297099104184,3.88524328925065e+16,3.0159768085622473e+19,1.5357919101745596e+22,1.1471708102206232e+22,1.105261341565502,0.087699876857341
oc,125.0,1.0768195298960315,5.263234144037326e-08,0.004784758312761206,3.981901381540248e+16,2.9613148740029882e+19,1.5357919101745596e+22,1.1544017034765627e+22,1.1048240926301272,0.08854642465282839
oc,125.0,1.0768195298960315,5.3464940595922046e-08,0.004860449145083823,4.081572133563058e+16,2.9071749587405427e+19,1.5357919101745596e+22,1.1616639617825547e+22,1.1043871585039038,0.08939565621254869
oc,125.0,1.0768195298960315,5.431052164276817e-08,0.004937320149342561,4.18436132261194e+16,2.853566980889833e+19,1.5357919101745596e+22,1.1689585756162358e+22,1.1039506412928952,0.0902474797598234
oc,125.0,1.0768195298960315,5.516928493180878e-08,0.005015389539255344,4.2903785365787e+16,2.800500470678037e+19,1.5357919101745596e+22,1.1762865534550143e+22,1.1035146432967926,0.09110180221070599
oc,125.0,1.0768195298960315,5.6041433840840926e-08,0.0050946758037128115,4.399737294473473e+16,2.7479845626301506e+19,1.5357919101745596e+22,1.1836489185066958e+22,1.1030792669187661,0.09195852919385657
oc,125.0,1.0768195298960315,5.692717481823145e-08,0.005175197710748314,4.512555168666805e+16,2.696027988414894e+19,1.5357919101745596e+22,1.1910467052176404e+22,1.1026446145733853,0.09281756507036687
oc,125.0,1.0768195298960315,5.782671742714684e-08,0.005256974311558804,4.628953908660903e+16,2.644639070364627e+19,1.5357919101745596e+22,1.1984809555584822e+22,1.1022107885927237,0.09367881295347656
oc,125.0,1.0768195298960315,5.8740274390359504e-08,0.005340024944578137,4.749059566172667e+16,2.59382571567997e+19,1.5357919101745596e+22,1.2059527150879071e+22,1.1017778911307567,0.09454217472813733
oc,125.0,1.0768195298960315,5.966806163561761e-08,0.005424369239601601,4.873002621280351e+16,2.54359541132954e+19,1.5357919101745596e+22,1.2134630287958839e+22,1.101346024066184,0.09540755107035381
oc,125.0,1.0768195298960315,6.061029834160731e-08,0.0055100271219643004,5.00091810936257e+16,2.4939552196507513e+19,1.5357919101745596e+22,1.2210129367285319e+22,1.100915288903811,0.0962748414662704
oc,125.0,1.0768195298960315,6.156720698448764e-08,0.005597018816771604,5.132945748520446e+16,2.444911774658388e+19,1.5357919101745596e+22,1.2286034693979283e+22,1.1004857866746363,0.09714394423092788
oc,125.0,1.0768195298960315,6.253901338502271e-08,0.005685364853183883,5.269230067147725e+16,2.3964712790630257e+19,1.5357919101745596e+22,1.23623564298072e+22,1.1000576178348047,0.09801475652665678
oc,125.0,1.0768195298960315,6.35259467563024e-08,0.0057750860687547645,5.409920531273955e+16,2.3486395020012405e+19,1.5357919101745596e+22,1.2439104543107502e+22,1.099630882163593,0.09888717438104369
oc,125.0,1.0768195298960315,6.452823975206651e-08,0.005866203613824228,5.555171671272491e+16,2.3014217774761705e+19,1.5357919101745596e+22,1.2516288756718928e+22,1.099205678660606,0.09976109270443063
oc,125.0,1.0768195298960315,6.554612851563202e-08,0.005958738955966547,5.70514320748461e+16,2.2548230035058668e+19,1.5357919101745596e+22,1.259391849398203e+22,1.098782105442373,0.1006364053068947
oc,125.0,1.0768195298960315,6.657985272942628e-08,0.006052713884493299,5.860000174270481e+16,2.208847641974589e+19,1.5357919101745596e+22,1.26720028228979e+22,1.0983602596385496,0.10151300491465987
oc,125.0,1.0768195298960315,6.762965566513684e-08,0.0061481505150124405,6.0199130419566424e+16,2.1634997191799886e+19,1.5357919101745596e+22,1.2750550398541064e+22,1.0979402372879288,0.10239078318590211
oc,125.0,1.0768195298960315,6.869578423447609e-08,0.006245071294043281,6.185057836102514e+16,2.118782827067753e+19,1.5357919101745596e+22,1.2829569403832209e+22,1.0975221332344904,0.10326963072589977
oc,125.0,1.0768195298960315,6.977848904057438e-08,0.00634349900368858,6.3556162534646376e+16,2.074700125142803e+19,1.5357919101745596e+22,1.290906748879378e+22,1.0971060410237157,0.10414943710149634
oc,125.0,1.0768195298960315,7.087802442999102e-08,0.006443456766362821,6.531775773985209e+16,2.031254343045393e+19,1.5357919101745596e+22,1.2989051708420437e+22,1.0966920527994146,0.10503009085482541
oc,125.0,1.0768195298960315,7.199464854536281e-08,0.006544968049578437,6.7137297680855384e+16,1.9884477837773922e+19,1.5357919101745596e+22,1.3069528459314863e+22,1.0962802592013203,0.10591147951627591
oc,125.0,1.0768195298960315,7.312862337869174e-08,0.006648056670790159,6.901677598490133e+16,1.9462823275633672e+19,1.5357919101745596e+22,1.315050341524811e+22,1.0958707492637059,0.10679348961666157
oc,125.0,1.0768195298960315,7.42802148252601e-08,0.006752746802296372,7.0958247157520984e+16,1.9047594363298767e+19,1.5357919101745596e+22,1.3231981461823646e+22,1.0954636103153093,0.10767600669855329
oc,125.0,1.0768195298960315,7.544969273820284e-08,0.006859062976200259,7.296382746600048e+16,1.86388015878341e+19,1.5357919101745596e+22,1.3313966630435235e+22,1.0950589278808402,0.10855891532676831
oc,125.0,1.0768195298960315,7.663733098372088e-08,0.0069670300894291715,7.503569574164486e+16,1.8236451360678314e+19,1.5357919101745596e+22,1.3396462031724914e+22,1.0946567855843656,0.10944209909797632
oc,125.0,1.0768195298960315,7.784340749694441e-08,0.007076673408813128,7.717609409087917e+16,1.784054607979941e+19,1.5357919101745596e+22,1.347946978876604e+22,1.0942572650548734,0.11032544064940754
oc,125.0,1.0768195298960315,7.906820433846068e-08,0.007188018576223698,7.938732850464925e+16,1.7451084197204795e+19,1.5357919101745596e+22,1.3562990970210986e+22,1.0938604458343237,0.11120882166665413
oc,125.0,1.0768195298960315,8.031200775148666e-08,0.007301091613771515,8.167176935492536e+16,1.7068060291579961e+19,1.5357919101745596e+22,1.364702552365531e+22,1.093466405288513,0.11209212289053508
oc,125.0,1.0768195298960315,8.157510821971942e-08,0.0074159189290654015,8.403185176660872e+16,1.6691465145803397e+19,1.5357919101745596e+22,1.3731572209492968e+22,1.0930752185210642,0.11297522412303743
oc,125.0,1.0768195298960315,8.285780052584041e-08,0.007532527320530946,8.647007585248208e+16,1.632128582909552e+19,1.5357919101745596e+22,1.381662853555462e+22,1.0926869582908896,0.11385800423230925
oc,125.0,1.0768195298960315,8.41603838106953e-08,0.007650943982790481,8.898900679826989e+16,1.5957505783538016e+19,1.5357919101745596e+22,1.3902190692832763e+22,1.0923016949334605,0.1147403411567166
oc,125.0,1.0768195298960315,8.548316163314407e-08,0.007771196512104006,9.159127478427141e+16,1.5600104914702103e+19,1.5357919101745596e+22,1.3988253492617647e+22,1.0919194962862324,0.11562211190796194
oc,125.0,1.0768195298960315,8.682644203058415e-08,0.007893312911871286,9.427957472950869e+16,1.5249059686117048e+19,1.5357919101745596e+22,1.407481030539152e+22,1.0915404276185836,0.11650319257327164
oc,125.0,1.0768195298960315,8.81905375801531e-08,0.008017321598195737,9.705666584370565e+16,1.4904343217305438e+19,1.5357919101745596e+22,1.416185300183777e+22,1.0911645515666237,0.11738345831666637
oc,125.0,1.0768195298960315,8.957576546060974e-08,0.008143251405509977,9.992537097191006e+16,1.4565925385111245e+19,1.5357919101745596e+22,1.4249371896343492e+22,1.0907919280732443,0.11826278337932869
oc,125.0,1.0768195298960315,9.098244751490158e-08,0.00827113159226378,1.0288857571612458e+17,1.423377292804258e+19,1.5357919101745596e+22,1.433735569339989e+22,1.0904226143337787,0.1191410410790913
oc,125.0,1.0768195298960315,9.24109103134052e-08,0.0084009918466732,1.0594922731767426e+17,1.3907849553356147e+19,1.5357919101745596e+22,1.4425791437305144e+22,1.0900566647476604,0.12001810380906093
oc,125.0,1.0768195298960315,9.38614852178688e-08,0.008532862292533527,1.09110333283854e+17,1.3588116046600116e+19,1.5357919101745596e+22,1.451466446561652e+22,1.0896941308764516,0.12089384303542443
oc,125.0,1.0768195298960315,9.53345084460277e-08,0.008666773495093427,1.1237495974177269e+17,1.327453038334816e+19,1.5357919101745596e+22,1.460395836679699e+22,1.0893350614086472,0.12176812929445074
oc,125.0,1.0768195298960315,9.683032113691836e-08,0.008802756466992578,1.1574622950215214e+17,1.2967047842846607e+19,1.5357919101745596e+22,1.4693654942529482e+22,1.0889795021316397,0.12264083218874161
oc,125.0,1.0768195298960315,9.834926941687449e-08,0.008940842674261318,1.192273198155303e+17,1.2665621123309519e+19,1.5357919101745596e+22,1.4783734175194728e+22,1.0886274959112603,0.12351182038276175
oc,125.0,1.0768195298960315,9.989170446622597e-08,0.00908106404238418,1.2282145980309634e+17,1.2370200458593204e+19,1.5357919101745596e+22,1.4874174201010009e+22,1.0882790826792927,0.12438096159770615
oc,125.0,1.0768195298960315,1.0145798258667493e-07,0.009223452962424994,1.2653192754436552e+17,1.2080733735996043e+19,1.5357919101745596e+22,1.4964951289370929e+22,1.0879342994293943,0.1252481226057387
oc,125.0,1.0768195298960315,1.030484652693735e-07,0.009368042297215773,1.3036204680376469e+17,1.1797166614925154e+19,1.5357919101745596e+22,1.5056039828923338e+22,1.0875931802218346,0.12611316922366905
oc,125.0,1.0768195298960315,1.0466351926369088e-07,0.009514865387608262,1.3431518337849117e+17,1.1519442646185607e+19,1.5357919101745596e+22,1.5147412320945707e+22,1.0872557561974951,0.1269759663061178
oc,125.0,1.0768195298960315,1.0630351664667048e-07,0.009663956058788226,1.3839474104993634e+17,1.1247503391652823e+19,1.5357919101745596e+22,1.523903938060287e+22,1.0869220556015684,0.1278363777382296
oc,125.0,1.0768195298960315,1.0796883489318065e-07,0.009815348626652787,1.4260415712161109e+17,1.0981288544095654e+19,1.5357919101745596e+22,1.5330889746685876e+22,1.0865921038174116,0.12869426642799978
oc,125.0,1.0768195298960315,1.0965985694675306e-07,0.009969077904250279,1.469468975266399e+17,1.0720736046928595e+19,1.5357919101745596e+22,1.5422930300432244e+22,1.086265923411017,0.12954949429827609
oc,125.0,1.0768195298960315,1.1137697129110978e-07,0.010125179208282709,1.5142645148880717e+17,1.0465782213678918e+19,1.5357919101745596e+22,1.5515126094068955e+22,1.085943534186577,0.13040192227850395
oc,125.0,1.0768195298960315,1.131205720223829e-07,0.010283688365671173,1.560463257216379e+17,1.0216361846964e+19,1.5357919101745596e+22,1.5607440389709303e+22,1.0856249532536308,0.13125141029628662
oc,125.0,1.0768195298960315,1.1489105892200752e-07,0.010444641720182501,1.6081003815106326e+17,9.972408356787812e+18,1.5357919101745596e+22,1.5699834709267236e+22,1.0853101951063,0.13209781726882056
oc,125.0,1.0768195298960315,1.1668883753031101e-07,0.010608076139119182,1.6572111114831248e+17,9.733853877969256e+18,1.5357919101745596e+22,1.5792268896055601e+22,1.0849992717151278,0.1329410010942881
oc,125.0,1.0768195298960315,1.1851431922077509e-07,0.010774029020070464,1.707830642608325e+17,9.500629386533216e+18,1.5357919101745596e+22,1.5884701188746161e+22,1.084692192632062,0.13378081864326646
oc,125.0,1.0768195298960315,1.2036792127497026e-07,0.010942538297724569,1.7599940643069005e+17,9.272664814902569e+18,1.5357919101745596e+22,1.5977088308393011e+22,1.0843889651091414,0.13461712575022192
oc,125.0,1.0768195298960315,1.2225006695817458e-07,0.011113642450743144,1.8137362769138864e+17,9.049889165739462e+18,1.5357919101745596e+22,1.606938555920742e+22,1.0840895942314512,0.1354497772051624
oc,125.0,1.0768195298960315,1.241611855956522e-07,0.011287380508695655,1.869091903361273e+17,8.832230624300628e+18,1.5357919101745596e+22,1.6161546943809249e+22,1.0837940830649593,0.1362786267455004
oc,125.0,1.0768195298960315,1.261017126495984e-07,0.0114637920590544,1.9260951955238557e+17,8.619616669179365e+18,1.5357919101745596e+22,1.6253525293659727e+22,1.0835024328198473,0.1371035270481899
oc,125.0,1.0768195298960315,1.2807208979674554e-07,0.011642917254249596,1.984779935202698e+17,8.41197418132053e+18,1.5357919101745596e+22,1.6345272415406078e+22,1.0832146430299878,0.13792432972218907
oc,125.0,1.0768195298960315,1.3007276500662229e-07,0.011824796818783845,2.045179329744846e+17,8.209229551207525e+18,1.5357919101745596e+22,1.643673925386636e+22,1.0829307117492457,0.13874088530129258
oc,125.0,1.0768195298960315,1.3210419262045697e-07,0.01200947205640518,2.1073259023247578e+17,8.011308784132679e+18,1.5357919101745596e+22,1.6527876072375662e+22,1.0826506357653045,0.13955304323736956
oc,125.0,1.0768195298960315,1.3416683343072837e-07,0.012196984857338944,2.171251376945879e+17,7.81813760347409e+18,1.5357919101745596e+22,1.6618632651240488e+22,1.0823744108317628,0.14036065189403693
oc,125.0,1.0768195298960315,1.3626115476134353e-07,0.012387377705576685,2.236986558249048e+17,7.62964155191689e+18,1.5357919101745596e+22,1.670895850501799e+22,1.0821020319192636,0.14116355854077814
oc,125.0,1.0768195298960315,1.3838763054844443e-07,0.012580693686222222,2.3045612062522944e+17,7.445746090567892e+18,1.5357919101745596e+22,1.6798803119361296e+22,1.0818334934864688,0.1419616093475103
oc,125.0,1.0768195298960315,1.4054674142183642e-07,0.012776976492894221,2.37400390618202e+17,7.266376695926716e+18,1.5357919101745596e+22,1.6888116208159425e+22,1.081568789771718,0.14275464937958507
oc,125.0,1.0768195298960315,1.427389747870162e-07,0.01297627043518329,2.4453419335925917e+17,7.091458954690717e+18,1.5357919101745596e+22,1.697684799168805e+22,1.0813079151062612,0.1435425225931836
oc,125.0,1.0768195298960315,1.4496482490780489e-07,0.01317862044616408,2.5186011150156522e+17,6.920918656382642e+18,1.5357919101745596e+22,1.706494949650723e+22,1.0810508642499843,0.14432507183105459
oc,125.0,1.0768195298960315,1.4722479298957047e-07,0.013384072089960952,2.5938056844191987e+17,6.754681883805398e+18,1.5357919101745596e+22,1.7152372877814428e+22,1.0807976327506008,0.14510213881851441
oc,125.0,1.0768195298960315,1.4951938726302417e-07,0.013592671569365833,2.6709781358023837e+17,6.592675101342377e+18,1.5357919101745596e+22,1.723907176496906e+22,1.0805482173273262,0.1458735641595991
oc,125.0,1.0768195298960315,1.518491230685864e-07,0.013804465733507854,2.7501390722980125e+17,6.434825241135478e+18,1.5357919101745596e+22,1.732500163091185e+22,1.0803026162800982,0.14663918733323375
oc,125.0,1.0768195298960315,1.542145229413025e-07,0.014019502085572955,2.8313070521981667e+17,6.28105978718909e+18,1.5357919101745596e+22,1.7410120186176442e+22,1.0800608299254575,0.14739884668924305
oc,125.0,1.0768195298960315,1.566161166963006e-07,0.014237828790572782,2.9144984323700115e+17,6.131306857462062e+18,1.5357919101745596e+22,1.7494387798221867e+22,1.0798228610602667,0.14815237944399473
oc,125.0,1.0768195298960315,1.5905444151477943e-07,0.014459494683161767,2.9997272095727456e+17,5.985495284027238e+18,1.5357919101745596e+22,1.7577767936801156e+22,1.079588715454486,0.14889962167542142
oc,125.0,1.0768195298960315,1.6153004203050185e-07,0.01468454927550017,3.0870048602362496e+17,5.843554691395017e+18,1.5357919101745596e+22,1.7660227646102008e+22,1.0793584023743,0.14964040831711684
oc,125.0,1.0768195298960315,1.6404347041678602e-07,0.014913042765162365,3.176340179310383e+17,5.705415573113062e+18,1.5357919101745596e+22,1.7741738044414742e+22,1.079131935136947,0.15037457315115327
oc,125.0,1.0768195298960315,1.6659528647398002e-07,0.015145026043089094,3.267739118837719e+17,5.571009366773939e+18,1.5357919101745596e+22,1.7822274852099906e+22,1.0789093316986682,0.15110194879920835
oc,125.0,1.0768195298960315,1.6918605771739475e-07,0.015380550701581341,3.3612046269523514e+17,5.440268527583334e+18,1.5357919101745596e+22,1.790181894869201e+22,1.0786906152772713,0.15182236671151975
oc,125.0,1.0768195298960315,1.718163594656804e-07,0.015619669042334583,3.4567364880457555e+17,5.31312660065893e+18,1.5357919101745596e+22,1.7980356959987892e+22,1.0784758150108722,0.15253565715311937
oc,125.0,1.0768195298960315,1.744867749296319e-07,0.01586243408451199,3.554331164887988e+17,5.189518292255781e+18,1.5357919101745596e+22,1.8057881876085896e+22,1.0782649666544726,0.1532416491867197
oc,125.0,1.0768195298960315,1.7719789530139395e-07,0.016108899572853996,3.6539816435254694e+17,5.069379540135595e+18,1.5357919101745596e+22,1.8134393701383843e+22,1.0780581133161,0.15394017065153348
oc,125.0,1.0768195298960315,1.7995031984405312e-07,0.016359119985823012,3.755677281815743e+17,4.952647583324282e+18,1.5357919101745596e+22,1.8209900137691958e+22,1.0778553062343512,0.15463104813721787
oc,125.0,1.0768195298960315,1.8274465598158962e-07,0.016613150543780875,3.8594036624880134e+17,4.839261031529778e+18,1.5357919101745596e+22,1.8284417301733542e+22,1.0776566055992607,0.15531410695202452
oc,125.0,1.0768195298960315,1.855815193891665e-07,0.016871047217196955,3.965142451645027e+17,4.729159934523152e+18,1.5357919101745596e+22,1.835797047849039e+22,1.0774620814185407,0.1559891710841232
oc,125.0,1.0768195298960315,1.8846153408373512e-07,0.01713286673488501,4.0727335062376326e+17,4.621867721452541e+18,1.5357919101745596e+22,1.8428304362163568e+22,1.077268294201608,0.1566560631549391
oc,125.0,1.0768195298960315,1.9138533251492623e-07,0.01739866659226602,4.1820311680820205e+17,4.5169262516547174e+18,1.5357919101745596e+22,1.8493202969727013e+22,1.0770718624418119,0.15731460613693057
oc,125.0,1.0768195298960315,1.9435355565620198e-07,0.017668505059654727,4.2930015059231763e+17,4.4142257896497306e+18,1.5357919101745596e+22,1.8552287068708451e+22,1.076872238376485,0.15796462523710636
oc,125.0,1.0768195298960315,1.9736685309624657e-07,0.01794244119056787,4.4056074349457414e+17,4.313656457589873e+18,1.5357919101745596e+22,1.8605151988745991e+22,1.0766688337709838,0.15860594846147208
oc,125.0,1.0768195298960315,2.0042588313055408e-07,0.018220534830050372,4.5198087184209466e+17,4.2151087425386424e+18,1.5357919101745596e+22,1.8651368809745682e+22,1.0764610212131909,0.1592384072353808
oc,125.0,1.0768195298960315,2.0353131285319847e-07,0.018502846623018043,4.6355619775917216e+17,4.1184741193445417e+18,1.5357919101745596e+22,1.869048643295554e+22,1.0762481365041043,0.1598618370814624
oc,125.0,1.0768195298960315,2.0668381824874192e-07,0.018789438022612903,4.752820708895579e+17,4.0236458026098053e+18,1.5357919101745596e+22,1.8722034709603056e+22,1.0760294823743306,0.16047607835597058
oc,125.0,1.0768195298960315,2.0988408428425337e-07,0.019080371298568488,4.871535307365286e+17,3.9305196402402534e+18,1.5357919101745596e+22,1.8745528812762657e+22,1.0758043337793481,0.1610809770433121
oc,125.0,1.0768195298960315,2.1313280500140307e-07,0.019375709545582098,4.991653094783477e+17,3.838995159042553e+18,1.5357919101745596e+22,1.8760475043172394e+22,1.075571945045511,0.16167638560716166
oc,125.0,1.0768195298960315,2.1643068360860024e-07,0.01967551669169093,5.113118350924446e+17,3.748976769528916e+18,1.5357919101745596e+22,1.876637825612145e+22,1.075331559151031,0.162262163894893
oc,125.0,1.0768195298960315,2.1977843257313156e-07,0.019979857506648324,5.23587234601617e+17,3.660375132194052e+18,1.5357919101745596e+22,1.876275108092998e+22,1.075082419427821,0.16283818009004164
oc,125.0,1.0768195298960315,2.2317677371326033e-07,0.020288797610296394,5.359853372412282e+17,3.573108680747348e+18,1.5357919101745596e+22,1.8749125073159066e+22,1.0748237839563293,0.16340431170514969
oc,125.0,1.0768195298960315,2.2662643829025575e-07,0.02060240348093234,5.48499677341099e+17,3.4871052888443617e+18,1.5357919101745596e+22,1.872506388842916e+22,1.0745549428905286,0.1639604466046242
oc,125.0,1.0768195298960315,2.301281671003057e-07,0.020920742463664155,5.6112349672214355e+17,3.4023040555695667e+18,1.5357919101745596e+22,1.8690178491439116e+22,1.0742752388872752,0.1645064840441864
oc,125.0,1.0768195298960315,2.3368271056625915e-07,0.021243882778750833,5.738497464291792e+17,3.3186571712253394e+18,1.5357919101745596e+22,1.8644144310824538e+22,1.0739840907157927,0.1650423357101581
oc,125.0,1.0768195298960315,2.372908288291805e-07,0.0215718935299255,5.866710876603839e+17,3.2361318090330834e+18,1.5357919101745596e+22,1.858672011725602e+22,1.0736810199812838,0.1655679267383159
oc,125.0,1.0768195298960315,2.4095329183963207e-07,0.021904844712693827,5.99579891813192e+17,3.1547119706160307e+18,1.5357919101745596e+22,1.8517768238104096e+22,1.0733656807044174,0.16608319668845467
oc,125.0,1.0768195298960315,2.446708794486748e-07,0.022242807222606797,6.125682396481955e+17,3.074400194460217e+18,1.5357919101745596e+22,1.8437275529571094e+22,1.0730378912503147,0.1665881004473597
oc,125.0,1.0768195298960315,2.48444381498505e-07,0.022585852863500455,6.256279196764378e+17,2.9952190182713006e+18,1.5357919101745596e+22,1.8345374313107237e+22,1.0726976677949618,0.16708260902978705
oc,125.0,1.0768195298960315,2.522745979127007e-07,0.022934054355700062,6.387504260006665e+17,2.9172120701153956e+18,1.5357919101745596e+22,1.8242362259280513e+22,1.0723452581579136,0.1675667102446218
oc,125.0,1.0768195298960315,2.5616233878600337e-07,0.023287485344182124,6.519269559830372e+17,2.8404446518225823e+18,1.5357919101745596e+22,1.812871998739879e+22,1.0719811744307164,0.16804040919193242
oc,125.0,1.0768195298960315,2.601084244735974e-07,0.023646220406690677,6.651484082640214e+17,2.7650036741299773e+18,1.5357919101745596e+22,1.8005124967842e+22,1.071606222415213,0.16850372855655235
oc,125.0,1.0768195298960315,2.6411368567981104e-07,0.024010335061801003,6.784053818095352e+17,2.690996809435003e+18,1.5357919101745596e+22,1.7872460196834259e+22,1.0712215254934903,0.1689567086654483
oc,125.0,1.0768195298960315,2.6817896354620375e-07,0.024379905776927613,6.916881768027903e+17,2.618550747632396e+18,1.5357919101745596e+22,1.7731816094366693e+22,1.0708285402358144,0.16939940727983316
oc,125.0,1.0768195298960315,2.7230510973895295e-07,0.02475500997626845,7.049867983080979e+17,2.5478084754848763e+18,1.5357919101745596e+22,1.7584484189213796e+22,1.0704290608829121,0.1698318990989826
oc,125.0,1.0768195298960315,2.7649298653549316e-07,0.025135726048681195,7.182909636993512e+17,2.4789255512137267e+18,1.5357919101745596e+22,1.7431941428829003e+22,1.070025209892577,0.1702542749611639
oc,125.0,1.0768195298960315,2.8074346691033843e-07,0.02552213335548531,7.315901148490529e+17,2.4120654125094093e+18,1.5357919101745596e+22,1.727582440253957e+22,1.0696194120961853,0.17066664073789276
oc,125.0,1.0768195298960315,2.850574346200175e-07,0.025914312238183412,7.448734360008534e+17,2.3473938345786337e+18,1.5357919101745596e+22,1.7117893390653043e+22,1.0692143507323713,0.17106911593060897
oc,125.0,1.0768195298960315,2.8943578428705664e-07,0.026312344026096057,7.581298780905347e+17,2.285072739159466e+18,1.5357919101745596e+22,1.695998692135482e+22,1.0688129047434625,0.1714618319932253
oc,125.0,1.0768195298960315,2.9387942148292916e-07,0.026716311043902652,7.713481900355223e+17,2.2252536372065853e+18,1.5357919101745596e+22,1.6803968374656486e+22,1.068418068211797,0.17184493041901638
oc,125.0,1.0768195298960315,2.9838926280991484e-07,0.027126296619083168,7.845169571899775e+17,2.1680710570135688e+18,1.5357919101745596e+22,1.6651667034282855e+22,1.0680328545826694,0.1722185606449082
oc,125.0,1.0768195298960315,3.029662359817677e-07,0.02754238508925161,7.976246467789981e+17,2.1136363552966252e+18,1.5357919101745596e+22,1.650481675073443e+22,1.0676601901940268,0.17258287783916193
oc,125.0,1.0768195298960315,3.076112799031355e-07,0.027964661809375957,8.10659659709452e+17,2.0620323218581673e+18,1.5357919101745596e+22,1.6364995931790744e+22,1.0673028033654566,0.17293804064847162
oc,125.0,1.0768195298960315,3.12325344747639e-07,0.028393213158876274,8.23610387741937e+17,2.013308962616022e+18,1.5357919101745596e+22,1.6233572821550104e+22,1.0669631166053533,0.1732842089864408
oc,125.0,1.0768195298960315,3.17109392034528e-07,0.028828126548593458,8.364652746383127e+17,1.967480779418185e+18,1.5357919101745596e+22,1.611165989670585e+22,1.0666431500995688,0.1736215419463912
oc,125.0,1.0768195298960315,3.2196439470382796e-07,0.029269490427620726,8.492128796071031e+17,1.9245257621581763e+18,1.5357919101745596e+22,1.6000080676224103e+22,1.0663444443424381,0.17395019591700386
oc,125.0,1.0768195298960315,3.2689133718989104e-07,0.029717394289990096,8.618419411910195e+17,1.884386178800725e+18,1.5357919101745596e+22,1.5899351340504903e+22,1.066068008486275,0.17427032296943168
oc,125.0,1.0768195298960315,3.318912154932562e-07,0.030171928681205107,8.74341439692077e+17,1.8469711059931615e+18,1.5357919101745596e+22,1.5809678375823012e+22,1.0658142988091122,0.17458206956983405
oc,125.0,1.0768195298960315,3.369650372507253e-07,0.03063318520461139,8.867006563223314e+17,1.8121605033477368e+18,1.5357919101745596e+22,1.5730972130830855e+22,1.065583228890985,0.17488557565286497
oc,125.0,1.0768195298960315,3.4211382180356256e-07,0.0311012565275966,8.98909227488358e+17,1.779810514463063e+18,1.5357919101745596e+22,1.566287484976619e+22,1.0653742100318462,0.1751809740709973
oc,125.0,1.0768195298960315,3.4733860026371343e-07,0.03157623638761031,9.109571929480209e+17,1.7497595908612424e+18,1.5357919101745596e+22,1.5604800587410994e+22,1.0651862175779114,0.1754683904134269
oc,125.0,1.0768195298960315,3.5264041557793443e-07,0.03205821959799404,9.228350369796155e+17,1.7218349901310996e+18,1.5357919101745596e+22,1.555598354528305e+22,1.0650178765515503,0.17574794316844772
oc,125.0,1.0768195298960315,3.5802032258974794e-07,0.03254730205361345,9.345337221411927e+17,1.6958591997888804e+18,1.5357919101745596e+22,1.5515530885662075e+22,1.0648675585932075,0.17601974418623442
oc,125.0,1.0768195298960315,3.6347938809909277e-07,0.033043580736281164,9.460447156264282e+17,1.671655880944342e+18,1.5357919101745596e+22,1.5482476014709714e+22,1.0647334818510883,0.17628389938617078
oc,125.0,1.0768195298960315,3.69018690919575e-07,0.033547153719961365,9.573600086061317e+17,1.6490550030240622e+18,1.5357919101745596e+22,1.545582865793291e+22,1.0646138060538652,0.17654050964501905
oc,125.0,1.0768195298960315,3.74639321933195e-07,0.034058120175745,9.684721292512321e+17,1.6278969412696115e+18,1.5357919101745596e+22,1.5434618712214487e+22,1.0645067163889903,0.1767896717995868
oc,125.0,1.0768195298960315,3.803423841424418e-07,0.03457658037658562,9.793741503433581e+17,1.6080354195007757e+18,1.5357919101745596e+22,1.5417931745358321e+22,1.0644104917084825,0.1770314796998454
oc,125.0,1.0768195298960315,3.8612899271962657e-07,0.035102635701784235,9.900596924851667e+17,1.5893392888323456e+18,1.5357919101745596e+22,1.54049350050999e+22,1.0643235546873677,0.17726602525495463
oc,125.0,1.0768195298960315,3.9200027505334535e-07,0.03563638864121321,1.0005229239285599e+18,1.5716932274768916e+18,1.5357919101745596e+22,1.5394893772710648e+22,1.0642445035802757,0.17749339942428152
oc,125.0,1.0768195298960315,3.9795737079193217e-07,0.03617794279926656,1.0107585579587452e+18,1.5549975191730463e+18,1.5357919101745596e+22,1.5387178744844435e+22,1.0641721269315,0.17771369311701016
oc,125.0,1.0768195298960315,4.0400143188377985e-07,0.03672740289852544,1.0207618486275333e+18,1.5391671134829665e+18,1.5357919101745596e+22,1.5381265772206327e+22,1.0641054038459368,0.1779269979760434
oc,125.0,1.0768195298960315,4.1013362261439735e-07,0.03728487478312703,1.0305285854458248e+18,1.52413018933538e+18,1.5357919101745596e+22,1.5376729681644134e+22,1.064043493161054,0.17813340703343603
oc,125.0,1.0768195298960315,4.163551196400648e-07,0.037850465421824075,1.040055087448997e+18,1.5098264363659581e+18,1.5357919101745596e+22,1.5373234053779101e+22,1.063985715089459,0.17833301523465797
oc,125.0,1.0768195298960315,4.2266711201795267e-07,0.03842428291072297,1.049338196862925e+18,1.4962052421294177e+18,1.5357919101745596e+22,1.5370518749598024e+22,1.0639315287051778,0.1785259198369648
oc,125.0,1.0768195298960315,4.290708012325603e-07,0.0390064364756873,1.0583752724403338e+18,1.4832239340391826e+18,1.5357919101745596e+22,1.5368386730168022e+22,1.0638805081413296,0.17871222069278797
oc,125.0,1.0768195298960315,4.3556740121832605e-07,0.03959703647439328,1.0671641824175075e+18,1.4708461802160868e+18,1.5357919101745596e+22,1.5366691360826628e+22,1.0638323196853874,0.17889202043238636
oc,125.0,1.0768195298960315,4.4215813837827274e-07,0.0401961943980248,1.0757032969642865e+18,1.4590406098288061e+18,1.5357919101745596e+22,1.5365325002727284e+22,1.0637867012274833,0.17906542456132266
oc,125.0,1.0768195298960315,4.4884425159851984e-07,0.040804022872592716,1.0839914799627963e+18,1.4477796759198454e+18,1.5357919101745596e+22,1.5364209328239124e+22,1.0637434448406171,0.1792325414880602
oc,125.0,1.0768195298960315,4.556269922585227e-07,0.0414206356598657,1.0920280799464289e+18,1.4370387550399117e+18,1.5357919101745596e+22,1.536328749295333e+22,1.0637023827186323,0.17939348249563689
oc,125.0,1.0768195298960315,4.625076242368779e-07,0.04204614765789799,1.0998129200507581e+18,1.426795459153029e+18,1.5357919101745596e+22,1.5362518076489397e+22,1.0636633763013206,0.17954836166942134
oc,125.0,1.0768195298960315,4.694874239125256e-07,0.04268067490113869,1.1073462868628658e+18,1.417029125471172e+18,1.5357919101745596e+22,1.5361870569274354e+22,1.0636263081766177,0.17969729579080013
oc,125.0,1.0768195298960315,4.765676801611914e-07,0.04332433456010831,1.1146289180975867e+18,1.4077204473089984e+18,1.5357919101745596e+22,1.5361322121792038e+22,1.0635910762448582,0.17984040420457056
oc,125.0,1.0768195298960315,4.837496943469012e-07,0.04397724494062738,1.1216619890709399e+18,1.3988512114496663e+18,1.5357919101745596e+22,1.5360855267737606e+22,1.0635575896244511,0.17997780866599866
oc,125.0,1.0768195298960315,4.910347803083952e-07,0.04463952548258138,1.1284470979786045e+18,1.3904041126895101e+18,1.5357919101745596e+22,1.5360456362538123e+22,1.0635257658346442,0.1801096331720267
oc,125.0,1.0768195298960315,4.984242643402648e-07,0.04531129675820589,1.1349862500192882e+18,1.3823626224052122e+18,1.5357919101745596e+22,1.5360114525641711e+22,1.06349552887664,0.18023600377998872
oc,125.0,1.0768195298960315,5.059194851686406e-07,0.045992680469876424,1.1412818404286915e+18,1.3747108939458993e+18,1.5357919101745596e+22,1.5359820925363615e+22,1.0634668079252365,0.18035704841637595
oc,125.0,1.0768195298960315,5.135217939212421e-07,0.046683799447385654,1.1473366365071754e+18,1.3674336927214853e+18,1.5357919101745596e+22,1.5359568290521725e+22,1.0634395364247575,0.18047289667762847
oc,125.0,1.0768195298960315,5.212325540916164e-07,0.0473847776446924,1.153153758739667e+18,1.3605163427943875e+18,1.5357919101745596e+22,1.5359350569815585e+22,1.0634136514486319,0.18058367962455518
oc,125.0,1.0768195298960315,5.290531414973651e-07,0.04809574013612411,1.1587366611141996e+18,1.3539446846257503e+18,1.5357919101745596e+22,1.535916268711326e+22,1.0633890932305343,0.18068952957173998
oc,125.0,1.0768195298960315,5.369849442321835e-07,0.04881681311201669,1.1640891107523103e+18,1.3477050405623557e+18,1.5357919101745596e+22,1.535900035970486e+22,1.0633658048085743,0.18079057987313785
oc,125.0,1.0768195298960315,5.450293626115079e-07,0.04954812387377344,1.169215166967793e+18,1.3417841859033823e+18,1.5357919101745596e+22,1.535885995894791e+22,1.063343731746016,0.18088696470496654
oc,125.0,1.0768195298960315,5.531878091115703e-07,0.05028980082832457,1.1741191598718748e+18,1.336169324167954e+18,1.5357919101745596e+22,1.5358738400495962e+22,1.0633228219057789,0.1809788188469321
oc,125.0,1.0768195298960315,5.614617083016814e-07,0.05104197348197104,1.1788056686427945e+18,1.3308480656588977e+18,1.5357919101745596e+22,1.535863305601052e+22,1.0633030252643312,0.1810662774627811
oc,125.0,1.0768195298960315,5.698524967695082e-07,0.05180477243359166,1.1832794995772058e+18,1.3258084087035976e+18,1.5357919101745596e+22,1.5358541681071787e+22,1.06328429375556,0.18114947588113456
oc,125.0,1.0768195298960315,5.783616230391752e-07,0.05257832936719775,1.187545664037347e+18,1.3210387231272637e+18,1.5357919101745596e+22,1.535846235568265e+22,1.0632665811382151,0.18122854937752605
oc,125.0,1.0768195298960315,5.869905474819483e-07,0.05336277704381348,1.1916093564065958e+18,1.3165277356211366e+18,1.5357919101745596e+22,1.535839343479749e+22,1.063249842882316,0.18130363295853635
oc,125.0,1.0768195298960315,5.957407422193069e-07,0.05415824929266427,1.195475932160244e+18,1.312264516740625e+18,1.5357919101745596e+22,1.5358333506956655e+22,1.063234036071102,0.1813748611488838
oc,125.0,1.0768195298960315,6.0461369101819e-07,0.05496488100165364,1.1991508861550474e+18,1.3082384693159352e+18,1.5357919101745596e+22,1.5358281359553292e+22,1.0632191193158718,0.18144236778229836
oc,125.0,1.0768195298960315,6.136108891781953e-07,0.05578280810710867,1.2026398312356613e+18,1.304439318093496e+18,1.5357919101745596e+22,1.535823594957373e+22,1.0632050526816084,0.18150628579697284
oc,125.0,1.0768195298960315,6.227338434105047e-07,0.056612167582773154,1.2059484772496545e+18,1.3008571004531932e+18,1.5357919101745596e+22,1.5358196378877781e+22,1.0631917976216962,0.1815667470363455
oc,125.0,1.0768195298960315,6.319840717083361e-07,0.057453097428030564,1.2090826105574966e+18,1.297482158066343e+18,1.5357919101745596e+22,1.5358161873262692e+22,1.063179316920343,0.1816238820559311
oc,125.0,1.0768195298960315,6.413631032086649e-07,0.058305736655333174,1.21204807411715e+18,1.2943051293760138e+18,1.5357919101745596e+22,1.5358131764698597e+22,1.0631675746415428,0.18167781993687498
oc,125.0,1.0768195298960315,6.508724780450197e-07,0.05917022527681998,1.2148507482157143e+18,1.2913169427945e+18,1.5357919101745596e+22,1.5358105476222975e+22,1.0631565360836308,0.1817286881068584
oc,125.0,1.0768195298960315,6.605137471910994e-07,0.06004670429009995,1.217496531913932e+18,1.2885088105233682e+18,1.5357919101745596e+22,1.5358082509075454e+22,1.0631461677386065,0.18177661216893973
oc,125.0,1.0768195298960315,6.702884722950026e-07,0.060935315663182055,1.2199913252621396e+18,1.2858722229108357e+18,1.5357919101745596e+22,1.5358062431722726e+22,1.0631364372555339,0.18182171573886377
oc,125.0,1.0768195298960315,6.80198225503809e-07,0.0618362023185281,1.222341012339055e+18,1.2833989432688097e+18,1.5357919101745596e+22,1.5358044870486335e+22,1.0631273134074264,0.18186412029132323
oc,125.0,1.0768195298960315,6.902445892783118e-07,0.06274950811621016,1.2245514451573814e+18,1.281081003078642e+18,1.5357919101745596e+22,1.5358029501522787e+22,1.063118766061098,0.18190394501560145
oc,125.0,1.0768195298960315,7.004291561976294e-07,0.06367537783614813,1.226628428473085e+18,1.2789106975207972e+18,1.5357919101745596e+22,1.535801604395703e+22,1.063110766149537,0.1819413066809729
oc,125.0,1.0768195298960315,7.107535287534933e-07,0.06461395715940849,1.2285777055283215e+18,1.276880581268824e+18,1.5357919101745596e+22,1.5358004253995647e+22,1.063103285646411,0.18197631951218143
oc,125.0,1.0768195298960315,7.212193191339467e-07,0.06556539264854061,1.2304049447508273e+18,1.2749834644927898e+18,1.5357919101745596e+22,1.535799391987272e+22,1.0630962975423568,0.1820090950752606
oc,125.0,1.0768195298960315,7.31828148996233e-07,0.06652983172693028,1.2321157274260403e+18,1.2732124090221757e+18,1.5357919101745596e+22,1.535798485750958e+22,1.063089775822749,0.18203974217390362
oc,125.0,1.0768195298960315,7.425816492286187e-07,0.06750742265714715,1.2337155363516636e+18,1.2715607246222764e+18,1.5357919101745596e+22,1.5357976906780404e+22,1.0630836954466847,0.182068366756533
oc,125.0,1.0768195298960315,7.53481459700921e-07,0.06849831451826555,1.2352097454782113e+18,1.2700219653424138e+18,1.5357919101745596e+22,1.5357969928298072e+22,1.0630780323269389,0.18209507183416426
oc,125.0,1.0768195298960315,7.645292290034978e-07,0.06950265718213616,1.2366036105332972e+18,1.268589925898206e+18,1.5357919101745596e+22,1.5357963800646278e+22,1.0630727633106845,0.18211995740910034
oc,125.0,1.0768195298960315,7.75726614174454e-07,0.07052060128858673,1.2379022606217492e+18,1.2672586380538204e+18,1.5357919101745596e+22,1.5357958417990898e+22,1.0630678661607804,0.18214312041443967
oc,125.0,1.0768195298960315,7.870752804148289e-07,0.07155229821952991,1.2391106907886835e+18,1.266022366974105e+18,1.5357919101745596e+22,1.535795368801951e+22,1.0630633195374748,0.18216465466432588
oc,125.0,1.0768195298960315,7.985769007915122e-07,0.07259790007195566,1.240233755527609e+18,1.2648756075200701e+18,1.5357919101745596e+22,1.5357949530162277e+22,1.0630591029803655,0.182184650814814
oc,125.0,1.0768195298960315,8.10233155927669e-07,0.0736575596297881,1.2412761632115274e+18,1.2638130804646973e+18,1.5357919101745596e+22,1.5357945874053337e+22,1.0630551968905002,0.18220319633517923
oc,125.0,1.0768195298960315,8.220457336804192e-07,0.07473143033458357,1.2422424714207053e+18,1.2628297286097044e+18,1.5357919101745596e+22,1.535794265819999e+22,1.0630515825125004,0.18222037548944442
oc,125.0,1.0768195298960315,8.34016328805534e-07,0.07581966625504855,1.2431370831375086e+18,1.2619207127872218e+18,1.5357919101745596e+22,1.53579398288313e+22,1.0630482419166203,0.18223626932785716
oc,125.0,1.0768195298960315,8.461466426089286e-07,0.07692242205535715,1.243964243775154e+18,1.2610814077337917e+18,1.5357919101745596e+22,1.5357937338899895e+22,1.0630451579806632,0.18225095568800417
oc,125.0,1.0768195298960315,8.584383825846971e-07,0.0780398529622452,1.2447280390047526e+18,1.2603073978271053e+18,1.5357919101745596e+22,1.5357935147217152e+22,1.0630423143716903,0.1822645092052113
oc,125.0,1.0768195298960315,8.708932620394697e-07,0.07917211473086089,1.2454323933424607e+18,1.259594472679211e+18,1.5357919101745596e+22,1.5357933217702723e+22,1.0630396955274721,0.1822770013318401
oc,125.0,1.0768195298960315,8.835129997028664e-07,0.08031936360935149,1.2460810694565158e+18,1.2589386225828513e+18,1.5357919101745596e+22,1.5357931518733054e+22,1.063037286637652,0.18228850036505856
oc,125.0,1.0768195298960315,8.962993193238147e-07,0.08148175630216498,1.2466776681524774e+18,1.2583360338102687e+18,1.5357919101745596e+22,1.5357930022576e+22,1.0630350736245906,0.182299071482635
oc,125.0,1.0768195298960315,9.092539492525114e-07,0.08265944993204649,1.2472256289935158e+18,1.2577830837666657e+18,1.5357919101745596e+22,1.5357928704897907e+22,1.063033043123883,0.182308776786277
oc,125.0,1.0768195298960315,9.223786220078049e-07,0.08385260200070954,1.2477282315118838e+18,1.2572763360027886e+18,1.5357919101745596e+22,1.5357927544336926e+22,1.0630311824645466,0.18231767535201668
oc,125.0,1.0768195298960315,9.356750738297962e-07,0.0850613703481633,1.248188596966954e+18,1.256812535093579e+18,1.5357919101745596e+22,1.5357926522130023e+22,1.0630294796488853,0.1823258232871236
oc,125.0,1.0768195298960315,9.491450442174411e-07,0.08628591311067646,1.2486096906050803e+18,1.2563886013916209e+18,1.5357919101745596e+22,1.5357925621788658e+22,1.0630279233320468,0.18233327379301512
oc,125.0,1.0768195298960315,9.627902754509441e-07,0.08752638867735857,1.2489943243765266e+18,1.2560016256663416e+18,1.5357919101745596e+22,1.5357924828815823e+22,1.0630265028013013,0.18234007723362117
oc,125.0,1.0768195298960315,9.766125120987632e-07,0.08878295564534211,1.2493451600650214e+18,1.2556488636412306e+18,1.5357919101745596e+22,1.5357924130460835e+22,1.063025207955069,0.18234628120865629
oc,125.0,1.0768195298960315,9.906135005090058e-07,0.09005577277354598,1.2496647127861092e+18,1.2553277304427735e+18,1.5357919101745596e+22,1.5357923515502067e+22,1.063024029281734,0.18235193063124758
oc,125.0,1.0768195298960315,1.0047949882850608e-06,0.09134499893500553,1.249955354811327e+18,1.2550357949763868e+18,1.5357919101745596e+22,1.5357922974061447e+22,1.063022957838295,0.18235706780937047
oc,125.0,1.0768195298960315,1.0191587237452651e-06,0.09265079306775137,1.250219319676166e+18,1.2547707742447854e+18,1.5357919101745596e+22,1.5357922497438459e+22,1.0630219852288905,0.18236173253054686
oc,125.0,1.0768195298960315,1.0337064553664431e-06,0.09397331412422211,1.2504587065311964e+18,1.2545305276258468e+18,1.5357919101745596e+22,1.5357922077967747e+22,1.0630211035832562,0.18236596214927014
oc,125.0,1.0768195298960315,1.0484399312111567e-06,0.09531272101919608,1.2506754846970222e+18,1.254313051126724e+18,1.5357919101745596e+22,1.5357921708893297e+22,1.0630203055351688,0.1823697916766331
oc,125.0,1.0768195298960315,1.0633608983385028e-06,0.09666917257622754,1.250871498385355e+18,1.2541164716318333e+18,1.5357919101745596e+22,1.5357921384258972e+22,1.0630195842009282,0.18237325387164716
oc,125.0,1.0768195298960315,1.0784711021983284e-06,0.09804282747257531,1.2510484715502956e+18,1.2539390411618263e+18,1.5357919101745596e+22,1.5357921098811297e+22,1.0630189331579338,0.18237637933376255
oc,125.0,1.0768195298960315,1.0937722860087129e-06,0.09943384418261025,1.2512080128355922e+18,1.2537791311612736e+18,1.5357919101745596e+22,1.5357920847916509e+22,1.0630183464234215,0.18237919659611404
oc,125.0,1.0768195298960315,1.1092661901166052e-06,0.10084238091969139,1.2513516205857403e+18,1.2536352268315625e+18,1.5357919101745596e+22,1.5357920627485382e+22,1.0630178184334023,0.1823817322190436
oc,125.0,1.0768195298960315,1.124954551341493e-06,0.10226859557649937,1.2514806878907113e+18,1.2535059215257836e+18,1.5357919101745596e+22,1.5357920433909166e+22,1.0630173440218715,0.18238401088347217
oc,125.0,1.0768195298960315,1.140839102302004e-06,0.10371264566381855,1.2515965076361539e+18,1.2533899112213235e+18,1.5357919101745596e+22,1.53579202640024e+22,1.063016918400334,0.18238605548371958
oc,125.0,1.0768195298960315,1.1569215707253575e-06,0.10517468824775977,1.2517002775331103e+18,1.2532859890851837e+18,1.5357919101745596e+22,1.535792011495273e+22,1.0630165371376987,0.18238788721939944
oc,125.0,1.0768195298960315,1.1732036787395748e-06,0.10665487988541589,1.251793105103298e+18,1.2531930401461348e+18,1.5357919101745596e+22,1.5357919984277021e+22,1.06301619614059,0.18238952568604283
oc,125.0,1.0768195298960315,1.1896871421484001e-06,0.10815337655894547,1.2518760125982316e+18,1.2531100360869125e+18,1.5357919101745596e+22,1.5357919869782635e+22,1.0630158916341201,0.1823909889641343
oc,125.0,1.0768195298960315,1.2063736696888767e-06,0.1096703336080797,1.2519499418325596e+18,1.2530360301683397e+18,1.5357919101745596e+22,1.535791976953359e+22,1.063015620143168,0.18239229370627372
oc,125.0,1.0768195298960315,1.2232649622715382e-06,0.11120590566104893,1.2520157589140895e+18,1.2529701522962565e+18,1.5357919101745596e+22,1.5357919681820668e+22,1.0630153784741927,0.18239345522220646
oc,125.0,1.0768195298960315,1.2403627122032033e-06,0.11276024656392758,1.2520742588549988e+18,1.252911604240894e+18,1.5357919101745596e+22,1.535791960513424e+22,1.0630151636976235,0.1823944875614945
oc,125.0,1.0768195298960315,1.2576686023923764e-06,0.11433350930839786,1.252126170050825e+18,1.2528596550171418e+18,1.5357919101745596e+22,1.5357919538142006e+22,1.0630149731308518,0.1823954035936313
oc,125.0,1.0768195298960315,1.275184305537256e-06,0.11592584595793237,1.2521721586156385e+18,1.2528136364326333e+18,1.5357919101745596e+22,1.5357919479667926e+22,1.0630148043218477,0.1823962150854309
oc,125.0,1.0768195298960315,1.292911483296395e-06,0.11753740757239955,1.2522128325638605e+18,1.2527729388096353e+18,1.5357919101745596e+22,1.53579194286739e+22,1.063014655033423,0.18239693277555166
oc,125.0,1.0768195298960315,1.3108517854420548e-06,0.1191683441310959,1.2522487458307484e+18,1.252737006885302e+18,1.5357919101745596e+22,1.5357919384244264e+22,1.0630145232281552,0.18239756644604124
oc,125.0,1.0768195298960315,1.3290068489963223e-06,0.12081880445421112,1.252280402125506e+18,1.2527053358936364e+18,1.5357919101745596e+22,1.5357919345571495e+22,1.0630144070539869,0.18239812499081592
oc,125.0,1.0768195298960315,1.3473782973500965e-06,0.12248893612273604,1.2523082586123625e+18,1.2526774678312794e+18,1.5357919101745596e+22,1.5357919311943772e+22,1.0630143048305019,0.18239861648101302
oc,125.0,1.0768195298960315,1.365967739365027e-06,0.12417888539682065,1.2523327294166377e+18,1.25265298790823e+18,1.5357919101745596e+22,1.5357919282733305e+22,1.0630142150358834,0.18239904822717817
oc,125.0,1.0768195298960315,1.384776768458562e-06,0.12588879713259654,1.2523541889541066e+18,1.2526315211834734e+18,1.5357919101745596e+22,1.5357919257387594e+22,1.0630141362945587,0.18239942683827162
oc,125.0,1.0768195298960315,1.4038069616722303e-06,0.1276188146974755,1.2523729750832937e+18,1.2526127293842844e+18,1.5357919101745596e+22,1.5357919235420052e+22,1.0630140673655148,0.18239975827749813
oc,125.0,1.0768195298960315,1.4230598787233641e-06,0.1293690798839422,1.2523893920814587e+18,1.252596307907416e+18,1.5357919101745596e+22,1.5357919216402585e+22,1.0630140071312897,0.18240004791498404
oc,125.0,1.0768195298960315,1.4425370610404372e-06,0.13113973282185792,1.2524037134462008e+18,1.2525819829991939e+18,1.5357919101745596e+22,1.5357919199958711e+22,1.063013954587616,0.18240030057734224
oc,125.0,1.0768195298960315,1.462240030782253e-06,0.13293091188929573,1.2524161845254538e+18,1.252569509110801e+18,1.5357919101745596e+22,1.535791918575811e+22,1.0630139088337154,0.18240052059418152
oc,125.0,1.0768195298960315,1.4821702898412239e-06,0.13474275362192945,1.2524270249795256e+18,1.252558666424543e+18,1.5357919101745596e+22,1.5357919173510297e+22,1.0630138690632154,0.18240071184162981
oc,125.0,1.0768195298960315,1.5023293188310152e-06,0.13657539262100138,1.2524364310795889e+18,1.2525492585460319e+18,1.5357919101745596e+22,1.535791916296024e+22,1.06301383455568,0.18240087778295333
oc,125.0,1.0768195298960315,1.5227185760588555e-06,0.13842896145989597,1.2524445778476416e+18,1.2525411103569426e+18,1.5357919101745596e+22,1.535791915388533e+22,1.0630138046687319,0.18240102150636425
oc,125.0,1.0768195298960315,1.5433394964828389e-06,0.140303590589349,1.2524516210434964e+18,1.2525340660220767e+18,1.5357919101745596e+22,1.5357919146089908e+22,1.0630137788307337,0.18240114576011768
oc,125.0,1.0768195298960315,1.5641934906545607e-06,0.1421994082413237,1.2524576990047736e+18,1.2525279871448381e+18,1.5357919101745596e+22,1.5357919139402971e+22,1.063013756534024,0.1824012529850057
oc,125.0,1.0768195298960315,1.585281943647488e-06,0.14411654033158983,1.2524629343462456e+18,1.252522751064323e+18,1.5357919101745596e+22,1.535791913367524e+22,1.0630137373286674,0.18240134534436286
oc,125.0,1.0768195298960315,1.6066062139714432e-06,0.1460551103610403,1.2524674355251274e+18,1.252518249287138e+18,1.5357919101745596e+22,1.535791912877664e+22,1.0630137208166999,0.18240142475170057
oc,125.0,1.0768195298960315,1.6281676324736676e-06,0.14801523931578797,1.252471298279072e+18,1.2525143860472233e+18,1.5357919101745596e+22,1.5357919124593347e+22,1.0630137066468452,0.18240149289609134
oc,125.0,1.0768195298960315,1.6499675012269185e-06,0.1499970455660835,1.2524746069437747e+18,1.2525110769865485e+18,1.5357919101745596e+22,1.5357919121026612e+22,1.0630136945096758,0.1824015512654251
oc,125.0,1.0768195298960315,1.6720070924050911e-06,0.1520006447640992,1.252477435657107e+18,1.2525082479496136e+18,1.5357919101745596e+22,1.5357919117990328e+22,1.0630136841331888,0.1824016011676613
oc,125.0,1.0768195298960315,1.6942876471469117e-06,0.15402614974062834,1.2524798494566612e+18,1.2525058338848865e+18,1.5357919101745596e+22,1.535791911540997e+22,1.063013675278776,0.18240164375019785
oc,125.0,1.0768195298960315,1.7168103744082338e-06,0.15607367040074854,1.252481905277565e+18,1.2525037778461486e+18,1.5357919101745596e+22,1.5357919113220385e+22,1.0630136677375606,0.18240168001747978
oc,125.0,1.0768195298960315,1.7395764498035548e-06,0.15814331361850498,1.2524836528572754e+18,1.2525020300871442e+18,1.5357919101745596e+22,1.535791911136625e+22,1.0630136613270766,0.18240171084696458
oc,125.0,1.0768195298960315,1.762587014437358e-06,0.16023518313066892,1.2524851355538683e+18,1.2525005472427018e+18,1.5357919101745596e+22,1.5357919109798565e+22,1.0630136558882632,0.18240173700356116
oc,125.0,1.0768195298960315,1.7858431737259404e-06,0.16234937942963096,1.2524863910842435e+18,1.2524992915902223e+18,1.5357919101745596e+22,1.535791910847543e+22,1.063013651282757,0.18240175915265502
oc,125.0,1.0768195298960315,1.8093459962104148e-06,0.16448599965549227,1.2524874521882867e+18,1.252498230385231e+18,1.5357919101745596e+22,1.5357919107360613e+22,1.0630136473904548,0.18240177787182668
oc,125.0,1.0768195298960315,1.8330965123615917e-06,0.16664513748741744,1.252488347224952e+18,1.2524973352650107e+18,1.5357919101745596e+22,1.5357919106422578e+22,1.0630136441073244,0.18240179366136824
oc,125.0,1.0768195298960315,1.857095713377516e-06,0.16882688303431964,1.2524891007058e+18,1.2524965817149778e+18,1.5357919101745596e+22,1.5357919105635026e+22,1.0630136413434492,0.18240180695369718
oc,125.0,1.0768195298960315,1.8813445499744301e-06,0.1710313227249482,1.2524897337713823e+18,1.2524959485920678e+18,1.5357919101745596e+22,1.5357919104974604e+22,1.0630136390212794,0.1824018181217605
oc,125.0,1.0768195298960315,1.9058439311719748e-06,0.17325853919745227,1.2524902646154563e+18,1.2524954177004887e+18,1.5357919101745596e+22,1.535791910442156e+22,1.0630136370740757,0.18240182748651926
oc,125.0,1.0768195298960315,1.9305947230735074e-06,0.1755086111885007,1.2524907088617987e+18,1.252494973414779e+18,1.5357919101745596e+22,1.5357919103959419e+22,1.0630136354445254,0.1824018353235961
oc,125.0,1.0768195298960315,1.9555977476423834e-06,0.17778161342203486,1.2524910798980518e+18,1.2524946023459156e+18,1.5357919101745596e+22,1.5357919103573662e+22,1.0630136340835206,0.18240184186916525
oc,125.0,1.0768195298960315,1.980853781475158e-06,0.18007761649774162,1.2524913891707267e+18,1.252494293046244e+18,1.5357919101745596e+22,1.53579191032524e+22,1.0630136329490727,0.18240184732515669
oc,125.0,1.0768195298960315,2.0063635545726346e-06,0.1823966867793304,1.2524916464452296e+18,1.2524940357494126e+18,1.5357919101745596e+22,1.5357919102985262e+22,1.063013632005361,0.1824018518638435
oc,125.0,1.0768195298960315,2.0321277491097545e-06,0.18473888628270496,1.2524918600344717e+18,1.2524938221417124e+18,1.5357919101745596e+22,1.5357919102763413e+22,1.0630136312218919,0.182401855631875
oc,125.0,1.0768195298960315,2.0581469982053558e-06,0.18710427256412326,1.2524920369993283e+18,1.2524936451616276e+18,1.5357919101745596e+22,1.5357919102579866e+22,1.0630136305727655,0.182401858753813
oc,125.0,1.0768195298960315,2.0844218846928104e-06,0.18949289860843732,1.25249218332397e+18,1.252493498824433e+18,1.5357919101745596e+22,1.5357919102427963e+22,1.0630136300360309,0.18240186133522499
oc,125.0,1.0768195298960315,2.110952939892684e-06,0.19190481271751675,1.2524923040688187e+18,1.2524933780692554e+18,1.5357919101745596e+22,1.535791910230269e+22,1.063013629593126,0.18240186346538245
oc,125.0,1.0768195298960315,2.1377406423884723e-06,0.19434005839895202,1.252492403503659e+18,1.252493278625927e+18,1.5357919101745596e+22,1.5357919102199566e+22,1.0630136292283885,0.1824018652196091
oc,125.0,1.0768195298960315,2.164785416806599e-06,0.19679867425514536,1.2524924852231462e+18,1.252493196899473e+18,1.5357919101745596e+22,1.5357919102114776e+22,1.0630136289286327,0.18240186666131858
oc,125.0,1.0768195298960315,2.1920876326018336e-06,0.199280693872894,1.2524925522468178e+18,1.2524931298700846e+18,1.5357919101745596e+22,1.5357919102045155e+22,1.0630136286827827,0.18240186784377885
oc,125.0,1.0768195298960315,2.2196476028493208e-06,0.20178614571357462,1.2524926071054577e+18,1.252493075006793e+18,1.5357919101745596e+22,1.535791910198841e+22,1.063013628481556,0.1824018688116357
oc,125.0,1.0768195298960315,2.2474655830444835e-06,0.20431505300404396,1.2524926519154493e+18,1.2524930301929892e+18,1.5357919101745596e+22,1.5357919101941814e+22,1.0630136283171878,0.18240186960222443
oc,125.0,1.0768195298960315,2.2755417699120383e-06,0.20686743362836713,1.2524926884426785e+18,1.2524929936626609e+18,1.5357919101745596e+22,1.5357919101903947e+22,1.0630136281832023,0.18240187024669718
oc,125.0,1.0768195298960315,2.3038763002254197e-06,0.20944330002049272,1.2524927181572777e+18,1.2524929639455421e+18,1.5357919101745596e+22,1.5357919101873174e+22,1.0630136280742062,0.18240187077098868
oc,125.0,1.0768195298960315,2.3324692496379275e-06,0.2120426590579934,1.2524927422804165e+18,1.2524929398203556e+18,1.5357919101745596e+22,1.5357919101848075e+22,1.06301362798572,0.1824018711966416
oc,125.0,1.0768195298960315,2.3613206315269245e-06,0.21466551195699313,1.252492761824172e+18,1.2524929202749496e+18,1.5357919101745596e+22,1.5357919101827888e+22,1.0630136279140314,0.1824018715415102
oc,125.0,1.0768195298960315,2.390430395852468e-06,0.2173118541684062,1.2524927776254528e+18,1.252492904472327e+18,1.5357919101745596e+22,1.535791910181141e+22,1.0630136278560707,0.1824018718203584
oc,125.0,1.0768195298960315,2.4197984280317437e-06,0.21998167527561308,1.2524927903747722e+18,1.2524928917219282e+18,1.5357919101745596e+22,1.5357919101798205e+22,1.063013627809305,0.18240187204536756
oc,125.0,1.0768195298960315,2.449424547830708e-06,0.22267495889370076,1.2524928006405586e+18,1.252492881455269e+18,1.5357919101745596e+22,1.5357919101787402e+22,1.063013627771649,0.18240187222656537
oc,125.0,1.0768195298960315,2.4793085082743803e-06,0.2253916825703982,1.2524928088896876e+18,1.252492873205444e+18,1.5357919101745596e+22,1.535791910177889e+22,1.0630136277413902,0.1824018723721881
oc,125.0,1.0768195298960315,2.509449994577191e-06,0.22813181768883556,1.2524928155047805e+18,1.2524928665897825e+18,1.5357919101745596e+22,1.5357919101772016e+22,1.0630136277171252,0.1824018724889855
oc,125.0,1.0768195298960315,2.5398486230948953e-06,0.2308953293722632,1.2524928207986906e+18,1.2524928612954307e+18,1.5357919101745596e+22,1.5357919101766559e+22,1.0630136276977067,0.18240187258247664
oc,125.0,1.0768195298960315,2.5705039402994796e-06,0.2336821763908618,1.252492825026649e+18,1.2524928570671173e+18,1.5357919101745596e+22,1.5357919101762304e+22,1.0630136276821982,0.18240187265716415
oc,125.0,1.0768195298960315,2.6014154217785738e-06,0.23649231107077945,1.2524928283964168e+18,1.2524928536970614e+18,1.5357919101745596e+22,1.5357919101758703e+22,1.0630136276698376,0.1824018727167131
oc,125.0,1.0768195298960315,2.632582471260859e-06,0.23932567920553266,1.2524928310767383e+18,1.252492851016516e+18,1.5357919101745596e+22,1.5357919101755865e+22,1.063013627660006,0.1824018727641003
oc,125.0,1.0768195298960315,2.664004419668962e-06,0.24218221996990563,1.252492833204343e+18,1.2524928488887276e+18,1.5357919101745596e+22,1.5357919101753791e+22,1.0630136276522015,0.1824018728017379
oc,125.0,1.0768195298960315,2.6956805242013664e-06,0.24506186583648787,1.252492834889799e+18,1.252492847203136e+18,1.5357919101745596e+22,1.5357919101752047e+22,1.0630136276460194,0.1824018728315763
oc,125.0,1.0768195298960315,2.727609967444852e-06,0.24796454249498656,1.252492836222297e+18,1.2524928458705234e+18,1.5357919101745596e+22,1.5357919101750627e+22,1.0630136276411315,0.18240187285518897
oc,125.0,1.0768195298960315,2.7597918565189673e-06,0.2508901687744516,1.2524928372736338e+18,1.2524928448190976e+18,1.5357919101745596e+22,1.5357919101749536e+22,1.063013627637275,0.18240187287384252
oc,125.0,1.0768195298960315,2.7922252222540666e-06,0.25383865656855154,1.2524928381014705e+18,1.2524928439911864e+18,1.5357919101745596e+22,1.5357919101748664e+22,1.0630136276342383,0.18240187288855414
oc,125.0,1.0768195298960315,2.8249090184044093e-06,0.2568099107640372,1.2524928387520182e+18,1.2524928433405798e+18,1.5357919101745596e+22,1.5357919101747898e+22,1.063013627631852,0.182401872900139
oc,125.0,1.0768195298960315,2.8578421208978493e-06,0.25980382917253175,1.2524928392622318e+18,1.252492842830325e+18,1.5357919101745596e+22,1.5357919101747462e+22,1.0630136276299806,0.18240187290924906
oc,125.0,1.0768195298960315,2.891023327123599e-06,0.26282030246578175,1.252492839661588e+18,1.2524928424309422e+18,1.5357919101745596e+22,1.5357919101747135e+22,1.0630136276285158,0.1824018729164043
oc,125.0,1.0768195298960315,2.924451355259565e-06,0.2658592141145059,1.2524928399735575e+18,1.252492842118946e+18,1.5357919101745596e+22,1.5357919101746699e+22,1.0630136276273714,0.1824018729220188
oc,125.0,1.0768195298960315,2.9581248436407344e-06,0.26892044033097584,1.2524928402167852e+18,1.2524928418756915e+18,1.5357919101745596e+22,1.535791910174648e+22,1.0630136276264794,0.18240187292642135
oc,125.0,1.0768195298960315,2.992042350170052e-06,0.2720038500154593,1.2524928404060452e+18,1.2524928416864136e+18,1.5357919101745596e+22,1.5357919101746154e+22,1.0630136276257849,0.18240187292987273
oc,125.0,1.0768195298960315,3.026202351773268e-06,0.27510930470666073,1.2524928405530294e+18,1.2524928415394284e+18,1.5357919101745596e+22,1.5357919101746154e+22,1.063013627625246,0.1824018729325791
oc,125.0,1.0768195298960315,3.060603243899132e-06,0.2782366585362847,1.2524928406669596e+18,1.2524928414254792e+18,1.5357919101745596e+22,1.5357919101745935e+22,1.0630136276248279,0.18240187293470314
oc,125.0,1.0768195298960315,3.095243340066364e-06,0.2813857581878513,1.252492840755099e+18,1.2524928413373376e+18,1.5357919101745596e+22,1.5357919101745935e+22,1.0630136276245046,0.18240187293637303
oc,125.0,1.0768195298960315,3.1301208714587585e-06,0.2845564428598871,1.2524928408231578e+18,1.2524928412692708e+18,1.5357919101745596e+22,1.5357919101745826e+22,1.063013627624255,0.18240187293768945
oc,125.0,1.0768195298960315,3.165233986569728e-06,0.2877485442336116,1.252492840875606e+18,1.2524928412168138e+18,1.5357919101745596e+22,1.5357919101745717e+22,1.0630136276240627,0.1824018729387313
oc,125.0,1.0768195298960315,3.2005807508976505e-06,0.29096188644524096,1.2524928409159565e+18,1.2524928411764646e+18,1.5357919101745596e+22,1.5357919101745717e+22,1.0630136276239148,0.18240187293956048
oc,125.0,1.0768195298960315,3.2361591466932353e-06,0.2941962860630214,1.2524928409469345e+18,1.2524928411454845e+18,1.5357919101745596e+22,1.5357919101745717e+22,1.063013627623801,0.18240187294022508
oc,125.0,1.0768195298960315,3.27196707276015e-06,0.29745155206910456,1.2524928409706796e+18,1.2524928411217405e+18,1.5357919101745596e+22,1.5357919101745717e+22,1.0630136276237139,0.18240187294076285
oc,125.0,1.0768195298960315,3.3080023443101186e-06,0.30072748584637443,1.2524928409888422e+18,1.2524928411035756e+18,1.5357919101745596e+22,1.5357919101745717e+22,1.0630136276236473,0.18240187294120289
oc,125.0,1.0768195298960315,3.344262692873571e-06,0.30402388117032464,1.2524928410027098e+18,1.2524928410896947e+18,1.5357919101745596e+22,1.53579191017455e+22,1.0630136276235962,0.18240187294156793
oc,125.0,1.0768195298960315,3.3807457662670037e-06,0.30734052420609126,1.2524928410132836e+18,1.2524928410791355e+18,1.5357919101745596e+22,1.5357919101745717e+22,1.0630136276235576,0.18240187294187557
oc,125.0,1.0768195298960315,3.4174491286180456e-06,0.3106771935107314,1.2524928410213263e+18,1.2524928410710835e+18,1.5357919101745596e+22,1.5357919101745608e+22,1.063013627623528,0.18240187294213933
oc,125.0,1.0768195298960315,3.4543702604492223e-06,0.3140336600408384,1.252492841027436e+18,1.2524928410649708e+18,1.5357919101745596e+22,1.53579191017455e+22,1.0630136276235056,0.18240187294236965
oc,125.0,1.0768195298960315,3.49150655882137e-06,0.3174096871655791,1.252492841032068e+18,1.252492841060343e+18,1.5357919101745596e+22,1.5357919101745608e+22,1.0630136276234887,0.18240187294257468
oc,125.0,1.0768195298960315,3.528855337537518e-06,0.3208050306852289,1.2524928410355735e+18,1.2524928410568333e+18,1.5357919101745596e+22,1.5357919101745608e+22,1.0630136276234758,0.18240187294276053
oc,125.0,1.0768195298960315,3.5664138274081023e-06,0.32421943885528204,1.252492841038223e+18,1.2524928410541878e+18,1.5357919101745596e+22,1.5357919101745608e+22,1.0630136276234663,0.18240187294293198
oc,125.0,1.0768195298960315,3.604179176578205e-06,0.32765265241620045,1.2524928410402202e+18,1.2524928410521923e+18,1.5357919101745596e+22,1.5357919101745608e+22,1.063013627623459,0.1824018729430926
oc,125.0,1.0768195298960315,3.6421484509175184e-06,0.3311044046288653,1.2524928410417252e+18,1.2524928410506893e+18,1.5357919101745596e+22,1.5357919101745608e+22,1.0630136276234534,0.1824018729432452
oc,125.0,1.0768195298960315,3.680318634473621e-06,0.33457442131578374,1.2524928410428575e+18,1.2524928410495444e+18,1.5357919101745596e+22,1.53579191017455e+22,1.063013627623449,0.18240187294339189
oc,125.0,1.0768195298960315,3.718686629989085e-06,0.3380624209080987,1.2524928410437087e+18,1.2524928410487035e+18,1.5357919101745596e+22,1.5357919101745608e+22,1.063013627623446,0.1824018729435343
oc,125.0,1.0768195298960315,3.7572492594828904e-06,0.3415681144984446,1.2524928410443438e+18,1.252492841048065e+18,1.5357919101745596e+22,1.5357919101745608e+22,1.0630136276234436,0.18240187294367355
oc,125.0,1.0768195298960315,3.7960032648964994e-06,0.3450912058996818,1.252492841044819e+18,1.2524928410475868e+18,1.5357919101745596e+22,1.5357919101745608e+22,1.0630136276234419,0.18240187294381058
oc,125.0,1.0768195298960315,3.834945308804896e-06,0.34863139170953605,1.252492841045178e+18,1.252492841047235e+18,1.5357919101745596e+22,1.5357919101745608e+22,1.0630136276234408,0.18240187294394616
oc,125.0,1.0768195298960315,3.874071975192807e-06,0.35218836138116427,1.252492841045443e+18,1.2524928410469693e+18,1.5357919101745596e+22,1.5357919101745608e+22,1.0630136276234396,0.18240187294408078
oc,125.0,1.0768195298960315,3.913379770296197e-06,0.3557617972996543,1.25249284104564e+18,1.2524928410467679e+18,1.5357919101745596e+22,1.5357919101745608e+22,1.063013627623439,0.18240187294421475
oc,125.0,1.0768195298960315,3.952865123509147e-06,0.35935137486446794,1.2524928410457866e+18,1.2524928410466276e+18,1.5357919101745596e+22,1.5357919101745608e+22,1.0630136276234385,0.18240187294434845
oc,125.0,1.0768195298960315,3.992524388356007e-06,0.3629567625778189,1.2524928410458944e+18,1.2524928410465152e+18,1.5357919101745596e+22,1.5357919101745608e+22,1.063013627623438,0.182401872944482
oc,125.0,1.0768195298960315,4.0323538435287325e-06,0.36657762213897566,1.2524928410459758e+18,1.2524928410464274e+18,1.5357919101745596e+22,1.5357919101745608e+22,1.0630136276234377,0.18240187294461568
oc,125.0,1.0768195298960315,4.072349693989162e-06,0.37021360854446933,1.252492841046036e+18,1.2524928410463718e+18,1.5357919101745596e+22,1.53579191017455e+22,1.0630136276234374,0.18240187294474955
oc,125.0,1.0768195298960315,4.112508072135931e-06,0.3738643701941755,1.2524928410460792e+18,1.252492841046323e+18,1.5357919101745596e+22,1.53579191017455e+22,1.0630136276234372,0.18240187294488364
oc,125.0,1.0768195298960315,4.152825039035608e-06,0.37752954900323704,1.2524928410461128e+18,1.2524928410462907e+18,1.5357919101745596e+22,1.53579191017455e+22,1.063013627623437,0.18240187294501808
oc,125.0,1.0768195298960315,4.1932965857175825e-06,0.38120878051978024,1.252492841046136e+18,1.252492841046275e+18,1.5357919101745596e+22,1.5357919101745608e+22,1.0630136276234372,0.18240187294515287
oc,125.0,1.0768195298960315,4.233918634532076e-06,0.3849016940483706,1.252492841046156e+18,1.252492841046255e+18,1.5357919101745596e+22,1.5357919101745608e+22,1.0630136276234372,0.18240187294528806
oc,125.0,1.0768195298960315,4.274687040570635e-06,0.3886079127791487,1.2524928410461683e+18,1.2524928410462385e+18,1.5357919101745596e+22,1.53579191017455e+22,1.063013627623437,0.18240187294542365
oc,125.0,1.0768195298960315,4.315597593148279e-06,0.39232705392257083,1.2524928410461796e+18,1.2524928410462285e+18,1.5357919101745596e+22,1.5357919101745608e+22,1.063013627623437,0.18240187294555965
oc,125.0,1.0768195298960315,4.35664601734649e-06,0.39605872884968096,1.2524928410461862e+18,1.252492841046224e+18,1.5357919101745596e+22,1.5357919101745608e+22,1.063013627623437,0.18240187294569604
oc,125.0,1.0768195298960315,4.397827975616047e-06,0.39980254323782244,1.2524928410461906e+18,1.2524928410462205e+18,1.5357919101745596e+22,1.5357919101745608e+22,1.0630136276234368,0.18240187294583285
oc,125.0,1.0768195298960315,4.439139069438646e-06,0.40355809722169506,1.252492841046195e+18,1.252492841046215e+18,1.5357919101745596e+22,1.5357919101745608e+22,1.0630136276234368,0.1824018729459701
oc,125.0,1.0768195298960315,4.480574841046197e-06,0.40732498554965424,1.2524928410461972e+18,1.2524928410462116e+18,1.5357919101745596e+22,1.5357919101745608e+22,1.063013627623437,0.1824018729461077
oc,125.0,1.0768195298960315,4.522130775196497e-06,0.41110279774513614,1.2524928410461996e+18,1.2524928410462062e+18,1.5357919101745596e+22,1.5357919101745608e+22,1.0630136276234368,0.1824018729462457
oc,125.0,1.0768195298960315,4.563802301004022e-06,0.4148911182730929,1.2524928410461996e+18,1.2524928410462116e+18,1.5357919101745596e+22,1.5357919101745608e+22,1.063013627623437,0.18240187294638407
oc,125.0,1.0768195298960315,4.6055847938243644e-06,0.4186895267113059,1.2524928410462016e+18,1.252492841046205e+18,1.5357919101745596e+22,1.5357919101745608e+22,1.0630136276234368,0.18240187294652285
oc,125.0,1.0768195298960315,4.6474735771908545e-06,0.4224975979264413,1.2524928410462016e+18,1.252492841046205e+18,1.5357919101745596e+22,1.5357919101745608e+22,1.0630136276234368,0.1824018729466619
oc,125.0,1.0768195298960315,4.689463924801754e-06,0.42631490225470486,1.2524928410462016e+18,1.2524928410462095e+18,1.5357919101745596e+22,1.5357919101745608e+22,1.063013627623437,0.18240187294680132
oc,125.0,1.0768195298960315,4.731551062556339e-06,0.43014100568693997,1.252492841046204e+18,1.2524928410462062e+18,1.5357919101745596e+22,1.5357919101745608e+22,1.0630136276234368,0.18240187294694107
oc,125.0,1.0768195298960315,4.773730170638174e-06,0.43397547005801584,1.252492841046204e+18,1.2524928410462083e+18,1.5357919101745596e+22,1.5357919101745608e+22,1.0630136276234368,0.1824018729470811
oc,125.0,1.0768195298960315,4.8159963856436705e-06,0.4378178532403337,1.252492841046204e+18,1.2524928410462006e+18,1.5357919101745596e+22,1.53579191017455e+22,1.0630136276234368,0.18240187294722143
oc,125.0,1.0768195298960315,4.858344802754087e-06,0.4416677093412807,1.252492841046204e+18,1.252492841046203e+18,1.5357919101745596e+22,1.53579191017455e+22,1.0630136276234368,0.18240187294736204
oc,125.0,1.0768195298960315,4.900770477948971e-06,0.4455245889044519,1.252492841046204e+18,1.2524928410462006e+18,1.5357919101745596e+22,1.53579191017455e+22,1.0630136276234368,0.1824018729475029
oc,125.0,1.0768195298960315,4.943268430258946e-06,0.44938803911444963,1.252492841046204e+18,1.2524928410462006e+18,1.5357919101745596e+22,1.53579191017455e+22,1.0630136276234368,0.182401872947644
oc,125.0,1.0768195298960315,4.985833644055812e-06,0.45325760400507387,1.252492841046204e+18,1.2524928410462062e+18,1.5357919101745596e+22,1.5357919101745608e+22,1.0630136276234368,0.18240187294778532
oc,125.0,1.0768195298960315,5.028461071377706e-06,0.45713282467070054,1.252492841046204e+18,1.2524928410462116e+18,1.5357919101745596e+22,1.5357919101745608e+22,1.063013627623437,0.18240187294792684
oc,125.0,1.0768195298960315,5.071145634287101e-06,0.46101323948064554,1.252492841046204e+18,1.2524928410461996e+18,1.5357919101745596e+22,1.53579191017455e+22,1.0630136276234368,0.18240187294806856
oc,125.0,1.0768195298960315,5.113882227259372e-06,0.4648983842963066,1.252492841046204e+18,1.2524928410462062e+18,1.5357919101745596e+22,1.5357919101745608e+22,1.063013627623437,0.18240187294821045
oc,125.0,1.0768195298960315,5.156665719599517e-06,0.4687877926908652,1.252492841046204e+18,1.252492841046205e+18,1.5357919101745596e+22,1.5357919101745608e+22,1.0630136276234368,0.1824018729483525
oc,125.0,1.0768195298960315,5.199490957884688e-06,0.47268099617133524,1.252492841046204e+18,1.252492841046205e+18,1.5357919101745596e+22,1.5357919101745608e+22,1.0630136276234368,0.18240187294849466
oc,125.0,1.0768195298960315,5.242352768430057e-06,0.4765775244027325,1.252492841046204e+18,1.252492841046205e+18,1.5357919101745596e+22,1.5357919101745608e+22,1.0630136276234368,0.182401872948637
oc,125.0,1.0768195298960315,5.285245959775534e-06,0.4804769054341395,1.2524928410462062e+18,1.2524928410462062e+18,1.5357919101745596e+22,1.5357919101745717e+22,1.063013627623437,0.18240187294877944
oc,125.0,1.0768195298960315,5.3281653251908174e-06,0.48437866592643797,1.2524928410462062e+18,1.252492841046205e+18,1.5357919101745596e+22,1.5357919101745608e+22,1.0630136276234368,0.1824018729489219
oc,125.0,1.0768195298960315,5.371105645196191e-06,0.48828233138147187,1.2524928410462062e+18,1.2524928410462083e+18,1.5357919101745596e+22,1.5357919101745717e+22,1.063013627623437,0.1824018729490645
oc,125.0,1.0768195298960315,5.414061690096534e-06,0.4921874263724122,1.2524928410462062e+18,1.2524928410462095e+18,1.5357919101745596e+22,1.5357919101745717e+22,1.063013627623437,0.1824018729492071
oc,125.0,1.0768195298960315,5.457028222525894e-06,0.49609347477508126,1.2524928410462062e+18,1.252492841046203e+18,1.5357919101745596e+22,1.5357919101745608e+22,1.0630136276234368,0.18240187294934976
oc,125.0,1.0768195298960315,5.5e-06,0.5,1.2524928410462062e+18,1.252492841046205e+18,1.5357919101745596e+22,1.5357919101745608e+22,1.0630136276234368,0.18240187294949242
oc,125.0,1.0768195298960315,5.542971777474112e-06,0.5039065252249193,1.2524928410462062e+18,1.252492841046205e+18,1.5357919101745596e+22,1.5357919101745608e+22,1.0630136276234368,0.18240187294963509
oc,125.0,1.0768195298960315,5.585938309903469e-06,0.5078125736275881,1.2524928410462062e+18,1.2524928410462062e+18,1.5357919101745596e+22,1.5357919101745717e+22,1.0630136276234368,0.18240187294977775
oc,125.0,1.0768195298960315,5.628894354803809e-06,0.5117176686185281,1.252492841046204e+18,1.2524928410462083e+18,1.5357919101745596e+22,1.5357919101745608e+22,1.063013627623437,0.18240187294992033
oc,125.0,1.0768195298960315,5.671834674809185e-06,0.5156213340735623,1.2524928410462062e+18,1.252492841046203e+18,1.5357919101745596e+22,1.5357919101745608e+22,1.0630136276234368,0.1824018729500629
oc,125.0,1.0768195298960315,5.7147540402244655e-06,0.5195230945658605,1.252492841046204e+18,1.252492841046205e+18,1.5357919101745596e+22,1.5357919101745608e+22,1.0630136276234368,0.1824018729502054
oc,125.0,1.0768195298960315,5.757647231569949e-06,0.5234224755972681,1.252492841046204e+18,1.252492841046203e+18,1.5357919101745596e+22,1.53579191017455e+22,1.0630136276234368,0.1824018729503478
oc,125.0,1.0768195298960315,5.800509042115315e-06,0.527319003828665,1.2524928410462062e+18,1.2524928410462095e+18,1.5357919101745596e+22,1.5357919101745717e+22,1.0630136276234368,0.18240187295049012
oc,125.0,1.0768195298960315,5.8433342804004825e-06,0.5312122073091348,1.252492841046204e+18,1.2524928410461996e+18,1.5357919101745596e+22,1.53579191017455e+22,1.0630136276234368,0.1824018729506323
oc,125.0,1.0768195298960315,5.8861177727406295e-06,0.5351016157036936,1.252492841046204e+18,1.2524928410462062e+18,1.5357919101745596e+22,1.5357919101745608e+22,1.063013627623437,0.18240187295077434
oc,125.0,1.0768195298960315,5.928854365712899e-06,0.5389867605193545,1.2524928410462062e+18,1.2524928410462083e+18,1.5357919101745596e+22,1.5357919101745717e+22,1.063013627623437,0.18240187295091623
oc,125.0,1.0768195298960315,5.971538928622301e-06,0.5428671753293001,1.2524928410462062e+18,1.252492841046205e+18,1.5357919101745596e+22,1.5357919101745608e+22,1.0630136276234368,0.18240187295105795
oc,125.0,1.0768195298960315,6.01416635594419e-06,0.5467423959949264,1.2524928410462062e+18,1.2524928410462062e+18,1.5357919101745596e+22,1.5357919101745717e+22,1.0630136276234368,0.1824018729511995
oc,125.0,1.0768195298960315,6.0567315697410535e-06,0.5506119608855503,1.2524928410462062e+18,1.2524928410462083e+18,1.5357919101745596e+22,1.5357919101745717e+22,1.063013627623437,0.18240187295134078
oc,125.0,1.0768195298960315,6.099229522051031e-06,0.5544754110955483,1.2524928410462062e+18,1.2524928410462083e+18,1.5357919101745596e+22,1.5357919101745717e+22,1.0630136276234368,0.18240187295148189
oc,125.0,1.0768195298960315,6.1416551972459115e-06,0.5583322906587193,1.2524928410462062e+18,1.2524928410462062e+18,1.5357919101745596e+22,1.5357919101745717e+22,1.0630136276234368,0.18240187295162275
oc,125.0,1.0768195298960315,6.184003614356336e-06,0.5621821467596669,1.2524928410462062e+18,1.2524928410461996e+18,1.5357919101745596e+22,1.5357919101745608e+22,1.0630136276234368,0.18240187295176336
oc,125.0,1.0768195298960315,6.226269829361829e-06,0.5660245299419845,1.2524928410462062e+18,1.2524928410462062e+18,1.5357919101745596e+22,1.5357919101745717e+22,1.063013627623437,0.1824018729519037
oc,125.0,1.0768195298960315,6.26844893744366e-06,0.56985899431306,1.2524928410462062e+18,1.252492841046205e+18,1.5357919101745596e+22,1.5357919101745608e+22,1.0630136276234368,0.18240187295204371
oc,125.0,1.0768195298960315,6.310536075198249e-06,0.5736850977452954,1.2524928410462062e+18,1.2524928410461996e+18,1.5357919101745596e+22,1.5357919101745608e+22,1.0630136276234368,0.18240187295218346
oc,125.0,1.0768195298960315,6.352526422809144e-06,0.5775024020735586,1.2524928410462062e+18,1.252492841046205e+18,1.5357919101745596e+22,1.5357919101745608e+22,1.063013627623437,0.18240187295232288
oc,125.0,1.0768195298960315,6.394415206175641e-06,0.5813104732886947,1.2524928410462083e+18,1.252492841046203e+18,1.5357919101745596e+22,1.5357919101745608e+22,1.0630136276234368,0.182401872952462
oc,125.0,1.0768195298960315,6.4361976989959805e-06,0.5851088817269073,1.2524928410462083e+18,1.252492841046194e+18,1.5357919101745596e+22,1.53579191017455e+22,1.0630136276234368,0.1824018729526007
oc,125.0,1.0768195298960315,6.477869224803503e-06,0.5888972022548639,1.2524928410462095e+18,1.2524928410461916e+18,1.5357919101745596e+22,1.53579191017455e+22,1.0630136276234368,0.18240187295273907
oc,125.0,1.0768195298960315,6.5194251589538055e-06,0.592675014450346,1.252492841046214e+18,1.2524928410461962e+18,1.5357919101745596e+22,1.5357919101745608e+22,1.0630136276234368,0.18240187295287713
oc,125.0,1.0768195298960315,6.560860930561354e-06,0.5964419027783049,1.2524928410462162e+18,1.2524928410462006e+18,1.5357919101745596e+22,1.5357919101745717e+22,1.063013627623437,0.18240187295301474
oc,125.0,1.0768195298960315,6.602172024383959e-06,0.6001974567621781,1.2524928410462205e+18,1.2524928410461906e+18,1.5357919101745596e+22,1.5357919101745608e+22,1.0630136276234368,0.18240187295315197
oc,125.0,1.0768195298960315,6.643353982653513e-06,0.6039412711503194,1.2524928410462252e+18,1.2524928410461773e+18,1.5357919101745596e+22,1.53579191017455e+22,1.0630136276234368,0.18240187295328877
oc,125.0,1.0768195298960315,6.684402406851721e-06,0.6076729460774292,1.2524928410462339e+18,1.2524928410461773e+18,1.5357919101745596e+22,1.5357919101745608e+22,1.0630136276234368,0.1824018729534252
oc,125.0,1.0768195298960315,6.725312959429368e-06,0.6113920872208516,1.2524928410462428e+18,1.2524928410461627e+18,1.5357919101745596e+22,1.5357919101745608e+22,1.0630136276234368,0.18240187295356122
oc,125.0,1.0768195298960315,6.766081365467923e-06,0.6150983059516294,1.2524928410462595e+18,1.252492841046156e+18,1.5357919101745596e+22,1.5357919101745717e+22,1.0630136276234368,0.18240187295369684
oc,125.0,1.0768195298960315,6.806703414282423e-06,0.6187912194802203,1.2524928410462774e+18,1.2524928410461238e+18,1.5357919101745596e+22,1.53579191017455e+22,1.0630136276234363,0.18240187295383203
oc,125.0,1.0768195298960315,6.847174960964395e-06,0.6224704509967632,1.252492841046305e+18,1.252492841046106e+18,1.5357919101745596e+22,1.5357919101745608e+22,1.0630136276234365,0.1824018729539669
oc,125.0,1.0768195298960315,6.887491927864069e-06,0.6261356298058245,1.2524928410463406e+18,1.2524928410460626e+18,1.5357919101745596e+22,1.5357919101745608e+22,1.0630136276234363,0.18240187295410137
oc,125.0,1.0768195298960315,6.92765030601084e-06,0.629786391455531,1.2524928410463895e+18,1.252492841046018e+18,1.5357919101745596e+22,1.5357919101745608e+22,1.0630136276234363,0.18240187295423557
oc,125.0,1.0768195298960315,6.967646156471268e-06,0.6334223778610244,1.2524928410464576e+18,1.2524928410459523e+18,1.5357919101745596e+22,1.5357919101745608e+22,1.0630136276234359,0.18240187295436955
oc,125.0,1.0768195298960315,7.0074756116439974e-06,0.6370432374221816,1.2524928410465487e+18,1.2524928410458578e+18,1.5357919101745596e+22,1.5357919101745608e+22,1.0630136276234354,0.18240187295450339
oc,125.0,1.0768195298960315,7.047134876490855e-06,0.6406486251355323,1.2524928410466675e+18,1.252492841045732e+18,1.5357919101745596e+22,1.53579191017455e+22,1.063013627623435,0.18240187295463717
oc,125.0,1.0768195298960315,7.086620229703803e-06,0.6442382027003457,1.2524928410468337e+18,1.2524928410455808e+18,1.5357919101745596e+22,1.5357919101745608e+22,1.0630136276234348,0.18240187295477114
oc,125.0,1.0768195298960315,7.125928024807195e-06,0.647811638618836,1.2524928410470528e+18,1.252492841045362e+18,1.5357919101745596e+22,1.5357919101745717e+22,1.0630136276234339,0.18240187295490556
oc,125.0,1.0768195298960315,7.165054691195103e-06,0.651368608290464,1.2524928410473462e+18,1.25249284104506e+18,1.5357919101745596e+22,1.5357919101745608e+22,1.0630136276234325,0.18240187295504065
oc,125.0,1.0768195298960315,7.203996735103505e-06,0.6549087941003187,1.2524928410477412e+18,1.2524928410446733e+18,1.5357919101745596e+22,1.5357919101745608e+22,1.0630136276234312,0.1824018729551769
oc,125.0,1.0768195298960315,7.242750740517112e-06,0.6584318855015556,1.252492841048272e+18,1.2524928410441313e+18,1.5357919101745596e+22,1.5357919101745608e+22,1.0630136276234292,0.1824018729553149
oc,125.0,1.0768195298960315,7.281313370010914e-06,0.6619375790919013,1.2524928410489805e+18,1.2524928410434294e+18,1.5357919101745596e+22,1.5357919101745608e+22,1.0630136276234268,0.18240187295545543
oc,125.0,1.0768195298960315,7.3196813655263815e-06,0.6654255786842165,1.2524928410499228e+18,1.252492841042484e+18,1.5357919101745596e+22,1.53579191017455e+22,1.0630136276234232,0.18240187295559943
oc,125.0,1.0768195298960315,7.3578515490824805e-06,0.6688955953711346,1.2524928410511785e+18,1.2524928410412324e+18,1.5357919101745596e+22,1.5357919101745608e+22,1.0630136276234188,0.18240187295574833
oc,125.0,1.0768195298960315,7.3958208234218e-06,0.6723473475838,1.2524928410528507e+18,1.2524928410395604e+18,1.5357919101745596e+22,1.5357919101745608e+22,1.0630136276234126,0.1824018729559039
oc,125.0,1.0768195298960315,7.433586172591901e-06,0.6757805611447183,1.2524928410550723e+18,1.2524928410373379e+18,1.5357919101745596e+22,1.5357919101745608e+22,1.0630136276234043,0.18240187295606847
oc,125.0,1.0768195298960315,7.471144662462482e-06,0.6791949693147711,1.2524928410580134e+18,1.2524928410343977e+18,1.5357919101745596e+22,1.5357919101745608e+22,1.0630136276233937,0.18240187295624508
oc,125.0,1.0768195298960315,7.508493441178631e-06,0.6825903128344211,1.2524928410619105e+18,1.2524928410304975e+18,1.5357919101745596e+22,1.5357919101745608e+22,1.063013627623379,0.18240187295643778
oc,125.0,1.0768195298960315,7.545629739550777e-06,0.6859663399591616,1.2524928410670566e+18,1.2524928410253545e+18,1.5357919101745596e+22,1.5357919101745608e+22,1.0630136276233604,0.18240187295665186
oc,125.0,1.0768195298960315,7.5825508713819604e-06,0.6893228064892691,1.2524928410738414e+18,1.2524928410185597e+18,1.5357919101745596e+22,1.53579191017455e+22,1.0630136276233353,0.18240187295689414
oc,125.0,1.0768195298960315,7.619254233732998e-06,0.692659475793909,1.2524928410827786e+18,1.2524928410096248e+18,1.5357919101745596e+22,1.53579191017455e+22,1.0630136276233026,0.18240187295717367
oc,125.0,1.0768195298960315,7.655737307126428e-06,0.6959761188296754,1.2524928410945224e+18,1.2524928409978862e+18,1.5357919101745596e+22,1.5357919101745608e+22,1.0630136276232596,0.18240187295750196
oc,125.0,1.0768195298960315,7.691997655689884e-06,0.6992725141536258,1.2524928411099277e+18,1.2524928409824655e+18,1.5357919101745596e+22,1.535791910174539e+22,1.063013627623203,0.18240187295789415
oc,125.0,1.0768195298960315,7.72803292723985e-06,0.7025484479308954,1.252492841130106e+18,1.2524928409622884e+18,1.5357919101745596e+22,1.535791910174539e+22,1.063013627623129,0.18240187295836974
oc,125.0,1.0768195298960315,7.763840853306769e-06,0.705803713936979,1.2524928411564818e+18,1.2524928409359212e+18,1.5357919101745596e+22,1.53579191017455e+22,1.0630136276230324,0.1824018729589539
oc,125.0,1.0768195298960315,7.799419249102351e-06,0.7090381135547592,1.2524928411908984e+18,1.2524928409015025e+18,1.5357919101745596e+22,1.53579191017455e+22,1.063013627622906,0.1824018729596792
oc,125.0,1.0768195298960315,7.834766013430272e-06,0.7122514557663884,1.2524928412357207e+18,1.2524928408566702e+18,1.5357919101745596e+22,1.535791910174539e+22,1.0630136276227415,0.18240187296058727
oc,125.0,1.0768195298960315,7.869879128541244e-06,0.7154435571401131,1.2524928412939901e+18,1.2524928407983972e+18,1.5357919101745596e+22,1.5357919101745281e+22,1.063013627622528,0.18240187296173177
oc,125.0,1.0768195298960315,7.904756659933636e-06,0.7186142418121487,1.252492841369597e+18,1.2524928407227917e+18,1.5357919101745596e+22,1.535791910174539e+22,1.0630136276222508,0.18240187296318133
oc,125.0,1.0768195298960315,7.939396756100872e-06,0.7217633414637157,1.2524928414675116e+18,1.2524928406248637e+18,1.5357919101745596e+22,1.5357919101745172e+22,1.0630136276218913,0.18240187296502366
oc,125.0,1.0768195298960315,7.973797648226734e-06,0.7248906952933395,1.252492841594075e+18,1.2524928404982907e+18,1.5357919101745596e+22,1.535791910174506e+22,1.0630136276214273,0.1824018729673706
oc,125.0,1.0768195298960315,8.007957649829948e-06,0.7279961499845407,1.2524928417573604e+18,1.2524928403349827e+18,1.5357919101745596e+22,1.5357919101744734e+22,1.0630136276208282,0.18240187297036456
oc,125.0,1.0768195298960315,8.041875156359268e-06,0.7310795596690244,1.2524928419676132e+18,1.2524928401247232e+18,1.5357919101745596e+22,1.5357919101744625e+22,1.063013627620057,0.18240187297418622
oc,125.0,1.0768195298960315,8.075548644740435e-06,0.734140785885494,1.2524928422378156e+18,1.2524928398544858e+18,1.5357919101745596e+22,1.5357919101744298e+22,1.0630136276190658,0.18240187297906466
oc,125.0,1.0768195298960315,8.108976672876405e-06,0.7371796975342186,1.252492842584384e+18,1.252492839507898e+18,1.5357919101745596e+22,1.535791910174397e+22,1.0630136276177948,0.1824018729852895
oc,125.0,1.0768195298960315,8.142157879102152e-06,0.7401961708274685,1.2524928430280317e+18,1.2524928390642081e+18,1.5357919101745596e+22,1.5357919101743534e+22,1.0630136276161672,0.18240187299322608
oc,125.0,1.0768195298960315,8.175090981595591e-06,0.7431900892359629,1.2524928435948306e+18,1.2524928384973655e+18,1.5357919101745596e+22,1.5357919101742989e+22,1.0630136276140882,0.18240187300333438
oc,125.0,1.0768195298960315,8.207774777745935e-06,0.7461613434314487,1.2524928443175288e+18,1.2524928377746043e+18,1.5357919101745596e+22,1.5357919101742226e+22,1.0630136276114373,0.18240187301619207
oc,125.0,1.0768195298960315,8.240208143481032e-06,0.7491098312255484,1.2524928452371794e+18,1.25249283685487e+18,1.5357919101745596e+22,1.5357919101741133e+22,1.0630136276080637,0.18240187303252337
oc,125.0,1.0768195298960315,8.272390032555152e-06,0.7520354575050139,1.252492846405115e+18,1.2524928356868467e+18,1.5357919101745596e+22,1.5357919101740042e+22,1.06301362760378,0.18240187305323385
oc,125.0,1.0768195298960315,8.304319475798637e-06,0.7549381341635124,1.252492847885396e+18,1.252492834206431e+18,1.5357919101745596e+22,1.5357919101738405e+22,1.06301362759835,0.18240187307945357
oc,125.0,1.0768195298960315,8.335995580331038e-06,0.7578177800300944,1.252492849757779e+18,1.252492832333888e+18,1.5357919101745596e+22,1.5357919101736442e+22,1.0630136275914819,0.1824018731125896
oc,125.0,1.0768195298960315,8.367417528739142e-06,0.7606743207944675,1.2524928521213542e+18,1.2524928299701169e+18,1.5357919101745596e+22,1.535791910173415e+22,1.0630136275828121,0.1824018731543899
oc,125.0,1.0768195298960315,8.398584578221425e-06,0.7635076889292205,1.2524928550989379e+18,1.2524928269922808e+18,1.5357919101745596e+22,1.5357919101731094e+22,1.0630136275718898,0.18240187320702117
oc,125.0,1.0768195298960315,8.429496059700524e-06,0.7663178236091386,1.2524928588424356e+18,1.2524928232484672e+18,1.5357919101745596e+22,1.5357919101727166e+22,1.0630136275581585,0.18240187327316312
oc,125.0,1.0768195298960315,8.460151376905108e-06,0.769104670627737,1.2524928635393032e+18,1.2524928185512082e+18,1.5357919101745596e+22,1.5357919101722363e+22,1.0630136275409299,0.18240187335612265
oc,125.0,1.0768195298960315,8.490550005422808e-06,0.7718681823111644,1.2524928694203423e+18,1.2524928126696722e+18,1.5357919101745596e+22,1.5357919101716252e+22,1.0630136275193578,0.18240187345997141
oc,125.0,1.0768195298960315,8.520691491725621e-06,0.774608317429602,1.2524928767690954e+18,1.2524928053202988e+18,1.5357919101745596e+22,1.5357919101708615e+22,1.0630136274924018,0.18240187358971136
oc,125.0,1.0768195298960315,8.550575452169292e-06,0.7773250411062993,1.252492885933111e+18,1.252492796155497e+18,1.5357919101745596e+22,1.5357919101698903e+22,1.063013627458787,0.1824018737514736
oc,125.0,1.0768195298960315,8.58020157196826e-06,0.7800183247243873,1.2524928973374377e+18,1.2524927847502103e+18,1.5357919101745596e+22,1.5357919101687117e+22,1.0630136274169548,0.1824018739527565
oc,125.0,1.0768195298960315,8.609569604147534e-06,0.782688145831594,1.252492911500744e+18,1.252492770585703e+18,1.5357919101745596e+22,1.5357919101672384e+22,1.0630136273650024,0.1824018742027099
oc,125.0,1.0768195298960315,8.638679368473076e-06,0.7853344880430069,1.2524929290545009e+18,1.252492753030471e+18,1.5357919101745596e+22,1.535791910165438e+22,1.0630136273006134,0.18240187451247356
oc,125.0,1.0768195298960315,8.667530750362075e-06,0.7879573409420069,1.2524929507657887e+18,1.252492731317342e+18,1.5357919101745596e+22,1.535791910163168e+22,1.063013627220974,0.1824018748955797
oc,125.0,1.0768195298960315,8.69612369977458e-06,0.7905566999795073,1.252492977564348e+18,1.2524927045165286e+18,1.5357919101745596e+22,1.5357919101603965e+22,1.0630136271226744,0.1824018753684299
oc,125.0,1.0768195298960315,8.724458230087965e-06,0.7931325663716332,1.2524930105745027e+18,1.2524926715035784e+18,1.5357919101745596e+22,1.535791910156959e+22,1.0630136270015895,0.1824018759508584
oc,125.0,1.0768195298960315,8.752534416955517e-06,0.7956849469959562,1.2524930511528563e+18,1.2524926309218143e+18,1.5357919101745596e+22,1.5357919101527685e+22,1.0630136268527441,0.18240187666679714
oc,125.0,1.0768195298960315,8.78035239715068e-06,0.7982138542864254,1.252493100932592e+18,1.2524925811378813e+18,1.5357919101745596e+22,1.535791910147596e+22,1.063013626670147,0.18240187754505718
oc,125.0,1.0768195298960315,8.807912367398168e-06,0.8007193061271062,1.252493161875441e+18,1.2524925201899054e+18,1.5357919101745596e+22,1.5357919101412778e+22,1.0630136264466026,0.18240187862024565
oc,125.0,1.0768195298960315,8.835214583193402e-06,0.8032013257448547,1.2524932363325266e+18,1.2524924457265682e+18,1.5357919101745596e+22,1.5357919101335626e+22,1.0630136261734866,0.18240187993383866
oc,125.0,1.0768195298960315,8.862259357611531e-06,0.8056599416010484,1.252493327115302e+18,1.2524923549361777e+18,1.5357919101745596e+22,1.5357919101241453e+22,1.0630136258404863,0.18240188153543335
oc,125.0,1.0768195298960315,8.889047060107317e-06,0.8080951872824834,1.2524934375782057e+18,1.2524922444640148e+18,1.5357919101745596e+22,1.5357919101126653e+22,1.0630136254352973,0.1824018834842055
oc,125.0,1.0768195298960315,8.91557811530719e-06,0.8105071013915627,1.2524935717145843e+18,1.2524921103164316e+18,1.5357919101745596e+22,1.535791910098752e+22,1.063013624943272,0.18240188585060188
oc,125.0,1.0768195298960315,8.941853001794646e-06,0.8128957274358769,1.2524937342677796e+18,1.2524919477496963e+18,1.5357919101745596e+22,1.535791910081892e+22,1.063013624347011,0.18240188871829993
oc,125.0,1.0768195298960315,8.967872250890245e-06,0.815261113717295,1.252493930859477e+18,1.2524917511416658e+18,1.5357919101745596e+22,1.535791910061486e+22,1.0630136236258934,0.18240189218647196
oc,125.0,1.0768195298960315,8.99363644542737e-06,0.8176033132206699,1.252494168137567e+18,1.2524915138439375e+18,1.5357919101745596e+22,1.5357919100368455e+22,1.0630136227555342,0.18240189637239365
oc,125.0,1.0768195298960315,9.019146218524843e-06,0.8199223835022585,1.2524944539460808e+18,1.2524912280118935e+18,1.5357919101745596e+22,1.5357919100071745e+22,1.0630136217071617,0.1824019014144414
oc,125.0,1.0768195298960315,9.044402252357615e-06,0.8222183865779651,1.252494797519959e+18,1.2524908844098662e+18,1.5357919101745596e+22,1.5357919099714582e+22,1.0630136204469,0.18240190747552887
oc,125.0,1.0768195298960315,9.069405276926494e-06,0.8244913888114995,1.2524952097077734e+18,1.252490472188517e+18,1.5357919101745596e+22,1.535791909928583e+22,1.0630136189349566,0.18240191474703538
oc,125.0,1.0768195298960315,9.094156068828025e-06,0.8267414608025477,1.2524957032256878e+18,1.2524899786307653e+18,1.5357919101745596e+22,1.5357919098772071e+22,1.0630136171246871,0.1824019234532862
oc,125.0,1.0768195298960315,9.118655450025574e-06,0.8289686772750522,1.25249629294634e+18,1.2524893888629443e+18,1.5357919101745596e+22,1.5357919098157373e+22,1.063013614961538,0.1824019338566486
oc,125.0,1.0768195298960315,9.142904286622484e-06,0.8311731169656804,1.2524969962266084e+18,1.2524886855270543e+18,1.5357919101745596e+22,1.5357919097422965e+22,1.063013612381842,0.18240194626331352
oc,125.0,1.0768195298960315,9.166903487638408e-06,0.8333548625125826,1.252497833278499e+18,1.2524878484098273e+18,1.5357919101745596e+22,1.5357919096546695e+22,1.0630136093114604,0.18240196102983833
oc,125.0,1.0768195298960315,9.190654003789586e-06,0.8355140003445078,1.252498827587806e+18,1.252486854024143e+18,1.5357919101745596e+22,1.5357919095503354e+22,1.0630136056642456,0.18240197857053198
oc,125.0,1.0768195298960315,9.21415682627406e-06,0.8376506205703691,1.2525000063854546e+18,1.2524856751376942e+18,1.5357919101745596e+22,1.5357919094262716e+22,1.0630136013403129,0.18240199936576929
oc,125.0,1.0768195298960315,9.237412985562645e-06,0.8397648168693314,1.2525014011767882e+18,1.2524842802437842e+18,1.5357919101745596e+22,1.535791909279019e+22,1.0630135962240994,0.18240202397132727
oc,125.0,1.0768195298960315,9.260423550196446e-06,0.8418566863814951,1.2525030483344248e+18,1.252482632968531e+18,1.5357919101745596e+22,1.5357919091045289e+22,1.063013590182191,0.1824020530288429
oc,125.0,1.0768195298960315,9.283189625591765e-06,0.8439263295992514,1.2525049897605865e+18,1.252480691408685e+18,1.5357919101745596e+22,1.5357919088981196e+22,1.0630135830608904,0.18240208727749563
oc,125.0,1.0768195298960315,9.30571235285309e-06,0.8459738502593718,1.252507273625192e+18,1.2524784073937805e+18,1.5357919101745596e+22,1.5357919086543899e+22,1.0630135746835132,0.18240212756702576
oc,125.0,1.0768195298960315,9.32799290759491e-06,0.8479993552359009,1.2525099551861806e+18,1.252475725666036e+18,1.5357919101745596e+22,1.5357919083670868e+22,1.0630135648473804,0.1824021748722037
oc,125.0,1.0768195298960315,9.350032498773084e-06,0.8500029544339167,1.2525130976989778e+18,1.2524725829712584e+18,1.5357919101745596e+22,1.5357919080289642e+22,1.0630135533204799,0.1824022303088697
oc,125.0,1.0768195298960315,9.371832367526334e-06,0.8519847606842121,1.2525167734221727e+18,1.2524689070537756e+18,1.5357919101745596e+22,1.535791907631707e+22,1.0630135398377847,0.1824022951516704
oc,125.0,1.0768195298960315,9.393393786028557e-06,0.8539448896389596,1.2525210647266693e+18,1.252464615547957e+18,1.5357919101745596e+22,1.5357919071657234e+22,1.0630135240971823,0.18240237085361877
oc,125.0,1.0768195298960315,9.414718056352513e-06,0.8558834596684103,1.252526065315896e+18,1.2524596147589737e+18,1.5357919101745596e+22,1.5357919066199368e+22,1.0630135057550054,0.18240245906761146
oc,125.0,1.0768195298960315,9.43580650934544e-06,0.8578005917586763,1.2525318815646577e+18,1.2524537983252744e+18,1.5357919101745596e+22,1.5357919059816672e+22,1.0630134844211248,0.18240256167003646
oc,125.0,1.0768195298960315,9.456660503517164e-06,0.8596964094106513,1.2525386339844419e+18,1.2524470457550193e+18,1.5357919101745596e+22,1.5357919052363354e+22,1.06301345965358,0.18240268078660773
oc,125.0,1.0768195298960315,9.477281423941145e-06,0.8615710385401041,1.252546458822942e+18,1.2524392208288438e+18,1.5357919101745596e+22,1.535791904367278e+22,1.0630134309527217,0.1824028188205633
oc,125.0,1.0768195298960315,9.497670681168985e-06,0.8634246073789986,1.2525555098055534e+18,1.2524301698613043e+18,1.5357919101745596e+22,1.535791903355333e+22,1.063013397754833,0.1824029784833627
oc,125.0,1.0768195298960315,9.517829710158777e-06,0.8652572463780707,1.2525659600265692e+18,1.252419719813635e+18,1.5357919101745596e+22,1.5357919021786756e+22,1.0630133594252076,0.18240316282801725
oc,125.0,1.0768195298960315,9.537759969217746e-06,0.8670690881107043,1.2525780039975939e+18,1.2524076762503063e+18,1.5357919101745596e+22,1.5357919008122831e+22,1.0630133152506536,0.18240337528518544
oc,125.0,1.0768195298960315,9.557462938959565e-06,0.8688602671781422,1.2525918598604403e+18,1.252393821132663e+18,1.5357919101745596e+22,1.5357918992276851e+22,1.0630132644314008,0.18240361970215788
oc,125.0,1.0768195298960315,9.576940121276638e-06,0.870630920116058,1.2526077717714906e+18,1.2523779104427855e+18,1.5357919101745596e+22,1.5357918973923514e+22,1.0630132060723836,0.18240390038485296
oc,125.0,1.0768195298960315,9.596193038327769e-06,0.8723811853025245,1.2526260124640707e+18,1.2523596716317855e+18,1.5357919101745596e+22,1.5357918952692564e+22,1.063013139173883,0.1824042221429346
oc,125.0,1.0768195298960315,9.61522323154144e-06,0.8741112028674036,1.2526468859948685e+18,1.2523388008867295e+18,1.5357919101745596e+22,1.535791892816256e+22,1.0630130626214997,0.18240459033815407
oc,125.0,1.0768195298960315,9.634032260634972e-06,0.8758211146031794,1.2526707306798682e+18,1.252314960211711e+18,1.5357919101745596e+22,1.5357918899854117e+22,1.0630129751754487,0.1824050109360069
oc,125.0,1.0768195298960315,9.652621702649905e-06,0.8775110638772642,1.2526979222245097e+18,1.2522877743189765e+18,1.5357919101745596e+22,1.535791886722216e+22,1.0630128754591557,0.18240549056078212
oc,125.0,1.0768195298960315,9.67099315100368e-06,0.879181195545789,1.2527288770520776e+18,1.2522568273272835e+18,1.5357919101745596e+22,1.535791882964784e+22,1.0630127619471483,0.18240603655406504
oc,125.0,1.0768195298960315,9.689148214557948e-06,0.8808316558689044,1.2527640558333768e+18,1.2522216592655337e+18,1.5357919101745596e+22,1.535791878642883e+22,1.063012632952233,0.18240665703673883
oc,125.0,1.0768195298960315,9.707088516703606e-06,0.8824625924276005,1.252803967219722e+18,1.2521817623811802e+18,1.5357919101745596e+22,1.5357918736768639e+22,1.0630124866119561,0.18240736097450963
oc,125.0,1.0768195298960315,9.724815694462743e-06,0.8840741540420676,1.2528491717803904e+18,1.2521365772539205e+18,1.5357919101745596e+22,1.5357918679763268e+22,1.0630123208743523,0.1824081582469596
oc,125.0,1.0768195298960315,9.742331397607624e-06,0.8856664906916023,1.2529002861442332e+18,1.2520854887172777e+18,1.5357919101745596e+22,1.535791861438979e+22,1.0630121334829912,0.18240905972010896
oc,125.0,1.0768195298960315,9.759637287796798e-06,0.8872397534360725,1.252957987344228e+18,1.2520278215914058e+18,1.5357919101745596e+22,1.5357918539488866e+22,1.0630119219613308,0.18241007732244316
oc,125.0,1.0768195298960315,9.776735037728463e-06,0.8887940943389513,1.2530230173621473e+18,1.2519628362331617e+18,1.5357919101745596e+22,1.535791845374816e+22,1.0630116835964045,0.18241122412433508
oc,125.0,1.0768195298960315,9.793626330311123e-06,0.8903296663919203,1.2530961878694134e+18,1.2518897239106012e+18,1.5357919101745596e+22,1.5357918355683143e+22,1.0630114154218682,0.18241251442076392
oc,125.0,1.0768195298960315,9.810312857851599e-06,0.8918466234410545,1.2531783851585864e+18,1.251807602011454e+18,1.5357919101745596e+22,1.535791824361428e+22,1.0630111142004384,0.18241396381720257
oc,125.0,1.0768195298960315,9.826796321260428e-06,0.8933451201145843,1.2532705752585892e+18,1.251715509097129e+18,1.5357919101745596e+22,1.5357918115642477e+22,1.063010776405773,0.18241558931851498
oc,125.0,1.0768195298960315,9.843078429274643e-06,0.8948253117522403,1.253373809225295e+18,1.2516123998159485e+18,1.5357919101745596e+22,1.5357917969621688e+22,1.0630103982038368,0.18241740942067292
oc,125.0,1.0768195298960315,9.859160897697999e-06,0.8962873543361817,1.2534892285975368e+18,1.251497139691773e+18,1.5357919101745596e+22,1.535791780312684e+22,1.0630099754338207,0.18241944420506812
oc,125.0,1.0768195298960315,9.875045448658508e-06,0.8977314044235007,1.2536180710072364e+18,1.251368499806338e+18,1.5357919101745596e+22,1.535791761341825e+22,1.0630095035886749,0.18242171543516414
oc,125.0,1.0768195298960315,9.890733809883394e-06,0.8991576190803086,1.253761675930799e+18,1.2512251513963748e+18,1.5357919101745596e+22,1.5357917397402788e+22,1.0630089777953426,0.18242424665519644
oc,125.0,1.0768195298960315,9.906227713991289e-06,0.9005661558173899,1.25392149056753e+18,1.2510656603888837e+18,1.5357919101745596e+22,1.5357917151588027e+22,1.0630083927947775,0.18242706329059616
oc,125.0,1.0768195298960315,9.921528897801673e-06,0.9019571725274248,1.254099075829601e+18,1.2508884819005893e+18,1.5357919101745596e+22,1.5357916872032611e+22,1.0630077429218416,0.18243019274978117
oc,125.0,1.0768195298960315,9.9366391016615e-06,0.9033308274237727,1.2542961124266186e+18,1.2506919547302702e+18,1.5357919101745596e+22,1.5357916554288951e+22,1.0630070220851955,0.18243366452692136
oc,125.0,1.0768195298960315,9.951560068788844e-06,0.904687278980804,1.2545144070269133e+18,1.2504742958751652e+18,1.5357919101745596e+22,1.5357916193340155e+22,1.0630062237472955,0.18243751030525626
oc,125.0,1.0768195298960315,9.966293544633558e-06,0.906026685875778,1.2547558984764483e+18,1.2502335951053834e+18,1.5357919101745596e+22,1.535791578352834e+22,1.0630053409046238,0.18244176406050994
oc,125.0,1.0768195298960315,9.980841276254737e-06,0.9073492069322489,1.2550226640554875e+18,1.2499678096326405e+18,1.5357919101745596e+22,1.5357915318473432e+22,1.0630043660682922,0.1824464621639194
oc,125.0,1.0768195298960315,9.995205011714939e-06,0.9086550010649945,1.2553169257522883e+18,1.2496747589125043e+18,1.5357919101745596e+22,1.5357914790984564e+22,1.0630032912451644,0.18245164348436466
oc,125.0,1.0768195298960315,1.0009386499490995e-05,0.9099442272264542,1.2556410565326344e+18,1.2493521196213673e+18,1.5357919101745596e+22,1.53579141929575e+22,1.0630021079196543,0.1824573494890624
oc,125.0,1.0768195298960315,1.0023387487901238e-05,0.911217044354658,1.2559975865835512e+18,1.2489974208520466e+18,1.5357919101745596e+22,1.535791351526158e+22,1.063000807036364,0.18246362434226318
oc,125.0,1.0768195298960315,1.0037209724549056e-05,0.9124736113226415,1.2563892095094095e+18,1.2486080395740692e+18,1.5357919101745596e+22,1.535791274761259e+22,1.0629993789837393,0.1824705150013707
oc,125.0,1.0768195298960315,1.005085495578256e-05,0.9137140868893237,1.2568187884586358e+18,1.248181196406659e+18,1.5357919101745596e+22,1.5357911878429705e+22,1.0629978135789229,0.18247807130988375
oc,125.0,1.0768195298960315,1.0064324926170204e-05,0.9149386296518368,1.2572893621595397e+18,1.247713951754521e+18,1.5357919101745596e+22,1.5357910894676925e+22,1.062996100053997,0.18248634608654896
oc,125.0,1.0768195298960315,1.0077621377992197e-05,0.9161473979992907,1.2578041508441743e+18,1.2472032023579574e+18,1.5357919101745596e+22,1.5357909781683137e+22,1.0629942270438104,0.18249539521010053
oc,125.0,1.0768195298960315,1.009074605074749e-05,0.9173405500679536,1.2583665620399414e+18,1.246645678310664e+18,1.5357919101745596e+22,1.5357908522943723e+22,1.0629921825755995,0.18250527769895628
oc,125.0,1.0768195298960315,1.0103700680676184e-05,0.918518243697835,1.258980196209542e+18,1.246037940599332e+18,1.5357919101745596e+22,1.5357907099896865e+22,1.0629899540606007,0.18251605578523777
oc,125.0,1.0768195298960315,1.0116487000297136e-05,0.9196806363906487,1.2596488522211277e+18,1.2453763792202414e+18,1.5357919101745596e+22,1.5357905491675056e+22,1.0629875282878813,0.18252779498248284
oc,125.0,1.0768195298960315,1.012910673796053e-05,0.9208278852691392,1.260376532631803e+18,1.244657211928621e+18,1.5357919101745596e+22,1.5357903674827619e+22,1.0629848914205904,0.18254056414642414
oc,125.0,1.0768195298960315,1.0141561617415305e-05,0.921960147037755,1.261167448769346e+18,1.2438764836765064e+18,1.5357919101745596e+22,1.535790162301122e+22,1.0629820289948566,0.18255443552821843
oc,125.0,1.0768195298960315,1.0153853357391072e-05,0.923077577944643,1.262026025598863e+18,1.2430300667947372e+18,1.5357919101745596e+22,1.5357899306646463e+22,1.0629789259215459,0.1825694848195255
oc,125.0,1.0768195298960315,1.0165983671194466e-05,0.9241803337449515,1.262956906363049e+18,1.242113661973877e+18,1.5357919101745596e+22,1.5357896692534872e+22,1.0629755664910956,0.1825857911888544
oc,125.0,1.0768195298960315,1.0177954266319582e-05,0.9252685696654166,1.2639649569869353e+18,1.2411228000979484e+18,1.5357919101745596e+22,1.5357893743435175e+22,1.0629719343816382,0.1826034373086184
oc,125.0,1.0768195298960315,1.0189766844072332e-05,0.9263424403702121,1.2650552702405135e+18,1.2400528449827546e+18,1.5357919101745596e+22,1.535789041759101e+22,1.062968012670622,0.18262250937236926
oc,125.0,1.0768195298960315,1.020142309920849e-05,0.9274020999280446,1.2662331696549046e+18,1.238898997068912e+18,1.5357919101745596e+22,1.5357886668210975e+22,1.0629637838501338,0.1826430971017118
oc,125.0,1.0768195298960315,1.0212924719585172e-05,0.9284477017804702,1.2675042131905457e+18,1.2376562981164762e+18,1.5357919101745596e+22,1.535788244289028e+22,1.0629592298461106,0.18266529374243823
oc,125.0,1.0768195298960315,1.0224273385825546e-05,0.9294793987114133,1.2688741966584765e+18,1.2363196369450386e+18,1.5357919101745596e+22,1.535787768297458e+22,1.0629543320416313,0.18268919604946196
oc,125.0,1.0768195298960315,1.0235470770996504e-05,0.930497342817864,1.270349156898588e+18,1.2348837562589304e+18,1.5357919101745596e+22,1.5357872322857568e+22,1.0629490713044476,0.18271490426017553
oc,125.0,1.0768195298960315,1.0246518540299081e-05,0.9315016854817346,1.2719353747214597e+18,1.2333432605930545e+18,1.5357919101745596e+22,1.5357866289206984e+22,1.062943428018921,0.18274252205590463
oc,125.0,1.0768195298960315,1.0257418350771382e-05,0.932492577342853,1.2736393776232914e+18,1.2316926254090742e+18,1.5357919101745596e+22,1.5357859500115253e+22,1.062937382122496,0.1827721565111849
oc,125.0,1.0768195298960315,1.0268171851003767e-05,0.9334701682730697,1.275467942286041e+18,1.229926207366583e+18,1.5357919101745596e+22,1.5357851864167715e+22,1.062930913146834,0.18280391803063917
oc,125.0,1.0768195298960315,1.0278780680866053e-05,0.9344346073514593,1.277428096877753e+18,1.2280382557866647e+18,1.5357919101745596e+22,1.5357843279422064e+22,1.0629240002637015,0.18283792027329465
oc,125.0,1.0768195298960315,1.0289246471246506e-05,0.9353860428405916,1.2795271231705807e+18,1.2260229253189015e+18,1.5357919101745596e+22,1.5357833632294388e+22,1.062916622335693,0.18287428006423714
oc,125.0,1.0768195298960315,1.029957084380237e-05,0.9363246221638519,1.2817725584965335e+18,1.2238742898146463e+18,1.5357919101745596e+22,1.5357822796345157e+22,1.062908757971833,0.18291311729356285
oc,125.0,1.0768195298960315,1.030975541072169e-05,0.9372504918837901,1.2841721975633283e+18,1.2215863574014733e+18,1.5357919101745596e+22,1.535781063095951e+22,1.062900385588085,0.18295455480265244
oc,125.0,1.0768195298960315,1.0319801774496192e-05,0.938163797681472,1.2867340941549338e+18,1.2191530867447222e+18,1.5357919101745596e+22,1.535779697991725e+22,1.0628914834727543,0.18299871825785724
oc,125.0,1.0768195298960315,1.0329711527704998e-05,0.939064684336818,1.2894665627433661e+18,1.2165684044728768e+18,1.5357919101745596e+22,1.5357781669846538e+22,1.062882029856754,0.1830457360117538
oc,125.0,1.0768195298960315,1.03394862528089e-05,0.9399532957099002,1.2923781800400973e+18,1.213826223733687e+18,1.5357919101745596e+22,1.5357764508557844e+22,1.0628720029886618,0.1830957389521896
oc,125.0,1.0768195298960315,1.0349127521954981e-05,0.9408297747231802,1.2954777865170757e+18,1.2109204638378007e+18,1.5357919101745596e+22,1.5357745283255937e+22,1.062861381214461,0.1831488603394093
oc,125.0,1.0768195298960315,1.0358636896791337e-05,0.941694263344667,1.2987744879286582e+18,1.2078450709362678e+18,1.5357919101745596e+22,1.535772375862648e+22,1.062850143061837,0.1832052356316178
oc,125.0,1.0768195298960315,1.0368015928291665e-05,0.9425469025719695,1.3022776568666053e+18,1.2045940396677417e+18,1.5357919101745596e+22,1.5357699674797867e+22,1.0628382673288483,0.18326500229940057
oc,125.0,1.0768195298960315,1.0377266156589495e-05,0.9433878324172269,1.3059969343812928e+18,1.2011614357004232e+18,1.5357919101745596e+22,1.5357672745180523e+22,1.0628257331767754,0.1833282996294858
oc,125.0,1.0768195298960315,1.0386389110821806e-05,0.9442171918928914,1.309942231702986e+18,1.1975414190827123e+18,1.5357919101745596e+22,1.5357642654186188e+22,1.062812520226896,0.18339526851839635
oc,125.0,1.0768195298960315,1.0395386308981809e-05,0.9450351189983464,1.3141237320970112e+18,1.193728268306382e+18,1.5357919101745596e+22,1.5357609054837603e+22,1.0627986086609167,0.18346605125659635
oc,125.0,1.0768195298960315,1.0404259257780694e-05,0.9458417507073358,1.3185518928864387e+18,1.1897164049755456e+18,1.5357919101745596e+22,1.5357571566277539e+22,1.0627839793247535,0.18354079130379733
oc,125.0,1.0768195298960315,1.0413009452518051e-05,0.9466372229561866,1.3232374476762396e+18,1.1855004189643382e+18,1.5357919101745596e+22,1.535752977119134e+22,1.0627686138353187,0.18361963305614037
oc,125.0,1.0768195298960315,1.0421638376960825e-05,0.9474216706328022,1.328191408812069e+18,1.1810750939371453e+18,1.5357919101745596e+22,1.5357483213169585e+22,1.0627524946899456,0.18370272160602225
oc,125.0,1.0768195298960315,1.0430147503230494e-05,0.9481952275664085,1.3334250701053862e+18,1.176435433096333e+18,1.5357919101745596e+22,1.5357431394031064e+22,1.0627356053780628,0.1837902024953793
oc,125.0,1.0768195298960315,1.0438538291698319e-05,0.9489580265180291,1.3389500098568125e+18,1.1715766850140508e+18,1.5357919101745596e+22,1.535737377114601e+22,1.0627179304946912,0.18388222146328506
oc,125.0,1.0768195298960315,1.044681219088843e-05,0.9497101991716755,1.3447780942074698e+18,1.166494369398079e+18,1.5357919101745596e+22,1.5357309754802694e+22,1.0626994558553413,0.18397892418875492
oc,125.0,1.0768195298960315,1.0454970637388493e-05,0.9504518761262266,1.3509214808464566e+18,1.161184302635563e+18,1.5357919101745596e+22,1.535723870566849e+22,1.0626801686118574,0.1840804560296842
oc,125.0,1.0768195298960315,1.0463015055767816e-05,0.9511831868879833,1.3573926231022845e+18,1.1556426229535956e+18,1.5357919101745596e+22,1.5357159932419832e+22,1.062660057368757,0.1841869617588721
oc,125.0,1.0768195298960315,1.0470946858502635e-05,0.951904259863876,1.3642042744419535e+18,1.1498658150328927e+18,1.5357919101745596e+22,1.535707268961414e+22,1.062639112299619,0.1842985852981071
oc,125.0,1.0768195298960315,1.0478767445908384e-05,0.9526152223553077,1.3713694934023304e+18,1.1438507339083122e+18,1.5357919101745596e+22,1.5356976175915425e+22,1.0626173252630724,0.18441546945130505
oc,125.0,1.0768195298960315,1.0486478206078759e-05,0.9533162005526145,1.3789016489731133e+18,1.1375946279908832e+18,1.5357919101745596e+22,1.535686953278404e+22,1.0625946899179746,0.1845377556377014
oc,125.0,1.0768195298960315,1.0494080514831359e-05,0.9540073195301236,1.3868144264517606e+18,1.131095161046952e+18,1.5357919101745596e+22,1.535675184379517e+22,1.0625712018373847,0.18466558362610383
oc,125.0,1.0768195298960315,1.0501575735659735e-05,0.9546887032417941,1.3951218337853773e+18,1.1243504329747176e+18,1.5357919101745596e+22,1.535662213475771e+22,1.0625468586210043,0.1847990912712105
oc,125.0,1.0768195298960315,1.0508965219691605e-05,0.9553604745174187,1.4038382084147126e+18,1.1173589992240975e+18,1.5357919101745596e+22,1.5356479374875848e+22,1.0625216600058167,0.18493841425299026
oc,125.0,1.0768195298960315,1.05162503056531e-05,0.9560227550593727,1.4129782246314417e+18,1.1101198887148133e+18,1.5357919101745596e+22,1.5356322479237203e+22,1.0624956079747725,0.18508368582010912
oc,125.0,1.0768195298960315,1.052343231983881e-05,0.9566756654398918,1.422556901457766e+18,1.1026326201193596e+18,1.5357919101745596e+22,1.535615031300384e+22,1.0624687068635066,0.18523503653836648
oc,125.0,1.0768195298960315,1.0530512576087475e-05,0.9573193250988613,1.4325896110557975e+18,1.0948972163926598e+18,1.5357919101745596e+22,1.5355961697798548e+22,1.062440963465278,0.18539259404508007
oc,125.0,1.0768195298960315,1.0537492375763123e-05,0.9579538523421021,1.4430920876705044e+18,1.0869142174500296e+18,1.5357919101745596e+22,1.5355755420936904e+22,1.0624123871346232,0.18555648281032652
oc,125.0,1.0768195298960315,1.0544373007741478e-05,0.9585793643401344,1.4540804371083164e+18,1.078684690919975e+18,1.5357919101745596e+22,1.5355530248388715e+22,1.0623829898906128,0.18572682390590664
oc,125.0,1.0768195298960315,1.055115574840148e-05,0.9591959771274073,1.4655711467513334e+18,1.070210240929578e+18,1.5357919101745596e+22,1.535528494267464e+22,1.062352786521169,0.18590373478286396
oc,125.0,1.0768195298960315,1.0557841861621727e-05,0.9598038056019753,1.477581096104334e+18,1.061493014919199e+18,1.5357919101745596e+22,1.535501828734102e+22,1.062321794690669,0.18608732905833367
oc,125.0,1.0768195298960315,1.0564432598781674e-05,0.9604029635256067,1.4901275678698542e+18,1.05253570853008e+18,1.5357919101745596e+22,1.535472912023346e+22,1.062290035054051,0.1862777163124466
oc,125.0,1.0768195298960315,1.057092919876744e-05,0.9609935635243128,1.5032282595446108e+18,1.0433415686633352e+18,1.5357919101745596e+22,1.5354416378532659e+22,1.0622575313819254,0.18647500189595434
oc,125.0,1.0768195298960315,1.0577332887982049e-05,0.9615757170892771,1.516901295528488e+18,1.0339143948706271e+18,1.5357919101745596e+22,1.53540791594134e+22,1.0622243107027045,0.18667928674917356
oc,125.0,1.0768195298960315,1.0583644880359935e-05,0.962149534578176,1.5311652397357174e+18,1.0242585393013377e+18,1.5357919101745596e+22,1.5353716801221503e+22,1.06219040346952,0.18689066723278147
oc,125.0,1.0768195298960315,1.0589866377385603e-05,0.9627151252168731,1.5460391086959672e+18,1.0143789054932177e+18,1.5357919101745596e+22,1.5353328991154467e+22,1.062155843761521,0.18710923497091528
oc,125.0,1.0768195298960315,1.059599856811622e-05,0.9632725971014746,1.5615423851317517e+18,1.0042809463439692e+18,1.5357919101745596e+22,1.5352915906483972e+22,1.06212066953087,0.1873350767069513
oc,125.0,1.0768195298960315,1.0602042629208068e-05,0.9638220572007334,1.577695031997084e+18,9.939706616292061e+17,1.5357919101745596e+22,1.5352478397173485e+22,1.062084922908078,0.18756827417225488
oc,125.0,1.0768195298960315,1.0607999724946654e-05,0.9643636113587868,1.5945175069608735e+18,9.83454595424956e+17,1.5357919101745596e+22,1.5352018218142956e+22,1.0620486505788849,0.18780890396810684
oc,125.0,1.0768195298960315,1.0613871007280374e-05,0.9648973642982158,1.61203077731734e+18,9.727398337375507e+17,1.5357919101745596e+22,1.535153831913632e+22,1.0620119042452834,0.188057037460925
oc,125.0,1.0768195298960315,1.0619657615857558e-05,0.9654234196234144,1.6302563353042404e+18,9.618340025298862e+17,1.5357919101745596e+22,1.5351043198926927e+22,1.0619747411810987,0.18831274069081572
oc,125.0,1.0768195298960315,1.0625360678066804e-05,0.965941879824255,1.649216213808174e+18,9.507452661547255e+17,1.5357919101745596e+22,1.5350539328240883e+22,1.0619372248884296,0.18857607429341006
oc,125.0,1.0768195298960315,1.0630981309080423e-05,0.9664528462800386,1.66893300243425e+18,9.394823259645798e+17,1.5357919101745596e+22,1.5350035642134016e+22,1.0618994258550318,0.188847093434866
oc,125.0,1.0768195298960315,1.0636520611900908e-05,0.9669564192637189,1.6894298639153713e+18,9.280544185735503e+17,1.5357919101745596e+22,1.5349544097645769e+22,1.0618614224043716,0.18912584775986005
oc,125.0,1.0768195298960315,1.0641979677410253e-05,0.9674526979463867,1.710730550833741e+18,9.164713129197308e+17,1.5357919101745596e+22,1.5349080286481e+22,1.061823301619896,0.18941238135234212
oc,125.0,1.0768195298960315,1.0647359584422066e-05,0.9679417804020061,1.7328594226244355e+18,9.047433049467721e+17,1.5357919101745596e+22,1.5348664085574014e+22,1.061785160313571,0.18970673270880167
oc,125.0,1.0768195298960315,1.0652661399736287e-05,0.9684237636123898,1.7558414628266504e+18,8.92881208424986e+17,1.5357919101745596e+22,1.5348320321122658e+22,1.0617471059967785,0.19000893472378008
oc,125.0,1.0768195298960315,1.0657886178196438e-05,0.9688987434724035,1.779702296545042e+18,8.808963402065216e+17,1.5357919101745596e+22,1.5348079414665087e+22,1.0617092578002465,0.19031901468737272
oc,125.0,1.0768195298960315,1.0663034962749275e-05,0.9693668147953887,1.8044682080799752e+18,8.688004980913998e+17,1.5357919101745596e+22,1.5347977973679765e+22,1.0616717472799784,0.19063699429449105
oc,125.0,1.0768195298960315,1.0668108784506744e-05,0.969828071318795,1.8301661586793341e+18,8.566059295044169e+17,1.5357919101745596e+22,1.5348059284694783e+22,1.0616347190392943,0.19096288966569272
oc,125.0,1.0768195298960315,1.067310866281011e-05,0.97028260571001,1.856823804363652e+18,8.44325289365529e+17,1.5357919101745596e+22,1.5348373664664178e+22,1.061598331094089,0.1912967113794363
oc,125.0,1.0768195298960315,1.0678035605296172e-05,0.9707305095723793,1.8844695137692933e+18,8.319715858840808e+17,1.5357919101745596e+22,1.534897862678778e+22,1.0615627549100652,0.19163846451567051
oc,125.0,1.0768195298960315,1.0682890607965472e-05,0.9711718734514065,1.9131323859553216e+18,8.195581135093548e+17,1.5357919101745596e+22,1.5349938820403666e+22,1.0615281750473597,0.19198814871071548
oc,125.0,1.0768195298960315,1.0687674655252362e-05,0.9716067868411238,1.9428422681137815e+18,8.070983728984863e+17,1.5357919101745596e+22,1.5351325710945515e+22,1.0614947883596926,0.19234575822342967
oc,125.0,1.0768195298960315,1.0692388720096866e-05,0.9720353381906242,1.9736297731262812e+18,7.946059784768785e+17,1.5357919101745596e+22,1.5353216975139559e+22,1.0614628027114539,0.19271128201267917
oc,125.0,1.0768195298960315,1.0697033764018233e-05,0.9724576149107484,2.005526296907363e+18,7.82094554915034e+17,1.5357919101745596e+22,1.5355695597996407e+22,1.0614324351961915,0.19308470382612206
oc,125.0,1.0768195298960315,1.0701610737190086e-05,0.9728737033809168,2.0385640354782528e+18,7.69577624572853e+17,1.5357919101745596e+22,1.5358848671169982e+22,1.061403909862564,0.19346600230029165
oc,125.0,1.0768195298960315,1.0706120578517071e-05,0.9732836889560974,2.0727760017178483e+18,7.570684886125024e+17,1.5357919101745596e+22,1.536276590601902e+22,1.0613774549776078,0.19385515107190446
oc,125.0,1.0768195298960315,1.0710564215712944e-05,0.973687655973904,2.1081960417416696e+18,7.445801050046906e+17,1.5357919101745596e+22,1.5367537888370484e+22,1.0613532998805917,0.1942521189002346
oc,125.0,1.0768195298960315,1.0714942565379982e-05,0.9740856877618166,2.1448588508646584e+18,7.321249670115301e+17,1.5357919101745596e+22,1.5373254114687354e+22,1.0613316715023338,0.1946568698002834
oc,125.0,1.0768195298960315,1.0719256533089662e-05,0.9744778666445147,2.1827999891099487e+18,7.197149858964502e+17,1.5357919101745596e+22,1.5380000860304092e+22,1.0613127906432478,0.19506936318634105
oc,125.0,1.0768195298960315,1.0723507013464508e-05,0.9748642739513189,2.2220558962317908e+18,7.073613815779724e+17,1.5357919101745596e+22,1.5387858938986871e+22,1.0612968681174895,0.19548955402539014
oc,125.0,1.0768195298960315,1.0727694890261048e-05,0.9752449900237316,2.26266390622686e+18,6.950745847141908e+17,1.5357919101745596e+22,1.5396901418848326e+22,1.0612841008795433,0.19591739299964595
oc,125.0,1.0768195298960315,1.0731821036453796e-05,0.9756200942230724,2.3046622613142687e+18,6.828641532976137e+17,1.5357919101745596e+22,1.5407191362377894e+22,1.0612746682530332,0.19635282667737525
oc,125.0,1.0768195298960315,1.0735886314320188e-05,0.9759896649381989,2.3480901253690685e+18,6.707387062859054e+17,1.5357919101745596e+22,1.5418779657977958e+22,1.061268728379318,0.19679579769098562
oc,125.0,1.0768195298960315,1.0739891575526403e-05,0.9763537795933094,2.392987596799034e+18,6.587058761305888e+17,1.5357919101745596e+22,1.5431703007118664e+22,1.0612664149958748,0.1972462449212533
oc,125.0,1.0768195298960315,1.0743837661213997e-05,0.9767125146558179,2.439395720856255e+18,6.467722813366712e+17,1.5357919101745596e+22,1.5445982125328599e+22,1.061267834642124,0.19770410368644148
oc,125.0,1.0768195298960315,1.07477254020873e-05,0.9770659456442999,2.487356501377614e+18,6.349435194337394e+17,1.5357919101745596e+22,1.5461620207200401e+22,1.0612730643740567,0.19816930593498733
oc,125.0,1.0768195298960315,1.0751555618501495e-05,0.9774141471364997,2.536912911947358e+18,6.232241800056344e+17,1.5357919101745596e+22,1.5478601695915407e+22,1.0612821500498135,0.1986417804403792
oc,125.0,1.0768195298960315,1.0755329120551326e-05,0.9777571927773933,2.5881089064738417e+18,6.116178767469792e+17,1.5357919101745596e+22,1.5496891387065317e+22,1.0612951052273083,0.19912145299682793
oc,125.0,1.0768195298960315,1.0759046708160368e-05,0.9780951552873063,2.6409894291701704e+18,6.001272969202121e+17,1.5357919101745596e+22,1.5516433885327784e+22,1.0613119106932405,0.19960824661435475
oc,125.0,1.0768195298960315,1.0762709171170821e-05,0.9784281064700746,2.695600423922705e+18,5.887542660986469e+17,1.5357919101745596e+22,1.5537153421355348e+22,1.0613325146214907,0.20010208171195176
oc,125.0,1.0768195298960315,1.076631728943374e-05,0.9787561172212491,2.751988843028201e+18,5.774998257117178e+17,1.5357919101745596e+22,1.5558954025571532e+22,1.0613568333388512,0.20060287630755766
oc,125.0,1.0768195298960315,1.0769871832899693e-05,0.9790792575363358,2.810202655272869e+18,5.663643206647431e+17,1.5357919101745596e+22,1.5581720045777131e+22,1.061384752658196,0.20111054620367605
oc,125.0,1.0768195298960315,1.0773373561709743e-05,0.9793975965190677,2.870290853319691e+18,5.553474941845684e+17,1.5357919101745596e+22,1.5605316986879668e+22,1.0614161297240847,0.2016250051675874
oc,125.0,1.0768195298960315,1.077682322628674e-05,0.9797112023897037,2.932303460363149e+18,5.4444858703684704e+17,1.5357919101745596e+22,1.56295926438831e+22,1.0614507953038859,0.20214616510523867
oc,125.0,1.0768195298960315,1.0780221567426868e-05,0.9800201424933517,2.9962915360045624e+18,5.3366643835832186e+17,1.5357919101745596e+22,1.565437849362085e+22,1.06148855644899,0.20267393622803434
oc,125.0,1.0768195298960315,1.07835693163914e-05,0.9803244833083091,3.062307181290149e+18,5.22999585531935e+17,1.5357919101745596e+22,1.5679491306602742e+22,1.0615291994455676,0.2032082272119028
oc,125.0,1.0768195298960315,1.0786867194998597e-05,0.980624290454418,3.1304035428505774e+18,5.1244636078662214e+17,1.5357919101745596e+22,1.5704734937797718e+22,1.0615724929724766,0.2037489453481586
oc,125.0,1.0768195298960315,1.0790115915715747e-05,0.9809196287014316,3.2006348160710205e+18,5.020049825084422e+17,1.5357919101745596e+22,1.5729902254023183e+22,1.0616181913850502,0.204295996685831
oc,125.0,1.0768195298960315,1.0793316181751259e-05,0.9812105619773872,3.273056247215901e+18,4.916736395874265e+17,1.5357919101745596e+22,1.575477715578806e+22,1.061666038047189,0.20484928616526135
oc,125.0,1.0768195298960315,1.0796468687146801e-05,0.981497153376982,3.3477241344252575e+18,4.814505674782686e+17,1.5357919101745596e+22,1.577913665273173e+22,1.0617157686399974,0.20540871774290265
oc,125.0,1.0768195298960315,1.0799574116869445e-05,0.9817794651699496,3.424695827497776e+18,4.7133411500737005e+17,1.5357919101745596e+22,1.5802752954063754e+22,1.0617671143826557,0.20597419450737603
oc,125.0,1.0768195298960315,1.0802633146903754e-05,0.9820575588094322,3.504029726366134e+18,4.613228013015325e+17,1.5357919101745596e+22,1.5825395538398408e+22,1.0618198051097905,0.20654561878692898
oc,125.0,1.0768195298960315,1.0805646444343797e-05,0.9823314949403452,3.585785278173327e+18,4.514153625337764e+17,1.5357919101745596e+22,1.584683317098614e+22,1.0618735721588575,0.20712289224853914
oc,125.0,1.0768195298960315,1.0808614667485075e-05,0.982601333407734,3.670022972851221e+18,4.4161078847187155e+17,1.5357919101745596e+22,1.5866835840285538e+22,1.061928151030523,0.2077059159889785
oc,125.0,1.0768195298960315,1.0811538465916265e-05,0.982867133265115,3.756804337102262e+18,4.3190834906971674e+17,1.5357919101745596e+22,1.5885176590023944e+22,1.061983283794384,0.2082945906181991
oc,125.0,1.0768195298960315,1.0814418480610833e-05,0.9831289527828031,3.8461919266871465e+18,4.2230761155703584e+17,1.5357919101745596e+22,1.5901633227163456e+22,1.0620387212212776,0.20888881633546524
oc,125.0,1.0768195298960315,1.081725534401841e-05,0.9833868494562192,3.9382493169169085e+18,4.1280844865825344e+17,1.5357919101745596e+22,1.5915989890394684e+22,1.0620942246316698,0.20948849299866593
oc,125.0,1.0768195298960315,1.0820049680155946e-05,0.9836408800141769,4.0330410912514836e+18,4.034110387068154e+17,1.5357919101745596e+22,1.5928038467846103e+22,1.062149567457008,0.21009352018727595
oc,125.0,1.0768195298960315,1.0822802104698606e-05,0.983891100427146,4.130632827908037e+18,3.941158585182908e+17,1.5357919101745596e+22,1.5937579856514924e+22,1.062204536517381,0.21070379725943403
oc,125.0,1.0768195298960315,1.0825513225070368e-05,0.9841375659154881,4.23109108438238e+18,3.849236699477843e+17,1.5357919101745596e+22,1.5944425059443563e+22,1.0622589330242653,0.21131922340359927
oc,125.0,1.0768195298960315,1.082818364053432e-05,0.9843803309576654,4.3344833797921147e+18,3.7583550108656115e+17,1.5357919101745596e+22,1.5948396119825702e+22,1.0623125733215928,0.21193969768525264
oc,125.0,1.0768195298960315,1.0830813942282604e-05,0.9846194492984186,4.4408788350694676e+18,3.6688604186923936e+17,1.5357919101745596e+22,1.5950782185259626e+22,1.0623674511557277,0.21256511908907783
oc,125.0,1.0768195298960315,1.083340471352602e-05,0.9848549739569109,4.5503475360681615e+18,3.5810802056585056e+17,1.5357919101745596e+22,1.5952930996214932e+22,1.062425626519609,0.21319538644249664
oc,125.0,1.0768195298960315,1.0835956529583215e-05,0.9850869572348377,4.662959854814727e+18,3.495011417197783e+17,1.5357919101745596e+22,1.595482872561577e+22,1.0624871256713038,0.2138303983584377
oc,125.0,1.0768195298960315,1.0838469957969498e-05,0.9853154507244999,4.778787022194703e+18,3.410649426875633e+17,1.5357919101745596e+22,1.5956462955378676e+22,1.0625519748239955,0.21447005329521238
oc,125.0,1.0768195298960315,1.084094555848522e-05,0.9855405053168382,4.897901096420461e+18,3.3279879958284717e+17,1.5357919101745596e+22,1.595782262250284e+22,1.0626202000370057,0.21511424961203604
oc,125.0,1.0768195298960315,1.08433838833037e-05,0.9857621712094272,5.020374928976445e+18,3.247019335470545e+17,1.5357919101745596e+22,1.595889796587332e+22,1.062691827111956,0.215762885620358
oc,125.0,1.0768195298960315,1.0845785477058698e-05,0.9859804979144271,5.146282127985714e+18,3.16773417288784e+17,1.5357919101745596e+22,1.5959680473655574e+22,1.062766881493737,0.21641585963117455
oc,125.0,1.0768195298960315,1.0848150876931413e-05,0.9861955342664921,5.275697018943298e+18,3.090121818379554e+17,1.5357919101745596e+22,1.5960162831188154e+22,1.062845388175985,0.21707306999849127
oc,125.0,1.0768195298960315,1.0850480612736976e-05,0.9864073284306342,5.408694602766383e+18,3.0141702346461434e+17,1.5357919101745596e+22,1.5960338869302935e+22,1.0629273716108085,0.21773441515910816
oc,125.0,1.0768195298960315,1.085277520701043e-05,0.986615927910039,5.545350511113864e+18,2.93986610716207e+17,1.5357919101745596e+22,1.5960203513026337e+22,1.0630128556225227,0.21839979366889092
oc,125.0,1.0768195298960315,1.0855035175092196e-05,0.986821379553836,5.685740958934499e+18,2.867194915305833e+17,1.5357919101745596e+22,1.5959752730631605e+22,1.0631018633251899,0.2190691042357079
oc,125.0,1.0768195298960315,1.0857261025212985e-05,0.9870237295648168,5.829942694204192e+18,2.796141003856597e+17,1.5357919101745596e+22,1.5958983483026483e+22,1.0631944170437782,0.2197422457491914
oc,125.0,1.0768195298960315,1.0859453258578164e-05,0.9872230235071058,5.978032944821628e+18,2.726687654499007e+17,1.5357919101745596e+22,1.5957893673480662e+22,1.0632905382387727,0.22041911730750086
oc,125.0,1.0768195298960315,1.0861612369451554e-05,0.9874193063137777,6.130089362633253e+18,2.658817157011134e+17,1.5357919101745596e+22,1.5956482097701655e+22,1.0633902474341,0.2210996182412481
oc,125.0,1.0768195298960315,1.0863738845238655e-05,0.9876126222944233,6.286189964567343e+18,2.592510879840016e+17,1.5357919101745596e+22,1.5954748394284375e+22,1.0634935641482306,0.22178364813475432
oc,125.0,1.0768195298960315,1.0865833166569272e-05,0.9878030151426611,6.446413070861041e+18,2.5277493397995875e+17,1.5357919101745596e+22,1.5952692995561427e+22,1.0636005068283518,0.22247110684479993
oc,125.0,1.0768195298960315,1.0867895807379541e-05,0.9879905279435948,6.610837240371254e+18,2.4645122706536016e+17,1.5357919101745596e+22,1.5950317078896244e+22,1.0637110927875042,0.22316189451702664
oc,125.0,1.0768195298960315,1.0869927234993378e-05,0.9881752031812162,6.779541202969935e+18,2.4027786903712224e+17,1.5357919101745596e+22,1.5947622518458155e+22,1.0638253381445988,0.22385591160016113
oc,125.0,1.0768195298960315,1.0871927910203254e-05,0.9883570827457504,6.952603789025049e+18,2.342526966870926e+17,1.5357919101745596e+22,1.5944611837529335e+22,1.0639432577672332,0.2245530588581971
oc,125.0,1.0768195298960315,1.0873898287350402e-05,0.9885362079409457,7.130103855984261e+18,2.2837348820883485e+17,1.5357919101745596e+22,1.5941288161389121e+22,1.0640648652172373,0.22525323738071026
oc,125.0,1.0768195298960315,1.0875838814404348e-05,0.9887126194913044,7.312120212079356e+18,2.2263796942295498e+17,1.5357919101745596e+22,1.5937655170833754e+22,1.064190172698888,0.22595634859143857
oc,125.0,1.0768195298960315,1.0877749933041825e-05,0.9888863575492568,7.49873153718342e+18,2.1704381980890874e+17,1.5357919101745596e+22,1.5933717056379215e+22,1.0643191910097387,0.2266622942552848
oc,125.0,1.0768195298960315,1.087963207872503e-05,0.9890574617022755,7.690016300858765e+18,2.1158867833336717e+17,1.5357919101745596e+22,1.5929478473206997e+22,1.064451929494015,0.22737097648388074
oc,125.0,1.0768195298960315,1.0881485680779226e-05,0.9892259709799296,7.886052677639518e+18,2.0627014906703184e+17,1.5357919101745596e+22,1.5924944496898265e+22,1.0645883959985325,0.2280822977398463
oc,125.0,1.0768195298960315,1.088331116246969e-05,0.9893919238608808,8.086918459610742e+18,2.0108580658330045e+17,1.5357919101745596e+22,1.5920120580013931e+22,1.0647285968311042,0.22879616083989138
oc,125.0,1.0768195298960315,1.0885108941077993e-05,0.9895553582798176,8.292690966347478e+18,1.960332011340219e+17,1.5357919101745596e+22,1.5915012509572922e+22,1.0648725367213945,0.22951246895687694
oc,125.0,1.0768195298960315,1.0886879427977617e-05,0.9897163116343288,8.503446952290026e+18,1.911098635988234e+17,1.5357919101745596e+22,1.5909626365472523e+22,1.0650202187841984,0.2302311256209708
oc,125.0,1.0768195298960315,1.088862302870889e-05,0.9898748207917173,8.719262511641991e+18,1.8631331020586688e+17,1.5357919101745596e+22,1.5903968479898883e+22,1.0651716444851131,0.2309520347200185
oc,125.0,1.0768195298960315,1.0890340143053247e-05,0.9900309220957497,8.940212980888982e+18,1.8164104702319344e+17,1.5357919101745596e+22,1.5898045397776183e+22,1.0653268136085796,0.23167510049924106
oc,125.0,1.0768195298960315,1.089203116510682e-05,0.9901846513733472,9.16637283904467e+18,1.7709057422076774e+17,1.5357919101745596e+22,1.5891863838290354e+22,1.0654857242282707,0.2324002275603848
oc,125.0,1.0768195298960315,1.0893696483353328e-05,0.9903360439412118,9.397815605738912e+18,1.7265939010449315e+17,1.5357919101745596e+22,1.5885430657524661e+22,1.0656483726798045,0.233127320860417
oc,125.0,1.0768195298960315,1.089533648073631e-05,0.9904851346123917,9.634613737283795e+18,1.6834499492424688e+17,1.5357919101745596e+22,1.5878752812251954e+22,1.065814753535767,0.23385628570988362
oc,125.0,1.0768195298960315,1.0896951534730626e-05,0.9906319577027842,9.87683852084798e+18,1.6414489445887536e+17,1.5357919101745596e+22,1.5871837324900395e+22,1.0659848595830208,0.23458702777102125
oc,125.0,1.0768195298960315,1.0898542017413324e-05,0.990776547037575,1.0124559966895667e+19,1.6005660338175395e+17,1.5357919101745596e+22,1.5864691249733001e+22,1.0661586818022886,0.23531945305571939
oc,125.0,1.0768195298960315,1.0900108295533774e-05,0.9909189359576158,1.0377846700050385e+19,1.5607764841119168e+17,1.5357919101745596e+22,1.5857321640263072e+22,1.0663362093499906,0.23605346792342438
oc,125.0,1.0768195298960315,1.0901650730583125e-05,0.9910591573257387,1.0636765848549229e+19,1.522055712504828e+17,1.5357919101745596e+22,1.584973551792014e+22,1.0665174295423236,0.23678897907906743
oc,125.0,1.0768195298960315,1.0903169678863081e-05,0.9911972435330074,1.0901382932479447e+19,1.4843793132290214e+17,1.5357919101745596e+22,1.584193984199843e+22,1.0667023278415648,0.23752589357109935
oc,125.0,1.0768195298960315,1.0904665491553973e-05,0.9913332265049066,1.1171761750979066e+19,1.447723083073539e+17,1.5357919101745596e+22,1.5833941480888735e+22,1.0668908878445866,0.23826411878970774
oc,125.0,1.0768195298960315,1.090613851478213e-05,0.9914671377074664,1.1447964268609319e+19,1.4120630448073339e+17,1.5357919101745596e+22,1.5825747184614023e+22,1.0670830912735643,0.23900356246528015
oc,125.0,1.0768195298960315,1.0907589089686595e-05,0.9915990081533268,1.173005050111403e+19,1.3773754687328083e+17,1.5357919101745596e+22,1.5817363558678961e+22,1.0672789179688693,0.2397441326671987
oc,125.0,1.0768195298960315,1.0909017552485099e-05,0.9917288684077362,1.2018078400774736e+19,1.3436368924357926e+17,1.5357919101745596e+22,1.580879703922851e+22,1.0674783458841233,0.24048573780299906
oc,125.0,1.0768195298960315,1.091042423453939e-05,0.99185674859449,1.2312103741610414e+19,1.310824138798308e+17,1.5357919101745596e+22,1.5800053869538047e+22,1.0676813510834053,0.24122828661798124
oc,125.0,1.0768195298960315,1.0911809462419846e-05,0.9919826784018042,1.261218000463859e+19,1.2789143323435496e+17,1.5357919101745596e+22,1.5791140077809837e+22,1.067887907740594,0.24197168819529905
oc,125.0,1.0768195298960315,1.0913173557969417e-05,0.9921066870881288,1.2918358263468892e+19,1.2478849139818523e+17,1.5357919101745596e+22,1.578206145630373e+22,1.0680979881408272,0.24271585195659987
oc,125.0,1.0768195298960315,1.0914516838366856e-05,0.992228803487896,1.323068707045544e+19,1.2177136542283938e+17,1.5357919101745596e+22,1.5772823541768216e+22,1.0683115626840658,0.24346068766323098
oc,125.0,1.0768195298960315,1.0915839616189305e-05,0.9923490560172095,1.354921234369772e+19,1.1883786649615757e+17,1.5357919101745596e+22,1.5763431597191991e+22,1.0685285998907412,0.24420610541808438
oc,125.0,1.0768195298960315,1.091714219947416e-05,0.9924674726794691,1.3873977255131693e+19,1.1598584097926691e+17,1.5357919101745596e+22,1.5753890594845652e+22,1.0687490664094736,0.2449520156680873
oc,125.0,1.0768195298960315,1.091842489178028e-05,0.9925840810709345,1.4205022119997712e+19,1.1321317131157782e+17,1.5357919101745596e+22,1.5744205200621623e+22,1.0689729270268358,0.24569832920738063
oc,125.0,1.0768195298960315,1.0919687992248514e-05,0.9926989083862285,1.4542384287960117e+19,1.1051777679057848e+17,1.5357919101745596e+22,1.5734379759646756e+22,1.0692001446791497,0.24644495718122325
oc,125.0,1.0768195298960315,1.092093179566154e-05,0.9928119814237764,1.4886098036148165e+19,1.0789761423330446e+17,1.5357919101745596e+22,1.5724418283161938e+22,1.0694306804662923,0.24719181109061625
oc,125.0,1.0768195298960315,1.0922156592503055e-05,0.9929233265911869,1.5236194464418722e+19,1.0535067852593885e+17,1.5357919101745596e+22,1.5714324436653774e+22,1.06966449366749,0.24793880279770228
oc,125.0,1.0768195298960315,1.092336266901628e-05,0.9930329699105709,1.559270139310531e+19,1.028750030681415e+17,1.5357919101745596e+22,1.570410152921545e+22,1.0699015417590814,0.24868584453192397
oc,125.0,1.0768195298960315,1.0924550307261798e-05,0.9931409370237998,1.595564326355702e+19,1.0046866011836194e+17,1.5357919101745596e+22,1.5693752504133697e+22,1.070141780434222,0.24943284889697162
oc,125.0,1.0768195298960315,1.092571978517474e-05,0.9932472531977037,1.6325041041734093e+19,9.812976104629738e+16,1.5357919101745596e+22,1.568327993066416e+22,1.0703851636245096,0.25017972887851886
oc,125.0,1.0768195298960315,1.0926871376621309e-05,0.9933519433292098,1.6700912125164497e+19,9.585645649846115e+16,1.5357919101745596e+22,1.5672685996999384e+22,1.0706316435235055,0.25092639785275683
oc,125.0,1.0768195298960315,1.0928005351454637e-05,0.9934550319504216,1.708327025351946e+19,9.364693648264832e+16,1.5357919101745596e+22,1.5661972504386885e+22,1.0708811706121204,0.2516727695957229
oc,125.0,1.0768195298960315,1.0929121975570008e-05,0.9935565432336372,1.747212542310667e+19,9.149943037688792e+16,1.5357919101745596e+22,1.5651140862398578e+22,1.0711336936858413,0.252418758293417
oc,125.0,1.0768195298960315,1.0930221510959425e-05,0.9936565009963114,1.7867483805539975e+19,8.941220686821528e+16,1.5357919101745596e+22,1.5640192085308582e+22,1.0713891598837704,0.25316427855272033
oc,125.0,1.0768195298960315,1.0931304215765523e-05,0.9937549287059567,1.8269347670860511e+19,8.738357382653338e+16,1.5357919101745596e+22,1.562912678958388e+22,1.0716475147194404,0.25390924541307297
oc,125.0,1.0768195298960315,1.0932370344334861e-05,0.9938518494849875,1.867771531536278e+19,8.541187811843034e+16,1.5357919101745596e+22,1.5617945192436947e+22,1.0719087021133777,0.2546535743589327
oc,125.0,1.0768195298960315,1.0933420147270573e-05,0.9939472861155068,1.9092580994392084e+19,8.349550536576883e+16,1.5357919101745596e+22,1.5606647111445677e+22,1.0721726644273815,0.2553971813329833
oc,125.0,1.0768195298960315,1.0934453871484367e-05,0.9940412610440335,1.9513934860331737e+19,8.163287965362022e+16,1.5357919101745596e+22,1.559523196519659e+22,1.0724393425004723,0.2561399827500635
oc,125.0,1.0768195298960315,1.0935471760247933e-05,0.9941337963861758,1.9941762906045415e+19,7.982246319179499e+16,1.5357919101745596e+22,1.5583698774942116e+22,1.0727086756864923,0.25688189551183166
oc,125.0,1.0768195298960315,1.0936474053243696e-05,0.9942249139312452,2.0376046913966547e+19,7.806275593421403e+16,1.5357919101745596e+22,1.557204616724216e+22,1.0729806018932928,0.2576228370220982
oc,125.0,1.0768195298960315,1.0937460986614977e-05,0.9943146351468162,2.0816764411063714e+19,7.635229515995454e+16,1.5357919101745596e+22,1.5560272377564738e+22,1.0732550576234932,0.2583627252028424
oc,125.0,1.0768195298960315,1.0938432793015513e-05,0.9944029811832285,2.126388862987063e+19,7.468965501977874e+16,1.5357919101745596e+22,1.554837525483156e+22,1.0735319780167465,0.25910147851084914
oc,125.0,1.0768195298960315,1.0939389701658392e-05,0.9944899728780356,2.1717388475758113e+19,7.307344605161171e+16,1.5357919101745596e+22,1.5536352266867532e+22,1.0738112968934848,0.25983901595496656
oc,125.0,1.0768195298960315,1.0940331938364382e-05,0.9945756307603985,2.217722850063457e+19,7.150231466833578e+16,1.5357919101745596e+22,1.5524200506749813e+22,1.0740929468000844,0.26057525711393886
oc,125.0,1.0768195298960315,1.094125972560964e-05,0.9946599750554219,2.264336888318635e+19,6.997494262108007e+16,1.5357919101745596e+22,1.5511916700009698e+22,1.0743768590554057,0.2613101221547658
oc,125.0,1.0768195298960315,1.0942173282572852e-05,0.9947430256884412,2.3115765415840453e+19,6.849004644089512e+16,1.5357919101745596e+22,1.54994972126813e+22,1.0746629637986642,0.2620435318515918
oc,125.0,1.0768195298960315,1.0943072825181768e-05,0.9948248022892516,2.35943694985239e+19,6.7046376861682936e+16,1.5357919101745596e+22,1.5486938060157471e+22,1.0749511900385655,0.26277540760504586
oc,125.0,1.0768195298960315,1.0943958566159159e-05,0.9949053241962872,2.407912813933759e+19,6.564271822693654e+16,1.5357919101745596e+22,1.5474234916829795e+22,1.075241465703664,0.26350567146202575
oc,125.0,1.0768195298960315,1.0944830715068192e-05,0.9949846104607447,2.4569983962220425e+19,6.4277887882792184e+16,1.5357919101745596e+22,1.5461383126493392e+22,1.0755337176938724,0.26423424613585966
oc,125.0,1.0768195298960315,1.0945689478357231e-05,0.9950626798506574,2.5066875221653852e+19,6.2950735559629864e+16,1.5357919101745596e+22,1.5448377713472513e+22,1.0758278719330805,0.2649610550268309
oc,125.0,1.0768195298960315,1.0946535059404077e-05,0.9951395508549161,2.5569735824459596e+19,6.166014274439727e+16,1.5357919101745596e+22,1.5435213394456774e+22,1.0761238534228057,0.26568602224300547
oc,125.0,1.0768195298960315,1.0947367658559627e-05,0.9952152416872388,2.607849535869669e+19,6.040502204563109e+16,1.5357919101745596e+22,1.54218845910064e+22,1.076421586296823,0.2664090726213231
oc,125.0,1.0768195298960315,1.0948187473190986e-05,0.9952897702900896,2.659307912964978e+19,5.91843165530336e+16,1.5357919101745596e+22,1.5408385442698838e+22,1.0767209938766988,0.2671301317489056
oc,125.0,1.0768195298960315,1.0948994697724025e-05,0.9953631543385477,2.711340820291558e+19,5.799699919328174e+16,1.5357919101745596e+22,1.5394709820893903e+22,1.0770219987281755,0.26784912598455424
oc,125.0,1.0768195298960315,1.0949789523685387e-05,0.9954354112441262,2.7639399454502846e+19,5.684207208370125e+16,1.5357919101745596e+22,1.5380851343076415e+22,1.0773245227183208,0.26856598248036306
oc,125.0,1.0768195298960315,1.0950572139743958e-05,0.9955065581585416,2.8170965627911295e+19,5.571856588521117e+16,1.5357919101745596e+22,1.5366803387747261e+22,1.0776284870733879,0.2692806292034345
oc,125.0,1.0768195298960315,1.0951342731751775e-05,0.9955766119774341,2.870801539808854e+19,5.462553915593728e+16,1.5357919101745596e+22,1.5352559109836747e+22,1.077933812437294,0.2699929949576165
oc,125.0,1.0768195298960315,1.0952101482784434e-05,0.9956455893440395,2.9250453442166075e+19,5.356207770667086e+16,1.5357919101745596e+22,1.5338111456596894e+22,1.0782404189306638,0.27070300940524983
oc,125.0,1.0768195298960315,1.0952848573180955e-05,0.9957135066528141,2.979818051684515e+19,5.252729395932273e+16,1.5357919101745596e+22,1.5323453183941858e+22,1.0785482262103505,0.2714106030888649
oc,125.0,1.0768195298960315,1.0953584180583116e-05,0.9957803800530105,3.0351093542281322e+19,5.152032630941999e+16,1.5357919101745596e+22,1.5308576873206086e+22,1.0788571535293525,0.27211570745276725
oc,125.0,1.0768195298960315,1.0954308479974282e-05,0.9958462254522075,3.09090856923167e+19,5.0540338493530776e+16,1.5357919101745596e+22,1.5293474948278135e+22,1.0791671197970611,0.2728182548644982
oc,125.0,1.0768195298960315,1.0955021643717723e-05,0.9959110585197931,3.1472046490856255e+19,4.958651896249574e+16,1.5357919101745596e+22,1.5278139693071914e+22,1.07947804363975,0.2735181786361019
oc,125.0,1.0768195298960315,1.0955723841594418e-05,0.9959748946904017,3.20398619141984e+19,4.865808026121523e+16,1.5357919101745596e+22,1.5262563269305275e+22,1.0797898434612268,0.2742154130451619
oc,125.0,1.0768195298960315,1.0956415240840354e-05,0.9960377491673049,3.2612414499101393e+19,4.775425841567048e+16,1.5357919101745596e+22,1.5246737734543046e+22,1.0801024375035693,0.2749098933555653
oc,125.0,1.0768195298960315,1.0957096006183349e-05,0.996099636925759,3.318958345634743e+19,4.687431232778077e+16,1.5357919101745596e+22,1.523065506046362e+22,1.0804157439078643,0.27560155583795715
oc,125.0,1.0768195298960315,1.0957766299879358e-05,0.9961605727163052,3.3771244789536997e+19,4.601752317866138e+16,1.5357919101745596e+22,1.5214307151312811e+22,1.0807296807748603,0.2762903377898215
oc,125.0,1.0768195298960315,1.0958426281748313e-05,0.9962205710680284,3.435727141887776e+19,4.518319384071573e+16,1.5357919101745596e+22,1.519768586250402e+22,1.0810441662254624,0.2769761775551811
oc,125.0,1.0768195298960315,1.0959076109209472e-05,0.9962796462917702,3.494753330966068e+19,4.437064829901398e+16,1.5357919101745596e+22,1.5180783019322532e+22,1.081359118460977,0.2776590145438451
oc,125.0,1.0768195298960315,1.09597159373163e-05,0.9963378124833001,3.5541897605151175e+19,4.357923108228958e+16,1.5357919101745596e+22,1.5163590435697242e+22,1.0816744558230318,0.2783387892501895
oc,125.0,1.0768195298960315,1.0960345918790874e-05,0.9963950835264431,3.6140228763576984e+19,4.280830670387172e+16,1.5357919101745596e+22,1.5146099932992283e+22,1.0819900968530858,0.2790154432714187
oc,125.0,1.0768195298960315,1.0960966204057819e-05,0.9964514730961654,3.6742388698903986e+19,4.2057259112811256e+16,1.5357919101745596e+22,1.5128303358780629e+22,1.0823059603514447,0.2796889193252756
oc,125.0,1.0768195298960315,1.0961576941277803e-05,0.9965069946616185,3.734823692508553e+19,4.132549115540225e+16,1.5357919101745596e+22,1.511019260555877e+22,1.0826219654357137,0.2803591612671749
oc,125.0,1.0768195298960315,1.0962178276380554e-05,0.9965616614891413,3.795763070344106e+19,4.061242404728586e+16,1.5357919101745596e+22,1.5091759629358594e+22,1.0829380315985904,0.2810261141067105
oc,125.0,1.0768195298960315,1.0962770353097443e-05,0.9966154866452221,3.857042519284327e+19,3.9917496856248856e+16,1.5357919101745596e+22,1.5072996468215897e+22,1.0832540787649398,0.28168972402352377
oc,125.0,1.0768195298960315,1.0963353312993623e-05,0.9966684829994202,3.918647360235824e+19,3.9240165995836856e+16,1.5357919101745596e+22,1.5053895260455486e+22,1.0835700273480555,0.2823499383824884
oc,125.0,1.0768195298960315,1.096392729549971e-05,0.9967206632272463,3.980562734599745e+19,3.8579904729833656e+16,1.5357919101745596e+22,1.5034448262748736e+22,1.0838857983050463,0.28300670574818737
oc,125.0,1.0768195298960315,1.0964492437943059e-05,0.9967720398130053,4.042773619924843e+19,3.793620268763269e+16,1.5357919101745596e+22,1.5014647867906921e+22,1.084201313191273,0.2836599758986721
oc,125.0,1.0768195298960315,1.0965048875578585e-05,0.9968226250525987,4.105264845700354e+19,3.730856539054341e+16,1.5357919101745596e+22,1.4994486622367599e+22,1.0845164942137546,0.28430969983844534
oc,125.0,1.0768195298960315,1.0965596741619176e-05,0.9968724310562888,4.168021109257529e+19,3.6696513788970344e+16,1.5357919101745596e+22,1.497395724333665e+22,1.0848312642834887,0.28495582981068535
oc,125.0,1.0768195298960315,1.0966136167265675e-05,0.996921469751425,4.231026991742086e+19,3.609958381046863e+16,1.5357919101745596e+22,1.4953052635547403e+22,1.0851455470666118,0.2855983193086589
oc,125.0,1.0768195298960315,1.0966667281736461e-05,0.9969697528851329,4.294266974125373e+19,3.5517325918580296e+16,1.5357919101745596e+22,1.493176590759859e+22,1.0854592670343388,0.2862371230863277
oc,125.0,1.0768195298960315,1.0967190212296606e-05,0.9970172920269642,4.357725453217456e+19,3.4949304682415228e+16,1.5357919101745596e+22,1.4910090387837998e+22,1.0857723495116147,0.2868721971681049
oc,125.0,1.0768195298960315,1.0967705084286636e-05,0.9970640985715125,4.421386757651963e+19,3.4395098356836372e+16,1.5357919101745596e+22,1.48880196397529e+22,1.0860847207244324,0.2875034988577816
oc,125.0,1.0768195298960315,1.0968212021150896e-05,0.9971101837409906,4.485235163806554e+19,3.385429847318221e+16,1.5357919101745596e+22,1.4865547476838e+22,1.08639630784575,0.2881309867465779
oc,125.0,1.0768195298960315,1.0968711144465507e-05,0.9971555585877734,4.549254911628672e+19,3.332650944037822e+16,1.5357919101745596e+22,1.484266797690491e+22,1.0867070390399625,0.288754620720329
oc,125.0,1.0768195298960315,1.0969202573965946e-05,0.9972002339969042,4.6134302203339874e+19,3.2811348156321812e+16,1.5357919101745596e+22,1.4819375495808008e+22,1.087016843505876,0.2893743619657847
oc,125.0,1.0768195298960315,1.0969686427574233e-05,0.9972442206885668,4.6777453039480504e+19,3.2308443629381844e+16,1.5357919101745596e+22,1.4795664680552873e+22,1.0873256515181438,0.28999017297602653
oc,125.0,1.0768195298960315,1.0970162821425747e-05,0.9972875292205224,4.742184386659946e+19,3.181743660988038e+16,1.5357919101745596e+22,1.4771530481763229e+22,1.0876333944671135,0.29060201755498216
oc,125.0,1.0768195298960315,1.0970631869895642e-05,0.9973301699905128,4.806731717961066e+19,3.1337979231379452e+16,1.5357919101745596e+22,1.4746968165482225e+22,1.0879400048970593,0.2912098608210487
oc,125.0,1.0768195298960315,1.0971093685624922e-05,0.9973721532386293,4.871371587540839e+19,3.086973466161627e+16,1.5357919101745596e+22,1.4721973324283048e+22,1.0882454165427544,0.291813669209815
oc,125.0,1.0768195298960315,1.0971548379546137e-05,0.9974134890496489,4.936088339914112e+19,3.041237676291232e+16,1.5357919101745596e+22,1.4696541887670625e+22,1.0885495643643628,0.2924134104758898
oc,125.0,1.0768195298960315,1.0971996060908704e-05,0.9974541873553368,5.0008663887525814e+19,2.9965589761891212e+16,1.5357919101745596e+22,1.4670670131753545e+22,1.0888523845806064,0.2930090536938169
oc,125.0,1.0768195298960315,1.0972436837303892e-05,0.9974942579367174,5.065690230901689e+19,2.9529067928298708e+16,1.5357919101745596e+22,1.4644354688169389e+22,1.089153814700211,0.29360056925812533
oc,125.0,1.0768195298960315,1.0972870814689434e-05,0.9975337104263121,5.130544460054515e+19,2.9102515262782988e+16,1.5357919101745596e+22,1.4617592552251525e+22,1.0894537935515807,0.29418792888245876
oc,125.0,1.0768195298960315,1.0973298097413808e-05,0.9975725543103462,5.1954137800692105e+19,2.868564519340684e+16,1.5357919101745596e+22,1.4590381090425409e+22,1.089752261310709,0.29477110559785347
oc,125.0,1.0768195298960315,1.0973718788240166e-05,0.9976107989309242,5.260283017904556e+19,2.8278180280741116e+16,1.5357919101745596e+22,1.4562718046822012e+22,1.090049159527304,0.295350073750127
oc,125.0,1.0768195298960315,1.0974132988369913e-05,0.9976484534881739,5.325137136157219e+19,2.787985193133797e+16,1.5357919101745596e+22,1.453460154910132e+22,1.0903444311491144,0.2959248089964039
oc,125.0,1.0768195298960315,1.0974540797465966e-05,0.9976855270423606,5.389961245187911e+19,2.7490400119388904e+16,1.5357919101745596e+22,1.4506030113483372e+22,1.0906380205444632,0.29649528830080113
oc,125.0,1.0768195298960315,1.0974942313675674e-05,0.9977220285159705,5.454740614818125e+19,2.710957311639999e+16,1.5357919101745596e+22,1.4477002648985792e+22,1.0909298735229762,0.2970614899292638
oc,125.0,1.0768195298960315,1.097533763365342e-05,0.9977579666957654,5.51946068558472e+19,2.6737127228672324e+16,1.5357919101745596e+22,1.4447518460854846e+22,1.0912199373545217,0.29762339344359445
oc,125.0,1.0768195298960315,1.0975726852582875e-05,0.9977933502348069,5.58410707954132e+19,2.6372826542434424e+16,1.5357919101745596e+22,1.4417577253211092e+22,1.0915081607863444,0.2981809796946496
oc,125.0,1.0768195298960315,1.0976110064198969e-05,0.9978281876544517,5.648665610596778e+19,2.601644267641192e+16,1.5357919101745596e+22,1.438717913089862e+22,1.0917944940584234,0.2987342308147627
oc,125.0,1.0768195298960315,1.0976487360809517e-05,0.9978624873463197,5.713122294379402e+19,2.5667754541667816e+16,1.5357919101745596e+22,1.4356324600545664e+22,1.0920788889170596,0.29928313020938946
oc,125.0,1.0768195298960315,1.0976858833316553e-05,0.9978962575742322,5.777463357625276e+19,2.532654810853002e+16,1.5357919101745596e+22,1.4325014570857426e+22,1.0923612986267008,0.29982766254799637
oc,125.0,1.0768195298960315,1.0977224571237352e-05,0.997929506476123,5.8416752470747275e+19,2.499261618043117e+16,1.5357919101745596e+22,1.4293250352128855e+22,1.0926416779800305,0.30036781375420724
oc,125.0,1.0768195298960315,1.0977584662725147e-05,0.9979622420659224,5.905744637887059e+19,2.4665758174470724e+16,1.5357919101745596e+22,1.4261033655016672e+22,1.0929199833063399,0.3009035709952517
oc,125.0,1.0768195298960315,1.097793919458954e-05,0.9979944722354128,5.969658441552641e+19,2.4345779908551908e+16,1.5357919101745596e+22,1.4228366588556861e+22,1.093196172478199,0.30143492267069394
oc,125.0,1.0768195298960315,1.0978288252316651e-05,0.9980262047560592,6.033403813320767e+19,2.4032493394887116e+16,1.5357919101745596e+22,1.4195251657471307e+22,1.093470204916472,0.3019618584005221
oc,125.0,1.0768195298960315,1.097863192008893e-05,0.9980574472808119,6.096968159122515e+19,2.3725716639739296e+16,1.5357919101745596e+22,1.4161691758753542e+22,1.0937420415936805,0.30248436901256365
oc,125.0,1.0768195298960315,1.0978970280804725e-05,0.9980882073458841,6.160339142007303e+19,2.342527344921089e+16,1.5357919101745596e+22,1.4127690177580768e+22,1.0940116450357646,0.3030024465292876
oc,125.0,1.0768195298960315,1.0979303416097527e-05,0.9981184923725025,6.223504688080275e+19,2.3130993240933292e+16,1.5357919101745596e+22,1.4093250582548106e+22,1.0942789793222636,0.3035160841539945
oc,125.0,1.0768195298960315,1.097963140635498e-05,0.9981483096686347,6.286452991957264e+19,2.2842710861474984e+16,1.5357919101745596e+22,1.4058377020263033e+22,1.0945440100849706,0.3040252762564568
oc,125.0,1.0768195298960315,1.0979954330737578e-05,0.998177666430689,6.349172521730385e+19,2.2560266409349184e+16,1.5357919101745596e+22,1.4023073909322015e+22,1.0948067045050631,0.3045300183579719
oc,125.0,1.0768195298960315,1.0980272267197105e-05,0.9982065697451914,6.411652023454758e+19,2.2283505063433868e+16,1.5357919101745596e+22,1.3987346033684043e+22,1.0950670313087874,0.30503030711591483
oc,125.0,1.0768195298960315,1.0980585292494814e-05,0.9982350265904376,6.473880525164652e+19,2.2012276916673244e+16,1.5357919101745596e+22,1.3951198535480676e+22,1.0953249607617115,0.3055261403077812
oc,125.0,1.0768195298960315,1.0980893482219326e-05,0.9982630438381205,6.53584734042132e+19,2.1746436814913884e+16,1.5357919101745596e+22,1.3914636907281648e+22,1.0955804646615956,0.3060175168147513
oc,125.0,1.0768195298960315,1.0981196910804284e-05,0.9982906282549349,6.597542071403954e+19,2.148584420072245e+16,1.5357919101745596e+22,1.3877666983840074e+22,1.0958335163299315,0.3065044366048177
oc,125.0,1.0768195298960315,1.0981495651545737e-05,0.9983177865041579,6.658954611551219e+19,2.123036296206272e+16,1.5357919101745596e+22,1.3840294933357975e+22,1.0960840906021778,0.3069869007154723
oc,125.0,1.0768195298960315,1.0981789776619278e-05,0.9983445251472072,6.720075147765492e+19,2.097986128567828e+16,1.5357919101745596e+22,1.3802527248291627e+22,1.096332163816755,0.3074649112360104
oc,125.0,1.0768195298960315,1.098207935709693e-05,0.9983708506451754,6.7808941621858e+19,2.0734211515059916e+16,1.5357919101745596e+22,1.376437073572645e+22,1.096577713802833,0.30793847128945606
oc,125.0,1.0768195298960315,1.0982364462963772e-05,0.9983967693603429,6.841402433543505e+19,2.0493290012865292e+16,1.5357919101745596e+22,1.3725832507356711e+22,1.096820719866965,0.30840758501414045
oc,125.0,1.0768195298960315,1.0982645163134358e-05,0.9984222875576689,6.901591038113857e+19,2.0256977027654084e+16,1.5357919101745596e+22,1.3686919969096048e+22,1.0970611627786184,0.308872257544977
oc,125.0,1.0768195298960315,1.0982921525468846e-05,0.9984474114062588,6.961451350269299e+19,2.002515656484083e+16,1.5357919101745596e+22,1.3647640810353062e+22,1.0972990247546328,0.30933249499441146
oc,125.0,1.0768195298960315,1.0983193616788932e-05,0.998472146980812,7.0209750426543776e+19,1.979771626171307e+16,1.5357919101745596e+22,1.3608002992998965e+22,1.0975342894426778,0.3097883044331315
oc,125.0,1.0768195298960315,1.0983461502893518e-05,0.9984965002630471,7.0801540859887215e+19,1.9574547266424704e+16,1.5357919101745596e+22,1.3568014740059725e+22,1.0977669419037428,0.31023969387051253
oc,125.0,1.0768195298960315,1.0983725248574186e-05,0.9985204771431079,7.13898074851754e+19,1.935554412082535e+16,1.5357919101745596e+22,1.352768452416132e+22,1.0979969685937172,0.31068667223486807
oc,125.0,1.0768195298960315,1.0983984917630406e-05,0.998544083420946,7.197447595115633e+19,1.91406046470439e+16,1.5357919101745596e+22,1.348702105576287e+22,1.0982243573440944,0.3111292493534746
oc,125.0,1.0768195298960315,1.0984240572884544e-05,0.9985673248076858,7.2555474860655165e+19,1.8929629837690316e+16,1.5357919101745596e+22,1.3446033271201934e+22,1.098449097341867,0.31156743593244735
oc,125.0,1.0768195298960315,1.0984492276196647e-05,0.9985902069269679,7.313273575520267e+19,1.872252374958263e+16,1.5357919101745596e+22,1.3404730320585016e+22,1.0986711791086512,0.312001243536466
oc,125.0,1.0768195298960315,1.0984740088478996e-05,0.9986127353162724,7.370619309663683e+19,1.851919340090176e+16,1.5357919101745596e+22,1.3363121555552246e+22,1.0988905944790825,0.31243068456836265
oc,125.0,1.0768195298960315,1.0984984069710465e-05,0.9986349154282241,7.427578424586024e+19,1.8319548671657012e+16,1.5357919101745596e+22,1.332121651694188e+22,1.0991073365785473,0.31285577224862665
oc,125.0,1.0768195298960315,1.0985224278950648e-05,0.9986567526318771,7.484144943884545e+19,1.8123502207384324e+16,1.5357919101745596e+22,1.3279024922386433e+22,1.0993213998002775,0.3132765205948117
oc,125.0,1.0768195298960315,1.0985460774353792e-05,0.9986782522139812,7.540313176007972e+19,1.7930969325963e+16,1.5357919101745596e+22,1.3236556653864424e+22,1.0995327797818735,0.31369294440090384
oc,125.0,1.0768195298960315,1.0985693613182519e-05,0.998699419380229,7.59607771135387e+19,1.7741867927475874e+16,1.5357919101745596e+22,1.3193821745235104e+22,1.099741473381282,0.3141050592166352
oc,125.0,1.0768195298960315,1.0985922851821332e-05,0.9987202592564848,7.651433419135992e+19,1.7556118407013966e+16,1.5357919101745596e+22,1.3150830369784205e+22,1.0999474786522887,0.3145128813267843
oc,125.0,1.0768195298960315,1.0986148545789953e-05,0.9987407768899957,7.706375444036513e+19,1.737364357033138e+16,1.5357919101745596e+22,1.3107592827799379e+22,1.1001507948195657,0.314916427730494
oc,125.0,1.0768195298960315,1.0986370749756428e-05,0.9987609772505843,7.760899202652645e+19,1.7194368552282726e+16,1.5357919101745596e+22,1.306411953420737e+22,1.100351422253312,0.3153157161205923
oc,125.0,1.0768195298960315,1.0986589517550052e-05,0.998780865231823,7.815000379753868e+19,1.7018220737948384e+16,1.5357919101745596e+22,1.3020421006289023e+22,1.100549362443528,0.3157107648629546
oc,125.0,1.0768195298960315,1.0986804902174117e-05,0.9988004456521924,7.868674924365537e+19,1.684512968636037e+16,1.5357919101745596e+22,1.2976507851497475e+22,1.1007446179739857,0.31610159297594514
oc,125.0,1.0768195298960315,1.0987016955818443e-05,0.998819723256222,7.921919045687124e+19,1.667502705676427e+16,1.5357919101745596e+22,1.2932390755397515e+22,1.100937192495908,0.31648822010992084
oc,125.0,1.0768195298960315,1.098722572987174e-05,0.9988387027156127,7.974729208857818e+19,1.6507846537341484e+16,1.5357919101745596e+22,1.288808046975204e+22,1.1011270907014021,0.31687066652681106
oc,125.0,1.0768195298960315,1.0987431274933787e-05,0.9988573886303442,8.02710213058889e+19,1.6343523776296192e+16,1.5357919101745596e+22,1.2843587800765844e+22,1.1013143182967084,0.31724895307984086
oc,125.0,1.0768195298960315,1.0987633640827416e-05,0.9988757855297651,8.079034774666717e+19,1.6181996315262882e+16,1.5357919101745596e+22,1.2798923597513834e+22,1.1014988819752678,0.3176231011933452
oc,125.0,1.0768195298960315,1.0987832876610338e-05,0.998893897873667,8.130524347345694e+19,1.6023203524938612e+16,1.5357919101745596e+22,1.275409874056256e+22,1.1016807893906722,0.3179931328427491
oc,125.0,1.0768195298960315,1.0988029030586768e-05,0.9989117300533426,8.18156829263415e+19,1.5867086542893424e+16,1.5357919101745596e+22,1.2709124130804911e+22,1.101860049129513,0.31835907053467655
oc,125.0,1.0768195298960315,1.0988222150318905e-05,0.9989292863926278,8.232164287493166e+19,1.5713588213473198e+16,1.5357919101745596e+22,1.2664010678519156e+22,1.1020366706841744,0.318720937287245
oc,125.0,1.0768195298960315,1.0988412282638214e-05,0.9989465711489285,8.282310236954868e+19,1.5562653029747288e+16,1.5357919101745596e+22,1.2618769292675602e+22,1.102210664425593,0.3190787566105191
oc,125.0,1.0768195298960315,1.0988599473656549e-05,0.9989635885142317,8.332004269170033e+19,1.5414227077422462e+16,1.5357919101745596e+22,1.2573410870487459e+22,1.102382041576025,0.3194325524871702
oc,125.0,1.0768195298960315,1.0988783768777126e-05,0.9989803426161024,8.381244730396777e+19,1.5268257980669932e+16,1.5357919101745596e+22,1.2527946287228123e+22,1.1025508141818503,0.3197823493533366
oc,125.0,1.0768195298960315,1.0988965212705306e-05,0.9989968375186642,8.43003017994301e+19,1.5124694849806848e+16,1.5357919101745596e+22,1.2482386386328247e+22,1.1027169950864302,0.32012817207968963
oc,125.0,1.0768195298960315,1.098914384945923e-05,0.9990130772235664,8.478359385062207e+19,1.4983488230774144e+16,1.5357919101745596e+22,1.2436741969749905e+22,1.1028805979030574,0.3204700459527183
oc,125.0,1.0768195298960315,1.0989319722380296e-05,0.999029065670936,8.52623131582469e+19,1.4844590056344274e+16,1.5357919101745596e+22,1.2391023788654292e+22,1.1030416369880296,0.32080799665626336
oc,125.0,1.0768195298960315,1.0989492874143477e-05,0.9990448067403161,8.573645139966014e+19,1.4707953599016196e+16,1.5357919101745596e+22,1.2345242534373117e+22,1.103200127413859,0.32114205025328446
oc,125.0,1.0768195298960315,1.0989663346767477e-05,0.9990603042515889,8.62060021771282e+19,1.4573533425548794e+16,1.5357919101745596e+22,1.2299408829679843e+22,1.1033560849426391,0.32147223316785223
oc,125.0,1.0768195298960315,1.0989831181624756e-05,0.9990755619658869,8.66709609661993e+19,1.4441285353047148e+16,1.5357919101745596e+22,1.2253533220376521e+22,1.103509525999628,0.32179857216746044
oc,125.0,1.0768195298960315,1.0989996419451368e-05,0.9990905835864881,8.713132506386892e+19,1.4311166406609214e+16,1.5357919101745596e+22,1.2207626167192528e+22,1.1036604676470034,0.3221210943455196
oc,125.0,1.0768195298960315,1.0990159100356695e-05,0.9991053727596996,8.758709353703671e+19,1.4183134778423578e+16,1.5357919101745596e+22,1.2161698038010262e+22,1.1038089275578817,0.32243982710418867
oc,125.0,1.0768195298960315,1.0990319263833002e-05,0.9991199330757274,8.803826717096762e+19,1.4057149788307756e+16,1.5357919101745596e+22,1.2115759100398068e+22,1.103954923990576,0.3227547981374577
oc,125.0,1.0768195298960315,1.099047694876486e-05,0.9991342680695328,8.84848484180737e+19,1.3933171845634386e+16,1.5357919101745596e+22,1.2069819514487851e+22,1.1040984757631174,0.32306603541450546
oc,125.0,1.0768195298960315,1.099063219343843e-05,0.9991483812216755,8.892684134687533e+19,1.381116241259235e+16,1.5357919101745596e+22,1.2023889326157163e+22,1.1042396022280716,0.32337356716335336
oc,125.0,1.0768195298960315,1.0990785035550604e-05,0.9991622759591459,8.9364251591411e+19,1.3691083968740868e+16,1.5357919101745596e+22,1.1977978460553408e+22,1.104378323247658,0.32367742185481896
oc,125.0,1.0768195298960315,1.0990935512218005e-05,0.9991759556561823,8.979708630092338e+19,1.3572899976824938e+16,1.5357919101745596e+22,1.1932096715933878e+22,1.1045146591691815,0.32397762818674286
oc,125.0,1.0768195298960315,1.0991083659985862e-05,0.9991894236350785,9.022535409006523e+19,1.345657484979148e+16,1.5357919101745596e+22,1.1886253757831928e+22,1.1046486308008034,0.3242742150685427
oc,125.0,1.0768195298960315,1.0991229514836739e-05,0.9992026831669762,9.06490649895561e+19,1.3342073918989426e+16,1.5357919101745596e+22,1.184045911355166e+22,1.1047802593876528,0.3245672116060393
oc,125.0,1.0768195298960315,1.0991373112199139e-05,0.9992157374726489,9.106823039735474e+19,1.322936340349102e+16,1.5357919101745596e+22,1.1794722166972806e+22,1.1049095665883015,0.3248566470866156
oc,125.0,1.0768195298960315,1.0991514486955977e-05,0.9992285897232706,9.148286303042898e+19,1.3118410380519214e+16,1.5357919101745596e+22,1.1749052153685158e+22,1.1050365744516017,0.3251425509646554
oc,125.0,1.0768195298960315,1.0991653673452932e-05,0.9992412430411757,9.189297687713541e+19,1.3009182756920124e+16,1.5357919101745596e+22,1.1703458156427493e+22,1.105161305393916,0.325424952847322
oc,125.0,1.0768195298960315,1.0991790705506659e-05,0.9992537005006054,9.229858715016944e+19,1.2901649241675552e+16,1.5357919101745596e+22,1.1657949100843119e+22,1.1052837821767165,0.32570388248060456
oc,125.0,1.0768195298960315,1.0991925616412885e-05,0.9992659651284441,9.269971024028759e+19,1.27957793193866e+16,1.5357919101745596e+22,1.16125337515399e+22,1.1054040278846065,0.3259793697357178
oc,125.0,1.0768195298960315,1.099205843895439e-05,0.9992780399049446,9.309636367067226e+19,1.2691543224720856e+16,1.5357919101745596e+22,1.1567220708451555e+22,1.1055220659037321,0.32625144459578914
oc,125.0,1.0768195298960315,1.0992189205408847e-05,0.9992899277644407,9.348856605199468e+19,1.258891191778533e+16,1.5357919101745596e+22,1.1522018403496537e+22,1.1056379199006086,0.3265201371428475
oc,125.0,1.0768195298960315,1.099231794755657e-05,0.9993016315960519,9.387633703829432e+19,1.2487857060377424e+16,1.5357919101745596e+22,1.1476935097523628e+22,1.1057516138013765,0.32678547754515663
oc,125.0,1.0768195298960315,1.0992444696688121e-05,0.9993131542443747,9.425969728358223e+19,1.238835099310939e+16,1.5357919101745596e+22,1.1431978877550225e+22,1.1058631717714718,0.3270474960448228
oc,125.0,1.0768195298960315,1.0992569483611817e-05,0.9993244985101652,9.463866839924877e+19,1.2290366713353448e+16,1.5357919101745596e+22,1.1387157654272645e+22,1.1059726181957317,0.3273062229457358
oc,125.0,1.0768195298960315,1.099269233866112e-05,0.999335667151011,9.501327291227316e+19,1.219387785399005e+16,1.5357919101745596e+22,1.134247915984897e+22,1.1060799776589383,0.3275616886018156
oc,125.0,1.0768195298960315,1.0992813291701904e-05,0.9993466628819914,9.538353422421877e+19,1.2098858662939612e+16,1.5357919101745596e+22,1.1297950945954226e+22,1.1061852749267853,0.3278139234055399
oc,125.0,1.0768195298960315,1.0992932372139636e-05,0.9993574883763305,9.574947657112646e+19,1.2005283983422376e+16,1.5357919101745596e+22,1.1253580382084975e+22,1.106288534927307,0.32806295777682304
oc,125.0,1.0768195298960315,1.099304960892642e-05,0.9993681462660382,9.611112498419257e+19,1.1913129234953578e+16,1.5357919101745596e+22,1.1209374654122795e+22,1.1063897827327331,0.32830882215216073
oc,125.0,1.0768195298960315,1.0993165030567958e-05,0.9993786391425417,9.646850525131158e+19,1.1822370395028318e+16,1.5357919101745596e+22,1.116534076313902e+22,1.106489043541794,0.32855154697408967
oc,125.0,1.0768195298960315,1.0993278665130389e-05,0.9993889695573082,9.682164387947323e+19,1.1732983981475446e+16,1.5357919101745596e+22,1.1121485524436446e+22,1.106586342662472,0.3287911626809474
oc,125.0,1.0768195298960315,1.0993390540247038e-05,0.999399140022458,9.717056805802585e+19,1.16449470354571e+16,1.5357919101745596e+22,1.107781556681961e+22,1.1066817054952007,0.3290276996969308
oc,125.0,1.0768195298960315,1.0993500683125042e-05,0.9994091530113676,9.751530562277794e+19,1.1558237105098218e+16,1.5357919101745596e+22,1.1034337332090433e+22,1.1067751575165028,0.3292611884224329
oc,125.0,1.0768195298960315,1.0993609120551912e-05,0.9994190109592647,9.785588502101067e+19,1.147283222970362e+16,1.5357919101745596e+22,1.0991057074751615e+22,1.1068667242630854,0.3294916592247017
oc,125.0,1.0768195298960315,1.0993715878901939e-05,0.9994287162638127,9.819233527728292e+19,1.13887109245727e+16,1.5357919101745596e+22,1.0947980861924763e+22,1.1069564313163651,0.3297191424287391
oc,125.0,1.0768195298960315,1.0993820984142568e-05,0.9994382712856881,9.852468596017163e+19,1.1305852166354888e+16,1.5357919101745596e+22,1.0905114573459222e+22,1.107044304287451,0.329943668308533
oc,125.0,1.0768195298960315,1.0993924461840627e-05,0.9994476783491479,9.885296714983816e+19,1.1224235378950326e+16,1.5357919101745596e+22,1.0862463902235176e+22,1.1071303688025624,0.33016526707854665
oc,125.0,1.0768195298960315,1.0994026337168478e-05,0.999456939742589,9.917720940644562e+19,1.1143840419931324e+16,1.5357919101745596e+22,1.0820034354649842e+22,1.1072146504888845,0.33038396888548227
oc,125.0,1.0768195298960315,1.0994126634910076e-05,0.9994660577190979,9.949744373943098e+19,1.1064647567462198e+16,1.5357919101745596e+22,1.0777831251280363e+22,1.1072971749608609,0.3305998038003194
oc,125.0,1.0768195298960315,1.0994225379466936e-05,0.9994750344969942,9.981370157764408e+19,1.098663750769451e+16,1.5357919101745596e+22,1.0735859727709864e+22,1.1073779678069258,0.33081280181063716
oc,125.0,1.0768195298960315,1.0994322594864e-05,0.9994838722603636,1.0012601474030458e+20,1.0909791322631994e+16,1.5357919101745596e+22,1.0694124735517627e+22,1.1074570545766595,0.3310229928131875
oc,125.0,1.0768195298960315,1.0994418304755431e-05,0.9994925731595847,1.0043441540880348e+20,1.0834090478437804e+16,1.5357919101745596e+22,1.0652631043419343e+22,1.1075344607683761,0.3312304066067385
oc,125.0,1.0768195298960315,1.0994512532430303e-05,0.9995011393118458,1.0073893609930554e+20,1.075951681417674e+16,1.5357919101745596e+22,1.061138323855507e+22,1.1076102118171267,0.3314350728851602
oc,125.0,1.0768195298960315,1.0994605300818213e-05,0.9995095728016559,1.0103960963621342e+20,1.068605253096084e+16,1.5357919101745596e+22,1.0570385727909978e+22,1.1076843330831334,0.33163702123079514
oc,125.0,1.0768195298960315,1.099469663249481e-05,0.9995178756813463,1.0133646912639005e+20,1.0613680181502426e+16,1.5357919101745596e+22,1.0529642739869204e+22,1.1077568498406258,0.33183628110804625
oc,125.0,1.0768195298960315,1.0994786549687217e-05,0.9995260499715652,1.016295479341833e+20,1.0542382660050592e+16,1.5357919101745596e+22,1.0489158325897404e+22,1.10782778726709,0.3320328818572155
oc,125.0,1.0768195298960315,1.0994875074279418e-05,0.9995340976617653,1.0191887965727292e+20,1.047214319268528e+16,1.5357919101745596e+22,1.0448936362327193e+22,1.1078971704329301,0.3322268526886087
oc,125.0,1.0768195298960315,1.0994962227817505e-05,0.9995420207106823,1.0220449810323479e+20,1.040294532798018e+16,1.5357919101745596e+22,1.0408980552264922e+22,1.1079650242915153,0.33241822267683846
oc,125.0,1.0768195298960315,1.0995048031514896e-05,0.9995498210468088,1.0248643726692064e+20,1.033477292799391e+16,1.5357919101745596e+22,1.036929442759187e+22,1.1080313736696377,0.3326070207553972
oc,125.0,1.0768195298960315,1.0995132506257437e-05,0.999557500568858,1.0276473130853722e+20,1.0267610159600114e+16,1.5357919101745596e+22,1.0329881351066424e+22,1.108096243258341,0.33279327571142364
oc,125.0,1.0768195298960315,1.0995215672608444e-05,0.9995650611462221,1.0303941453248515e+20,1.0201441486129064e+16,1.5357919101745596e+22,1.0290744518513883e+22,1.1081596576041446,0.33297701618070835
oc,125.0,1.0768195298960315,1.0995297550813662e-05,0.9995725046194238,1.0331052136692784e+20,1.0136251659310186e+16,1.5357919101745596e+22,1.0251886961097783e+22,1.1082216411006391,0.3331582706429201
oc,125.0,1.0768195298960315,1.0995378160806157e-05,0.9995798328005597,1.0357808634405411e+20,1.0072025711511144e+16,1.5357919101745596e+22,1.0213311547670081e+22,1.1082822179804555,0.33333706741703767
oc,125.0,1.0768195298960315,1.099545752221112e-05,0.9995870474737383,1.038421440810481e+20,1.0008748948253446e+16,1.5357919101745596e+22,1.0175020987190396e+22,1.1083414123075959,0.33351343465699895
oc,125.0,1.0768195298960315,1.0995535654350611e-05,0.9995941503955101,1.0410272926173099e+20,9946406941001198.0,1.5357919101745596e+22,1.013701783121052e+22,1.1083992479701252,0.33368740034754746
oc,125.0,1.0768195298960315,1.0995612576248216e-05,0.9996011432952924,1.0435987661887585e+20,9884985520208098.0,1.5357919101745596e+22,1.0099304476420354e+22,1.1084557486732147,0.3338589923002815
oc,125.0,1.0768195298960315,1.0995688306633648e-05,0.9996080278757862,1.0461362091718589e+20,9824470768611896.0,1.5357919101745596e+22,1.0061883167243757e+22,1.108510937932529,0.33402823814990334
oc,125.0,1.0768195298960315,1.0995762863947264e-05,0.9996148058133876,1.0486399693689322e+20,9764849014775798.0,1.5357919101745596e+22,1.002475599849112e+22,1.108564839067951,0.33419516535064125
oc,125.0,1.0768195298960315,1.0995836266344527e-05,0.9996214787585934,1.0511103945802829e+20,9706106826844546.0,1.5357919101745596e+22,9.987924918041622e+21,1.108617475197649,0.3343598011728978
oc,125.0,1.0768195298960315,1.099590853170039e-05,0.9996280483363992,1.0535478324523031e+20,9648231006540948.0,1.5357919101745596e+22,9.951391729578223e+21,1.1086688692324538,0.33452217270003115
oc,125.0,1.0768195298960315,1.0995979677613609e-05,0.9996345161466917,1.0559526303319902e+20,9591208583363938.0,1.5357919101745596e+22,9.915158095348898e+21,1.108719043870565,0.33468230682533995
oc,125.0,1.0768195298960315,1.0996049721411005e-05,0.9996408837646369,1.0583251351277245e+20,9535026808986158.0,1.5357919101745596e+22,9.87922553895581e+21,1.108768021592572,0.33484023024923965
oc,125.0,1.0768195298960315,1.0996118680151648e-05,0.999647152741059,1.0606656931748423e+20,9479673151862754.0,1.5357919101745596e+22,9.843595448176188e+21,1.1088158246567676,0.3349959694765605
oc,125.0,1.0768195298960315,1.0996186570630982e-05,0.9996533246028165,1.0629746501073433e+20,9425135292014830.0,1.5357919101745596e+22,9.808269077795993e+21,1.1088624750947726,0.33514955081405357
oc,125.0,1.0768195298960315,1.099625340938488e-05,0.999659400853171,1.065252350734759e+20,9371401116002316.0,1.5357919101745596e+22,9.773247552464504e+21,1.1089079947074436,0.33530100036802807
oc,125.0,1.0768195298960315,1.0996319212693658e-05,0.9996653829721508,1.0674991389249131e+20,9318458712061834.0,1.5357919101745596e+22,9.738531869559571e+21,1.1089524050610724,0.3354503440421749
oc,125.0,1.0768195298960315,1.0996383996585998e-05,0.9996712724169089,1.0697153574908155e+20,9266296365423182.0,1.5357919101745596e+22,9.704122902063817e+21,1.1089957274838542,0.33559760753550405
oc,125.0,1.0768195298960315,1.0996447776842829e-05,0.9996770706220754,1.0719013480832303e+20,9214902553775498.0,1.5357919101745596e+22,9.670021401440802e+21,1.1090379830626358,0.3357428163404635
oc,125.0,1.0768195298960315,1.099651056900115e-05,0.9996827790001046,1.0740574510881051e+20,9164265942895192.0,1.5357919101745596e+22,9.636228000521726e+21,1.1090791926399182,0.3358859957411758
oc,125.0,1.0768195298960315,1.0996572388357787e-05,0.999688398941617,1.0761840055286715e+20,9114375382412190.0,1.5357919101745596e+22,9.602743216379928e+21,1.1091193768111265,0.3360271708118445
oc,125.0,1.0768195298960315,1.0996633249973086e-05,0.9996939318157352,1.0782813489715426e+20,9065219901732168.0,1.5357919101745596e+22,9.56956745321027e+21,1.109158555922118,0.3361663664152525
oc,125.0,1.0768195298960315,1.0996693168674577e-05,0.9996993789704162,1.0803498174385861e+20,9016788706078204.0,1.5357919101745596e+22,9.536701005194706e+21,1.1091967500669457,0.3363036072014422
oc,125.0,1.0768195298960315,1.0996752159060546e-05,0.9997047417327769,1.0823897453218395e+20,8969071172677283.0,1.5357919101745596e+22,9.504144059360864e+21,1.1092339790858476,0.3364389176064824
oc,125.0,1.0768195298960315,1.0996810235503576e-05,0.999710021409416,1.0844014653032106e+20,8922056847063506.0,1.5357919101745596e+22,9.471896698424052e+21,1.1092702625634734,0.33657232185138314
oc,125.0,1.0768195298960315,1.0996867412154028e-05,0.9997152192867298,1.0863853082785454e+20,8875735439507688.0,1.5357919101745596e+22,9.439958903621471e+21,1.1093056198273277,0.3367038439411155
oc,125.0,1.0768195298960315,1.0996923702943464e-05,0.9997203366312241,1.088341603284926e+20,8830096821557461.0,1.5357919101745596e+22,9.408330557517231e+21,1.1093400699464353,0.33683350766376113
oc,125.0,1.0768195298960315,1.099697912158803e-05,0.9997253746898209,1.0902706774325998e+20,8785131022689961.0,1.5357919101745596e+22,9.377011446795648e+21,1.1093736317302139,0.33696133658977134
oc,125.0,1.0768195298960315,1.0997033681591765e-05,0.9997303346901605,1.0921728558401436e+20,8740828227074805.0,1.5357919101745596e+22,9.346001265032537e+21,1.1094063237275458,0.3370873540713231
oc,125.0,1.0768195298960315,1.0997087396249881e-05,0.9997352178408984,1.0940484615730676e+20,8697178770435683.0,1.5357919101745596e+22,9.315299615435701e+21,1.1094381642260525,0.33721158324179346
oc,125.0,1.0768195298960315,1.0997140278651987e-05,0.9997400253319989,1.0958978155869368e+20,8654173137007023.0,1.5357919101745596e+22,9.28490601356623e+21,1.1094691712515576,0.33733404701534275
oc,125.0,1.0768195298960315,1.0997192341685253e-05,0.999744758335023,1.0977212366722938e+20,8611801956594299.0,1.5357919101745596e+22,9.254819890028079e+21,1.1094993625677296,0.337454768086572
oc,125.0,1.0768195298960315,1.0997243598037532e-05,0.9997494180034121,1.0995190414043839e+20,8570056001716368.0,1.5357919101745596e+22,9.225040593132311e+21,1.1095287556759068,0.33757376893029895
oc,125.0,1.0768195298960315,1.0997294060200454e-05,0.9997540054727685,1.1012915440951381e+20,8528926184834429.0,1.5357919101745596e+22,9.195567391522454e+21,1.1095573678150936,0.33769107180142627
oc,125.0,1.0768195298960315,1.0997343740472423e-05,0.9997585218611293,1.1030390567482899e+20,8488403555675581.0,1.5357919101745596e+22,9.166399476780316e+21,1.1095852159621156,0.3378066987348701
oc,125.0,1.0768195298960315,1.0997392650961624e-05,0.9997629682692385,1.104761889017885e+20,8448479298622691.0,1.5357919101745596e+22,9.137535965988309e+21,1.1096123168319407,0.3379206715456088
oc,125.0,1.0768195298960315,1.099744080358895e-05,0.9997673457808136,1.106460348169277e+20,8409144730184628.0,1.5357919101745596e+22,9.108975904256093e+21,1.1096386868781543,0.3380330118288099
oc,125.0,1.0768195298960315,1.0997488210090888e-05,0.999771655462808,1.1081347390429808e+20,8370391296550664.0,1.5357919101745596e+22,9.080718267225247e+21,1.109664342293571,0.3381437409600036
oc,125.0,1.0768195298960315,1.0997534882022375e-05,0.9997758983656704,1.1097853640211289e+20,8332210571198484.0,1.5357919101745596e+22,9.052761963516982e+21,1.1096892990110026,0.3382528800953843
oc,125.0,1.0768195298960315,1.099758083075959e-05,0.999780075523599,1.1114125229968525e+20,8294594252585199.0,1.5357919101745596e+22,9.025105837162322e+21,1.1097135727041503,0.338360450172144
oc,125.0,1.0768195298960315,1.0997626067502723e-05,0.999784187954793,1.1130165133453864e+20,8257534161894823.0,1.5357919101745596e+22,8.997748669978083e+21,1.1097371787886319,0.3384664719089001
oc,125.0,1.0768195298960315,1.099767060327868e-05,0.9997882366616982,1.114597629898399e+20,8221022240857000.0,1.5357919101745596e+22,8.970689183919247e+21,1.1097601324231317,0.338570965806171
oc,125.0,1.0768195298960315,1.0997714448943772e-05,0.9997922226312521,1.1161561649199594e+20,8185050549613806.0,1.5357919101745596e+22,8.943926043373997e+21,1.1097824485106726,0.33867395214695
oc,125.0,1.0768195298960315,1.099775761518634e-05,0.999796146835122,1.1176924080854139e+20,8149611264654156.0,1.5357919101745596e+22,8.917457857434229e+21,1.1098041417000015,0.33877545099731504
oc,125.0,1.0768195298960315,1.0997800112529352e-05,0.9998000102299411,1.1192066464614967e+20,8114696676802206.0,1.5357919101745596e+22,8.891283182116582e+21,1.1098252263870791,0.33887548220710634
oc,125.0,1.0768195298960315,1.0997841951332953e-05,0.9998038137575411,1.1206991644893877e+20,8080299189256646.0,1.5357919101745596e+22,8.865400522546696e+21,1.1098457167166789,0.33897406541066627
oc,125.0,1.0768195298960315,1.099788314179698e-05,0.9998075583451801,1.1221702439690766e+20,8046411315684141.0,1.5357919101745596e+22,8.839808335100139e+21,1.1098656265840814,0.33907122002763007
oc,125.0,1.0768195298960315,1.099792369396345e-05,0.9998112449057681,1.1236201640460236e+20,8013025678359258.0,1.5357919101745596e+22,8.814505029501012e+21,1.1098849696368631,0.3391669652637778
oc,125.0,1.0768195298960315,1.0997963617718971e-05,0.9998148743380884,1.1250492011994777e+20,7980135006357279.0,1.5357919101745596e+22,8.789488970884755e+21,1.1099037592767744,0.3392613201119203
oc,125.0,1.0768195298960315,1.0998002922797174e-05,0.9998184475270158,1.1264576292324288e+20,7947732133784685.0,1.5357919101745596e+22,8.764758481807495e+21,1.109922008661702,0.33935430335285943
oc,125.0,1.0768195298960315,1.0998041618781049e-05,0.9998219653437317,1.1278457192638408e+20,7915809998060097.0,1.5357919101745596e+22,8.740311844226517e+21,1.1099397307077108,0.3394459335563756
oc,125.0,1.0768195298960315,1.0998079715105292e-05,0.9998254286459356,1.1292137397214652e+20,7884361638233409.0,1.5357919101745596e+22,8.716147301425823e+21,1.1099569380911607,0.33953622908227016
oc,125.0,1.0768195298960315,1.0998117221058578e-05,0.9998288382780526,1.1305619563371364e+20,7853380193354865.0,1.5357919101745596e+22,8.692263059917183e+21,1.1099736432508913,0.33962520808142616
oc,125.0,1.0768195298960315,1.0998154145785834e-05,0.9998321950714395,1.1318906321431265e+20,7822858900865984.0,1.5357919101745596e+22,8.668657291276481e+21,1.109989858390481,0.3397128884969574
oc,125.0,1.0768195298960315,1.099819049829045e-05,0.9998354998445864,1.133200027470009e+20,7792791095042660.0,1.5357919101745596e+22,8.6453281339556e+21,1.1100055954805603,0.3397992880653545
oc,125.0,1.0768195298960315,1.0998226287436464e-05,0.999838753403315,1.1344903999458329e+20,7763170205474133.0,1.5357919101745596e+22,8.622273695050945e+21,1.1100208662611861,0.3398844243176697
oc,125.0,1.0768195298960315,1.0998261521950722e-05,0.9998419565409749,1.1357620044965077e+20,7733989755565664.0,1.5357919101745596e+22,8.599492052018184e+21,1.1100356822442723,0.33996831458076826
oc,125.0,1.0768195298960315,1.0998296210424997e-05,0.9998451100386361,1.1370150933479262e+20,7705243361086999.0,1.5357919101745596e+22,8.57698125436215e+21,1.110050054716068,0.3400509759785769
oc,125.0,1.0768195298960315,1.0998330361318067e-05,0.9998482146652787,1.1382499160284535e+20,7676924728747844.0,1.5357919101745596e+22,8.554739325273887e+21,1.110063994739684,0.340132425433381
oc,125.0,1.0768195298960315,1.0998363982957783e-05,0.9998512711779803,1.1394667193733644e+20,7649027654800738.0,1.5357919101745596e+22,8.532764263228498e+21,1.1100775131576632,0.3402126796671606
oc,125.0,1.0768195298960315,1.099839708354309e-05,0.9998542803220991,1.140665747529971e+20,7621546023684376.0,1.5357919101745596e+22,8.511054043551622e+21,1.1100906205945875,0.34029175520292504
oc,125.0,1.0768195298960315,1.0998429671146006e-05,0.999857242831455,1.141847241963343e+20,7594473806690737.0,1.5357919101745596e+22,8.489606619935744e+21,1.1101033274597225,0.34036966836608934
oc,125.0,1.0768195298960315,1.0998461753713601e-05,0.9998601594285093,1.1430114414643146e+20,7567805060650861.0,1.5357919101745596e+22,8.468419925916988e+21,1.1101156439496973,0.34044643528590274
oc,125.0,1.0768195298960315,1.0998493339069924e-05,0.9998630308245385,1.1441585821571146e+20,7541533926664799.0,1.5357919101745596e+22,8.447491876321607e+21,1.1101275800512111,0.340522071896849
oc,125.0,1.0768195298960315,1.0998524434917892e-05,0.9998658577198084,1.1452888975081775e+20,7515654628848678.0,1.5357919101745596e+22,8.426820368665277e+21,1.1101391455437644,0.34059659394009667
oc,125.0,1.0768195298960315,1.0998555048841182e-05,0.9998686408037438,1.1464026183366769e+20,7490161473102971.0,1.5357919101745596e+22,8.406403284516282e+21,1.1101503500024186,0.3406700169649802
oc,125.0,1.0768195298960315,1.0998585188306059e-05,0.9998713807550962,1.1474999728247008e+20,7465048845915266.0,1.5357919101745596e+22,8.386238490823693e+21,1.110161202800573,0.3407423563304708
oc,125.0,1.0768195298960315,1.0998614860663196e-05,0.9998740782421087,1.1485811865287496e+20,7440311213177468.0,1.5357919101745596e+22,8.366323841201715e+21,1.1101717131127589,0.3408136272066906
oc,125.0,1.0768195298960315,1.0998644073149468e-05,0.9998767339226788,1.1496464823922562e+20,7415943119030906.0,1.5357919101745596e+22,8.346657177184505e+21,1.1101818899174518,0.3408838445764295
oc,125.0,1.0768195298960315,1.0998672832889698e-05,0.9998793484445181,1.1506960807581919e+20,7391939184732117.0,1.5357919101745596e+22,8.327236329439701e+21,1.110191741999891,0.34095302323668014
oc,125.0,1.0768195298960315,1.0998701146898405e-05,0.9998819224453096,1.1517301993824764e+20,7368294107540179.0,1.5357919101745596e+22,8.308059118946127e+21,1.110201277954914,0.3410211778001858
oc,125.0,1.0768195298960315,1.0998729022081493e-05,0.9998844565528631,1.1527490534484383e+20,7345002659625310.0,1.5357919101745596e+22,8.289123358141288e+21,1.110210506189794,0.3410883226969992
oc,125.0,1.0768195298960315,1.0998756465237942e-05,0.9998869513852675,1.1537528555813847e+20,7322059686995946.0,1.5357919101745596e+22,8.270426852027775e+21,1.1102194349270849,0.34115447217605804
oc,125.0,1.0768195298960315,1.0998783483061462e-05,0.999889407551042,1.1547418158639227e+20,7299460108441493.0,1.5357919101745596e+22,8.251967399243365e+21,1.1102280722074702,0.34121964030678015
oc,125.0,1.0768195298960315,1.099881008214211e-05,0.9998918256492828,1.1557161418515848e+20,7277198914508375.0,1.5357919101745596e+22,8.233742793112071e+21,1.1102364258926063,0.34128384098062653
oc,125.0,1.0768195298960315,1.099883626896791e-05,0.99989420626981,1.1566760385896353e+20,7255271166471560.0,1.5357919101745596e+22,8.215750822641498e+21,1.1102445036679727,0.3413470879127389
oc,125.0,1.0768195298960315,1.0998862049926409e-05,0.9998965499933099,1.1576217086290611e+20,7233671995348724.0,1.5357919101745596e+22,8.197989273506686e+21,1.1102523130457103,0.34140939464351167
oc,125.0,1.0768195298960315,1.0998887431306253e-05,0.9998988573914775,1.158553352044315e+20,7212396600909077.0,1.5357919101745596e+22,8.180455928986218e+21,1.1102598613674612,0.34147077454023517
oc,125.0,1.0768195298960315,1.0998912419298702e-05,0.9999011290271548,1.15947116645081e+20,7191440250714705.0,1.5357919101745596e+22,8.16314857087983e+21,1.1102671558071966,0.3415312407986989
oc,125.0,1.0768195298960315,1.0998937019999144e-05,0.9999033654544677,1.1603753470227546e+20,7170798279169487.0,1.5357919101745596e+22,8.146064980386087e+21,1.1102742033740367,0.3415908064448235
oc,125.0,1.0768195298960315,1.0998961239408573e-05,0.9999055672189612,1.161266086511385e+20,7150466086587788.0,1.5357919101745596e+22,8.12920293895433e+21,1.1102810109150614,0.3416494843362856
oc,125.0,1.0768195298960315,1.0998985083435049e-05,0.9999077348577318,1.1621435752637779e+20,7130439138277574.0,1.5357919101745596e+22,8.112560229107607e+21,1.1102875851181047,0.34170728716414683
oc,125.0,1.0768195298960315,1.0999008557895145e-05,0.9999098688995587,1.1630080012419511e+20,7110712963632734.0,1.5357919101745596e+22,8.096134635231145e+21,1.1102939325145418,0.34176422745450175
oc,125.0,1.0768195298960315,1.0999031668515347e-05,0.9999119698650316,1.1638595500415287e+20,7091283155254129.0,1.5357919101745596e+22,8.079923944342296e+21,1.1103000594820527,0.3418203175700858
oc,125.0,1.0768195298960315,1.099905442093346e-05,0.9999140382666782,1.164698404911607e+20,7072145368067544.0,1.5357919101745596e+22,8.063925946821173e+21,1.1103059722473758,0.3418755697119341
oc,125.0,1.0768195298960315,1.0999076820699974e-05,0.9999160746090886,1.1655247467744913e+20,7053295318466598.0,1.5357919101745596e+22,8.048138437123266e+21,1.1103116768890395,0.34192999592100637
oc,125.0,1.0768195298960315,1.0999098873279417e-05,0.999918079389038,1.1663387542455327e+20,7034728783464725.0,1.5357919101745596e+22,8.032559214460416e+21,1.1103171793400766,0.3419836080798238
oc,125.0,1.0768195298960315,1.0999120584051686e-05,0.9999200530956078,1.1671406036531705e+20,7016441599861145.0,1.5357919101745596e+22,8.017186083456815e+21,1.110322485390717,0.3420364179141023
oc,125.0,1.0768195298960315,1.0999141958313349e-05,0.9999219962103045,1.1679304690591674e+20,6998429663421814.0,1.5357919101745596e+22,8.002016854781799e+21,1.1103276006910592,0.3420884369943766
oc,125.0,1.0768195298960315,1.0999163001278949e-05,0.9999239092071772,1.1687085222794596e+20,6980688928064871.0,1.5357919101745596e+22,7.98704934575321e+21,1.1103325307537204,0.3421396767376446
oc,125.0,1.0768195298960315,1.0999183718082255e-05,0.9999257925529323,1.1694749329043225e+20,6963215405071162.0,1.5357919101745596e+22,7.972281380923849e+21,1.11033728095646,0.3421901484089708
oc,125.0,1.0768195298960315,1.0999204113777527e-05,0.9999276467070479,1.1702298683192889e+20,6946005162293116.0,1.5357919101745596e+22,7.957710792634774e+21,1.1103418565447827,0.3422398631231244
oc,125.0,1.0768195298960315,1.0999224193340739e-05,0.9999294721218854,1.170973493726028e+20,6929054323380679.0,1.5357919101745596e+22,7.943335421549871e+21,1.1103462626345129,0.34228883184619824
oc,125.0,1.0768195298960315,1.0999243961670792e-05,0.9999312692427993,1.1717059721631272e+20,6912359067025090.0,1.5357919101745596e+22,7.929153117174193e+21,1.1103505042143444,0.34233706539720354
oc,125.0,1.0768195298960315,1.0999263423590703e-05,0.9999330385082457,1.1724274645272368e+20,6895915626203834.0,1.5357919101745596e+22,7.91516173834131e+21,1.1103545861483632,0.342384574449687
oc,125.0,1.0768195298960315,1.099928258384879e-05,0.9999347803498899,1.1731381295943521e+20,6879720287433345.0,1.5357919101745596e+22,7.901359153675657e+21,1.1103585131785438,0.34243136953335185
oc,125.0,1.0768195298960315,1.0999301447119812e-05,0.9999364951927101,1.1738381240402933e+20,6863769390054090.0,1.5357919101745596e+22,7.887743242053577e+21,1.1103622899272136,0.34247746103560905
oc,125.0,1.0768195298960315,1.0999320018006121e-05,0.999938183455102,1.1745276024625544e+20,6848059325496281.0,1.5357919101745596e+22,7.874311893018685e+21,1.1103659208994936,0.34252285920320824
oc,125.0,1.0768195298960315,1.0999338301038783e-05,0.9999398455489803,1.1752067174013442e+20,6832586536576185.0,1.5357919101745596e+22,7.861063007195558e+21,1.1103694104857065,0.3425675741438024
oc,125.0,1.0768195298960315,1.0999356300678668e-05,0.9999414818798789,1.1758756193606461e+20,6817347516797641.0,1.5357919101745596e+22,7.847994496678019e+21,1.1103727629637548,0.342611615827518
oc,125.0,1.0768195298960315,1.0999374021317546e-05,0.9999430928470496,1.1765344568295432e+20,6802338809659508.0,1.5357919101745596e+22,7.835104285396991e+21,1.1103759825014707,0.3426549940885295
oc,125.0,1.0768195298960315,1.0999391467279158e-05,0.9999446788435599,1.1771833763034145e+20,6787557007975728.0,1.5357919101745596e+22,7.822390309471889e+21,1.1103790731589351,0.34269771862661574
oc,125.0,1.0768195298960315,1.0999408642820265e-05,0.9999462402563877,1.1778225223051336e+20,6772998753205382.0,1.5357919101745596e+22,7.809850517545307e+21,1.110382038890763,0.34273979900870677
oc,125.0,1.0768195298960315,1.0999425552131683e-05,0.9999477774665166,1.178452037406456e+20,6758660734787513.0,1.5357919101745596e+22,7.797482871097181e+21,1.110384883548361,0.3427812446704348
oc,125.0,1.0768195298960315,1.0999442199339309e-05,0.9999492908490282,1.1790720622489244e+20,6744539689491624.0,1.5357919101745596e+22,7.785285344746209e+21,1.1103876108821509,0.34282206491765593
oc,125.0,1.0768195298960315,1.0999458588505128e-05,0.9999507807731934,1.1796827355652026e+20,6730632400768263.0,1.5357919101745596e+22,7.773255926528322e+21,1.1103902245437638,0.34286226892798893
oc,125.0,1.0768195298960315,1.0999474723628188e-05,0.9999522476025626,1.1802841941998677e+20,6716935698119515.0,1.5357919101745596e+22,7.761392618168735e+21,1.1103927280881987,0.34290186575231113
oc,125.0,1.0768195298960315,1.0999490608645592e-05,0.9999536916950538,1.1808765731305388e+20,6703446456469562.0,1.5357919101745596e+22,7.74969343533169e+21,1.110395124975952,0.3429408643162696
oc,125.0,1.0768195298960315,1.0999506247433445e-05,0.9999551134030404,1.1814600054890966e+20,6690161595540867.0,1.5357919101745596e+22,7.738156407853015e+21,1.1103974185751153,0.34297927342178985
oc,125.0,1.0768195298960315,1.0999521643807803e-05,0.9999565130734367,1.1820346225821304e+20,6677078079252182.0,1.5357919101745596e+22,7.726779579969057e+21,1.1103996121634363,0.3430171017485357
oc,125.0,1.0768195298960315,1.0999536801525606e-05,0.9999578910477824,1.182600553912057e+20,6664192915107837.0,1.5357919101745596e+22,7.715561010516872e+21,1.1104017089303524,0.3430543578554061
oc,125.0,1.0768195298960315,1.0999551724285584e-05,0.9999592476623258,1.1831579271974892e+20,6651503153610978.0,1.5357919101745596e+22,7.704498773135788e+21,1.1104037119789891,0.34309105018197633
oc,125.0,1.0768195298960315,1.0999566415729164e-05,0.9999605832481058,1.1837068683941264e+20,6639005887670364.0,1.5357919101745596e+22,7.693590956441844e+21,1.1104056243281264,0.34312718704996853
oc,125.0,1.0768195298960315,1.0999580879441357e-05,0.9999618981310325,1.1842475017151868e+20,6626698252023958.0,1.5357919101745596e+22,7.68283566419868e+21,1.1104074489141327,0.34316277666468636
oc,125.0,1.0768195298960315,1.0999595118951634e-05,0.9999631926319668,1.1847799496517914e+20,6614577422668664.0,1.5357919101745596e+22,7.672231015474166e+21,1.1104091885928664,0.3431978271164412
oc,125.0,1.0768195298960315,1.099960913773478e-05,0.9999644670667982,1.1853043329933979e+20,6602640616292369.0,1.5357919101745596e+22,7.661775144780214e+21,1.1104108461415463,0.3432323463819832
oc,125.0,1.0768195298960315,1.0999622939211742e-05,0.9999657217465221,1.1858207708477358e+20,6590885089722777.0,1.5357919101745596e+22,7.651466202208973e+21,1.1104124242605866,0.3432663423258929
oc,125.0,1.0768195298960315,1.099963652675047e-05,0.9999669569773154,1.1863293806610886e+20,6579308139373261.0,1.5357919101745596e+22,7.641302353549458e+21,1.1104139255754033,0.3432998227019914
oc,125.0,1.0768195298960315,1.0999649903666725e-05,0.9999681730606114,1.1868302782381944e+20,6567907100701672.0,1.5357919101745596e+22,7.631281780397848e+21,1.1104153526381875,0.3433327951547212
oc,125.0,1.0768195298960315,1.0999663073224897e-05,0.9999693702931725,1.1873235777619149e+20,6556679347678879.0,1.5357919101745596e+22,7.621402680260253e+21,1.1104167079296439,0.3433652672205091
oc,125.0,1.0768195298960315,1.0999676038638799e-05,0.9999705489671635,1.1878093918132676e+20,6545622292253349.0,1.5357919101745596e+22,7.61166326663476e+21,1.1104179938607035,0.34339724632914653
oc,125.0,1.0768195298960315,1.0999688803072447e-05,0.9999717093702224,1.1882878313907146e+20,6534733383835304.0,1.5357919101745596e+22,7.602061769095892e+21,1.1104192127741996,0.34342873980512334
oc,125.0,1.0768195298960315,1.0999701369640831e-05,0.9999728517855301,1.1887590059296408e+20,6524010108780300.0,1.5357919101745596e+22,7.592596433361976e+21,1.110420366946515,0.34345975486896946
oc,125.0,1.0768195298960315,1.0999713741410678e-05,0.9999739764918798,1.1892230233216128e+20,6513449989881553.0,1.5357919101745596e+22,7.583265521355915e+21,1.1104214585891972,0.3434902986385783
oc,125.0,1.0768195298960315,1.0999725921401199e-05,0.9999750837637453,1.1896799899337005e+20,6503050585864255.0,1.5357919101745596e+22,7.574067311252684e+21,1.110422489850545,0.343520378130532
oc,125.0,1.0768195298960315,1.0999737912584815e-05,0.9999761738713469,1.1901300106270337e+20,6492809490900414.0,1.5357919101745596e+22,7.565000097531104e+21,1.11042346281716,0.3435500002613733
oc,125.0,1.0768195298960315,1.09997497178879e-05,0.9999772470807182,1.1905731887762425e+20,6482724334106677.0,1.5357919101745596e+22,7.556062190996123e+21,1.1104243795154742,0.34357917184893266
oc,125.0,1.0768195298960315,1.0999761340191477e-05,0.9999783036537706,1.1910096262876714e+20,6472792779073499.0,1.5357919101745596e+22,7.547251918816215e+21,1.1104252419132408,0.34360789961357174
oc,125.0,1.0768195298960315,1.099977278233193e-05,0.9999793438483573,1.1914394236183113e+20,6463012523379287.0,1.5357919101745596e+22,7.538567624533375e+21,1.1104260519210014,0.34363619017947417
oc,125.0,1.0768195298960315,1.099978404710169e-05,0.9999803679183354,1.1918626797937117e+20,6453381298131054.0,1.5357919101745596e+22,7.530007668083876e+21,1.1104268113935198,0.3436640500758671
oc,125.0,1.0768195298960315,1.0999795137249921e-05,0.9999813761136291,1.1922794924267043e+20,6443896867489074.0,1.5357919101745596e+22,7.521570425793094e+21,1.1104275221311881,0.3436914857382925
oc,125.0,1.0768195298960315,1.0999806055483183e-05,0.9999823686802893,1.1926899577350711e+20,6434557028217886.0,1.5357919101745596e+22,7.513254290380706e+21,1.1104281858814045,0.3437185035098082
oc,125.0,1.0768195298960315,1.0999816804466099e-05,0.9999833458605545,1.1930941705597303e+20,6425359609228020.0,1.5357919101745596e+22,7.505057670946581e+21,1.110428804339922,0.3437451096422198
oc,125.0,1.0768195298960315,1.0999827386822005e-05,0.9999843078929096,1.193492224382487e+20,6416302471129566.0,1.5357919101745596e+22,7.496978992955232e+21,1.11042937915217,0.3437713102972836
oc,125.0,1.0768195298960315,1.0999837805133577e-05,0.9999852550121434,1.1938842113432417e+20,6407383505800426.0,1.5357919101745596e+22,7.489016698222472e+21,1.1104299119145453,0.3437971115478701
oc,125.0,1.0768195298960315,1.0999848061943478e-05,0.9999861874494071,1.1942702222580451e+20,6398600635937397.0,1.5357919101745596e+22,7.481169244875674e+21,1.1104304041756814,0.34382251937918296
oc,125.0,1.0768195298960315,1.0999858159754965e-05,0.9999871054322695,1.1946503466358117e+20,6389951814638773.0,1.5357919101745596e+22,7.473435107331907e+21,1.110430857437684,0.3438475396898886
oc,125.0,1.0768195298960315,1.0999868101032505e-05,0.9999880091847732,1.1950246726957515e+20,6381435024973012.0,1.5357919101745596e+22,7.465812776252604e+21,1.1104312731573454,0.3438721782932921
oc,125.0,1.0768195298960315,1.0999877888202374e-05,0.9999888989274885,1.1953932873841154e+20,6373048279564486.0,1.5357919101745596e+22,7.45830075850415e+21,1.110431652747329,0.343896440918465
oc,125.0,1.0768195298960315,1.0999887523653253e-05,0.9999897748775685,1.1957562763911333e+20,6364789620176715.0,1.5357919101745596e+22,7.450897577106418e+21,1.110431997577331,0.3439203332113857
oc,125.0,1.0768195298960315,1.0999897009736801e-05,0.9999906372488001,1.1961137241673443e+20,6356657117310867.0,1.5357919101745596e+22,7.443601771184973e+21,1.1104323089752124,0.3439438607360373
oc,125.0,1.0768195298960315,1.0999906348768236e-05,0.9999914862516579,1.19646571394028e+20,6348648869797702.0,1.5357919101745596e+22,7.436411895909074e+21,1.1104325882281114,0.3439670289755284
oc,125.0,1.0768195298960315,1.09999155430269e-05,0.9999923220933546,1.1968123277306777e+20,6340763004401759.0,1.5357919101745596e+22,7.429326522430727e+21,1.1104328365835252,0.3439898433331816
oc,125.0,1.0768195298960315,1.099992459475681e-05,0.9999931449778918,1.1971536463684906e+20,6332997675431385.0,1.5357919101745596e+22,7.422344237821015e+21,1.1104330552503716,0.344012309133607
oc,125.0,1.0768195298960315,1.0999933506167206e-05,0.9999939551061097,1.1974897495089578e+20,6325351064348900.0,1.5357919101745596e+22,7.415463644997815e+21,1.1104332454000259,0.3440344316237785
oc,125.0,1.0768195298960315,1.0999942279433094e-05,0.9999947526757358,1.1978207156482151e+20,6317821379391850.0,1.5357919101745596e+22,7.408683362654926e+21,1.1104334081673315,0.3440562159740808
oc,125.0,1.0768195298960315,1.0999950916695772e-05,0.9999955378814338,1.1981466221390596e+20,6310406855192343.0,1.5357919101745596e+22,7.40200202518182e+21,1.110433544651591,0.3440776672793641
oc,125.0,1.0768195298960315,1.0999959420063353e-05,0.9999963109148503,1.1984675452061694e+20,6303105752409676.0,1.5357919101745596e+22,7.395418282587687e+21,1.1104336559175318,0.3440987905599621
oc,125.0,1.0768195298960315,1.0999967791611283e-05,0.999997071964662,1.1987835599615553e+20,6295916357359046.0,1.5357919101745596e+22,7.388930800413789e+21,1.1104337429962512,0.3441195907627248
oc,125.0,1.0768195298960315,1.0999976033382838e-05,0.9999978212166216,1.1990947404195427e+20,6288836981651656.0,1.5357919101745596e+22,7.38253825964941e+21,1.1104338068861364,0.344140072762019
oc,125.0,1.0768195298960315,1.099998414738963e-05,0.9999985588536029,1.1994011595117011e+20,6281865961837121.0,1.5357919101745596e+22,7.37623935664209e+21,1.1104338485537675,0.34416024136072526
oc,125.0,1.0768195298960315,1.0999992135612104e-05,0.9999992850556458,1.1997028891017594e+20,6275001659047174.0,1.5357919101745596e+22,7.370032803002772e+21,1.1104338689347937,0.3441801012912324
oc,125.0,1.0768195298960315,1.1e-05,1.0,1.2e+20,6268242458651911.0,1.5357919101745596e+22,7.363917325514646e+21,1.1104338689347937,0.34419965721639767
mpp,125.0,0.4970452066472995,0.0,0.0,1902103427986772.2,1.2e+20,1.5357919101745596e+22,2.2345868847078653e+21,1.1463202846053924,0.0
mpp,125.0,0.4970452066472995,7.86438789518451e-12,7.149443541076828e-07,1904955981873249.8,1.1997297655735517e+20,1.5357919101745596e+22,2.2374340854248665e+21,1.146320299287248,2.1603152464802017e-05
mpp,125.0,0.4970452066472995,1.5852610367572685e-11,1.4411463970520622e-06,1907853995347566.5,1.1994553251720543e+20,1.5357919101745596e+22,2.2403253027142962e+21,1.146320290502668,4.354254618426302e-05
mpp,125.0,0.4970452066472995,2.3966617162196613e-11,2.1787833783815103e-06,1910798201573644.2,1.1991766141467376e+20,1.5357919101745596e+22,2.2432612039274285e+21,1.1463202572095896,6.582335146245636e-05
mpp,125.0,0.4970452066472995,3.2208388717036575e-11,2.9280353379124158e-06,1913789345818536.0,1.1988935668815947e+20,1.5357919101745596e+22,2.2462424661164994e+21,1.1463201983316562,8.845081611133572e-05
mpp,125.0,0.4970452066472995,4.0579936646634174e-11,3.689085149694016e-06,1916828185661317.8,1.1986061167797644e+20,1.5357919101745596e+22,2.249269776162479e+21,1.146320112757252,0.00011143026655096626
mpp,125.0,0.4970452066472995,4.9083304228147994e-11,4.462118566195272e-06,1919915491204019.0,1.1983141962499321e+20,1.5357919101745596e+22,2.2523438309023985e+21,1.1463199993385198,0.0001347671089091423
mpp,125.0,0.4970452066472995,5.7720566905727906e-11,5.247324264157083e-06,1923052045290329.2,1.1980177366922017e+20,1.5357919101745596e+22,2.2554653372613221e+21,1.1463198568903497,0.00015846683016374069
mpp,125.0,0.4970452066472995,6.649383279366816e-11,6.044893890333469e-06,1926238643725167.8,1.1977166684841181e+20,1.5357919101745596e+22,2.2586350123829465e+21,1.146319684189347,0.0001825349992739339
mpp,125.0,0.4970452066472995,7.540524319055164e-11,6.855022108231967e-06,1929476095499304.2,1.1974109209664217e+20,1.5357919101745596e+22,2.2618535837618133e+21,1.1463194799727783,0.00020697726833354785
mpp,125.0,0.4970452066472995,8.44569730995004e-11,7.677906645409127e-06,1932765223017651.0,1.197100422428705e+20,1.5357919101745596e+22,2.2651217893764697e+21,1.1463192429374869,0.00023179937373290718
mpp,125.0,0.4970452066472995,9.365123176369172e-11,8.513748342153793e-06,1936106862334300.0,1.1967851000946693e+20,1.5357919101745596e+22,2.268440377826266e+21,1.1463189717387905,0.00025700713735402807
mpp,125.0,0.4970452066472995,1.0299026319943172e-10,9.362751199948338e-06,1939501863388059.5,1.1964648801075839e+20,1.5357919101745596e+22,2.2718101084653963e+21,1.1463186649893489,0.0002826064677503296
mpp,125.0,0.4970452066472995,1.1247634674693696e-10,1.0225122431539724e-05,1942951090246005.2,1.1961396875152515e+20,1.5357919101745596e+22,2.2752317515416414e+21,1.1463183212580084,0.00030860336136585116
mpp,125.0,0.4970452066472995,1.2211179762539047e-10,1.1101072511399135e-05,1946455421349631.2,1.1958094462549634e+20,1.5357919101745596e+22,2.278706088334272e+21,1.146317939068619,0.0003350039037568517
mpp,125.0,0.4970452066472995,1.3189896749532525e-10,1.199081522684775e-05,1950015749765658.2,1.195474079138336e+20,1.5357919101745596e+22,2.282233911293325e+21,1.1463175168988262,0.0003618142708238826
mpp,125.0,0.4970452066472995,1.418402450356626e-10,1.2894567730514783e-05,1953632983443352.5,1.195133507835782e+20,1.5357919101745596e+22,2.2858160241813456e+21,1.1463170531788374,0.00038904073007410496
mpp,125.0,0.4970452066472995,1.519380565219719e-10,1.3812550592906536e-05,1957308045474015.5,1.1947876528610828e+20,1.5357919101745596e+22,2.2894532422140292e+21,1.1463165462901552,0.0004166896418767412
mpp,125.0,0.4970452066472995,1.6219486642243818e-10,1.474498785658529e-05,1961041874358711.0,1.1944364335555006e+20,1.5357919101745596e+22,2.2931463922048696e+21,1.146315994564293,0.0004447674607565029
mpp,125.0,0.4970452066472995,1.7261317799505126e-10,1.5692107090459206e-05,1964835424277865.5,1.1940797680720047e+20,1.5357919101745596e+22,2.2968963127079013e+21,1.1463153962814532,0.0004732807366795165
mpp,125.0,0.4970452066472995,1.8319553390006016e-10,1.6654139445460014e-05,1968689665368480.0,1.1937175733591309e+20,1.5357919101745596e+22,2.3007038541639265e+21,1.146314749669184,0.0005022361163698664
mpp,125.0,0.4970452066472995,1.939445168173126e-10,1.7631319710664783e-05,1972605584004753.8,1.1933497651448152e+20,1.5357919101745596e+22,2.3045698790457758e+21,1.1463140529010032,0.0005316403446279915
mpp,125.0,0.4970452066472995,2.0486275007947086e-10,1.8623886370860987e-05,1976584183086503.8,1.1929762579198678e+20,1.5357919101745596e+22,2.308495262007119e+21,1.1463133040949962,0.0005615002656806567
mpp,125.0,0.4970452066472995,2.159528983095016e-10,1.9632081664500145e-05,1980626482330885.2,1.1925969649214654e+20,1.5357919101745596e+22,2.3124808900299614e+21,1.146312501312382,0.000591822824530381
mpp,125.0,0.4970452066472995,2.2721766807037856e-10,2.065615164276169e-05,1984733518570847.8,1.1922117981164069e+20,1.5357919101745596e+22,2.3165276625743e+21,1.146311642556053,0.0006226150683256727
mpp,125.0,0.4970452066472995,2.3865980852272316e-10,2.169634622933847e-05,1988906346058256.2,1.19182066818428e+20,1.5357919101745596e+22,2.3206364917275618e+21,1.14631072576908,0.0006538841477399854
mpp,125.0,0.4970452066472995,2.5028211210015303e-10,2.2752919281832096e-05,1993146036775986.5,1.1914234845002188e+20,1.5357919101745596e+22,2.3248083023581086e+21,1.146309748833193,0.0006856373183856976
mpp,125.0,0.4970452066472995,2.6208741518463083e-10,2.382612865314826e-05,1997453680751909.5,1.1910201551178583e+20,1.5357919101745596e+22,2.3290440322655333e+21,1.1463087095672244,0.000717881942214305
mpp,125.0,0.4970452066472995,2.7407859880196337e-10,2.4916236254723945e-05,2001830386382730.5,1.1906105867517783e+20,1.5357919101745596e+22,2.333344632335286e+21,1.1463076057255288,0.0007506254889574663
mpp,125.0,0.4970452066472995,2.8625858932157523e-10,2.60235081201432e-05,2006277280761640.2,1.190194684760019e+20,1.5357919101745596e+22,2.3377110666920565e+21,1.146306434996365,0.0007838755375650863
mpp,125.0,0.4970452066472995,2.986303591691053e-10,2.7148214469918663e-05,2010795510013102.8,1.189772353126379e+20,1.5357919101745596e+22,2.3421443128542925e+21,1.1463051950002503,0.0008176397776633392
mpp,125.0,0.4970452066472995,3.1119692755365857e-10,2.8290629777605325e-05,2015386239635530.0,1.189343494442431e+20,1.5357919101745596e+22,2.3466453618909627e+21,1.1463038832882824,0.0008519260110371674
mpp,125.0,0.4970452066472995,3.239613612005532e-10,2.9451032836413926e-05,2020050654848605.5,1.1889080098895824e+20,1.5357919101745596e+22,2.3512152185769178e+21,1.1463024973404279,0.0008867421531117657
mpp,125.0,0.4970452066472995,3.3692677510299696e-10,3.062970682754518e-05,2024789960950232.2,1.188465799220744e+20,1.5357919101745596e+22,2.355854901551891e+21,1.1463010345637803,0.0009220962344692269
mpp,125.0,0.4970452066472995,3.5009633327559573e-10,3.182693938869052e-05,2029605383676897.0,1.1880167607421537e+20,1.5357919101745596e+22,2.360565443476182e+21,1.1462994922907843,0.0009579964023531954
mpp,125.0,0.4970452066472995,3.634732495304549e-10,3.304302268458681e-05,2034498169575256.8,1.1875607912946747e+20,1.5357919101745596e+22,2.3653478911913555e+21,1.1462978677774276,0.0009944509222176337
mpp,125.0,0.4970452066472995,3.770607882569443e-10,3.427825347790403e-05,2039469586377822.0,1.1870977862352429e+20,1.5357919101745596e+22,2.3702033058777504e+21,1.1462961582013997,0.0010314681792675418
mpp,125.0,0.4970452066472995,3.908622652197824e-10,3.55329332017984e-05,2044520923388699.2,1.1866276394179556e+20,1.5357919101745596e+22,2.3751327632156053e+21,1.1462943606602187,0.0010690566800310314
mpp,125.0,0.4970452066472995,4.048810483650578e-10,3.680736803318707e-05,2049653491875172.8,1.186150243175174e+20,1.5357919101745596e+22,2.380137353544336e+21,1.1462924721693217,0.001107225053933893
mpp,125.0,0.4970452066472995,4.191205586421276e-10,3.8101868967466146e-05,2054868625468510.8,1.185665488298393e+20,1.5357919101745596e+22,2.385218182023923e+21,1.1462904896601263,0.0011459820548977008
mpp,125.0,0.4970452066472995,4.335842708358961e-10,3.9416751894172375e-05,2060167680572032.8,1.1851732640190122e+20,1.5357919101745596e+22,2.3903763687955424e+21,1.1462884099780541,0.0011853365629458782
mpp,125.0,0.4970452066472995,4.482757144155802e-10,4.075233767414366e-05,2065552036778593.2,1.1846734579888513e+20,1.5357919101745596e+22,2.3956130491438706e+21,1.146286229880523,0.0012252975858337335
mpp,125.0,0.4970452066472995,4.631984743932449e-10,4.210895221756772e-05,2071023097295291.8,1.1841659562606615e+20,1.5357919101745596e+22,2.400929373658305e+21,1.146283946034905,0.0012658742606835372
mpp,125.0,0.4970452066472995,4.783561921957724e-10,4.348692656325204e-05,2076582289376761.2,1.1836506432685038e+20,1.5357919101745596e+22,2.406326508394378e+21,1.1462815550164505,0.0013070758556339677
mpp,125.0,0.4970452066472995,4.937525665545395e-10,4.488659695950359e-05,2082231064769028.0,1.183127401807887e+20,1.5357919101745596e+22,2.4118056350369757e+21,1.146279053306178,0.0013489117715148626
mpp,125.0,0.4970452066472995,5.093913544079176e-10,4.630830494617433e-05,2087970900161907.8,1.1825961130158057e+20,1.5357919101745596e+22,2.4173679510631733e+21,1.1462764372887297,0.0013913915435332862
mpp,125.0,0.4970452066472995,5.252763718117115e-10,4.775239743742832e-05,2093803297648580.8,1.182056656350823e+20,1.5357919101745596e+22,2.4230146699027945e+21,1.146273703250195,0.0014345248429569397
mpp,125.0,0.4970452066472995,5.414114948721904e-10,4.9219226806562766e-05,2099729785197580.5,1.1815089095727818e+20,1.5357919101745596e+22,2.428747021101926e+21,1.1462708473758974,0.0014783214788340019
mpp,125.0,0.4970452066472995,5.578006606901109e-10,5.0709150971828265e-05,2105751917133301.0,1.1809527487225274e+20,1.5357919101745596e+22,2.4345662504849145e+21,1.146267865748149,0.0015227913997170942
mpp,125.0,0.4970452066472995,5.744478683175624e-10,5.222253348341477e-05,2111871274625652.2,1.180388048101617e+20,1.5357919101745596e+22,2.440473620315599e+21,1.1462647543439728,0.0015679446953956045
mpp,125.0,0.4970452066472995,5.91357179736185e-10,5.375974361238045e-05,2118089466192521.5,1.1798146802517053e+20,1.5357919101745596e+22,2.4464704094605473e+21,1.1462615090327863,0.0016137915986587405
mpp,125.0,0.4970452066472995,6.085327208414926e-10,5.532115644013569e-05,2124408128209179.2,1.1792325159340805e+20,1.5357919101745596e+22,2.452557913548473e+21,1.1462581255740587,0.0016603424870470817
mpp,125.0,0.4970452066472995,6.259786824534542e-10,5.690715295031401e-05,2130828925432488.5,1.1786414241087817e+20,1.5357919101745596e+22,2.4587374451332035e+21,1.1462545996149283,0.0017076078846464328
mpp,125.0,0.4970452066472995,6.436993213319586e-10,5.851812012108715e-05,2137353551531890.5,1.178041271914003e+20,1.5357919101745596e+22,2.4650103338518813e+21,1.1462509266877903,0.0017555984638651578
mpp,125.0,0.4970452066472995,6.61698961216095e-10,6.0154451019645006e-05,2143983729634649.5,1.1774319246452033e+20,1.5357919101745596e+22,2.4713779265857027e+21,1.1462471022078515,0.0018043250472454088
mpp,125.0,0.4970452066472995,6.799819938774765e-10,6.181654489795241e-05,2150721212881945.5,1.1768132457341528e+20,1.5357919101745596e+22,2.4778415876189024e+21,1.1462431214706512,0.00185379860928084
mpp,125.0,0.4970452066472995,6.985528801894402e-10,6.350480728994912e-05,2157567784996405.8,1.1761850967279131e+20,1.5357919101745596e+22,2.4844026987965763e+21,1.1462389796495498,0.0019040302782448294
mpp,125.0,0.4970452066472995,7.174161512115141e-10,6.521965011013764e-05,2164525260861357.0,1.1755473372678429e+20,1.5357919101745596e+22,2.4910626596812054e+21,1.146234671793188,0.001955031338026582
mpp,125.0,0.4970452066472995,7.365764092976956e-10,6.696149175433597e-05,2171595487114711.5,1.1748998250683641e+20,1.5357919101745596e+22,2.4978228877102075e+21,1.1462301928229102,0.0020068132299972197
mpp,125.0,0.4970452066472995,7.560383292083972e-10,6.873075720076338e-05,2178780342750648.5,1.174242415896143e+20,1.5357919101745596e+22,2.504684818347662e+21,1.146225537530162,0.0020593875548503638
mpp,125.0,0.4970452066472995,7.758066592602475e-10,7.052787811456795e-05,2186081739742008.0,1.1735749635484536e+20,1.5357919101745596e+22,2.5116499052418e+21,1.146220700573851,0.002112766074508551
mpp,125.0,0.4970452066472995,7.958862224722307e-10,7.235329295202098e-05,2193501623668067.2,1.1728973198323014e+20,1.5357919101745596e+22,2.518719620373475e+21,1.146215676477684,0.0021669607139821966
mpp,125.0,0.4970452066472995,8.162819177441882e-10,7.420744706765348e-05,2201041974360986.2,1.1722093345430908e+20,1.5357919101745596e+22,2.5258954542080024e+21,1.1462104596274696,0.002221983563277329
mpp,125.0,0.4970452066472995,8.369987210505857e-10,7.609079282278053e-05,2208704806565342.5,1.1715108554434139e+20,1.5357919101745596e+22,2.5331789158441817e+21,1.146205044268394,0.0022778468793047298
mpp,125.0,0.4970452066472995,8.580416866495465e-10,7.800378969541333e-05,2216492170610710.5,1.1708017282418282e+20,1.5357919101745596e+22,2.540571533160085e+21,1.1461994245022693,0.0023345630877893158
mpp,125.0,0.4970452066472995,8.794159483138664e-10,7.994690439216967e-05,2224406153100355.8,1.1700817965716172e+20,1.5357919101745596e+22,2.5480748529581577e+21,1.1461935942847516,0.0023921447851966756
mpp,125.0,0.4970452066472995,9.011267205821794e-10,8.19206109620163e-05,2232448877615059.8,1.1693509019696177e+20,1.5357919101745596e+22,2.5556904411082853e+21,1.1461875474225356,0.0024506047406705448
mpp,125.0,0.4970452066472995,9.231793000253896e-10,8.392539091139906e-05,2240622505430919.8,1.168608883855211e+20,1.5357919101745596e+22,2.563419882686923e+21,1.1461812775705211,0.00250995589796678
mpp,125.0,0.4970452066472995,9.455790665399698e-10,8.596173332181545e-05,2248929236255634.8,1.1678555795090086e+20,1.5357919101745596e+22,2.5712647821160633e+21,1.1461747782289535,0.002570211377413756
mpp,125.0,0.4970452066472995,9.683314846528623e-10,8.803013496844203e-05,2257371308978217.5,1.1670908240519805e+20,1.5357919101745596e+22,2.5792267632968697e+21,1.1461680427405432,0.002631384477856727
mpp,125.0,0.4970452066472995,9.914421048550782e-10,9.013110044137074e-05,2265951002438197.5,1.166314450424494e+20,1.5357919101745596e+22,2.58730746974323e+21,1.1461610642875588,0.00269348867863077
mpp,125.0,0.4970452066472995,1.014916564950563e-09,9.226514226823301e-05,2274670636209776.5,1.1655262893654798e+20,1.5357919101745596e+22,2.595508564709939e+21,1.1461538358888987,0.0027565376415247243
mpp,125.0,0.4970452066472995,1.0387605914276564e-09,9.443278103887787e-05,2283532571404291.0,1.1647261693916378e+20,1.5357919101745596e+22,2.6038317313181027e+21,1.1461463503971432,0.0028205452127543816
mpp,125.0,0.4970452066472995,1.0629800008555845e-09,9.663454553232587e-05,2292539211492451.0,1.163913916776791e+20,1.5357919101745596e+22,2.612278672679268e+21,1.1461386004955838,0.0028855254249499436
mpp,125.0,0.4970452066472995,1.0875807012974414e-09,9.887097284522195e-05,2301693003142544.0,1.1630893555315504e+20,1.5357919101745596e+22,2.620851112013182e+21,1.1461305786952347,0.002951492499133236
mpp,125.0,0.4970452066472995,1.1125686937469846e-09,0.00010114260852245316,2310996437078397.5,1.1622523073828944e+20,1.5357919101745596e+22,2.6295507927621656e+21,1.1461222773318287,0.0030184608467027792
mpp,125.0,0.4970452066472995,1.1379500735910763e-09,0.00010345000669009785,2320452048958197.5,1.1614025917539695e+20,1.5357919101745596e+22,2.6383794787028414e+21,1.1461136885627923,0.0030864450714299624
mpp,125.0,0.4970452066472995,1.1637310320904425e-09,0.00010579373019004024,2330062420271825.5,1.1605400257443452e+20,1.5357919101745596e+22,2.6473389540526376e+21,1.1461048043642106,0.0031554599714449815
mpp,125.0,0.4970452066472995,1.1899178578885228e-09,0.00010817435071713843,2339830179260138.0,1.1596644241100536e+20,1.5357919101745596e+22,2.656431023572139e+21,1.1460956165277743,0.003225520541237014
mpp,125.0,0.4970452066472995,1.2165169385374153e-09,0.00011059244895794684,2349758001853045.5,1.1587755992442003e+20,1.5357919101745596e+22,2.6656575126608717e+21,1.1460861166577183,0.003296641973637402
mpp,125.0,0.4970452066472995,1.243534762056797e-09,0.0001130486147324361,2359848612632853.5,1.1578733611576995e+20,1.5357919101745596e+22,2.6750202674519736e+21,1.1460762961677464,0.0033688396618265157
mpp,125.0,0.4970452066472995,1.2709779185062774e-09,0.00011554344713693432,2370104785815902.5,1.156957517460369e+20,1.5357919101745596e+22,2.684521154897107e+21,1.1460661462779504,0.003442129201310152
mpp,125.0,0.4970452066472995,1.2988531015943882e-09,0.00011807755469039893,2380529346260901.0,1.156027873342009e+20,1.5357919101745596e+22,2.6941620628494656e+21,1.1460556580117176,0.003516526391925595
mpp,125.0,0.4970452066472995,1.327167110300398e-09,0.00012065155548185436,2391125170496572.0,1.1550842315544361e+20,1.5357919101745596e+22,2.7039449001379464e+21,1.146044822192638,0.0035920472398117
mpp,125.0,0.4970452066472995,1.3559268505321519e-09,0.00012326607732110473,2401895187777628.5,1.1541263923931786e+20,1.5357919101745596e+22,2.7138715966381165e+21,1.1460336294414035,0.003668707959402997
mpp,125.0,0.4970452066472995,1.3851393368040642e-09,0.00012592175789127857,2412842381162747.5,1.1531541536798728e+20,1.5357919101745596e+22,2.723944103334568e+21,1.1460220701727066,0.003746524975403286
mpp,125.0,0.4970452066472995,1.4148116939419752e-09,0.00012861924490381593,2423969788618256.5,1.1521673107452355e+20,1.5357919101745596e+22,2.734164392377584e+21,1.146010134592141,0.0038255149247545836
mpp,125.0,0.4970452066472995,1.4449511588185415e-09,0.00013135919625623105,2435280504150038.5,1.151165656411946e+20,1.5357919101745596e+22,2.7445344571333683e+21,1.1459978126930992,0.0039056946586089325
mpp,125.0,0.4970452066472995,1.475565082107555e-09,0.0001341422801915959,2446777678958525.0,1.1501489809785461e+20,1.5357919101745596e+22,2.755056312224699e+21,1.1459850942536822,0.003987081244269975
mpp,125.0,0.4970452066472995,1.5066609300761201e-09,0.00013696917546146548,2458464522625072.0,1.149117072203495e+20,1.5357919101745596e+22,2.7657319935671355e+21,1.1459719688336083,0.004069691967152364
mpp,125.0,0.4970452066472995,1.5382462863975932e-09,0.0001398405714906903,2470344304324507.0,1.1480697152896606e+20,1.5357919101745596e+22,2.7765635583945626e+21,1.1459584257711326,0.004153544332711125
mpp,125.0,0.4970452066472995,1.5703288539944404e-09,0.00014275716854494913,2482420354067263.0,1.1470066928697498e+20,1.5357919101745596e+22,2.787553085278208e+21,1.1459444541799797,0.0042386560683629676
mpp,125.0,0.4970452066472995,1.602916456910408e-09,0.0001457196779009462,2494696063970701.5,1.1459277849919672e+20,1.5357919101745596e+22,2.7987026741349067e+21,1.1459300429462878,0.004325045125395392
mpp,125.0,0.4970452066472995,1.636017042215665e-09,0.0001487288220196059,2507174889563925.0,1.144832769106219e+20,1.5357919101745596e+22,2.810014446229594e+21,1.1459151807255665,0.004412729680870763
mpp,125.0,0.4970452066472995,1.6696386819333165e-09,0.00015178533472121059,2519860351120284.0,1.14372142005151e+20,1.5357919101745596e+22,2.8214905441651324e+21,1.1458998559396771,0.004501728139492
mpp,125.0,0.4970452066472995,1.703789575003778e-09,0.0001548899613639798,2532756035024874.0,1.1425935100432851e+20,1.5357919101745596e+22,2.8331331318632405e+21,1.1458840567738307,0.00459205913547089
mpp,125.0,0.4970452066472995,1.738478049276626e-09,0.00015804345902514783,2545865595175207.0,1.1414488086621336e+20,1.5357919101745596e+22,2.844944394536698e+21,1.145867771173609,0.0046837415343687775
mpp,125.0,0.4970452066472995,1.7737125635354234e-09,0.0001612465966850385,2559192754416404.0,1.1402870828427808e+20,1.5357919101745596e+22,2.856926538649832e+21,1.145850986842014,0.004776794434921369
mpp,125.0,0.4970452066472995,1.8095017095494103e-09,0.00016450015541358276,2572741306009282.5,1.1391080968642288e+20,1.5357919101745596e+22,2.86908179186617e+21,1.1458336912365457,0.00487123717082863
mpp,125.0,0.4970452066472995,1.845854214164888e-09,0.00016780492856044438,2586515115138930.0,1.13791161234057e+20,1.5357919101745596e+22,2.8814124029887497e+21,1.145815871566309,0.004967089312540713
mpp,125.0,0.4970452066472995,1.8827789414216367e-09,0.00017116172194742152,2600518120456845.0,1.13669738821262e+20,1.5357919101745596e+22,2.893920641884243e+21,1.14579751478916,0.005064370668998168
mpp,125.0,0.4970452066472995,1.9202848947090234e-09,0.00017457135406445667,2614754335663554.5,1.135465180740772e+20,1.5357919101745596e+22,2.9066087993975804e+21,1.1457786076088856,0.005163101289362038
mpp,125.0,0.4970452066472995,1.958381218950811e-09,0.00017803465626825554,2629227851130566.0,1.13421474349838e+20,1.5357919101745596e+22,2.9194791872524525e+21,1.1457591364724273,0.0052633014647016614
mpp,125.0,0.4970452066472995,1.9970772028266025e-09,0.0001815524729842366,2643942835561832.5,1.1329458273667423e+20,1.5357919101745596e+22,2.932534137938701e+21,1.1457390875671483,0.005364991729657879
mpp,125.0,0.4970452066472995,2.0363822810287035e-09,0.00018512566191170032,2658903537698548.5,1.131658180530505e+20,1.5357919101745596e+22,2.945776004585909e+21,1.1457184468181447,0.005468192864075047
mpp,125.0,0.4970452066472995,2.0763060365507346e-09,0.00018875509423188497,2674114288065813.5,1.1303515484748921e+20,1.5357919101745596e+22,2.9592071608228994e+21,1.1456971998856136,0.0055729258945888885
mpp,125.0,0.4970452066472995,2.1168582030189895e-09,0.00019244165481990816,2689579500764934.5,1.1290256739833699e+20,1.5357919101745596e+22,2.9728300006224004e+21,1.1456753321622684,0.005679212096195501
mpp,125.0,0.4970452066472995,2.158048667047607e-09,0.0001961862424588734,2705303675308086.0,1.1276802971374207e+20,1.5357919101745596e+22,2.9866469381286857e+21,1.145652828770819,0.0057870729937483404
mpp,125.0,0.4970452066472995,2.199887470647477e-09,0.00019998977005886154,2721291398505240.0,1.1263151553166416e+20,1.5357919101745596e+22,3.0006604074728575e+21,1.1456296745615047,0.005896530363457953
mpp,125.0,0.4970452066472995,2.242384813658349e-09,0.00020385316487803173,2737547346393796.0,1.124929983201054e+20,1.5357919101745596e+22,3.0148728625678495e+21,1.145605854109698,0.006007606234310702
mpp,125.0,0.4970452066472995,2.285551056227353e-09,0.00020777736874794117,2754076286222469.0,1.1235245127741615e+20,1.5357919101745596e+22,3.029286776889478e+21,1.145581351713575,0.006120322889463462
mpp,125.0,0.4970452066472995,2.3293967213192655e-09,0.00021176333830175142,2770883078481548.5,1.1220984733281203e+20,1.5357919101745596e+22,3.0439046432365504e+21,1.1455561513918573,0.006234702867572056
mpp,125.0,0.4970452066472995,2.3739324972774643e-09,0.00021581204520704222,2787972678992202.0,1.1206515914696134e+20,1.5357919101745596e+22,3.0587289734773416e+21,1.1455302368816285,0.006350768964098802
mpp,125.0,0.4970452066472995,2.419169240409913e-09,0.00021992447640090118,2805350141043127.5,1.1191835911283343e+20,1.5357919101745596e+22,3.0737622982725935e+21,1.1455035916362348,0.00646854423252826
mpp,125.0,0.4970452066472995,2.4651179776252194e-09,0.00022410163432956542,2823020617586815.5,1.1176941935662395e+20,1.5357919101745596e+22,3.0890071667805735e+21,1.1454761988232658,0.006588051985552234
mpp,125.0,0.4970452066472995,2.5117899091126605e-09,0.00022834453719206005,2840989363495312.0,1.116183117389084e+20,1.5357919101745596e+22,3.104466146345986e+21,1.1454480413226216,0.006709315796203845
mpp,125.0,0.4970452066472995,2.5591964110509015e-09,0.00023265421918644558,2859261737868520.5,1.1146500785595557e+20,1.5357919101745596e+22,3.12014182216021e+21,1.145419101724678,0.006832359498896591
mpp,125.0,0.4970452066472995,2.607349038376561e-09,0.00023703173076150552,2877843206412392.0,1.1130947904122964e+20,1.5357919101745596e+22,3.1360367969097183e+21,1.145389362328539,0.0069572071904449246
mpp,125.0,0.4970452066472995,2.656259527577809e-09,0.0002414781388707099,2896739343870730.0,1.1115169636710506e+20,1.5357919101745596e+22,3.152153690393084e+21,1.1453588051404,0.007083883230971366
mpp,125.0,0.4970452066472995,2.7059397995459752e-09,0.0002459945272314523,2915955836529220.0,1.1099163064675798e+20,1.5357919101745596e+22,3.1684951391225863e+21,1.145327411872005,0.007212412244781123
mpp,125.0,0.4970452066472995,2.756401962466237e-09,0.00025058199658783975,2935498484782745.0,1.1082925243629519e+20,1.5357919101745596e+22,3.1850637958994613e+21,1.1452951639392197,0.0073428191211503
mpp,125.0,0.4970452066472995,2.8076583147473855e-09,0.00025524166497703504,2955373205769734.5,1.1066453203708894e+20,1.5357919101745596e+22,3.201862329362774e+21,1.1452620424607172,0.007475129015022978
mpp,125.0,0.4970452066472995,2.8597213480120453e-09,0.00025997466800109503,2975586036083171.0,1.104974394983409e+20,1.5357919101745596e+22,3.2188934235198e+21,1.1452280282567773,0.007609367347667402
mpp,125.0,0.4970452066472995,2.9126037501180366e-09,0.0002647821591016397,2996143134547830.5,1.1032794461988908e+20,1.5357919101745596e+22,3.2361597772438695e+21,1.1451931018482127,0.007745559807210538
mpp,125.0,0.4970452066472995,2.9663184082353023e-09,0.00026966530983957293,3017050785077357.5,1.1015601695525413e+20,1.5357919101745596e+22,3.253664103750496e+21,1.1451572434554202,0.007883732349108904
mpp,125.0,0.4970452066472995,3.020878411969852e-09,0.00027462531017907743,3038315399606806.5,1.099816258149558e+20,1.5357919101745596e+22,3.271409130044863e+21,1.1451204329975646,0.00802391119652839
mpp,125.0,0.4970452066472995,3.0762970565353374e-09,0.0002796633687759398,3059943521106718.0,1.0980474027006362e+20,1.5357919101745596e+22,3.2893975963422027e+21,1.1450826500918958,0.008166122840629252
mpp,125.0,0.4970452066472995,3.1325878459722566e-09,0.00028478071327020515,3081941826676670.0,1.0962532915605804e+20,1.5357919101745596e+22,3.3076322554577614e+21,1.145043874053212,0.008310394040750856
mpp,125.0,0.4970452066472995,3.189764496423941e-09,0.00028997859058399467,3104317130729019.0,1.0944336107694902e+20,1.5357919101745596e+22,3.3261158721720387e+21,1.1450040838934634,0.008456751824514146
mpp,125.0,0.4970452066472995,3.247840939454072e-09,0.00029525826722309745,3127076388253657.5,1.0925880440969839e+20,1.5357919101745596e+22,3.3448512225592103e+21,1.144963258321511,0.008605223487796947
mpp,125.0,0.4970452066472995,3.306831325422199e-09,0.0003006210295838363,3150226698178588.0,1.0907162730895011e+20,1.5357919101745596e+22,3.3638410932906434e+21,1.1449213757430403,0.00875583659461871
mpp,125.0,0.4970452066472995,3.366750026913612e-09,0.0003060681842648738,3173775306821464.5,1.0888179771206695e+20,1.5357919101745596e+22,3.383088280904039e+21,1.1448784142606316,0.008908618976919285
mpp,125.0,0.4970452066472995,3.427611642213779e-09,0.00031160105838307084,3197729611436901.5,1.0868928334450244e+20,1.5357919101745596e+22,3.4025955910400376e+21,1.144834351674003,0.00906359873420089
mpp,125.0,0.4970452066472995,3.489430998849352e-09,0.00031722099989539565,3222097163864590.5,1.0849405172548415e+20,1.5357919101745596e+22,3.422365837646451e+21,1.1447891654804163,0.00922080423308324
mpp,125.0,0.4970452066472995,3.552223157170686e-09,0.00032292937792460785,3246885674277639.5,1.0829607017409452e+20,1.5357919101745596e+22,3.4424018421477257e+21,1.1447428328752667,0.009380264106701841
mpp,125.0,0.4970452066472995,3.6160034140021447e-09,0.00032872758309110406,3272103015038173.5,1.080953058156567e+20,1.5357919101745596e+22,3.46270643257971e+21,1.1446953307528476,0.009542007254010016
mpp,125.0,0.4970452066472995,3.680787306341249e-09,0.00033461702784920444,3297757224661469.0,1.0789172558851967e+20,1.5357919101745596e+22,3.4832824426889494e+21,1.1446466357073035,0.00970606283893009
mpp,125.0,0.4970452066472995,3.746590615119505e-09,0.0003405991468290459,3323856511891608.0,1.0768529625121894e+20,1.5357919101745596e+22,3.504132710994539e+21,1.144596724033774,0.009872460289379796
mpp,125.0,0.4970452066472995,3.813429369018795e-09,0.0003466753971835268,3350409259894284.5,1.0747598439004285e+20,1.5357919101745596e+22,3.52526007981395e+21,1.1445455717297375,0.010041229296151838
mpp,125.0,0.4970452066472995,3.881319848351272e-09,0.00035284725894102476,3377424030569010.5,1.0726375642698323e+20,1.5357919101745596e+22,3.546667394249691e+21,1.1444931544965506,0.010212399811659919
mpp,125.0,0.4970452066472995,3.950278588993605e-09,0.00035911623536305504,3404909568983829.0,1.070485786281271e+20,1.5357919101745596e+22,3.568357501136431e+21,1.1444394477412025,0.01038600204852134
mpp,125.0,0.4970452066472995,4.020322386390218e-09,0.00036548385330820166,3432874807940304.5,1.0683041711245794e+20,1.5357919101745596e+22,3.590333247950632e+21,1.1443844265782728,0.010562066478006145
mpp,125.0,0.4970452066472995,4.091468299609047e-09,0.00037195166360082244,3461328872665756.5,1.0660923786113266e+20,1.5357919101745596e+22,3.6125974816755265e+21,1.1443280658321182,0.010740623828304305
mpp,125.0,0.4970452066472995,4.1637336554724015e-09,0.00037852124140658194,3490281085647972.0,1.0638500672717914e+20,1.5357919101745596e+22,3.6351530476304225e+21,1.1442703400392717,0.010921705082660636
mpp,125.0,0.4970452066472995,4.2371360527360675e-09,0.0003851941866123698,3519740971601338.5,1.0615768944570948e+20,1.5357919101745596e+22,3.658002788249881e+21,1.144211223451082,0.011105341477302704
mpp,125.0,0.4970452066472995,4.311693366352676e-09,0.0003919721242138796,3549718262588683.5,1.0592725164456072e+20,1.5357919101745596e+22,3.681149541828945e+21,1.1441506900365739,0.011291564499244842
mpp,125.0,0.4970452066472995,4.387423751783914e-09,0.0003988567047076286,3580222903283215.0,1.0569365885548673e+20,1.5357919101745596e+22,3.704596141216507e+21,1.14408871348556,0.011480405883872
mpp,125.0,0.4970452066472995,4.464345649389079e-09,0.00040584960448991625,3611265056390877.5,1.0545687652583327e+20,1.5357919101745596e+22,3.728345412468828e+21,1.1440252672119935,0.011671897612364826
mpp,125.0,0.4970452066472995,4.5424777888789516e-09,0.00041295252626172285,3642855108230443.0,1.0521687003074648e+20,1.5357919101745596e+22,3.7524001734562986e+21,1.1439603243575693,0.011866071908930804
mpp,125.0,0.4970452066472995,4.621839193842958e-09,0.0004201671994402689,3675003674479871.5,1.0497360468590769e+20,1.5357919101745596e+22,3.776763232424637e+21,1.143893857795582,0.012062961237853524
mpp,125.0,0.4970452066472995,4.702449186337998e-09,0.00042749538057618164,3707721606091430.0,1.0472704576084768e+20,1.5357919101745596e+22,3.801437386508546e+21,1.1438258401350505,0.012262598300323517
mpp,125.0,0.4970452066472995,4.784327391556042e-09,0.00043493885377782204,3741019995383596.5,1.0447715849280471e+20,1.5357919101745596e+22,3.8264254201979113e+21,1.143756243725102,0.01246501603108525
mpp,125.0,0.4970452066472995,4.8674937425619564e-09,0.0004424994311419961,3774910182316331.5,1.0422390810117012e+20,1.5357919101745596e+22,3.851730103757282e+21,1.1436850406596342,0.012670247594871082
mpp,125.0,0.4970452066472995,4.951968485102764e-09,0.0004501789531911604,3809403760952861.0,1.0396725980253589e+20,1.5357919101745596e+22,3.8773541915952546e+21,1.143612202782253,0.012878326382617246
mpp,125.0,0.4970452066472995,5.03777218249446e-09,0.0004579792893176782,3844512586116007.5,1.0370717882634273e+20,1.5357919101745596e+22,3.9033004205844516e+21,1.143537701691493,0.013089286007468838
mpp,125.0,0.4970452066472995,5.124925720582707e-09,0.00046590233823479155,3880248780247060.5,1.0344363043115713e+20,1.5357919101745596e+22,3.929571508333456e+21,1.1434615087463287,0.013303160300556576
mpp,125.0,0.4970452066472995,5.213450312782919e-09,0.0004739500284348108,3916624740471340.0,1.0317657992157898e+20,1.5357919101745596e+22,3.956170151406799e+21,1.1433835950719762,0.0135199833065507
mpp,125.0,0.4970452066472995,5.30336750519117e-09,0.0004821243186537427,3953653145875975.5,1.029059926658225e+20,1.5357919101745596e+22,3.983099023492597e+21,1.1433039315660023,0.013739789278962664
mpp,125.0,0.4970452066472995,5.394699181784867e-09,0.0004904271983440789,3991346965015565.5,1.0263183411393115e+20,1.5357919101745596e+22,4.0103607735235065e+21,1.143222488904727,0.013962612675232834
mpp,125.0,0.4970452066472995,5.487467569696092e-09,0.0004988606881541902,4029719463641822.5,1.023540698166958e+20,1.5357919101745596e+22,4.0379580237413676e+21,1.1431392375499443,0.014188488151553724
mpp,125.0,0.4970452066472995,5.581695244568585e-09,0.0005074268404153259,4068784212672903.0,1.0207266544525992e+20,1.5357919101745596e+22,4.065893367711744e+21,1.1430541477559566,0.014417450557447455
mpp,125.0,0.4970452066472995,5.6774051360002356e-09,0.000516127739636385,4108555096409684.0,1.017875868114239e+20,1.5357919101745596e+22,4.094169368287643e+21,1.142967189576926,0.014649534930093225
mpp,125.0,0.4970452066472995,5.7746205330643226e-09,0.0005249655030058475,4149046321002054.5,1.0149879988868535e+20,1.5357919101745596e+22,4.1227885555171826e+21,1.1428783328745564,0.014884776488380097
mpp,125.0,0.4970452066472995,5.873365089922977e-09,0.0005339422809020888,4190272423181884.5,1.0120627083399256e+20,1.5357919101745596e+22,4.1517534245022445e+21,1.1427875473261007,0.015123210626709113
mpp,125.0,0.4970452066472995,5.973662831521231e-09,0.000543060257411021,4232248279265320.0,1.0090996601026218e+20,1.5357919101745596e+22,4.1810664332026215e+21,1.1426948024327077,0.015364872908508104
mpp,125.0,0.4970452066472995,6.075538159372062e-09,0.0005523216508520057,4274989114435993.0,1.0060985200964516e+20,1.5357919101745596e+22,4.2107300001869416e+21,1.1426000675281063,0.015609799059475812
mpp,125.0,0.4970452066472995,6.179015857431192e-09,0.0005617287143119265,4318510512319947.0,1.003058956775621e+20,1.5357919101745596e+22,4.240746502332435e+21,1.142503311787636,0.01585802496054373
mpp,125.0,0.4970452066472995,6.284121098061035e-09,0.0005712837361873668,4362828424861376.0,9.999806413752428e+19,1.5357919101745596e+22,4.2711182724715334e+21,1.1424045042376276,0.016109586640545716
mpp,125.0,0.4970452066472995,6.390879448088693e-09,0.0005809890407353357,4407959182509167.0,9.968632481674135e+19,1.5357919101745596e+22,4.301847596986418e+21,1.1423036137651357,0.016364520268598536
mpp,125.0,0.4970452066472995,6.49931687495614e-09,0.0005908469886323764,4453919504725304.0,9.937064547253553e+19,1.5357919101745596e+22,4.332936713351089e+21,1.1422006091280317,0.01662286214618047
mpp,125.0,0.4970452066472995,6.609459752962621e-09,0.0006008599775420564,4500726510826192.5,9.905099421957911e+19,1.5357919101745596e+22,4.364387807622179e+21,1.142095458965462,0.016884648698899538
mpp,125.0,0.4970452066472995,6.721334869610851e-09,0.0006110304426918955,4548397731172104.0,9.872733955793045e+19,1.5357919101745596e+22,4.3962030118810713e+21,1.1419881318086667,0.017149916467970573
mpp,125.0,0.4970452066472995,6.83496943204237e-09,0.0006213608574583973,4596951118708969.0,9.839965040192145e+19,1.5357919101745596e+22,4.428384401621644e+21,1.1418785960921767,0.017418702101357847
mpp,125.0,0.4970452066472995,6.950391073580364e-09,0.0006318537339618513,4646405060884483.0,9.806789610986091e+19,1.5357919101745596e+22,4.4609339930925146e+21,1.1417668201653794,0.017691042344618466
mpp,125.0,0.4970452066472995,7.067627860364078e-09,0.0006425116236694617,4696778391943154.0,9.77320465146128e+19,1.5357919101745596e+22,4.4938537405880017e+21,1.1416527723044692,0.017966974031400764
mpp,125.0,0.4970452066472995,7.186708298094979e-09,0.0006533371180086345,4748090405621443.0,9.739207195500052e+19,1.5357919101745596e+22,4.527145533694551e+21,1.141536420724775,0.018246534073637053
mpp,125.0,0.4970452066472995,7.30766133887939e-09,0.0006643328489890354,4800360868249232.0,9.704794330807437e+19,1.5357919101745596e+22,4.560811194486789e+21,1.1414177335934748,0.018529759451386803
mpp,125.0,0.4970452066472995,7.430516388181651e-09,0.0006755014898346956,4853610032280030.0,9.669963202222952e+19,1.5357919101745596e+22,4.5948524746822716e+21,1.141296679042701,0.018816687202355215
mpp,125.0,0.4970452066472995,7.555303311878037e-09,0.0006868457556252761,4907858650257676.0,9.634711015121766e+19,1.5357919101745596e+22,4.6292710527504687e+21,1.1411732251830353,0.01910735441105666
mpp,125.0,0.4970452066472995,7.682052443429732e-09,0.0006983684039481575,4963127989243852.0,9.599035038897027e+19,1.5357919101745596e+22,4.664068530982078e+21,1.141047340117394,0.019401798197657975
mpp,125.0,0.4970452066472995,7.810794591152303e-09,0.0007100722355593003,5019439845710947.0,9.562932610532845e+19,1.5357919101745596e+22,4.6992464325137966e+21,1.140918991955318,0.019700055706441424
mpp,125.0,0.4970452066472995,7.941561045610335e-09,0.000721960095055485,5076816560930513.0,9.526401138261924e+19,1.5357919101745596e+22,4.73480619832059e+21,1.140788148827653,0.0200021640939469
mpp,125.0,0.4970452066472995,8.074383587114653e-09,0.0007340348715558775,5135281036863532.0,9.489438105308565e+19,1.5357919101745596e+22,4.770749184166502e+21,1.1406547789016377,0.020308160516733585
mpp,125.0,0.4970452066472995,8.209294493341068e-09,0.0007462994993946426,5194856752578337.0,9.452041073718297e+19,1.5357919101745596e+22,4.807076657525017e+21,1.1405188503963894,0.02061808211879804
mpp,125.0,0.4970452066472995,8.346326547068184e-09,0.0007587569588243803,5255567781212803.0,9.414207688270918e+19,1.5357919101745596e+22,4.843789794467772e+21,1.1403803315987882,0.020931966018636224
mpp,125.0,0.4970452066472995,8.485513044023895e-09,0.0007714102767294451,5317438807496204.0,9.375935680479034e+19,1.5357919101745596e+22,4.880889676521209e+21,1.14023919087978,0.021249849295919054
mpp,125.0,0.4970452066472995,8.62688780086257e-09,0.0007842625273511428,5380495145859024.0,9.33722287267005e+19,1.5357919101745596e+22,4.918377287501769e+21,1.1400953967110696,0.021571768977825808
mpp,125.0,0.4970452066472995,8.770485163261287e-09,0.0007973168330237534,5444762759147224.0,9.298067182146727e+19,1.5357919101745596e+22,4.956253510325534e+21,1.1399489176822262,0.02189776202500252
mpp,125.0,0.4970452066472995,8.916340014136991e-09,0.0008105763649215447,5510268277961649.0,9.258466625434077e+19,1.5357919101745596e+22,4.994519123799127e+21,1.1397997225181913,0.022227865317144026
mpp,125.0,0.4970452066472995,9.064487781994312e-09,0.0008240443438176648,5577039020650201.0,9.218419322599001e+19,1.5357919101745596e+22,5.033174799394007e+21,1.1396477800971934,0.022562115638216338
mpp,125.0,0.4970452066472995,9.214964449395513e-09,0.0008377240408541375,5645103013970744.0,9.177923501653434e+19,1.5357919101745596e+22,5.072221098008797e+21,1.139493059469066,0.022900549661294938
mpp,125.0,0.4970452066472995,9.367806561569048e-09,0.0008516187783244589,5714489014456925.0,9.136977503026268e+19,1.5357919101745596e+22,5.111658466723427e+21,1.1393355298739618,0.023243203933051213
mpp,125.0,0.4970452066472995,9.523051235139635e-09,0.0008657319304672395,5785226530503370.0,9.09557978411358e+19,1.5357919101745596e+22,5.151487235547653e+21,1.1391751607614762,0.023590114857844267
mpp,125.0,0.4970452066472995,9.68073616699755e-09,0.0008800669242725045,5857345845204959.0,9.053728923896996e+19,1.5357919101745596e+22,5.191707614171418e+21,1.1390119218101635,0.023941318681453803
mpp,125.0,0.4970452066472995,9.840899643304701e-09,0.0008946272403004274,5930878039974082.0,9.011423627627853e+19,1.5357919101745596e+22,5.232319688718126e+21,1.1388457829474485,0.02429685147444472
mpp,125.0,0.4970452066472995,1.0003580548631985e-08,0.0009094164135119986,6005855018963167.0,8.96866273158057e+19,1.5357919101745596e+22,5.273323418508679e+21,1.1386767143699317,0.02465674911514807
mpp,125.0,0.4970452066472995,1.0168818375244415e-08,0.0009244380341131286,6082309534327524.0,8.92544520786198e+19,1.5357919101745596e+22,5.314718632839837e+21,1.1385046865640813,0.025021047272292082
mpp,125.0,0.4970452066472995,1.0336653232521809e-08,0.0009396957484110735,6160275212353659.0,8.881770169280931e+19,1.5357919101745596e+22,5.356505027782161e+21,1.1383296703273087,0.02538978138725365
mpp,125.0,0.4970452066472995,1.050712585652297e-08,0.0009551932596839063,6239786580487733.0,8.837636874272548e+19,1.5357919101745596e+22,5.398682163003639e+21,1.1381516367894282,0.02576298665594621
mpp,125.0,0.4970452066472995,1.0680277619703748e-08,0.0009709343290639771,6320879095301459.0,8.793044731867986e+19,1.5357919101745596e+22,5.44124945862613e+21,1.1379705574344776,0.02614069801036491
mpp,125.0,0.4970452066472995,1.0856150540770048e-08,0.0009869227764336408,6403589171420674.0,8.747993306712723e+19,1.5357919101745596e+22,5.484206192116154e+21,1.1377864041229229,0.026522950099746947
mpp,125.0,0.4970452066472995,1.103478729469387e-08,0.0010031624813358064,6487954211464168.0,8.702482324121718e+19,1.5357919101745596e+22,5.527551495223411e+21,1.1375991491142075,0.026909777271407875
mpp,125.0,0.4970452066472995,1.1216231222873463e-08,0.0010196573838975875,6574012637021414.0,8.656511675171237e+19,1.5357919101745596e+22,5.571284350967393e+21,1.1374087650896658,0.02730121355121268
mpp,125.0,0.4970452066472995,1.1400526343451012e-08,0.0010364114857682738,6661803920712356.0,8.61008142181813e+19,1.5357919101745596e+22,5.615403590681793e+21,1.1372152251757763,0.027697292623711484
mpp,125.0,0.4970452066472995,1.1587717361786653e-08,0.001053428851071514,6751368619368834.0,8.563191802042455e+19,1.5357919101745596e+22,5.659907891123805e+21,1.1370185029677526,0.028098047811938528
mpp,125.0,0.4970452066472995,1.1777849681093688e-08,0.0010707136073721535,6842748408380590.0,8.515843235006277e+19,1.5357919101745596e+22,5.704795771654902e+21,1.1368185725534583,0.028503512056886598
mpp,125.0,0.4970452066472995,1.1970969413231335e-08,0.0010882699466573942,6935986117247310.0,8.46803632622331e+19,1.5357919101745596e+22,5.750065591501025e+21,1.136615408537645,0.02891371789665154
mpp,125.0,0.4970452066472995,1.216712338966297e-08,0.0011061021263329973,7031125766383912.0,8.419771872730933e+19,1.5357919101745596e+22,5.795715547099687e+21,1.1364089860664897,0.029328697445266966
mpp,125.0,0.4970452066472995,1.2366359172584106e-08,0.0011242144702349188,7128212605227600.0,8.371050868256722e+19,1.5357919101745596e+22,5.841743669543266e+21,1.1361992808524277,0.02974848237124188
mpp,125.0,0.4970452066472995,1.2568725066213426e-08,0.001142611369655766,7227293151692056.0,8.321874508373921e+19,1.5357919101745596e+22,5.888147822124334e+21,1.1359862691992684,0.0301731038757912
mpp,125.0,0.4970452066472995,1.2774270128259657e-08,0.0011612972843872416,7328415233023207.0,8.272244195635095e+19,1.5357919101745596e+22,5.934925697994329e+21,1.135769928027575,0.03060259267079152
mpp,125.0,0.4970452066472995,1.2983044181557602e-08,0.0011802767437779638,7431628028106221.0,8.222161544677684e+19,1.5357919101745596e+22,5.982074817941219e+21,1.1355502349003048,0.031036978956453572
mpp,125.0,0.4970452066472995,1.3195097825883073e-08,0.001199554347807552,7536982111282198.0,8.171628387290646e+19,1.5357919101745596e+22,6.029592528297791e+21,1.1353271680486834,0.03147629239873839
mpp,125.0,0.4970452066472995,1.3410482449947358e-08,0.0012191347681770326,7644529497729758.0,8.12064677743341e+19,1.5357919101745596e+22,6.077475998987722e+21,1.1351007063983007,0.03192056210652552
mpp,125.0,0.4970452066472995,1.3629250243573032e-08,0.0012390227494157302,7754323690471732.0,8.069218996197533e+19,1.5357919101745596e+22,6.125722221720214e+21,1.1348708295954133,0.03236981660854477
mpp,125.0,0.4970452066472995,1.3851454210046853e-08,0.0012592231100042595,7866419729064183.0,8.01734755670262e+19,1.5357919101745596e+22,6.174328008338573e+21,1.1346375180334445,0.03282408383007164
mpp,125.0,0.4970452066472995,1.4077148178667454e-08,0.001279740743515223,7980874240040314.0,7.965035208912439e+19,1.5357919101745596e+22,6.223289989338494e+21,1.134400752879642,0.033283391069432136
mpp,125.0,0.4970452066472995,1.4306386817481698e-08,0.0013005806197710634,8097745489169841.0,7.912284944362527e+19,1.5357919101745596e+22,6.272604612560146e+21,1.1341605161018893,0.0337477649743143
mpp,125.0,0.4970452066472995,1.4539225646207298e-08,0.0013217477860188453,8217093435601985.0,7.859100000789248e+19,1.5357919101745596e+22,6.322268142065363e+21,1.1339167904956533,0.034217231517892556
mpp,125.0,0.4970452066472995,1.4775721049351432e-08,0.0013432473681228574,8338979787966381.0,7.805483866647123e+19,1.5357919101745596e+22,6.372276657209823e+21,1.1336695597110367,0.03469181597479644
mpp,125.0,0.4970452066472995,1.501593028953513e-08,0.0013650845717759208,8463468062510302.0,7.751440285501052e+19,1.5357919101745596e+22,6.422626051921276e+21,1.1334188082799126,0.03517154289695571
mpp,125.0,0.4970452066472995,1.525991152100331e-08,0.0013872646837275737,8590623643337198.0,7.696973260286743e+19,1.5357919101745596e+22,6.473312034188651e+21,1.1331645216431336,0.03565643608929441
mpp,125.0,0.4970452066472995,1.55077238033528e-08,0.001409793073032073,8720513844843400.0,7.642087057419759e+19,1.5357919101745596e+22,6.524330125778708e+21,1.1329066861777675,0.036146518585352845
mpp,125.0,0.4970452066472995,1.5759427115455136e-08,0.0014326751923141035,8853207976421329.0,7.586786210746076e+19,1.5357919101745596e+22,6.575675662182972e+21,1.1326452892243586,0.03664181262280569
mpp,125.0,0.4970452066472995,1.6015082369593702e-08,0.001455916579053973,8988777409525682.0,7.53107552531799e+19,1.5357919101745596e+22,6.627343792807902e+21,1.1323803191141695,0.03714233961893067
mpp,125.0,0.4970452066472995,1.627475142581336e-08,0.0014795228568921237,9127295647189172.0,7.474960080983979e+19,1.5357919101745596e+22,6.679329481418957e+21,1.1321117651963875,0.03764812014604019
mpp,125.0,0.4970452066472995,1.6538497106481364e-08,0.0015034997369528513,9268838396079290.0,7.418445235777723e+19,1.5357919101745596e+22,6.731627506843231e+21,1.1318396178652637,0.038159173906890546
mpp,125.0,0.4970452066472995,1.6806383211068697e-08,0.0015278530191880635,9413483641196572.0,7.3615366290925986e+19,1.5357919101745596e+22,6.784232463942933e+21,1.1315638685871579,0.038675519710104446
mpp,125.0,0.4970452066472995,1.7078474531153074e-08,0.0015525885937411887,9561311723312456.0,7.304240184630118e+19,1.5357919101745596e+22,6.837138764869091e+21,1.131284509927454,0.0391971754456273
mpp,125.0,0.4970452066472995,1.7354836865641156e-08,0.001577712442331014,9712405419249908.0,7.246562113105016e+19,1.5357919101745596e+22,6.890340640599088e+21,1.1310015355773282,0.039724158060231995
mpp,125.0,0.4970452066472995,1.7635537036227667e-08,0.0016032306396570606,9866850025121374.0,7.188508914694719e+19,1.5357919101745596e+22,6.943832142772728e+21,1.130714940380315,0.040256483533125706
mpp,125.0,0.4970452066472995,1.7920642903071327e-08,0.001629149354824666,1.0024733442624884e+16,7.130087381221053e+19,1.5357919101745596e+22,6.997607145828428e+21,1.1304247203586721,0.040794166851640806
mpp,125.0,0.4970452066472995,1.8210223380721703e-08,0.001655474852792882,1.0186146268529766e+16,7.0713045980441625e+19,1.5357919101745596e+22,7.051659349451228e+21,1.1301308727394705,0.041337221987095905
mpp,125.0,0.4970452066472995,1.8504348454263465e-08,0.001682213495842133,1.0351181887454296e+16,7.012167945663608e+19,1.5357919101745596e+22,7.105982281335357e+21,1.129833395980417,0.04188566187078509
mpp,125.0,0.4970452066472995,1.8803089195716493e-08,0.0017093717450651358,1.0519936568079016e+16,6.952685101003152e+19,1.5357919101745596e+22,7.160569300271557e+21,1.1295322897953406,0.04243949837019036
mpp,125.0,0.4970452066472995,1.9106517780674737e-08,0.0017369561618795215,1.0692509562913576e+16,6.892864038371616e+19,1.5357919101745596e+22,7.215413599562252e+21,1.1292275551793216,0.042998742265407404
mpp,125.0,0.4970452066472995,1.9414707505186866e-08,0.0017649734095624425,1.0869003211752534e+16,6.832713030085389e+19,1.5357919101745596e+22,7.270508210770162e+21,1.1289191944334331,0.04356340322581427
mpp,125.0,0.4970452066472995,1.972773280289525e-08,0.001793430254808659,1.104952304896585e+16,6.772240646735127e+19,1.5357919101745596e+22,7.32584600780415e+21,1.1286072111890404,0.0441334897870369
mpp,125.0,0.4970452066472995,2.0045669262421574e-08,0.001822333569311052,1.1234177914760274e+16,6.711455757089972e+19,1.5357919101745596e+22,7.381419711348242e+21,1.1282916104316372,0.04470900932821446
mpp,125.0,0.4970452066472995,2.036859364501875e-08,0.001851690331365341,1.1423080070568532e+16,6.650367527618679e+19,1.5357919101745596e+22,7.43722189363323e+21,1.1279723985241634,0.04528996804962461
mpp,125.0,0.4970452066472995,2.069658390247253e-08,0.0018815076274975029,1.1616345318712168e+16,6.588985421622382e+19,1.5357919101745596e+22,7.493244983553678e+21,1.127649583229784,0.04587637095066373
mpp,125.0,0.4970452066472995,2.1029719195275465e-08,0.0019117926541159513,1.1814093126507694e+16,6.5273191979627e+19,1.5357919101745596e+22,7.549481272135269e+21,1.1273231737340739,0.04646822180824809
mpp,125.0,0.4970452066472995,2.1368079911068928e-08,0.0019425527191880843,1.2016446754977466e+16,6.465378909373407e+19,1.5357919101745596e+22,7.605922918346915e+21,1.1269931806665698,0.04706552315565357
mpp,125.0,0.4970452066472995,2.1711747683348937e-08,0.0019737952439408124,1.222353339233056e+16,6.40317490034767e+19,1.5357919101745596e+22,7.662561955258875e+21,1.1266596161216624,0.04766827626181183
mpp,125.0,0.4970452066472995,2.2060805410459572e-08,0.002005527764587234,1.2435484292404718e+16,6.340717804586432e+19,1.5357919101745596e+22,7.71939029654755e+21,1.1263224936787632,0.04827648111113104
mpp,125.0,0.4970452066472995,2.241533727485384e-08,0.002037757934077622,1.2652434918237084e+16,6.278018542002348e+19,1.5357919101745596e+22,7.77639974333958e+21,1.125981828421731,0.04889013638383073
mpp,125.0,0.4970452066472995,2.2775428762647043e-08,0.002070493523877004,1.2874525090967654e+16,6.215088315266034e+19,1.5357919101745596e+22,7.833581991395299e+21,1.1256376369574916,0.04950923943686096
mpp,125.0,0.4970452066472995,2.3141166683446733e-08,0.002103742425767885,1.3101899144255838e+16,6.151938605890259e+19,1.5357919101745596e+22,7.890928638621295e+21,1.1252899374338319,0.05013378628540327
mpp,125.0,0.4970452066472995,2.351263919048374e-08,0.00213751265368034,1.333470608442564e+16,6.088581169841077e+19,1.5357919101745596e+22,7.948431192909747e+21,1.124938749556302,0.05076377158502123
mpp,125.0,0.4970452066472995,2.388993580103199e-08,0.002171812345548363,1.357309975654011e+16,6.0250280326720315e+19,1.5357919101745596e+22,8.006081080294927e+21,1.1245840946042,0.05139918861446448
mpp,125.0,0.4970452066472995,2.4273147417125106e-08,0.0022066497651931916,1.381723901662074e+16,5.96129148417524e+19,1.5357919101745596e+22,8.063869653417413e+21,1.1242259954455953,0.05204002925916497
mpp,125.0,0.4970452066472995,2.4662366346580756e-08,0.002242033304234614,1.4067287910235874e+16,5.897384072543662e+19,1.5357919101745596e+22,8.121788200285371e+21,1.1238644765513366,0.052686283995468125
mpp,125.0,0.4970452066472995,2.5057686324324814e-08,0.0022779714840295284,1.4323415857679878e+16,5.8333185980430705e+19,1.5357919101745596e+22,8.179827953319647e+21,1.1234995640080165,0.05333794187560992
mpp,125.0,0.4970452066472995,2.5459202534034273e-08,0.0023144729576394796,1.4585797845992662e+16,5.769108106189077e+19,1.5357919101745596e+22,8.237980098674466e+21,1.1231312855298368,0.053994990513494316
mpp,125.0,0.4970452066472995,2.586701163008731e-08,0.002351546511826119,1.4854614628041472e+16,5.704765880430565e+19,1.5357919101745596e+22,8.296235785810779e+21,1.1227596704693457,0.054657416071275146
mpp,125.0,0.4970452066472995,2.6281211759833278e-08,0.0023892010690757526,1.5130052928926478e+16,5.640305434338329e+19,1.5357919101745596e+22,8.354586137311346e+21,1.1223847498269974,0.05532520324678515
mpp,125.0,0.4970452066472995,2.670190258619126e-08,0.002427445689653751,1.5412305659970104e+16,5.575740503299631e+19,1.5357919101745596e+22,8.413022258920541e+21,1.1220065562594905,0.05599833526184778
mpp,125.0,0.4970452066472995,2.7129185310566738e-08,0.0024662895736878854,1.570157214053443e+16,5.51108503572368e+19,1.5357919101745596e+22,8.471535249783133e+21,1.1216251240868567,0.05667679385147481
mpp,125.0,0.4970452066472995,2.7563162696108976e-08,0.0025057420632826344,1.599805832795708e+16,5.4463531837593625e+19,1.5357919101745596e+22,8.530116212868769e+21,1.1212404892982422,0.057360559254006
mpp,125.0,0.4970452066472995,2.8003939091295727e-08,0.002545812644663248,1.6301977055868444e+16,5.3815592935334806e+19,1.5357919101745596e+22,8.588756265555224e+21,1.1208526895563615,0.05804961020218705
mpp,125.0,0.4970452066472995,2.84516204538629e-08,0.002586510950351173,1.6613548281175008e+16,5.31671789491448e+19,1.5357919101745596e+22,8.647446550345919e+21,1.1204617642005705,0.058743923915231706
mpp,125.0,0.4970452066472995,2.8906314375077457e-08,0.002627846761370678,1.6932999340006906e+16,5.251843690810837e+19,1.5357919101745596e+22,8.706178245700996e+21,1.1200677542485284,0.05944347609188059
mpp,125.0,0.4970452066472995,2.9368130104358903e-08,0.002669830009487173,1.7260565212915302e+16,5.186951546013905e+19,1.5357919101745596e+22,8.764942576949756e+21,1.11967070239641,0.06014824090448019
mpp,125.0,0.4970452066472995,2.983717857425316e-08,0.0027124707794775604,1.7596488799625926e+16,5.122056475596776e+19,1.5357919101745596e+22,8.823730827257493e+21,1.1192706530176355,0.06085819099410062
mpp,125.0,0.4970452066472995,3.031357242576549e-08,0.0027557793114332263,1.7941021203665342e+16,5.057173632882212e+19,1.5357919101745596e+22,8.882534348622616e+21,1.1188676521600764,0.06157329746671449
mpp,125.0,0.4970452066472995,3.079742603405422e-08,0.0027997660030958382,1.82944220271573e+16,4.99231829699365e+19,1.5357919101745596e+22,8.941344572862837e+21,1.1184617475417176,0.062293529890449686
mpp,125.0,0.4970452066472995,3.12888555344934e-08,0.0028444414122266726,1.8656959676131868e+16,4.927505860004733e+19,1.5357919101745596e+22,9.000153022567765e+21,1.118052988544727,0.06301885629393648
mpp,125.0,0.4970452066472995,3.178797884910417e-08,0.00288981625900947,1.9028911676647612e+16,4.862751813706665e+19,1.5357919101745596e+22,9.058951321976711e+21,1.1176414262079202,0.06374924316575588
mpp,125.0,0.4970452066472995,3.2294915713363566e-08,0.0029359014284875973,1.9410565002081428e+16,4.798071736010495e+19,1.5357919101745596e+22,9.117731207754962e+21,1.1172271132175786,0.06448465545500699
mpp,125.0,0.4970452066472995,3.280978770339371e-08,0.002982707973035792,1.980221641189889e+16,4.733481277004705e+19,1.5357919101745596e+22,9.176484539621893e+21,1.1168101038966003,0.06522505657300097
mpp,125.0,0.4970452066472995,3.3332718263538116e-08,0.0030302471148671017,2.0204172802261464e+16,4.668996144691751e+19,1.5357919101745596e+22,9.235203310806861e+21,1.1163904541919563,0.06597040839609253
mpp,125.0,0.4970452066472995,3.3863832734323975e-08,0.0030785302485749066,2.0616751568793788e+16,4.604632090424225e+19,1.5357919101745596e+22,9.293879658281908e+21,1.1159682216604345,0.06672067126964677
mpp,125.0,0.4970452066472995,3.44032583808237e-08,0.0031275689437112453,2.1040280981871784e+16,4.540404894067473e+19,1.5357919101745596e+22,9.352505872744584e+21,1.1155434654526397,0.06747580401315754
mpp,125.0,0.4970452066472995,3.495112442141468e-08,0.0031773749474013346,2.1475100574761104e+16,4.4763303489123385e+19,1.5357919101745596e+22,9.411074408300463e+21,1.1151162462952409,0.06823576392651097
mpp,125.0,0.4970452066472995,3.550756205694139e-08,0.0032279601869946717,2.1921561544963196e+16,4.412424246367499e+19,1.5357919101745596e+22,9.46957789181635e+21,1.1146866264714455,0.06900050679739309
mpp,125.0,0.4970452066472995,3.607270450029026e-08,0.0032793367727536604,2.238002716910239e+16,4.348702360456852e+19,1.5357919101745596e+22,9.5280091318913e+21,1.1142546697996818,0.06976998690984706
mpp,125.0,0.4970452066472995,3.664668700637741e-08,0.0033315170005797645,2.2850873231713812e+16,4.285180432154046e+19,1.5357919101745596e+22,9.586361127418974e+21,1.1138204416104833,0.07054415705396856
mpp,125.0,0.4970452066472995,3.722964690255637e-08,0.0033845133547778516,2.3334488468249532e+16,4.2218741535816155e+19,1.5357919101745596e+22,9.644627075682965e+21,1.1133840087215607,0.07132296853673545
mpp,125.0,0.4970452066472995,3.7821723619446636e-08,0.003438338510858785,2.3831275022665428e+16,4.158799152109427e+19,1.5357919101745596e+22,9.702800379963662e+21,1.1129454394110598,0.07210637119395756
mpp,125.0,0.4970452066472995,3.8423058722196925e-08,0.0034930053383815385,2.434164891989732e+16,4.095970974380472e+19,1.5357919101745596e+22,9.76087465659568e+21,1.1125048033889904,0.07289431340334665
mpp,125.0,0.4970452066472995,3.9033795942180146e-08,0.003548526903834559,2.4866040553566388e+16,4.033405070300012e+19,1.5357919101745596e+22,9.818843741449546e+21,1.112062171766834,0.07368674209868227
mpp,125.0,0.4970452066472995,3.9654081209125614e-08,0.003604916473556874,2.540489518922045e+16,3.971116777020626e+19,1.5357919101745596e+22,9.876701695792736e+21,1.1116176170253287,0.07448360278505825
mpp,125.0,0.4970452066472995,4.0284062683698775e-08,0.0036621875166998885,2.595867348341045e+16,3.909121302955802e+19,1.5357919101745596e+22,9.934442811482861e+21,1.1111712129804299,0.0752848395551985
mpp,125.0,0.4970452066472995,4.092389079052738e-08,0.003720353708229762,2.6527852018909324e+16,3.847433711858395e+19,1.5357919101745596e+22,9.99206161546725e+21,1.1107230347474595,0.07609039510681326
mpp,125.0,0.4970452066472995,4.157371825168804e-08,0.00377942893197164,2.711292385633367e+16,3.786068906997076e+19,1.5357919101745596e+22,1.004955287353961e+22,1.110273158703446,0.07690021076098426
mpp,125.0,0.4970452066472995,4.223370012064276e-08,0.0038394272836947962,2.7714399102423704e+16,3.7250416154666385e+19,1.5357919101745596e+22,1.0106911593318484e+22,1.109821662447679,0.07771422648153437
mpp,125.0,0.4970452066472995,4.290399381665122e-08,0.00390036307424102,2.833280549524303e+16,3.664366372665705e+19,1.5357919101745596e+22,1.016413302641777e+22,1.1093686247604788,0.07853238089537977
mpp,125.0,0.4970452066472995,4.358475915964527e-08,0.0039622508326950245,2.896868900647696e+16,3.6040575069781635e+19,1.5357919101745596e+22,1.0221212669765753e+22,1.1089141255602133,0.07935461131381236
mpp,125.0,0.4970452066472995,4.4276158405582135e-08,0.004025105309598376,2.9622614461043884e+16,3.544129124691731e+19,1.5357919101745596e+22,1.027814626604516e+22,1.1084582458585774,0.0801808537546944
mpp,125.0,0.4970452066472995,4.4978356282275756e-08,0.004088941480206887,3.029516617416757e+16,3.4845950951881708e+19,1.5357919101745596e+22,1.0334929803223232e+22,1.10800106771416,0.08101104296552512
mpp,125.0,0.4970452066472995,4.5691520025717855e-08,0.0041537745477925325,3.098694860603871e+16,3.4254690364386017e+19,1.5357919101745596e+22,1.0391559513140793e+22,1.107542674184332,0.08184511244735104
mpp,125.0,0.4970452066472995,4.641581941688383e-08,0.004219619946989439,3.1698587034138428e+16,3.3667643008377725e+19,1.5357919101745596e+22,1.0448031869131202e+22,1.1070831492754802,0.08268299447947032
mpp,125.0,0.4970452066472995,4.715142681904483e-08,0.0042864933471858935,3.243072824330018e+16,3.3084939614083006e+19,1.5357919101745596e+22,1.0504343582652464e+22,1.1066225778916274,0.08352462014491113
mpp,125.0,0.4970452066472995,4.789851721556532e-08,0.004354410655960483,3.3184041233472536e+16,3.2506707984085074e+19,1.5357919101745596e+22,1.0560491598901825e+22,1.1061610457814826,0.0843699193566124
mpp,125.0,0.4970452066472995,4.865726824822575e-08,0.004423388022565977,3.3959217945168896e+16,3.193307286371623e+19,1.5357919101745596e+22,1.0616473091399332e+22,1.1056986394839483,0.08521882088430396
mpp,125.0,0.4970452066472995,4.942786025604229e-08,0.00449344184145839,3.4756974002472604e+16,3.1364155816084218e+19,1.5357919101745596e+22,1.0672285455521325e+22,1.1052354462721494,0.08607125238200394
mpp,125.0,0.4970452066472995,5.021047631461167e-08,0.0045645887558737885,3.5578049473448424e+16,3.0800075101997425e+19,1.5357919101745596e+22,1.0727926300972799e+22,1.1047715540960203,0.08692714041611314
mpp,125.0,0.4970452066472995,5.100530227597572e-08,0.004636845661452338,3.642320964772501e+16,3.0240945565065867e+19,1.5357919101745596e+22,1.0783393443187731e+22,1.104307051523509,0.08778641049404777
mpp,125.0,0.4970452066472995,5.1812526809014605e-08,0.0047102297099104184,3.729324583094765e+16,2.9686878522229903e+19,1.5357919101745596e+22,1.0838684893651852e+22,1.1038420276804524,0.0886489870933664
mpp,125.0,0.4970452066472995,5.263234144037326e-08,0.004784758312761206,3.818897615571622e+16,2.9137981659956486e+19,1.5357919101745596e+22,1.089379884914345e+22,1.103376572189188,0.08951479369134115
mpp,125.0,0.4970452066472995,5.3464940595922046e-08,0.004860449145083823,3.911124640854789e+16,2.859435893632911e+19,1.5357919101745596e+22,1.0948733679895474e+22,1.1029107751059601,0.09038375279491825
mpp,125.0,0.4970452066472995,5.431052164276817e-08,0.004937320149342561,4.006093087231802e+16,2.8056110489229287e+19,1.5357919101745596e+22,1.1003487916684116e+22,1.1024447268571897,0.09125578597102962
mpp,125.0,0.4970452066472995,5.516928493180878e-08,0.005015389539255344,4.1038933183510456e+16,2.7523332550808023e+19,1.5357919101745596e+22,1.1058060236850188e+22,1.1019785181746826,0.09213081387718834
mpp,125.0,0.4970452066472995,5.6041433840840926e-08,0.0050946758037128115,4.204618720353249e+16,2.6996117368409887e+19,1.5357919101745596e+22,1.111244944927035e+22,1.1015122400298474,0.09300875629232705
mpp,125.0,0.4970452066472995,5.692717481823145e-08,0.005175197710748314,4.308365790321977e+16,2.647455313210179e+19,1.5357919101745596e+22,1.1166654478292967e+22,1.1010459835669986,0.0938895321478242
mpp,125.0,0.4970452066472995,5.782671742714684e-08,0.005256974311558804,4.415234225953098e+16,2.5958723908940562e+19,1.5357919101745596e+22,1.1220674346661393e+22,1.1005798400358353,0.09477305955866143
mpp,125.0,0.4970452066472995,5.8740274390359504e-08,0.005340024944578137,4.525327016332937e+16,2.5448709584083304e+19,1.5357919101745596e+22,1.1274508157452464e+22,1.1001139007231677,0.09565925585467024
mpp,125.0,0.4970452066472995,5.966806163561761e-08,0.005424369239601601,4.638750533696699e+16,2.494458580884109e+19,1.5357919101745596e+22,1.132815507505896e+22,1.0996482568839931,0.09654803761179878
mpp,125.0,0.4970452066472995,6.061029834160731e-08,0.0055100271219643004,4.755614626029242e+16,2.4446423955732926e+19,1.5357919101745596e+22,1.1381614305253834e+22,1.0991829996720006,0.09743932068336986
mpp,125.0,0.4970452066472995,6.156720698448764e-08,0.005597018816771604,4.8760327103494776e+16,2.395429108060203e+19,1.5357919101745596e+22,1.1434885074375368e+22,1.0987182200696048,0.098333020231255
mpp,125.0,0.4970452066472995,6.253901338502271e-08,0.005685364853183883,5.000121866507503e+16,2.346824989181242e+19,1.5357919101745596e+22,1.1487966607678768e+22,1.0982540088176083,0.09922905075693317
mpp,125.0,0.4970452066472995,6.35259467563024e-08,0.0057750860687547645,5.1280029313028824e+16,2.2988358726539944e+19,1.5357919101745596e+22,1.1540858106903154e+22,1.097790456344585,0.10012732613237187
mpp,125.0,0.4970452066472995,6.452823975206651e-08,0.005866203613824228,5.259800592716296e+16,2.251467153413984e+19,1.5357919101745596e+22,1.159355872711044e+22,1.0973276526960933,0.10102775963069083
mpp,125.0,0.4970452066472995,6.554612851563202e-08,0.005958738955966547,5.395643484026317e+16,2.2047237866559525e+19,1.5357919101745596e+22,1.164606755285296e+22,1.0968656874638225,0.10193026395655731
mpp,125.0,0.4970452066472995,6.657985272942628e-08,0.006052713884493299,5.53566427756127e+16,2.1586102875744166e+19,1.5357919101745596e+22,1.1698383573734476e+22,1.0964046497147775,0.10283475127626487
mpp,125.0,0.4970452066472995,6.762965566513684e-08,0.0061481505150124405,5.679999777818199e+16,2.1131307317958e+19,1.5357919101745596e+22,1.1750505659434246e+22,1.0959446279206142,0.1037411332474578
mpp,125.0,0.4970452066472995,6.869578423447609e-08,0.006245071294043281,5.828791013654553e+16,2.0682887564932542e+19,1.5357919101745596e+22,1.1802432534264366e+22,1.095485709887238,0.1046493210484528
mpp,125.0,0.4970452066472995,6.977848904057438e-08,0.00634349900368858,5.982183329238211e+16,2.0240875621726736e+19,1.5357919101745596e+22,1.1854162751340744e+22,1.095027982684767,0.10555922540712616
mpp,125.0,0.4970452066472995,7.087802442999102e-08,0.006443456766362821,6.1403264734131576e+16,1.9805299151176425e+19,1.5357919101745596e+22,1.1905694666446833e+22,1.0945715325779948,0.10647075662931535
mpp,125.0,0.4970452066472995,7.199464854536281e-08,0.006544968049578437,6.303374687116993e+16,1.937618150478063e+19,1.5357919101745596e+22,1.195702641167779e+22,1.0941164449574465,0.10738382462671335
mpp,125.0,0.4970452066472995,7.312862337869174e-08,0.006648056670790159,6.471486788457913e+16,1.8953541759863415e+19,1.5357919101745596e+22,1.200815586895275e+22,1.0936628042711545,0.10829833894421996
mpp,125.0,0.4970452066472995,7.42802148252601e-08,0.006752746802296372,6.644826255029179e+16,1.8537394762838966e+19,1.5357919101745596e+22,1.2059080643490427e+22,1.093210693957273,0.10921420878670736
mpp,125.0,0.4970452066472995,7.544969273820284e-08,0.006859062976200259,6.8235613030177064e+16,1.8127751178378279e+19,1.5357919101745596e+22,1.2109798037344372e+22,1.0927601963776394,0.11013134304519427
mpp,125.0,0.4970452066472995,7.663733098372088e-08,0.0069670300894291715,7.00786496262693e+16,1.7724617544278893e+19,1.5357919101745596e+22,1.2160305023098624e+22,1.0923113927524033,0.11104965032238806
mpp,125.0,0.4970452066472995,7.784340749694441e-08,0.007076673408813128,7.197915149308834e+16,1.7327996331816882e+19,1.5357919101745596e+22,1.221059821782526e+22,1.0918643630958385,0.11196903895757931
mpp,125.0,0.4970452066472995,7.906820433846068e-08,0.007188018576223698,7.393894730271424e+16,1.6937886011345795e+19,1.5357919101745596e+22,1.226067385741328e+22,1.0914191861534506,0.11288941705088018
mpp,125.0,0.4970452066472995,8.031200775148666e-08,0.007301091613771515,7.595991585690446e+16,1.6554281122910691e+19,1.5357919101745596e+22,1.231052777137387e+22,1.0909759393404972,0.1138106924867755
mpp,125.0,0.4970452066472995,8.157510821971942e-08,0.0074159189290654015,7.804398664032605e+16,1.6177172351616946e+19,1.5357919101745596e+22,1.2360155358236074e+22,1.0905346986820232,0.11473277295700048
mpp,125.0,0.4970452066472995,8.285780052584041e-08,0.007532527320530946,8.019314030856891e+16,1.5806546607504187e+19,1.5357919101745596e+22,1.2409551561643065e+22,1.0900955387545301,0.1156555659827192
mpp,125.0,0.4970452066472995,8.41603838106953e-08,0.007650943982790481,8.240940910435622e+16,1.5442387109652462e+19,1.5357919101745596e+22,1.245871084726272e+22,1.0896585326293782,0.11657897893601765
mpp,125.0,0.4970452066472995,8.548316163314407e-08,0.007771196512104006,8.469487719502064e+16,1.5084673474251708e+19,1.5357919101745596e+22,1.2507627180627627e+22,1.0892237518180259,0.11750291906070841
mpp,125.0,0.4970452066472995,8.682644203058415e-08,0.007893312911871286,8.705168092401717e+16,1.4733381806357848e+19,1.5357919101745596e+22,1.255629400601978e+22,1.0887912662192096,0.11842729349245666
mpp,125.0,0.4970452066472995,8.81905375801531e-08,0.008017321598195737,8.948200896893254e+16,1.4388484795053654e+19,1.5357919101745596e+22,1.2604704226515352e+22,1.0883611440681502,0.11935200927824295
mpp,125.0,0.4970452066472995,8.957576546060974e-08,0.008143251405509977,9.198810239815608e+16,1.4049951811730434e+19,1.5357919101745596e+22,1.2652850185303233e+22,1.0879334518878838,0.12027697339517937
mpp,125.0,0.4970452066472995,9.098244751490158e-08,0.00827113159226378,9.457225461806843e+16,1.371774901120416e+19,1.5357919101745596e+22,1.2700723648389783e+22,1.0875082544427992,0.12120209276870665
mpp,125.0,0.4970452066472995,9.24109103134052e-08,0.0084009918466732,9.723681120232344e+16,1.3391839435384467e+19,1.5357919101745596e+22,1.2748315788802196e+22,1.08708561469446,0.12212727429019117
mpp,125.0,0.4970452066472995,9.38614852178688e-08,0.008532862292533527,9.998416959460869e+16,1.3072183119203504e+19,1.5357919101745596e+22,1.279561717240265e+22,1.0866655937597836,0.12305242483397548
mpp,125.0,0.4970452066472995,9.53345084460277e-08,0.008666773495093427,1.0281677867589654e+17,1.2758737198526962e+19,1.5357919101745596e+22,1.284261774541625e+22,1.0862482508716471,0.12397745127390204
mpp,125.0,0.4970452066472995,9.683032113691836e-08,0.008802756466992578,1.0573713818707755e+17,1.245145601975953e+19,1.5357919101745596e+22,1.2889306823775794e+22,1.0858336433419735,0.12490226049937385
mpp,125.0,0.4970452066472995,9.834926941687449e-08,0.008940842674261318,1.087477979976272e+17,1.215029125087021e+19,1.5357919101745596e+22,1.2935673084383444e+22,1.0854218265273528,0.1258267594309928
mpp,125.0,0.4970452066472995,9.989170446622597e-08,0.00908106404238418,1.1185135721085258e+17,1.1855191993557864e+19,1.5357919101745596e+22,1.2981704558387508e+22,1.0850128537972334,0.12675085503584826
mpp,125.0,0.4970452066472995,1.0145798258667493e-07,0.009223452962424994,1.1505046309597323e+17,1.1566104896291308e+19,1.5357919101745596e+22,1.3027388626552308e+22,1.0846067765047307,0.12767445434250524
mpp,125.0,0.4970452066472995,1.030484652693735e-07,0.009368042297215773,1.1834780983742845e+17,1.1282974267954436e+19,1.5357919101745596e+22,1.3072712016813212e+22,1.0842036439600566,0.12859746445578035
mpp,125.0,0.4970452066472995,1.0466351926369088e-07,0.009514865387608262,1.2174613709158675e+17,1.1005742191840879e+19,1.5357919101745596e+22,1.3117660804088366e+22,1.0838035034065998,0.12951979257137705
mpp,125.0,0.4970452066472995,1.0630351664667048e-07,0.009663956058788226,1.2524822834105438e+17,1.0734348639745585e+19,1.5357919101745596e+22,1.3162220412409899e+22,1.08340639999965,0.13044134599046844
mpp,125.0,0.4970452066472995,1.0796883489318065e-07,0.009815348626652787,1.2885690903695126e+17,1.0468731585908302e+19,1.5357919101745596e+22,1.3206375619440274e+22,1.0830123767877569,0.13136203213432396
mpp,125.0,0.4970452066472995,1.0965985694675306e-07,0.009969077904250279,1.3257504451950123e+17,1.0208827120573166e+19,1.5357919101745596e+22,1.3250110563416877e+22,1.0826214746967058,0.13228175855907903
mpp,125.0,0.4970452066472995,1.1137697129110978e-07,0.010125179208282709,1.3640553770753357e+17,9.954569562936492e+18,1.5357919101745596e+22,1.3293408752561363e+22,1.0822337325160727,0.1332004329707588
mpp,125.0,0.4970452066472995,1.131205720223829e-07,0.010283688365671173,1.4035132654784523e+17,9.705891573262832e+18,1.5357919101745596e+22,1.3336253076989194e+22,1.0818491868883056,0.1341179632406763
mpp,125.0,0.4970452066472995,1.1489105892200752e-07,0.010444641720182501,1.4441538121547498e+17,9.462724263961663e+18,1.5357919101745596e+22,1.337862582312211e+22,1.081467872300283,0.13503425742132194
mpp,125.0,0.4970452066472995,1.1668883753031101e-07,0.010608076139119182,1.4860070105668906e+17,9.224997309420612e+18,1.5357919101745596e+22,1.3420508690613317e+22,1.081089821077254,0.1359492237628916
mpp,125.0,0.4970452066472995,1.1851431922077509e-07,0.010774029020070464,1.5291031126674662e+17,8.992639054407519e+18,1.5357919101745596e+22,1.3461882811768709e+22,1.0807150633790799,0.13686277073058525
mpp,125.0,0.4970452066472995,1.2036792127497026e-07,0.010942538297724569,1.5734725929520192e+17,8.765576620860217e+18,1.5357919101745596e+22,1.3502728773432703e+22,1.0803436271986595,0.13777480702282985
mpp,125.0,0.4970452066472995,1.2225006695817458e-07,0.011113642450743144,1.6191461097244048e+17,8.543736012891087e+18,1.5357919101745596e+22,1.354302664130363e+22,1.0799755383624148,0.13868524159059414
mpp,125.0,0.4970452066472995,1.241611855956522e-07,0.011287380508695655,1.666154463515976e+17,8.327042219848616e+18,1.5357919101745596e+22,1.3582755986603931e+22,1.079610820532684,0.13959398365795547
mpp,125.0,0.4970452066472995,1.261017126495984e-07,0.0114637920590544,1.7145285526146157e+17,8.11541931728377e+18,1.5357919101745596e+22,1.362189591503915e+22,1.0792494952118625,0.14050094274410363
mpp,125.0,0.4970452066472995,1.2807208979674554e-07,0.011642917254249596,1.7642993256661754e+17,7.908790565680926e+18,1.5357919101745596e+22,1.3660425097931917e+22,1.0788915817480995,0.1414060286869706
mpp,125.0,0.4970452066472995,1.3007276500662229e-07,0.011824796818783845,1.8154977313277206e+17,7.707078506823491e+18,1.5357919101745596e+22,1.369832180542773e+22,1.0785370973423432,0.14230915166868394
mpp,125.0,0.4970452066472995,1.3210419262045697e-07,0.01200947205640518,1.8681546649618173e+17,7.510205057673977e+18,1.5357919101745596e+22,1.3735563941616256e+22,1.0781860570565054,0.14321022224305205
mpp,125.0,0.4970452066472995,1.3416683343072837e-07,0.012196984857338944,1.922300912380013e+17,7.318091601657163e+18,1.5357919101745596e+22,1.3772129081417095e+22,1.0778384738224829,0.1441091513653055
mpp,125.0,0.4970452066472995,1.3626115476134353e-07,0.012387377705576685,1.9779670906588918e+17,7.130659077246559e+18,1.5357919101745596e+22,1.3807994509039424e+22,1.0774943584517627,0.1450058504243188
mpp,125.0,0.4970452066472995,1.3838763054844443e-07,0.012580693686222222,2.0351835860705862e+17,6.947828063761639e+18,1.5357919101745596e+22,1.384313725780101e+22,1.0771537196452927,0.14590023127755886
mpp,125.0,0.4970452066472995,1.4054674142183642e-07,0.012776976492894221,2.093980489192391e+17,6.769518864293567e+18,1.5357919101745596e+22,1.3877534151081038e+22,1.076816564003289,0.14679220628901288
mpp,125.0,0.4970452066472995,1.427389747870162e-07,0.01297627043518329,2.1543875272787456e+17,6.595651585686708e+18,1.5357919101745596e+22,1.391116184413099e+22,1.0764828960346027,0.14768168837035497
mpp,125.0,0.4970452066472995,1.4496482490780489e-07,0.01317862044616408,2.2164339940068243e+17,6.426146215509615e+18,1.5357919101745596e+22,1.3943996866467092e+22,1.0761527181652542,0.14856859102563466
mpp,125.0,0.4970452066472995,1.4722479298957047e-07,0.013384072089960952,2.2801486767295024e+17,6.260922695959158e+18,1.5357919101745596e+22,1.397601566451387e+22,1.0758260307456913,0.14945282839977275
mpp,125.0,0.4970452066472995,1.4951938726302417e-07,0.013592671569365833,2.3455597814000944e+17,6.099900994648812e+18,1.5357919101745596e+22,1.4007194644162827e+22,1.0755028320563083,0.15033431533116565
mpp,125.0,0.4970452066472995,1.518491230685864e-07,0.013804465733507854,2.4126948553601178e+17,5.943001172239011e+18,1.5357919101745596e+22,1.4037510212856003e+22,1.075183118310706,0.1512129674087146
mpp,125.0,0.4970452066472995,1.542145229413025e-07,0.014019502085572955,2.4815807082161338e+17,5.790143446875131e+18,1.5357919101745596e+22,1.406693882079663e+22,1.0748668836561495,0.15208870103360622
mpp,125.0,0.4970452066472995,1.566161166963006e-07,0.014237828790572782,2.552243331061882e+17,5.641248255404721e+18,1.5357919101745596e+22,1.4095457000834004e+22,1.0745541201706224,0.15296143348618857
mpp,125.0,0.4970452066472995,1.5905444151477943e-07,0.014459494683161767,2.6247078143410106e+17,5.496236311351625e+18,1.5357919101745596e+22,1.4123041406558442e+22,1.0742448178558361,0.15383108299830028
mpp,125.0,0.4970452066472995,1.6153004203050185e-07,0.01468454927550017,2.698998264678667e+17,5.355028659631101e+18,1.5357919101745596e+22,1.4149668848083128e+22,1.0739389646255015,0.15469756883142283
mpp,125.0,0.4970452066472995,1.6404347041678602e-07,0.014913042765162365,2.775137721054768e+17,5.217546727994214e+18,1.5357919101745596e+22,1.4175316324985262e+22,1.0736365462881166,0.15556081136104621
mpp,125.0,0.4970452066472995,1.6659528647398002e-07,0.015145026043089094,2.85314807072665e+17,5.083712375194489e+18,1.5357919101745596e+22,1.4199961055806066e+22,1.0733375465234654,0.15642073216765554
mpp,125.0,0.4970452066472995,1.6918605771739475e-07,0.015380550701581341,2.9330499653579283e+17,4.953447935874771e+18,1.5357919101745596e+22,1.422358050351156e+22,1.0730419468519654,0.15727725413475857
mpp,125.0,0.4970452066472995,1.718163594656804e-07,0.015619669042334583,3.014862737848164e+17,4.826676262175122e+18,1.5357919101745596e+22,1.4246152396238714e+22,1.07274972659593,0.15813030155439767
mpp,125.0,0.4970452066472995,1.744867749296319e-07,0.01586243408451199,3.098604320411028e+17,4.703320762065375e+18,1.5357919101745596e+22,1.42676547426487e+22,1.0724608628317465,0.15897980024061062
mpp,125.0,0.4970452066472995,1.7719789530139395e-07,0.016108899572853996,3.184291164488868e+17,4.583305434409596e+18,1.5357919101745596e+22,1.4288065841137453e+22,1.0721753303318957,0.15982567765132025
mpp,125.0,0.4970452066472995,1.7995031984405312e-07,0.016359119985823012,3.271938163147096e+17,4.4665549007701253e+18,1.5357919101745596e+22,1.4307364282135956e+22,1.071893101495646,0.16066786301916272
mpp,125.0,0.4970452066472995,1.8274465598158962e-07,0.016613150543780875,3.3615585766368915e+17,4.352994433961479e+18,1.5357919101745596e+22,1.4325528942672102e+22,1.0716141462671858,0.16150628749178372
mpp,125.0,0.4970452066472995,1.855815193891665e-07,0.016871047217196955,3.4531639618695795e+17,4.2425499833644063e+18,1.5357919101745596e+22,1.4342538972333877e+22,1.0713384320398411,0.16234088428216084
mpp,125.0,0.4970452066472995,1.8846153408373512e-07,0.01713286673488501,3.546764106596666e+17,4.13514819701075e+18,1.5357919101745596e+22,1.4358373769719398e+22,1.0710659235449378,0.16317158882953936
mpp,125.0,0.4970452066472995,1.9138533251492623e-07,0.01739866659226602,3.6423669691434086e+17,4.030716440448857e+18,1.5357919101745596e+22,1.437301294841041e+22,1.0707965827237464,0.16399833897159805
mpp,125.0,0.4970452066472995,1.9435355565620198e-07,0.017668505059654727,3.73997862459888e+17,3.929182812398448e+18,1.5357919101745596e+22,1.4386436291460241e+22,1.0705303685808203,0.16482107512849778
mpp,125.0,0.4970452066472995,1.9736685309624657e-07,0.01794244119056787,3.839603218418989e+17,3.830476157201742e+18,1.5357919101745596e+22,1.4398623693322475e+22,1.0702672370169088,0.16563974049950392
mpp,125.0,0.4970452066472995,2.0042588313055408e-07,0.018220534830050372,3.9412429284576346e+17,3.734526074074859e+18,1.5357919101745596e+22,1.4409555088099875e+22,1.0700071406394729,0.16645428127291026
mpp,125.0,0.4970452066472995,2.0353131285319847e-07,0.018502846623018043,4.0448979364940454e+17,3.641262923159546e+18,1.5357919101745596e+22,1.4419210362913158e+22,1.0697500285486583,0.1672646468500457
mpp,125.0,0.4970452066472995,2.0668381824874192e-07,0.018789438022612903,4.1505664103856794e+17,3.5506178283724657e+18,1.5357919101745596e+22,1.4427569255137896e+22,1.0694958460964048,0.16807079008418646
mpp,125.0,0.4970452066472995,2.0988408428425337e-07,0.019080371298568488,4.2582444980319194e+17,3.462522677041768e+18,1.5357919101745596e+22,1.443461123216637e+22,1.0692445346161503,0.16887266753525879
mpp,125.0,0.4970452066472995,2.1313280500140307e-07,0.019375709545582098,4.367926334392714e+17,3.376910116316843e+18,1.5357919101745596e+22,1.4440315352272043e+22,1.0689960311203683,0.16967023974127732
mpp,125.0,0.4970452066472995,2.1643068360860024e-07,0.01967551669169093,4.4796040628695046e+17,3.2937135463279795e+18,1.5357919101745596e+22,1.444466010506324e+22,1.0687502679628957,0.1704634715075329
mpp,125.0,0.4970452066472995,2.1977843257313156e-07,0.019979857506648324,4.5932678724147117e+17,3.2128671100659594e+18,1.5357919101745596e+22,1.4447623229898924e+22,1.0685071724627289,0.17125233221462144
mpp,125.0,0.4970452066472995,2.2317677371326033e-07,0.020288797610296394,4.708504287356961e+17,3.134608029973629e+18,1.5357919101745596e+22,1.44493424224214e+22,1.068267828784687,0.17203679614648965
mpp,125.0,0.4970452066472995,2.2662643829025575e-07,0.02060240348093234,4.825208856656803e+17,3.0589320748959585e+18,1.5357919101745596e+22,1.444999912594656e+22,1.0680326576684709,0.17281684074807752
mpp,125.0,0.4970452066472995,2.301281671003057e-07,0.020920742463664155,4.9433316068063936e+17,2.9857904886933074e+18,1.5357919101745596e+22,1.444977038729721e+22,1.067801935523257,0.17359244633897902
mpp,125.0,0.4970452066472995,2.3368271056625915e-07,0.021243882778750833,5.062819094991926e+17,2.9151354512109455e+18,1.5357919101745596e+22,1.444884125228292e+22,1.0675759499747306,0.17436359610670324
mpp,125.0,0.4970452066472995,2.372908288291805e-07,0.0215718935299255,5.1836144115730944e+17,2.846919931126473e+18,1.5357919101745596e+22,1.4447403844811423e+22,1.067354998167072,0.1751302760879974
mpp,125.0,0.4970452066472995,2.4095329183963207e-07,0.021904844712693827,5.3056571943707616e+17,2.7810975230772823e+18,1.5357919101745596e+22,1.4445656233235966e+22,1.0671393846411945,0.17589247513798803
mpp,125.0,0.4970452066472995,2.446708794486748e-07,0.022242807222606797,5.4288836553618963e+17,2.7176222702371164e+18,1.5357919101745596e+22,1.4443801073619263e+22,1.0669294187680085,0.17665018488713793
mpp,125.0,0.4970452066472995,2.48444381498505e-07,0.022585852863500455,5.553226620351865e+17,2.6564484740365194e+18,1.5357919101745596e+22,1.444204402381158e+22,1.0667254117249085,0.17740339968625454
mpp,125.0,0.4970452066472995,2.522745979127007e-07,0.022934054355700062,5.6786155821628275e+17,2.59753049329005e+18,1.5357919101745596e+22,1.444059192747552e+22,1.0665276730154738,0.17815211654009316
mpp,125.0,0.4970452066472995,2.5616233878600337e-07,0.023287485344182124,5.804976767831524e+17,2.540822535596893e+18,1.5357919101745596e+22,1.443965077346094e+22,1.0663365065465276,0.17889633503040814
mpp,125.0,0.4970452066472995,2.601084244735974e-07,0.023646220406690677,5.932233220261115e+17,2.4862784444993777e+18,1.5357919101745596e+22,1.4439423443194144e+22,1.0661522062931097,0.1796360572296609
mpp,125.0,0.4970452066472995,2.6411368567981104e-07,0.024010335061801003,6.060304894711195e+17,2.4338514864976753e+18,1.5357919101745596e+22,1.444010726688532e+22,1.0659750516002022,0.1803712876069596
mpp,125.0,0.4970452066472995,2.6817896354620375e-07,0.024379905776927613,6.18910877043927e+17,2.3834941426017736e+18,1.5357919101745596e+22,1.44418914182207e+22,1.0658053021897715,0.18110203292819183
mpp,125.0,0.4970452066472995,2.7230510973895295e-07,0.02475500997626845,6.318558977725761e+17,2.3351579096263777e+18,1.5357919101745596e+22,1.4444954186530895e+22,1.0656431929621484,0.18182830215269039
mpp,125.0,0.4970452066472995,2.7649298653549316e-07,0.025135726048681195,6.44856694042258e+17,2.288793116866917e+18,1.5357919101745596e+22,1.4449460174929164e+22,1.0654889287010754,0.18255010632915783
mpp,125.0,0.4970452066472995,2.8074346691033843e-07,0.02552213335548531,6.579041534061304e+17,2.2443487641045745e+18,1.5357919101745596e+22,1.4455557482185543e+22,1.0653426788109115,0.18326745849392465
mpp,125.0,0.4970452066472995,2.850574346200175e-07,0.025914312238183412,6.709889259441757e+17,2.2017723870399862e+18,1.5357919101745596e+22,1.4463374934718577e+22,1.0652045722312908,0.1839803735749389
mpp,125.0,0.4970452066472995,2.8943578428705664e-07,0.026312344026096057,6.841014431495272e+17,2.1610099562175514e+18,1.5357919101745596e+22,1.447301944253176e+22,1.0650746926877712,0.18468886830514888
mpp,125.0,0.4970452066472995,2.9387942148292916e-07,0.026716311043902652,6.972319383081096e+17,2.1220058152469663e+18,1.5357919101745596e+22,1.4484573558696086e+22,1.064953074445449,0.1853929611491377
mpp,125.0,0.4970452066472995,2.9838926280991484e-07,0.027126296619083168,7.103704683228603e+17,2.084702663632833e+18,1.5357919101745596e+22,1.4498093325518748e+22,1.0648396987349718,0.18609267224698192
mpp,125.0,0.4970452066472995,3.029662359817677e-07,0.02754238508925161,7.235069369184704e+17,2.0490415887712584e+18,1.5357919101745596e+22,1.4513606491355065e+22,1.0647344910159169,0.1867880233793095
mpp,125.0,0.4970452066472995,3.076112799031355e-07,0.027964661809375957,7.366311191469985e+17,2.0149621506600015e+18,1.5357919101745596e+22,1.4531111179649376e+22,1.0646373192304228,0.18747903795742993
mpp,125.0,0.4970452066472995,3.12325344747639e-07,0.028393213158876274,7.497326870984636e+17,1.9824025216021576e+18,1.5357919101745596e+22,1.4550575085866635e+22,1.064547993179887,0.18816574104216852
mpp,125.0,0.4970452066472995,3.17109392034528e-07,0.028828126548593458,7.62801236704667e+17,1.9512996816816998e+18,1.5357919101745596e+22,1.4571935268274224e+22,1.0644662651296506,0.18884815939466482
mpp,125.0,0.4970452066472995,3.2196439470382796e-07,0.029269490427620726,7.758263155090404e+17,1.9215896690873948e+18,1.5357919101745596e+22,1.4595098584976326e+22,1.064391831711386,0.18952632156187807
mpp,125.0,0.4970452066472995,3.2689133718989104e-07,0.029717394289990096,7.887974512607822e+17,1.8932078825072965e+18,1.5357919101745596e+22,1.461994281232969e+22,1.0643243371514621,0.19020025799888762
mpp,125.0,0.4970452066472995,3.318912154932562e-07,0.030171928681205107,8.017041811776801e+17,1.866089430872021e+18,1.5357919101745596e+22,1.464631845920194e+22,1.0642633778074295,0.19087000122928754
mpp,125.0,0.4970452066472995,3.369650372507253e-07,0.03063318520461139,8.145360817107155e+17,1.8401695237669676e+18,1.5357919101745596e+22,1.4674051268086216e+22,1.0642085079458181,0.19153558604406515
mpp,125.0,0.4970452066472995,3.4211382180356256e-07,0.0311012565275966,8.272827986338981e+17,1.8153838939480212e+18,1.5357919101745596e+22,1.4702945368654043e+22,1.0641592466449061,0.19219704973834592
mpp,125.0,0.4970452066472995,3.4733860026371343e-07,0.03157623638761031,8.399340772749329e+17,1.791669241675384e+18,1.5357919101745596e+22,1.4732787022937018e+22,1.0641150856584523,0.1928544323843102
mpp,125.0,0.4970452066472995,3.5264041557793443e-07,0.03205821959799404,8.524797926989142e+17,1.7689636891252076e+18,1.5357919101745596e+22,1.4763348875257039e+22,1.064075498033001,0.19350777713746659
mpp,125.0,0.4970452066472995,3.5802032258974794e-07,0.03254730205361345,8.649099796544074e+17,1.747207232043226e+18,1.5357919101745596e+22,1.4794394595575164e+22,1.0640399472347213,0.19415713057235812
mpp,125.0,0.4970452066472995,3.6347938809909277e-07,0.033043580736281164,8.772148620945203e+17,1.7263421751594627e+18,1.5357919101745596e+22,1.482568378363576e+22,1.0640078965139745,0.19480254304270186
mpp,125.0,0.4970452066472995,3.69018690919575e-07,0.033547153719961365,8.893848820886605e+17,1.7063135377621993e+18,1.5357919101745596e+22,1.4856976984478025e+22,1.063978818218752,0.1954440690599887
mpp,125.0,0.4970452066472995,3.74639321933195e-07,0.034058120175745,9.014107279498308e+17,1.687069416290128e+18,1.5357919101745596e+22,1.4888040655019804e+22,1.063952202763172,0.1960817676837241
mpp,125.0,0.4970452066472995,3.803423841424418e-07,0.03457658037658562,9.132833614117389e+17,1.668561291868179e+18,1.5357919101745596e+22,1.4918651917474615e+22,1.06392756696516,0.1967157029158333
mpp,125.0,0.4970452066472995,3.8612899271962657e-07,0.035102635701784235,9.249940437030241e+17,1.6507442723849231e+18,1.5357919101745596e+22,1.494860293922186e+22,1.0639044614884172,0.19734594409130726
mpp,125.0,0.4970452066472995,3.9200027505334535e-07,0.03563638864121321,9.365343603807748e+17,1.6335772609395597e+18,1.5357919101745596e+22,1.4977704790697196e+22,1.0638824771573248,0.1979725662569759
mpp,125.0,0.4970452066472995,3.9795737079193217e-07,0.03617794279926656,9.478962448001693e+17,1.617023045197776e+18,1.5357919101745596e+22,1.5005790652753592e+22,1.063861249958242,0.19859565053036493
mpp,125.0,0.4970452066472995,4.0400143188377985e-07,0.03672740289852544,9.590720001137545e+17,1.6010483052628785e+18,1.5357919101745596e+22,1.503271827205713e+22,1.063840464594819,0.19921528443094585
mpp,125.0,0.4970452066472995,4.1013362261439735e-07,0.03728487478312703,9.700543197094107e+17,1.585623540939107e+18,1.5357919101745596e+22,1.505837159608755e+22,1.063819856525862,0.19983156217670706
mpp,125.0,0.4970452066472995,4.163551196400648e-07,0.037850465421824075,9.808363060108797e+17,1.5707229225563067e+18,1.5357919101745596e+22,1.5082661556448079e+22,1.063799212478799,0.2004445849398379
mpp,125.0,0.4970452066472995,4.2266711201795267e-07,0.03842428291072297,9.914114875783392e+17,1.5563240726426422e+18,1.5357919101745596e+22,1.510552600817606e+22,1.0637783694963643,0.20105446105639857
mpp,125.0,0.4970452066472995,4.290708012325603e-07,0.0390064364756873,1.0017738344581577e+18,1.542407788481861e+18,1.5357919101745596e+22,1.5126928871146706e+22,1.0637572126350654,0.20166130618608538
mpp,125.0,0.4970452066472995,4.3556740121832605e-07,0.03959703647439328,1.0119177717409345e+18,1.5289577177956344e+18,1.5357919101745596e+22,1.514685855492456e+22,1.0637356714876613,0.202265243419549
mpp,125.0,0.4970452066472995,4.4215813837827274e-07,0.0401961943980248,1.0218381912947023e+18,1.515960001307087e+18,1.5357919101745596e+22,1.5165325778181742e+22,1.0637137157450347,0.2028664033321101
mpp,125.0,0.4970452066472995,4.4884425159851984e-07,0.040804022872592716,1.0315304616464791e+18,1.5034028966745298e+18,1.5357919101745596e+22,1.5182360916128147e+22,1.0636913500429312,0.2034649239840761
mpp,125.0,0.4970452066472995,4.556269922585227e-07,0.0414206356598657,1.0409904359902774e+18,1.4912763981987653e+18,1.5357919101745596e+22,1.5198011022893663e+22,1.0636686083543339,0.20406095086913906
mpp,125.0,0.4970452066472995,4.625076242368779e-07,0.04204614765789799,1.0502144583035087e+18,1.4795718658329597e+18,1.5357919101745596e+22,1.5212336679855778e+22,1.0636455481882665,0.2046546368134621
mpp,125.0,0.4970452066472995,4.694874239125256e-07,0.04268067490113869,1.0591993675579629e+18,1.4682816754505357e+18,1.5357919101745596e+22,1.522540881567554e+22,1.0636222448411279,0.2052461418290032
mpp,125.0,0.4970452066472995,4.765676801611914e-07,0.04332433456010831,1.0679425000153478e+18,1.457398900198914e+18,1.5357919101745596e+22,1.5237305630211734e+22,1.0635987859190554,0.20583563292534784
mpp,125.0,0.4970452066472995,4.837496943469012e-07,0.04397724494062738,1.0764416896027907e+18,1.446917030267455e+18,1.5357919101745596e+22,1.52481097341438e+22,1.0635752663120273,0.20642328388480805
mpp,125.0,0.4970452066472995,4.910347803083952e-07,0.04463952548258138,1.0846952663698966e+18,1.436829735729238e+18,1.5357919101745596e+22,1.5257905591090888e+22,1.0635517837558508,0.20700927500580135
mpp,125.0,0.4970452066472995,4.984242643402648e-07,0.04531129675820589,1.0927020530368612e+18,1.4271306744806326e+18,1.5357919101745596e+22,1.5266777321588635e+22,1.0635284350706382,0.2075937928195581
mpp,125.0,0.4970452066472995,5.059194851686406e-07,0.045992680469876424,1.1004613596531685e+18,1.4178133448807273e+18,1.5357919101745596e+22,1.5274806900775868e+22,1.0635053131175185,0.2081770297850552
mpp,125.0,0.4970452066472995,5.135217939212421e-07,0.046683799447385654,1.107972976396764e+18,1.408870980631273e+18,1.5357919101745596e+22,1.52820727560877e+22,1.0634825044724963,0.20875918396676546
mpp,125.0,0.4970452066472995,5.212325540916164e-07,0.0473847776446924,1.1152371645566341e+18,1.4002964838337917e+18,1.5357919101745596e+22,1.5288648749321256e+22,1.0634600877801184,0.20934045869939502
mpp,125.0,0.4970452066472995,5.290531414973651e-07,0.04809574013612411,1.1222546457549025e+18,1.3920823910619087e+18,1.5357919101745596e+22,1.529460351020355e+22,1.0634381327216411,0.209921062243293
mpp,125.0,0.4970452066472995,5.369849442321835e-07,0.04881681311201669,1.1290265894782367e+18,1.3842208666908e+18,1.5357919101745596e+22,1.5300000076575273e+22,1.0634166995134617,0.2105012074337024
mpp,125.0,0.4970452066472995,5.450293626115079e-07,0.04954812387377344,1.1355545990016786e+18,1.3767037175876273e+18,1.5357919101745596e+22,1.53048957894819e+22,1.0633958388414946,0.21108111132650814
mpp,125.0,0.4970452066472995,5.531878091115703e-07,0.05028980082832457,1.1418406958021591e+18,1.3695224235103007e+18,1.5357919101745596e+22,1.5309342389371037e+22,1.0633755921350623,0.21166099484266349
mpp,125.0,0.4970452066472995,5.614617083016814e-07,0.05104197348197104,1.1478873025697231e+18,1.362668178093734e+18,1.5357919101745596e+22,1.531338626137217e+22,1.0633559920882754,0.21224108241305253
mpp,125.0,0.4970452066472995,5.698524967695082e-07,0.05180477243359166,1.153697224936613e+18,1.3561319360223096e+18,1.5357919101745596e+22,1.5317068782368562e+22,1.0633370633460764,0.21282160162518823
mpp,125.0,0.4970452066472995,5.783616230391752e-07,0.05257832936719775,1.1592736320526195e+18,1.3499044628004915e+18,1.5357919101745596e+22,1.532042672916421e+22,1.0633188232843453,0.21340278287285974
mpp,125.0,0.4970452066472995,5.869905474819483e-07,0.05336277704381348,1.164620036142803e+18,1.3439763843584402e+18,1.5357919101745596e+22,1.5323492714568462e+22,1.0633012828270751,0.21398485900962194
mpp,125.0,0.4970452066472995,5.957407422193069e-07,0.05415824929266427,1.1697402711893123e+18,1.3383382345050493e+18,1.5357919101745596e+22,1.5326295625886104e+22,1.0632844472572314,0.214568065006865
mpp,125.0,0.4970452066472995,6.0461369101819e-07,0.05496488100165364,1.1746384708822515e+18,1.3329804989218668e+18,1.5357919101745596e+22,1.5328861047427915e+22,1.0632683169905306,0.21515263761709802
mpp,125.0,0.4970452066472995,6.136108891781953e-07,0.05578280810710867,1.179319045986647e+18,1.3278936549568369e+18,1.5357919101745596e+22,1.5331211654939154e+22,1.0632528882922927,0.21573881504301912
mpp,125.0,0.4970452066472995,6.227338434105047e-07,0.056612167582773154,1.183786661272541e+18,1.3230682069174697e+18,1.5357919101745596e+22,1.5333367574974746e+22,1.0632381539264495,0.21632683661291524
mpp,125.0,0.4970452066472995,6.319840717083361e-07,0.057453097428030564,1.1880462121530588e+18,1.3184947168855094e+18,1.5357919101745596e+22,1.5335346706248855e+22,1.06322410373265,0.21691694246292773
mpp,125.0,0.4970452066472995,6.413631032086649e-07,0.058305736655333174,1.192102801173554e+18,1.3141638312920428e+18,1.5357919101745596e+22,1.533716500288633e+22,1.063210725132312,0.21750937322672068
mpp,125.0,0.4970452066472995,6.508724780450197e-07,0.05917022527681998,1.1959617144890796e+18,1.3100663036224945e+18,1.5357919101745596e+22,1.5338836721433531e+22,1.0631980035677233,0.218104369733103
mpp,125.0,0.4970452066472995,6.605137471910994e-07,0.06004670429009995,1.1996283984630595e+18,1.3061930136830449e+18,1.5357919101745596e+22,1.5340374634654757e+22,1.063185922880176,0.21870217271216041
mpp,125.0,0.4970452066472995,6.702884722950026e-07,0.060935315663182055,1.2031084365135311e+18,1.3025349838742538e+18,1.5357919101745596e+22,1.534179021570722e+22,1.0631744656339812,0.21930302251046058
mpp,125.0,0.4970452066472995,6.80198225503809e-07,0.0618362023185281,1.2064075263252897e+18,1.2990833928981967e+18,1.5357919101745596e+22,1.5343093796420125e+22,1.0631636133933444,0.21990715881589046
mpp,125.0,0.4970452066472995,6.902445892783118e-07,0.06274950811621016,1.2095314575393485e+18,1.295829587287093e+18,1.5357919101745596e+22,1.5344294703272083e+22,1.0631533469587395,0.22051482039267736
mpp,125.0,0.4970452066472995,7.004291561976294e-07,0.06367537783614813,1.2124860900221606e+18,1.2927650910931812e+18,1.5357919101745596e+22,1.534540137436001e+22,1.063143646568813,0.22112624482712329
mpp,125.0,0.4970452066472995,7.107535287534933e-07,0.06461395715940849,1.2152773328081444e+18,1.2898816140285512e+18,1.5357919101745596e+22,1.5346421460261277e+22,1.0631344920731165,0.2217416682845574
mpp,125.0,0.4970452066472995,7.212193191339467e-07,0.06556539264854061,1.2179111237997164e+18,1.2871710582952243e+18,1.5357919101745596e+22,1.5347361911298354e+22,1.0631258630801996,0.22236132527797473
mpp,125.0,0.4970452066472995,7.31828148996233e-07,0.06652983172693028,1.220393410300291e+18,1.284625524301124e+18,1.5357919101745596e+22,1.5348229053327929e+22,1.0631177390848978,0.22298544844878682
mpp,125.0,0.4970452066472995,7.425816492286187e-07,0.06750742265714715,1.2227301304453153e+18,1.2822373154193505e+18,1.5357919101745596e+22,1.534902865382536e+22,1.0631100995779783,0.22361426836006296
mpp,125.0,0.4970452066472995,7.53481459700921e-07,0.06849831451826555,1.2249271955877555e+18,1.2799989419157588e+18,1.5357919101745596e+22,1.5349765979738609e+22,1.063102924140784,0.22424801330258534
mpp,125.0,0.4970452066472995,7.645292290034978e-07,0.06950265718213616,1.2269904736841572e+18,1.2779031241432804e+18,1.5357919101745596e+22,1.5350445848321392e+22,1.063096192527014,0.22488690911398615
mpp,125.0,0.4970452066472995,7.75726614174454e-07,0.07052060128858673,1.228925773719182e+18,1.2759427950800704e+18,1.5357919101745596e+22,1.5351072671958087e+22,1.0630898847334225,0.22553117901117192
mpp,125.0,0.4970452066472995,7.870752804148289e-07,0.07155229821952991,1.2307388311967972e+18,1.274111102271716e+18,1.5357919101745596e+22,1.5351650497808363e+22,1.063083981060882,0.22618104343617976
mpp,125.0,0.4970452066472995,7.985769007915122e-07,0.07259790007195566,1.2324352947179105e+18,1.2724014092244892e+18,1.5357919101745596e+22,1.5352183042965179e+22,1.0630784621670188,0.22683671991554327
mpp,125.0,0.4970452066472995,8.10233155927669e-07,0.0736575596297881,1.2340207136561103e+18,1.2708072962868216e+18,1.5357919101745596e+22,1.53526737257096e+22,1.063073309111417,0.22749842293318512
mpp,125.0,0.4970452066472995,8.220457336804192e-07,0.07473143033458357,1.2355005269351603e+18,1.2693225610483937e+18,1.5357919101745596e+22,1.535312569335074e+22,1.0630685033942295,0.22816636381678457
mpp,125.0,0.4970452066472995,8.34016328805534e-07,0.07581966625504855,1.236880052904437e+18,1.2679412182807729e+18,1.5357919101745596e+22,1.535354184706764e+22,1.0630640269888987,0.228840750637507
mpp,125.0,0.4970452066472995,8.461466426089286e-07,0.07692242205535715,1.238164480302003e+18,1.2666574994395853e+18,1.5357919101745596e+22,1.535392486411079e+22,1.0630598623695957,0.22952178812291968
mpp,125.0,0.4970452066472995,8.584383825846971e-07,0.0780398529622452,1.2393588602883517e+18,1.265465851745368e+18,1.5357919101745596e+22,1.5354277217672054e+22,1.0630559925338867,0.23020967758285565
mpp,125.0,0.4970452066472995,8.708932620394697e-07,0.07917211473086089,1.24046809952816e+18,1.2643609368585923e+18,1.5357919101745596e+22,1.5354601194687377e+22,1.063052401021083,0.23090461684793176
mpp,125.0,0.4970452066472995,8.835129997028664e-07,0.08031936360935149,1.241496954292281e+18,1.2633376291633974e+18,1.5357919101745596e+22,1.5354898911809304e+22,1.0630490719266665,0.2316068002203693
mpp,125.0,0.4970452066472995,8.962993193238147e-07,0.08148175630216498,1.2424500255473009e+18,1.2623910136741737e+18,1.5357919101745596e+22,1.5355172329750744e+22,1.0630459899131395,0.23231641843671538
mpp,125.0,0.4970452066472995,9.092539492525114e-07,0.08265944993204649,1.24333175499624e+18,1.261516383579238e+18,1.5357919101745596e+22,1.5355423266183735e+22,1.063043140217613,0.23303365864201184
mpp,125.0,0.4970452066472995,9.223786220078049e-07,0.08385260200070954,1.2441464220299873e+18,1.2607092374362637e+18,1.5357919101745596e+22,1.5355653407349825e+22,1.0630405086564108,0.23375870437491608
mpp,125.0,0.4970452066472995,9.356750738297962e-07,0.0850613703481633,1.2448981415463724e+18,1.25996527603479e+18,1.5357919101745596e+22,1.5355864318523059e+22,1.0630380816269531,0.23449173556323621
mpp,125.0,0.4970452066472995,9.491450442174411e-07,0.08628591311067646,1.245590862591294e+18,1.2592803989421018e+18,1.5357919101745596e+22,1.5356057453456425e+22,1.0630358461071487,0.23523292852930677
mpp,125.0,0.4970452066472995,9.627902754509441e-07,0.08752638867735857,1.2462283677739973e+18,1.2586507007495816e+18,1.5357919101745596e+22,1.5356234162917687e+22,1.0630337896525177,0.23598245600459852
mpp,125.0,0.4970452066472995,9.766125120987632e-07,0.08878295564534211,1.246814273407398e+18,1.2580724670376307e+18,1.5357919101745596e+22,1.5356395702415662e+22,1.0630319003912492,0.2367404871529304
mpp,125.0,0.4970452066472995,9.906135005090058e-07,0.09005577277354598,1.2473520303233812e+18,1.257542170078365e+18,1.5357919101745596e+22,1.5356543239210284e+22,1.0630301670173816,0.23750718760162665
mpp,125.0,0.4970452066472995,1.0047949882850608e-06,0.09134499893500553,1.2478449253118636e+18,1.2570564642960722e+18,1.5357919101745596e+22,1.535667785867913e+22,1.0630285787822893,0.23828271947994747
mpp,125.0,0.4970452066472995,1.0191587237452651e-06,0.09265079306775137,1.248296083132716e+18,1.2566121815063677e+18,1.5357919101745596e+22,1.5356800570114716e+22,1.063027125484643,0.23906724146410477
mpp,125.0,0.4970452066472995,1.0337064553664431e-06,0.09397331412422211,1.2487084690496056e+18,1.2562063259557804e+18,1.5357919101745596e+22,1.5356912312018067e+22,1.0630257974590094,0.23986090882816974
mpp,125.0,0.4970452066472995,1.0484399312111567e-06,0.09531272101919608,1.2490848918350735e+18,1.2558360691839104e+18,1.5357919101745596e+22,1.535701395693653e+22,1.0630245855632439,0.2406638735001739
mpp,125.0,0.4970452066472995,1.0633608983385028e-06,0.09666917257622754,1.2494280071972764e+18,1.255498744731111e+18,1.5357919101745596e+22,1.5357106315905036e+22,1.0630234811648205,0.2414762841227052
mpp,125.0,0.4970452066472995,1.0784711021983284e-06,0.09804282747257531,1.2497403215798147e+18,1.2551918427146665e+18,1.5357919101745596e+22,1.535719014252882e+22,1.0630224761262486,0.24229828611730836
mpp,125.0,0.4970452066472995,1.0937722860087129e-06,0.09943384418261025,1.2500241962870615e+18,1.254913004296737e+18,1.5357919101745596e+22,1.5357266136747513e+22,1.0630215627896964,0.24313002175200624
mpp,125.0,0.4970452066472995,1.1092661901166052e-06,0.10084238091969139,1.2502818518895058e+18,1.2546600160674322e+18,1.5357919101745596e+22,1.535733494831775e+22,1.0630207339609679,0.2439716302112731
mpp,125.0,0.4970452066472995,1.124954551341493e-06,0.10226859557649937,1.250515372864985e+18,1.2544308043658903e+18,1.5357919101745596e+22,1.5357397180042753e+22,1.0630199828929372,0.24482324766780814
mpp,125.0,0.4970452066472995,1.140839102302004e-06,0.10371264566381855,1.2507267124335027e+18,1.254223429562298e+18,1.5357919101745596e+22,1.5357453390774217e+22,1.06301930326857,0.24568500735547769
mpp,125.0,0.4970452066472995,1.1569215707253575e-06,0.10517468824775977,1.2509176975457902e+18,1.2540360803228864e+18,1.5357919101745596e+22,1.535750409821178e+22,1.063018689183631,0.246557039642819
mpp,125.0,0.4970452066472995,1.1732036787395748e-06,0.10665487988541589,1.2510900339876004e+18,1.2538670678797102e+18,1.5357919101745596e+22,1.5357549781522642e+22,1.0630181351291932,0.24743947210652445
mpp,125.0,0.4970452066472995,1.1896871421484001e-06,0.10815337655894547,1.251245311563865e+18,1.2537148203256973e+18,1.5357919101745596e+22,1.5357590883791798e+22,1.0630176359740275,0.24833242960435453
mpp,125.0,0.4970452066472995,1.2063736696888767e-06,0.1096703336080797,1.2513850093297964e+18,1.2535778769550682e+18,1.5357919101745596e+22,1.53576278143274e+22,1.0630171869469864,0.24923603434696004
mpp,125.0,0.4970452066472995,1.2232649622715382e-06,0.11120590566104893,1.2515105008374482e+18,1.25345488266783e+18,1.5357919101745596e+22,1.5357660950827398e+22,1.063016783619445,0.2501504059681248
mpp,125.0,0.4970452066472995,1.2403627122032033e-06,0.11276024656392758,1.251623059369481e+18,1.2533445824558787e+18,1.5357919101745596e+22,1.5357690641421506e+22,1.0630164218878901,0.25107566159297806
mpp,125.0,0.4970452066472995,1.2576686023923764e-06,0.11433350930839786,1.2517238631339528e+18,1.2532458159873562e+18,1.5357919101745596e+22,1.5357717206600564e+22,1.0630160979567236,0.25201191590375915
mpp,125.0,0.4970452066472995,1.275184305537256e-06,0.11592584595793237,1.2518140003960228e+18,1.2531575123041825e+18,1.5357919101745596e+22,1.5357740941036944e+22,1.0630158083213448,0.2529592812027547
mpp,125.0,0.4970452066472995,1.292911483296395e-06,0.11753740757239955,1.25189447452555e+18,1.253078684646529e+18,1.5357919101745596e+22,1.5357762115307259e+22,1.063015549751573,0.25391786747206585
mpp,125.0,0.4970452066472995,1.3108517854420548e-06,0.1191683441310959,1.2519662089411628e+18,1.25300842541667e+18,1.5357919101745596e+22,1.5357780977522773e+22,1.0630153192754588,0.2548877824298992
mpp,125.0,0.4970452066472995,1.3290068489963223e-06,0.12081880445421112,1.2520300519341814e+18,1.2529459012929743e+18,1.5357919101745596e+22,1.5357797754871742e+22,1.063015114163534,0.25586913158311436
mpp,125.0,0.4970452066472995,1.3473782973500965e-06,0.12248893612273604,1.2520867813575754e+18,1.2528903485035546e+18,1.5357919101745596e+22,1.5357812655078932e+22,1.0630149319135334,0.2568620182757961
mpp,125.0,0.4970452066472995,1.365967739365027e-06,0.12417888539682065,1.2521371091674885e+18,1.25284106826769e+18,1.5357919101745596e+22,1.5357825867786966e+22,1.0630147702356314,0.2578665437336548
mpp,125.0,0.4970452066472995,1.384776768458562e-06,0.12588879713259654,1.2521816858069706e+18,1.252797422411411e+18,1.5357919101745596e+22,1.5357837565862676e+22,1.0630146270382115,0.2588828071040972
mpp,125.0,0.4970452066472995,1.4038069616722303e-06,0.1276188146974755,1.2522211044231258e+18,1.2527588291627837e+18,1.5357919101745596e+22,1.5357847906631465e+22,1.063014500414202,0.25991090549183776
mpp,125.0,0.4970452066472995,1.4230598787233641e-06,0.1293690798839422,1.2522559049111094e+18,1.2527247591304576e+18,1.5357919101745596e+22,1.5357857033042337e+22,1.0630143886279846,0.2609509339899604
mpp,125.0,0.4970452066472995,1.4425370610404372e-06,0.13113973282185792,1.252286577779914e+18,1.252694731468316e+18,1.5357919101745596e+22,1.5357865074767375e+22,1.0630142901028956,0.2620029857063656
mpp,125.0,0.4970452066472995,1.462240030782253e-06,0.13293091188929573,1.2523135678364713e+18,1.2526683102275528e+18,1.5357919101745596e+22,1.5357872149236638e+22,1.063014203409328,0.26306715178557083
mpp,125.0,0.4970452066472995,1.4821702898412239e-06,0.13474275362192945,1.252337277686317e+18,1.252645100896268e+18,1.5357919101745596e+22,1.535787836261286e+22,1.0630141272534313,0.2641435214258582
mpp,125.0,0.4970452066472995,1.5023293188310152e-06,0.13657539262100138,1.2523580710499305e+18,1.2526247471259907e+18,1.5357919101745596e+22,1.5357883810703978e+22,1.0630140604664178,0.26523218189178965
mpp,125.0,0.4970452066472995,1.5227185760588555e-06,0.13842896145989597,1.252376275895832e+18,1.252606927643019e+18,1.5357919101745596e+22,1.5357888579822615e+22,1.0630140019944623,0.26633321852213393
mpp,125.0,0.4970452066472995,1.5433394964828389e-06,0.140303590589349,1.2523921873919296e+18,1.2525913533419581e+18,1.5357919101745596e+22,1.5357892747586792e+22,1.0630139508891947,0.2674467147332705
mpp,125.0,0.4970452066472995,1.5641934906545607e-06,0.1421994082413237,1.2524060706780657e+18,1.2525777645579674e+18,1.5357919101745596e+22,1.535789638367032e+22,1.063013906298773,0.268572752018156
mpp,125.0,0.4970452066472995,1.585281943647488e-06,0.14411654033158983,1.2524181634634903e+18,1.2525659285132024e+18,1.5357919101745596e+22,1.5357899550501062e+22,1.0630138674595218,0.2697114099409574
mpp,125.0,0.4970452066472995,1.6066062139714432e-06,0.1460551103610403,1.252428678453576e+18,1.2525556369326856e+18,1.5357919101745596e+22,1.5357902303911163e+22,1.0630138336881232,0.27086276612746824
mpp,125.0,0.4970452066472995,1.6281676324736676e-06,0.14801523931578797,1.25243780561113e+18,1.252546703824095e+18,1.5357919101745596e+22,1.5357904693740825e+22,1.0630138043743438,0.2720268962514437
mpp,125.0,0.4970452066472995,1.6499675012269185e-06,0.1499970455660835,1.2524457142578857e+18,1.2525389634154317e+18,1.5357919101745596e+22,1.535790676439798e+22,1.0630137789742748,0.27320387401699703
mpp,125.0,0.4970452066472995,1.6720070924050911e-06,0.1520006447640992,1.2524525550222083e+18,1.2525322682442657e+18,1.5357919101745596e+22,1.5357908555373562e+22,1.063013757004069,0.2743937711372117
mpp,125.0,0.4970452066472995,1.6942876471469117e-06,0.15402614974062834,1.2524584616399452e+18,1.2525264873920087e+18,1.5357919101745596e+22,1.5357910101720455e+22,1.063013738034153,0.27559665730913446
mpp,125.0,0.4970452066472995,1.7168103744082338e-06,0.15607367040074854,1.2524635526146263e+18,1.2525215048562941e+18,1.5357919101745596e+22,1.535791143449182e+22,1.0630137216838893,0.2768126001853153
mpp,125.0,0.4970452066472995,1.7395764498035548e-06,0.15814331361850498,1.252467932744586e+18,1.2525172180543214e+18,1.5357919101745596e+22,1.5357912581143116e+22,1.0630137076166684,0.2780416653420717
mpp,125.0,0.4970452066472995,1.762587014437358e-06,0.16023518313066892,1.2524716945237102e+18,1.2525135364504287e+18,1.5357919101745596e+22,1.535791356590224e+22,1.063013695535407,0.27928391624465515
mpp,125.0,0.4970452066472995,1.7858431737259404e-06,0.16234937942963096,1.2524749194231365e+18,1.252510380300437e+18,1.5357919101745596e+22,1.5357914410106833e+22,1.0630136851784318,0.28053941420949857
mpp,125.0,0.4970452066472995,1.8093459962104148e-06,0.16448599965549227,1.252477679061106e+18,1.2525076795057756e+18,1.5357919101745596e+22,1.5357915132511228e+22,1.0630136763157156,0.2818082183637302
mpp,125.0,0.4970452066472995,1.8330965123615917e-06,0.16664513748741744,1.2524800362678856e+18,1.2525053725706038e+18,1.5357919101745596e+22,1.5357915749567468e+22,1.0630136687454617,0.28309038560213173
mpp,125.0,0.4970452066472995,1.857095713377516e-06,0.16882688303431964,1.252482046052733e+18,1.2525034056548716e+18,1.5357919101745596e+22,1.5357916275677908e+22,1.0630136622909938,0.28438597054172615
mpp,125.0,0.4970452066472995,1.8813445499744301e-06,0.1710313227249482,1.2524837564799063e+18,1.2525017317165366e+18,1.5357919101745596e+22,1.5357916723425472e+22,1.0630136567979416,0.2856950254741721
mpp,125.0,0.4970452066472995,1.9058439311719748e-06,0.17325853919745227,1.2524852094600776e+18,1.25250030973687e+18,1.5357919101745596e+22,1.5357917103782739e+22,1.0630136521317022,0.2870176003161431
mpp,125.0,0.4970452066472995,1.9305947230735074e-06,0.1755086111885007,1.2524864414635087e+18,1.2524991040220342e+18,1.5357919101745596e+22,1.5357917426296025e+22,1.0630136481751438,0.28835374255786744
mpp,125.0,0.4970452066472995,1.9555977476423834e-06,0.17778161342203486,1.252487484161412e+18,1.2524980835754348e+18,1.5357919101745596e+22,1.5357917699256292e+22,1.0630136448265497,0.28970349720999716
mpp,125.0,0.4970452066472995,1.980853781475158e-06,0.18007761649774162,1.2524883650008438e+18,1.2524972215347476e+18,1.5357919101745596e+22,1.53579179298472e+22,1.0630136419977692,0.2910669067489762
mpp,125.0,0.4970452066472995,2.0063635545726346e-06,0.1823966867793304,1.2524891077192156e+18,1.2524964946685857e+18,1.5357919101745596e+22,1.5357918124283615e+22,1.0630136396125687,0.2924440110610698
mpp,125.0,0.4970452066472995,2.0321277491097545e-06,0.18473888628270496,1.2524897328031882e+18,1.2524958829269832e+18,1.5357919101745596e+22,1.535791828792715e+22,1.0630136376051518,0.2938348473852138
mpp,125.0,0.4970452066472995,2.0581469982053558e-06,0.18710427256412326,1.2524902578972541e+18,1.252495369041645e+18,1.5357919101745596e+22,1.535791842539585e+22,1.0630136359188518,0.2952394502548409
mpp,125.0,0.4970452066472995,2.0844218846928104e-06,0.18949289860843732,1.252490698166485e+18,1.2524949381709786e+18,1.5357919101745596e+22,1.5357918540659882e+22,1.0630136345049654,0.2966578514388298
mpp,125.0,0.4970452066472995,2.110952939892684e-06,0.19190481271751675,1.25249106661783e+18,1.2524945775854615e+18,1.5357919101745596e+22,1.5357918637123604e+22,1.0630136333217202,0.2980900798817285
mpp,125.0,0.4970452066472995,2.1377406423884723e-06,0.19434005839895202,1.2524913743838973e+18,1.2524942763899986e+18,1.5357919101745596e+22,1.5357918717701083e+22,1.0630136323333637,0.2995361616433886
mpp,125.0,0.4970452066472995,2.164785416806599e-06,0.19679867425514536,1.2524916309732244e+18,1.2524940252789184e+18,1.5357919101745596e+22,1.5357918784881227e+22,1.0630136315093581,0.30099611983815083
mpp,125.0,0.4970452066472995,2.1920876326018336e-06,0.199280693872894,1.2524918444900797e+18,1.2524938163208973e+18,1.5357919101745596e+22,1.5357918840785748e+22,1.0630136308236777,0.3024699745737132
mpp,125.0,0.4970452066472995,2.2196476028493208e-06,0.20178614571357462,1.2524920218274936e+18,1.25249364277e+18,1.5357919101745596e+22,1.5357918887218583e+22,1.0630136302541848,0.30395774288981087
mpp,125.0,0.4970452066472995,2.2474655830444835e-06,0.20431505300404396,1.252492168835826e+18,1.2524934989006848e+18,1.5357919101745596e+22,1.5357918925710858e+22,1.0630136297820907,0.3054594386968342
mpp,125.0,0.4970452066472995,2.2755417699120383e-06,0.20686743362836713,1.2524922904701555e+18,1.2524933798636595e+18,1.5357919101745596e+22,1.5357918957560176e+22,1.0630136293914827,0.30697507271450547
mpp,125.0,0.4970452066472995,2.3038763002254197e-06,0.20944330002049272,1.2524923909183741e+18,1.2524932815604224e+18,1.5357919101745596e+22,1.5357918983862583e+22,1.0630136290689114,0.3085046524107333
mpp,125.0,0.4970452066472995,2.3324692496379275e-06,0.2120426590579934,1.252492473712525e+18,1.2524932005343286e+18,1.5357919101745596e+22,1.5357919005543015e+22,1.063013628803034,0.3100481819407596
mpp,125.0,0.4970452066472995,2.3613206315269245e-06,0.21466551195699313,1.252492541825208e+18,1.2524931338762107e+18,1.5357919101745596e+22,1.53579190233791e+22,1.063013628584304,0.3116056620867104
mpp,125.0,0.4970452066472995,2.390430395852468e-06,0.2173118541684062,1.2524925977529516e+18,1.2524930791428849e+18,1.5357919101745596e+22,1.5357919038025255e+22,1.0630136284047045,0.3131770901976628
mpp,125.0,0.4970452066472995,2.4197984280317437e-06,0.21998167527561308,1.252492643587981e+18,1.2524930342867284e+18,1.5357919101745596e+22,1.5357919050028305e+22,1.0630136282575156,0.31476246013033177
mpp,125.0,0.4970452066472995,2.449424547830708e-06,0.22267495889370076,1.2524926810799967e+18,1.2524929975954504e+18,1.5357919101745596e+22,1.5357919059847007e+22,1.0630136281371194,0.3163617621904841
mpp,125.0,0.4970452066472995,2.4793085082743803e-06,0.2253916825703982,1.2524927116891922e+18,1.252492967640014e+18,1.5357919101745596e+22,1.53579190678633e+22,1.0630136280388256,0.31797498307518146
mpp,125.0,0.4970452066472995,2.509449994577191e-06,0.22813181768883556,1.2524927366315338e+18,1.2524929432303939e+18,1.5357919101745596e+22,1.5357919074395605e+22,1.0630136279587297,0.3196021058159521
mpp,125.0,0.4970452066472995,2.5398486230948953e-06,0.2308953293722632,1.2524927569174925e+18,1.2524929233777183e+18,1.5357919101745596e+22,1.5357919079708444e+22,1.0630136278935869,0.3212431097229928
mpp,125.0,0.4970452066472995,2.5705039402994796e-06,0.2336821763908618,1.252492773385027e+18,1.2524929072619456e+18,1.5357919101745596e+22,1.5357919084021811e+22,1.0630136278407067,0.32289797033049666
mpp,125.0,0.4970452066472995,2.6014154217785738e-06,0.23649231107077945,1.2524927867275249e+18,1.2524928942044585e+18,1.5357919101745596e+22,1.5357919087516635e+22,1.0630136277978612,0.3245666593432029
mpp,125.0,0.4970452066472995,2.632582471260859e-06,0.23932567920553266,1.252492797517546e+18,1.2524928836449047e+18,1.5357919101745596e+22,1.5357919090342525e+22,1.0630136277632125,0.32624914458426446
mpp,125.0,0.4970452066472995,2.664004419668962e-06,0.24218221996990563,1.252492806226927e+18,1.2524928751215946e+18,1.5357919101745596e+22,1.5357919092624102e+22,1.0630136277352458,0.3279453899445253
mpp,125.0,0.4970452066472995,2.6956805242013664e-06,0.24506186583648787,1.252492813243614e+18,1.252492868254786e+18,1.5357919101745596e+22,1.535791909446187e+22,1.0630136277127136,0.32965535533330087
mpp,125.0,0.4970452066472995,2.727609967444852e-06,0.24796454249498656,1.2524928188859717e+18,1.2524928627329697e+18,1.5357919101745596e+22,1.5357919095939962e+22,1.0630136276945952,0.3313789966307516
mpp,125.0,0.4970452066472995,2.7597918565189673e-06,0.2508901687744516,1.2524928234146842e+18,1.2524928583010002e+18,1.5357919101745596e+22,1.5357919097126256e+22,1.0630136276800526,0.3331162656419408
mpp,125.0,0.4970452066472995,2.7922252222540666e-06,0.25383865656855154,1.252492827042761e+18,1.2524928547504259e+18,1.5357919101745596e+22,1.535791909807662e+22,1.0630136276684026,0.3348671100526643
mpp,125.0,0.4970452066472995,2.8249090184044093e-06,0.2568099107640372,1.2524928299439158e+18,1.2524928519112591e+18,1.5357919101745596e+22,1.5357919098836674e+22,1.0630136276590865,0.33663147338713983
mpp,125.0,0.4970452066472995,2.8578421208978493e-06,0.25980382917253175,1.2524928322594836e+18,1.2524928496451692e+18,1.5357919101745596e+22,1.5357919099443407e+22,1.0630136276516513,0.3384092949676441
mpp,125.0,0.4970452066472995,2.891023327123599e-06,0.26282030246578175,1.2524928341042604e+18,1.2524928478398106e+18,1.5357919101745596e+22,1.535791909992672e+22,1.0630136276457276,0.3402005098761805
mpp,125.0,0.4970452066472995,2.924451355259565e-06,0.2658592141145059,1.25249283557126e+18,1.2524928464041582e+18,1.5357919101745596e+22,1.5357919100311056e+22,1.063013627641017,0.34200504891826383
mpp,125.0,0.4970452066472995,2.9581248436407344e-06,0.26892044033097584,1.2524928367357135e+18,1.2524928452645875e+18,1.5357919101745596e+22,1.5357919100616168e+22,1.063013627637278,0.34382283858890456
mpp,125.0,0.4970452066472995,2.992042350170052e-06,0.2720038500154593,1.2524928376583145e+18,1.252492844361726e+18,1.5357919101745596e+22,1.5357919100858207e+22,1.063013627634316,0.3456538010408718
mpp,125.0,0.4970452066472995,3.026202351773268e-06,0.27510930470666073,1.2524928383880054e+18,1.2524928436476068e+18,1.5357919101745596e+22,1.5357919101049064e+22,1.0630136276319724,0.34749785405532
mpp,125.0,0.4970452066472995,3.060603243899132e-06,0.2782366585362847,1.2524928389640622e+18,1.2524928430838482e+18,1.5357919101745596e+22,1.5357919101199984e+22,1.0630136276301225,0.3493549110148517
mpp,125.0,0.4970452066472995,3.095243340066364e-06,0.2813857581878513,1.2524928394180465e+18,1.2524928426395886e+18,1.5357919101745596e+22,1.5357919101319148e+22,1.0630136276286655,0.3512248808790992
mpp,125.0,0.4970452066472995,3.1301208714587585e-06,0.2845564428598871,1.25249283977515e+18,1.2524928422901133e+18,1.5357919101745596e+22,1.5357919101412669e+22,1.0630136276275186,0.35310766816289624
mpp,125.0,0.4970452066472995,3.165233986569728e-06,0.2877485442336116,1.2524928400555866e+18,1.2524928420156529e+18,1.5357919101745596e+22,1.5357919101486e+22,1.0630136276266176,0.3550031729171154
mpp,125.0,0.4970452066472995,3.2005807508976505e-06,0.29096188644524096,1.252492840275415e+18,1.2524928418005276e+18,1.5357919101745596e+22,1.5357919101543728e+22,1.0630136276259121,0.35691129071224104
mpp,125.0,0.4970452066472995,3.2361591466932353e-06,0.2941962860630214,1.2524928404474458e+18,1.2524928416321746e+18,1.5357919101745596e+22,1.5357919101588687e+22,1.0630136276253597,0.3588319126247477
mpp,125.0,0.4970452066472995,3.27196707276015e-06,0.29745155206910456,1.2524928405818227e+18,1.2524928415006566e+18,1.5357919101745596e+22,1.5357919101623825e+22,1.0630136276249278,0.36076492522635045
mpp,125.0,0.4970452066472995,3.3080023443101186e-06,0.30072748584637443,1.2524928406866163e+18,1.2524928413981066e+18,1.5357919101745596e+22,1.5357919101651325e+22,1.0630136276245914,0.362710210576194
mpp,125.0,0.4970452066472995,3.344262692873571e-06,0.30402388117032464,1.2524928407682068e+18,1.2524928413182815e+18,1.5357919101745596e+22,1.535791910167304e+22,1.06301362762433,0.36466764621603703
mpp,125.0,0.4970452066472995,3.3807457662670037e-06,0.30734052420609126,1.252492840831616e+18,1.2524928412562266e+18,1.5357919101745596e+22,1.5357919101689627e+22,1.0630136276241264,0.36663710516849757
mpp,125.0,0.4970452066472995,3.4174491286180456e-06,0.3106771935107314,1.252492840880829e+18,1.25249284120805e+18,1.5357919101745596e+22,1.5357919101702285e+22,1.063013627623968,0.36861845593841164
mpp,125.0,0.4970452066472995,3.4543702604492223e-06,0.3140336600408384,1.25249284091895e+18,1.2524928411707456e+18,1.5357919101745596e+22,1.5357919101712324e+22,1.0630136276238453,0.37061156251735927
mpp,125.0,0.4970452066472995,3.49150655882137e-06,0.3174096871655791,1.2524928409484206e+18,1.2524928411419003e+18,1.5357919101745596e+22,1.5357919101719962e+22,1.063013627623751,0.3726162843914102
mpp,125.0,0.4970452066472995,3.528855337537518e-06,0.3208050306852289,1.252492840971192e+18,1.2524928411196214e+18,1.5357919101745596e+22,1.5357919101726073e+22,1.0630136276236777,0.374632476552133
mpp,125.0,0.4970452066472995,3.5664138274081023e-06,0.32421943885528204,1.2524928409887388e+18,1.2524928411024576e+18,1.5357919101745596e+22,1.5357919101730658e+22,1.0630136276236215,0.3766599895109137
mpp,125.0,0.4970452066472995,3.604179176578205e-06,0.32765265241620045,1.2524928410022415e+18,1.2524928410892462e+18,1.5357919101745596e+22,1.5357919101734368e+22,1.0630136276235784,0.37869866931662366
mpp,125.0,0.4970452066472995,3.6421484509175184e-06,0.3311044046288653,1.2524928410126195e+18,1.252492841079071e+18,1.5357919101745596e+22,1.5357919101736878e+22,1.0630136276235447,0.38074835757667175
mpp,125.0,0.4970452066472995,3.680318634473621e-06,0.33457442131578374,1.2524928410205868e+18,1.252492841071268e+18,1.5357919101745596e+22,1.535791910173884e+22,1.063013627623519,0.382808891481475
mpp,125.0,0.4970452066472995,3.718686629989085e-06,0.3380624209080987,1.2524928410266952e+18,1.2524928410653043e+18,1.5357919101745596e+22,1.5357919101740588e+22,1.0630136276234998,0.38488010383237403
mpp,125.0,0.4970452066472995,3.7572492594828904e-06,0.3415681144984446,1.2524928410313638e+18,1.2524928410607534e+18,1.5357919101745596e+22,1.5357919101742007e+22,1.063013627623485,0.3869618230730204
mpp,125.0,0.4970452066472995,3.7960032648964994e-06,0.3450912058996818,1.2524928410349404e+18,1.2524928410572616e+18,1.5357919101745596e+22,1.5357919101743098e+22,1.0630136276234736,0.3890538733242541
mpp,125.0,0.4970452066472995,3.834945308804896e-06,0.34863139170953605,1.2524928410376558e+18,1.252492841054597e+18,1.5357919101745596e+22,1.5357919101743643e+22,1.0630136276234647,0.3911560744224877
mpp,125.0,0.4970452066472995,3.874071975192807e-06,0.35218836138116427,1.2524928410397384e+18,1.252492841052569e+18,1.5357919101745596e+22,1.5357919101744407e+22,1.0630136276234583,0.39326824196160937
mpp,125.0,0.4970452066472995,3.913379770296197e-06,0.3557617972996543,1.2524928410413092e+18,1.2524928410510328e+18,1.5357919101745596e+22,1.5357919101744734e+22,1.0630136276234534,0.39539018733840936
mpp,125.0,0.4970452066472995,3.952865123509147e-06,0.35935137486446794,1.2524928410425073e+18,1.2524928410498573e+18,1.5357919101745596e+22,1.535791910174506e+22,1.0630136276234496,0.3975217178015364
mpp,125.0,0.4970452066472995,3.992524388356007e-06,0.3629567625778189,1.2524928410434184e+18,1.2524928410489672e+18,1.5357919101745596e+22,1.5357919101745281e+22,1.0630136276234465,0.3996626365039767
mpp,125.0,0.4970452066472995,4.0323538435287325e-06,0.36657762213897566,1.2524928410441037e+18,1.2524928410482898e+18,1.5357919101745596e+22,1.535791910174539e+22,1.063013627623444,0.40181274255905314
mpp,125.0,0.4970452066472995,4.072349693989162e-06,0.37021360854446933,1.2524928410446244e+18,1.2524928410477601e+18,1.5357919101745596e+22,1.5357919101745281e+22,1.063013627623442,0.4039718310999292
mpp,125.0,0.4970452066472995,4.112508072135931e-06,0.3738643701941755,1.2524928410450235e+18,1.2524928410473897e+18,1.5357919101745596e+22,1.5357919101745717e+22,1.0630136276234412,0.4061396933426019
mpp,125.0,0.4970452066472995,4.152825039035608e-06,0.37752954900323704,1.2524928410453107e+18,1.2524928410471104e+18,1.5357919101745596e+22,1.5357919101745717e+22,1.0630136276234403,0.40831611665236256
mpp,125.0,0.4970452066472995,4.1932965857175825e-06,0.38120878051978024,1.2524928410455442e+18,1.2524928410468915e+18,1.5357919101745596e+22,1.5357919101745935e+22,1.0630136276234399,0.41050088461369877
mpp,125.0,0.4970452066472995,4.233918634532076e-06,0.3849016940483706,1.2524928410456998e+18,1.2524928410467267e+18,1.5357919101745596e+22,1.5357919101745826e+22,1.0630136276234392,0.4126937771036025
mpp,125.0,0.4970452066472995,4.274687040570635e-06,0.3886079127791487,1.25249284104583e+18,1.2524928410465843e+18,1.5357919101745596e+22,1.5357919101745608e+22,1.063013627623438,0.4148945703682536
mpp,125.0,0.4970452066472995,4.315597593148279e-06,0.39232705392257083,1.2524928410459256e+18,1.2524928410465065e+18,1.5357919101745596e+22,1.5357919101745826e+22,1.0630136276234385,0.41710303710302987
mpp,125.0,0.4970452066472995,4.35664601734649e-06,0.39605872884968096,1.2524928410459779e+18,1.2524928410464097e+18,1.5357919101745596e+22,1.535791910174539e+22,1.0630136276234372,0.4193189465358017
mpp,125.0,0.4970452066472995,4.397827975616047e-06,0.39980254323782244,1.2524928410460293e+18,1.2524928410463485e+18,1.5357919101745596e+22,1.5357919101745281e+22,1.0630136276234368,0.4215420645134582
mpp,125.0,0.4970452066472995,4.439139069438646e-06,0.40355809722169506,1.2524928410460739e+18,1.2524928410463017e+18,1.5357919101745596e+22,1.5357919101745172e+22,1.0630136276234368,0.42377215359160575
mpp,125.0,0.4970452066472995,4.480574841046197e-06,0.40732498554965424,1.2524928410460995e+18,1.252492841046284e+18,1.5357919101745596e+22,1.5357919101745281e+22,1.0630136276234368,0.42600897312738034
mpp,125.0,0.4970452066472995,4.522130775196497e-06,0.41110279774513614,1.252492841046125e+18,1.2524928410463163e+18,1.5357919101745596e+22,1.5357919101745935e+22,1.0630136276234377,0.4282522793753038
mpp,125.0,0.4970452066472995,4.563802301004022e-06,0.4148911182730929,1.2524928410461517e+18,1.2524928410462897e+18,1.5357919101745596e+22,1.5357919101746044e+22,1.0630136276234377,0.43050182558611483
mpp,125.0,0.4970452066472995,4.6055847938243644e-06,0.4186895267113059,1.2524928410461517e+18,1.2524928410462584e+18,1.5357919101745596e+22,1.5357919101745608e+22,1.0630136276234372,0.43275736210849625
mpp,125.0,0.4970452066472995,4.6474735771908545e-06,0.4224975979264413,1.2524928410461606e+18,1.2524928410462495e+18,1.5357919101745596e+22,1.5357919101745608e+22,1.0630136276234372,0.4350186364936196
mpp,125.0,0.4970452066472995,4.689463924801754e-06,0.42631490225470486,1.2524928410461683e+18,1.2524928410462428e+18,1.5357919101745596e+22,1.5357919101745608e+22,1.063013627623437,0.437285393602419
mpp,125.0,0.4970452066472995,4.731551062556339e-06,0.43014100568693997,1.2524928410461683e+18,1.2524928410462172e+18,1.5357919101745596e+22,1.5357919101745281e+22,1.0630136276234363,0.4395573757155049
mpp,125.0,0.4970452066472995,4.773730170638174e-06,0.43397547005801584,1.2524928410461683e+18,1.252492841046205e+18,1.5357919101745596e+22,1.5357919101745172e+22,1.0630136276234363,0.4418343226456251
mpp,125.0,0.4970452066472995,4.8159963856436705e-06,0.4378178532403337,1.2524928410461862e+18,1.2524928410462083e+18,1.5357919101745596e+22,1.535791910174539e+22,1.0630136276234365,0.44411597185257007
mpp,125.0,0.4970452066472995,4.858344802754087e-06,0.4416677093412807,1.2524928410461862e+18,1.2524928410462318e+18,1.5357919101745596e+22,1.5357919101745608e+22,1.063013627623437,0.44640205856042386
mpp,125.0,0.4970452066472995,4.900770477948971e-06,0.4455245889044519,1.2524928410461773e+18,1.2524928410462328e+18,1.5357919101745596e+22,1.5357919101745608e+22,1.063013627623437,0.4486923158770517
mpp,125.0,0.4970452066472995,4.943268430258946e-06,0.44938803911444963,1.2524928410461773e+18,1.252492841046215e+18,1.5357919101745596e+22,1.535791910174539e+22,1.0630136276234365,0.4509864749157124
mpp,125.0,0.4970452066472995,4.985833644055812e-06,0.45325760400507387,1.2524928410461773e+18,1.2524928410462262e+18,1.5357919101745596e+22,1.53579191017455e+22,1.0630136276234368,0.45328426491868357
mpp,125.0,0.4970452066472995,5.028461071377706e-06,0.45713282467070054,1.2524928410461773e+18,1.252492841046156e+18,1.5357919101745596e+22,1.5357919101744625e+22,1.0630136276234354,0.45558541338278075
mpp,125.0,0.4970452066472995,5.071145634287101e-06,0.46101323948064554,1.2524928410461862e+18,1.252492841046174e+18,1.5357919101745596e+22,1.5357919101744952e+22,1.0630136276234357,0.457889646186649
mpp,125.0,0.4970452066472995,5.113882227259372e-06,0.4648983842963066,1.2524928410461862e+18,1.2524928410462318e+18,1.5357919101745596e+22,1.5357919101745608e+22,1.063013627623437,0.46019668771970396
mpp,125.0,0.4970452066472995,5.156665719599517e-06,0.4687877926908652,1.2524928410461862e+18,1.252492841046255e+18,1.5357919101745596e+22,1.5357919101745935e+22,1.0630136276234377,0.46250626101259357
mpp,125.0,0.4970452066472995,5.199490957884688e-06,0.47268099617133524,1.2524928410461862e+18,1.2524928410462607e+18,1.5357919101745596e+22,1.5357919101746044e+22,1.0630136276234377,0.46481808786905277
mpp,125.0,0.4970452066472995,5.242352768430057e-06,0.4765775244027325,1.2524928410461862e+18,1.2524928410462351e+18,1.5357919101745596e+22,1.5357919101745717e+22,1.0630136276234372,0.46713188899901775
mpp,125.0,0.4970452066472995,5.285245959775534e-06,0.4804769054341395,1.252492841046195e+18,1.2524928410462518e+18,1.5357919101745596e+22,1.5357919101746044e+22,1.0630136276234377,0.4694473841528663
mpp,125.0,0.4970452066472995,5.3281653251908174e-06,0.48437866592643797,1.252492841046195e+18,1.2524928410462262e+18,1.5357919101745596e+22,1.5357919101745717e+22,1.0630136276234372,0.4717642922566466
mpp,125.0,0.4970452066472995,5.371105645196191e-06,0.48828233138147187,1.252492841046195e+18,1.2524928410462228e+18,1.5357919101745596e+22,1.5357919101745608e+22,1.063013627623437,0.47408233154815826
mpp,125.0,0.4970452066472995,5.414061690096534e-06,0.4921874263724122,1.2524928410461862e+18,1.2524928410462262e+18,1.5357919101745596e+22,1.5357919101745608e+22,1.063013627623437,0.4764012197137441
mpp,125.0,0.4970452066472995,5.457028222525894e-06,0.49609347477508126,1.2524928410461862e+18,1.252492841046203e+18,1.5357919101745596e+22,1.5357919101745281e+22,1.0630136276234363,0.47872067402565427
mpp,125.0,0.4970452066472995,5.5e-06,0.5,1.2524928410461862e+18,1.2524928410461962e+18,1.5357919101745596e+22,1.5357919101745172e+22,1.0630136276234363,0.48104041147983734
mpp,125.0,0.4970452066472995,5.542971777474112e-06,0.5039065252249193,1.2524928410461862e+18,1.2524928410462006e+18,1.5357919101745596e+22,1.5357919101745281e+22,1.0630136276234363,0.48336014893402074
mpp,125.0,0.4970452066472995,5.585938309903469e-06,0.5078125736275881,1.2524928410461862e+18,1.252492841046256e+18,1.5357919101745596e+22,1.5357919101745935e+22,1.0630136276234377,0.48567960324593074
mpp,125.0,0.4970452066472995,5.628894354803809e-06,0.5117176686185281,1.2524928410461862e+18,1.2524928410461962e+18,1.5357919101745596e+22,1.5357919101745172e+22,1.0630136276234363,0.4879984914115165
mpp,125.0,0.4970452066472995,5.671834674809185e-06,0.5156213340735623,1.2524928410461862e+18,1.252492841046203e+18,1.5357919101745596e+22,1.5357919101745281e+22,1.0630136276234365,0.4903165307030282
mpp,125.0,0.4970452066472995,5.7147540402244655e-06,0.5195230945658605,1.2524928410461862e+18,1.2524928410462295e+18,1.5357919101745596e+22,1.5357919101745608e+22,1.063013627623437,0.4926334388068085
mpp,125.0,0.4970452066472995,5.757647231569949e-06,0.5234224755972681,1.2524928410461862e+18,1.2524928410462607e+18,1.5357919101745596e+22,1.5357919101746044e+22,1.0630136276234379,0.49494893396065726
mpp,125.0,0.4970452066472995,5.800509042115315e-06,0.527319003828665,1.2524928410461862e+18,1.2524928410462328e+18,1.5357919101745596e+22,1.5357919101745717e+22,1.0630136276234372,0.4972627350906221
mpp,125.0,0.4970452066472995,5.8433342804004825e-06,0.5312122073091348,1.252492841046195e+18,1.2524928410462262e+18,1.5357919101745596e+22,1.5357919101745717e+22,1.0630136276234372,0.49957456194708116
mpp,125.0,0.4970452066472995,5.8861177727406295e-06,0.5351016157036936,1.252492841046195e+18,1.252492841046285e+18,1.5357919101745596e+22,1.535791910174648e+22,1.0630136276234383,0.501884135239971
mpp,125.0,0.4970452066472995,5.928854365712899e-06,0.5389867605193545,1.2524928410461862e+18,1.2524928410462285e+18,1.5357919101745596e+22,1.5357919101745608e+22,1.0630136276234372,0.5041911767730257
mpp,125.0,0.4970452066472995,5.971538928622301e-06,0.5428671753293001,1.2524928410461862e+18,1.2524928410462006e+18,1.5357919101745596e+22,1.5357919101745281e+22,1.0630136276234363,0.5064954095768941
mpp,125.0,0.4970452066472995,6.01416635594419e-06,0.5467423959949264,1.252492841046195e+18,1.252492841046224e+18,1.5357919101745596e+22,1.5357919101745717e+22,1.0630136276234372,0.5087965580409911
mpp,125.0,0.4970452066472995,6.0567315697410535e-06,0.5506119608855503,1.2524928410461862e+18,1.2524928410462295e+18,1.5357919101745596e+22,1.5357919101745608e+22,1.063013627623437,0.511094348043962
mpp,125.0,0.4970452066472995,6.099229522051031e-06,0.5544754110955483,1.252492841046195e+18,1.2524928410462195e+18,1.5357919101745596e+22,1.5357919101745608e+22,1.063013627623437,0.513388507082623
mpp,125.0,0.4970452066472995,6.1416551972459115e-06,0.5583322906587193,1.252492841046195e+18,1.252492841046224e+18,1.5357919101745596e+22,1.5357919101745717e+22,1.0630136276234372,0.5156787643992508
mpp,125.0,0.4970452066472995,6.184003614356336e-06,0.5621821467596669,1.252492841046204e+18,1.2524928410462794e+18,1.5357919101745596e+22,1.535791910174648e+22,1.0630136276234383,0.5179648511071049
mpp,125.0,0.4970452066472995,6.226269829361829e-06,0.5660245299419845,1.252492841046204e+18,1.2524928410462205e+18,1.5357919101745596e+22,1.5357919101745717e+22,1.0630136276234372,0.5202465003140496
mpp,125.0,0.4970452066472995,6.26844893744366e-06,0.56985899431306,1.252492841046204e+18,1.2524928410462205e+18,1.5357919101745596e+22,1.5357919101745717e+22,1.0630136276234372,0.5225234472441694
mpp,125.0,0.4970452066472995,6.310536075198249e-06,0.5736850977452954,1.252492841046195e+18,1.2524928410462228e+18,1.5357919101745596e+22,1.5357919101745608e+22,1.063013627623437,0.5247954293572555
mpp,125.0,0.4970452066472995,6.352526422809144e-06,0.5775024020735586,1.252492841046204e+18,1.2524928410462285e+18,1.5357919101745596e+22,1.5357919101745826e+22,1.0630136276234372,0.5270621864660545
mpp,125.0,0.4970452066472995,6.394415206175641e-06,0.5813104732886947,1.252492841046195e+18,1.2524928410462897e+18,1.5357919101745596e+22,1.535791910174648e+22,1.0630136276234385,0.5293234608511781
mpp,125.0,0.4970452066472995,6.4361976989959805e-06,0.5851088817269073,1.252492841046195e+18,1.2524928410462318e+18,1.5357919101745596e+22,1.5357919101745826e+22,1.0630136276234372,0.5315789973735591
mpp,125.0,0.4970452066472995,6.477869224803503e-06,0.5888972022548639,1.252492841046195e+18,1.252492841046224e+18,1.5357919101745596e+22,1.5357919101745717e+22,1.063013627623437,0.5338285435843695
mpp,125.0,0.4970452066472995,6.5194251589538055e-06,0.592675014450346,1.2524928410461862e+18,1.2524928410462006e+18,1.5357919101745596e+22,1.5357919101745281e+22,1.0630136276234363,0.5360718498322925
mpp,125.0,0.4970452066472995,6.560860930561354e-06,0.5964419027783049,1.2524928410461862e+18,1.252492841046256e+18,1.5357919101745596e+22,1.5357919101745935e+22,1.0630136276234377,0.5383086693680663
mpp,125.0,0.4970452066472995,6.602172024383959e-06,0.6001974567621781,1.2524928410461862e+18,1.2524928410462006e+18,1.5357919101745596e+22,1.5357919101745281e+22,1.0630136276234363,0.5405387584462132
mpp,125.0,0.4970452066472995,6.643353982653513e-06,0.6039412711503194,1.2524928410461862e+18,1.2524928410462228e+18,1.5357919101745596e+22,1.5357919101745608e+22,1.0630136276234368,0.5427618764238686
mpp,125.0,0.4970452066472995,6.684402406851721e-06,0.6076729460774292,1.2524928410461862e+18,1.2524928410462262e+18,1.5357919101745596e+22,1.5357919101745608e+22,1.063013627623437,0.5449777858566389
mpp,125.0,0.4970452066472995,6.725312959429368e-06,0.6113920872208516,1.2524928410461862e+18,1.252492841046194e+18,1.5357919101745596e+22,1.5357919101745172e+22,1.0630136276234363,0.5471862525914134
mpp,125.0,0.4970452066472995,6.766081365467923e-06,0.6150983059516294,1.2524928410461862e+18,1.2524928410462228e+18,1.5357919101745596e+22,1.5357919101745608e+22,1.063013627623437,0.5493870458560617
mpp,125.0,0.4970452066472995,6.806703414282423e-06,0.6187912194802203,1.2524928410461862e+18,1.252492841046194e+18,1.5357919101745596e+22,1.5357919101745172e+22,1.0630136276234363,0.5515799383459624
mpp,125.0,0.4970452066472995,6.847174960964395e-06,0.6224704509967632,1.2524928410461862e+18,1.252492841046215e+18,1.5357919101745596e+22,1.53579191017455e+22,1.0630136276234368,0.5537647063072939
mpp,125.0,0.4970452066472995,6.887491927864069e-06,0.6261356298058245,1.2524928410461862e+18,1.252492841046165e+18,1.5357919101745596e+22,1.5357919101744843e+22,1.0630136276234357,0.5559411296170484
mpp,125.0,0.4970452066472995,6.92765030601084e-06,0.629786391455531,1.2524928410461862e+18,1.2524928410462195e+18,1.5357919101745596e+22,1.53579191017455e+22,1.063013627623437,0.5581089918597134
mpp,125.0,0.4970452066472995,6.967646156471268e-06,0.6334223778610244,1.2524928410461862e+18,1.252492841046194e+18,1.5357919101745596e+22,1.5357919101745172e+22,1.0630136276234363,0.5602680804005787
mpp,125.0,0.4970452066472995,7.0074756116439974e-06,0.6370432374221816,1.252492841046195e+18,1.2524928410462228e+18,1.5357919101745596e+22,1.5357919101745608e+22,1.063013627623437,0.5624181864556417
mpp,125.0,0.4970452066472995,7.047134876490855e-06,0.6406486251355323,1.252492841046195e+18,1.2524928410462195e+18,1.5357919101745596e+22,1.5357919101745608e+22,1.063013627623437,0.5645591051580635
mpp,125.0,0.4970452066472995,7.086620229703803e-06,0.6442382027003457,1.252492841046195e+18,1.2524928410461862e+18,1.5357919101745596e+22,1.5357919101745172e+22,1.0630136276234363,0.5666906356211661
mpp,125.0,0.4970452066472995,7.125928024807195e-06,0.647811638618836,1.252492841046204e+18,1.252492841046215e+18,1.5357919101745596e+22,1.5357919101745717e+22,1.063013627623437,0.5688125809979344
mpp,125.0,0.4970452066472995,7.165054691195103e-06,0.651368608290464,1.252492841046204e+18,1.2524928410462116e+18,1.5357919101745596e+22,1.5357919101745608e+22,1.063013627623437,0.570924748537014
mpp,125.0,0.4970452066472995,7.203996735103505e-06,0.6549087941003187,1.252492841046204e+18,1.252492841046215e+18,1.5357919101745596e+22,1.5357919101745717e+22,1.063013627623437,0.5730269496351929
mpp,125.0,0.4970452066472995,7.242750740517112e-06,0.6584318855015556,1.252492841046195e+18,1.252492841046215e+18,1.5357919101745596e+22,1.5357919101745608e+22,1.063013627623437,0.5751189998863543
mpp,125.0,0.4970452066472995,7.281313370010914e-06,0.6619375790919013,1.252492841046204e+18,1.2524928410462195e+18,1.5357919101745596e+22,1.5357919101745717e+22,1.0630136276234372,0.5772007191269063
mpp,125.0,0.4970452066472995,7.3196813655263815e-06,0.6654255786842165,1.252492841046204e+18,1.2524928410462438e+18,1.5357919101745596e+22,1.5357919101746044e+22,1.0630136276234377,0.5792719314776819
mpp,125.0,0.4970452066472995,7.3578515490824805e-06,0.6688955953711346,1.2524928410462116e+18,1.252492841046205e+18,1.5357919101745596e+22,1.5357919101745608e+22,1.063013627623437,0.5813324653823241
mpp,125.0,0.4970452066472995,7.3958208234218e-06,0.6723473475838,1.2524928410462116e+18,1.2524928410462006e+18,1.5357919101745596e+22,1.5357919101745608e+22,1.063013627623437,0.5833821536421626
mpp,125.0,0.4970452066472995,7.433586172591901e-06,0.6757805611447183,1.2524928410462116e+18,1.2524928410461727e+18,1.5357919101745596e+22,1.5357919101745281e+22,1.0630136276234363,0.5854208334475994
mpp,125.0,0.4970452066472995,7.471144662462482e-06,0.6791949693147711,1.2524928410462205e+18,1.2524928410462195e+18,1.5357919101745596e+22,1.5357919101745935e+22,1.0630136276234374,0.5874483464060254
mpp,125.0,0.4970452066472995,7.508493441178631e-06,0.6825903128344211,1.2524928410462205e+18,1.2524928410461583e+18,1.5357919101745596e+22,1.5357919101745172e+22,1.063013627623436,0.5894645385662882
mpp,125.0,0.4970452066472995,7.545629739550777e-06,0.6859663399591616,1.2524928410462385e+18,1.252492841046136e+18,1.5357919101745596e+22,1.5357919101745172e+22,1.063013627623436,0.5914692604397435
mpp,125.0,0.4970452066472995,7.5825508713819604e-06,0.6893228064892691,1.252492841046264e+18,1.2524928410461437e+18,1.5357919101745596e+22,1.5357919101745608e+22,1.0630136276234368,0.5934623670179213
mpp,125.0,0.4970452066472995,7.619254233732998e-06,0.692659475793909,1.2524928410462907e+18,1.2524928410461217e+18,1.5357919101745596e+22,1.5357919101745608e+22,1.0630136276234368,0.5954437177868412
mpp,125.0,0.4970452066472995,7.655737307126428e-06,0.6959761188296754,1.252492841046334e+18,1.252492841046075e+18,1.5357919101745596e+22,1.5357919101745608e+22,1.0630136276234363,0.5974131767380206
mpp,125.0,0.4970452066472995,7.691997655689884e-06,0.6992725141536258,1.252492841046394e+18,1.252492841046018e+18,1.5357919101745596e+22,1.5357919101745608e+22,1.0630136276234363,0.5993706123762158
mpp,125.0,0.4970452066472995,7.72803292723985e-06,0.7025484479308954,1.252492841046481e+18,1.2524928410459346e+18,1.5357919101745596e+22,1.5357919101745608e+22,1.063013627623436,0.6013158977239427
mpp,125.0,0.4970452066472995,7.763840853306769e-06,0.705803713936979,1.2524928410465943e+18,1.2524928410458232e+18,1.5357919101745596e+22,1.5357919101745717e+22,1.0630136276234357,0.6032489103228318
mpp,125.0,0.4970452066472995,7.799419249102351e-06,0.7090381135547592,1.2524928410467423e+18,1.2524928410456655e+18,1.5357919101745596e+22,1.5357919101745608e+22,1.0630136276234348,0.6051695322318642
mpp,125.0,0.4970452066472995,7.834766013430272e-06,0.7122514557663884,1.2524928410469594e+18,1.2524928410454108e+18,1.5357919101745596e+22,1.535791910174506e+22,1.0630136276234332,0.6070776500225508
mpp,125.0,0.4970452066472995,7.869879128541244e-06,0.7154435571401131,1.2524928410472617e+18,1.2524928410451226e+18,1.5357919101745596e+22,1.5357919101745281e+22,1.0630136276234323,0.6089731547711079
mpp,125.0,0.4970452066472995,7.904756659933636e-06,0.7186142418121487,1.2524928410476956e+18,1.2524928410447455e+18,1.5357919101745596e+22,1.5357919101746044e+22,1.063013627623432,0.6108559420476952
mpp,125.0,0.4970452066472995,7.939396756100872e-06,0.7217633414637157,1.2524928410482775e+18,1.2524928410440768e+18,1.5357919101745596e+22,1.5357919101744843e+22,1.063013627623428,0.6127259119027785
mpp,125.0,0.4970452066472995,7.973797648226734e-06,0.7248906952933395,1.2524928410490929e+18,1.252492841043324e+18,1.5357919101745596e+22,1.5357919101745717e+22,1.0630136276234263,0.6145829688506823
mpp,125.0,0.4970452066472995,8.007957649829948e-06,0.7279961499845407,1.2524928410502118e+18,1.2524928410422167e+18,1.5357919101745596e+22,1.5357919101745826e+22,1.0630136276234226,0.6164270218504033
mpp,125.0,0.4970452066472995,8.041875156359268e-06,0.7310795596690244,1.252492841051748e+18,1.252492841040686e+18,1.5357919101745596e+22,1.5357919101745826e+22,1.063013627623417,0.6182579842837521
mpp,125.0,0.4970452066472995,8.075548644740435e-06,0.734140785885494,1.2524928410538486e+18,1.252492841038596e+18,1.5357919101745596e+22,1.5357919101746044e+22,1.0630136276234097,0.6200757739308961
mpp,125.0,0.4970452066472995,8.108976672876405e-06,0.7371796975342186,1.252492841056721e+18,1.252492841035737e+18,1.5357919101745596e+22,1.5357919101746154e+22,1.0630136276233992,0.621880312943382
mpp,125.0,0.4970452066472995,8.142157879102152e-06,0.7401961708274685,1.2524928410606267e+18,1.252492841031838e+18,1.5357919101745596e+22,1.5357919101746263e+22,1.0630136276233852,0.6236715278147034
mpp,125.0,0.4970452066472995,8.175090981595591e-06,0.7431900892359629,1.252492841065954e+18,1.2524928410265326e+18,1.5357919101745596e+22,1.535791910174659e+22,1.063013627623366,0.6254493493485017
mpp,125.0,0.4970452066472995,8.207774777745935e-06,0.7461613434314487,1.2524928410731827e+18,1.2524928410193042e+18,1.5357919101745596e+22,1.535791910174659e+22,1.0630136276233397,0.6272137126244687
mpp,125.0,0.4970452066472995,8.240208143481032e-06,0.7491098312255484,1.2524928410829632e+18,1.2524928410095514e+18,1.5357919101745596e+22,1.5357919101746917e+22,1.0630136276233044,0.628964556962034
mpp,125.0,0.4970452066472995,8.272390032555152e-06,0.7520354575050139,1.2524928410961802e+18,1.2524928409964288e+18,1.5357919101745596e+22,1.5357919101748007e+22,1.0630136276232578,0.6307018258819194
mpp,125.0,0.4970452066472995,8.304319475798637e-06,0.7549381341635124,1.2524928411139779e+18,1.2524928409786688e+18,1.5357919101745596e+22,1.5357919101748555e+22,1.0630136276231936,0.6324254670656327
mpp,125.0,0.4970452066472995,8.335995580331038e-06,0.7578177800300944,1.252492841137903e+18,1.252492840954855e+18,1.5357919101745596e+22,1.5357919101749863e+22,1.063013627623108,0.6341354323129926
mpp,125.0,0.4970452066472995,8.367417528739142e-06,0.7606743207944675,1.2524928411699502e+18,1.252492840922938e+18,1.5357919101745596e+22,1.5357919101751501e+22,1.0630136276229933,0.6358316774977566
mpp,125.0,0.4970452066472995,8.398584578221425e-06,0.7635076889292205,1.2524928412128115e+18,1.2524928408802906e+18,1.5357919101745596e+22,1.535791910175401e+22,1.063013627622841,0.6375141625214383
mpp,125.0,0.4970452066472995,8.429496059700524e-06,0.7663178236091386,1.2524928412699638e+18,1.2524928408233582e+18,1.5357919101745596e+22,1.5357919101756738e+22,1.0630136276226358,0.6391828512653988
mpp,125.0,0.4970452066472995,8.460151376905108e-06,0.769104670627737,1.2524928413459901e+18,1.2524928407476444e+18,1.5357919101745596e+22,1.5357919101760666e+22,1.0630136276223638,0.6408377115412851
mpp,125.0,0.4970452066472995,8.490550005422808e-06,0.7718681823111644,1.2524928414468716e+18,1.252492840647196e+18,1.5357919101745596e+22,1.5357919101765904e+22,1.0630136276220032,0.6424787150399097
mpp,125.0,0.4970452066472995,8.520691491725621e-06,0.774608317429602,1.2524928415803894e+18,1.252492840514273e+18,1.5357919101745596e+22,1.5357919101773324e+22,1.0630136276215263,0.6441058372786428
mpp,125.0,0.4970452066472995,8.550575452169292e-06,0.7773250411062993,1.2524928417566461e+18,1.2524928403387382e+18,1.5357919101745596e+22,1.5357919101782055e+22,1.0630136276208955,0.6457190575474013
mpp,125.0,0.4970452066472995,8.58020157196826e-06,0.7800183247243873,1.2524928419887552e+18,1.252492840107623e+18,1.5357919101745596e+22,1.5357919101794277e+22,1.0630136276200657,0.6473183588533235
mpp,125.0,0.4970452066472995,8.609569604147534e-06,0.782688145831594,1.2524928422936184e+18,1.2524928398040799e+18,1.5357919101745596e+22,1.5357919101810427e+22,1.063013627618976,0.6489037278641941
mpp,125.0,0.4970452066472995,8.638679368473076e-06,0.7853344880430069,1.2524928426930447e+18,1.2524928394063613e+18,1.5357919101745596e+22,1.535791910183138e+22,1.0630136276175481,0.6504751548507189
mpp,125.0,0.4970452066472995,8.667530750362075e-06,0.7879573409420069,1.252492843215029e+18,1.252492838886565e+18,1.5357919101745596e+22,1.5357919101858223e+22,1.063013627615681,0.6520326336277108
mpp,125.0,0.4970452066472995,8.69612369977458e-06,0.7905566999795073,1.2524928438954634e+18,1.2524928382090632e+18,1.5357919101745596e+22,1.5357919101894236e+22,1.0630136276132487,0.6535761614942766
mpp,125.0,0.4970452066472995,8.724458230087965e-06,0.7931325663716332,1.2524928447801856e+18,1.2524928373281108e+18,1.5357919101745596e+22,1.5357919101940505e+22,1.0630136276100854,0.6551057391730811
mpp,125.0,0.4970452066472995,8.752534416955517e-06,0.7956849469959562,1.2524928459276045e+18,1.2524928361855767e+18,1.5357919101745596e+22,1.5357919102000305e+22,1.0630136276059827,0.6566213707487603
mpp,125.0,0.4970452066472995,8.78035239715068e-06,0.7982138542864254,1.2524928474119775e+18,1.2524928347074916e+18,1.5357919101745596e+22,1.5357919102077346e+22,1.0630136276006745,0.6581230636055658
mpp,125.0,0.4970452066472995,8.807912367398168e-06,0.8007193061271062,1.2524928493273828e+18,1.2524928328002516e+18,1.5357919101745596e+22,1.5357919102177523e+22,1.0630136275938262,0.659610828364312
mpp,125.0,0.4970452066472995,8.835214583193402e-06,0.8032013257448547,1.252492851792749e+18,1.2524928303454077e+18,1.5357919101745596e+22,1.5357919102306617e+22,1.0630136275850115,0.6610846788187005
mpp,125.0,0.4970452066472995,8.862259357611531e-06,0.8056599416010484,1.2524928549579464e+18,1.2524928271937454e+18,1.5357919101745596e+22,1.5357919102472485e+22,1.0630136275736954,0.6625446318710984
mpp,125.0,0.4970452066472995,8.889047060107317e-06,0.8080951872824834,1.2524928590114148e+18,1.252492823157589e+18,1.5357919101745596e+22,1.5357919102684734e+22,1.0630136275592028,0.6639907074678367
mpp,125.0,0.4970452066472995,8.91557811530719e-06,0.8105071013915627,1.2524928641893658e+18,1.2524928180017234e+18,1.5357919101745596e+22,1.5357919102955581e+22,1.0630136275406894,0.6654229285341079
mpp,125.0,0.4970452066472995,8.941853001794646e-06,0.8128957274358769,1.2524928707871347e+18,1.2524928114321436e+18,1.5357919101745596e+22,1.5357919103301288e+22,1.0630136275171007,0.6668413209085247
mpp,125.0,0.4970452066472995,8.967872250890245e-06,0.815261113717295,1.2524928791729874e+18,1.2524928030821844e+18,1.5357919101745596e+22,1.5357919103741386e+22,1.0630136274871205,0.6682459132774169
mpp,125.0,0.4970452066472995,8.99363644542737e-06,0.8176033132206699,1.2524928898048284e+18,1.2524927924958003e+18,1.5357919101745596e+22,1.5357919104298685e+22,1.0630136274491093,0.6696367371089327
mpp,125.0,0.4970452066472995,9.019146218524843e-06,0.8199223835022585,1.2524929032506117e+18,1.252492779107498e+18,1.5357919101745596e+22,1.535791910500363e+22,1.0630136274010378,0.6710138265870103
mpp,125.0,0.4970452066472995,9.044402252357615e-06,0.8222183865779651,1.2524929202128146e+18,1.2524927622178668e+18,1.5357919101745596e+22,1.5357919105893433e+22,1.0630136273403954,0.6723772185452922
mpp,125.0,0.4970452066472995,9.069405276926494e-06,0.8244913888114995,1.2524929415579858e+18,1.2524927409640456e+18,1.5357919101745596e+22,1.5357919107013488e+22,1.063013627264084,0.6737269524010462
mpp,125.0,0.4970452066472995,9.094156068828025e-06,0.8267414608025477,1.2524929683522565e+18,1.2524927142845732e+18,1.5357919101745596e+22,1.5357919108421086e+22,1.063013627168294,0.6750630700891587
mpp,125.0,0.4970452066472995,9.118655450025574e-06,0.8289686772750522,1.2524930019037985e+18,1.2524926808767444e+18,1.5357919101745596e+22,1.535791911018312e+22,1.0630136270483455,0.6763856159962748
mpp,125.0,0.4970452066472995,9.142904286622484e-06,0.8311731169656804,1.2524930438135634e+18,1.252492639146598e+18,1.5357919101745596e+22,1.5357919112385471e+22,1.0630136268985186,0.6776946368951409
mpp,125.0,0.4970452066472995,9.166903487638408e-06,0.8333548625125826,1.2524930960356006e+18,1.2524925871483666e+18,1.5357919101745596e+22,1.535791911512952e+22,1.063013626711825,0.6789901818792291
mpp,125.0,0.4970452066472995,9.190654003789586e-06,0.8355140003445078,1.2524931609487327e+18,1.2524925225135826e+18,1.5357919101745596e+22,1.5357919118542173e+22,1.0630136264797638,0.6802723022977006
mpp,125.0,0.4970452066472995,9.21415682627406e-06,0.8376506205703691,1.2524932414412434e+18,1.2524924423664484e+18,1.5357919101745596e+22,1.5357919122776641e+22,1.0630136261920118,0.6815410516907844
mpp,125.0,0.4970452066472995,9.237412985562645e-06,0.8397648168693314,1.2524933410109007e+18,1.2524923432240727e+18,1.5357919101745596e+22,1.535791912801495e+22,1.0630136258360618,0.6827964857256376
mpp,125.0,0.4970452066472995,9.260423550196446e-06,0.8418566863814951,1.2524934638825684e+18,1.252492220879868e+18,1.5357919101745596e+22,1.5357919134481344e+22,1.0630136253968139,0.6840386621327599
mpp,125.0,0.4970452066472995,9.283189625591765e-06,0.8439263295992514,1.2524936151461778e+18,1.2524920702658693e+18,1.5357919101745596e+22,1.535791914244482e+22,1.0630136248560735,0.6852676406430347
mpp,125.0,0.4970452066472995,9.30571235285309e-06,0.8459738502593718,1.2524938009180444e+18,1.2524918852920696e+18,1.5357919101745596e+22,1.535791915222751e+22,1.063013624191977,0.6864834829254711
mpp,125.0,0.4970452066472995,9.32799290759491e-06,0.8479993552359009,1.2524940285290125e+18,1.2524916586592548e+18,1.5357919101745596e+22,1.53579191642167e+22,1.063013623378321,0.6876862525257249
mpp,125.0,0.4970452066472995,9.350032498773084e-06,0.8500029544339167,1.2524943067433055e+18,1.2524913816409923e+18,1.5357919101745596e+22,1.5357919178874969e+22,1.063013622383776,0.6888760148054809
mpp,125.0,0.4970452066472995,9.371832367526334e-06,0.8519847606842121,1.2524946460120968e+18,1.2524910438312748e+18,1.5357919101745596e+22,1.5357919196755249e+22,1.0630136211709864,0.6900528368827744
mpp,125.0,0.4970452066472995,9.393393786028557e-06,0.8539448896389596,1.2524950587668247e+18,1.2524906328524465e+18,1.5357919101745596e+22,1.5357919218514908e+22,1.063013619695518,0.6912167875733456
mpp,125.0,0.4970452066472995,9.414718056352513e-06,0.8558834596684103,1.2524955597572518e+18,1.252490134018459e+18,1.5357919101745596e+22,1.535791924493277e+22,1.0630136179046474,0.692367937333112
mpp,125.0,0.4970452066472995,9.43580650934544e-06,0.8578005917586763,1.2524961664400366e+18,1.2524895299482365e+18,1.5357919101745596e+22,1.5357919276932025e+22,1.0630136157359786,0.6935063582018544
mpp,125.0,0.4970452066472995,9.456660503517164e-06,0.8596964094106513,1.2524968994242417e+18,1.2524888001221123e+18,1.5357919101745596e+22,1.5357919315603266e+22,1.0630136131158494,0.6946321237482216
mpp,125.0,0.4970452066472995,9.477281423941145e-06,0.8615710385401041,1.2524977829803267e+18,1.252487920374916e+18,1.5357919101745596e+22,1.5357919362229907e+22,1.0630136099575098,0.6957453090161482
mpp,125.0,0.4970452066472995,9.497670681168985e-06,0.8634246073789986,1.252498845620477e+18,1.2524868623184627e+18,1.5357919101745596e+22,1.5357919418321251e+22,1.0630136061590512,0.6968459904728047
mpp,125.0,0.4970452066472995,9.517829710158777e-06,0.8652572463780707,1.2525001207579917e+18,1.2524855926848996e+18,1.5357919101745596e+22,1.5357919485645006e+22,1.0630136016010474,0.6979342459581871
mpp,125.0,0.4970452066472995,9.537759969217746e-06,0.8670690881107043,1.2525016474546015e+18,1.2524840725829386e+18,1.5357919101745596e+22,1.535791956626832e+22,1.0630135961438854,0.6990101546364698
mpp,125.0,0.4970452066472995,9.557462938959565e-06,0.8688602671781422,1.2525034712650094e+18,1.2524822566571436e+18,1.5357919101745596e+22,1.5357919662603065e+22,1.0630135896247488,0.700073796949248
mpp,125.0,0.4970452066472995,9.576940121276638e-06,0.870630920116058,1.2525056451885448e+18,1.2524800921407913e+18,1.5357919101745596e+22,1.5357919777456143e+22,1.063013581854218,0.7011252545707972
mpp,125.0,0.4970452066472995,9.596193038327769e-06,0.8723811853025245,1.252508230738655e+18,1.252477517791144e+18,1.5357919101745596e+22,1.535791991408438e+22,1.0630135726124454,0.7021646103654928
mpp,125.0,0.4970452066472995,9.61522323154144e-06,0.8741112028674036,1.252511299141229e+18,1.252474462697144e+18,1.5357919101745596e+22,1.5357920076260098e+22,1.0630135616448786,0.7031919483475244
mpp,125.0,0.4970452066472995,9.634032260634972e-06,0.8758211146031794,1.2525149326737633e+18,1.2524708449466307e+18,1.5357919101745596e+22,1.5357920268341194e+22,1.063013548657475,0.7042073536430601
mpp,125.0,0.4970452066472995,9.652621702649905e-06,0.8775110638772642,1.2525192261576666e+18,1.2524665701416837e+18,1.5357919101745596e+22,1.5357920495351655e+22,1.0630135333113744,0.70521091245501
mpp,125.0,0.4970452066472995,9.67099315100368e-06,0.879181195545789,1.252524288616229e+18,1.2524615297488965e+18,1.5357919101745596e+22,1.5357920763065701e+22,1.0630135152169733,0.706202712030542
mpp,125.0,0.4970452066472995,9.689148214557948e-06,0.8808316558689044,1.2525302451121684e+18,1.2524555992718902e+18,1.5357919101745596e+22,1.535792107810927e+22,1.0630134939273697,0.707182840631519
mpp,125.0,0.4970452066472995,9.707088516703606e-06,0.8824625924276005,1.252537238777968e+18,1.2524486362320643e+18,1.5357919101745596e+22,1.5357921448064887e+22,1.063013468931112,0.7081513875080138
mpp,125.0,0.4970452066472995,9.724815694462743e-06,0.8840741540420676,1.2525454330531459e+18,1.2524404779442678e+18,1.5357919101745596e+22,1.5357921881591265e+22,1.0630134396442172,0.709108442875071
mpp,125.0,0.4970452066472995,9.742331397607624e-06,0.8856664906916023,1.252555014142841e+18,1.2524309390730678e+18,1.5357919101745596e+22,1.5357922388551857e+22,1.0630134054013982,0.7100540978928832
mpp,125.0,0.4970452066472995,9.759637287796798e-06,0.8872397534360725,1.2525661937118351e+18,1.2524198089559524e+18,1.5357919101745596e+22,1.5357922980157148e+22,1.063013365446455,0.7109884446505448
mpp,125.0,0.4970452066472995,9.776735037728463e-06,0.8887940943389513,1.252579211828481e+18,1.2524068486795323e+18,1.5357919101745596e+22,1.5357923669120492e+22,1.063013318921782,0.7119115761535559
mpp,125.0,0.4970452066472995,9.793626330311123e-06,0.8903296663919203,1.2525943401727808e+18,1.2523917878947098e+18,1.5357919101745596e+22,1.5357924469825402e+22,1.063013264856934,0.7128235863152308
mpp,125.0,0.4970452066472995,9.810312857851599e-06,0.8918466234410545,1.2526118855225016e+18,1.2523743213580705e+18,1.5357919101745596e+22,1.5357925398508e+22,1.0630132021562133,0.7137245699521775
mpp,125.0,0.4970452066472995,9.826796321260428e-06,0.8933451201145843,1.2526321935306824e+18,1.2523541051866447e+18,1.5357919101745596e+22,1.5357926473455855e+22,1.063013129585229,0.7146146227839925
mpp,125.0,0.4970452066472995,9.843078429274643e-06,0.8948253117522403,1.2526556528079117e+18,1.2523307528137388e+18,1.5357919101745596e+22,1.5357927715219236e+22,1.0630130457563778,0.7154938414373212
mpp,125.0,0.4970452066472995,9.859160897697999e-06,0.8962873543361817,1.2526826993210143e+18,1.2523038306355387e+18,1.5357919101745596e+22,1.5357929146840074e+22,1.063012949113223,0.7163623234544145
mpp,125.0,0.4970452066472995,9.875045448658508e-06,0.8977314044235007,1.2527138211197292e+18,1.252272853338183e+18,1.5357919101745596e+22,1.5357930794094648e+22,1.0630128379137178,0.717220167306302
mpp,125.0,0.4970452066472995,9.890733809883394e-06,0.8991576190803086,1.252749563401417e+18,1.2522372788974648e+18,1.5357919101745596e+22,1.535793268575397e+22,1.0630127102122617,0.7180674724106924
mpp,125.0,0.4970452066472995,9.906227713991289e-06,0.9005661558173899,1.2527905339225902e+18,1.2521965032442378e+18,1.5357919101745596e+22,1.535793485385877e+22,1.063012563840553,0.7189043391546884
mpp,125.0,0.4970452066472995,9.921528897801673e-06,0.9019571725274248,1.25283740876456e+18,1.2521498545913464e+18,1.5357919101745596e+22,1.5357937334011436e+22,1.0630123963872284,0.7197308689223867
mpp,125.0,0.4970452066472995,9.9366391016615e-06,0.9033308274237727,1.2528909384589097e+18,1.2520965874192543e+18,1.5357919101745596e+22,1.5357940165682854e+22,1.0630122051762778,0.7205471641274162
mpp,125.0,0.4970452066472995,9.951560068788844e-06,0.904687278980804,1.2529519544764137e+18,1.2520358761208415e+18,1.5357919101745596e+22,1.535794339253218e+22,1.063011987244236,0.7213533282504349
mpp,125.0,0.4970452066472995,9.966293544633558e-06,0.906026685875778,1.2530213760812961e+18,1.2519668083083837e+18,1.5357919101745596e+22,1.5357947062742287e+22,1.0630117393161653,0.7221494658815898
mpp,125.0,0.4970452066472995,9.980841276254737e-06,0.9073492069322489,1.2531002175501601e+18,1.2518883777885443e+18,1.5357919101745596e+22,1.5357951229364848e+22,1.0630114577804406,0.7229356827679078
mpp,125.0,0.4970452066472995,9.995205011714939e-06,0.9086550010649945,1.2531895957526513e+18,1.2517994772155397e+18,1.5357919101745596e+22,1.535795595067926e+22,1.0630111386623908,0.7237120858655557
mpp,125.0,0.4970452066472995,1.0009386499490995e-05,0.9099442272264542,1.253290738088728e+18,1.251698890434951e+18,1.5357919101745596e+22,1.5357961290555513e+22,1.063010777596821,0.7244787833968842
mpp,125.0,0.4970452066472995,1.0023387487901238e-05,0.911217044354658,1.253404990774046e+18,1.2515852845364332e+18,1.5357919101745596e+22,1.5357967318827223e+22,1.0630103697995006,0.725235884912117
mpp,125.0,0.4970452066472995,1.0037209724549056e-05,0.9124736113226415,1.253533827462892e+18,1.2514572016363988e+18,1.5357919101745596e+22,1.5357974111664206e+22,1.0630099100376786,0.7259835013555305
mpp,125.0,0.4970452066472995,1.005085495578256e-05,0.9137140868893237,1.2536788581948838e+18,1.2513130504173501e+18,1.5357919101745596e+22,1.5357981751944988e+22,1.0630093925997308,0.726721745135914
mpp,125.0,0.4970452066472995,1.0064324926170204e-05,0.9149386296518368,1.253841838648927e+18,1.2511510974550492e+18,1.5357919101745596e+22,1.535799032962406e+22,1.0630088112640488,0.7274507302010749
mpp,125.0,0.4970452066472995,1.0077621377992197e-05,0.9161473979992907,1.2540246796846904e+18,1.250969458370307e+18,1.5357919101745596e+22,1.5357999942088677e+22,1.063008159267304,0.728170572116096
mpp,125.0,0.4970452066472995,1.009074605074749e-05,0.9173405500679536,1.2542294571495055e+18,1.2507660888470746e+18,1.5357919101745596e+22,1.5358010694498985e+22,1.0630074292722351,0.7288813881450313
mpp,125.0,0.4970452066472995,1.0103700680676184e-05,0.918518243697835,1.2544584219249597e+18,1.2505387755650778e+18,1.5357919101745596e+22,1.5358022700106644e+22,1.0630066133351395,0.7295832973356635
mpp,125.0,0.4970452066472995,1.0116487000297136e-05,0.9196806363906487,1.2547140101854062e+18,1.2502851271003244e+18,1.5357919101745596e+22,1.5358036080543048e+22,1.0630057028732527,0.7302764206069199
mpp,125.0,0.4970452066472995,1.012910673796053e-05,0.9208278852691392,1.2549988538370883e+18,1.2500025648536663e+18,1.5357919101745596e+22,1.5358050966068477e+22,1.063004688632242,0.7309608808384899
mpp,125.0,0.4970452066472995,1.0141561617415305e-05,0.921960147037755,1.25531579110485e+18,1.2496883140733763e+18,1.5357919101745596e+22,1.5358067495774257e+22,1.0630035606540456,0.7316368029621572
mpp,125.0,0.4970452066472995,1.0153853357391072e-05,0.923077577944643,1.2556678772302413e+18,1.249339395044736e+18,1.5357919101745596e+22,1.5358085817728732e+22,1.063002308245332,0.732304314054305
mpp,125.0,0.4970452066472995,1.0165983671194466e-05,0.9241803337449515,1.2560583952431068e+18,1.2489526145251807e+18,1.5357919101745596e+22,1.5358106089052887e+22,1.0630009199468518,0.732963543429027
mpp,125.0,0.4970452066472995,1.0177954266319582e-05,0.9252685696654166,1.2564908667667261e+18,1.2485245575109458e+18,1.5357919101745596e+22,1.5358128475914042e+22,1.062999383504007,0.7336146227312291
mpp,125.0,0.4970452066472995,1.0189766844072332e-05,0.9263424403702121,1.2569690628148186e+18,1.2480515794269868e+18,1.5357919101745596e+22,1.5358153153426724e+22,1.0629976858389611,0.7342576860290765
mpp,125.0,0.4970452066472995,1.020142309920849e-05,0.9274020999280446,1.2574970145374538e+18,1.2475297988387684e+18,1.5357919101745596e+22,1.535818030544477e+22,1.062995813024662,0.7348928699051049
mpp,125.0,0.4970452066472995,1.0212924719585172e-05,0.9284477017804702,1.2580790238720302e+18,1.2469550907897285e+18,1.5357919101745596e+22,1.5358210124227967e+22,1.0629937502611448,0.7355203135452905
mpp,125.0,0.4970452066472995,1.0224273385825546e-05,0.9294793987114133,1.258719674054671e+18,1.2463230808751345e+18,1.5357919101745596e+22,1.5358242809970266e+22,1.062991481854531,0.7361401588253337
mpp,125.0,0.4970452066472995,1.0235470770996504e-05,0.930497342817864,1.2594238399474452e+18,1.2456291401673477e+18,1.5357919101745596e+22,1.5358278570168805e+22,1.0629889911991415,0.7367525503934057
mpp,125.0,0.4970452066472995,1.0246518540299081e-05,0.9315016854817346,1.2601966981369452e+18,1.2448683811129539e+18,1.5357919101745596e+22,1.5358317618818372e+22,1.0629862607631695,0.7373576357485749
mpp,125.0,0.4970452066472995,1.0257418350771382e-05,0.932492577342853,1.2610437367602537e+18,1.2440356545265646e+18,1.5357919101745596e+22,1.5358360175413081e+22,1.062983272078384,0.7379555653141202
mpp,125.0,0.4970452066472995,1.0268171851003767e-05,0.9334701682730697,1.2619707650158766e+18,1.2431255478087196e+18,1.5357919101745596e+22,1.5358406463735829e+22,1.0629800057343286,0.7385464925049323
mpp,125.0,0.4970452066472995,1.0278780680866053e-05,0.9344346073514593,1.2629839223183055e+18,1.242132384518924e+18,1.5357919101745596e+22,1.5358456710417833e+22,1.06297644137752,0.7391305737881914
mpp,125.0,0.4970452066472995,1.0289246471246506e-05,0.9353860428405916,1.2640896870575437e+18,1.241050225434967e+18,1.5357919101745596e+22,1.5358511143248405e+22,1.0629725577161333,0.7397079687365208
mpp,125.0,0.4970452066472995,1.029957084380237e-05,0.9363246221638519,1.2652948849268467e+18,1.2398728712314353e+18,1.5357919101745596e+22,1.5358569989220747e+22,1.0629683325306971,0.7402788400728136
mpp,125.0,0.4970452066472995,1.030975541072169e-05,0.9372504918837901,1.2666066967854313e+18,1.2385938669076257e+18,1.5357919101745596e+22,1.5358633472295732e+22,1.0629637426912908,0.7408433537059499
mpp,125.0,0.4970452066472995,1.0319801774496192e-05,0.938163797681472,1.2680326660260457e+18,1.2372065080934254e+18,1.5357919101745596e+22,1.5358701810869275e+22,1.062958764181761,0.7414016787566311
mpp,125.0,0.4970452066472995,1.0329711527704998e-05,0.939064684336818,1.2695807054214152e+18,1.2357038493567933e+18,1.5357919101745596e+22,1.5358775214935384e+22,1.062953372131453,0.7419539875725973
mpp,125.0,0.4970452066472995,1.03394862528089e-05,0.9399532957099002,1.271259103427666e+18,1.234078714630161e+18,1.5357919101745596e+22,1.5358853882934282e+22,1.0629475408549405,0.7425004557325089
mpp,125.0,0.4970452066472995,1.0349127521954981e-05,0.9408297747231802,1.2730765299276383e+18,1.23232370986503e+18,1.5357919101745596e+22,1.5358937998285255e+22,1.0629412439002268,0.7430412620378214
mpp,125.0,0.4970452066472995,1.0358636896791337e-05,0.941694263344667,1.275042041401988e+18,1.230431238013167e+18,1.5357919101745596e+22,1.5359027725605334e+22,1.0629344541058532,0.7435765884920279
mpp,125.0,0.4970452066472995,1.0368015928291665e-05,0.9425469025719695,1.277165085521326e+18,1.228393516420486e+18,1.5357919101745596e+22,1.5359123206628587e+22,1.0629271436673382,0.7441066202666836
mpp,125.0,0.4970452066472995,1.0377266156589495e-05,0.9433878324172269,1.2794555051581614e+18,1.2262025967044265e+18,1.5357919101745596e+22,1.5359224555842663e+22,1.0629192842133126,0.7446315456536956
mpp,125.0,0.4970452066472995,1.0386389110821806e-05,0.9442171918928914,1.2819235418233833e+18,1.223850387168238e+18,1.5357919101745596e+22,1.535933185587964e+22,1.0629108468917003,0.7451515560034168
mpp,125.0,0.4970452066472995,1.0395386308981809e-05,0.9450351189983464,1.2845798385379436e+18,1.221328677785701e+18,1.5357919101745596e+22,1.535944515270285e+22,1.0629018024662233,0.7456668456481552
mpp,125.0,0.4970452066472995,1.0404259257780694e-05,0.9458417507073358,1.287435442156254e+18,1.2186291677682353e+18,1.5357919101745596e+22,1.5359564450661354e+22,1.0628921214234819,0.7461776118107817
mpp,125.0,0.4970452066472995,1.0413009452518051e-05,0.9466372229561866,1.2905018051641646e+18,1.2157434957012797e+18,1.5357919101745596e+22,1.5359689707491917e+22,1.0628817740907914,0.7466840544982002
mpp,125.0,0.4970452066472995,1.0421638376960825e-05,0.9474216706328022,1.2937907869806136e+18,1.2126632722113728e+18,1.5357919101745596e+22,1.535982082939129e+22,1.062870730764923,0.747186376379533
mpp,125.0,0.4970452066472995,1.0430147503230494e-05,0.9481952275664085,1.2973146547974748e+18,1.2093801150968655e+18,1.5357919101745596e+22,1.5359957666302435e+22,1.0628589618518263,0.7476847826489544
mpp,125.0,0.4970452066472995,1.0438538291698319e-05,0.9489580265180291,1.3010860839990236e+18,1.2058856868258655e+18,1.5357919101745596e+22,1.5360100007610367e+22,1.0628464380173885,0.7481794808732101
mpp,125.0,0.4970452066472995,1.044681219088843e-05,0.9497101991716755,1.3051181582063127e+18,1.2021717342754732e+18,1.5357919101745596e+22,1.53602475784879e+22,1.0628331303492409,0.7486706808239444
mpp,125.0,0.4970452066472995,1.0454970637388493e-05,0.9504518761262266,1.309424368999093e+18,1.19823013055448e+18,1.5357919101745596e+22,1.536040003720126e+22,1.0628190105296031,0.7491585942950677
mpp,125.0,0.4970452066472995,1.0463015055767816e-05,0.9511831868879833,1.3140186153714563e+18,1.1940529187221916e+18,1.5357919101745596e+22,1.536055697376264e+22,1.062804051019165,0.7496434349054877
mpp,125.0,0.4970452066472995,1.0470946858502635e-05,0.951904259863876,1.318915202982e+18,1.1896323571858757e+18,1.5357919101745596e+22,1.5360717910408969e+22,1.0627882252520242,0.7501254178876351
mpp,125.0,0.4970452066472995,1.0478767445908384e-05,0.9526152223553077,1.3241288432637868e+18,1.1849609665308703e+18,1.5357919101745596e+22,1.5360882304497794e+22,1.0627715078417594,0.7506047598623161
mpp,125.0,0.4970452066472995,1.0486478206078759e-05,0.9533162005526145,1.3296746524627095e+18,1.180031577511731e+18,1.5357919101745596e+22,1.5361049554560997e+22,1.0627538747988083,0.7510816786005208
mpp,125.0,0.4970452066472995,1.0494080514831359e-05,0.9540073195301236,1.3355681506744937e+18,1.174837379908748e+18,1.5357919101745596e+22,1.536121901037925e+22,1.0627353037594511,0.7515563927729193
mpp,125.0,0.4970452066472995,1.0501575735659735e-05,0.9546887032417941,1.3418252609546747e+18,1.1693719719342712e+18,1.5357919101745596e+22,1.5361389988155406e+22,1.0627157742268687,0.7520291216878717
mpp,125.0,0.4970452066472995,1.0508965219691605e-05,0.9553604745174187,1.3484623085749148e+18,1.1636294098564413e+18,1.5357919101745596e+22,1.536156179202079e+22,1.062695267824954,0.7525000850188669
mpp,125.0,0.4970452066472995,1.05162503056531e-05,0.9560227550593727,1.3554960205016184e+18,1.1576042574946995e+18,1.5357919101745596e+22,1.5361733743345045e+22,1.0626737685657812,0.752969502522399
mpp,125.0,0.4970452066472995,1.052343231983881e-05,0.9566756654398918,1.3629435251707976e+18,1.1512916352318534e+18,1.5357919101745596e+22,1.536190521949938e+22,1.0626512631319025,0.7534375937473614
mpp,125.0,0.4970452066472995,1.0530512576087475e-05,0.9573193250988613,1.3708223526337142e+18,1.1446872681809393e+18,1.5357919101745596e+22,1.5362075703951439e+22,1.0626277411748686,0.7539045777371169
mpp,125.0,0.4970452066472995,1.0537492375763123e-05,0.9579538523421021,1.3791504351442514e+18,1.1377875331399572e+18,1.5357919101745596e+22,1.5362244849711003e+22,1.0626031956315918,0.7543706727254698
mpp,125.0,0.4970452066472995,1.0544373007741478e-05,0.9585793643401344,1.3879461082581087e+18,1.130589503963974e+18,1.5357919101745596e+22,1.5362412558287087e+22,1.0625776230602932,0.7548360958278137
mpp,125.0,0.4970452066472995,1.055115574840148e-05,0.9591959771274073,1.3972281125085335e+18,1.1230909949796558e+18,1.5357919101745596e+22,1.536257907634173e+22,1.0625510239978018,0.7553010627287892
mpp,125.0,0.4970452066472995,1.0557841861621727e-05,0.9598038056019753,1.4070155957205312e+18,1.1152906020602267e+18,1.5357919101745596e+22,1.5362745112161845e+22,1.0625234033398034,0.7557657873678072
mpp,125.0,0.4970452066472995,1.0564432598781674e-05,0.9604029635256067,1.4173281160200384e+18,1.1071877409680508e+18,1.5357919101745596e+22,1.5362911973854274e+22,1.0624947707452639,0.7562304816238403
mpp,125.0,0.4970452066472995,1.057092919876744e-05,0.9609935635243128,1.4281856455882852e+18,1.0987826825558697e+18,1.5357919101745596e+22,1.53630817307683e+22,1.0624651410655717,0.7566953550008868
mpp,125.0,0.4970452066472995,1.0577332887982049e-05,0.9615757170892771,1.4396085752059894e+18,1.0900765843951973e+18,1.5357919101745596e+22,1.5363257399056747e+22,1.0624345347979556,0.7571606143155267
mpp,125.0,0.4970452066472995,1.0583644880359935e-05,0.962149534578176,1.4516177196252667e+18,1.0810715183705416e+18,1.5357919101745596e+22,1.5363443151446957e+22,1.06240297856135,0.7576264633879968
mpp,125.0,0.4970452066472995,1.0589866377385603e-05,0.9627151252168731,1.4642343237989947e+18,1.0717704937435796e+18,1.5357919101745596e+22,1.5363644550216774e+22,1.0623705055911385,0.7580931027381866
mpp,125.0,0.4970452066472995,1.059599856811622e-05,0.9632725971014746,1.47748006999047e+18,1.0621774751515907e+18,1.5357919101745596e+22,1.536386880104976e+22,1.0623371562470623,0.758560729287958
mpp,125.0,0.4970452066472995,1.0602042629208068e-05,0.9638220572007334,1.4913770857774968e+18,1.0522973949652152e+18,1.5357919101745596e+22,1.536412502390915e+22,1.06230297852612,0.7590295360711534
mpp,125.0,0.4970452066472995,1.0607999724946654e-05,0.9643636113587868,1.5059479529575654e+18,1.0421361593942538e+18,1.5357919101745596e+22,1.5364424535356473e+22,1.0622680285695574,0.7594997119526391
mpp,125.0,0.4970452066472995,1.0613871007280374e-05,0.9648973642982158,1.5212157173515935e+18,1.0317006477046111e+18,1.5357919101745596e+22,1.536478113491614e+22,1.0622323711501769,0.7599714413576836
mpp,125.0,0.4970452066472995,1.0619657615857558e-05,0.9654234196234144,1.537203899495836e+18,1.020998703899472e+18,1.5357919101745596e+22,1.5365211386240783e+22,1.0621960801233477,0.7604449040129392
mpp,125.0,0.4970452066472995,1.0625360678066804e-05,0.965941879824255,1.5539365062034988e+18,1.0100391202317172e+18,1.5357919101745596e+22,1.5365734882076772e+22,1.0621592388224215,0.7609202747002383
mpp,125.0,0.4970452066472995,1.0630981309080423e-05,0.9664528462800386,1.571438042969086e+18,9.988316119583329e+17,1.5357919101745596e+22,1.5366374480460252e+22,1.0621219403770108,0.7613977230243701
mpp,125.0,0.4970452066472995,1.0636520611900908e-05,0.9669564192637189,1.5897335271814323e+18,9.873867828272101e+17,1.5357919101745596e+22,1.5367156498355206e+22,1.0620842879309043,0.7618774131959393
mpp,125.0,0.4970452066472995,1.0641979677410253e-05,0.9674526979463867,1.6088485021039834e+18,9.757160809063663e+17,1.5357919101745596e+22,1.536811084815871e+22,1.0620463947355692,0.7623595038303436
mpp,125.0,0.4970452066472995,1.0647359584422066e-05,0.9679417804020061,1.6288090515742408e+18,9.638317445270557e+17,1.5357919101745596e+22,1.5369271102287611e+22,1.0620083840953296,0.7628441477638298
mpp,125.0,0.4970452066472995,1.0652661399736287e-05,0.9684237636123898,1.6496418153692498e+18,9.517467383139724e+17,1.5357919101745596e+22,1.5370674471501954e+22,1.061970389141601,0.7633314918875107
mpp,125.0,0.4970452066472995,1.0657886178196438e-05,0.9688987434724035,1.6713740051780877e+18,9.394746795140452e+17,1.5357919101745596e+22,1.537236168375471e+22,1.0619325524160708,0.763821677000118
mpp,125.0,0.4970452066472995,1.0663034962749275e-05,0.9693668147953887,1.6940334211181e+18,9.27029755102596e+17,1.5357919101745596e+22,1.5374376752239534e+22,1.0618950252464672,0.7643148376801747
mpp,125.0,0.4970452066472995,1.0668108784506744e-05,0.969828071318795,1.7176484687303027e+18,9.144266304303753e+17,1.5357919101745596e+22,1.537676662388357e+22,1.061857966903502,0.7648111021781459
mpp,125.0,0.4970452066472995,1.067310866281011e-05,0.97028260571001,1.7422481763845637e+18,9.016803504668657e+17,1.5357919101745596e+22,1.5379580702744457e+22,1.061821543533563,0.7653105923289931
mpp,125.0,0.4970452066472995,1.0678035605296172e-05,0.9707305095723793,1.7678622130258074e+18,8.888062349762304e+17,1.5357919101745596e+22,1.538287024650468e+22,1.0617859268685712,0.7658134234854296
mpp,125.0,0.4970452066472995,1.0682890607965472e-05,0.9711718734514065,1.7945209061919155e+18,8.758197692206525e+17,1.5357919101745596e+22,1.5386687638390146e+22,1.06175129272185,0.7663197044720048
mpp,125.0,0.4970452066472995,1.0687674655252362e-05,0.9716067868411238,1.822255260233929e+18,8.627364920044008e+17,1.5357919101745596e+22,1.539108554114745e+22,1.0617178192865198,0.7668295375599998
mpp,125.0,0.4970452066472995,1.0692388720096866e-05,0.9720353381906242,1.8510969746713032e+18,8.495718830386042e+17,1.5357919101745596e+22,1.5396115944061121e+22,1.061685685260534,0.7673430184629373
mpp,125.0,0.4970452066472995,1.0697033764018233e-05,0.9724576149107484,1.8810784626173606e+18,8.363412517102336e+17,1.5357919101745596e+22,1.5401829118143814e+22,1.0616550678296028,0.7678602363523431
mpp,125.0,0.4970452066472995,1.0701610737190086e-05,0.9728737033809168,1.9122328692113203e+18,8.230596293718561e+17,1.5357919101745596e+22,1.5408272498390911e+22,1.0616261405455927,0.7683812738932209
mpp,125.0,0.4970452066472995,1.0706120578517071e-05,0.9732836889560974,1.944594089998412e+18,8.097416672272244e+17,1.5357919101745596e+22,1.5415489515230285e+22,1.061599071143217,0.7689062072985288
mpp,125.0,0.4970452066472995,1.0710564215712944e-05,0.973687655973904,1.9781967892014932e+18,7.964015417721706e+17,1.5357919101745596e+22,1.542351839980191e+22,1.0615740193416696,0.769435106401791
mpp,125.0,0.4970452066472995,1.0714942565379982e-05,0.9740856877618166,2.0130764178315745e+18,7.830528695646884e+17,1.5357919101745596e+22,1.5432390989422749e+22,1.061551134680124,0.7699680347468162
mpp,125.0,0.4970452066472995,1.0719256533089662e-05,0.9744778666445147,2.0492692315877614e+18,7.697086328508147e+17,1.5357919101745596e+22,1.5442131560423311e+22,1.0615305544365943,0.7705050496933613
mpp,125.0,0.4970452066472995,1.0723507013464508e-05,0.9748642739513189,2.0868123085006653e+18,7.563811172741678e+17,1.5357919101745596e+22,1.545275571547356e+22,1.061512401678482,0.7710462025374567
mpp,125.0,0.4970452066472995,1.0727694890261048e-05,0.9752449900237316,2.1257435662757053e+18,7.430818625607834e+17,1.5357919101745596e+22,1.5464269351559547e+22,1.061496783490307,0.7715915386450098
mpp,125.0,0.4970452066472995,1.0731821036453796e-05,0.9756200942230724,2.166101779295173e+18,7.29821626711599e+17,1.5357919101745596e+22,1.5476667732982034e+22,1.061483789419702,0.7721410975972272
mpp,125.0,0.4970452066472995,1.0735886314320188e-05,0.9759896649381989,2.2079265952391962e+18,7.166103638678289e+17,1.5357919101745596e+22,1.548993469121983e+22,1.0614734901770113,0.7726949133463342
mpp,125.0,0.4970452066472995,1.0739891575526403e-05,0.9763537795933094,2.251258551287633e+18,7.0345721565411e+17,1.5357919101745596e+22,1.5504041970353704e+22,1.061465936616963,0.77325301438006
mpp,125.0,0.4970452066472995,1.0743837661213997e-05,0.9767125146558179,2.2961390898641057e+18,6.903705154654522e+17,1.5357919101745596e+22,1.5518948733104098e+22,1.0614611590232232,0.7738154238933272
mpp,125.0,0.4970452066472995,1.07477254020873e-05,0.9770659456442999,2.3426105738841185e+18,6.773578048568164e+17,1.5357919101745596e+22,1.553460123856244e+22,1.0614591667084887,0.7743821599656304
mpp,125.0,0.4970452066472995,1.0751555618501495e-05,0.9774141471364997,2.390716301467414e+18,6.644258609304069e+17,1.5357919101745596e+22,1.5550932698540408e+22,1.0614599479344569,0.7749532357426091
mpp,125.0,0.4970452066472995,1.0755329120551326e-05,0.9777571927773933,2.4405005200730906e+18,6.515807334005609e+17,1.5357919101745596e+22,1.5567863315259407e+22,1.0614634701478576,0.7755286596203953
mpp,125.0,0.4970452066472995,1.0759046708160368e-05,0.9780951552873063,2.4920084400144154e+18,6.388277898551963e+17,1.5357919101745596e+22,1.5585300499009039e+22,1.0614696805210213,0.7761084354313917
mpp,125.0,0.4970452066472995,1.0762709171170821e-05,0.9784281064700746,2.5452862473062707e+18,6.261717676275763e+17,1.5357919101745596e+22,1.5603139260533602e+22,1.0614785067784505,0.7766925626302257
mpp,125.0,0.4970452066472995,1.076631728943374e-05,0.9787561172212491,2.600381115796992e+18,6.136168306411146e+17,1.5357919101745596e+22,1.562126276936215e+22,1.0614898582847554,0.777281036478743
mpp,125.0,0.4970452066472995,1.0769871832899693e-05,0.9790792575363358,2.6573412185298007e+18,6.011666295919205e+17,1.5357919101745596e+22,1.5639543066158608e+22,1.0615036273642902,0.7778738482290048
mpp,125.0,0.4970452066472995,1.0773373561709743e-05,0.9793975965190677,2.716215738278788e+18,5.888243638823498e+17,1.5357919101745596e+22,1.5657841914530366e+22,1.0615196908189293,0.7784709853033778
mpp,125.0,0.4970452066472995,1.077682322628674e-05,0.9797112023897037,2.777054877197999e+18,5.765928438089659e+17,1.5357919101745596e+22,1.5676011775568147e+22,1.06153791160777,0.7790724314709325
mpp,125.0,0.4970452066472995,1.0780221567426868e-05,0.9800201424933517,2.83990986551965e+18,5.6447455163291386e+17,1.5357919101745596e+22,1.5693896886790115e+22,1.0615581406510528,0.779678167019482
mpp,125.0,0.4970452066472995,1.07835693163914e-05,0.9803244833083091,2.9048329692332667e+18,5.524717003123344e+17,1.5357919101745596e+22,1.5711334426085561e+22,1.061580218720261,0.7802881689227061
mpp,125.0,0.4970452066472995,1.0786867194998597e-05,0.980624290454418,2.9718774966739876e+18,5.4058628884677286e+17,1.5357919101745596e+22,1.5728155740674185e+22,1.0616039783770712,0.7809024110019327
mpp,125.0,0.4970452066472995,1.0790115915715747e-05,0.9809196287014316,3.0410978039452964e+18,5.2882015336636365e+17,1.5357919101745596e+22,1.5744187621029972e+22,1.06162924592546,0.7815208640822415
mpp,125.0,0.4970452066472995,1.0793316181751259e-05,0.9812105619773872,3.1125492990983286e+18,5.171750132858554e+17,1.5357919101745596e+22,1.5759253600071053e+22,1.061655843343692,0.7821434961426618
mpp,125.0,0.4970452066472995,1.0796468687146801e-05,0.981497153376982,3.186288444985615e+18,5.056525120295111e+17,1.5357919101745596e+22,1.5773175258659538e+22,1.061683590165956,0.7827702724603176
mpp,125.0,0.4970452066472995,1.0799574116869445e-05,0.9817794651699496,3.2623727607091195e+18,4.9425425201203706e+17,1.5357919101745596e+22,1.5785773519567359e+22,1.061712305286928,0.7834011557484647
mpp,125.0,0.4970452066472995,1.0802633146903754e-05,0.9820575588094322,3.340860821574713e+18,4.8298182372856237e+17,1.5357919101745596e+22,1.5796869913389149e+22,1.0617418086663546,0.7840361062884149
mpp,125.0,0.4970452066472995,1.0805646444343797e-05,0.9823314949403452,3.4218122574681933e+18,4.718368289594973e+17,1.5357919101745596e+22,1.5806287801493152e+22,1.0617719229147322,0.7846750820554188
mpp,125.0,0.4970452066472995,1.0808614667485075e-05,0.982601333407734,3.5052877495664886e+18,4.608208982314186e+17,1.5357919101745596e+22,1.5813853542823913e+22,1.061802474745164,0.7853180388386236
mpp,125.0,0.4970452066472995,1.0811538465916265e-05,0.982867133265115,3.5913490252946514e+18,4.499357027916107e+17,1.5357919101745596e+22,1.5819397593205169e+22,1.0618332962803925,0.7859649303552474
mpp,125.0,0.4970452066472995,1.0814418480610833e-05,0.9831289527828031,3.680058851441921e+18,4.3918296144988435e+17,1.5357919101745596e+22,1.5822755527687716e+22,1.061864226207743,0.7866157083591677
mpp,125.0,0.4970452066472995,1.081725534401841e-05,0.9833868494562192,3.7714810253491937e+18,4.2856444271763904e+17,1.5357919101745596e+22,1.5823768978376616e+22,1.0618951107781716,0.787270322744121
mpp,125.0,0.4970452066472995,1.0820049680155946e-05,0.9836408800141769,3.8656758518694236e+18,4.180922644036436e+17,1.5357919101745596e+22,1.58226578792055e+22,1.0619263654679583,0.7879287216417425
mpp,125.0,0.4970452066472995,1.0822802104698606e-05,0.983891100427146,3.962678681405632e+18,4.0783803079409837e+17,1.5357919101745596e+22,1.5821893279062396e+22,1.0619617902513945,0.7885908514562112
mpp,125.0,0.4970452066472995,1.0825513225070368e-05,0.9841375659154881,4.06255695753e+18,3.977994020724993e+17,1.5357919101745596e+22,1.5821420016639205e+22,1.0620013506349553,0.7892566565750189
mpp,125.0,0.4970452066472995,1.082818364053432e-05,0.9843803309576654,4.165379048870124e+18,3.879740279148117e+17,1.5357919101745596e+22,1.5821186611646158e+22,1.0620450159052977,0.7899260795167494
mpp,125.0,0.4970452066472995,1.0830813942282604e-05,0.9846194492984186,4.2712142284791665e+18,3.783595388453288e+17,1.5357919101745596e+22,1.5821145086606103e+22,1.0620927588070772,0.7905990610691619
mpp,125.0,0.4970452066472995,1.083340471352602e-05,0.9848549739569109,4.3801326508748083e+18,3.6895353922061843e+17,1.5357919101745596e+22,1.5821250798817292e+22,1.0621445552398543,0.7912755404181436
mpp,125.0,0.4970452066472995,1.0835956529583215e-05,0.9850869572348377,4.4922053266834396e+18,3.5975360167425606e+17,1.5357919101745596e+22,1.5821462281396486e+22,1.062200383972599,0.7919554552680547
mpp,125.0,0.4970452066472995,1.0838469957969498e-05,0.9853154507244999,4.6075040948276475e+18,3.507572628682527e+17,1.5357919101745596e+22,1.5821741092446952e+22,1.0622602263744667,0.7926387419539568
mpp,125.0,0.4970452066472995,1.084094555848522e-05,0.9855405053168382,4.726101592198752e+18,3.4196202040940077e+17,1.5357919101745596e+22,1.5822051671507334e+22,1.0623240661606217,0.7933253355461972
mpp,125.0,0.4970452066472995,1.08433838833037e-05,0.9857621712094272,4.848071220754756e+18,3.333653308003016e+17,1.5357919101745596e+22,1.582236120254651e+22,1.0623918891520192,0.7940151699477751
mpp,125.0,0.4970452066472995,1.0845785477058698e-05,0.9859804979144271,4.973487111991677e+18,3.2496460830520595e+17,1.5357919101745596e+22,1.5822639482859086e+22,1.0624636830481462,0.7947081779849163
mpp,125.0,0.4970452066472995,1.0848150876931413e-05,0.9861955342664921,5.102424088734368e+18,3.1675722462074816e+17,1.5357919101745596e+22,1.5822858797301964e+22,1.0625394372118273,0.7954042914912427
mpp,125.0,0.4970452066472995,1.0850480612736976e-05,0.9864073284306342,5.23495762420094e+18,3.0874050925064794e+17,1.5357919101745596e+22,1.5822993797385674e+22,1.0626191424652836,0.796103441385916
mpp,125.0,0.4970452066472995,1.085277520701043e-05,0.986615927910039,5.371163798293915e+18,3.009117504920575e+17,1.5357919101745596e+22,1.5823021384798065e+22,1.0627027908967082,0.7968055577461061
mpp,125.0,0.4970452066472995,1.0855035175092196e-05,0.986821379553836,5.511119251079943e+18,2.9326819694895526e+17,1.5357919101745596e+22,1.5822920599001352e+22,1.0627903756766965,0.7975105698741284
mpp,125.0,0.4970452066472995,1.0857261025212985e-05,0.9870237295648168,5.654901133420674e+18,2.8580705949548374e+17,1.5357919101745596e+22,1.5822672508590943e+22,1.062881890883932,0.7982184063595692
mpp,125.0,0.4970452066472995,1.0859453258578164e-05,0.9872230235071058,5.802587054724852e+18,2.7852551361878333e+17,1.5357919101745596e+22,1.582226010615193e+22,1.06297733133958,0.7989289951367131
mpp,125.0,0.4970452066472995,1.0861612369451554e-05,0.9874193063137777,5.954255027794662e+18,2.714207020774025e+17,1.5357919101745596e+22,1.5821668206386166e+22,1.063076692449903,0.7996422635375624
mpp,125.0,0.4970452066472995,1.0863738845238655e-05,0.9876126222944233,6.109983410747333e+18,2.6448973781714022e+17,1.5357919101745596e+22,1.5820883347325789e+22,1.0631799700566487,0.8003581383407357
mpp,125.0,0.4970452066472995,1.0865833166569272e-05,0.9878030151426611,6.269850845997906e+18,2.5772970709178397e+17,1.5357919101745596e+22,1.5819893694470377e+22,1.0632871602948055,0.8010765458165146
mpp,125.0,0.4970452066472995,1.0867895807379541e-05,0.9879905279435948,6.433936196294438e+18,2.5113767274130547e+17,1.5357919101745596e+22,1.5818688947719462e+22,1.0633982594573639,0.8017974117682933
mpp,125.0,0.4970452066472995,1.0869927234993378e-05,0.9881752031812162,6.602318477807264e+18,2.4471067758468438e+17,1.5357919101745596e+22,1.5817260250985392e+22,1.063513263866745,0.8025206615706945
mpp,125.0,0.4970452066472995,1.0871927910203254e-05,0.9883570827457504,6.775076790274017e+18,2.3844574788934403e+17,1.5357919101745596e+22,1.5815600104402152e+22,1.063632169752595,0.8032462202045626
mpp,125.0,0.4970452066472995,1.0873898287350402e-05,0.9885362079409457,6.952290244222052e+18,2.3233989688271206e+17,1.5357919101745596e+22,1.5813702279057465e+22,1.0637549731356697,0.803974012289094
mpp,125.0,0.4970452066472995,1.0875838814404348e-05,0.9887126194913044,7.134037885282558e+18,2.2639012827581482e+17,1.5357919101745596e+22,1.5811561734184437e+22,1.0638816697175546,0.8047039621112955
mpp,125.0,0.4970452066472995,1.0877749933041825e-05,0.9888863575492568,7.320398615630628e+18,2.2059343977187616e+17,1.5357919101745596e+22,1.5809174536769895e+22,1.0640122547759936,0.8054359936529947
mpp,125.0,0.4970452066472995,1.087963207872503e-05,0.9890574617022755,7.511451112591694e+18,2.1494682653634614e+17,1.5357919101745596e+22,1.5806537783540424e+22,1.0641467230656065,0.8061700306156016
mpp,125.0,0.4970452066472995,1.0881485680779226e-05,0.9892259709799296,7.707273744458147e+18,2.0944728460784118e+17,1.5357919101745596e+22,1.5803649525297856e+22,1.0642850687238106,0.806905996442802
mpp,125.0,0.4970452066472995,1.088331116246969e-05,0.9893919238608808,7.907944483576823e+18,2.0409181423199498e+17,1.5357919101745596e+22,1.5800508693574427e+22,1.064427285181757,0.8076438143413827
mpp,125.0,0.4970452066472995,1.0885108941077993e-05,0.9895553582798176,8.1135408167743e+18,1.9887742310304742e+17,1.5357919101745596e+22,1.5797115029600697e+22,1.0645733650801257,0.8083834073003477
mpp,125.0,0.4970452066472995,1.0886879427977617e-05,0.9897163116343288,8.324139653194445e+18,1.9380112950008778e+17,1.5357919101745596e+22,1.5793469015555932e+22,1.064723300189615,0.8091246981085021
mpp,125.0,0.4970452066472995,1.088862302870889e-05,0.9898748207917173,8.539817229637023e+18,1.8885996530714797e+17,1.5357919101745596e+22,1.5789571808100247e+22,1.064877081335992,0.8098676093706596
mpp,125.0,0.4970452066472995,1.0890340143053247e-05,0.9900309220957497,8.760649013495682e+18,1.840509789082276e+17,1.5357919101745596e+22,1.5785425174173967e+22,1.0650346983295669,0.8106120635226233
mpp,125.0,0.4970452066472995,1.089203116510682e-05,0.9901846513733472,8.986709603398574e+18,1.7937123795004182e+17,1.5357919101745596e+22,1.5781031429045651e+22,1.0651961398989656,0.811357982845091
mpp,125.0,0.4970452066472995,1.0893696483353328e-05,0.9903360439412118,9.218072627675719e+18,1.748178319670279e+17,1.5357919101745596e+22,1.5776393376611816e+22,1.0653613936290869,0.8121052894766134
mpp,125.0,0.4970452066472995,1.089533648073631e-05,0.9904851346123917,9.4548106407782e+18,1.703878748644357e+17,1.5357919101745596e+22,1.5771514251926168e+22,1.0655304459031338,0.8128539054257463
mpp,125.0,0.4970452066472995,1.0896951534730626e-05,0.9906319577027842,9.696995017788678e+18,1.6607850725676995e+17,1.5357919101745596e+22,1.5766397665951143e+22,1.065703281848614,0.813603752582508
mpp,125.0,0.4970452066472995,1.0898542017413324e-05,0.990776547037575,9.944695847177685e+18,1.6188689865992502e+17,1.5357919101745596e+22,1.5761047552521474e+22,1.0658798852872138,0.814354752729271
mpp,125.0,0.4970452066472995,1.0900108295533774e-05,0.9909189359576158,1.0197981821960485e+19,1.578102495364407e+17,1.5357919101745596e+22,1.5755468117494848e+22,1.066060238688451,0.8151068275511911
mpp,125.0,0.4970452066472995,1.0901650730583125e-05,0.9910591573257387,1.0456920129434448e+19,1.538457931942591e+17,1.5357919101745596e+22,1.5749663790090687e+22,1.066244323127021,0.8158598986462803
mpp,125.0,0.4970452066472995,1.0903169678863081e-05,0.9911972435330074,1.0721576339669242e+19,1.4999079754012042e+17,1.5357919101745596e+22,1.574363917637662e+22,1.066432118243746,0.816613887535223
mpp,125.0,0.4970452066472995,1.0904665491553973e-05,0.9913332265049066,1.0992014292954687e+19,1.462425666895359e+17,1.5357919101745596e+22,1.5737399014907647e+22,1.0666236022100546,0.817368715671027
mpp,125.0,0.4970452066472995,1.090613851478213e-05,0.9914671377074664,1.126829598639253e+19,1.4259844243586758e+17,1.5357919101745596e+22,1.5730948134470806e+22,1.066818751695906,0.8181243044485877
mpp,125.0,0.4970452066472995,1.0907589089686595e-05,0.9915990081533268,1.155048145986641e+19,1.3905580558150154e+17,1.5357919101745596e+22,1.5724291413934564e+22,1.067017541841091,0.8188805752142696
mpp,125.0,0.4970452066472995,1.0909017552485099e-05,0.9917288684077362,1.183862868158504e+19,1.3561207713482587e+17,1.5357919101745596e+22,1.5717433744157282e+22,1.0672199462298333,0.8196374492755413
mpp,125.0,0.4970452066472995,1.091042423453939e-05,0.99185674859449,1.2132793433457471e+19,1.3226471937673243e+17,1.5357919101745596e+22,1.5710379991943717e+22,1.067425936868622,0.8203948479107779
mpp,125.0,0.4970452066472995,1.0911809462419846e-05,0.9919826784018042,1.2433029196512842e+19,1.2901123680109578e+17,1.5357919101745596e+22,1.5703134966005457e+22,1.0676354841672098,0.8211526923792549
mpp,125.0,0.4970452066472995,1.0913173557969417e-05,0.9921066870881288,1.2739387036636953e+19,1.2584917693358688e+17,1.5357919101745596e+22,1.569570338490911e+22,1.0678485569227092,0.8219109039314257
mpp,125.0,0.4970452066472995,1.0914516838366856e-05,0.992228803487896,1.3051915490854201e+19,1.2277613103372997e+17,1.5357919101745596e+22,1.5688089846963906e+22,1.068065122306723,0.8226694038195026
mpp,125.0,0.4970452066472995,1.0915839616189305e-05,0.9923490560172095,1.33706604544435e+19,1.1978973468490286e+17,1.5357919101745596e+22,1.5680298802031003e+22,1.0682851458554476,0.8234281133084284
mpp,125.0,0.4970452066472995,1.091714219947416e-05,0.9924674726794691,1.3695665069130076e+19,1.1688766827746803e+17,1.5357919101745596e+22,1.5672334525202642e+22,1.068508591462686,0.8241869536872493
mpp,125.0,0.4970452066472995,1.091842489178028e-05,0.9925840810709345,1.4026969612643533e+19,1.140676573900502e+17,1.5357919101745596e+22,1.5664201092333702e+22,1.06873542137571,0.824945846280941
mpp,125.0,0.4970452066472995,1.0919687992248514e-05,0.9926989083862285,1.4364611389911894e+19,1.1132747307402856e+17,1.5357919101745596e+22,1.5655902357367464e+22,1.0689655961939202,0.8257047124627376
mpp,125.0,0.4970452066472995,1.092093179566154e-05,0.9928119814237764,1.4708624626170573e+19,1.0866493204654898e+17,1.5357919101745596e+22,1.564744193143939e+22,1.0691990748702294,0.8264634736669563
mpp,125.0,0.4970452066472995,1.0922156592503055e-05,0.9929233265911869,1.5059040362274437e+19,1.0607789679695861e+17,1.5357919101745596e+22,1.5638823163700076e+22,1.0694358147151326,0.827222051402389
mpp,125.0,0.4970452066472995,1.092336266901628e-05,0.9930329699105709,1.5415886352496839e+19,1.0356427561191917e+17,1.5357919101745596e+22,1.5630049123837512e+22,1.0696757714033887,0.8279803672662448
mpp,125.0,0.4970452066472995,1.0924550307261798e-05,0.9931409370237998,1.577918696509466e+19,1.0112202252406914e+17,1.5357919101745596e+22,1.5621122586239482e+22,1.069918898983268,0.828738342958681
mpp,125.0,0.4970452066472995,1.092571978517474e-05,0.9932472531977037,1.6148963085939552e+19,9.874913718920021e+16,1.5357919101745596e+22,1.5612046015776854e+22,1.070165149888307,0.8294959002979322
mpp,125.0,0.4970452066472995,1.0926871376621309e-05,0.9933519433292098,1.652523202548095e+19,9.644366469675053e+16,1.5357919101745596e+22,1.5602821555148999e+22,1.0704144749515123,0.8302529612360436
mpp,125.0,0.4970452066472995,1.0928005351454637e-05,0.9934550319504216,1.6908007429343357e+19,9.420369531826467e+16,1.5357919101745596e+22,1.5593451013768514e+22,1.0706668234219645,0.8310094478752196
mpp,125.0,0.4970452066472995,1.0929121975570008e-05,0.9935565432336372,1.729729919281199e+19,9.20273641984267e+16,1.5357919101745596e+22,1.5583935858128598e+22,1.070922142983754,0.8317652824847802
mpp,125.0,0.4970452066472995,1.0930221510959425e-05,0.9936565009963114,1.7693113379512138e+19,8.991285099299709e+16,1.5357919101745596e+22,1.5574277203631995e+22,1.0711803797772113,0.8325203875187456
mpp,125.0,0.4970452066472995,1.0931304215765523e-05,0.9937549287059567,1.8095452144513282e+19,8.785837945800931e+16,1.5357919101745596e+22,1.5564475807821594e+22,1.0714414784223552,0.8332746856340124
mpp,125.0,0.4970452066472995,1.0932370344334861e-05,0.9938518494849875,1.8504313662154592e+19,8.586221699424445e+16,1.5357919101745596e+22,1.5554532064994557e+22,1.07170538204452,0.8340280997091435
mpp,125.0,0.4970452066472995,1.0933420147270573e-05,0.9939472861155068,1.891969205882039e+19,8.392267415096299e+16,1.5357919101745596e+22,1.5544446002140998e+22,1.071972032302096,0.8347805528637509
mpp,125.0,0.4970452066472995,1.0934453871484367e-05,0.9940412610440335,1.934157735091869e+19,8.203810409271042e+16,1.5357919101745596e+22,1.5534217276186629e+22,1.0722413694163226,0.8355319684784384
mpp,125.0,0.4970452066472995,1.0935471760247933e-05,0.9941337963861758,1.976995538830166e+19,8.02069020327076e+16,1.5357919101745596e+22,1.5523845172484469e+22,1.07251333220309,0.836282270215331
mpp,125.0,0.4970452066472995,1.0936474053243696e-05,0.9942249139312452,2.020480780334019e+19,7.84275046363917e+16,1.5357919101745596e+22,1.5513328604533131e+22,1.0727878581066712,0.8370313820391218
mpp,125.0,0.4970452066472995,1.0937460986614977e-05,0.9943146351468162,2.064611196587269e+19,7.669838939828669e+16,1.5357919101745596e+22,1.5502666114870043e+22,1.073064883235344,0.8377792282386567
mpp,125.0,0.4970452066472995,1.0938432793015513e-05,0.9944029811832285,2.1093840944214598e+19,7.501807399538829e+16,1.5357919101745596e+22,1.5491855877113282e+22,1.0733443423988267,0.8385257334490008
mpp,125.0,0.4970452066472995,1.0939389701658392e-05,0.9944899728780356,2.1547963472425234e+19,7.338511561995267e+16,1.5357919101745596e+22,1.5480895699108089e+22,1.0736261691474736,0.839270822673985
mpp,125.0,0.4970452066472995,1.0940331938364382e-05,0.9945756307603985,2.200844392398585e+19,7.179811029450418e+16,1.5357919101745596e+22,1.546978302714188e+22,1.0739102958131708,0.8400144213091922
mpp,125.0,0.4970452066472995,1.094125972560964e-05,0.9946599750554219,2.247524229204475e+19,7.025569217171288e+16,1.5357919101745596e+22,1.5458514951197335e+22,1.074196653551854,0.8407564551653407
mpp,125.0,0.4970452066472995,1.0942173282572852e-05,0.9947430256884412,2.2948314176366703e+19,6.875653282153099e+16,1.5357919101745596e+22,1.544708821119387e+22,1.0744851723876017,0.8414968504920675
mpp,125.0,0.4970452066472995,1.0943072825181768e-05,0.9948248022892516,2.342761077710231e+19,6.729934050800808e+16,1.5357919101745596e+22,1.5435499204200534e+22,1.0747757812582222,0.8422355340020358
mpp,125.0,0.4970452066472995,1.0943958566159159e-05,0.9949053241962872,2.3913078895466906e+19,6.588285945786744e+16,1.5357919101745596e+22,1.5423743992559309e+22,1.0750684080622745,0.8429724328953657
mpp,125.0,0.4970452066472995,1.0944830715068192e-05,0.9949846104607447,2.440466094141876e+19,6.4505869122941544e+16,1.5357919101745596e+22,1.5411818312907478e+22,1.0753629797074482,0.8437074748843219
mpp,125.0,0.4970452066472995,1.0945689478357231e-05,0.9950626798506574,2.49022949483905e+19,6.3167183438300184e+16,1.5357919101745596e+22,1.5399717586044241e+22,1.0756594221602378,0.8444405882182462
mpp,125.0,0.4970452066472995,1.0946535059404077e-05,0.9951395508549161,2.540591459511176e+19,6.1865650077853576e+16,1.5357919101745596e+22,1.5387436927609574e+22,1.0759576604968342,0.8451717017086814
mpp,125.0,0.4970452066472995,1.0947367658559627e-05,0.9952152416872388,2.5915449234550034e+19,6.060014970906869e+16,1.5357919101745596e+22,1.537497115954988e+22,1.0762576189551631,0.8459007447546436
mpp,125.0,0.4970452066472995,1.0948187473190986e-05,0.9952897702900896,2.643082392994521e+19,5.9369595248285544e+16,1.5357919101745596e+22,1.5362314822310148e+22,1.076559220987987,0.8466276473680054
mpp,125.0,0.4970452066472995,1.0948994697724025e-05,0.9953631543385477,2.6951959497953456e+19,5.817293111801292e+16,1.5357919101745596e+22,1.5349462187740647e+22,1.0768623893170102,0.8473523401989607
mpp,125.0,0.4970452066472995,1.0949789523685387e-05,0.9954354112441262,2.747877255881731e+19,5.700913250751216e+16,1.5357919101745596e+22,1.5336407272662397e+22,1.0771670459878913,0.8480747545615008
mpp,125.0,0.4970452066472995,1.0950572139743958e-05,0.9955065581585416,2.8011175593521377e+19,5.587720463779368e+16,1.5357919101745596e+22,1.5323143853059334e+22,1.0774731124260974,0.8487948224588918
mpp,125.0,0.4970452066472995,1.0951342731751775e-05,0.9955766119774341,2.8549077007839597e+19,5.477618203214104e+16,1.5357919101745596e+22,1.530966547886296e+22,1.0777805094935105,0.8495124766090738
mpp,125.0,0.4970452066472995,1.0952101482784434e-05,0.9956455893440395,2.9092381203172643e+19,5.370512779307741e+16,1.5357919101745596e+22,1.5295965489282354e+22,1.0780891575457074,0.8502276504699747
mpp,125.0,0.4970452066472995,1.0952848573180955e-05,0.9957135066528141,2.9640988654044697e+19,5.2663132886687096e+16,1.5357919101745596e+22,1.5282037028643481e+22,1.0783989764898403,0.8509402782646762
mpp,125.0,0.4970452066472995,1.0953584180583116e-05,0.9957803800530105,3.019479599211389e+19,5.164931543508882e+16,1.5357919101745596e+22,1.5267873062702998e+22,1.0787098858430106,0.8516502950063786
mpp,125.0,0.4970452066472995,1.0954308479974282e-05,0.9958462254522075,3.0753696096538595e+19,5.06628200177335e+16,1.5357919101745596e+22,1.5253466395387454e+22,1.07902180479108,0.8523576365231487
mpp,125.0,0.4970452066472995,1.0955021643717723e-05,0.9959110585197931,3.1317578190501446e+19,4.9702816982189544e+16,1.5357919101745596e+22,1.5238809685920926e+22,1.0793346522478109,0.8530622394823874
mpp,125.0,0.4970452066472995,1.0955723841594418e-05,0.9959748946904017,3.188632794370084e+19,4.876850176496669e+16,1.5357919101745596e+22,1.522389546630141e+22,1.0796483469142641,0.8537640414149787
mpp,125.0,0.4970452066472995,1.0956415240840354e-05,0.9960377491673049,3.245982758058953e+19,4.7859094222862424e+16,1.5357919101745596e+22,1.5208716159082929e+22,1.0799628073383594,0.8544629807390851
mpp,125.0,0.4970452066472995,1.0957096006183349e-05,0.996099636925759,3.303795599411774e+19,4.697383797526205e+16,1.5357919101745596e+22,1.519326409541798e+22,1.080277951974522,0.8551589967835468
mpp,125.0,0.4970452066472995,1.0957766299879358e-05,0.9961605727163052,3.3620588864725717e+19,4.6111999757771864e+16,1.5357919101745596e+22,1.5177531533321042e+22,1.080593699243312,0.8558520298108323
mpp,125.0,0.4970452066472995,1.0958426281748313e-05,0.9962205710680284,3.420759878433821e+19,4.527286878747261e+16,1.5357919101745596e+22,1.516151067610953e+22,1.080909967590971,0.8565420210395268
mpp,125.0,0.4970452066472995,1.0959076109209472e-05,0.9962796462917702,3.4798855385059197e+19,4.445575614008668e+16,1.5357919101745596e+22,1.5145193690979587e+22,1.0812266755487807,0.8572289126662912
mpp,125.0,0.4970452066472995,1.09597159373163e-05,0.9963378124833001,3.5394225472289317e+19,4.365999413923939e+16,1.5357919101745596e+22,1.5128572727670497e+22,1.0815437417921616,0.857912647887282
mpp,125.0,0.4970452066472995,1.0960345918790874e-05,0.9963950835264431,3.599357316195191e+19,4.288493575800603e+16,1.5357919101745596e+22,1.5111639937175823e+22,1.0818610851994175,0.858593170918978
mpp,125.0,0.4970452066472995,1.0960966204057819e-05,0.9964514730961654,3.659676002151912e+19,4.212995403286576e+16,1.5357919101745596e+22,1.5094387490457848e+22,1.0821786249100445,0.8592704270183843
mpp,125.0,0.4970452066472995,1.0961576941277803e-05,0.9965069946616185,3.720364521451855e+19,4.139444149014315e+16,1.5357919101745596e+22,1.5076807597122352e+22,1.0824962803825242,0.8599443625025913
mpp,125.0,0.4970452066472995,1.0962178276380554e-05,0.9965616614891413,3.781408564817992e+19,4.067780958500707e+16,1.5357919101745596e+22,1.5058892524007755e+22,1.082813971451511,0.8606149247676387
mpp,125.0,0.4970452066472995,1.0962770353097443e-05,0.9966154866452221,3.8427936123897455e+19,3.997948815303275e+16,1.5357919101745596e+22,1.5040634613648065e+22,1.0831316183843436,0.8612820623066765
mpp,125.0,0.4970452066472995,1.0963353312993623e-05,0.9966684829994202,3.904504949015486e+19,3.929892487433605e+16,1.5357919101745596e+22,1.5022026302565546e+22,1.0834491419367902,0.8619457247273764
mpp,125.0,0.4970452066472995,1.096392729549971e-05,0.9967206632272463,3.966527679756639e+19,3.863558475024088e+16,1.5357919101745596e+22,1.5003060139349808e+22,1.083766463407956,0.8626058627685733
mpp,125.0,0.4970452066472995,1.0964492437943059e-05,0.9967720398130053,4.028846745570667e+19,3.7988949592408024e+16,1.5357919101745596e+22,1.4983728802484193e+22,1.0840835046942823,0.8632624283161274
mpp,125.0,0.4970452066472995,1.0965048875578585e-05,0.9968226250525987,4.091446939134169e+19,3.735851752437902e+16,1.5357919101745596e+22,1.4964025117875701e+22,1.0844001883425494,0.863915374417951
mpp,125.0,0.4970452066472995,1.0965596741619176e-05,0.9968724310562888,4.154312920775505e+19,3.674380249539427e+16,1.5357919101745596e+22,1.494394207605012e+22,1.0847164376018312,0.8645646552982185
mpp,125.0,0.4970452066472995,1.0966136167265675e-05,0.996921469751425,4.217429234478333e+19,3.614433380640609e+16,1.5357919101745596e+22,1.4923472848972203e+22,1.0850321764743158,0.8652102263707062
mpp,125.0,0.4970452066472995,1.0966667281736461e-05,0.9969697528851329,4.280780323924694e+19,3.5559655648118596e+16,1.5357919101745596e+22,1.49026108064525e+22,1.0853473297649427,0.8658520442512746
mpp,125.0,0.4970452066472995,1.0967190212296606e-05,0.9970172920269642,4.344350548539932e+19,3.4989326650951284e+16,1.5357919101745596e+22,1.488134953210714e+22,1.0856618231297752,0.8664900667694411
mpp,125.0,0.4970452066472995,1.0967705084286636e-05,0.9970640985715125,4.408124199509926e+19,3.443291944670836e+16,1.5357919101745596e+22,1.4859682838827695e+22,1.0859755831230677,0.8671242529790751
mpp,125.0,0.4970452066472995,1.0968212021150896e-05,0.9971101837409906,4.472085515733796e+19,3.3890020241839908e+16,1.5357919101745596e+22,1.4837604783736108e+22,1.0862885372429585,0.8677545631681641
mpp,125.0,0.4970452066472995,1.0968711144465507e-05,0.9971555585877734,4.536218699682125e+19,3.3360228402075036e+16,1.5357919101745596e+22,1.481510968258461e+22,1.0866006139757385,0.8683809588676643
mpp,125.0,0.4970452066472995,1.0969202573965946e-05,0.9972002339969042,4.600507933127891e+19,3.284315604826e+16,1.5357919101745596e+22,1.4792192123575292e+22,1.086911742838646,0.8690034028594178
mpp,125.0,0.4970452066472995,1.0969686427574233e-05,0.9972442206885668,4.664937392720371e+19,3.2338427663191816e+16,1.5357919101745596e+22,1.4768846980565827e+22,1.087221854421143,0.8696218591831376
mpp,125.0,0.4970452066472995,1.0970162821425747e-05,0.9972875292205224,4.729491265371123e+19,3.1845679709258148e+16,1.5357919101745596e+22,1.4745069425636156e+22,1.0875308804246238,0.8702362931424463
mpp,125.0,0.4970452066472995,1.0970631869895642e-05,0.9973301699905128,4.794153763424643e+19,3.136456025666951e+16,1.5357919101745596e+22,1.472085494099212e+22,1.0878387537005243,0.8708466713099761
mpp,125.0,0.4970452066472995,1.0971093685624922e-05,0.9973721532386293,4.858909139585748e+19,3.0894728622071492e+16,1.5357919101745596e+22,1.469619933017927e+22,1.088145408286791,0.8714529615315258
mpp,125.0,0.4970452066472995,1.0971548379546137e-05,0.9974134890496489,4.923741701577846e+19,3.043585501732964e+16,1.5357919101745596e+22,1.46710987285885e+22,1.0884507794426823,0.8720551329292803
mpp,125.0,0.4970452066472995,1.0971996060908704e-05,0.9974541873553368,4.988635826505135e+19,2.9987620208277144e+16,1.5357919101745596e+22,1.4645549613233595e+22,1.0887548036818637,0.8726531559040741
mpp,125.0,0.4970452066472995,1.0972436837303892e-05,0.9974942579367174,5.053575974900348e+19,2.954971518318289e+16,1.5357919101745596e+22,1.461954881178535e+22,1.0890574188037923,0.8732470021367518
mpp,125.0,0.4970452066472995,1.0972870814689434e-05,0.9975337104263121,5.118546704428474e+19,2.9121840830762364e+16,1.5357919101745596e+22,1.4593093510844e+22,1.0893585639233427,0.873836644588567
mpp,125.0,0.4970452066472995,1.0973298097413808e-05,0.9975725543103462,5.183532683232195e+19,2.8703707627470932e+16,1.5357919101745596e+22,1.456618126344031e+22,1.089658179498686,0.8744220575006912
mpp,125.0,0.4970452066472995,1.0973718788240166e-05,0.9976107989309242,5.248518702895566e+19,2.829503533389692e+16,1.5357919101745596e+22,1.4538809995755008e+22,1.0899562073573876,0.8750032163927959
mpp,125.0,0.4970452066472995,1.0974132988369913e-05,0.9976484534881739,5.313489691010671e+19,2.7895552700020628e+16,1.5357919101745596e+22,1.4510978013052193e+22,1.0902525907207188,0.8755800980607361
mpp,125.0,0.4970452066472995,1.0974540797465966e-05,0.9976855270423606,5.378430723329268e+19,2.750499717912365e+16,1.5357919101745596e+22,1.4482684004813507e+22,1.0905472742261872,0.8761526805733577
mpp,125.0,0.4970452066472995,1.0974942313675674e-05,0.9977220285159705,5.44332703548395e+19,2.7123114650143824e+16,1.5357919101745596e+22,1.445392704907486e+22,1.0908402039482696,0.8767209432684204
mpp,125.0,0.4970452066472995,1.097533763365342e-05,0.9977579666957654,5.508164034270989e+19,2.6749659148250584e+16,1.5357919101745596e+22,1.4424706615970036e+22,1.0911313274173617,0.8772848667476818
mpp,125.0,0.4970452066472995,1.0975726852582875e-05,0.9977933502348069,5.5729273084730835e+19,2.6384392603455904e+16,1.5357919101745596e+22,1.4395022570471968e+22,1.0914205936369326,0.877844432871114
mpp,125.0,0.4970452066472995,1.0976110064198969e-05,0.9978281876544517,5.6376026392206836e+19,2.6027084587026884e+16,1.5357919101745596e+22,1.4364875174341916e+22,1.0917079530989082,0.8783996247503171
mpp,125.0,0.4970452066472995,1.0976487360809517e-05,0.9978624873463197,5.7021760098814525e+19,2.5677512065510856e+16,1.5357919101745596e+22,1.4334265087296153e+22,1.0919933577972907,0.8789504267411238
mpp,125.0,0.4970452066472995,1.0976858833316553e-05,0.9978962575742322,5.766633615464066e+19,2.5335459162177948e+16,1.5357919101745596e+22,1.4303193367386673e+22,1.092276761240023,0.8794968244354147
mpp,125.0,0.4970452066472995,1.0977224571237352e-05,0.997929506476123,5.83096187154076e+19,2.5000716925671384e+16,1.5357919101745596e+22,1.427166147062115e+22,1.0925581184591175,0.880038804652167
mpp,125.0,0.4970452066472995,1.0977584662725147e-05,0.9979622420659224,5.8951474226745565e+19,2.467308310567675e+16,1.5357919101745596e+22,1.423967124981655e+22,1.0928373860190788,0.8805763554277726
mpp,125.0,0.4970452066472995,1.097793919458954e-05,0.9979944722354128,5.9591771503550005e+19,2.435236193543339e+16,1.5357919101745596e+22,1.4207224952723499e+22,1.0931145220236231,0.8811094660056111
mpp,125.0,0.4970452066472995,1.0978288252316651e-05,0.9980262047560592,6.023038180436462e+19,2.4038363920869876e+16,1.5357919101745596e+22,1.4174325219408317e+22,1.09338948612075,0.8816381268249567
mpp,125.0,0.4970452066472995,1.097863192008893e-05,0.9980574472808119,6.0867178900824424e+19,2.3730905636220644e+16,1.5357919101745596e+22,1.4140975078942897e+22,1.0936622395061644,0.8821623295091834
mpp,125.0,0.4970452066472995,1.0978970280804725e-05,0.9980882073458841,6.150203914210175e+19,2.34298095259137e+16,1.5357919101745596e+22,1.4107177945388772e+22,1.0939327449250986,0.8826820668533342
mpp,125.0,0.4970452066472995,1.0979303416097527e-05,0.9981184923725025,6.213484151446461e+19,2.3134903712575836e+16,1.5357919101745596e+22,1.4072937613128718e+22,1.094200966672556,0.8831973328110513
mpp,125.0,0.4970452066472995,1.097963140635498e-05,0.9981483096686347,6.276546769590901e+19,2.2846021810959744e+16,1.5357919101745596e+22,1.4038258251536643e+22,1.0944668705920313,0.8837081224809343
mpp,125.0,0.4970452066472995,1.0979954330737578e-05,0.998177666430689,6.33938021059277e+19,2.256300274765797e+16,1.5357919101745596e+22,1.400314439903465e+22,1.094730424072709,0.884214432092288
mpp,125.0,0.4970452066472995,1.0980272267197105e-05,0.9982065697451914,6.401973195049662e+19,2.2285690586415656e+16,1.5357919101745596e+22,1.3967600956552507e+22,1.094991596045217,0.8847162589903459
mpp,125.0,0.4970452066472995,1.0980585292494814e-05,0.9982350265904376,6.464314726228502e+19,2.2013934358889956e+16,1.5357919101745596e+22,1.3931633180406001e+22,1.095250356975949,0.8852136016209629
mpp,125.0,0.4970452066472995,1.0980893482219326e-05,0.9982630438381205,6.526394093622596e+19,2.174758790070433e+16,1.5357919101745596e+22,1.3895246674640352e+22,1.0955066788600067,0.8857064595148104
mpp,125.0,0.4970452066472995,1.0981196910804284e-05,0.9982906282549349,6.58820087604952e+19,2.1486509692639836e+16,1.5357919101745596e+22,1.3858447382851998e+22,1.0957605352128108,0.8861948332711097
mpp,125.0,0.4970452066472995,1.0981495651545737e-05,0.9983177865041579,6.649724944296293e+19,2.1230562706824644e+16,1.5357919101745596e+22,1.382124157951986e+22,1.0960119010604081,0.8866787245409086
mpp,125.0,0.4970452066472995,1.0981789776619278e-05,0.9983445251472072,6.7109564633271255e+19,2.097961425776665e+16,1.5357919101745596e+22,1.378363586087958e+22,1.0962607529285398,0.8871581360099539
mpp,125.0,0.4970452066472995,1.098207935709693e-05,0.9983708506451754,6.771885894060997e+19,2.0733535858093908e+16,1.5357919101745596e+22,1.3745637135367354e+22,1.0965070688305014,0.8876330713811689
mpp,125.0,0.4970452066472995,1.0982364462963772e-05,0.9983967693603429,6.83250399472873e+19,2.049220307887294e+16,1.5357919101745596e+22,1.3707252613664723e+22,1.096750828253848,0.8881035353567616
mpp,125.0,0.4970452066472995,1.0982645163134358e-05,0.9984222875576689,6.892801821824985e+19,2.0255495414352516e+16,1.5357919101745596e+22,1.3668489798370464e+22,1.0969920121460002,0.8885695336200153
mpp,125.0,0.4970452066472995,1.0982921525468846e-05,0.9984474114062588,6.952770730661751e+19,2.0023296151029976e+16,1.5357919101745596e+22,1.3629356473336652e+22,1.0972306028987693,0.8890310728167374
mpp,125.0,0.4970452066472995,1.0983193616788932e-05,0.998472146980812,7.0124023755418984e+19,1.9795492240889804e+16,1.5357919101745596e+22,1.3589860692696395e+22,1.0974665843318927,0.8894881605364479
mpp,125.0,0.4970452066472995,1.0983461502893518e-05,0.9984965002630471,7.0716887095608656e+19,1.9571974178705892e+16,1.5357919101745596e+22,1.355001076961306e+22,1.0976999416755875,0.8899408052932918
mpp,125.0,0.4970452066472995,1.0983725248574186e-05,0.9985204771431079,7.1306219840541565e+19,1.9352635883275548e+16,1.5357919101745596e+22,1.3509815264781416e+22,1.0979306615522049,0.8903890165067375
mpp,125.0,0.4970452066472995,1.0983984917630406e-05,0.998544083420946,7.189194747697745e+19,1.913737458248813e+16,1.5357919101745596e+22,1.3469282974713904e+22,1.0981587319570014,0.8908328044820377
mpp,125.0,0.4970452066472995,1.0984240572884544e-05,0.9985673248076858,7.247399845281704e+19,1.892609070209522e+16,1.5357919101745596e+22,1.3428422919838604e+22,1.0983841422381022,0.8912721803905236
mpp,125.0,0.4970452066472995,1.0984492276196647e-05,0.9985902069269679,7.30523041616784e+19,1.8718687758080252e+16,1.5357919101745596e+22,1.3387244332439055e+22,1.0986068830756914,0.8917071562497363
mpp,125.0,0.4970452066472995,1.0984740088478996e-05,0.9986127353162724,7.362679892443865e+19,1.8515072252527964e+16,1.5357919101745596e+22,1.334575664446859e+22,1.098826946460475,0.8921377449034076
mpp,125.0,0.4970452066472995,1.0984984069710465e-05,0.9986349154282241,7.419741996792596e+19,1.831515357287201e+16,1.5357919101745596e+22,1.330396947526189e+22,1.099044325671475,0.8925639600013434
mpp,125.0,0.4970452066472995,1.0985224278950648e-05,0.9986567526318771,7.476410740085098e+19,1.8118843894439228e+16,1.5357919101745596e+22,1.326189261917653e+22,1.0992590152531883,0.8929858159791961
mpp,125.0,0.4970452066472995,1.0985460774353792e-05,0.9986782522139812,7.532680418717213e+19,1.7926058086173096e+16,1.5357919101745596e+22,1.3219536033188634e+22,1.0994710109921704,0.8934033280381872
mpp,125.0,0.4970452066472995,1.0985693613182519e-05,0.998699419380229,7.58854561169847e+19,1.7736713619456256e+16,1.5357919101745596e+22,1.3176909824470844e+22,1.0996803098930754,0.8938165121247621
mpp,125.0,0.4970452066472995,1.0985922851821332e-05,0.9987202592564848,7.644001177510239e+19,1.7550730479933844e+16,1.5357919101745596e+22,1.3134024237978944e+22,1.0998869101542044,0.8942253849102206
mpp,125.0,0.4970452066472995,1.0986148545789953e-05,0.9987407768899957,7.699042250748486e+19,1.7368031082236138e+16,1.5357919101745596e+22,1.3090889644068135e+22,1.1000908111426142,0.8946299637703534
mpp,125.0,0.4970452066472995,1.0986370749756428e-05,0.9987609772505843,7.753664238560302e+19,1.718854018753246e+16,1.5357919101745596e+22,1.3047516526167542e+22,1.100292013368811,0.8950302667650706
mpp,125.0,0.4970452066472995,1.0986589517550052e-05,0.998780865231823,7.80786281689071e+19,1.7012184823817414e+16,1.5357919101745596e+22,1.3003915468534228e+22,1.1004905184610814,0.8954263126180634
mpp,125.0,0.4970452066472995,1.0986804902174117e-05,0.9988004456521924,7.861633926554744e+19,1.6838894208843684e+16,1.5357919101745596e+22,1.2960097144105544e+22,1.1006863291395135,0.8958181206965299
mpp,125.0,0.4970452066472995,1.0987016955818443e-05,0.998819723256222,7.914973769144818e+19,1.6668599675628096e+16,1.5357919101745596e+22,1.2916072302474774e+22,1.10087944918973,0.8962057109909589
mpp,125.0,0.4970452066472995,1.098722572987174e-05,0.9988387027156127,7.96787880278443e+19,1.6501234600459292e+16,1.5357919101745596e+22,1.2871851758011457e+22,1.1010698834363708,0.8965891040949764
mpp,125.0,0.4970452066472995,1.0987431274933787e-05,0.9988573886303442,8.020345737749293e+19,1.6336734333304384e+16,1.5357919101745596e+22,1.282744637813814e+22,1.1012576377163905,0.8969683211853283
mpp,125.0,0.4970452066472995,1.0987633640827416e-05,0.9988757855297651,8.072371531957856e+19,1.6175036130572624e+16,1.5357919101745596e+22,1.2782867071790962e+22,1.101442718852172,0.8973433840019446
mpp,125.0,0.4970452066472995,1.0987832876610338e-05,0.998893897873667,8.123953386350504e+19,1.6016079090135236e+16,1.5357919101745596e+22,1.2738124778069855e+22,1.1016251346245252,0.8977143148281609
mpp,125.0,0.4970452066472995,1.0988029030586768e-05,0.9989117300533426,8.17508874016361e+19,1.5859804088553712e+16,1.5357919101745596e+22,1.2693230455103137e+22,1.1018048937455762,0.898081136471061
mpp,125.0,0.4970452066472995,1.0988222150318905e-05,0.9989292863926278,8.225775266116832e+19,1.570615372043207e+16,1.5357919101745596e+22,1.264819506913955e+22,1.1019820058316063,0.8984438722419962
mpp,125.0,0.4970452066472995,1.0988412282638214e-05,0.9989465711489285,8.276010865516465e+19,1.5555072239839096e+16,1.5357919101745596e+22,1.2603029583878817e+22,1.102156481375851,0.8988025459372566
mpp,125.0,0.4970452066472995,1.0988599473656549e-05,0.9989635885142317,8.325793663289446e+19,1.5406505503724282e+16,1.5357919101745596e+22,1.2557744950049264e+22,1.1023283317213084,0.8991571818189412
mpp,125.0,0.4970452066472995,1.0988783768777126e-05,0.9989803426161024,8.375122002961724e+19,1.5260400917271574e+16,1.5357919101745596e+22,1.2512352095255761e+22,1.1024975690335794,0.8995078045960206
mpp,125.0,0.4970452066472995,1.0988965212705306e-05,0.9989968375186642,8.423994441584591e+19,1.5116707381130612e+16,1.5357919101745596e+22,1.2466861914098315e+22,1.102664206273766,0.8998544394056001
mpp,125.0,0.4970452066472995,1.098914384945923e-05,0.9990130772235664,8.472409744617072e+19,1.4975375240467744e+16,1.5357919101745596e+22,1.2421285258571326e+22,1.102828257171454,0.9001971117943915
mpp,125.0,0.4970452066472995,1.0989319722380296e-05,0.999029065670936,8.52036688078712e+19,1.4836356235766112e+16,1.5357919101745596e+22,1.2375632928759836e+22,1.102989736197822,0.9005358477004332
mpp,125.0,0.4970452066472995,1.0989492874143477e-05,0.9990448067403161,8.567865016921234e+19,1.469960345533534e+16,1.5357919101745596e+22,1.2329915663827553e+22,1.103148658538885,0.9008706734350306
mpp,125.0,0.4970452066472995,1.0989663346767477e-05,0.9990603042515889,8.614903512762647e+19,1.456507128947598e+16,1.5357919101745596e+22,1.2284144133317706e+22,1.1033050400688906,0.9012016156649216
mpp,125.0,0.4970452066472995,1.0989831181624756e-05,0.9990755619658869,8.661481915789982e+19,1.4432715386217078e+16,1.5357919101745596e+22,1.2238328928756174e+22,1.103458897323935,0.9015287013947519
mpp,125.0,0.4970452066472995,1.0989996419451368e-05,0.9990905835864881,8.707599956024721e+19,1.4302492608629314e+16,1.5357919101745596e+22,1.219248055557718e+22,1.1036102474757465,0.9018519579497289
mpp,125.0,0.4970452066472995,1.0990159100356695e-05,0.9991053727596996,8.753257540860068e+19,1.4174360993607394e+16,1.5357919101745596e+22,1.2146609425364877e+22,1.1037591083057328,0.9021714129586058
mpp,125.0,0.4970452066472995,1.0990319263833002e-05,0.9991199330757274,8.798454749897433e+19,1.4048279712105572e+16,1.5357919101745596e+22,1.2100725848412418e+22,1.103905498179265,0.9024870943369147
mpp,125.0,0.4970452066472995,1.099047694876486e-05,0.9991342680695328,8.843191829807758e+19,1.392420903077859e+16,1.5357919101745596e+22,1.2054840026612963e+22,1.104049436020227,0.9027990302704657
mpp,125.0,0.4970452066472995,1.099063219343843e-05,0.9991483812216755,8.887469189219236e+19,1.3802110274968634e+16,1.5357919101745596e+22,1.200896204666894e+22,1.1041909412858544,0.9031072491991416
mpp,125.0,0.4970452066472995,1.0990785035550604e-05,0.9991622759591459,8.931287393640419e+19,1.3681945792999884e+16,1.5357919101745596e+22,1.196310187362715e+22,1.1043300339418791,0.9034117798009843
mpp,125.0,0.4970452066472995,1.0990935512218005e-05,0.9991759556561823,8.974647160421571e+19,1.3563678921746526e+16,1.5357919101745596e+22,1.1917269344744985e+22,1.104466734437981,0.903712650976551
mpp,125.0,0.4970452066472995,1.0991083659985862e-05,0.9991894236350785,9.017549353758165e+19,1.3447273953413222e+16,1.5357919101745596e+22,1.1871474163668895e+22,1.1046010636835855,0.9040098918335943
mpp,125.0,0.4970452066472995,1.0991229514836739e-05,0.9992026831669762,9.059994979747039e+19,1.3332696103510212e+16,1.5357919101745596e+22,1.182572589495024e+22,1.1047330430239888,0.904303531672008
mpp,125.0,0.4970452066472995,1.0991373112199139e-05,0.9992157374726489,9.101985181491708e+19,1.3219911479960636e+16,1.5357919101745596e+22,1.1780033958867364e+22,1.1048626942168591,0.904593599969105
mpp,125.0,0.4970452066472995,1.0991514486955977e-05,0.9992285897232706,9.143521234264765e+19,1.310888705332429e+16,1.5357919101745596e+22,1.1734407626574057e+22,1.1049900394090888,0.904880126365167
mpp,125.0,0.4970452066472995,1.0991653673452932e-05,0.9992412430411757,9.184604540737431e+19,1.29995906280748e+16,1.5357919101745596e+22,1.168885601555868e+22,1.1051151011140428,0.905163140649334
mpp,125.0,0.4970452066472995,1.0991790705506659e-05,0.9992537005006054,9.22523662626176e+19,1.2891990814928292e+16,1.5357919101745596e+22,1.1643388085415463e+22,1.1052379021891765,0.905442672745755
mpp,125.0,0.4970452066472995,1.0991925616412885e-05,0.9992659651284441,9.265419134230402e+19,1.2786057004148382e+16,1.5357919101745596e+22,1.1598012633917099e+22,1.1053584658140725,0.905718752700091
mpp,125.0,0.4970452066472995,1.099205843895439e-05,0.9992780399049446,9.305153821503757e+19,1.2681759339826998e+16,1.5357919101745596e+22,1.1552738293396009e+22,1.105476815468868,0.9059914106663
mpp,125.0,0.4970452066472995,1.0992189205408847e-05,0.9992899277644407,9.344442553905478e+19,1.2579068695094178e+16,1.5357919101745596e+22,1.1507573527416335e+22,1.1055929749130942,0.9062606768937227
mpp,125.0,0.4970452066472995,1.099231794755657e-05,0.9993016315960519,9.383287301798858e+19,1.2477956648217652e+16,1.5357919101745596e+22,1.146252662773516e+22,1.105706968164949,0.9065265817145066
mpp,125.0,0.4970452066472995,1.0992444696688121e-05,0.9993131542443747,9.421690135736603e+19,1.2378395459579844e+16,1.5357919101745596e+22,1.1417605711554113e+22,1.105818819480978,0.9067891555313047
mpp,125.0,0.4970452066472995,1.0992569483611817e-05,0.9993244985101652,9.459653222192757e+19,1.2280358049484432e+16,1.5357919101745596e+22,1.1372818719046642e+22,1.1059285533361947,0.9070484288053011
mpp,125.0,0.4970452066472995,1.099269233866112e-05,0.999335667151011,9.497178819373297e+19,1.2183817976769838e+16,1.5357919101745596e+22,1.1328173411153314e+22,1.1060361944046346,0.9073044320445436
mpp,125.0,0.4970452066472995,1.0992813291701904e-05,0.9993466628819914,9.534269273105957e+19,1.2088749418214674e+16,1.5357919101745596e+22,1.1283677367651092e+22,1.1061417675403333,0.9075571957925509
mpp,125.0,0.4970452066472995,1.0992932372139636e-05,0.9993574883763305,9.570927012820007e+19,1.1995127148676582e+16,1.5357919101745596e+22,1.1239337985472465e+22,1.1062452977587667,0.90780675061727
mpp,125.0,0.4970452066472995,1.099304960892642e-05,0.9993681462660382,9.607154547604876e+19,1.1902926521970488e+16,1.5357919101745596e+22,1.1195162477281155e+22,1.106346810218716,0.9080531271002973
mpp,125.0,0.4970452066472995,1.0993165030567958e-05,0.9993786391425417,9.64295446235602e+19,1.1812123452442936e+16,1.5357919101745596e+22,1.1151157870290885e+22,1.1064463302045815,0.9082963558264113
mpp,125.0,0.4970452066472995,1.0993278665130389e-05,0.9993889695573082,9.678329414005826e+19,1.1722694397220634e+16,1.5357919101745596e+22,1.1107331005320268e+22,1.106543883109144,0.9085364673734037
mpp,125.0,0.4970452066472995,1.0993390540247038e-05,0.999399140022458,9.713282127841567e+19,1.1634616339108118e+16,1.5357919101745596e+22,1.1063688536075088e+22,1.1066394944167715,0.9087734923022072
mpp,125.0,0.4970452066472995,1.0993500683125042e-05,0.9994091530113676,9.747815393907216e+19,1.1547866770121658e+16,1.5357919101745596e+22,1.1020236928657398e+22,1.1067331896870651,0.9090074611472982
mpp,125.0,0.4970452066472995,1.0993609120551912e-05,0.9994190109592647,9.781932063497065e+19,1.146242367561271e+16,1.5357919101745596e+22,1.0976982461280151e+22,1.106824994538964,0.9092384044074214
mpp,125.0,0.4970452066472995,1.0993715878901939e-05,0.9994287162638127,9.815635045728399e+19,1.137826551899556e+16,1.5357919101745596e+22,1.0933931224198264e+22,1.1069149346352745,0.9094663525365508
mpp,125.0,0.4970452066472995,1.0993820984142568e-05,0.9994382712856881,9.848927304208104e+19,1.1295371227017978e+16,1.5357919101745596e+22,1.0891089119829603e+22,1.1070030356676617,0.9096913359351819
mpp,125.0,0.4970452066472995,1.0993924461840627e-05,0.9994476783491479,9.881811853782272e+19,1.121372017558108e+16,1.5357919101745596e+22,1.0848461863068446e+22,1.107089323342073,0.909913384941881
mpp,125.0,0.4970452066472995,1.0994026337168478e-05,0.999456939742589,9.914291757370892e+19,1.1133292176083344e+16,1.5357919101745596e+22,1.0806054981784608e+22,1.1071738233646002,0.9101325298251055
mpp,125.0,0.4970452066472995,1.0994126634910076e-05,0.9994660577190979,9.946370122888298e+19,1.1054067462267926e+16,1.5357919101745596e+22,1.0763873817497707e+22,1.1072565614277774,0.9103488007752967
mpp,125.0,0.4970452066472995,1.0994225379466936e-05,0.9994750344969942,9.978050100250793e+19,1.0976026677545746e+16,1.5357919101745596e+22,1.072192352621295e+22,1.107337563197317,0.9105622278972573
mpp,125.0,0.4970452066472995,1.0994322594864e-05,0.9994838722603636,1.000933487846585e+20,1.0899150862793742e+16,1.5357919101745596e+22,1.068020907942372e+22,1.1074168542992733,0.9107728412027752
mpp,125.0,0.4970452066472995,1.0994418304755431e-05,0.9994925731595847,1.004022768280629e+20,1.0823421444597552e+16,1.5357919101745596e+22,1.063873526526171e+22,1.107494460307632,0.9109806706035181
mpp,125.0,0.4970452066472995,1.0994512532430303e-05,0.9995011393118458,1.0070731772064747e+20,1.0748820223931756e+16,1.5357919101745596e+22,1.0597506689796565e+22,1.1075704067323195,0.9111857459041677
mpp,125.0,0.4970452066472995,1.0994605300818213e-05,0.9995095728016559,1.0100850435894601e+20,1.0675329365245396e+16,1.5357919101745596e+22,1.0556527778465382e+22,1.1076447190076402,0.9113880967958387
mpp,125.0,0.4970452066472995,1.099469663249481e-05,0.9995178756813463,1.0130586992226453e+20,1.0602931385960424e+16,1.5357919101745596e+22,1.0515802777639664e+22,1.107717422481118,0.9115877528497114
mpp,125.0,0.4970452066472995,1.0994786549687217e-05,0.9995260499715652,1.0159944784765744e+20,1.0531609146351692e+16,1.5357919101745596e+22,1.047533575631357e+22,1.1077885424027474,0.9117847435109162
mpp,125.0,0.4970452066472995,1.0994875074279418e-05,0.9995340976617653,1.018892718057236e+20,1.0461345839790412e+16,1.5357919101745596e+22,1.0435130607903045e+22,1.10785810391466,0.9119790980926817
mpp,125.0,0.4970452066472995,1.0994962227817505e-05,0.9995420207106823,1.0217537567712143e+20,1.039212498335665e+16,1.5357919101745596e+22,1.0395191052160821e+22,1.107926132041175,0.9121708457706796
mpp,125.0,0.4970452066472995,1.0995048031514896e-05,0.9995498210468088,1.0245779352990382e+20,1.0323930408783734e+16,1.5357919101745596e+22,1.0355520637187998e+22,1.1079926516792586,0.9123600155776385
mpp,125.0,0.4970452066472995,1.0995132506257437e-05,0.999557500568858,1.027365595975532e+20,1.0256746253741348e+16,1.5357919101745596e+22,1.0316122741544543e+22,1.108057687589358,0.9125466363981505
mpp,125.0,0.4970452066472995,1.0995215672608444e-05,0.9995650611462221,1.0301170825777978e+20,1.0190556953434116e+16,1.5357919101745596e+22,1.0277000576449347e+22,1.1081212643866258,0.9127307369637162
mpp,125.0,0.4970452066472995,1.0995297550813662e-05,0.9995725046194238,1.0328327401204756e+20,1.0125347232502476e+16,1.5357919101745596e+22,1.023815718806028e+22,1.1081834065325213,0.9129123458480072
mpp,125.0,0.4970452066472995,1.0995378160806157e-05,0.9995798328005597,1.0355129146579798e+20,1.006110209722116e+16,1.5357919101745596e+22,1.0199595459833556e+22,1.108244138326779,0.9130914914623349
mpp,125.0,0.4970452066472995,1.099545752221112e-05,0.9995870474737383,1.0381579530938368e+20,9997806827976126.0,1.5357919101745596e+22,1.016131811495045e+22,1.108303483899745,0.9132682020513365
mpp,125.0,0.4970452066472995,1.0995535654350611e-05,0.9995941503955101,1.0407682029967514e+20,9935446972016578.0,1.5357919101745596e+22,1.0123327718812675e+22,1.1083614672050697,0.9134425056888542
mpp,125.0,0.4970452066472995,1.0995612576248216e-05,0.9996011432952924,1.0433440124234133e+20,9874008336466482.0,1.5357919101745596e+22,1.0085626681594613e+22,1.108418112012752,0.9136144302740193
mpp,125.0,0.4970452066472995,1.0995688306633648e-05,0.9996080278757862,1.0458857297479983e+20,9813476981585606.0,1.5357919101745596e+22,1.0048217260850049e+22,1.108473441902534,0.9137840035275329
mpp,125.0,0.4970452066472995,1.0995762863947264e-05,0.9996148058133876,1.0483937034977929e+20,9753839214277354.0,1.5357919101745596e+22,1.0011101564170018e+22,1.1085274802576213,0.9139512529881205
mpp,125.0,0.4970452066472995,1.0995836266344527e-05,0.9996214787585934,1.0508682821956126e+20,9695081581814056.0,1.5357919101745596e+22,9.974281551874961e+21,1.1085802502587578,0.9141162060092123
mpp,125.0,0.4970452066472995,1.099590853170039e-05,0.9996280483363992,1.0533098142076263e+20,9637190865803826.0,1.5357919101745596e+22,9.93775903975711e+21,1.108631774878603,0.9142788897557523
mpp,125.0,0.4970452066472995,1.0995979677613609e-05,0.9996345161466917,1.0557186475976525e+20,9580154076359354.0,1.5357919101745596e+22,9.901535701849506e+21,1.1086820768764398,0.9144393312012147
mpp,125.0,0.4970452066472995,1.0996049721411005e-05,0.9996408837646369,1.0580951299876736e+20,9523958446468220.0,1.5357919101745596e+22,9.865613073222952e+21,1.1087311787931986,0.9145975571248068
mpp,125.0,0.4970452066472995,1.0996118680151648e-05,0.999647152741059,1.0604396084231204e+20,9468591426574882.0,1.5357919101745596e+22,9.82999255281395e+21,1.1087791029467737,0.9147535941087975
mpp,125.0,0.4970452066472995,1.0996186570630982e-05,0.9996533246028165,1.0627524292443814e+20,9414040679339186.0,1.5357919101745596e+22,9.794675406265637e+21,1.1088258714276489,0.9149074685360473
mpp,125.0,0.4970452066472995,1.099625340938488e-05,0.999659400853171,1.065033937963536e+20,9360294074584268.0,1.5357919101745596e+22,9.759662768790524e+21,1.1088715060948076,0.9150592065876744
mpp,125.0,0.4970452066472995,1.0996319212693658e-05,0.9996653829721508,1.0672844791468355e+20,9307339684411364.0,1.5357919101745596e+22,9.724955648041857e+21,1.1089160285719357,0.9152088342409035
mpp,125.0,0.4970452066472995,1.0996383996585998e-05,0.9996712724169089,1.0695043963013834e+20,9255165778493478.0,1.5357919101745596e+22,9.690554926996071e+21,1.1089594602438915,0.9153563772670273
mpp,125.0,0.4970452066472995,1.0996447776842829e-05,0.9996770706220754,1.0716940317676188e+20,9203760819520322.0,1.5357919101745596e+22,9.656461366837648e+21,1.1090018222534548,0.9155018612295512
mpp,125.0,0.4970452066472995,1.099651056900115e-05,0.9996827790001046,1.0738537266165604e+20,9153113458805202.0,1.5357919101745596e+22,9.62267560985158e+21,1.1090431354983337,0.9156453114824528
mpp,125.0,0.4970452066472995,1.0996572388357787e-05,0.999688398941617,1.0759838205516567e+20,9103212532031300.0,1.5357919101745596e+22,9.589198182303152e+21,1.109083420628437,0.915786753168612
mpp,125.0,0.4970452066472995,1.0996633249973086e-05,0.9996939318157352,1.0780846518148596e+20,9054047055154778.0,1.5357919101745596e+22,9.55602949732543e+21,1.1091226980433828,0.915926211218332
mpp,125.0,0.4970452066472995,1.0996693168674577e-05,0.9996993789704162,1.0801565570983418e+20,9005606220428338.0,1.5357919101745596e+22,9.523169857790563e+21,1.1091609878902666,0.9160637103480419
mpp,125.0,0.4970452066472995,1.0996752159060546e-05,0.9997047417327769,1.0821998714591671e+20,8957879392569417.0,1.5357919101745596e+22,9.490619459173643e+21,1.1091983100616523,0.9161992750590845
mpp,125.0,0.4970452066472995,1.0996810235503576e-05,0.999710021409416,1.0842149282390619e+20,8910856105047246.0,1.5357919101745596e+22,9.458378392402443e+21,1.1092346841938017,0.9163329296366526
mpp,125.0,0.4970452066472995,1.0996867412154028e-05,0.9997152192867298,1.0862020589882404e+20,8864526056495016.0,1.5357919101745596e+22,9.426446646695412e+21,1.1092701296651206,0.9164646981488301
mpp,125.0,0.4970452066472995,1.0996923702943464e-05,0.9997203366312241,1.0881615933926069e+20,8818879107235312.0,1.5357919101745596e+22,9.394824112374082e+21,1.1093046655948262,0.9165946044457605
mpp,125.0,0.4970452066472995,1.099697912158803e-05,0.9997253746898209,1.0900938592057097e+20,8773905275917103.0,1.5357919101745596e+22,9.363510583661665e+21,1.1093383108418242,0.916722672158926
mpp,125.0,0.4970452066472995,1.0997033681591765e-05,0.9997303346901605,1.0919991821836524e+20,8729594736264395.0,1.5357919101745596e+22,9.332505761458634e+21,1.1093710840037816,0.9168489247005229
mpp,125.0,0.4970452066472995,1.0997087396249881e-05,0.9997352178408984,1.0938778860237755e+20,8685937813923959.0,1.5357919101745596e+22,9.301809256090768e+21,1.1094030034164069,0.9169733852629549
mpp,125.0,0.4970452066472995,1.0997140278651987e-05,0.9997400253319989,1.0957302923076085e+20,8642924983408240.0,1.5357919101745596e+22,9.271420590033778e+21,1.1094340871529131,0.917096076818434
mpp,125.0,0.4970452066472995,1.0997192341685253e-05,0.999744758335023,1.0975567204457528e+20,8600546865142980.0,1.5357919101745596e+22,9.241339200608887e+21,1.1094643530236663,0.9172170221186567
mpp,125.0,0.4970452066472995,1.0997243598037532e-05,0.9997494180034121,1.0993574876276133e+20,8558794222597392.0,1.5357919101745596e+22,9.211564442652693e+21,1.1094938185760133,0.9173362436945961
mpp,125.0,0.4970452066472995,1.0997294060200454e-05,0.9997540054727685,1.1011329087731905e+20,8517657959500737.0,1.5357919101745596e+22,9.18209559114566e+21,1.1095225010942804,0.9174537638563889
mpp,125.0,0.4970452066472995,1.0997343740472423e-05,0.9997585218611293,1.1028832964883484e+20,8477129117154423.0,1.5357919101745596e+22,9.152931843825568e+21,1.1095504175999342,0.9175696046932794
mpp,125.0,0.4970452066472995,1.0997392650961624e-05,0.9997629682692385,1.104608961023072e+20,8437198871811056.0,1.5357919101745596e+22,9.124072323750975e+21,1.1095775848519036,0.9176837880736853
mpp,125.0,0.4970452066472995,1.099744080358895e-05,0.9997673457808136,1.1063102102326293e+20,8397858532134272.0,1.5357919101745596e+22,9.095516081836643e+21,1.1096040193470613,0.9177963356453397
mpp,125.0,0.4970452066472995,1.0997488210090888e-05,0.999771655462808,1.1079873495412197e+20,8359099536741912.0,1.5357919101745596e+22,9.067262099358545e+21,1.109629737320838,0.9179072688354818
mpp,125.0,0.4970452066472995,1.0997534882022375e-05,0.9997758983656704,1.1096406819085792e+20,8320913451805326.0,1.5357919101745596e+22,9.039309290409542e+21,1.1096547547479947,0.9180166088511724
mpp,125.0,0.4970452066472995,1.099758083075959e-05,0.999780075523599,1.111270507799158e+20,8283291968730224.0,1.5357919101745596e+22,9.011656504331318e+21,1.109679087343519,0.9181243766796424
mpp,125.0,0.4970452066472995,1.0997626067502723e-05,0.999784187954793,1.1128771251534093e+20,8246226901895357.0,1.5357919101745596e+22,8.9843025280964e+21,1.1097027505636574,0.9182305930887359
mpp,125.0,0.4970452066472995,1.099767060327868e-05,0.9997882366616982,1.1144608293619104e+20,8209710186462273.0,1.5357919101745596e+22,8.957246088663136e+21,1.1097257596070675,0.9183352786273992
mpp,125.0,0.4970452066472995,1.0997714448943772e-05,0.9997922226312521,1.1160219132415261e+20,8173733876233404.0,1.5357919101745596e+22,8.93048585527608e+21,1.1097481294160974,0.9184384536262699
mpp,125.0,0.4970452066472995,1.099775761518634e-05,0.999796146835122,1.1175606670140898e+20,8138290141578909.0,1.5357919101745596e+22,8.904020441739426e+21,1.109769874678172,0.9185401381982998
mpp,125.0,0.4970452066472995,1.0997800112529352e-05,0.9998000102299411,1.1190773782866824e+20,8103371267417078.0,1.5357919101745596e+22,8.877848408642669e+21,1.1097910098272903,0.9186403522394453
mpp,125.0,0.4970452066472995,1.0997841951332953e-05,0.9998038137575411,1.120572332034555e+20,8068969651245410.0,1.5357919101745596e+22,8.851968265547584e+21,1.1098115490456288,0.9187391154294218
mpp,125.0,0.4970452066472995,1.099788314179698e-05,0.9998075583451801,1.1220458105856469e+20,8035077801227936.0,1.5357919101745596e+22,8.826378473134585e+21,1.1098315062652384,0.918836447232506
mpp,125.0,0.4970452066472995,1.099792369396345e-05,0.9998112449057681,1.1234980936071e+20,8001688334326960.0,1.5357919101745596e+22,8.801077445302732e+21,1.109850895169842,0.9189323668984016
mpp,125.0,0.4970452066472995,1.0997963617718971e-05,0.9998148743380884,1.1249294580937464e+20,7968793974489992.0,1.5357919101745596e+22,8.776063551237704e+21,1.1098697291967132,0.9190268934631369
mpp,125.0,0.4970452066472995,1.0998002922797174e-05,0.9998184475270158,1.1263401783579564e+20,7936387550873286.0,1.5357919101745596e+22,8.751335117423565e+21,1.109888021538647,0.9191200457500376
mpp,125.0,0.4970452066472995,1.0998041618781049e-05,0.9998219653437317,1.1277305260219634e+20,7904461996116667.0,1.5357919101745596e+22,8.726890429627335e+21,1.1099057851460048,0.9192118423707256
mpp,125.0,0.4970452066472995,1.0998079715105292e-05,0.9998254286459356,1.1291007700106884e+20,7873010344656712.0,1.5357919101745596e+22,8.702727734827342e+21,1.1099230327288385,0.9193023017261737
mpp,125.0,0.4970452066472995,1.0998117221058578e-05,0.9998288382780526,1.1304511765470278e+20,7842025731089684.0,1.5357919101745596e+22,8.678845243117143e+21,1.1099397767590795,0.9193914420077781
mpp,125.0,0.4970452066472995,1.0998154145785834e-05,0.9998321950714395,1.1317820091483056e+20,7811501388557058.0,1.5357919101745596e+22,8.655241129545678e+21,1.1099560294728017,0.9194792811985174
mpp,125.0,0.4970452066472995,1.099819049829045e-05,0.9998354998445864,1.1330935286240707e+20,7781430647183353.0,1.5357919101745596e+22,8.631913535931367e+21,1.109971802872544,0.9195658370741107
mpp,125.0,0.4970452066472995,1.0998226287436464e-05,0.999838753403315,1.1343859930753928e+20,7751806932550069.0,1.5357919101745596e+22,8.608860572634992e+21,1.109987108729686,0.9196511272042122
mpp,125.0,0.4970452066472995,1.0998261521950722e-05,0.9998419565409749,1.1356596578952548e+20,7722623764192314.0,1.5357919101745596e+22,8.586080320275042e+21,1.1100019585868883,0.919735168953675
mpp,125.0,0.4970452066472995,1.0998296210424997e-05,0.9998451100386361,1.1369147757706507e+20,7693874754143815.0,1.5357919101745596e+22,8.563570831422434e+21,1.1100163637605736,0.9198179794838074
mpp,125.0,0.4970452066472995,1.0998330361318067e-05,0.9998482146652787,1.1381515966852375e+20,7665553605506900.0,1.5357919101745596e+22,8.541330132239597e+21,1.1100303353434597,0.9198995757536823
mpp,125.0,0.4970452066472995,1.0998363982957783e-05,0.9998512711779803,1.1393703679236684e+20,7637654111050958.0,1.5357919101745596e+22,8.519356224080622e+21,1.1100438842071372,0.9199799745214821
mpp,125.0,0.4970452066472995,1.099839708354309e-05,0.9998542803220991,1.1405713340768759e+20,7610170151851535.0,1.5357919101745596e+22,8.497647085060424e+21,1.11005702100468,0.9200591923458431
mpp,125.0,0.4970452066472995,1.0998429671146006e-05,0.999857242831455,1.1417547370477973e+20,7583095695953538.0,1.5357919101745596e+22,8.476200671574566e+21,1.1100697561732977,0.9201372455872425
mpp,125.0,0.4970452066472995,1.0998461753713601e-05,0.9998601594285093,1.1429208160593643e+20,7556424797052465.0,1.5357919101745596e+22,8.455014919776855e+21,1.110082099937022,0.9202141504094347
mpp,125.0,0.4970452066472995,1.0998493339069924e-05,0.9998630308245385,1.1440698076622864e+20,7530151593220858.0,1.5357919101745596e+22,8.434087747029515e+21,1.1100940623094167,0.9202899227808624
mpp,125.0,0.4970452066472995,1.0998524434917892e-05,0.9998658577198084,1.1452019457438374e+20,7504270305651486.0,1.5357919101745596e+22,8.413417053304325e+21,1.1101056530963176,0.9203645784761147
mpp,125.0,0.4970452066472995,1.0998555048841182e-05,0.9998686408037438,1.1463174615384175e+20,7478775237422160.0,1.5357919101745596e+22,8.393000722548223e+21,1.1101168818985987,0.9204381330774181
mpp,125.0,0.4970452066472995,1.0998585188306059e-05,0.9998713807550962,1.1474165836378556e+20,7453660772294641.0,1.5357919101745596e+22,8.372836624013473e+21,1.1101277581149527,0.9205106019761152
mpp,125.0,0.4970452066472995,1.0998614860663196e-05,0.9998740782421087,1.1484995380028937e+20,7428921373528825.0,1.5357919101745596e+22,8.352922613544261e+21,1.1101382909446944,0.9205820003741886
mpp,125.0,0.4970452066472995,1.0998644073149468e-05,0.9998767339226788,1.1495665479757423e+20,7404551582724699.0,1.5357919101745596e+22,8.333256534833947e+21,1.1101484893905766,0.9206523432857843
mpp,125.0,0.4970452066472995,1.0998672832889698e-05,0.9998793484445181,1.1506178342928028e+20,7380546018684624.0,1.5357919101745596e+22,8.313836220639982e+21,1.1101583622616187,0.9207216455387567
mpp,125.0,0.4970452066472995,1.0998701146898405e-05,0.9998819224453096,1.1516536150980882e+20,7356899376297655.0,1.5357919101745596e+22,8.294659493964424e+21,1.110167918175945,0.9207899217762244
mpp,125.0,0.4970452066472995,1.0998729022081493e-05,0.9998844565528631,1.152674105957697e+20,7333606425445941.0,1.5357919101745596e+22,8.275724169202517e+21,1.110177165563631,0.9208571864581355
mpp,125.0,0.4970452066472995,1.0998756465237942e-05,0.9998869513852675,1.1536795198745174e+20,7310662009928118.0,1.5357919101745596e+22,8.257028053251707e+21,1.1101861126695525,0.9209234538628527
mpp,125.0,0.4970452066472995,1.0998783483061462e-05,0.999889407551042,1.1546700673035441e+20,7288061046399725.0,1.5357919101745596e+22,8.238568946583116e+21,1.1101947675562431,0.9209887380887549
mpp,125.0,0.4970452066472995,1.099881008214211e-05,0.9998918256492828,1.1556459561675504e+20,7265798523346718.0,1.5357919101745596e+22,8.220344644294652e+21,1.1102031381067425,0.9210530530558086
mpp,125.0,0.4970452066472995,1.099883626896791e-05,0.99989420626981,1.1566073918739887e+20,7243869500054366.0,1.5357919101745596e+22,8.202352937109816e+21,1.1102112320274544,0.9211164125072128
mpp,125.0,0.4970452066472995,1.0998862049926409e-05,0.9998965499933099,1.1575545773310117e+20,7222269105618976.0,1.5357919101745596e+22,8.184591612363655e+21,1.11021905685099,0.9211788300109771
mpp,125.0,0.4970452066472995,1.0998887431306253e-05,0.9998988573914775,1.1584877129652463e+20,7200992537954472.0,1.5357919101745596e+22,8.16705845494009e+21,1.1102266199390152,0.9212403189615739
mpp,125.0,0.4970452066472995,1.0998912419298702e-05,0.9999011290271548,1.1594069967393753e+20,7180035062831397.0,1.5357919101745596e+22,8.149751248191606e+21,1.1102339284850846,0.9213008925815467
mpp,125.0,0.4970452066472995,1.0998937019999144e-05,0.9999033654544677,1.1603126241700258e+20,7159392012923558.0,1.5357919101745596e+22,8.132667774817917e+21,1.1102409895174687,0.9213605639231511
mpp,125.0,0.4970452066472995,1.0998961239408573e-05,0.9999055672189612,1.161204788346039e+20,7139058786874678.0,1.5357919101745596e+22,8.115805817719676e+21,1.1102478099019695,0.9214193458699849
mpp,125.0,0.4970452066472995,1.0998985083435049e-05,0.9999077348577318,1.1620836799473161e+20,7119030848379751.0,1.5357919101745596e+22,8.099163160823514e+21,1.110254396344724,0.9214772511386237
mpp,125.0,0.4970452066472995,1.0999008557895145e-05,0.9999098688995587,1.162949487264025e+20,7099303725274873.0,1.5357919101745596e+22,8.082737589870522e+21,1.1102607553949948,0.9215342922802764
mpp,125.0,0.4970452066472995,1.0999031668515347e-05,0.9999119698650316,1.1638023962152881e+20,7079873008656807.0,1.5357919101745596e+22,8.066526893189314e+21,1.1102668934479423,0.9215904816823991
mpp,125.0,0.4970452066472995,1.099905442093346e-05,0.9999140382666782,1.1646425903690996e+20,7060734351999006.0,1.5357919101745596e+22,8.050528862426647e+21,1.1102728167473837,0.9216458315703598
mpp,125.0,0.4970452066472995,1.0999076820699974e-05,0.9999160746090886,1.1654702509621194e+20,7041883470292463.0,1.5357919101745596e+22,8.034741293261774e+21,1.110278531388532,0.9217003540090704
mpp,125.0,0.4970452066472995,1.0999098873279417e-05,0.999918079389038,1.1662855569195619e+20,7023316139196663.0,1.5357919101745596e+22,8.019161986089335e+21,1.1102840433207155,0.9217540609046284
mpp,125.0,0.4970452066472995,1.0999120584051686e-05,0.9999200530956078,1.1670886848753205e+20,7005028194202975.0,1.5357919101745596e+22,8.00378874667537e+21,1.1102893583500788,0.9218069640059581
mpp,125.0,0.4970452066472995,1.0999141958313349e-05,0.9999219962103045,1.1678798091922047e+20,6987015529815089.0,1.5357919101745596e+22,7.988619386792995e+21,1.110294482142258,0.9218590749064381
mpp,125.0,0.4970452066472995,1.0999163001278949e-05,0.9999239092071772,1.1686591019828699e+20,6969274098731982.0,1.5357919101745596e+22,7.973651724824981e+21,1.11029942022504,0.9219104050455538
mpp,125.0,0.4970452066472995,1.0999183718082255e-05,0.9999257925529323,1.169426733130051e+20,6951799911057384.0,1.5357919101745596e+22,7.958883586352977e+21,1.1103041779909903,0.9219609657105051
mpp,125.0,0.4970452066472995,1.0999204113777527e-05,0.9999276467070479,1.1701828703075125e+20,6934589033507170.0,1.5357919101745596e+22,7.944312804711181e+21,1.1103087607000632,0.9220107680378509
mpp,125.0,0.4970452066472995,1.0999224193340739e-05,0.9999294721218854,1.1709276790009848e+20,6917637588634039.0,1.5357919101745596e+22,7.929937221522039e+21,1.110313173482182,0.9220598230151327
mpp,125.0,0.4970452066472995,1.0999243961670792e-05,0.9999312692427993,1.1716613225289859e+20,6900941754069873.0,1.5357919101745596e+22,7.915754687215985e+21,1.1103174213397962,0.9221081414824753
mpp,125.0,0.4970452066472995,1.0999263423590703e-05,0.9999330385082457,1.172383962064047e+20,6884497761769111.0,1.5357919101745596e+22,7.901763061519213e+21,1.1103215091504082,0.9221557341342096
mpp,125.0,0.4970452066472995,1.099928258384879e-05,0.9999347803498899,1.1730957566540248e+20,6868301897260683.0,1.5357919101745596e+22,7.887960213917566e+21,1.1103254416690778,0.9222026115204979
mpp,125.0,0.4970452066472995,1.0999301447119812e-05,0.9999364951927101,1.1737968632426398e+20,6852350498931588.0,1.5357919101745596e+22,7.8743440241184e+21,1.1103292235308913,0.9222487840488913
mpp,125.0,0.4970452066472995,1.0999320018006121e-05,0.999938183455102,1.174487436691362e+20,6836639957291608.0,1.5357919101745596e+22,7.860912382466739e+21,1.1103328592534094,0.922294261985965
mpp,125.0,0.4970452066472995,1.0999338301038783e-05,0.9999398455489803,1.1751676298005204e+20,6821166714268350.0,1.5357919101745596e+22,7.847663190360109e+21,1.11033635323908,0.922339055458888
mpp,125.0,0.4970452066472995,1.0999356300678668e-05,0.9999414818798789,1.1758375933304108e+20,6805927262507889.0,1.5357919101745596e+22,7.834594360637573e+21,1.1103397097776233,0.9223831744569985
mpp,125.0,0.4970452066472995,1.0999374021317546e-05,0.9999430928470496,1.176497476022665e+20,6790918144680674.0,1.5357919101745596e+22,7.82170381794821e+21,1.1103429330483872,0.9224266288333833
mpp,125.0,0.4970452066472995,1.0999391467279158e-05,0.9999446788435599,1.1771474246214974e+20,6776135952801307.0,1.5357919101745596e+22,7.808989499103807e+21,1.1103460271226713,0.9224694283064383
mpp,125.0,0.4970452066472995,1.0999408642820265e-05,0.9999462402563877,1.177787583894942e+20,6761577327557301.0,1.5357919101745596e+22,7.796449353414593e+21,1.1103489959660193,0.9225115824614202
mpp,125.0,0.4970452066472995,1.0999425552131683e-05,0.9999477774665166,1.1784180966563152e+20,6747238957642543.0,1.5357919101745596e+22,7.784081343002799e+21,1.110351843440482,0.9225531007520027
mpp,125.0,0.4970452066472995,1.0999442199339309e-05,0.9999492908490282,1.1790391037851463e+20,6733117579107583.0,1.5357919101745596e+22,7.771883443106562e+21,1.110354573306846,0.9225939925018021
mpp,125.0,0.4970452066472995,1.0999458588505128e-05,0.9999507807731934,1.1796507442485618e+20,6719209974708953.0,1.5357919101745596e+22,7.759853642358125e+21,1.1103571892268334,0.9226342669059202
mpp,125.0,0.4970452066472995,1.0999474723628188e-05,0.9999522476025626,1.180253155122143e+20,6705512973278747.0,1.5357919101745596e+22,7.747989943056862e+21,1.110359694765266,0.9226739330324454
mpp,125.0,0.4970452066472995,1.0999490608645592e-05,0.9999536916950538,1.1808464716110784e+20,6692023449094599.0,1.5357919101745596e+22,7.736290361419792e+21,1.1103620933922018,0.9227129998239679
mpp,125.0,0.4970452066472995,1.0999506247433445e-05,0.9999551134030404,1.1814308270714336e+20,6678738321254958.0,1.5357919101745596e+22,7.724752927814682e+21,1.1103643884850345,0.9227514760990924
mpp,125.0,0.4970452066472995,1.0999521643807803e-05,0.9999565130734367,1.1820063530306624e+20,6665654553076419.0,1.5357919101745596e+22,7.71337568698975e+21,1.110366583330564,0.9227893705539016
mpp,125.0,0.4970452066472995,1.0999536801525606e-05,0.9999578910477824,1.1825731792087545e+20,6652769151481945.0,1.5357919101745596e+22,7.702156698274616e+21,1.1103686811270324,0.9228266917634587
mpp,125.0,0.4970452066472995,1.0999551724285584e-05,0.9999592476623258,1.1831314335386475e+20,6640079166413974.0,1.5357919101745596e+22,7.691094035782087e+21,1.1103706849861286,0.9228634481832506
mpp,125.0,0.4970452066472995,1.0999566415729164e-05,0.9999605832481058,1.1836812421871929e+20,6627581690239756.0,1.5357919101745596e+22,7.680185788583535e+21,1.1103725979349595,0.9228996481506649
mpp,125.0,0.4970452066472995,1.0999580879441357e-05,0.9999618981310325,1.1842227295755652e+20,6615273857175250.0,1.5357919101745596e+22,7.669430060880621e+21,1.11037442291799,0.9229352998864251
mpp,125.0,0.4970452066472995,1.0999595118951634e-05,0.9999631926319668,1.1847560183997722e+20,6603152842713287.0,1.5357919101745596e+22,7.658824972161771e+21,1.1103761627989488,0.922970411496024
mpp,125.0,0.4970452066472995,1.099960913773478e-05,0.9999644670667982,1.185281229651075e+20,6591215863055479.0,1.5357919101745596e+22,7.64836865734305e+21,1.1103778203627024,0.9230049909711563
mpp,125.0,0.4970452066472995,1.0999622939211742e-05,0.9999657217465221,1.185798482635986e+20,6579460174560365.0,1.5357919101745596e+22,7.638059266904765e+21,1.1103793983170975,0.923039046191115
mpp,125.0,0.4970452066472995,1.099963652675047e-05,0.9999669569773154,1.186307894996592e+20,6567883073188799.0,1.5357919101745596e+22,7.62789496700885e+21,1.1103808992947708,0.9230725849242044
mpp,125.0,0.4970452066472995,1.0999649903666725e-05,0.9999681730606114,1.1868095827304979e+20,6556481893961848.0,1.5357919101745596e+22,7.617873939609303e+21,1.1103823258549268,0.9231056148291257
mpp,125.0,0.4970452066472995,1.0999663073224897e-05,0.9999693702931725,1.1873036602105263e+20,6545254010429268.0,1.5357919101745596e+22,7.607994382555551e+21,1.110383680485082,0.9231381434563414
mpp,125.0,0.4970452066472995,1.0999676038638799e-05,0.9999705489671635,1.1877902402048097e+20,6534196834132967.0,1.5357919101745596e+22,7.598254509675118e+21,1.110384965602781,0.9231701782494621
mpp,125.0,0.4970452066472995,1.0999688803072447e-05,0.9999717093702224,1.1882694338961041e+20,6523307814091481.0,1.5357919101745596e+22,7.588652550858673e+21,1.1103861835572786,0.9232017265465808
mpp,125.0,0.4970452066472995,1.0999701369640831e-05,0.9999728517855301,1.188741350901316e+20,6512584436282130.0,1.5357919101745596e+22,7.579186752127119e+21,1.1103873366311885,0.9232327955816196
mpp,125.0,0.4970452066472995,1.0999713741410678e-05,0.9999739764918798,1.1892060992907921e+20,6502024223133520.0,1.5357919101745596e+22,7.569855375693689e+21,1.1103884270421067,0.923263392485656
mpp,125.0,0.4970452066472995,1.0999725921401199e-05,0.9999750837637453,1.1896637856076977e+20,6491624733019128.0,1.5357919101745596e+22,7.560656700011239e+21,1.1103894569441992,0.9232935242882512
mpp,125.0,0.4970452066472995,1.0999737912584815e-05,0.9999761738713469,1.1901145148865846e+20,6481383559771966.0,1.5357919101745596e+22,7.551589019824857e+21,1.11039042842976,0.9233231979187252
mpp,125.0,0.4970452066472995,1.09997497178879e-05,0.9999772470807182,1.19055839067289e+20,6471298332181683.0,1.5357919101745596e+22,7.542650646194627e+21,1.1103913435307415,0.9233524202074874
mpp,125.0,0.4970452066472995,1.0999761340191477e-05,0.9999783036537706,1.1909955150411896e+20,6461366713523244.0,1.5357919101745596e+22,7.533839906532443e+21,1.1103922042202494,0.923381197887283
mpp,125.0,0.4970452066472995,1.099977278233193e-05,0.9999793438483573,1.191425988614154e+20,6451586401071153.0,1.5357919101745596e+22,7.525155144613562e+21,1.110393012414015,0.9234095375944869
mpp,125.0,0.4970452066472995,1.099978404710169e-05,0.9999803679183354,1.1918499105805037e+20,6441955125639266.0,1.5357919101745596e+22,7.516594720597287e+21,1.1103937699718311,0.9234374458703275
mpp,125.0,0.4970452066472995,1.0999795137249921e-05,0.9999813761136291,1.1922673787137735e+20,6432470651105346.0,1.5357919101745596e+22,7.508157011021935e+21,1.110394478698965,0.9234649291621627
mpp,125.0,0.4970452066472995,1.0999806055483183e-05,0.9999823686802893,1.19267848939001e+20,6423130773961458.0,1.5357919101745596e+22,7.499840408810519e+21,1.1103951403475363,0.9234919938246817
mpp,125.0,0.4970452066472995,1.0999816804466099e-05,0.9999833458605545,1.1930833376059956e+20,6413933322855679.0,1.5357919101745596e+22,7.491643323257116e+21,1.110395756617873,0.9235186461211417
mpp,125.0,0.4970452066472995,1.0999827386822005e-05,0.9999843078929096,1.1934820169970369e+20,6404876158144859.0,1.5357919101745596e+22,7.483564180011208e+21,1.1103963291598333,0.9235448922245721
mpp,125.0,0.4970452066472995,1.0999837805133577e-05,0.9999852550121434,1.193874619854196e+20,6395957171463121.0,1.5357919101745596e+22,7.475601421065242e+21,1.1103968595741043,0.9235707382189421
mpp,125.0,0.4970452066472995,1.0999848061943478e-05,0.9999861874494071,1.1942612371423994e+20,6387174285272115.0,1.5357919101745596e+22,7.467753504714764e+21,1.11039734941347,0.9235961901003812
mpp,125.0,0.4970452066472995,1.0999858159754965e-05,0.9999871054322695,1.1946419585171658e+20,6378525452443895.0,1.5357919101745596e+22,7.460018905537213e+21,1.1103978001840544,0.9236212537783123
mpp,125.0,0.4970452066472995,1.0999868101032505e-05,0.9999880091847732,1.1950168723420825e+20,6370008655828569.0,1.5357919101745596e+22,7.452396114346181e+21,1.1103982133465373,0.9236459350766297
mpp,125.0,0.4970452066472995,1.0999877888202374e-05,0.9999888989274885,1.1953860657055828e+20,6361621907840292.0,1.5357919101745596e+22,7.444883638153204e+21,1.110398590317343,0.9236702397348306
mpp,125.0,0.4970452066472995,1.0999887523653253e-05,0.9999897748775685,1.1957496244379084e+20,6353363250040188.0,1.5357919101745596e+22,7.437480000115809e+21,1.1103989324698038,0.9236941734091562
mpp,125.0,0.4970452066472995,1.0999897009736801e-05,0.9999906372488001,1.1961076331274787e+20,6345230752734276.0,1.5357919101745596e+22,7.430183739490267e+21,1.1103992411352974,0.9237177416736932
mpp,125.0,0.4970452066472995,1.0999906348768236e-05,0.9999914862516579,1.1964601751376087e+20,6337222514565449.0,1.5357919101745596e+22,7.422993411569809e+21,1.1103995176043602,0.9237409500214981
mpp,125.0,0.4970452066472995,1.09999155430269e-05,0.9999923220933546,1.1968073326227446e+20,6329336662117232.0,1.5357919101745596e+22,7.415907587623999e+21,1.110399763127774,0.9237638038656862
mpp,125.0,0.4970452066472995,1.099992459475681e-05,0.9999931449778918,1.1971491865445088e+20,6321571349523917.0,1.5357919101745596e+22,7.408924854835353e+21,1.1103999789176304,0.9237863085405079
mpp,125.0,0.4970452066472995,1.0999933506167206e-05,0.9999939551061097,1.197485816687795e+20,6313924758080039.0,1.5357919101745596e+22,7.402043816226921e+21,1.1104001661483687,0.9238084693024287
mpp,125.0,0.4970452066472995,1.0999942279433094e-05,0.9999947526757358,1.1978173016764255e+20,6306395095861607.0,1.5357919101745596e+22,7.395263090591948e+21,1.110400325957792,0.923830291331177
mpp,125.0,0.4970452066472995,1.0999950916695772e-05,0.9999955378814338,1.1981437189889232e+20,6298980597345351.0,1.5357919101745596e+22,7.388581312413993e+21,1.1104004594480599,0.923851779730802
mpp,125.0,0.4970452066472995,1.0999959420063353e-05,0.9999963109148503,1.198465144973772e+20,6291679523041008.0,1.5357919101745596e+22,7.381997131790567e+21,1.1104005676866564,0.9238729395306935
mpp,125.0,0.4970452066472995,1.0999967791611283e-05,0.999997071964662,1.1987816548649048e+20,6284490159119518.0,1.5357919101745596e+22,7.375509214346212e+21,1.1104006517073386,0.9238937756866176
mpp,125.0,0.4970452066472995,1.0999976033382838e-05,0.9999978212166216,1.1990933227966946e+20,6277410817053841.0,1.5357919101745596e+22,7.3691162411487e+21,1.1104007125110598,0.9239142930817181
mpp,125.0,0.4970452066472995,1.099998414738963e-05,0.9999985588536029,1.1994002218189231e+20,6270439833260178.0,1.5357919101745596e+22,7.362816908618955e+21,1.1104007510668727,0.9239344965275169
mpp,125.0,0.4970452066472995,1.0999992135612104e-05,0.9999992850556458,1.1997024239117227e+20,6263575568741985.0,1.5357919101745596e+22,7.356609928436799e+21,1.1104007683128116,0.9239543907649099
mpp,125.0,0.4970452066472995,1.1e-05,1.0,1.2000000000000025e+20,6256816408746009.0,1.5357919101745596e+22,7.350494027449977e+21,1.1104007651567522,0.9239739804651298
