condition,T_K,V_V,x_cm,x_fraction,n_cm3,p_cm3,G_cm3s,R_cm3s,QFLS_eV,phi_V
sc,200.0,0,0.0,0.0,700261590120.3768,1.2e+20,1.5357919101745596e+22,1.9665045263956337e+19,0.9778810606335754,0.0
sc,200.0,0,3.2208388717036575e-11,2.9280353379124158e-06,703970189185.7911,1.1989113408547304e+20,1.5357919101745596e+22,1.9751256801816908e+19,0.9778810629524466,9.1061261436964e-05
sc,200.0,0,6.649383279366816e-11,6.044893890333469e-06,707924226841.7001,1.1977533225626971e+20,1.5357919101745596e+22,1.9843010315216433e+19,0.9778807634769376,0.00018792422890266932
sc,200.0,0,1.0299026319943172e-10,9.362751199948338e-06,712140371624.8953,1.1965215863889913e+20,1.5357919101745596e+22,1.994066069331492e+19,0.9778801063653634,0.0002909536735274937
sc,200.0,0,1.418402450356626e-10,1.2894567730514783e-05,716636480127.444,1.1952115079167676e+20,1.5357919101745596e+22,2.004458535234798e+19,0.9778790280520667,0.0004005366558442848
sc,200.0,0,1.8319553390006016e-10,1.6654139445460014e-05,721431688936.1798,1.1938181820023259e+20,1.5357919101745596e+22,2.0155185635680846e+19,0.9778774563315283,0.0005170838020333274
sc,200.0,0,2.2721766807037856e-10,2.065615164276169e-05,726546514596.2552,1.1923364070438432e+20,1.5357919101745596e+22,2.0272888296179323e+19,0.9778753093504262,0.0006410306416840615
sc,200.0,0,2.7407859880196337e-10,2.4916236254723945e-05,732002962404.776,1.1907606685582687e+20,1.5357919101745596e+22,2.0398147064914366e+19,0.9778724945009154,0.0007728390083906189
sc,200.0,0,3.239613612005532e-10,2.9451032836413926e-05,737824644937.4484,1.1890851220688522e+20,1.5357919101745596e+22,2.0531444310435877e+19,0.9778689072083571,0.0009129985043166874
sc,200.0,0,3.770607882569443e-10,3.427825347790403e-05,744036911310.9924,1.1873035753060706e+20,1.5357919101745596e+22,2.0673292792639435e+19,0.9778644296067909,0.0010620280294878824
sc,200.0,0,4.335842708358961e-10,3.9416751894172375e-05,750666988306.7063,1.1854094697361134e+20,1.5357919101745596e+22,2.082423751543625e+19,0.9778589290956127,0.0012204773763315863
sc,200.0,0,4.937525665545395e-10,4.488659695950359e-05,757744134612.9775,1.1833958614411334e+20,1.5357919101745596e+22,2.098485768235325e+19,0.9778522567712545,0.0013889288894715526
sc,200.0,0,5.578006606901109e-10,5.0709150971828265e-05,765299809593.866,1.1812554013783653e+20,1.5357919101745596e+22,2.115576875890724e+19,0.977844245728148,0.0015679991903373867
sc,200.0,0,6.259786824534542e-10,5.690715295031401e-05,773367858166.3334,1.1789803150696897e+20,1.5357919101745596e+22,2.133762464572518e+19,0.9778347092239356,0.001758340965559731
sc,200.0,0,6.985528801894402e-10,6.350480728994912e-05,781984713560.7634,1.1765623817721623e+20,1.5357919101745596e+22,2.1531119965786382e+19,0.9778234387048084,0.001960644817479085
sc,200.0,0,7.758066592602475e-10,7.052787811456795e-05,791189619959.7346,1.173992913213488e+20,1.5357919101745596e+22,2.1736992469075984e+19,0.9778102016879935,0.002175641174224076
sc,200.0,0,8.580416866495465e-10,7.800378969541333e-05,801024877262.2592,1.1712627319805285e+20,1.5357919101745596e+22,2.195602555721371e+19,0.9777947394998511,0.002404102256026434
sc,200.0,0,9.455790665399698e-10,8.596173332181545e-05,811536110505.0951,1.168362149683009e+20,1.5357919101745596e+22,2.218905093016654e+19,0.9777767648697729,0.0026468440932860804
sc,200.0,0,1.0387605914276564e-09,9.443278103887787e-05,822772566797.3535,1.1652809450359407e+20,1.5357919101745596e+22,2.243695135624995e+19,0.9777559593821304,0.0029047285908239064
sc,200.0,0,1.1379500735910763e-09,0.00010345000669009785,834787442994.251,1.162008342033129e+20,1.5357919101745596e+22,2.270066356556848e+19,0.977731970790933,0.003178665631312123
sc,200.0,0,1.243534762056797e-09,0.0001130486147324361,847638247757.5647,1.158532988423739e+20,1.5357919101745596e+22,2.2981181265862234e+19,0.9777044102046312,0.0034696152093963662
sc,200.0,0,1.3559268505321519e-09,0.00012326607732110473,861387202131.8656,1.154842934740161e+20,1.5357919101745596e+22,2.327955827809784e+19,0.9776728491516511,0.0037785895863048672
sc,200.0,0,1.475565082107555e-09,0.0001341422801915959,876101683314.7404,1.150925614172212e+20,1.5357919101745596e+22,2.3596911787237044e+19,0.9776368165407844,0.004106655452769506
sc,200.0,0,1.602916456910408e-09,0.0001457196779009462,891854716929.05,1.1467678236344497e+20,1.5357919101745596e+22,2.3934425701328634e+19,0.9775957955344768,0.004454936085954466
sc,200.0,0,1.738478049276626e-09,0.00015804345902514783,908725523823.3778,1.1423557064324602e+20,1.5357919101745596e+22,2.4293354109252735e+19,0.9775492203573464,0.004824613483666285
sc,200.0,0,1.8827789414216367e-09,0.00017116172194742152,926800128251.9033,1.1376747370000543e+20,1.5357919101745596e+22,2.4675024824125293e+19,0.9774964730668894,0.0052169304564599435
sc,200.0,0,2.0363822810287035e-09,0.00018512566191170032,946172035228.7096,1.1327097082540083e+20,1.5357919101745596e+22,2.5080842995385373e+19,0.9774368803182883,0.005633192655310018
sc,200.0,0,2.199887470647477e-09,0.00019998977005886154,966942985936.5587,1.1274447221958156e+20,1.5357919101745596e+22,2.55122947678778e+19,0.9773697101604308,0.0060747705093203794
sc,200.0,0,2.3739324972774643e-09,0.00021581204520704222,989223801312.2281,1.1218631844826143e+20,1.5357919101745596e+22,2.597095096064226e+19,0.9772941689056733,0.0065431010444006584
sc,200.0,0,2.5591964110509015e-09,0.00023265421918644558,1013135325362.0485,1.1159478037915342e+20,1.5357919101745596e+22,2.6458470731611193e+19,0.977209398121424,0.007039689550074641
sc,200.0,0,2.756401962466237e-09,0.00025058199658783975,1038809481401.3228,1.1096805969159655e+20,1.5357919101745596e+22,2.697660518673477e+19,0.9771144717972123,0.007566111057438115
sc,200.0,0,2.9663184082353023e-09,0.00026966530983957293,1066390456303.8275,1.103042900646835e+20,1.5357919101745596e+22,2.7527200883017118e+19,0.9770083937464492,0.008124011586968462
sc,200.0,0,3.189764496423941e-09,0.00028997859058399467,1096036030021.5085,1.0960153916346165e+20,1.5357919101745596e+22,2.8112203164809535e+19,0.9768900953074483,0.008715109120231369
sc,200.0,0,3.427611642213779e-09,0.00031160105838307084,1127919070136.778,1.0885781155540815e+20,1.5357919101745596e+22,2.8733659260376936e+19,0.9767584334133815,0.009341194244631248
sc,200.0,0,3.680787306341249e-09,0.00033461702784920444,1162229214095.231,1.0807105270511239e+20,1.5357919101745596e+22,2.9393721052264194e+19,0.9766121891054946,0.01000413041538386
sc,200.0,0,3.950278588993605e-09,0.00035911623536305504,1199174765089.4124,1.0723915420943833e+20,1.5357919101745596e+22,3.009464741906468e+19,0.976450066568018,0.01070585377368403
sc,200.0,0,4.2371360527360675e-09,0.0003851941866123698,1238984831390.7527,1.063599604508264e+20,1.5357919101745596e+22,3.0838806028247474e+19,0.9762706927666109,0.011448372454880493
sc,200.0,0,4.5424777888789516e-09,0.00041295252626172285,1281911743340.8745,1.0543127686116694e+20,1.5357919101745596e+22,3.162867443948096e+19,0.9760726177746883,0.012233765315375969
sc,200.0,0,4.8674937425619564e-09,0.0004424994311419961,1328233787291.9946,1.0445088000239174e+20,1.5357919101745596e+22,3.2466840354956984e+19,0.9758543158734775,0.013064180002059762
sc,200.0,0,5.213450312782919e-09,0.0004739500284348108,1378258301648.435,1.0341652968176139e+20,1.5357919101745596e+22,3.335600082791001e+19,0.9756141875118964,0.013941830283640839
sc,200.0,0,5.581695244568585e-09,0.0005074268404153259,1432325186897.5156,1.0232598332938306e+20,1.5357919101745596e+22,3.42989602123604e+19,0.9753505622112177,0.014868992559320822
sc,200.0,0,5.973662831521231e-09,0.000543060257411021,1490810889279.703,1.0117701286978671e+20,1.5357919101745596e+22,3.5298626606074466e+19,0.9750617024967145,0.015848001457186255
sc,200.0,0,6.390879448088693e-09,0.0005809890407353357,1554132926671.9143,9.996742431984085e+19,1.5357919101745596e+22,3.6358006505648464e+19,0.974745808933898,0.016881244432814087
sc,200.0,0,6.83496943204237e-09,0.0006213608574583973,1622755035502.6118,9.869508033659198e+19,1.5357919101745596e+22,3.7480197356459745e+19,0.9744010263403088,0.017971155278058804
sc,200.0,0,7.30766133887939e-09,0.0006643328489890354,1697193029274.5657,9.735792592181363e+19,1.5357919101745596e+22,3.866837764268199e+19,0.9740254512348621,0.01912020645136982
sc,200.0,0,7.810794591152303e-09,0.0007100722355593003,1778021472732.28,9.59540174608169e+19,1.5357919101745596e+22,3.992579412338814e+19,0.9736171405751917,0.020330900144579042
sc,200.0,0,8.346326547068184e-09,0.0007587569588243803,1865881291091.679,9.448155522956108e+19,1.5357919101745596e+22,4.125574578107106e+19,0.9731741218190636,0.021605758007334674
sc,200.0,0,8.916340014136991e-09,0.0008105763649215447,1961488451283.7378,9.293891944415153e+19,1.5357919101745596e+22,4.266156401019779e+19,0.9726944043283834,0.02294730945982449
sc,200.0,0,9.523051235139635e-09,0.0008657319304672395,2065643872097.0676,9.132470984583001e+19,1.5357919101745596e+22,4.414658853651932e+19,0.9721759921134012,0.024358078537496542
sc,200.0,0,1.0168818375244415e-08,0.0009244380341131286,2179244742652.209,8.963778871285224e+19,1.5357919101745596e+22,4.571413852523977e+19,0.9716168978901547,0.025840569228665844
sc,200.0,0,1.0856150540770048e-08,0.0009869227764336408,2303297454100.746,8.78773270629906e+19,1.5357919101745596e+22,4.736747831019231e+19,0.9710151583957836,0.027397249287741822
sc,200.0,0,1.1587717361786653e-08,0.001053428851071514,2438932377951.248,8.604285365781393e+19,1.5357919101745596e+22,4.910977715888843e+19,0.9703688508740448,0.029030532533506508
sc,200.0,0,1.2366359172584106e-08,0.0011242144702349188,2587420756244.186,8.413430623994986e+19,1.5357919101745596e+22,5.094406248384133e+19,0.9696761106071125,0.030742759673989515
sc,200.0,0,1.3195097825883073e-08,0.001199554347807552,2750194003967.442,8.215208423082079e+19,1.5357919101745596e+22,5.287316592218633e+19,0.9689351493298386,0.03253617773685265
sc,200.0,0,1.4077148178667454e-08,0.001279740743515223,2928865762674.8154,8.009710188926409e+19,1.5357919101745596e+22,5.489966173688064e+19,0.9681442743194,0.03441291822710583
sc,200.0,0,1.501593028953513e-08,0.0013650845717759208,3125257086067.3315,7.797084068940674e+19,1.5357919101745596e+22,5.702579704866587e+19,0.9673019079074361,0.036374974181804326
sc,200.0,0,1.6015082369593702e-08,0.001455916579053973,3341425182968.9565,7.577539942681038e+19,1.5357919101745596e+22,5.925341349247818e+19,0.9664066071143491,0.038424176343742455
sc,200.0,0,1.7078474531153074e-08,0.0015525885937411887,3579696190034.264,7.351354031701543e+19,1.5357919101745596e+22,6.15838600092553e+19,0.9654570830577364,0.040562168732053316
sc,200.0,0,1.8210223380721703e-08,0.001655474852792882,3842702494596.915,7.118872912777375e+19,1.5357919101745596e+22,6.401789663862859e+19,0.9644522197407847,0.042790383945552395
sc,200.0,0,1.9414707505186866e-08,0.0017649734095624425,4133425175790.0884,6.880516720264482e+19,1.5357919101745596e+22,6.6555589372522906e+19,0.9633910917839238,0.04511001859302175
sc,200.0,0,2.069658390247253e-08,0.0018815076274975029,4455242177288.617,6.636781311286886e+19,1.5357919101745596e+22,6.919619636821328e+19,0.9622729806266755,0.04752200930103708
sc,200.0,0,2.2060805410459572e-08,0.002005527764587234,4811982864686.689,6.388239163924715e+19,1.5357919101745596e+22,7.1938046101529534e+19,0.9610973886991958,0.05002700980185568
sc,200.0,0,2.351263919048374e-08,0.00213751265368034,5207989650808.805,6.135538786060313e+19,1.5357919101745596e+22,7.47784083694694e+19,0.9598640510474826,0.05262536964828453
sc,200.0,0,2.5057686324324814e-08,0.0022779714840295284,5648187387984.627,5.8794024331316765e+19,1.5357919101745596e+22,7.771335942361738e+19,0.9585729438955554,0.055317115136229944
sc,200.0,0,2.670190258619126e-08,0.002427445689653751,6138161221085.997,5.62062196842959e+19,1.5357919101745596e+22,8.073764292950467e+19,0.957224289644924,0.05810193303544858
sc,200.0,0,2.84516204538629e-08,0.002586510950351173,6684243561028.689,5.360052750618863e+19,1.5357919101745596e+22,8.384452889892631e+19,0.9558185578486194,0.06097915773196821
sc,200.0,0,3.031357242576549e-08,0.0027557793114332263,7293610765851.142,5.098605499601495e+19,1.5357919101745596e+22,8.702567322531946e+19,0.9543564617555952,0.06394776236889632
sc,200.0,0,3.2294915713363566e-08,0.0029359014284875973,7974389994185.852,4.837236172120942e+19,1.5357919101745596e+22,9.02709809607951e+19,0.9528389501019492,0.06700635453403915
sc,200.0,0,3.44032583808237e-08,0.0031275689437112453,8735776510982.532,4.576933969456881e+19,1.5357919101745596e+22,9.356847699620104e+19,0.9512671939274225,0.07015317698186285
sc,200.0,0,3.664668700637741e-08,0.0033315170005797645,9588161463481.705,4.318707696647756e+19,1.5357919101745596e+22,9.69041883339051e+19,0.949642568316819,0.07338611379402805
sc,200.0,0,3.9033795942180146e-08,0.003548526903834559,10543269791485.836,4.063570789777004e+19,1.5357919101745596e+22,1.002620426610244e+20,0.947966629102492,0.07670270227864504
sc,200.0,0,4.157371825168804e-08,0.00377942893197164,11614307474489.855,3.812525418103822e+19,1.5357919101745596e+22,1.0362378842244809e+20,0.946241084710488,0.08010015078665082
sc,200.0,0,4.4276158405582135e-08,0.004025105309598376,12816116734981.166,3.5665461436923785e+19,1.5357919101745596e+22,1.069689420358262e+20,0.9444677634825398,0.0835753624888406
sc,200.0,0,4.715142681904483e-08,0.0042864933471858935,14165337100458.033,3.326563675691054e+19,1.5357919101745596e+22,1.102747682595384e+20,0.9426485769510233,0.08712496501506303
sc,200.0,0,5.021047631461167e-08,0.0045645887558737885,15680569369347.676,3.0934492834251588e+19,1.5357919101745596e+22,1.1351629998326889e+20,0.9407854796759244,0.09074534571475953
sc,200.0,0,5.3464940595922046e-08,0.004860449145083823,17382538528417.34,2.868000427933237e+19,1.5357919101745596e+22,1.1666640382243453e+20,0.9388804263634929,0.09443269216305905
sc,200.0,0,5.692717481823145e-08,0.005175197710748314,19294250542007.82,2.650928133798264e+19,1.5357919101745596e+22,1.1969589781443905e+20,0.9369353270682941,0.09818303741641768
sc,200.0,0,6.061029834160731e-08,0.0055100271219643004,21441136701020.742,2.442846553345728e+19,1.5357919101745596e+22,1.2257372718880886e+20,0.9349520013277989,0.10199230942361442
sc,200.0,0,6.452823975206651e-08,0.005866203613824228,23851177923870.207,2.2442650775963333e+19,1.5357919101745596e+22,1.2526720356333955e+20,0.9329321320878818,0.10585638392759776
sc,200.0,0,6.869578423447609e-08,0.006245071294043281,26555000105364.234,2.055583229506428e+19,1.5357919101745596e+22,1.2774231196033381e+20,0.9308772202474955,0.10977114015570864
sc,200.0,0,7.312862337869174e-08,0.006648056670790159,29585930399578.7,1.8770884436186116e+19,1.5357919101745596e+22,1.2996408870623628e+20,0.9287885405831937,0.11373251859258607
sc,200.0,0,7.784340749694441e-08,0.007076673408813128,32980003312061.723,1.7089567019769321e+19,1.5357919101745596e+22,1.3189707155841715e+20,0.9266670997138535,0.11773658016174815
sc,200.0,0,8.285780052584041e-08,0.007532527320530946,36775904803272.305,1.5512558687363891e+19,1.5357919101745596e+22,1.3350582129898044e+20,0.9245135966401696,0.12177956620649345
sc,200.0,0,8.81905375801531e-08,0.008017321598195737,41014842433737.91,1.4039514540044618e+19,1.5357919101745596e+22,1.3475551158858043e+20,0.9223283862518935,0.12585795875407452
sc,200.0,0,9.38614852178688e-08,0.008532862292533527,45740330092089.88,1.2669144480321464e+19,1.5357919101745596e+22,1.3561258114334265e+20,0.9201114460493294,0.12996854066328847
sc,200.0,0,9.989170446622597e-08,0.00908106404238418,50997877234818.85,1.1399308043876874e+19,1.5357919101745596e+22,1.3604543938948024e+20,0.917862346186362,0.13410845538709276
sc,200.0,0,1.0630351664667048e-07,0.009663956058788226,56834575019306.89,1.0227121170968664e+19,1.5357919101745596e+22,1.3602521377924371e+20,0.9155802228225136,0.13827526622038133
sc,200.0,0,1.131205720223829e-07,0.010283688365671173,63298575401823.55,9.149070312124581e+18,1.5357919101745596e+22,1.3552652406438499e+20,0.9132637546834688,0.1424670150396854
sc,200.0,0,1.2036792127497026e-07,0.010942538297724569,70438464328498.45,8.161129459960287e+18,1.5357919101745596e+22,1.3452826616152818e+20,0.9109111426852353,0.14668228066724429
sc,200.0,0,1.2807208979674554e-07,0.011642917254249596,78302536635868.17,7.258876103224185e+18,1.5357919101745596e+22,1.3301438594924442e+20,0.9085200924887574,0.15092023709777266
sc,200.0,0,1.3626115476134353e-07,0.012387377705576685,86937988176728.08,6.437602655290918e+18,1.5357919101745596e+22,1.3097462153211127e+20,0.9060877999322922,0.15518071190375687
sc,200.0,0,1.4496482490780489e-07,0.01317862044616408,96390049859081.5,5.692420558779628e+18,1.5357919101745596e+22,1.2840519127459822e+20,0.9036109394531633,0.15946424517605967
sc,200.0,0,1.542145229413025e-07,0.014019502085572955,106701098474282.27,5.018354954731086e+18,1.5357919101745596e+22,1.2530940430541391e+20,0.9010856558773082,0.1637721493532197
sc,200.0,0,1.6404347041678602e-07,0.014913042765162365,117909789999031.67,4.410428479781374e+18,1.5357919101745596e+22,1.2169817021525056e+20,0.8985075603495349,0.16810657023753767
sc,200.0,0,1.744867749296319e-07,0.01586243408451199,130050271981220.4,3.863733378896554e+18,1.5357919101745596e+22,1.175903852832478e+20,0.8958717317344598,0.17247054938171374
sc,200.0,0,1.855815193891665e-07,0.016871047217196955,143151542088215.06,3.3734916664593987e+18,1.5357919101745596e+22,1.1301317368874648e+20,0.8931727255874542,0.17686808784951896
sc,200.0,0,1.9736685309624657e-07,0.01794244119056787,157237029353926.84,2.9351035183347763e+18,1.5357919101745596e+22,1.0800196369595133e+20,0.8904045938476056,0.18130421110173037
sc,200.0,0,2.0988408428425337e-07,0.019080371298568488,172324482721263.0,2.5441844255876255e+18,1.5357919101745596e+22,1.0260038063434618e+20,0.8875609198426464,0.18578503442965885
sc,200.0,0,2.2317677371326033e-07,0.020288797610296394,188426258145453.97,2.1965918894511524e+18,1.5357919101745596e+22,9.685994056410135e+19,0.8846348751653614,0.19031782795105767
sc,200.0,0,2.372908288291805e-07,0.0215718935299255,205550101550784.47,1.8884425963769132e+18,1.5357919101745596e+22,9.083953080116955e+19,0.8816193076919325,0.19491107969952357
sc,200.0,0,2.522745979127007e-07,0.022934054355700062,223700532320112.7,1.6161210962768955e+18,1.5357919101745596e+22,8.460466607500427e+19,0.8785068737651046,0.19957455478812022
sc,200.0,0,2.6817896354620375e-07,0.024379905776927613,242880944833995.6,1.3762810344904707e+18,1.5357919101745596e+22,7.822651226321671e+19,0.8752902327856151,0.20431934803052337
sc,200.0,0,2.850574346200175e-07,0.025914312238183412,263096571279432.3,1.1658399786299543e+18,1.5357919101745596e+22,7.178067384339159e+19,0.8719623297429535,0.20915792679192774
sc,200.0,0,3.029662359817677e-07,0.02754238508925161,284358500423248.3,9.81968855762655e+17,1.5357919101745596e+22,6.5345747137430315e+19,0.8685168013919143,0.21410416026827342
sc,200.0,0,3.2196439470382796e-07,0.029269490427620726,306689046219993.75,8.220769927557565e+17,1.5357919101745596e+22,5.900165006888469e+19,0.8649485559182771,0.21917333092735708
sc,200.0,0,3.4211382180356256e-07,0.0311012565275966,330128944303116.4,6.837937492867498e+17,1.5357919101745596e+22,5.282775174795072e+19,0.861254595316203,0.22438212358153434
sc,200.0,0,3.6347938809909277e-07,0.033043580736281164,354747187564903.44,5.649477596969772e+17,1.5357919101745596e+22,4.690084318627638e+19,0.8574351755461778,0.22974858760927155
sc,200.0,0,3.8612899271962657e-07,0.035102635701784235,380654905609094.56,4.635448585248336e+17,1.5357919101745596e+22,4.129301540063083e+19,0.8534954322375493,0.23529206832061816
sc,200.0,0,4.1013362261439735e-07,0.03728487478312703,408025744525782.1,3.7774584532225536e+17,1.5357919101745596e+22,3.6069544758987575e+19,0.8494476368769811,0.24103310448004014
sc,200.0,0,4.3556740121832605e-07,0.03959703647439328,437000165616257.1,3.0587033551998586e+17,1.5357919101745596e+22,3.128040444881566e+19,0.8453112273565547,0.2469932906346678
sc,200.0,0,4.625076242368779e-07,0.04204614765789799,467135303978540.06,2.464698184958189e+17,1.5357919101745596e+22,2.6943861320762696e+19,0.8411074969709151,0.25319509598564294
sc,200.0,0,4.910347803083952e-07,0.04463952548258138,498520666393396.9,1.9801674143032906e+17,1.5357919101745596e+22,2.3101409314300027e+19,0.8368878978021093,0.25966159956461926
sc,200.0,0,5.212325540916164e-07,0.0473847776446924,531271744785130.4,1.590736329516873e+17,1.5357919101745596e+22,1.9777359929113727e+19,0.8327243483170417,0.26641625110138617
sc,200.0,0,5.531878091115703e-07,0.05028980082832457,565529673637246.6,1.2828888034858787e+17,1.5357919101745596e+22,1.6978441048383705e+19,0.8287114015708815,0.2734826188647943
sc,200.0,0,5.869905474819483e-07,0.05336277704381348,601459888816403.8,1.0439809813749878e+17,1.5357919101745596e+22,1.4694426990139523e+19,0.8249645024297942,0.2808841369579359
sc,200.0,0,6.227338434105047e-07,0.056612167582773154,639249991445370.1,8.6230372044764e+16,1.5357919101745596e+22,1.2899841955117253e+19,0.8216113988650767,0.28864386541733233
sc,200.0,0,6.605137471910994e-07,0.06004670429009995,679107125298283.5,7.27179013742005e+16,1.5357919101745596e+22,1.1556678260425374e+19,0.8187749349413731,0.29678427552031794
sc,200.0,0,7.004291561976294e-07,0.06367537783614813,721255248628538.2,6.290685995104749e+16,1.5357919101745596e+22,1.0617943079085509e+19,0.8165495068255213,0.30532706968631584
sc,200.0,0,7.425816492286187e-07,0.06750742265714715,765932700106039.8,5.596681539960868e+16,1.5357919101745596e+22,1.0031701607657013e+19,0.8149791651312166,0.31429304044638384
sc,200.0,0,7.870752804148289e-07,0.07155229821952991,813390410186709.8,5.1196040708247624e+16,1.5357919101745596e+22,9.745156595993526e+18,0.8140478276773295,0.3237019669181689
sc,200.0,0,8.34016328805534e-07,0.07581966625504855,863890999818803.9,4.802076259405787e+16,1.5357919101745596e+22,9.708260044248742e+18,0.813686999791631,0.33357254135411923
sc,200.0,0,8.835129997028664e-07,0.08031936360935149,917708867705915.0,4.598777540191347e+16,1.5357919101745596e+22,9.876446797841449e+18,0.8137966558545985,0.3439223140435504
sc,200.0,0,9.356750738297962e-07,0.0850613703481633,975131236950655.0,4.4751420970738936e+16,1.5357919101745596e+22,1.0212293719300942e+19,0.8142688801368082,0.3547676430608969
sc,200.0,0,9.906135005090058e-07,0.09005577277354598,1036460043795062.1,4.405703744342375e+16,1.5357919101745596e+22,1.0686149688965917e+19,0.8150055803900667,0.36612363609047266
sc,200.0,0,1.0484399312111567e-06,0.09531272101919608,1102014514977066.9,4.372326581297966e+16,1.5357919101745596e+22,1.1275954289424593e+19,0.815927370427787,0.3780040740969866
sc,200.0,0,1.1092661901166052e-06,0.10084238091969139,1172134286794906.5,4.362520105399238e+16,1.5357919101745596e+22,1.1966529344779565e+19,0.8169752466775576,0.39042130996453683
sc,200.0,0,1.1732036787395748e-06,0.10665487988541589,1247182952180743.2,4.367965933562849e+16,1.5357919101745596e+22,1.2748609164721385e+19,0.818108163242514,0.403386138580177
sc,200.0,0,1.2403627122032033e-06,0.11276024656392758,1327551967723929.8,4.383313091578378e+16,1.5357919101745596e+22,1.361781475346808e+19,0.819299096533436,0.4169076377124342
sc,200.0,0,1.3108517854420548e-06,0.1191683441310959,1413664901281283.0,4.40524625060972e+16,1.5357919101745596e+22,1.4573708020775766e+19,0.8205311271379222,0.43099298124645696
sc,200.0,0,1.384776768458562e-06,0.12588879713259654,1505982047430641.5,4.4317992685699736e+16,1.5357919101745596e+22,1.561900179909811e+19,0.8217942002096685,0.4456472278921289
sc,200.0,0,1.462240030782253e-06,0.13293091188929573,1605005480364047.8,4.4618714057016344e+16,1.5357919101745596e+22,1.6758956273604698e+19,0.8230827143479612,0.4608730894859924
sc,200.0,0,1.5433394964828389e-06,0.140303590589349,1711284651692310.5,4.494900389480972e+16,1.5357919101745596e+22,1.800096244378797e+19,0.8243938517999504,0.4766706836085698
sc,200.0,0,1.6281676324736676e-06,0.14801523931578797,1825422675390794.2,4.5306503240080904e+16,1.5357919101745596e+22,1.935429624831865e+19,0.825726485413664,0.4930372755841005
sc,200.0,0,1.7168103744082338e-06,0.15607367040074854,1948083476274614.5,4.5690796204423256e+16,1.5357919101745596e+22,2.083002002608983e+19,0.8270804974150114,0.5099670151465466
sc,200.0,0,1.8093459962104148e-06,0.16448599965549227,2080000015315120.8,4.610262186331632e+16,1.5357919101745596e+22,2.2441008041454035e+19,0.8284563744120339,0.5274506732360504
sc,200.0,0,1.9058439311719748e-06,0.17325853919745227,2221983848826453.0,4.654342573911963e+16,1.5357919101745596e+22,2.42020772079347e+19,0.8298549785113277,0.5454753845873891
sc,200.0,0,2.0063635545726346e-06,0.1823966867793304,2374936333704827.5,4.701511938985609e+16,1.5357919101745596e+22,2.6130210825144082e+19,0.831277425977327,0.5640244020043312
sc,200.0,0,2.110952939892684e-06,0.19190481271751675,2539861862747559.5,4.751996317737705e+16,1.5357919101745596e+22,2.8244870712283242e+19,0.8327250292685411,0.5830768684710599
sc,200.0,0,2.2196476028493208e-06,0.20178614571357462,2717883609210807.5,4.8060520138163224e+16,1.5357919101745596e+22,3.0568400865538056e+19,0.8341992755577439,0.6026076135047936
sc,200.0,0,2.3324692496379275e-06,0.2120426590579934,2910262386531253.5,4.863965069509803e+16,1.5357919101745596e+22,3.312653354513904e+19,0.8357018262722715,0.622586980362521
sc,200.0,0,2.449424547830708e-06,0.22267495889370076,3118419399114257.5,4.926053168497479e+16,1.5357919101745596e+22,3.5949016814840934e+19,0.837234529350288,0.6429806908356556
sc,200.0,0,2.5705039402994796e-06,0.2336821763908618,3343963889519616.5,4.992669144698625e+16,1.5357919101745596e+22,3.907039165614642e+19,0.8387994402082505,0.6637497543565067
sc,200.0,0,2.6956805242013664e-06,0.24506186583648787,3588727000035734.0,5.064205754361027e+16,1.5357919101745596e+22,4.2530957807449465e+19,0.8403988499411121,0.6848504279610644
sc,200.0,0,2.8249090184044093e-06,0.2568099107640372,3854803597591017.0,5.141101648863388e+16,1.5357919101745596e+22,4.637798172258111e+19,0.8420353207941366,0.7062342332714386
sc,200.0,0,2.9581248436407344e-06,0.26892044033097584,4144604413586806.5,5.223848656602264e+16,1.5357919101745596e+22,5.06672192925271e+19,0.8437117299601984,0.7278480360544863
sc,200.0,0,3.095243340066364e-06,0.2813857581878513,4460921707128007.0,5.313000601129611e+16,1.5357919101745596e+22,5.546485281347416e+19,0.845431323603095,0.7496341930673298
sc,200.0,0,3.2361591466932353e-06,0.2941962860630214,4807012903121014.0,5.409183983594811e+16,1.5357919101745596e+22,6.084998002825859e+19,0.8471977839282782,0.7715307698150513
sc,200.0,0,3.3807457662670037e-06,0.30734052420609126,5186708502881095.0,5.513110960873772e+16,1.5357919101745596e+22,6.69178490916487e+19,0.8490153133454165,0.7934718315363115
sc,200.0,0,3.528855337537518e-06,0.3208050306852289,5604553384154927.0,5.625595169054279e+16,1.5357919101745596e+22,7.3784117130459415e+19,0.8508887415878678,0.8153878082345094
sc,200.0,0,3.680318634473621e-06,0.33457442131578374,6065995051050786.0,5.747571082925166e+16,1.5357919101745596e+22,8.159053887102874e+19,0.8528236645418089,0.8372059329469275
sc,200.0,0,3.834945308804896e-06,0.34863139170953605,6577639636003270.0,5.880117769013115e+16,1.5357919101745596e+22,9.051269570717596e+19,0.8548266282781298,0.8588507507895121
sc,200.0,0,3.992524388356007e-06,0.3629567625778189,7147608622860540.0,6.0244880779117304e+16,1.5357919101745596e+22,1.0077070851580651e+20,0.8569053796154978,0.8802446947808211
sc,200.0,0,4.152825039035608e-06,0.37752954900323704,7786050119161379.0,6.182144509169976e+16,1.5357919101745596e+22,1.1264443635723978e+20,0.859069217095475,0.9013087232705218
sc,200.0,0,4.315597593148279e-06,0.39232705392257083,8505894288280941.0,6.3548031090324056e+16,1.5357919101745596e+22,1.2649561738376412e+20,0.8613294945601031,0.9219630133541127
sc,200.0,0,4.480574841046197e-06,0.40732498554965424,9324002145019758.0,6.544486688361072e+16,1.5357919101745596e+22,1.428010340143306e+20,0.8637003506567104,0.9421277055676052
sc,200.0,0,4.6474735771908545e-06,0.4224975979264413,1.0262948991965508e+16,6.75358808243979e+16,1.5357919101745596e+22,1.622034688011351e+20,0.8661997462791801,0.9617236984337664
sc,200.0,0,4.8159963856436705e-06,0.4378178532403337,1.1353805509119884e+16,6.984942556022343e+16,1.5357919101745596e+22,1.855913317018611e+20,0.8688508453971173,0.9806734986186135
sc,200.0,0,4.985833644055812e-06,0.45325760400507387,1.2640389014958368e+16,7.241904833141914e+16,1.5357919101745596e+22,2.1422327376132463e+20,0.8716835865090079,0.998902145583084
sc,200.0,0,5.156665719599517e-06,0.4687877926908652,1.4185426527627758e+16,7.528419235550808e+16,1.5357919101745596e+22,2.499191833611847e+20,0.8747358439021912,1.0163382504906582
sc,200.0,0,5.3281653251908174e-06,0.48437866592643797,1.6078641267295554e+16,7.849059635570614e+16,1.5357919101745596e+22,2.95338709728731e+20,0.8780528260304182,1.0329152172059788
sc,200.0,0,5.5e-06,0.5,1.844559566104558e+16,8.20899911642772e+16,1.5357919101745596e+22,3.543531453401858e+20,0.8816825977464848,1.0485727413598163
sc,200.0,0,5.671834674809185e-06,0.5156213340735623,2.1454020856128904e+16,8.613850629364555e+16,1.5357919101745596e+22,4.324734329410894e+20,0.885665771257515,1.0632586926057253
sc,200.0,0,5.8433342804004825e-06,0.5312122073091348,2.531188877157394e+16,9.069309070285765e+16,1.5357919101745596e+22,5.372199776573424e+20,0.8900197491210244,1.0769314427533827
sc,200.0,0,6.01416635594419e-06,0.5467423959949264,3.0250433710911788e+16,9.580538398001509e+16,1.5357919101745596e+22,6.782267584113516e+20,0.8947223922797892,1.0895625736084869
sc,200.0,0,6.184003614356336e-06,0.5621821467596669,3.648827685930812e+16,1.0151301620927442e+17,1.5357919101745596e+22,8.668191258071878e+20,0.899703477307766,1.1011396769602486
sc,200.0,0,6.352526422809144e-06,0.5775024020735586,4.41808674012497e+16,1.0782929377613218e+17,1.5357919101745596e+22,1.1148704324102918e+21,0.9048502966843482,1.1116687063632003
sc,200.0,0,6.5194251589538055e-06,0.592675014450346,5.33695521314626e+16,1.1473336776541458e+17,1.5357919101745596e+22,1.4329686812070353e+21,0.9100262054661421,1.1211751907438552
sc,200.0,0,6.684402406851721e-06,0.6076729460774292,6.394979383038763e+16,1.2216370418988085e+17,1.5357919101745596e+22,1.828246455523788e+21,0.9150940139591754,1.1297037158573504
sc,200.0,0,6.847174960964395e-06,0.6224704509967632,7.567289348248128e+16,1.3001739534933659e+17,1.5357919101745596e+22,2.3024764693250024e+21,0.9199353671992586,1.1373154566834631
sc,200.0,0,7.0074756116439974e-06,0.6370432374221816,8.818183277160106e+16,1.3815642186543566e+17,1.5357919101745596e+22,2.851041877742771e+21,0.924461578134739,1.1440840661395058
sc,200.0,0,7.165054691195103e-06,0.651368608290464,1.0106804987393706e+17,1.4641991404996467e+17,1.5357919101745596e+22,3.463119137305736e+21,0.9286161502358822,1.1500906544584686
sc,200.0,0,7.3196813655263815e-06,0.6654255786842165,1.1393015729979166e+17,1.5463969786224586e+17,1.5357919101745596e+22,4.1229976588938715e+21,0.9323716601994958,1.155418745355763
sc,200.0,0,7.471144662462482e-06,0.6791949693147711,1.2641929315771518e+17,1.626557056217332e+17,1.5357919101745596e+22,4.812115675038233e+21,0.9357239047213842,1.1601499495862082
sc,200.0,0,7.619254233732998e-06,0.692659475793909,1.3826442908682616e+17,1.7032834100090928e+17,1.5357919101745596e+22,5.511258477132532e+21,0.9386854359607231,1.1643607766315973
sc,200.0,0,7.763840853306769e-06,0.705803713936979,1.4927890591394915e+17,1.775461778370013e+17,1.5357919101745596e+22,6.202448536550449e+21,0.9412796985098894,1.1681206721372592
sc,200.0,0,7.904756659933636e-06,0.7186142418121487,1.5935377270507478e+17,1.8422878513369734e+17,1.5357919101745596e+22,6.870261010536029e+21,0.9435362881541755,1.1714911306797677
sc,200.0,0,8.041875156359268e-06,0.7310795596690244,1.6844423727971875e+17,1.903255064509605e+17,1.5357919101745596e+22,7.50250944022187e+21,0.9454874264718447,1.1745256201848124
sc,200.0,0,8.175090981595591e-06,0.7431900892359629,1.7655421166608755e+17,1.9581150174758528e+17,1.5357919101745596e+22,8.090394126365829e+21,0.947165526281122,1.1772700409592536
sc,200.0,0,8.304319475798637e-06,0.7549381341635124,1.8372203443409658e+17,2.0068236723565366e+17,1.5357919101745596e+22,8.628272644707185e+21,0.9486016378806559,1.1797634856806842
sc,200.0,0,8.429496059700524e-06,0.7663178236091386,1.900088224931315e+17,2.0494838111649466e+17,1.5357919101745596e+22,9.113215863892674e+21,0.949824556497779,1.1820391296380404
sc,200.0,0,8.550575452169292e-06,0.7773250411062993,1.954898183807055e+17,2.0862906777856813e+17,1.5357919101745596e+22,9.544481914072294e+21,0.9508603978856611,1.184125140295175
sc,200.0,0,8.667530750362075e-06,0.7879573409420069,2.0024850674542896e+17,2.1174845209096534e+17,1.5357919101745596e+22,9.922998580104573e+21,0.9517324879201449,1.1860455420451195
sc,200.0,0,8.78035239715068e-06,0.7982138542864254,2.0437302274292192e+17,2.1433114243771965e+17,1.5357919101745596e+22,1.025090587784892e+22,0.9524614508193464,1.1878210041933759
sc,200.0,0,8.889047060107317e-06,0.8080951872824834,2.0795431998810832e+17,2.1639924255970483e+17,1.5357919101745596e+22,1.0531181113342069e+22,0.9530654137441291,1.1894695399658342
sc,200.0,0,8.99363644542737e-06,0.8176033132206699,2.1108560465418922e+17,2.1797003073861686e+17,1.5357919101745596e+22,1.0767349273506756e+22,0.9535602714796955,1.1910071150141146
sc,200.0,0,9.094156068828025e-06,0.8267414608025477,2.1386261618156557e+17,2.190543356106424e+17,1.5357919101745596e+22,1.0963270438731005e+22,0.9539599740183387,1.192448168614058
sc,200.0,0,9.190654003789586e-06,0.8355140003445078,2.163844152075229e+17,2.1965555730710294e+17,1.5357919101745596e+22,1.1122990652274577e+22,0.9542768132757059,1.1938060519870584
sc,200.0,0,9.283189625591765e-06,0.8439263295992514,2.1875441517922534e+17,2.1976931128691232e+17,1.5357919101745596e+22,1.1250641163053158e+22,0.9545216941270693,1.195093387695034
sc,200.0,0,9.371832367526334e-06,0.8519847606842121,2.210814640498609e+17,2.193836953506676e+17,1.5357919101745596e+22,1.1350371549280622e+22,0.9547043805726316,1.196322353074152
sc,200.0,0,9.456660503517164e-06,0.8596964094106513,2.2348084807484058e+17,2.1848018743208874e+17,1.5357919101745596e+22,1.1426303862972428e+22,0.9548337110798907,1.1975048899500176
sc,200.0,0,9.537759969217746e-06,0.8670690881107043,2.2607515255401062e+17,2.1703516684559958e+17,1.5357919101745596e+22,1.1482497005976421e+22,0.9549177788242309,1.1986528428547314
sc,200.0,0,9.61522323154144e-06,0.8741112028674036,2.2899497424489504e+17,2.150220140752901e+17,1.5357919101745596e+22,1.1522912795775398e+22,0.9549640734238736,1.1997780288144948
sc,200.0,0,9.689148214557948e-06,0.8808316558689044,2.32379534759821e+17,2.1241368954951587e+17,1.5357919101745596e+22,1.155137756047899e+22,0.9549795816008844,1.2008922434437588
sc,200.0,0,9.759637287796798e-06,0.8872397534360725,2.3637728938848662e+17,2.091856317570587e+17,1.5357919101745596e+22,1.1571535655661359e+22,0.9549708456818218,1.2020072103328454
sc,200.0,0,9.826796321260428e-06,0.8933451201145843,2.411466566415766e+17,2.0531876440621594e+17,1.5357919101745596e+22,1.1586794001216351e+22,0.9549439814033261,1.203134483179732
sc,200.0,0,9.890733809883394e-06,0.8991576190803086,2.468570067213516e+17,2.0080237437845818e+17,1.5357919101745596e+22,1.1600259407972152e+22,0.9549046600405843,1.2042853123549857
sc,200.0,0,9.951560068788844e-06,0.904687278980804,2.536900413559346e+17,1.9563662383167258e+17,1.5357919101745596e+22,1.161467273933903e+22,0.9548580637745917,1.2054704891820174
sc,200.0,0,1.0009386499490995e-05,0.9099442272264542,2.618416760998576e+17,1.8983448950142378e+17,1.5357919101745596e+22,1.1632345413888143e+22,0.9548088264048709,1.206700181849122
sc,200.0,0,1.0064324926170204e-05,0.9149386296518368,2.7152450563305427e+17,1.8342297250006826e+17,1.5357919101745596e+22,1.1655104119140082e+22,0.9547609729850415,1.207983776401393
sc,200.0,0,1.0116487000297136e-05,0.9196806363906487,2.8297090037317802e+17,1.7644348356748806e+17,1.5357919101745596e+22,1.1684248876741367e+22,0.9547178711852483,1.2093297347353256
sc,200.0,0,1.0165983671194466e-05,0.9241803337449515,2.964367553874376e+17,1.689513744777374e+17,1.5357919101745596e+22,1.1720528063508454e+22,0.9546822043353418,1.2107454791443326
sc,200.0,0,1.0212924719585172e-05,0.9284477017804702,3.12205894110026e+17,1.6101465134918038e+17,1.5357919101745596e+22,1.176413209804819e+22,0.9546559719108806,1.2122373100484596
sc,200.0,0,1.0257418350771382e-05,0.932492577342853,3.305951207966338e+17,1.527119662617075e+17,1.5357919101745596e+22,1.1814705681661847e+22,0.9546405186674657,1.213810360427756
sc,200.0,0,1.029957084380237e-05,0.9363246221638519,3.5195991574195117e+17,1.441300357926823e+17,1.5357919101745596e+22,1.1871377031140389e+22,0.954636589595504,1.215468587481991
sc,200.0,0,1.03394862528089e-05,0.9399532957099002,3.7670077355007846e+17,1.3536067414786666e+17,1.5357919101745596e+22,1.1932801585645957e+22,0.9546444049497452,1.2172147994124318
sc,200.0,0,1.0377266156589495e-05,0.9433878324172269,4.0527019431394976e+17,1.2649765014730032e+17,1.5357919101745596e+22,1.1997217197015014e+22,0.9546637480451108,1.2190507131360677
sc,200.0,0,1.0413009452518051e-05,0.9466372229561866,4.3818034776137965e+17,1.1763357887710637e+17,1.5357919101745596e+22,1.206250772802605e+22,0.9546940582378015,1.2209770372875
sc,200.0,0,1.044681219088843e-05,0.9497101991716755,4.760114390871907e+17,1.0885704058546256e+17,1.5357919101745596e+22,1.2126272165795645e+22,0.9547345222605682,1.222993574051622
sc,200.0,0,1.0478767445908384e-05,0.9526152223553077,5.194208106528487e+17,1.0025008457489234e+17,1.5357919101745596e+22,1.2185896694686757e+22,0.9547841584913128,1.2250993331525617
sc,200.0,0,1.0508965219691605e-05,0.9553604745174187,5.691528147433903e+17,9.1886229866075e+16,1.5357919101745596e+22,1.2238627575622783e+22,0.9548418904403837,1.2272926516079155
sc,200.0,0,1.0537492375763123e-05,0.9579538523421021,6.260494881594112e+17,8.38290237917634e+16,1.5357919101745596e+22,1.2281643084963497e+22,0.9549066074398698,1.2295713135226345
sc,200.0,0,1.0564432598781674e-05,0.9604029635256067,6.910620487834778e+17,7.613117072415966e+16,1.5357919101745596e+22,1.2312123138337445e+22,0.9549772119954998,1.2319326651155418
sc,200.0,0,1.0589866377385603e-05,0.9627151252168731,7.652632165943492e+17,6.883420091961811e+16,1.5357919101745596e+22,1.2327315542126428e+22,0.9550526544026207,1.2343737212204307
sc,200.0,0,1.0613871007280374e-05,0.9648973642982158,8.498603361083524e+17,6.196861724706827e+16,1.5357919101745596e+22,1.2324598069822224e+22,0.9551319559992179,1.2368912605765827
sc,200.0,0,1.0636520611900908e-05,0.9669564192637189,9.462092430647382e+17,5.555443668712193e+16,1.5357919101745596e+22,1.2301535751888416e+22,0.9552142228577942,1.2394819082367992
sc,200.0,0,1.0657886178196438e-05,0.9688987434724035,1.0558287744333207e+18,4.960203360437313e+16,1.5357919101745596e+22,1.2255932900065956e+22,0.9552986518656833,1.2421422043166377
sc,200.0,0,1.0678035605296172e-05,0.9707305095723793,1.180415766695316e+18,4.411319134888824e+16,1.5357919101745596e+22,1.2185879468356684e+22,0.9553845310850951,1.2448686590528508
sc,200.0,0,1.0697033764018233e-05,0.9724576149107484,1.321860322087505e+18,3.90822754986568e+16,1.5357919101745596e+22,1.2089791392380847e+22,0.9554712360930346,1.2476577947195808
sc,200.0,0,1.0714942565379982e-05,0.9740856877618166,1.482261045715762e+18,3.4497453580890516e+16,1.5357919101745596e+22,1.1966444558229533e+22,0.9555582237394208,1.250506175371642
sc,200.0,0,1.0731821036453796e-05,0.9756200942230724,1.6639398681026726e+18,3.034190014546557e+16,1.5357919101745596e+22,1.1815002043158928e+22,0.9556450244767281,1.2534104256606589
sc,200.0,0,1.07477254020873e-05,0.9770659456442999,1.8694559685583698e+18,2.6594940741098932e+16,1.5357919101745596e+22,1.1635034257001034e+22,0.9557312341387478,1.256367240124018
sc,200.0,0,1.0762709171170821e-05,0.9784281064700746,2.1016182063456369e+18,2.3233102289102524e+16,1.5357919101745596e+22,1.1426531608134345e+22,0.9558165057992437,1.2593733844035333
sc,200.0,0,1.077682322628674e-05,0.9797112023897037,2.3634953516998774e+18,2.0231049674557984e+16,1.5357919101745596e+22,1.1189909333510818e+22,0.9559005421328238,1.2624256898350803
sc,200.0,0,1.0790115915715747e-05,0.9809196287014316,2.658423291698185e+18,1.7562398620736756e+16,1.5357919101745596e+22,1.0926004180430935e+22,0.9559830885327341,1.2655210427848613
sc,200.0,0,1.0802633146903754e-05,0.9820575588094322,2.989991656738979e+18,1.5205524969940076e+16,1.5357919101745596e+22,1.0639587582393438e+22,0.9560708638947543,1.2686563700115006
sc,200.0,0,1.0814418480610833e-05,0.9831289527828031,3.3620735143552835e+18,1.3132691713800928e+16,1.5357919101745596e+22,1.0332712688333923e+22,0.9561650142346653,1.2718286196117983
sc,200.0,0,1.0825513225070368e-05,0.9841375659154881,3.778804596148967e+18,1.1316328349102518e+16,1.5357919101745596e+22,1.0007218304133575e+22,0.9562657666387103,1.2750347424253166
sc,200.0,0,1.0835956529583215e-05,0.9850869572348377,4.244565846560711e+18,9730256871770246.0,1.5357919101745596e+22,9.6652029869657e+21,0.9563733911387627,1.2782716726237817
sc,200.0,0,1.0845785477058698e-05,0.9859804979144271,4.763959806223099e+18,8349890179120273.0,1.5357919101745596e+22,9.308983293561031e+21,0.9564881951237464,1.281536308093844
sc,200.0,0,1.0855035175092196e-05,0.986821379553836,5.341777429164658e+18,7152357632094658.0,1.5357919101745596e+22,8.941047649170937e+21,0.9566105177571639,1.2848254914253123
sc,200.0,0,1.0863738845238655e-05,0.9876126222944233,5.982954364008226e+18,6116569591668754.0,1.5357919101745596e+22,8.564006933437424e+21,0.956740724245098,1.2881359922141478
sc,200.0,0,1.0871927910203254e-05,0.9883570827457504,6.692515952371537e+18,5223232044208004.0,1.5357919101745596e+22,8.180543036594788e+21,0.956879199795023,1.291464491300989
sc,200.0,0,1.087963207872503e-05,0.9890574617022755,7.475510517502547e+18,4454821449609389.0,1.5357919101745596e+22,7.793356761061586e+21,0.9570263431088729,1.294807567487985
sc,200.0,0,1.0886879427977617e-05,0.9897163116343288,8.336930937411907e+18,3795528823572100.0,1.5357919101745596e+22,7.405116517293761e+21,0.9571825592646078,1.2981616872052455
sc,200.0,0,1.0893696483353328e-05,0.9903360439412118,9.281625015784096e+18,3231180900515405.5,1.5357919101745596e+22,7.018409277030503e+21,0.9573482518598712,1.301523197529095
sc,200.0,0,1.0900108295533774e-05,0.9909189359576158,1.0314195768717654e+19,2749145083097192.5,1.5357919101745596e+22,6.635695194890463e+21,0.9575238143203155,1.3048883228838786
sc,200.0,0,1.090613851478213e-05,0.9914671377074664,1.1438893412667132e+19,2338223809899095.5,1.5357919101745596e+22,6.259267187625292e+21,0.9577096203147352,1.308253165684029
sc,200.0,0,1.0911809462419846e-05,0.9919826784018042,1.265950153451735e+19,1988542988360918.0,1.5357919101745596e+22,5.891216571783926e+21,0.9579060132699883,1.3116137110911468
sc,200.0,0,1.091714219947416e-05,0.9924674726794691,1.3979220603697265e+19,1691438256578520.5,1.5357919101745596e+22,5.533405613398308e+21,0.9581132950407857,1.3149658359705185
sc,200.0,0,1.0922156592503055e-05,0.9929233265911869,1.540055259536938e+19,1439342057762426.2,1.5357919101745596e+22,5.187447551036839e+21,0.95833171386184,1.3183053220327603
sc,200.0,0,1.0926871376621309e-05,0.9933519433292098,1.6925190975110726e+19,1225673832326725.5,1.5357919101745596e+22,4.854694333964062e+21,0.9585614517903392,1.3216278730400701
sc,200.0,0,1.0931304215765523e-05,0.9937549287059567,1.8553920591785296e+19,1044735048999654.4,1.5357919101745596e+22,4.5362319906806206e+21,0.958802611931517,1.3249291358453097
sc,200.0,0,1.0935471760247933e-05,0.9941337963861758,2.028653208608445e+19,891610300712140.2,1.5357919101745596e+22,4.2328832311350783e+21,0.9590552058239357,1.3282047249193687
sc,200.0,0,1.0939389701658392e-05,0.9944899728780356,2.212175521115607e+19,762075275429406.5,1.5357919101745596e+22,3.945216608628332e+21,0.9593191414372298,1.3314502499124017
sc,200.0,0,1.0943072825181768e-05,0.9948248022892516,2.4057214961211093e+19,652512068587584.1,1.5357919101745596e+22,3.673561341570516e+21,0.9595942122957374,1.3346613456926828
sc,200.0,0,1.0946535059404077e-05,0.9951395508549161,2.6089413622222914e+19,559832024683393.44,1.5357919101745596e+22,3.418026733189256e+21,0.9598800882785582,1.3378337042184212
sc,200.0,0,1.0949789523685387e-05,0.9954354112441262,2.8213740828956213e+19,481406073523108.8,1.5357919101745596e+22,3.1785250352448353e+21,0.9601763086525847,1.3409631075280315
sc,200.0,0,1.0952848573180955e-05,0.9957135066528141,3.0424512494655205e+19,415002354747199.25,1.5357919101745596e+22,2.9547965802297426e+21,0.9604822778640658,1.3440454610875365
sc,200.0,0,1.0955723841594418e-05,0.9959748946904017,3.2715038153445544e+19,358730796004826.56,1.5357919101745596e+22,2.7464360499829303e+21,0.960797264543118,1.3470768267134228
sc,200.0,0,1.0958426281748313e-05,0.9962205710680284,3.5077714915634192e+19,310994219416479.56,1.5357919101745596e+22,2.552918847173089e+21,0.961120404064741,1.3500534542972977
sc,200.0,0,1.0960966204057819e-05,0.9964514730961654,3.750414498061009e+19,270445491986156.16,1.5357919101745596e+22,2.3736266764377176e+21,0.9614507048638873,1.3529718115953457
sc,200.0,0,1.0963353312993623e-05,0.9966684829994202,3.998527257370737e+19,235950203029622.78,1.5357919101745596e+22,2.2078716092804296e+21,0.9617870585296471,1.3558286114093876
sc,200.0,0,1.0965596741619176e-05,0.9968724310562888,4.251153534786186e+19,206554340507319.38,1.5357919101745596e+22,2.0549180862258366e+21,0.9621282535167861,1.3586208355742069
sc,200.0,0,1.0967705084286636e-05,0.9970640985715125,4.507302477284244e+19,181456443863351.84,1.5357919101745596e+22,1.9140024878799305e+21,0.9624729921261269,1.3613457552730948
sc,200.0,0,1.0969686427574233e-05,0.9972442206885668,4.765964984692324e+19,159983729514981.0,1.5357919101745596e+22,1.7843500722075258e+21,0.9628199102337067,1.3640009473247174
sc,200.0,0,1.0971548379546137e-05,0.9974134890496489,5.026129860568813e+19,141571712945121.78,1.5357919101745596e+22,1.6651892205484303e+21,0.9631675991062645,1.3665843062132668
sc,200.0,0,1.0973298097413808e-05,0.9975725543103462,5.286799233701083e+19,125746885364885.08,1.5357919101745596e+22,1.555763054555356e+21,0.9635146285386772,1.369094051763963
sc,200.0,0,1.0974942313675674e-05,0.9977220285159705,5.547002808873055e+19,112112040576422.0,1.5357919101745596e+22,1.4553385783414143e+21,0.963859570494733,1.3715287324915397
sc,200.0,0,1.0976487360809517e-05,0.9978624873463197,5.805810590610045e+19,100333886907939.03,1.5357919101745596e+22,1.363213564988289e+21,0.9642010224286326,1.3738872247647818
sc,200.0,0,1.097793919458954e-05,0.9979944722354128,6.062343818912936e+19,90132618289371.6,1.5357919101745596e+22,1.2787214465306195e+21,0.9645376295087342,1.3761687280316828
sc,200.0,0,1.0979303416097527e-05,0.9981184923725025,6.315783953939586e+19,81273156478311.61,1.5357919101745596e+22,1.2012344850026272e+21,0.9648681050509613,1.378372756433747
sc,200.0,0,1.0980585292494814e-05,0.9982350265904376,6.56537964094043e+19,73557812269681.56,1.5357919101745596e+22,1.1301655032732376e+21,0.9651912485876507,1.3804991272031064
sc,200.0,0,1.0981789776619278e-05,0.9983445251472072,6.810451672090385e+19,66820146673818.46,1.5357919101745596e+22,1.0649684424446737e+21,0.9655059611372627,1.382547946281475
sc,200.0,0,1.0982921525468846e-05,0.9984474114062588,7.0503960345311535e+19,60919843210173.375,1.5357919101745596e+22,1.0051379915585268e+21,0.965811257389766,1.384519591626272
sc,200.0,0,1.0983984917630406e-05,0.998544083420946,7.284685191602913e+19,55738429517910.08,1.5357919101745596e+22,9.502085087651859e+20,0.9661062746708118,1.3864146946777667
sc,200.0,0,1.0984984069710465e-05,0.9986349154282241,7.512867786243885e+19,51175710452090.86,1.5357919101745596e+22,8.997524238785622e+20,0.9663902786859161,1.3882341204539523
sc,200.0,0,1.0985922851821332e-05,0.9987202592564848,7.734566982130454e+19,47146795841698.9,1.5357919101745596e+22,8.533782825880212e+20,0.9666626661668272,1.3899789467195909
sc,200.0,0,1.0986804902174117e-05,0.9988004456521924,7.949477670984214e+19,43579624328400.7,1.5357919101745596e+22,8.107285642008704e+20,0.9669229646415511,1.3916504426450766
sc,200.0,0,1.0987633640827416e-05,0.9988757855297651,8.157362775154475e+19,40412900418333.32,1.5357919101745596e+22,7.714773786546097e+20,0.9671708296249715,1.3932500473322895
sc,200.0,0,1.0988412282638214e-05,0.9989465711489285,8.358048865835124e+19,37594375318318.67,1.5357919101745596e+22,7.353281253431556e+20,0.9674060395784625,1.3947793485410194
sc,200.0,0,1.098914384945923e-05,0.9990130772235664,8.551421301207323e+19,35079413551113.438,1.5357919101745596e+22,7.020111762663115e+20,0.9676284890158251,1.3962400619032653
sc,200.0,0,1.0989831181624756e-05,0.9990755619658869,8.737419067891019e+19,32829797002478.453,1.5357919101745596e+22,6.71281629172092e+20,0.9678381801417976,1.3976340108655876
sc,200.0,0,1.099047694876486e-05,0.9991342680695328,8.91602948520182e+19,30812726180439.883,1.5357919101745596e+22,6.429171625137296e+20,0.9680352134016263,1.398963107553678
sc,200.0,0,1.0991083659985862e-05,0.9991894236350785,9.087282906834108e+19,28999985279710.496,1.5357919101745596e+22,6.167160129349262e+20,0.968219777299215,1.4002293347095804
sc,200.0,0,1.0991653673452932e-05,0.9992412430411757,9.251247529882152e+19,27367243335843.887,1.5357919101745596e+22,5.92495087283323e+20,0.968392137810698,1.4014347288114268
sc,200.0,0,1.0992189205408847e-05,0.9992899277644407,9.408024397640506e+19,25893468494469.355,1.5357919101745596e+22,5.700882144697117e+20,0.9685526276832079,1.402581364449038
sc,200.0,0,1.099269233866112e-05,0.999335667151011,9.557742661302231e+19,24560436361237.297,1.5357919101745596e+22,5.493445375287436e+20,0.9687016358679079,1.4036713399964076
sc,200.0,0,1.0993165030567958e-05,0.9993786391425417,9.7005551465057e+19,23352316666503.465,1.5357919101745596e+22,5.301270426439465e+20,0.9688395972944738,1.4047067645941933
sc,200.0,0,1.0993609120551912e-05,0.9994190109592647,9.836634254411368e+19,22255325185835.63,1.5357919101745596e+22,5.123112194331101e+20,0.9689669831530148,1.405689746431878
sc,200.0,0,1.0994026337168478e-05,0.999456939742589,9.966168213108793e+19,21257430097233.105,1.5357919101745596e+22,4.957838451783372e+20,0.9690842918103342,1.4066223822999295
sc,200.0,0,1.0994418304755431e-05,0.9994925731595847,1.0089357683937332e+20,20348103807406.79,1.5357919101745596e+22,4.804418847435341e+20,0.9691920404514714,1.4075067483668475
sc,200.0,0,1.0994786549687217e-05,0.9995260499715652,1.020641271841489e+20,19518112809570.836,1.5357919101745596e+22,4.661914974840885e+20,0.9692907575052802,1.4083448921241712
sc,200.0,0,1.0995132506257437e-05,0.999557500568858,1.0317550054585757e+20,18759339398959.074,1.5357919101745596e+22,4.529471423687016e+20,0.9693809758847132,1.409138825433793
sc,200.0,0,1.099545752221112e-05,0.9995870474737383,1.0422990736641458e+20,18064630116607.17,1.5357919101745596e+22,4.406307727185409e+20,0.969463227048621,1.4098905186059867
sc,200.0,0,1.0995762863947264e-05,0.9996148058133876,1.0522958038151329e+20,17427666654857.291,1.5357919101745596e+22,4.291711123217446e+20,0.969538035872122,1.4106018954329302
sc,200.0,0,1.0996049721411005e-05,0.9996408837646369,1.061767566713297e+20,16842855671334.945,1.5357919101745596e+22,4.1850300514873344e+20,0.9696059162968222,1.4112748291010468
sc,200.0,0,1.0996319212693658e-05,0.9996653829721508,1.070736622996103e+20,16305234548542.338,1.5357919101745596e+22,4.085668314258283e+20,0.9696673677199295,1.4119111389053287
sc,200.0,0,1.0996572388357787e-05,0.999688398941617,1.079224993084228e+20,15810390624739.268,1.5357919101745596e+22,3.993079833850808e+20,0.9697228720724087,1.4125125876903029
sc,200.0,0,1.0996810235503576e-05,0.999710021409416,1.0872543483863305e+20,15354391826779.248,1.5357919101745596e+22,3.9067639457278054e+20,0.9697728915302403,1.4130808799446197
sc,200.0,0,1.0997033681591765e-05,0.9997303346901605,1.0948459215387499e+20,14933726971652.521,1.5357919101745596e+22,3.826261171547427e+20,0.9698178667992662,1.4136176604793782
sc,200.0,0,1.0997243598037532e-05,0.9997494180034121,1.102020433569754e+20,14545254282411.367,1.5357919101745596e+22,3.751149421815533e+20,0.9698582159125908,1.4141245136239764
sc,200.0,0,1.099744080358895e-05,0.9997673457808136,1.1087980359991234e+20,14186156896354.926,1.5357919101745596e+22,3.681040582727832e+20,0.9698943334797291,1.4146029628774834
sc,200.0,0,1.0997626067502723e-05,0.999784187954793,1.1151982660480169e+20,13853904336621.838,1.5357919101745596e+22,3.615577446463868e+20,0.9699265903282481,1.4150544709575947
sc,200.0,0,1.0997800112529352e-05,0.9998000102299411,1.1212400132603029e+20,13546219079456.389,1.5357919101745596e+22,3.5544309483265694e+20,0.9699553334813162,1.4154804401939716
sc,200.0,0,1.0997963617718971e-05,0.9998148743380884,1.126941496008637e+20,13261047484248.43,1.5357919101745596e+22,3.497297678104667e+20,0.9699808864179574,1.4158822132168019
sc,200.0,0,1.0998117221058578e-05,0.9998288382780526,1.1323202464957532e+20,12996534465907.146,1.5357919101745596e+22,3.4438976364547867e+20,0.9700035495667991,1.4162610738960253
sc,200.0,0,1.0998261521950722e-05,0.9998419565409749,1.1373931030057037e+20,12751001383596.01,1.5357919101745596e+22,3.393972210286569e+20,0.9700236009883786,1.4166182484907568
sc,200.0,0,1.099839708354309e-05,0.9998542803220991,1.142176208295916e+20,12522926699108.625,1.5357919101745596e+22,3.347282343991096e+20,0.970041297205531,1.416954906972391
sc,200.0,0,1.0998524434917892e-05,0.9998658577198084,1.1466850131463815e+20,12310929024678.22,1.5357919101745596e+22,3.3036068858712064e+20,0.9700568741458638,1.417272164488775
sc,200.0,0,1.0998644073149468e-05,0.9998767339226788,1.1509342841971468e+20,12113752236149.873,1.5357919101745596e+22,3.262741091414108e+20,0.970070548164709,1.4175710829403227
sc,200.0,0,1.0998756465237942e-05,0.9998869513852675,1.1549381153119281e+20,11930252374744.615,1.5357919101745596e+22,3.224495267072154e+20,0.9700825171211426,1.4178526726422687
sc,200.0,0,1.0998862049926409e-05,0.9998965499933099,1.1587099418027604e+20,11759386100600.162,1.5357919101745596e+22,3.188693540013955e+20,0.9700929614836433,1.4181178940503476
sc,200.0,0,1.0998961239408573e-05,0.9999055672189612,1.1622625569360003e+20,11600200495113.973,1.5357919101745596e+22,3.155172740905704e+20,0.9701020454456332,1.4183676595299897
sc,200.0,0,1.099905442093346e-05,0.9999140382666782,1.1656081302186934e+20,11451824037827.938,1.5357919101745596e+22,3.1237813882118183e+20,0.9701099180345174,1.418602835151691
sc,200.0,0,1.0999141958313349e-05,0.9999219962103045,1.1687582270351235e+20,11313458607938.84,1.5357919101745596e+22,3.0943787637606475e+20,0.9701167142008866,1.4188242424975726
sc,200.0,0,1.0999224193340739e-05,0.9999294721218854,1.1717238292655522e+20,11184372381243.56,1.5357919101745596e+22,3.066834070438219e+20,0.9701225558772575,1.4190326604662384
sc,200.0,0,1.0999301447119812e-05,0.9999364951927101,1.1745153565650443e+20,11063893511071.867,1.5357919101745596e+22,3.041025663858204e+20,0.9701275529981258,1.4192288270649343
sc,200.0,0,1.0999374021317546e-05,0.9999430928470496,1.177142688045421e+20,10951404496736.559,1.5357919101745596e+22,3.016840350752132e+20,0.9701318044751931,1.4194134411798072
sc,200.0,0,1.0999442199339309e-05,0.9999492908490282,1.1796151841291275e+20,10846337156018.176,1.5357919101745596e+22,2.994172747579967e+20,0.9701353991234232,1.4195871643164595
sc,200.0,0,1.0999506247433445e-05,0.9999551134030404,1.1819417083865194e+20,10748168129286.105,1.5357919101745596e+22,2.972924693577428e+20,0.9701384165351076,1.4197506223043992
sc,200.0,0,1.0999566415729164e-05,0.9999605832481058,1.184130649207258e+20,10656414852191.244,1.5357919101745596e+22,2.9530047130438664e+20,0.970140927900413,1.4199044069602536
sc,200.0,0,1.0999622939211742e-05,0.9999657217465221,1.1861899411692893e+20,10570631942225.52,1.5357919101745596e+22,2.9343275222375032e+20,0.9701429967739261,1.4200490777055503
sc,200.0,0,1.0999676038638799e-05,0.9999705489671635,1.1881270860084253e+20,10490407951291.934,1.5357919101745596e+22,2.9168135767192945e+20,0.970144679787587,1.4201851631358593
sc,200.0,0,1.0999725921401199e-05,0.9999750837637453,1.1899491731032221e+20,10415362442573.982,1.5357919101745596e+22,2.9003886554180973e+20,0.9701460273110779,1.4203131625389165
sc,200.0,0,1.099977278233193e-05,0.9999793438483573,1.1916628994057301e+20,10345143355226.734,1.5357919101745596e+22,2.8849834780675303e+20,0.9701470840612783,1.4204335473599572
sc,200.0,0,1.0999816804466099e-05,0.9999833458605545,1.1932745887785484e+20,10279424624821.607,1.5357919101745596e+22,2.8705333530090314e+20,0.970147889662791,1.4205467626132542
sc,200.0,0,1.0999858159754965e-05,0.9999871054322695,1.1947902106888965e+20,10217904031588.002,1.5357919101745596e+22,2.8569778526552365e+20,0.9701484791618451,1.4206532282391742
sc,200.0,0,1.0999897009736801e-05,0.9999906372488001,1.1962153982414556e+20,10160301251722.621,1.5357919101745596e+22,2.844260514177441e+20,0.9701488834960728,1.4207533404066595
sc,200.0,0,1.0999933506167206e-05,0.9999939551061097,1.1975554655344339e+20,10106356090041.373,1.5357919101745596e+22,2.8323285632186905e+20,0.9701491299227774,1.4208474727614027
sc,200.0,0,1.0999967791611283e-05,0.999997071964662,1.1988154243241376e+20,10055826874892.215,1.5357919101745596e+22,2.8211326586505046e+20,0.9701492424083701,1.4209359776202148
sc,200.0,0,1.1e-05,1.0,1.2e+20,10008488998394.756,1.5357919101745596e+22,2.8106266565814134e+20,0.9701492419816471,1.4210191871124291
oc,200.0,0.966893724646012,0.0,0.0,1094622846985.2577,1.2e+20,1.5357919101745596e+22,3.0739666628331598e+19,0.9855827188206013,0.0
oc,200.0,0.966893724646012,3.2208388717036575e-11,2.9280353379124158e-06,1100396048584.1626,1.1989156592792633e+20,1.5357919101745596e+22,3.0873868750114832e+19,0.9855827188206013,9.069773553169523e-05
oc,200.0,0.966893724646012,6.649383279366816e-11,6.044893890333469e-06,1106558079545.7913,1.197762237854993e+20,1.5357919101745596e+22,3.1016888518733726e+19,0.985582525791194,0.00018717373377039688
oc,200.0,0.966893724646012,1.0299026319943172e-10,9.362751199948338e-06,1113136265174.1406,1.1965353949222973e+20,1.5357919101745596e+22,3.116931663447584e+19,0.9855821040221113,0.0002897912538527355
oc,200.0,0.966893724646012,1.418402450356626e-10,1.2894567730514783e-05,1120160003383.3965,1.1952305251432674e+20,1.5357919101745596e+22,3.133178490736105e+19,0.9855814128680587,0.00039893574673539005
oc,200.0,0.966893724646012,1.8319553390006016e-10,1.6654139445460014e-05,1127660941992.5737,1.1938427436743975e+20,1.5357919101745596e+22,3.150496932685647e+19,0.985580406165966,0.0005150161251245379
oc,200.0,0.966893724646012,2.2721766807037856e-10,2.065615164276169e-05,1135673173752.5603,1.1923668705119848e+20,1.5357919101745596e+22,3.1689593388869366e+19,0.9855790315946148,0.0006384660945091022
oc,200.0,0.966893724646012,2.7407859880196337e-10,2.4916236254723945e-05,1144233451193.058,1.1907974141501512e+20,1.5357919101745596e+22,3.1886431705262928e+19,0.9855772299727595,0.0007697455465870101
oc,200.0,0.966893724646012,3.239613612005532e-10,2.9451032836413926e-05,1153381423661.4976,1.1891285545541355e+20,1.5357919101745596e+22,3.2096313924227494e+19,0.9855749344919437,0.0009093420161898002
oc,200.0,0.966893724646012,3.770607882569443e-10,3.427825347790403e-05,1163159899245.4236,1.187354125451977e+20,1.5357919101745596e+22,3.232012899283606e+19,0.9855720698804029,0.0010577722024316708
oc,200.0,0.966893724646012,4.335842708358961e-10,3.9416751894172375e-05,1173615134657.9856,1.1854675959586241e+20,1.5357919101745596e+22,3.255882979735438e+19,0.985568551494747,0.001215583554567876
oc,200.0,0.966893724646012,4.937525665545395e-10,4.488659695950359e-05,1184797156588.7966,1.1834620515571982e+20,1.5357919101745596e+22,3.281343822091537e+19,0.9855642843365378,0.0013833559225323582
oc,200.0,0.966893724646012,5.578006606901109e-10,5.0709150971828265e-05,1196760118534.6174,1.1813301744643174e+20,1.5357919101745596e+22,3.308505066314794e+19,0.9855591619914872,0.0015617032716740802
oc,200.0,0.966893724646012,6.259786824534542e-10,5.690715295031401e-05,1209562697706.124,1.179064223431449e+20,1.5357919101745596e+22,3.3374844072266424e+19,0.9855530654897663,0.0017512754606189003
oc,200.0,0.966893724646012,6.985528801894402e-10,6.350480728994912e-05,1223268537289.2695,1.176656013032629e+20,1.5357919101745596e+22,3.368408254628431e+19,0.9855458620869182,0.0019527600805370714
oc,200.0,0.966893724646012,7.758066592602475e-10,7.052787811456795e-05,1237946740127.9175,1.1740968925228925e+20,1.5357919101745596e+22,3.4014124567829463e+19,0.985537403966106,0.002166884353220477
oc,200.0,0.966893724646012,8.580416866495465e-10,7.800378969541333e-05,1253672420825.6865,1.1713777243549345e+20,1.5357919101745596e+22,3.4366430945385935e+19,0.9855275268639432,0.0023944170845800095
oc,200.0,0.966893724646012,9.455790665399698e-10,8.596173332181545e-05,1270527324338.6936,1.1684888624767877e+20,1.5357919101745596e+22,3.4742573543829942e+19,0.9855160486239823,0.002636170669014862
oc,200.0,0.966893724646012,1.0387605914276564e-09,9.443278103887787e-05,1288600520409.876,1.1654201305530927e+20,1.5357919101745596e+22,3.5144244898718028e+19,0.9855027676841063,0.002893003139023238
oc,200.0,0.966893724646012,1.1379500735910763e-09,0.00010345000669009785,1307989184673.3074,1.1621608002824434e+20,1.5357919101745596e+22,3.557326882173902e+19,0.9854874615066147,0.0031658202529700015
oc,200.0,0.966893724646012,1.243534762056797e-09,0.0001130486147324361,1328799479018.5583,1.1586995700222973e+20,1.5357919101745596e+22,3.603161212047772e+19,0.9854698849627466,0.003455577612443157
oc,200.0,0.966893724646012,1.3559268505321519e-09,0.00012326607732110473,1351147545872.5496,1.1550245439689243e+20,1.5357919101745596e+22,3.6521397573410402e+19,0.9854497686867613,0.0037632827989034666
oc,200.0,0.966893724646012,1.475565082107555e-09,0.0001341422801915959,1375160633498.8135,1.151123212186645e+20,1.5357919101745596e+22,3.7044918321832575e+19,0.9854268174185405,0.004089997517351097
oc,200.0,0.966893724646012,1.602916456910408e-09,0.0001457196779009462,1400978372316.6758,1.1469824318320663e+20,1.5357919101745596e+22,3.760465386483402e+19,0.9854007083579723,0.004436839732592448
oc,200.0,0.966893724646012,1.738478049276626e-09,0.00015804345902514783,1428754225684.5825,1.1425884099778848e+20,1.5357919101745596e+22,3.820328787182414e+19,0.9853710895591596,0.004804985781255184
oc,200.0,0.966893724646012,1.8827789414216367e-09,0.00017116172194742152,1458657142692.091,1.1379266885064206e+20,1.5357919101745596e+22,3.884372806036667e+19,0.9853375783977456,0.005195672440024866
oc,200.0,0.966893724646012,2.0363822810287035e-09,0.00018512566191170032,1490873445398.1802,1.1329821316174178e+20,1.5357919101745596e+22,3.952912842610592e+19,0.9852997601503402,0.005610198927613214
oc,200.0,0.966893724646012,2.199887470647477e-09,0.00019998977005886154,1525608988810.1016,1.1277389165771989e+20,1.5357919101745596e+22,4.026291415742557e+19,0.9852571867311449,0.00604992881475154
oc,200.0,0.966893724646012,2.3739324972774643e-09,0.00021581204520704222,1563091638917.801,1.1221805284281614e+20,1.5357919101745596e+22,4.104880962134725e+19,0.9852093756373491,0.006516291812933531
oc,200.0,0.966893724646012,2.5591964110509015e-09,0.00023265421918644558,1603574122546.8184,1.1162897594789562e+20,1.5357919101745596e+22,4.189086987081207e+19,0.9851558091616038,0.007010785408839977
oc,200.0,0.966893724646012,2.756401962466237e-09,0.00025058199658783975,1647337312969.5999,1.1100487145098302e+20,1.5357919101745596e+22,4.279351619847915e+19,0.9850959339368256,0.007534976307197355
oc,200.0,0.966893724646012,2.9663184082353023e-09,0.00026966530983957293,1694694027523.389,1.1034388227413893e+20,1.5357919101745596e+22,4.3761576350631576e+19,0.985029160885525,0.008090501640467693
oc,200.0,0.966893724646012,3.189764496423941e-09,0.00028997859058399467,1745993428395.537,1.0964408577552545e+20,1.5357919101745596e+22,4.480033012004698e+19,0.9849548656526945,0.008679069899064466
oc,200.0,0.966893724646012,3.427611642213779e-09,0.00031160105838307084,1801626135849.3354,1.0890349666830392e+20,1.5357919101745596e+22,4.591556116035856e+19,0.9848723896077912,0.009302461530836673
oc,200.0,0.966893724646012,3.680787306341249e-09,0.00033461702784920444,1862030185236.8655,1.081200710134419e+20,1.5357919101745596e+22,4.711361601211351e+19,0.9847810415072289,0.009962529153531293
oc,200.0,0.966893724646012,3.950278588993605e-09,0.00035911623536305504,1927697986106.1587,1.072917114477414e+20,1.5357919101745596e+22,4.840147150522278e+19,0.9846800999138059,0.01066119731866403
oc,200.0,0.966893724646012,4.2371360527360675e-09,0.0003851941866123698,1999184474717.8083,1.064162738237561e+20,1.5357919101745596e+22,4.978681190979908e+19,0.9845688164732317,0.011400461759978985
oc,200.0,0.966893724646012,4.5424777888789516e-09,0.00041295252626172285,2077116691830.8335,1.0549157545285181e+20,1.5357919101745596e+22,5.127811745369894e+19,0.9844464201499592,0.012182388054479827
oc,200.0,0.966893724646012,4.8674937425619564e-09,0.0004424994311419961,2162205067528.5784,1.0451540515628969e+20,1.5357919101745596e+22,5.288476611738342e+19,0.9843121225244108,0.013009109618981543
oc,200.0,0.966893724646012,5.213450312782919e-09,0.0004739500284348108,2255256756472.76,1.0348553534085256e+20,1.5357919101745596e+22,5.461715096376735e+19,0.9841651242507817,0.013882824960547711
oc,200.0,0.966893724646012,5.581695244568585e-09,0.0005074268404153259,2357191443233.5015,1.0239973632494674e+20,1.5357919101745596e+22,5.6486815672724275e+19,0.9840046227682938,0.014805794095079377
oc,200.0,0.966893724646012,5.973662831521231e-09,0.000543060257411021,2469060131975.0903,1.012557931456213e+20,1.5357919101745596e+22,5.85066114379514e+19,0.9838298213482719,0.015780334045061163
oc,200.0,0.966893724646012,6.390879448088693e-09,0.0005809890407353357,2592067552511.5903,1.000515250768158e+20,1.5357919101745596e+22,6.0690878962344485e+19,0.9836399395438725,0.016808813325349073
oc,200.0,0.966893724646012,6.83496943204237e-09,0.0006213608574583973,2727598961576.841,9.878480808081803e+19,1.5357919101745596e+22,6.305565997114486e+19,0.9834342250877997,0.01789364532508249
oc,200.0,0.966893724646012,7.30766133887939e-09,0.0006643328489890354,2877252301716.8555,9.745360039803812e+19,1.5357919101745596e+22,6.561894346797126e+19,0.9832119672548375,0.019037280494859084
oc,200.0,0.966893724646012,7.810794591152303e-09,0.0007100722355593003,3042876910285.524,9.605597145104795e+19,1.5357919101745596e+22,6.840095290699562e+19,0.9829725116694954,0.020242197251523597
oc,200.0,0.966893724646012,8.346326547068184e-09,0.0007587569588243803,3226620259948.9194,9.459013419557192e+19,1.5357919101745596e+22,7.142448156432543e+19,0.9827152764934454,0.021510891518715623
oc,200.0,0.966893724646012,8.916340014136991e-09,0.0008105763649215447,3430984575860.3994,9.305448099124748e+19,1.5357919101745596e+22,7.471528468829543e+19,0.9824397698717598,0.022845864830273694
oc,200.0,0.966893724646012,9.523051235139635e-09,0.0008657319304672395,3658895633452.8887,9.14476229849549e+19,1.5357919101745596e+22,7.830253851194126e+19,0.9821456084505404,0.024249610936059738
oc,200.0,0.966893724646012,1.0168818375244415e-08,0.0009244380341131286,3913786620628.6855,8.976843289789127e+19,1.5357919101745596e+22,8.221937794604001e+19,0.9818325367009759,0.025724600866256612
oc,200.0,0.966893724646012,1.0856150540770048e-08,0.0009869227764336408,4199700682235.7847,8.801609098098316e+19,1.5357919101745596e+22,8.650352675678198e+19,0.9815004466964531,0.027273266431237744
oc,200.0,0.966893724646012,1.1587717361786653e-08,0.001053428851071514,4521416695623.438,8.619013375144701e+19,1.5357919101745596e+22,9.119803628416716e+19,0.9811493978912375,0.028897982159883605
oc,200.0,0.966893724646012,1.2366359172584106e-08,0.0011242144702349188,4884604008204.898,8.42905049450439e+19,1.5357919101745596e+22,9.635215128171204e+19,0.9807796363437523,0.030601045710280123
oc,200.0,0.966893724646012,1.3195097825883073e-08,0.001199554347807552,5296013370990.424,8.231760791535464e+19,1.5357919101745596e+22,1.0202232424970977e+20,0.9803916127186358,0.03238465682289467
oc,200.0,0.966893724646012,1.4077148178667454e-08,0.001279740743515223,5763713214863.628,8.027235848668342e+19,1.5357919101745596e+22,1.0827340266560523e+20,0.9799859982953705,0.034250894927859266
oc,200.0,0.966893724646012,1.501593028953513e-08,0.0013650845717759208,6297382852532.216,7.815623702656644e+19,1.5357919101745596e+22,1.1518001673403612e+20,0.9795636981155696,0.036201695564258854
oc,200.0,0.966893724646012,1.6015082369593702e-08,0.001455916579053973,6908677293055.04,7.597133825567502e+19,1.5357919101745596e+22,1.2282819859253235e+20,0.9791258603264664,0.038238825819921246
oc,200.0,0.966893724646012,1.7078474531153074e-08,0.0015525885937411887,7611682311332.799,7.3720417070705754e+19,1.5357919101745596e+22,1.3131726717997276e+20,0.9786738807375936,0.04036385905410839
oc,200.0,0.966893724646012,1.8210223380721703e-08,0.001655474852792882,8423483454306.897,7.140692843330294e+19,1.5357919101745596e+22,1.4076201599378045e+20,0.9782094016156428,0.0425781492211964
oc,200.0,0.966893724646012,1.9414707505186866e-08,0.0017649734095624425,9364879082522.238,6.903505919640307e+19,1.5357919101745596e+22,1.5129524345390953e+20,0.9777343038141945,0.04488280516927739
oc,200.0,0.966893724646012,2.069658390247253e-08,0.0018815076274975029,10461275708514.059,6.660974961860667e+19,1.5357919101745596e+22,1.6307066717235757e+20,0.977250691484551,0.04727866534120827
oc,200.0,0.966893724646012,2.2060805410459572e-08,0.002005527764587234,11743814263117.307,6.413670228236482e+19,1.5357919101745596e+22,1.7626626361720023e+20,0.9767608688519109,0.049766273354400314
oc,200.0,0.966893724646012,2.351263919048374e-08,0.00213751265368034,13250789069240.049,6.1622376205142114e+19,1.5357919101745596e+22,1.910880728463134e+20,0.9762673088717909,0.0523458549765302
oc,200.0,0.966893724646012,2.5057686324324814e-08,0.0022779714840295284,15029437935571.664,5.907396413678068e+19,1.5357919101745596e+22,2.077745034368197e+20,0.9757726139996856,0.05501729704420659
oc,200.0,0.966893724646012,2.670190258619126e-08,0.002427445689653751,17138202762599.215,5.6499351387246666e+19,1.5357919101745596e+22,2.2660116458984846e+20,0.9752794697949309,0.05778012888705284
oc,200.0,0.966893724646012,2.84516204538629e-08,0.002586510950351173,19649586424447.72,5.3907055034662535e+19,1.5357919101745596e+22,2.4788623967796704e+20,0.9747905926063565,0.06063350681769585
oc,200.0,0.966893724646012,3.031357242576549e-08,0.0027557793114332263,22653764701956.945,5.130614302318642e+19,1.5357919101745596e+22,2.7199639719430498e+20,0.9743086731080566,0.06357620222588126
oc,200.0,0.966893724646012,3.2294915713363566e-08,0.0029359014284875973,26263153168747.906,4.870613345681331e+19,1.5357919101745596e+22,2.993532101037604e+20,0.9738363179137304,0.06660659377043286
oc,200.0,0.966893724646012,3.44032583808237e-08,0.0031275689437112453,30618179884392.188,4.611687529842926e+19,1.5357919101745596e+22,3.3044002203955016e+20,0.9733759918388095,0.06972266409488735
oc,200.0,0.966893724646012,3.664668700637741e-08,0.0033315170005797645,35894577471503.64,4.354841264798018e+19,1.5357919101745596e+22,3.658091578708209e+20,0.9729299635466552,0.07292200140143507
oc,200.0,0.966893724646012,3.9033795942180146e-08,0.003548526903834559,42312584804560.375,4.1010835738848215e+19,1.5357919101745596e+22,4.0608932651188866e+20,0.9725002572683981,0.07620180610478236
oc,200.0,0.966893724646012,4.157371825168804e-08,0.00377942893197164,50148541429525.36,3.851412268927377e+19,1.5357919101745596e+22,4.519930056031141e+20,0.972088613008647,0.07955890265570259
oc,200.0,0.966893724646012,4.4276158405582135e-08,0.004025105309598376,59749469338038.2,3.6067976801739645e+19,1.5357919101745596e+22,5.043235317924262e+20,0.9716964571536587,0.08298975647776116
oc,200.0,0.966893724646012,4.715142681904483e-08,0.0042864933471858935,71551369112948.0,3.368166474687576e+19,1.5357919101745596e+22,5.639815486490233e+20,0.9713248847272601,0.08649049580580465
oc,200.0,0.966893724646012,5.021047631461167e-08,0.0045645887558737885,86102112688609.44,3.136386124039094e+19,1.5357919101745596e+22,6.319703897351797e+20,0.9709746537610552,0.09005693805801744
oc,200.0,0.966893724646012,5.3464940595922046e-08,0.004860449145083823,104089994329401.62,2.9122505779708547e+19,1.5357919101745596e+22,7.093999013155686e+20,0.9706461914429243,0.0936846202222169
oc,200.0,0.966893724646012,5.692717481823145e-08,0.005175197710748314,126379205132697.19,2.696467663507737e+19,1.5357919101745596e+22,7.97488143084784e+20,0.9703396109675797,0.09736883259889108
oc,200.0,0.966893724646012,6.061029834160731e-08,0.0055100271219643004,154053722978526.0,2.489648659964036e+19,1.5357919101745596e+22,8.975603528482095e+20,0.9700547374095629,0.10110465512554069
oc,200.0,0.966893724646012,6.452823975206651e-08,0.005866203613824228,188471355597141.3,2.292300403452917e+19,1.5357919101745596e+22,1.0110445298561691e+21,0.9697911405247615,0.10488699541502296
oc,200.0,0.966893724646012,6.869578423447609e-08,0.006245071294043281,231329932326646.5,2.10482015652851e+19,1.5357919101745596e+22,1.1394629894853954e+21,0.969548172184874,0.10871062757941445
oc,200.0,0.966893724646012,7.312862337869174e-08,0.006648056670790159,284747898997893.7,1.9274933480010215e+19,1.5357919101745596e+22,1.284419276989147e+21,0.9693250061547901,0.11257023088305573
oc,200.0,0.966893724646012,7.784340749694441e-08,0.007076673408813128,351361813664878.8,1.7604941544116419e+19,1.5357919101745596e+22,1.4475799069226684e+21,0.9691206781057772,0.11646042727445818
oc,200.0,0.966893724646012,8.285780052584041e-08,0.007532527320530946,434443445412583.6,1.6038887677595498e+19,1.5357919101745596e+22,1.6306505225216118e+21,0.9689341240716123,0.12037581688529093
oc,200.0,0.966893724646012,8.81905375801531e-08,0.008017321598195737,538039313044181.75,1.4576410825417806e+19,1.5357919101745596e+22,1.835346247951901e+21,0.9687642159474775,0.12431101065225848
oc,200.0,0.966893724646012,9.38614852178688e-08,0.008532862292533527,667135524502209.8,1.3216204458748502e+19,1.5357919101745596e+22,2.0633562345187123e+21,0.9686097930513258,0.12826065930972474
oc,200.0,0.966893724646012,9.989170446622597e-08,0.00908106404238418,827850640114734.6,1.1956110519652674e+19,1.5357919101745596e+22,2.316302674092691e+21,0.9684696891714188,0.13221947811141932
oc,200.0,0.966893724646012,1.0630351664667048e-07,0.009663956058788226,1027658919992039.9,1.0793225283775566e+19,1.5357919101745596e+22,2.5956948592649825e+21,0.9683427548804153,0.1361822667623878
oc,200.0,0.966893724646012,1.131205720223829e-07,0.010283688365671173,1275645652244009.5,9.724012557826425e+18,1.5357919101745596e+22,2.9028791959574534e+21,0.9682278751869,0.14014392417134716
oc,200.0,0.966893724646012,1.2036792127497026e-07,0.010942538297724569,1582795205379516.0,8.74441982351306e+18,1.5357919101745596e+22,3.238986402819626e+21,0.9681239828122952,0.1440994577633365
oc,200.0,0.966893724646012,1.2807208979674554e-07,0.011642917254249596,1962310904451539.0,7.849993341908796e+18,1.5357919101745596e+22,3.6048774426514696e+21,0.968030067526408,0.14804398721875286
oc,200.0,0.966893724646012,1.3626115476134353e-07,0.012387377705576685,2429963685674497.5,7.035988787914149e+18,1.5357919101745596e+22,4.0010900033798485e+21,0.9679451820564905,0.15197274262471072
oc,200.0,0.966893724646012,1.4496482490780489e-07,0.01317862044616408,3004463622751007.0,6.297474635222275e+18,1.5357919101745596e+22,4.42778755936867e+21,0.9678684451140672,0.15588105713705272
oc,200.0,0.966893724646012,1.542145229413025e-07,0.014019502085572955,3707844727368043.5,5.629426202819384e+18,1.5357919101745596e+22,4.884713180206453e+21,0.9677990420736412,0.15976435435700315
oc,200.0,0.966893724646012,1.6404347041678602e-07,0.014913042765162365,4565848809315633.0,5.026808955554375e+18,1.5357919101745596e+22,5.371150299325006e+21,0.9677362237999242,0.16361813072781237
oc,200.0,0.966893724646012,1.744867749296319e-07,0.01586243408451199,5608288576369249.0,4.4846502849151355e+18,1.5357919101745596e+22,5.885892599723058e+21,0.9676793040662296,0.1674379333579751
oc,200.0,0.966893724646012,1.855815193891665e-07,0.016871047217196955,6869363560669664.0,3.998099553729153e+18,1.5357919101745596e+22,6.42722501489821e+21,0.9676276559448999,0.17121933378407997
oc,200.0,0.966893724646012,1.9736685309624657e-07,0.01794244119056787,8387894976953325.0,3.5624766530947686e+18,1.5357919101745596e+22,6.992917581630009e+21,0.9675807074878392,0.17495789830454964
oc,200.0,0.966893724646012,2.0988408428425337e-07,0.019080371298568488,1.0207437497648938e+16,3.173309684332636e+18,1.5357919101745596e+22,7.580233524274016e+21,0.9675379369562196,0.17864915565224967
oc,200.0,0.966893724646012,2.2317677371326033e-07,0.020288797610296394,1.237621762868818e+16,2.8263626441750784e+18,1.5357919101745596e+22,8.185952508506953e+21,0.9674988678064489,0.18228856293569026
oc,200.0,0.966893724646012,2.372908288291805e-07,0.0215718935299255,1.494684062343664e+16,2.5176541650004567e+18,1.5357919101745596e+22,8.806409489708324e+21,0.9674630635964617,0.18587147097054985
oc,200.0,0.966893724646012,2.522745979127007e-07,0.022934054355700062,1.7975701761944984e+16,2.2434684549616097e+18,1.5357919101745596e+22,9.437549012774814e+21,0.9674301229433382,0.18939309034815474
oc,200.0,0.966893724646012,2.6817896354620375e-07,0.024379905776927613,2.152118368524712e+16,2.0003501447092626e+18,1.5357919101745596e+22,1.0074548105351294e+22,0.9673987780506078,0.19284845984390672
oc,200.0,0.966893724646012,2.850574346200175e-07,0.025914312238183412,2.564367327758787e+16,1.7851200275978217e+18,1.5357919101745596e+22,1.0712752123507385e+22,0.9673687277127478,0.19623242028090904
oc,200.0,0.966893724646012,3.029662359817677e-07,0.02754238508925161,3.040310898397567e+16,1.5948616054056548e+18,1.5357919101745596e+22,1.1347348627315044e+22,0.967339645754719,0.19953959437235202
oc,200.0,0.966893724646012,3.2196439470382796e-07,0.029269490427620726,3.5856602656739324e+16,1.426912016634955e+18,1.5357919101745596e+22,1.1973461792207309e+22,0.9673111699856659,0.20276437577025058
oc,200.0,0.966893724646012,3.4211382180356256e-07,0.0311012565275966,4.205554311085655e+16,1.2788504276904568e+18,1.5357919101745596e+22,1.2586251269164463e+22,0.9672828913718592,0.2059009301208582
oc,200.0,0.966893724646012,3.6347938809909277e-07,0.033043580736281164,4.904222217965028e+16,1.1484846329032163e+18,1.5357919101745596e+22,1.3181011161994645e+22,0.9672543421123776,0.20894321108207345
oc,200.0,0.966893724646012,3.8612899271962657e-07,0.035102635701784235,5.684608442574807e+16,1.0338365077061321e+18,1.5357919101745596e+22,1.3753265240551566e+22,0.9672249829516206,0.21188499425920343
oc,200.0,0.966893724646012,4.1013362261439735e-07,0.03728487478312703,6.547977279835501e+16,9.331268479870651e+17,1.5357919101745596e+22,1.4298854524478686e+22,0.9671941902888178,0.21471993179270518
oc,200.0,0.966893724646012,4.3556740121832605e-07,0.03959703647439328,7.493522011813435e+16,8.44760025702844e+17,1.5357919101745596e+22,1.4814013661070758e+22,0.9671612439242295,0.21744162981490595
oc,200.0,0.966893724646012,4.625076242368779e-07,0.04204614765789799,8.51801111524928e+16,7.673087984890241e+17,1.5357919101745596e+22,1.529543311746313e+22,0.9671253166024653,0.22004375012123076
oc,200.0,0.966893724646012,4.910347803083952e-07,0.04463952548258138,9.615509928585992e+16,6.994995304699523e+17,1.5357919101745596e+22,1.574030511729489e+22,0.9670854668485487,0.22252013613754237
oc,200.0,0.966893724646012,5.212325540916164e-07,0.0473847776446924,1.0777218977515829e+17,6.401980131705473e+17,1.5357919101745596e+22,1.614635243746576e+22,0.9670406368975991,0.22486496161164313
oc,200.0,0.966893724646012,5.531878091115703e-07,0.05028980082832457,1.1991468240787806e+17,5.88396019132214e+17,1.5357919101745596e+22,1.6511840548519867e+22,0.9669896577312288,0.22707289847360443
oc,200.0,0.966893724646012,5.869905474819483e-07,0.05336277704381348,1.324389875359277e+17,5.431986757963297e+17,1.5357919101745596e+22,1.683557497960996e+22,0.9669312632748788,0.22913929812557177
oc,200.0,0.966893724646012,6.227338434105047e-07,0.056612167582773154,1.4517848624243786e+17,5.038127123154242e+17,1.5357919101745596e+22,1.7116887015004911e+22,0.9668641155968035,0.231060378238397
oc,200.0,0.966893724646012,6.605137471910994e-07,0.06004670429009995,1.5794940496463712e+17,4.69535605700247e+17,1.5357919101745596e+22,1.7355611659861972e+22,0.9667868424086806,0.23283340521198664
oc,200.0,0.966893724646012,7.004291561976294e-07,0.06367537783614813,1.7055843843555843e+17,4.3974563340241664e+17,1.5357919101745596e+22,1.755206204948892e+22,0.9666980872603145,0.23445686109290595
oc,200.0,0.966893724646012,7.425816492286187e-07,0.06750742265714715,1.8281161637192422e+17,4.1389282518910106e+17,1.5357919101745596e+22,1.7707003995937867e+22,0.9665965715630314,0.23593058321854987
oc,200.0,0.966893724646012,7.870752804148289e-07,0.07155229821952991,1.9452371057844736e+17,3.9149079612595686e+17,1.5357919101745596e+22,1.7821633174758616e+22,0.966481166058492,0.23725586538751897
oc,200.0,0.966893724646012,8.34016328805534e-07,0.07581966625504855,2.055273605359569e+17,3.721094329384106e+17,1.5357919101745596e+22,1.7897555716830908e+22,0.9663509677401569,0.23843551103683805
oc,200.0,0.966893724646012,8.835129997028664e-07,0.08031936360935149,2.156810861366017e+17,3.553683966531376e+17,1.5357919101745596e+22,1.7936770998153268e+22,0.9662053767646716,0.23947383167742656
oc,200.0,0.966893724646012,9.356750738297962e-07,0.0850613703481633,2.2487546505117885e+17,3.409313944597695e+17,1.5357919101745596e+22,1.79416536221535e+22,0.966044166817149,0.24037658747182591
oc,200.0,0.966893724646012,9.906135005090058e-07,0.09005577277354598,2.3303696440015178e+17,3.285011630674847e+17,1.5357919101745596e+22,1.7914930375695033e+22,0.9658675419484433,0.24115087096194318
oc,200.0,0.966893724646012,1.0484399312111567e-06,0.09531272101919608,2.401291957665825e+17,3.178150949770374e+17,1.5357919101745596e+22,1.7859647617125606e+22,0.9656761732315222,0.24180493911261822
oc,200.0,0.966893724646012,1.1092661901166052e-06,0.10084238091969139,2.461516601662142e+17,3.086414289840706e+17,1.5357919101745596e+22,1.7779125230503733e+22,0.9654712097053259,0.2423480025637307
oc,200.0,0.966893724646012,1.1732036787395748e-06,0.10665487988541589,2.5113631551796e+17,3.0077591780715206e+17,1.5357919101745596e+22,1.7676894816942953e+22,0.9652542598479878,0.2427899838867447
oc,200.0,0.966893724646012,1.2403627122032033e-06,0.11276024656392758,2.551424941840428e+17,2.940388792663505e+17,1.5357919101745596e+22,1.7556621816890946e+22,0.9650273419390953,0.24314125846918824
oc,200.0,0.966893724646012,1.3108517854420548e-06,0.1191683441310959,2.582508013777054e+17,2.8827253137174624e+17,1.5357919101745596e+22,1.7422013194075934e+22,0.9647928036332047,0.24341239233424256
oc,200.0,0.966893724646012,1.384776768458562e-06,0.12588879713259654,2.6055663639338717e+17,2.833385001326138e+17,1.5357919101745596e+22,1.7276713383933264e+22,0.9645532120440597,0.24361389087577018
oc,200.0,0.966893724646012,1.462240030782253e-06,0.13293091188929573,2.6216391521343075e+17,2.7911535387136966e+17,1.5357919101745596e+22,1.7124190094438282e+22,0.9643112138447364,0.24375597149922174
oc,200.0,0.966893724646012,1.5433394964828389e-06,0.140303590589349,2.6317946476862576e+17,2.754958973670485e+17,1.5357919101745596e+22,1.69676045498589e+22,0.9640693547165103,0.24384837213092178
oc,200.0,0.966893724646012,1.6281676324736676e-06,0.14801523931578797,2.637084427863713e+17,2.723834668328455e+17,1.5357919101745596e+22,1.6809630847908385e+22,0.9638298028319499,0.24390020770123416
oc,200.0,0.966893724646012,1.7168103744082338e-06,0.15607367040074854,2.638510510139039e+17,2.696833193041917e+17,1.5357919101745596e+22,1.665199654452493e+22,0.9635936299988839,0.24391989132394187
oc,200.0,0.966893724646012,1.8093459962104148e-06,0.16448599965549227,2.6370167520872406e+17,2.6734468282268774e+17,1.5357919101745596e+22,1.649824840891832e+22,0.9633648906058591,0.2439151629140543
oc,200.0,0.966893724646012,1.9058439311719748e-06,0.17325853919745227,2.633484165699567e+17,2.6546974906388237e+17,1.5357919101745596e+22,1.6360597089232206e+22,0.9631611080912024,0.2438930537192173
oc,200.0,0.966893724646012,2.0063635545726346e-06,0.1823966867793304,2.6285946048691936e+17,2.6393240018750845e+17,1.5357919101745596e+22,1.623565140883364e+22,0.9629767833109706,0.2438591631340975
oc,200.0,0.966893724646012,2.110952939892684e-06,0.19190481271751675,2.6228933952139955e+17,2.6265977290353542e+17,1.5357919101745596e+22,1.6122322441152926e+22,0.962809960531247,0.24381795049061328
oc,200.0,0.966893724646012,2.2196476028493208e-06,0.20178614571357462,2.6168050370064234e+17,2.6159926625133827e+17,1.5357919101745596e+22,1.6019954833827733e+22,0.9626594388078105,0.24377290025862894
oc,200.0,0.966893724646012,2.3324692496379275e-06,0.2120426590579934,2.6106499948503376e+17,2.607110150929316e+17,1.5357919101745596e+22,1.5928006708969563e+22,0.9625242738836197,0.2437266643618175
oc,200.0,0.966893724646012,2.449424547830708e-06,0.22267495889370076,2.6046611139647552e+17,2.5996419438254067e+17,1.5357919101745596e+22,1.5845945595110432e+22,0.9624036013857183,0.2436811935246569
oc,200.0,0.966893724646012,2.5705039402994796e-06,0.2336821763908618,2.5989991251023437e+17,2.593346671421105e+17,1.5357919101745596e+22,1.577321081822317e+22,0.9622965614982694,0.24363785872375296
oc,200.0,0.966893724646012,2.6956805242013664e-06,0.24506186583648787,2.5937668105555997e+17,2.5880331340693827e+17,1.5357919101745596e+22,1.5709203284836928e+22,0.9622022677772111,0.24359756164736518
oc,200.0,0.966893724646012,2.8249090184044093e-06,0.2568099107640372,2.5890215629087994e+17,2.5835479048048954e+17,1.5357919101745596e+22,1.5653288332240653e+22,0.9621197989022018,0.2435608329981564
oc,200.0,0.966893724646012,2.9581248436407344e-06,0.26892044033097584,2.5847862225289834e+17,2.5797660345460752e+17,1.5357919101745596e+22,1.560480511911619e+22,0.9620482034237993,0.2435279180036663
oc,200.0,0.966893724646012,3.095243340066364e-06,0.2813857581878513,2.5810582031202445e+17,2.5765841268186154e+17,1.5357919101745596e+22,1.5563079062267506e+22,0.9619865118859551,0.24349884913238573
oc,200.0,0.966893724646012,3.2361591466932353e-06,0.2941962860630214,2.5778170012782243e+17,2.5739152531848682e+17,1.5357919101745596e+22,1.5527435214187292e+22,0.9619337526779311,0.24347350656211897
oc,200.0,0.966893724646012,3.3807457662670037e-06,0.30734052420609126,2.575030239161165e+17,2.5716852867987206e+17,1.5357919101745596e+22,1.5497211219947653e+22,0.9618889690561089,0.24345166734676188
oc,200.0,0.966893724646012,3.528855337537518e-06,0.3208050306852289,2.5726584158353274e+17,2.5698303033381594e+17,1.5357919101745596e+22,1.5471768957372779e+22,0.9618512355018022,0.24343304447156883
oc,200.0,0.966893724646012,3.680318634473621e-06,0.33457442131578374,2.5706585499061274e+17,2.5682947591591437e+17,1.5357919101745596e+22,1.545050429782577e+22,0.9618196721450399,0.24341731709725653
oc,200.0,0.966893724646012,3.834945308804896e-06,0.34863139170953605,2.568986890343108e+17,2.567030212843117e+17,1.5357919101745596e+22,1.5432854685500238e+22,0.9617934564572533,0.24340415330230297
oc,200.0,0.966893724646012,3.992524388356007e-06,0.3629567625778189,2.567600859245222e+17,2.5659944089483725e+17,1.5357919101745596e+22,1.5418304443463703e+22,0.9617718318171526,0.2433932265732423
oc,200.0,0.966893724646012,4.152825039035608e-06,0.37752954900323704,2.5664603734984262e+17,2.5651505902264285e+17,1.5357919101745596e+22,1.5406387882189153e+22,0.9617541128842875,0.2433842271922256
oc,200.0,0.966893724646012,4.315597593148279e-06,0.39232705392257083,2.5655286743397622e+17,2.564466945219405e+17,1.5357919101745596e+22,1.5396690412690288e+22,0.9617396879703675,0.2433768695501025
oc,200.0,0.966893724646012,4.480574841046197e-06,0.40732498554965424,2.5647727762003872e+17,2.563916131069092e+17,1.5357919101745596e+22,1.5388847952705402e+22,0.9617280187785076,0.24337089628543082
oc,200.0,0.966893724646012,4.6474735771908545e-06,0.4224975979264413,2.5641636295684154e+17,2.5634748364354992e+17,1.5357919101745596e+22,1.5382544962976462e+22,0.9617186379890906,0.24336608002334578
oc,200.0,0.966893724646012,4.8159963856436705e-06,0.4378178532403337,2.5636760772741174e+17,2.56312336724399e+17,1.5357919101745596e+22,1.5377511465890727e+22,0.9617111452164926,0.24336222336764662
oc,200.0,0.966893724646012,4.985833644055812e-06,0.45325760400507387,2.5632886696297264e+17,2.562845249623694e+17,1.5357919101745596e+22,1.537351938658769e+22,0.9617052018554266,0.24335915768717042
oc,200.0,0.966893724646012,5.156665719599517e-06,0.4687877926908652,2.562983391259504e+17,2.5626268511512406e+17,1.5357919101745596e+22,1.5370378524161076e+22,0.9617005252926505,0.24335674113484737
oc,200.0,0.966893724646012,5.3281653251908174e-06,0.48437866592643797,2.562745341236487e+17,2.5624570246662186e+17,1.5357919101745596e+22,1.536793241505433e+22,0.9616968828927002,0.2433548562456499
oc,200.0,0.966893724646012,5.5e-06,0.5,2.5625623983204323e+17,2.5623267796421136e+17,1.5357919101745596e+22,1.5366054298906767e+22,0.9616940860872332,0.2433534073786233
oc,200.0,0.966893724646012,5.671834674809185e-06,0.5156213340735623,2.5624248946881942e+17,2.5622289853399958e+17,1.5357919101745596e+22,1.5364643344629467e+22,0.9616919848163964,0.2433523181987658
oc,200.0,0.966893724646012,5.8433342804004825e-06,0.5312122073091348,2.5623253145696842e+17,2.5621581084960266e+17,1.5357919101745596e+22,1.536362124584275e+22,0.9616904624949205,0.24335152933687684
oc,200.0,0.966893724646012,6.01416635594419e-06,0.5467423959949264,2.5622580286164333e+17,2.562109986727735e+17,1.5357919101745596e+22,1.536292925355554e+22,0.9616894316112883,0.24335099631935797
oc,200.0,0.966893724646012,6.184003614356336e-06,0.5621821467596669,2.5622190705373123e+17,2.5620816379475306e+17,1.5357919101745596e+22,1.5362525684106592e+22,0.9616888300218165,0.24335068782447125
oc,200.0,0.966893724646012,6.352526422809144e-06,0.5775024020735586,2.5622059592820355e+17,2.5620711054156608e+17,1.5357919101745596e+22,1.5362383917876226e+22,0.9616886179664692,0.24335058429464143
oc,200.0,0.966893724646012,6.5194251589538055e-06,0.592675014450346,2.5622175668882602e+17,2.562077273610957e+17,1.5357919101745596e+22,1.536249049951287e+22,0.9616887751824231,0.24335067691365098
oc,200.0,0.966893724646012,6.684402406851721e-06,0.6076729460774292,2.562254040627572e+17,2.562099577701134e+17,1.5357919101745596e+22,1.5362842927620073e+22,0.961689297442476,0.2433509670302797
oc,200.0,0.966893724646012,6.847174960964395e-06,0.6224704509967632,2.5623168136571702e+17,2.562137975272073e+17,1.5357919101745596e+22,1.5363449548991992e+22,0.9616901963711612,0.24335146628554274
oc,200.0,0.966893724646012,7.0074756116439974e-06,0.6370432374221816,2.562408692313704e+17,2.5621927894161472e+17,1.5357919101745596e+22,1.536432914218274e+22,0.9616914986592922,0.24335219737908365
oc,200.0,0.966893724646012,7.165054691195103e-06,0.651368608290464,2.5625340380688915e+17,2.5622644313344502e+17,1.5357919101745596e+22,1.5365510347219708e+22,0.9616932449070855,0.2433531956256238
oc,200.0,0.966893724646012,7.3196813655263815e-06,0.6654255786842165,2.5626990822670246e+17,2.5623530296920605e+17,1.5357919101745596e+22,1.5367031333162523e+22,0.9616954886791069,0.24335451161833196
oc,200.0,0.966893724646012,7.471144662462482e-06,0.6791949693147711,2.5629124229182874e+17,2.5624579091197485e+17,1.5357919101745596e+22,1.5368939653108708e+22,0.9616982956270216,0.2433562154151591
oc,200.0,0.966893724646012,7.619254233732998e-06,0.692659475793909,2.563185768788601e+17,2.562576847627942e+17,1.5357919101745596e+22,1.5371292255606213e+22,0.9617017425470565,0.24335840279652318
oc,200.0,0.966893724646012,7.763840853306769e-06,0.705803713936979,2.5635350145505773e+17,2.5627050291145184e+17,1.5357919101745596e+22,1.5374155649502027e+22,0.9617059162611146,0.2433612042952524
oc,200.0,0.966893724646012,7.904756659933636e-06,0.7186142418121487,2.5639817496351066e+17,2.562833593273586e+17,1.5357919101745596e+22,1.5377606245954242e+22,0.9617109122302188,0.24336479785305823
oc,200.0,0.966893724646012,8.041875156359268e-06,0.7310795596690244,2.5645553197129312e+17,2.5629476744869005e+17,1.5357919101745596e+22,1.5381730927940458e+22,0.9617168328325901,0.2433694260857275
oc,200.0,0.966893724646012,8.175090981595591e-06,0.7431900892359629,2.5652955696362262e+17,2.5630238177518717e+17,1.5357919101745596e+22,1.538662792243974e+22,0.9617237852688706,0.2433754192070769
oc,200.0,0.966893724646012,8.304319475798637e-06,0.7549381341635124,2.566256395764008e+17,2.5630266680661555e+17,1.5357919101745596e+22,1.539240806970271e+22,0.9617318790943153,0.24338322462806725
oc,200.0,0.966893724646012,8.429496059700524e-06,0.7663178236091386,2.5675102194820314e+17,2.5629048549255904e+17,1.5357919101745596e+22,1.539919659200597e+22,0.9617412234204942,0.24339344406856117
oc,200.0,0.966893724646012,8.550575452169292e-06,0.7773250411062993,2.569153459018844e+17,2.5625860403107638e+17,1.5357919101745596e+22,1.5407135454251866e+22,0.9617519238734943,0.2434068786563397
oc,200.0,0.966893724646012,8.667530750362075e-06,0.7879573409420069,2.5713130222058998e+17,2.5619711701347264e+17,1.5357919101745596e+22,1.5416386374004267e+22,0.9617640794367034,0.24342458191714542
oc,200.0,0.966893724646012,8.78035239715068e-06,0.7982138542864254,2.5741537709464976e+17,2.5609280668320288e+17,1.5357919101745596e+22,1.5427134473947113e+22,0.9617777793385468,0.24344791978146352
oc,200.0,0.966893724646012,8.889047060107317e-06,0.8080951872824834,2.577886825490804e+17,2.5592846226816826e+17,1.5357919101745596e+22,1.5439592473248957e+22,0.9617931001641319,0.2434786357825931
oc,200.0,0.966893724646012,8.99363644542737e-06,0.8176033132206699,2.5827784942521786e+17,2.5568219936993325e+17,1.5357919101745596e+22,1.5454005188128582e+22,0.961810103371006,0.2435189185681025
oc,200.0,0.966893724646012,9.094156068828025e-06,0.8267414608025477,2.589159547435533e+17,2.5532683421099837e+17,1.5357919101745596e+22,1.547065396328501e+22,0.9618288333713906,0.2435714678006249
oc,200.0,0.966893724646012,9.190654003789586e-06,0.8355140003445078,2.5974345161586653e+17,2.548293816482608e+17,1.5357919101745596e+22,1.5489860497455048e+22,0.9618493163070082,0.24363955361828907
oc,200.0,0.966893724646012,9.283189625591765e-06,0.8439263295992514,2.608090707322929e+17,2.541507573292829e+17,1.5357919101745596e+22,1.5511989375943544e+22,0.9618715595913696,0.24372706420423243
oc,200.0,0.966893724646012,9.371832367526334e-06,0.8519847606842121,2.6217066873933027e+17,2.5324577095026826e+17,1.5357919101745596e+22,1.553744850221993e+22,0.9618955522341669,0.2438385358118728
oc,200.0,0.966893724646012,9.456660503517164e-06,0.8596964094106513,2.6389601065617027e+17,2.5206349688495674e+17,1.5357919101745596e+22,1.5566686552991384e+22,0.9619212659010203,0.24397915990740243
oc,200.0,0.966893724646012,9.537759969217746e-06,0.8670690881107043,2.6606348999378813e+17,2.5054809824469203e+17,1.5357919101745596e+22,1.5600186588529376e+22,0.9619486566074448,0.2441547629692081
oc,200.0,0.966893724646012,9.61522323154144e-06,0.8741112028674036,2.6876280967444957e+17,2.4864015897217373e+17,1.5357919101745596e+22,1.5638455048946554e+22,0.9619776669054543,0.2443717559049855
oc,200.0,0.966893724646012,9.689148214557948e-06,0.8808316558689044,2.7209566680827562e+17,2.462785451292069e+17,1.5357919101745596e+22,1.5682005566192024e+22,0.9620082283989938,0.24463705192079804
oc,200.0,0.966893724646012,9.759637287796798e-06,0.8872397534360725,2.761765022733016e+17,2.4340277187747366e+17,1.5357919101745596e+22,1.5731337316584537e+22,0.9620402644211881,0.24495795384940117
oc,200.0,0.966893724646012,9.826796321260428e-06,0.8933451201145843,2.8113338962138973e+17,2.39955799476585e+17,1.5357919101745596e+22,1.5786908014009234e+22,0.9620736927197288,0.24534201421932986
oc,200.0,0.966893724646012,9.890733809883394e-06,0.8991576190803086,2.8710914559757696e+17,2.3588712480308445e+17,1.5357919101745596e+22,1.5849102070842325e+22,0.9621084280216299,0.24579687350094037
oc,200.0,0.966893724646012,9.951560068788844e-06,0.904687278980804,2.9426274606805574e+17,2.311559812665699e+17,1.5357919101745596e+22,1.5918194895252252e+22,0.9621443843790509,0.24633008378462148
oc,200.0,0.966893724646012,1.0009386499490995e-05,0.9099442272264542,3.027711269880549e+17,2.2573441768715766e+17,1.5357919101745596e+22,1.5994314707705319e+22,0.9621814772282974,0.24694892644381872
oc,200.0,0.966893724646012,1.0064324926170204e-05,0.9149386296518368,3.128314416394967e+17,2.196100038736938e+17,1.5357919101745596e+22,1.6077403605478006e+22,0.9622196251203264,0.24766023297746154
oc,200.0,0.966893724646012,1.0116487000297136e-05,0.9196806363906487,3.2466383462144154e+17,2.1278791393199926e+17,1.5357919101745596e+22,1.6167179846776439e+22,0.9622587511010218,0.24847021814636927
oc,200.0,0.966893724646012,1.0165983671194466e-05,0.9241803337449515,3.385147819505319e+17,2.0529217116048253e+17,1.5357919101745596e+22,1.6263103441488189e+22,0.9622987837330383,0.24938433372444468
oc,200.0,0.966893724646012,1.0212924719585172e-05,0.9284477017804702,3.546610367613972e+17,1.9716589973787405e+17,1.5357919101745596e+22,1.6364347111706288e+22,0.9623396577595335,0.2504071497593717
oc,200.0,0.966893724646012,1.0257418350771382e-05,0.932492577342853,3.7341421261023174e+17,1.8847051234991174e+17,1.5357919101745596e+22,1.646977452439468e+22,0.9623813144157503,0.2515422683235637
oc,200.0,0.966893724646012,1.029957084380237e-05,0.9363246221638519,3.951260317327002e+17,1.7928385924012944e+17,1.5357919101745596e+22,1.6577927414245835e+22,0.9624237013993476,0.2527922725240018
oc,200.0,0.966893724646012,1.03394862528089e-05,0.9399532957099002,4.201942636723063e+17,1.696974600885774e+17,1.5357919101745596e+22,1.6687022831756623e+22,0.9624667725162194,0.25415871124113537
oc,200.0,0.966893724646012,1.0377266156589495e-05,0.9433878324172269,4.490693798506393e+17,1.5981302253278368e+17,1.5357919101745596e+22,1.6794961299634209e+22,0.9625104870261041,0.25564211789048286
oc,200.0,0.966893724646012,1.0413009452518051e-05,0.9466372229561866,4.8226195094316294e+17,1.4973850917764093e+17,1.5357919101745596e+22,1.6899346173762346e+22,0.962554808721412,0.25724205962659513
oc,200.0,0.966893724646012,1.044681219088843e-05,0.9497101991716755,5.2035081521954157e+17,1.3958404191201454e+17,1.5357919101745596e+22,1.6997514016599948e+22,0.9625997047825726,0.2589572119713678
oc,200.0,0.966893724646012,1.0478767445908384e-05,0.9526152223553077,5.6399204607540314e+17,1.2945792679135077e+17,1.5357919101745596e+22,1.7086575331525618e+22,0.9626451444625808,0.2607854529228089
oc,200.0,0.966893724646012,1.0508965219691605e-05,0.9553604745174187,6.13928744596969e+17,1.1946304824094334e+17,1.5357919101745596e+22,1.716346460131469e+22,0.9626910976609807,0.26272397020108385
oc,200.0,0.966893724646012,1.0537492375763123e-05,0.9579538523421021,6.71001676945807e+17,1.096938253718455e+17,1.5357919101745596e+22,1.7224998241198519e+22,0.9627375334522504,0.2647693753762444
oc,200.0,0.966893724646012,1.0564432598781674e-05,0.9604029635256067,7.36160765431326e+17,1.00233855365285e+17,1.5357919101745596e+22,1.7267938826489698e+22,0.962784418634775,0.26691781911502116
oc,200.0,0.966893724646012,1.0589866377385603e-05,0.9627151252168731,8.104774251886831e+17,9.115429894672384e+16,1.5357919101745596e+22,1.728906378976269e+22,0.9628317163642466,0.26916510257540793
oc,200.0,0.966893724646012,1.0613871007280374e-05,0.9648973642982158,8.951577142199974e+17,8.25129992735208e+16,1.5357919101745596e+22,1.7285236697344068e+22,0.9628793849296968,0.27150678095184694
oc,200.0,0.966893724646012,1.0636520611900908e-05,0.9669564192637189,9.915562320313102e+17,7.435427398760552e+16,1.5357919101745596e+22,1.7253479199303283e+22,0.9629273767220891,0.2739382562208945
oc,200.0,0.966893724646012,1.0657886178196438e-05,0.9688987434724035,1.1011906601234072e+18,6.670928380339278e+16,1.5357919101745596e+22,1.7191041787353843e+22,0.9629756374352835,0.2764548571641769
oc,200.0,0.966893724646012,1.0678035605296172e-05,0.9707305095723793,1.2257567851247706e+18,5.9596860279807336e+16,1.5357919101745596e+22,1.7095471575021237e+22,0.963024105528026,0.27905190568187027
oc,200.0,0.966893724646012,1.0697033764018233e-05,0.9724576149107484,1.367143781616655e+18,5.302466882124223e+16,1.5357919101745596e+22,1.6964675420748253e+22,0.9630727119641376,0.28172476921003875
oc,200.0,0.966893724646012,1.0714942565379982e-05,0.9740856877618166,1.5274494561859197e+18,4.69905876677275e+16,1.5357919101745596e+22,1.6796976835843005e+22,0.9631213802368727,0.2844688996960657
oc,200.0,0.966893724646012,1.0731821036453796e-05,0.9756200942230724,1.708995066931538e+18,4.14841963428862e+16,1.5357919101745596e+22,1.6591165248280325e+22,0.9631700266729081,0.2872798600644394
oc,200.0,0.966893724646012,1.07477254020873e-05,0.9770659456442999,1.914339234274182e+18,3.6488284463721096e+16,1.5357919101745596e+22,1.6346536329476078e+22,0.9632185610018923,0.29015333943071964
oc,200.0,0.966893724646012,1.0762709171170821e-05,0.9784281064700746,2.1462903510656435e+18,3.1980311159957216e+16,1.5357919101745596e+22,1.606292223633754e+22,0.963266887169134,0.29308515851435984
oc,200.0,0.966893724646012,1.077682322628674e-05,0.9797112023897037,2.4079167854871987e+18,2.793376443475346e+16,1.5357919101745596e+22,1.5740710782359635e+22,0.9633149043619307,0.29607126678548706
oc,200.0,0.966893724646012,1.0790115915715747e-05,0.9809196287014316,2.7025540533984645e+18,2.4319387145281144e+16,1.5357919101745596e+22,1.538085273851442e+22,0.9633625082142944,0.2991077328822546
oc,200.0,0.966893724646012,1.0802633146903754e-05,0.9820575588094322,3.033808152387009e+18,2.1108979404429896e+16,1.5357919101745596e+22,1.4986794383793638e+22,0.9634123532788933,0.30219072977794675
oc,200.0,0.966893724646012,1.0814418480610833e-05,0.9831289527828031,3.405553545072145e+18,1.827149960660648e+16,1.5357919101745596e+22,1.4561808138778899e+22,0.9634663009758673,0.30531651588910086
oc,200.0,0.966893724646012,1.0825513225070368e-05,0.9841375659154881,3.8219252166362865e+18,1.5774081925540094e+16,1.5357919101745596e+22,1.4108462098129357e+22,0.9635246430996729,0.30848141381432725
oc,200.0,0.966893724646012,1.0835956529583215e-05,0.9850869572348377,4.287303545106939e+18,1.35846805618552e+16,1.5357919101745596e+22,1.3629724027263128e+22,0.9635876845910403,0.31168178771786653
oc,200.0,0.966893724646012,1.0845785477058698e-05,0.9859804979144271,4.806290641010448e+18,1.1672531903761976e+16,1.5357919101745596e+22,1.3128904758356053e+22,0.963655742829857,0.31491402021109216
oc,200.0,0.966893724646012,1.0855035175092196e-05,0.986821379553836,5.383677126575956e+18,1.0008492904281964e+16,1.5357919101745596e+22,1.2609593622970726e+22,0.9637291465685468,0.31817448965652156
oc,200.0,0.966893724646012,1.0863738845238655e-05,0.9876126222944233,6.02439838496245e+18,8565272618282075.0,1.5357919101745596e+22,1.2075587593075578e+22,0.9638082344315291,0.3214595487044877
oc,200.0,0.966893724646012,1.0871927910203254e-05,0.9883570827457504,6.733479532938003e+18,7317573637384845.0,1.5357919101745596e+22,1.1530816066745721e+22,0.9638933529020272,0.32476550476925004
oc,200.0,0.966893724646012,1.087963207872503e-05,0.9890574617022755,7.515968690434511e+18,6242159262331066.0,1.5357919101745596e+22,1.0979263445906064e+22,0.9639848537155469,0.3280886030573893
oc,200.0,0.966893724646012,1.0886879427977617e-05,0.9897163116343288,8.376858541397183e+18,5317860926125713.0,1.5357919101745596e+22,1.0424891790788938e+22,0.9640830905807835,0.33142501267432456
oc,200.0,0.966893724646012,1.0893696483353328e-05,0.9903360439412118,9.320996699450024e+18,4525538828522210.0,1.5357919101745596e+22,9.871565882750822e+21,0.9641884151547179,0.33477081625137556
oc,200.0,0.966893724646012,1.0900108295533774e-05,0.9909189359576158,1.035298599652437e+19,3848007108515843.5,1.5357919101745596e+22,9.32298297084222e+21,0.9643011722104369,0.33812200345281335
oc,200.0,0.966893724646012,1.090613851478213e-05,0.9914671377074664,1.1477076479684526e+19,3269933266306919.0,1.5357919101745596e+22,8.782609312273216e+21,0.9644216939549942,0.3414744686366914
oc,200.0,0.966893724646012,1.0911809462419846e-05,0.9919826784018042,1.2697051596806318e+19,2777720014102641.0,1.5357919101745596e+22,8.253625345154107e+21,0.9645502934814332,0.3448240128525609
oc,200.0,0.966893724646012,1.091714219947416e-05,0.9924674726794691,1.4016111730466912e+19,2359376324175644.5,1.5357919101745596e+22,7.738880964514436e+21,0.9646872573746224,0.3481663502619705
oc,200.0,0.966893724646012,1.0922156592503055e-05,0.9929233265911869,1.5436758848204603e+19,2004383171808200.2,1.5357919101745596e+22,7.240861928952985e+21,0.964832837534926,0.3514971189635663
oc,200.0,0.966893724646012,1.0926871376621309e-05,0.9933519433292098,1.696068651831953e+19,1703558346523449.2,1.5357919101745596e+22,6.761667932148265e+21,0.9649872423362841,0.3548118960945188
oc,200.0,0.966893724646012,1.0931304215765523e-05,0.9937549287059567,1.8588679836417237e+19,1448923725261098.5,1.5357919101745596e+22,6.303002362189948e+21,0.9651506272943188,0.3581062169659703
oc,200.0,0.966893724646012,1.0935471760247933e-05,0.9941337963861758,2.0320529868435284e+19,1233577558875473.2,1.5357919101745596e+22,5.866173275590751e+21,0.9653230854828196,0.3613755978756435
oc,200.0,0.966893724646012,1.0939389701658392e-05,0.9944899728780356,2.215496700437002e+19,1051573608760436.4,1.5357919101745596e+22,5.452104664252516e+21,0.9655046379993384,0.3646155621298609
oc,200.0,0.966893724646012,1.0943072825181768e-05,0.9948248022892516,2.4089617116722205e+19,897808372463245.8,1.5357919101745596e+22,5.061356720363839e+21,0.9656952248375597,0.3678216687049595
oc,200.0,0.966893724646012,1.0946535059404077e-05,0.9951395508549161,2.612098363542901e+19,767917144402125.9,1.5357919101745596e+22,4.69415352669762e+21,0.9658946965697008,0.3709895428896957
oc,200.0,0.966893724646012,1.0949789523685387e-05,0.9954354112441262,2.824445762183416e+19,658179258943150.6,1.5357919101745596e+22,4.3504164303744685e+21,0.9661028072702846,0.3741149081807617
oc,200.0,0.966893724646012,1.0952848573180955e-05,0.9957135066528141,3.0454356706320593e+19,565432547209019.0,1.5357919101745596e+22,4.029801298973534e+21,0.9663192091174289,0.3771936186573056
oc,200.0,0.966893724646012,1.0955723841594418e-05,0.9959748946904017,3.2743992428599857e+19,486996795666436.75,1.5357919101745596e+22,3.7317379024088125e+21,0.9665434490847877,0.38022169104074377
oc,200.0,0.966893724646012,1.0958426281748313e-05,0.9962205710680284,3.510576418031206e+19,420605813934354.94,1.5357919101745596e+22,3.4554697979290756e+21,0.9667749680838549,0.38319533565501335
oc,200.0,0.966893724646012,1.0960966204057819e-05,0.9964514730961654,3.753127669472829e+19,364347592097658.6,1.5357919101745596e+22,3.200093299018057e+21,0.9670131028326614,0.3861109855399629
oc,200.0,0.966893724646012,1.0963353312993623e-05,0.9966684829994202,4.001147695060444e+19,316611945463381.75,1.5357919101745596e+22,2.964594359158366e+21,0.9672570906161019,0.38896532303525067
oc,200.0,0.966893724646012,1.0965596741619176e-05,0.9968724310562888,4.253680553241785e+19,276044999153922.62,1.5357919101745596e+22,2.747882474977227e+21,0.967506076971537,0.3917553032408636
oc,200.0,0.966893724646012,1.0967705084286636e-05,0.9970640985715125,4.509735697145566e+19,241509848901951.75,1.5357919101745596e+22,2.5488209889159545e+21,0.9677591261898226,0.39447817386846923
oc,200.0,0.966893724646012,1.0969686427574233e-05,0.9972442206885668,4.768304340478962e+19,212052741329535.72,1.5357919101745596e+22,2.366253431086816e+21,0.9680152343773252,0.39713149111974805
oc,200.0,0.966893724646012,1.0971548379546137e-05,0.9974134890496489,5.02837560291905e+19,186874141072965.53,1.5357919101745596e+22,2.199025770065448e+21,0.9682733446901912,0.39971313135741693
oc,200.0,0.966893724646012,1.0973298097413808e-05,0.9975725543103462,5.288951926131133e+19,165304088357783.22,1.5357919101745596e+22,2.0460046342433428e+21,0.9685323642389204,0.40222129846541527
oc,200.0,0.966893724646012,1.0974942313675674e-05,0.9977220285159705,5.5490633192855994e+19,146781294819823.2,1.5357919101745596e+22,1.906091715114119e+21,0.9687911820780851,0.4046545269208831
oc,200.0,0.966893724646012,1.0976487360809517e-05,0.9978624873463197,5.80778007797881e+19,130835474055282.9,1.5357919101745596e+22,1.7782346713327545e+21,0.9690486876487716,0.4070116807165284
oc,200.0,0.966893724646012,1.097793919458954e-05,0.9979944722354128,6.06422371572305e+19,117072453814653.95,1.5357919101745596e+22,1.6614349206958262e+21,0.9693037890326289,0.40929194837395516
oc,200.0,0.966893724646012,1.0979303416097527e-05,0.9981184923725025,6.31757594507352e+19,105161666832441.94,1.5357919101745596e+22,1.554752741342394e+21,0.9695554304051767,0.41149483437291806
oc,200.0,0.966893724646012,1.0980585292494814e-05,0.9982350265904376,6.567085639779475e+19,94825665464494.45,1.5357919101745596e+22,1.4573101097635815e+21,0.9698026081380522,0.4136201473869945
oc,200.0,0.966893724646012,1.0981789776619278e-05,0.9983445251472072,6.812073794610608e+19,85831350533649.02,1.5357919101745596e+22,1.368291688147448e+21,0.9700443850883746,0.4156679857618553
oc,200.0,0.966893724646012,1.0982921525468846e-05,0.9984474114062588,7.051936572176557e+19,77982646401662.0,1.5357919101745596e+22,1.286944343503182e+21,0.9702799027200624,0.4176387206989544
oc,200.0,0.966893724646012,1.0983984917630406e-05,0.998544083420946,7.286146583661635e+19,71114391948740.28,1.5357919101745596e+22,1.2125755414213406e+21,0.970508390817889,0.4195329776162295
oc,200.0,0.966893724646012,1.0984984069710465e-05,0.9986349154282241,7.514252592385842e+19,65087250751429.44,1.5357919101745596e+22,1.1445509129473525e+21,0.9707291746718023,0.42135161615053796
oc,200.0,0.966893724646012,1.0985922851821332e-05,0.9987202592564848,7.735877855681058e+19,59783473382318.33,1.5357919101745596e+22,1.0822912474568153e+21,0.9709416797191844,0.4230957092464875
oc,200.0,0.966893724646012,1.0986804902174117e-05,0.9988004456521924,7.95071733340543e+19,55103370612032.14,1.5357919101745596e+22,1.025269120353836e+21,0.9711454337304978,0.4247665217457509
oc,200.0,0.966893724646012,1.0987633640827416e-05,0.9988757855297651,8.158533992105968e+19,50962378654208.734,1.5357919101745596e+22,9.73005323591923e+20,0.971340066705188,0.42636548885264647
oc,200.0,0.966893724646012,1.0988412282638214e-05,0.9989465711489285,8.359154425093852e+19,47288616779510.44,1.5357919101745596e+22,9.2506523056884e+20,0.9715253087076436,0.4278941948083472
oc,200.0,0.966893724646012,1.098914384945923e-05,0.9990130772235664,8.552463992623838e+19,44020853974932.06,1.5357919101745596e+22,8.810551953221374e+20,0.9717009859169494,0.42935435205994926
oc,200.0,0.966893724646012,1.0989831181624756e-05,0.9990755619658869,8.738401665489163e+19,41106815176841.07,1.5357919101745596e+22,8.406190592529792e+20,0.9718670151899144,0.43074778116363815
oc,200.0,0.966893724646012,1.099047694876486e-05,0.9991342680695328,8.916954731446896e+19,38501769282198.08,1.5357919101745596e+22,8.034348165734531e+20,0.9720233974462492,0.4320763916152974
oc,200.0,0.966893724646012,1.0991083659985862e-05,0.9991894236350785,9.088153499043308e+19,36167350941145.84,1.5357919101745596e+22,7.692114719396332e+20,0.9721702101802495,0.4333421637582742
oc,200.0,0.966893724646012,1.0991653673452932e-05,0.9992412430411757,9.25206610870102e+19,34070576327381.426,1.5357919101745596e+22,7.376861097736873e+20,0.9723075993876577,0.4345471318775464
oc,200.0,0.966893724646012,1.0992189205408847e-05,0.9992899277644407,9.408793537475358e+19,32183019911069.95,1.5357919101745596e+22,7.086211840494628e+20,0.9724357711723685,0.4356933685530998
oc,200.0,0.966893724646012,1.099269233866112e-05,0.999335667151011,9.558464862568115e+19,30480124935873.742,1.5357919101745596e+22,6.818020293211357e+20,0.9725549832679515,0.4367829703130652
oc,200.0,0.966893724646012,1.0993165030567958e-05,0.9993786391425417,9.701232829541641e+19,28940625010402.75,1.5357919101745596e+22,6.570345879752405e+20,0.972665536675989,0.43781804459934054
oc,200.0,0.966893724646012,1.0993609120551912e-05,0.9994190109592647,9.83726975489916e+19,27546058123693.75,1.5357919101745596e+22,6.341433446879168e+20,0.9727677675889882,0.4388006980350103
oc,200.0,0.966893724646012,1.0994026337168478e-05,0.999456939742589,9.966763778832025e+19,26280357619040.02,1.5357919101745596e+22,6.12969456451485e+20,0.9728620397317761,0.43973302596359265
oc,200.0,0.966893724646012,1.0994418304755431e-05,0.9994925731595847,1.0089915472720077e+20,25129507324663.0,1.5357919101745596e+22,5.93369065000184e+20,0.9729487372230501,0.44061710321475184
oc,200.0,0.966893724646012,1.0994786549687217e-05,0.9995260499715652,1.0206934797083615e+20,24081250239505.73,1.5357919101745596e+22,5.752117777397311e+20,0.9730282580290819,0.4414549760393235
oc,200.0,0.966893724646012,1.0995132506257437e-05,0.999557500568858,1.0318038398811981e+20,23124841987777.84,1.5357919101745596e+22,5.5837930314152785e+20,0.9731010080550012,0.4422486551478127
oc,200.0,0.966893724646012,1.099545752221112e-05,0.9995870474737383,1.042344723152562e+20,22250841754302.996,1.5357919101745596e+22,5.427642268514135e+20,0.9731673958959692,0.44300010978061904
oc,200.0,0.966893724646012,1.0995762863947264e-05,0.9996148058133876,1.0523384479427664e+20,21450934649399.125,1.5357919101745596e+22,5.28268915330251e+20,0.9732278282509862,0.4437112627346206
oc,200.0,0.966893724646012,1.0996049721411005e-05,0.9996408837646369,1.0618073762882673e+20,20717780472887.29,1.5357919101745596e+22,5.1480453459502635e+20,0.9732827059860283,0.44438398626933295
oc,200.0,0.966893724646012,1.0996319212693658e-05,0.9996653829721508,1.0707737602734272e+20,20044884690609.184,1.5357919101745596e+22,5.0229017248934114e+20,0.9733324208204539,0.44502009881570415
oc,200.0,0.966893724646012,1.0996572388357787e-05,0.999688398941617,1.0792596120102147e+20,19426488133971.492,1.5357919101745596e+22,4.906520538176344e+20,0.973377352600955,0.44562136241211886
oc,200.0,0.966893724646012,1.0996810235503576e-05,0.999710021409416,1.0872865948674612e+20,18857472510076.574,1.5357919101745596e+22,4.798228385925821e+20,0.973417867120394,0.4461894807945215
oc,200.0,0.966893724646012,1.0997033681591765e-05,0.9997303346901605,1.0948759337284287e+20,18333279287843.574,1.5357919101745596e+22,4.6974099453885016e+20,0.9734543144343368,0.4467260980707078
oc,200.0,0.966893724646012,1.0997243598037532e-05,0.9997494180034121,1.1020483421673865e+20,17849839921897.17,1.5357919101745596e+22,4.6035023585546784e+20,0.9734870276256146,0.4472327979125238
oc,200.0,0.966893724646012,1.099744080358895e-05,0.9997673457808136,1.1088239645565616e+20,17403515704622.172,1.5357919101745596e+22,4.515990210296373e+20,0.9735163219664931,0.44771110320391655
oc,200.0,0.966893724646012,1.0997626067502723e-05,0.999784187954793,1.1152223312794993e+20,16991045810661.678,1.5357919101745596e+22,4.434401032596362e+20,0.9735424944286298,0.4481624760868683
oc,200.0,0.966893724646012,1.0997800112529352e-05,0.9998000102299411,1.1212623253524195e+20,16609502325260.287,1.5357919101745596e+22,4.358301277057695e+20,0.9735658234927309,0.44858831835197005
oc,200.0,0.966893724646012,1.0997963617718971e-05,0.9998148743380884,1.1269621589277196e+20,16256251238025.02,1.5357919101745596e+22,4.28729270431566e+20,0.9735865692123229,0.4489899721244544
oc,200.0,0.966893724646012,1.0998117221058578e-05,0.9998288382780526,1.132339358290382e+20,15928918541835.732,1.5357919101745596e+22,4.221009144499574e+20,0.973604973489184,0.44936872080109447
oc,200.0,0.966893724646012,1.0998261521950722e-05,0.9998419565409749,1.1374107561026075e+20,15625360709173.613,1.5357919101745596e+22,4.159113588001987e+20,0.9736212605214657,0.44972579019749165
oc,200.0,0.966893724646012,1.099839708354309e-05,0.9998542803220991,1.1421924897878997e+20,15343638929164.732,1.5357919101745596e+22,4.101295570390958e+20,0.9736356373892388,0.45006234986920657
oc,200.0,0.966893724646012,1.0998524434917892e-05,0.9998658577198084,1.1467000050712448e+20,15081996581615.94,1.5357919101745596e+22,4.047268819346782e+20,0.9736482947459743,0.45037951457411
oc,200.0,0.966893724646012,1.0998644073149468e-05,0.9998767339226788,1.1509480638068677e+20,14838839502617.314,1.5357919101745596e+22,3.996769135144008e+20,0.9736594075882148,0.4506783458468135
oc,200.0,0.966893724646012,1.0998756465237942e-05,0.9998869513852675,1.1549507553315273e+20,14612718662128.953,1.5357919101745596e+22,3.949552479428992e+20,0.9736691360792897,0.45095985365935753
oc,200.0,0.966893724646012,1.0998862049926409e-05,0.9998965499933099,1.1587215106785867e+20,14402314929475.697,1.5357919101745596e+22,3.905393249901833e+20,0.9736776264063662,0.45122499814544215
oc,200.0,0.966893724646012,1.0998961239408573e-05,0.9999055672189612,1.1622731190732469e+20,14206425649597.7,1.5357919101745596e+22,3.864082721049062e+20,0.9736850116533046,0.451474691368273
oc,200.0,0.966893724646012,1.099905442093346e-05,0.9999140382666782,1.1656177462081266e+20,14023952792587.592,1.5357919101745596e+22,3.8254276333224736e+20,0.9736914126747207,0.451709799114677
oc,200.0,0.966893724646012,1.0999141958313349e-05,0.9999219962103045,1.1687669538690702e+20,13853892472667.773,1.5357919101745596e+22,3.789248915146403e+20,0.9736969389593061,0.45193114270049184
oc,200.0,0.966893724646012,1.0999224193340739e-05,0.9999294721218854,1.1717317205433544e+20,13695325661384.1,1.5357919101745596e+22,3.755380523908433e+20,0.9737016894728245,0.45213950077433424
oc,200.0,0.966893724646012,1.0999301447119812e-05,0.9999364951927101,1.1745224626881698e+20,13547409944053.117,1.5357919101745596e+22,3.7236683936066876e+20,0.9737057534732897,0.45233561110873977
oc,200.0,0.966893724646012,1.0999374021317546e-05,0.9999430928470496,1.1771490564025285e+20,13409372189119.48,1.5357919101745596e+22,3.6939694782303345e+20,0.9737092112926643,0.4525201723694741
oc,200.0,0.966893724646012,1.0999442199339309e-05,0.9999492908490282,1.1796208592713951e+20,13280502017955.229,1.5357919101745596e+22,3.6661508811668967e+20,0.9737121350809791,0.45269384585519645
oc,200.0,0.966893724646012,1.0999506247433445e-05,0.9999551134030404,1.1819467321935759e+20,13160145977514.07,1.5357919101745596e+22,3.6400890619600496e+20,0.9737145895101132,0.45285725720108033
oc,200.0,0.966893724646012,1.0999566415729164e-05,0.9999605832481058,1.1841350610441264e+20,13047702331355.566,1.5357919101745596e+22,3.615669112755826e+20,0.9737166324356067,0.45301099804124956
oc,200.0,0.966893724646012,1.0999622939211742e-05,0.9999657217465221,1.1861937780346094e+20,12942616395520.81,1.5357919101745596e+22,3.592784097529572e+20,0.973718315515796,0.45315562762583067
oc,200.0,0.966893724646012,1.0999676038638799e-05,0.9999705489671635,1.1881303826744726e+20,12844376355436.432,1.5357919101745596e+22,3.5713344480213185e+20,0.9737196847883329,0.45329167438941403
oc,200.0,0.966893724646012,1.0999725921401199e-05,0.9999750837637453,1.1899519622480072e+20,12752509508025.352,1.5357919101745596e+22,3.551227410876129e+20,0.973720781204745,0.45341963746853897
oc,200.0,0.966893724646012,1.099977278233193e-05,0.9999793438483573,1.191665211737574e+20,12666578880500.086,1.5357919101745596e+22,3.5323765411235286e+20,0.973721641124182,0.453539988166427
oc,200.0,0.966893724646012,1.0999816804466099e-05,0.9999833458605545,1.1932764531535387e+20,12586180183212.77,1.5357919101745596e+22,3.514701237632026e+20,0.9737222967678419,0.45365317136396033
oc,200.0,0.966893724646012,1.0999858159754965e-05,0.9999871054322695,1.1947916542215543e+20,12510939059372.787,1.5357919101745596e+22,3.498126316603774e+20,0.9737227766358465,0.4537596068762121
oc,200.0,0.966893724646012,1.0999897009736801e-05,0.9999906372488001,1.1962164464089643e+20,12440508598973.406,1.5357919101745596e+22,3.4825816196284e+20,0.9737231058885107,0.4538596907544317
oc,200.0,0.966893724646012,1.0999933506167206e-05,0.9999939551061097,1.1975561422748067e+20,12374567088164.463,1.5357919101745596e+22,3.4680016531341535e+20,0.9737233066940706,0.45395379653376033
oc,200.0,0.966893724646012,1.0999967791611283e-05,0.999997071964662,1.1988157521286142e+20,12312815968861.477,1.5357919101745596e+22,3.4543252564029506e+20,0.9737233985449913,0.4540422764271612
oc,200.0,0.966893724646012,1.1e-05,1.0,1.2e+20,12254977986329.576,1.5357919101745596e+22,3.4414952956156274e+20,0.9737233985449913,0.45412546246641716
mpp,200.0,0.6387624798230601,0.0,0.0,709889281286.9829,1.2e+20,1.5357919101745596e+22,1.993541420215007e+19,0.9781164708585003,0.0
mpp,200.0,0.6387624798230601,3.2208388717036575e-11,2.9280353379124158e-06,713641554164.3694,1.1989134376737325e+20,1.5357919101745596e+22,2.0022640829232787e+19,0.9781164721598831,9.088485920622298e-05
mpp,200.0,0.6387624798230601,6.649383279366816e-11,6.044893890333469e-06,717642254156.7764,1.1977576514005718e+20,1.5357919101745596e+22,2.0115477868711875e+19,0.978116175695949,0.00018756004848625033
mpp,200.0,0.6387624798230601,1.0299026319943172e-10,9.362751199948338e-06,721908266038.8569,1.1965282911517881e+20,1.5357919101745596e+22,2.0214285024740282e+19,0.978115526371113,0.0002903896052700198
mpp,200.0,0.6387624798230601,1.418402450356626e-10,1.2894567730514783e-05,726457679844.5303,1.1952207417746042e+20,1.5357919101745596e+22,2.03194448937138e+19,0.9781144614678875,0.0003997598090376812
mpp,200.0,0.6387624798230601,1.8319553390006016e-10,1.6654139445460014e-05,731309884376.7349,1.193830107982405e+20,1.5357919101745596e+22,2.043136439538808e+19,0.9781129097428827,0.0005160804544999248
mpp,200.0,0.6387624798230601,2.2721766807037856e-10,2.065615164276169e-05,736485668909.787,1.1923511986606998e+20,1.5357919101745596e+22,2.0550476289373684e+19,0.9781107904319192,0.0006397861860946715
mpp,200.0,0.6387624798230601,2.7407859880196337e-10,2.4916236254723945e-05,742007333911.872,1.1907785104834098e+20,1.5357919101745596e+22,2.0677240781385343e+19,0.978108012157619,0.0007713378951036741
mpp,200.0,0.6387624798230601,3.239613612005532e-10,2.9451032836413926e-05,747898811712.992,1.1891062108420448e+20,1.5357919101745596e+22,2.0812147223826334e+19,0.9781044717327891,0.0009112241805098989
mpp,200.0,0.6387624798230601,3.770607882569443e-10,3.427825347790403e-05,754185798150.0979,1.1873281200906999e+20,1.5357919101745596e+22,2.095571591522218e+19,0.9781000528529774,0.0010599628743382938
mpp,200.0,0.6387624798230601,4.335842708358961e-10,3.9416751894172375e-05,760895896346.1488,1.1854376931209735e+20,1.5357919101745596e+22,2.1108500003204674e+19,0.9780946246717619,0.0012181026319828946
mpp,200.0,0.6387624798230601,4.937525665545395e-10,4.488659695950359e-05,768058773915.0359,1.1834280002912716e+20,1.5357919101745596e+22,2.127108749569867e+19,0.9780880402526538,0.0013862245875094115
mpp,200.0,0.6387624798230601,5.578006606901109e-10,5.0709150971828265e-05,775706335044.3203,1.1812917077374932e+20,1.5357919101745596e+22,2.1444103384881005e+19,0.9780801348919913,0.001564944073473679
mpp,200.0,0.6387624798230601,6.259786824534542e-10,5.690715295031401e-05,783872909081.9803,1.17902105711688e+20,1.5357919101745596e+22,2.1628211888511316e+19,0.978070724307881,0.001754912404205458
mpp,200.0,0.6387624798230601,6.985528801894402e-10,6.350480728994912e-05,792595457460.8906,1.1766078448354473e+20,1.5357919101745596e+22,2.1824118812944052e+19,0.9780596026911528,0.001956818720862289
mpp,200.0,0.6387624798230601,7.758066592602475e-10,7.052787811456795e-05,801913801015.4031,1.1740434008431624e+20,1.5357919101745596e+22,2.203257404195055e+19,0.978046540615446,0.002171391895684132
mpp,200.0,0.6387624798230601,8.580416866495465e-10,7.800378969541333e-05,811870870014.9741,1.1713185670846747e+20,1.5357919101745596e+22,2.2254374155097465e+19,0.9780312828049753,0.002399402492088443
mpp,200.0,0.6387624798230601,9.455790665399698e-10,8.596173332181545e-05,822512979527.3073,1.1684236757280709e+20,1.5357919101745596e+22,2.2490365178905137e+19,0.9780135457602586,0.0026416647760892017
mpp,200.0,0.6387624798230601,1.0387605914276564e-09,9.443278103887787e-05,833890133069.7599,1.1653485273147125e+20,1.5357919101745596e+22,2.274144547347994e+19,0.9779930152441503,0.0028990387734444062
mpp,200.0,0.6387624798230601,1.1379500735910763e-09,0.00010345000669009785,846056357888.1512,1.1620823690025725e+20,1.5357919101745596e+22,2.30085687563266e+19,0.977969343632935,0.003172432365485848
mpp,200.0,0.6387624798230601,1.243534762056797e-09,0.0001130486147324361,859070075644.4072,1.1586138731148204e+20,1.5357919101745596e+22,2.329274726411846e+19,0.9779421471400174,0.0034628034151053936
mpp,200.0,0.6387624798230601,1.3559268505321519e-09,0.00012326607732110473,872994512800.2709,1.1549311162415112e+20,1.5357919101745596e+22,2.3595055051902554e+19,0.9779110029229107,0.0037711619126489264
mpp,200.0,0.6387624798230601,1.475565082107555e-09,0.0001341422801915959,887898155557.954,1.1510215591890431e+20,1.5357919101745596e+22,2.391663142754668e+19,0.9778754460877727,0.004098572129493775
mpp,200.0,0.6387624798230601,1.602916456910408e-09,0.0001457196779009462,903855254880.6456,1.1468720281236318e+20,1.5357919101745596e+22,2.425868451731966e+19,0.9778349666096774,0.004446154764950707
mpp,200.0,0.6387624798230601,1.738478049276626e-09,0.00015804345902514783,920946387872.5061,1.1424686973140327e+20,1.5357919101745596e+22,2.462249495611498e+19,0.9777890061911332,0.004815089069703241
mpp,200.0,0.6387624798230601,1.8827789414216367e-09,0.00017116172194742152,939259082666.7505,1.1377970739445881e+20,1.5357919101745596e+22,2.500941969295418e+19,0.9777369550860119,0.0052066149263303605
mpp,200.0,0.6387624798230601,2.0363822810287035e-09,0.00018512566191170032,958888514968.4622,1.1328419855442161e+20,1.5357919101745596e+22,2.542089589897683e+19,0.9776781489210626,0.005622034864504471
mpp,200.0,0.6387624798230601,2.199887470647477e-09,0.00019998977005886154,979938285547.2714,1.1275875706596354e+20,1.5357919101745596e+22,2.5858444961050403e+19,0.9776118655524354,0.006062715985250741
mpp,200.0,0.6387624798230601,2.3739324972774643e-09,0.00021581204520704222,1002521289294.6785,1.1220172734934547e+20,1.5357919101745596e+22,2.632367653926875e+19,0.9775373220001385,0.006530091765097002
mpp,200.0,0.6387624798230601,2.5591964110509015e-09,0.00023265421918644558,1026760687983.9923,1.1161138433294467e+20,1.5357919101745596e+22,2.6818292660930028e+19,0.9774536715089789,0.0070256637071664865
mpp,200.0,0.6387624798230601,2.756401962466237e-09,0.00025058199658783975,1052791000622.742,1.109859339681625e+20,1.5357919101745596e+22,2.7344091816930255e+19,0.9773600007902369,0.007551002802101953
mpp,200.0,0.6387624798230601,2.9663184082353023e-09,0.00026966530983957293,1080759327313.8146,1.1032351442177083e+20,1.5357919101745596e+22,2.7902973018578194e+19,0.9772553275039844,0.008107750757375543
mpp,200.0,0.6387624798230601,3.189764496423941e-09,0.00028997859058399467,1110826724877.2144,1.0962219806493652e+20,1.5357919101745596e+22,2.8496939764028297e+19,0.9771385980474682,0.008697620948859494
mpp,200.0,0.6387624798230601,3.427611642213779e-09,0.00031160105838307084,1143169755183.0703,1.0887999439083204e+20,1.5357919101745596e+22,2.9128103852726653e+19,0.9770086857202526,0.00932239904360799
mpp,200.0,0.6387624798230601,3.680787306341249e-09,0.00033461702784920444,1177982230273.452,1.0809485400836348e+20,1.5357919101745596e+22,2.979868897463294e+19,0.9768643893416471,0.009983943237801256
mpp,200.0,0.6387624798230601,3.950278588993605e-09,0.00035911623536305504,1215477181956.594,1.07264673873816e+20,1.5357919101745596e+22,3.051103398689666e+19,0.9767044324002858,0.010684184048561259
mpp,200.0,0.6387624798230601,4.2371360527360675e-09,0.0003851941866123698,1255889087747.326,1.0638730393758746e+20,1.5357919101745596e+22,3.126759577536865e+19,0.9765274628193535,0.011425123593144446
mpp,200.0,0.6387624798230601,4.5424777888789516e-09,0.00041295252626172285,1299476389862.589,1.0546055539787742e+20,1.5357919101745596e+22,3.2070951580526367e+19,0.9763320534237379,0.012208834283872622
mpp,200.0,0.6387624798230601,4.8674937425619564e-09,0.0004424994311419961,1346524349600.6846,1.0448221076685295e+20,1.5357919101745596e+22,3.2923800647906517e+19,0.9761167031971777,0.013037456862192546
mpp,200.0,0.6387624798230601,5.213450312782919e-09,0.0004739500284348108,1397348285932.0906,1.0345003596655454e+20,1.5357919101745596e+22,3.3828965041104572e+19,0.9758798394180486,0.013913197690745319
mpp,200.0,0.6387624798230601,5.581695244568585e-09,0.0005074268404153259,1452297254672.311,1.0236179468131708e+20,1.5357919101745596e+22,3.4789389431568523e+19,0.9756198207616353,0.014838325218315384
mpp,200.0,0.6387624798230601,5.973662831521231e-09,0.000543060257411021,1511758233346.121,1.0121526519781538e+20,1.5357919101745596e+22,3.5808139652980634e+19,0.9753349414543756,0.01581516552937155
mpp,200.0,0.6387624798230601,6.390879448088693e-09,0.0005809890407353357,1576160886987.6096,1.00008259964108e+20,1.5357919101745596e+22,3.6888399780199354e+19,0.9750234365613573,0.016846096887912713
mpp,200.0,0.6387624798230601,6.83496943204237e-09,0.0006213608574583973,1645983001859.9565,9.873864809042615e+19,1.5357919101745596e+22,3.803346746257229e+19,0.9746834884821598,0.017933543184671212
mpp,200.0,0.6387624798230601,7.30766133887939e-09,0.0006643328489890354,1721756687685.513,9.740438099770129e+19,1.5357919101745596e+22,3.924674721057877e+19,0.9743132347216218,0.01907996619794959
mpp,200.0,0.6387624798230601,7.810794591152303e-09,0.0007100722355593003,1804075464728.9895,9.600352139061266e+19,1.5357919101745596e+22,4.053174130302357e+19,0.9739107769910608,0.020287856581774132
mpp,200.0,0.6387624798230601,8.346326547068184e-09,0.0007587569588243803,1893602370299.6196,9.453427568845978e+19,1.5357919101745596e+22,4.189203795043501e+19,0.9734741916816079,0.02155972350106995
mpp,200.0,0.6387624798230601,8.916340014136991e-09,0.0008105763649215447,1991079240301.7454,9.299502998742766e+19,1.5357919101745596e+22,4.333129632049283e+19,0.9730015417343103,0.02289808284277981
mpp,200.0,0.6387624798230601,9.523051235139635e-09,0.0008657319304672395,2097337345779.9788,9.138438954707642e+19,1.5357919101745596e+22,4.4853228003751895e+19,0.972490889911271,0.024305443944623605
mpp,200.0,0.6387624798230601,1.0168818375244415e-08,0.0009244380341131286,2213309592425.7524,8.970122169242093e+19,1.5357919101745596e+22,4.646157447545727e+19,0.9719403134480888,0.025784294800040117
mpp,200.0,0.6387624798230601,1.0856150540770048e-08,0.0009869227764336408,2340044523249.7554,8.794470189567497e+19,1.5357919101745596e+22,4.816008009280602e+19,0.9713479200399688,0.027337085719311153
mpp,200.0,0.6387624798230601,1.1587717361786653e-08,0.001053428851071514,2478722401616.875,8.611436264966672e+19,1.5357919101745596e+22,4.9952460159845155e+19,0.9707118650820806,0.028966211453117507
mpp,200.0,0.6387624798230601,1.2366359172584106e-08,0.0011242144702349188,2630673694196.73,8.421014456563191e+19,1.5357919101745596e+22,5.184236359638748e+19,0.9700303700489159,0.030673991816380367
mpp,200.0,0.6387624798230601,1.3195097825883073e-08,0.001199554347807552,2797400321682.9443,8.223244892484801e+19,1.5357919101745596e+22,5.383332976589745e+19,0.9693017418578511,0.03246265088702422
mpp,200.0,0.6387624798230601,1.4077148178667454e-08,0.001279740743515223,2980600100059.2515,8.018219068738852e+19,1.5357919101745596e+22,5.59287390530387e+19,0.9685243930190595,0.03433429489653989
mpp,200.0,0.6387624798230601,1.501593028953513e-08,0.0013650845717759208,3182194857318.817,7.8060850720094e+19,1.5357919101745596e+22,5.81317568374494e+19,0.9676968623281548,0.03629088897629952
mpp,200.0,0.6387624798230601,1.6015082369593702e-08,0.001455916579053973,3404362780481.1353,7.587052575695623e+19,1.5357919101745596e+22,6.044527058860583e+19,0.9668178358103044,0.038334232975085106
mpp,200.0,0.6387624798230601,1.7078474531153074e-08,0.0015525885937411887,3649575625990.4927,7.361397436162737e+19,1.5357919101745596e+22,6.287181990979253e+19,0.9658861675763762,0.04046593661822402
mpp,200.0,0.6387624798230601,1.8210223380721703e-08,0.001655474852792882,3920641513455.8613,7.1294656938981835e+19,1.5357919101745596e+22,6.541351948811983e+19,0.9649009002047244,0.04268739433556969
mpp,200.0,0.6387624798230601,1.9414707505186866e-08,0.0017649734095624425,4220754118299.102,6.891676765990546e+19,1.5357919101745596e+22,6.807197506219523e+19,0.9638612842184661,0.044999760142711114
mpp,200.0,0.6387624798230601,2.069658390247253e-08,0.0018815076274975029,4553549183069.938,6.648525604304017e+19,1.5357919101745596e+22,7.084819270018428e+19,0.9627667961900941,0.04740392301484325
mpp,200.0,0.6387624798230601,2.2060805410459572e-08,0.002005527764587234,4923169379150.99,6.400583590165647e+19,1.5357919101745596e+22,7.374248188300605e+19,0.9616171549757138,0.049900483243129325
mpp,200.0,0.6387624798230601,2.351263919048374e-08,0.00213751265368034,5334338669142.683,6.148497943846275e+19,1.5357919101745596e+22,7.67543531102162e+19,0.9604123355631135,0.052489730306096834
mpp,200.0,0.6387624798230601,2.5057686324324814e-08,0.0022779714840295284,5792447443187.673,5.892989447588155e+19,1.5357919101745596e+22,7.988241098168826e+19,0.9591525800142354,0.055171622820503974
mpp,200.0,0.6387624798230601,2.670190258619126e-08,0.002427445689653751,6303649826744.079,5.6348483161691005e+19,1.5357919101745596e+22,8.312424395153844e+19,0.957838404996384,0.05794577115382602
mpp,200.0,0.6387624798230601,2.84516204538629e-08,0.002586510950351173,6874974678469.497,5.374928099834914e+19,1.5357919101745596e+22,8.647631219551458e+19,0.9564706054300729,0.06081142328110803
mpp,200.0,0.6387624798230601,3.031357242576549e-08,0.0027557793114332263,7514451908967.885,5.114137570606527e+19,1.5357919101745596e+22,8.993383527177285e+19,0.9550502538367217,0.06376745444954636
mpp,200.0,0.6387624798230601,3.2294915713363566e-08,0.0029359014284875973,8231255846438.718,4.853430622945011e+19,1.5357919101745596e+22,9.349068148250863e+19,0.9535786950472733,0.06681236117291572
mpp,200.0,0.6387624798230601,3.44032583808237e-08,0.0031275689437112453,9035867444028.213,4.593794310437283e+19,1.5357919101745596e+22,9.713926105696811e+19,0.9520575360329532,0.06994426001375313
mpp,200.0,0.6387624798230601,3.664668700637741e-08,0.0033315170005797645,9940257153884.174,4.336235236873436e+19,1.5357919101745596e+22,1.0087042547176561e+20,0.9504886307400601,0.07316089152418168
mpp,200.0,0.6387624798230601,3.9033795942180146e-08,0.003548526903834559,10958090270220.705,4.081764616969233e+19,1.5357919101745596e+22,1.0467337540501845e+20,0.948874059948613,0.07645962960798058
mpp,200.0,0.6387624798230601,4.157371825168804e-08,0.00377942893197164,12104956451534.324,3.83138241194858e+19,1.5357919101745596e+22,1.0853557998784687e+20,0.9472161063249583,0.07983749644004276
mpp,200.0,0.6387624798230601,4.4276158405582135e-08,0.004025105309598376,13398624951905.586,3.5860610209728627e+19,1.5357919101745596e+22,1.124427101771081e+20,0.9455172249948254,0.08329118293919724
mpp,200.0,0.6387624798230601,4.715142681904483e-08,0.0042864933471858935,14859326803006.797,3.34672906380793e+19,1.5357919101745596e+22,1.1637858922891877e+20,0.9437800101183054,0.08681707464242175
mpp,200.0,0.6387624798230601,5.021047631461167e-08,0.0045645887558737885,16510064771649.518,3.1142558172311613e+19,1.5357919101745596e+22,1.2032516340802744e+20,0.9420071580937189,0.09041128267954102
mpp,200.0,0.6387624798230601,5.3464940595922046e-08,0.004860449145083823,18376951353144.824,2.8894368633022923e+19,1.5357919101745596e+22,1.2426249622002714e+20,0.94020142814498,0.0940696794052366
mpp,200.0,0.6387624798230601,5.692717481823145e-08,0.005175197710748314,20489574332159.527,2.6729814701251863e+19,1.5357919101745596e+22,1.2816878959244101e+20,0.9383656011492235,0.09778793811696948
mpp,200.0,0.6387624798230601,6.061029834160731e-08,0.0055100271219643004,22881388539986.113,2.46550215631076e+19,1.5357919101745596e+22,1.3202043554023306e+20,0.9365024376315272,0.10156157618056351
mpp,200.0,0.6387624798230601,6.452823975206651e-08,0.005866203613824228,25590131360029.434,2.267506793066608e+19,1.5357919101745596e+22,1.3579210190521336e+20,0.9346146358869836,0.10538600080561081
mpp,200.0,0.6387624798230601,6.869578423447609e-08,0.006245071294043281,28658258294373.336,2.079393479411115e+19,1.5357919101745596e+22,1.3945685571853933e+20,0.9327047911848628,0.10925655666515607
mpp,200.0,0.6387624798230601,7.312862337869174e-08,0.006648056670790159,32133393538180.78,1.9014482949950697e+19,1.5357919101745596e+22,1.4298632756927252e+20,0.9307753569656505,0.11316857454090903
mpp,200.0,0.6387624798230601,7.784340749694441e-08,0.007076673408813128,36068789072039.734,1.7338459010993164e+19,1.5357919101745596e+22,1.4635092001792062e+20,0.9288286088626433,0.11711742019698052
mpp,200.0,0.6387624798230601,8.285780052584041e-08,0.007532527320530946,40523784368491.266,1.5766528332080638e+19,1.5357919101745596e+22,1.4952006254459142e+20,0.9268666122714349,0.1210985427403284
mpp,200.0,0.6387624798230601,8.81905375801531e-08,0.008017321598195737,45564257548816.54,1.4298332168695728e+19,1.5357919101745596e+22,1.5246251473486515e+20,0.92489119406131,0.12510752181100404
mpp,200.0,0.6387624798230601,9.38614852178688e-08,0.008532862292533527,51263057901317.7,1.293256549210747e+19,1.5357919101745596e+22,1.5514671837137653e+20,0.9229039188820894,0.1291401130549168
mpp,200.0,0.6387624798230601,9.989170446622597e-08,0.00908106404238418,57700409322471.69,1.1667071260284375e+19,1.5357919101745596e+22,1.5754119782688385e+20,0.9209060703793231,0.133192291459595
mpp,200.0,0.6387624798230601,1.0630351664667048e-07,0.009663956058788226,64964274775075.555,1.0498946606986357e+19,1.5357919101745596e+22,1.596150066728938e+20,0.9188986375010907,0.13726029227242986
mpp,200.0,0.6387624798230601,1.131205720223829e-07,0.010283688365671173,73150673659391.16,9.424656355956976e+18,1.5357919101745596e+22,1.613382167820813e+20,0.9168823059719687,0.1413406493638877
mpp,200.0,0.6387624798230601,1.2036792127497026e-07,0.010942538297724569,82363947541776.89,8.440149464241256e+18,1.5357919101745596e+22,1.6268244448227367e+20,0.9148574549341462,0.14543023103824945
mpp,200.0,0.6387624798230601,1.2807208979674554e-07,0.011642917254249596,92716975563704.67,7.540974403574383e+18,1.5357919101745596e+22,1.6362140660231586e+20,0.9128241587213851,0.14952627342540678
mpp,200.0,0.6387624798230601,1.3626115476134353e-07,0.012387377705576685,104331349771001.66,6.722390046662064e+18,1.5357919101745596e+22,1.6413149762784982e+20,0.9107821937468104,0.15362641170378266
mpp,200.0,0.6387624798230601,1.4496482490780489e-07,0.01317862044616408,117337533420622.25,5.979469277894816e+18,1.5357919101745596e+22,1.641923777508827e+20,0.9087310505579893,0.1577287095022754
mpp,200.0,0.6387624798230601,1.542145229413025e-07,0.014019502085572955,131875043097833.94,5.307193239909229e+18,1.5357919101745596e+22,1.6378756043526042e+20,0.906669951250077,0.16183168690501598
mpp,200.0,0.6387624798230601,1.6404347041678602e-07,0.014913042765162365,148092719528798.8,4.700534809641555e+18,1.5357919101745596e+22,1.6290498730130774e+20,0.9045978726383538,0.16593434753426667
mpp,200.0,0.6387624798230601,1.744867749296319e-07,0.01586243408451199,166149183984790.4,4.1545305310344146e+18,1.5357919101745596e+22,1.6153757770769567e+20,0.9025135758854574,0.17003620521240506
mpp,200.0,0.6387624798230601,1.855815193891665e-07,0.016871047217196955,186213619352197.3,3.6643407883729055e+18,1.5357919101745596e+22,1.5968374040726317e+20,0.9004156436691325,0.17413731070233038
mpp,200.0,0.6387624798230601,1.9736685309624657e-07,0.01794244119056787,208467070273295.62,3.2252984673270257e+18,1.5357919101745596e+22,1.5734783508603113e+20,0.8983025264804979,0.17823827899587177
mpp,200.0,0.6387624798230601,2.0988408428425337e-07,0.019080371298568488,233104529401436.78,2.832946713096347e+18,1.5357919101745596e+22,1.5454057245458258e+20,0.8961726002828947,0.1823403175607895
mpp,200.0,0.6387624798230601,2.2317677371326033e-07,0.020288797610296394,260338172690230.72,2.483066657715287e+18,1.5357919101745596e+22,1.5127934283448966e+20,0.8940242385652482,0.18644525586748373
mpp,200.0,0.6387624798230601,2.372908288291805e-07,0.0215718935299255,290402234380515.8,2.171696158870714e+18,1.5357919101745596e+22,1.4758846486021318e+20,0.891855902825195,0.19055557639502835
mpp,200.0,0.6387624798230601,2.522745979127007e-07,0.022934054355700062,323560184717941.1,1.8951406819229934e+18,1.5357919101745596e+22,1.4349934801345985e+20,0.8896662567537468,0.19467444716078752
mpp,200.0,0.6387624798230601,2.6817896354620375e-07,0.024379905776927613,360115109456803.8,1.6499774788959357e+18,1.5357919101745596e+22,1.3905056527340157e+20,0.8874543109025406,0.198805755626811
mpp,200.0,0.6387624798230601,2.850574346200175e-07,0.025914312238183412,400424518559308.56,1.4330541874593047e+18,1.5357919101745596e+22,1.3428783535558027e+20,0.8852196064250157,0.20295414360791983
mpp,200.0,0.6387624798230601,3.029662359817677e-07,0.02754238508925161,444733335121778.44,1.241511818904547e+18,1.5357919101745596e+22,1.2921232478022461e+20,0.8829556785605083,0.2071250425404677
mpp,200.0,0.6387624798230601,3.2196439470382796e-07,0.029269490427620726,492469789095404.2,1.0728705981301836e+18,1.5357919101745596e+22,1.2364607534035576e+20,0.880630738568765,0.2113247028936789
mpp,200.0,0.6387624798230601,3.4211382180356256e-07,0.0311012565275966,543711443798470.06,9.247434571722225e+17,1.5357919101745596e+22,1.1766387312362129e+20,0.8782433042646086,0.2155601932419245
mpp,200.0,0.6387624798230601,3.6347938809909277e-07,0.033043580736281164,598528259128435.9,7.949710997794033e+17,1.5357919101745596e+22,1.113497892957197e+20,0.8757929785599893,0.21983941219356395
mpp,200.0,0.6387624798230601,3.8612899271962657e-07,0.035102635701784235,656987521004789.2,6.81605616335338e+17,1.5357919101745596e+22,1.0479575226614846e+20,0.8732808748244298,0.22417109017985556
mpp,200.0,0.6387624798230601,4.1013362261439735e-07,0.03728487478312703,719160357023640.9,5.828932510331337e+17,1.5357919101745596e+22,9.809980971584935e+19,0.8707101541474384,0.22856477808157577
mpp,200.0,0.6387624798230601,4.3556740121832605e-07,0.03959703647439328,785129818638479.8,4.972567970770067e+17,1.5357919101745596e+22,9.136410386314728e+19,0.868086693413017,0.23303081942772155
mpp,200.0,0.6387624798230601,4.625076242368779e-07,0.04204614765789799,855000435333272.1,4.232780360605499e+17,1.5357919101745596e+22,8.469260047879003e+19,0.865419897744824,0.23758030280511327
mpp,200.0,0.6387624798230601,4.910347803083952e-07,0.04463952548258138,928909076694949.1,3.596805951438912e+17,1.5357919101745596e+22,7.818863176598518e+19,0.8627236565594802,0.24222499122747104
mpp,200.0,0.6387624798230601,5.212325540916164e-07,0.0473847776446924,1007036904409087.9,3.053135677795554e+17,1.5357919101745596e+22,7.195233449852264e+19,0.8600174129262693,0.24697722558451662
mpp,200.0,0.6387624798230601,5.531878091115703e-07,0.05028980082832457,1089622169655900.0,2.5913622562294794e+17,1.5357919101745596e+22,6.6078086555991425e+19,0.8573272631696837,0.2518497999725572
mpp,200.0,0.6387624798230601,5.869905474819483e-07,0.05336277704381348,1176973624663606.2,2.202041335904565e+17,1.5357919101745596e+22,6.06520656653756e+19,0.8546869202741251,0.2568558077217612
mpp,200.0,0.6387624798230601,6.227338434105047e-07,0.056612167582773154,1269484382806278.2,1.8765695740718893e+17,1.5357919101745596e+22,5.575007190256227e+19,0.8521382604656241,0.2620084582679362
mpp,200.0,0.6387624798230601,6.605137471910994e-07,0.06004670429009995,1367646191876443.5,1.607082127119727e+17,1.5357919101745596e+22,5.143576819893036e+19,0.8497310471947371,0.26732086660086074
mpp,200.0,0.6387624798230601,7.004291561976294e-07,0.06367537783614813,1472064291882477.5,1.3863713605311306e+17,1.5357919101745596e+22,4.775949818850438e+19,0.8475213476727271,0.27280581872493004
mpp,200.0,0.6387624798230601,7.425816492286187e-07,0.06750742265714715,1583473323846046.2,1.2078275180787142e+17,1.5357919101745596e+22,4.475783491145532e+19,0.8455682266428707,0.27847551819152405
mpp,200.0,0.6387624798230601,7.870752804148289e-07,0.07155229821952991,1702755153004605.2,1.065400607373419e+17,1.5357919101745596e+22,4.245399280833381e+19,0.8439286380192422,0.28434132005310125
mpp,200.0,0.6387624798230601,8.34016328805534e-07,0.07581966625504855,1830959986706209.2,9.535809076382173e+16,1.5357919101745596e+22,4.085919437166973e+19,0.8426510732079006,0.29041345927762596
mpp,200.0,0.6387624798230601,8.835129997028664e-07,0.08031936360935149,1969332834012773.2,8.673935052278458e+16,1.5357919101745596e+22,3.997501970394178e+19,0.8417692847670468,0.29670078052687265
mpp,200.0,0.6387624798230601,9.356750738297962e-07,0.0850613703481633,2119348225537450.5,8.024005461907294e+16,1.5357919101745596e+22,3.9796688424194875e+19,0.8412978588192527,0.30321047514807875
mpp,200.0,0.6387624798230601,9.906135005090058e-07,0.09005577277354598,2282757290233344.0,7.547040439175394e+16,1.5357919101745596e+22,4.031714904880719e+19,0.8412311222697725,0.3099478293528174
mpp,200.0,0.6387624798230601,1.0484399312111567e-06,0.09531272101919608,2461652950750305.5,7.209425773470754e+16,1.5357919101745596e+22,4.15318138346471e+19,0.8415458068459717,0.3169159851634975
mpp,200.0,0.6387624798230601,1.1092661901166052e-06,0.10084238091969139,2658561447748482.5,6.982771242197793e+16,1.5357919101745596e+22,4.344381103953335e+19,0.8422065863817921,0.3241157132406329
mpp,200.0,0.6387624798230601,1.1732036787395748e-06,0.10665487988541589,2876572096641752.0,6.843640928906478e+16,1.5357919101745596e+22,4.606975228489313e+19,0.8431727904966173,0.331545194620327
mpp,200.0,0.6387624798230601,1.2403627122032033e-06,0.11276024656392758,3119522795410126.0,6.7731649076361864e+16,1.5357919101745596e+22,4.944623309294621e+19,0.8444046273496286,0.33919980703552877
mpp,200.0,0.6387624798230601,1.3108517854420548e-06,0.1191683441310959,3392267294105048.0,6.756563219731619e+16,1.5357919101745596e+22,5.363759647164321e+19,0.8458678955626171,0.3470719110349521
mpp,200.0,0.6387624798230601,1.384776768458562e-06,0.12588879713259654,3701062880818038.0,6.7826237180352504e+16,1.5357919101745596e+22,5.874590338996014e+19,0.8475369394925054,0.35515063156443444
mpp,200.0,0.6387624798230601,1.462240030782253e-06,0.13293091188929573,4054135491020708.5,6.843175798908702e+16,1.5357919101745596e+22,6.492461076765415e+19,0.8493961392952682,0.36342163197633665
mpp,200.0,0.6387624798230601,1.5433394964828389e-06,0.140303590589349,4462504864770879.5,6.932595532084689e+16,1.5357919101745596e+22,7.23982325937865e+19,0.8514404291620423,0.3718668795440859
mpp,200.0,0.6387624798230601,1.6281676324736676e-06,0.14801523931578797,4941185998476620.0,7.047367892765791e+16,1.5357919101745596e+22,8.149135598085911e+19,0.8536752777136585,0.3804644045518765
mpp,200.0,0.6387624798230601,1.7168103744082338e-06,0.15607367040074854,5510922811872899.0,7.185721487012037e+16,1.5357919101745596e+22,9.26719085259606e+19,0.8561163544265525,0.3891880591608195
mpp,200.0,0.6387624798230601,1.8093459962104148e-06,0.16448599965549227,6200647377913996.0,7.347341892525325e+16,1.5357919101745596e+22,1.0661558207409026e+20,0.8587888240021289,0.39800728802785107
mpp,200.0,0.6387624798230601,1.9058439311719748e-06,0.17325853919745227,7050872495928410.0,7.533161975630733e+16,1.5357919101745596e+22,1.2430069746319178e+20,0.8617259099190009,0.4068869308548981
mpp,200.0,0.6387624798230601,2.0063635545726346e-06,0.1823966867793304,8118175391299370.0,7.745220950314272e+16,1.5357919101745596e+22,1.4714504432818668e+20,0.8649661244544321,0.4157870886680042
mpp,200.0,0.6387624798230601,2.110952939892684e-06,0.19190481271751675,9480746831461638.0,7.986577642215614e+16,1.5357919101745596e+22,1.7719712300176658e+20,0.8685485225903058,0.42466310159872167
mpp,200.0,0.6387624798230601,2.2196476028493208e-06,0.20178614571357462,1.1244570510942924e+16,8.261256278640514e+16,1.5357919101745596e+22,2.1739140318447157e+20,0.8725057097560258,0.43346570645161214
mpp,200.0,0.6387624798230601,2.3324692496379275e-06,0.2120426590579934,1.3549080515264808e+16,8.574194149983429e+16,1.5357919101745596e+22,2.718670254540043e+20,0.8768552384542257,0.4421414655782736
mpp,200.0,0.6387624798230601,2.449424547830708e-06,0.22267495889370076,1.6570135112471226e+16,8.931149469725232e+16,1.5357919101745596e+22,3.463273629635504e+20,0.8815912280115855,0.4506335788869516
mpp,200.0,0.6387624798230601,2.5705039402994796e-06,0.2336821763908618,2.051709298725614e+16,9.33851625503054e+16,1.5357919101745596e+22,4.483809001893397e+20,0.8866788171079221,0.4588831969069076
mpp,200.0,0.6387624798230601,2.6956805242013664e-06,0.24506186583648787,2.562029070906705e+16,9.802985510208101e+16,1.5357919101745596e+22,5.877542967876539e+20,0.8920536248213132,0.4668313276912065
mpp,200.0,0.6387624798230601,2.8249090184044093e-06,0.2568099107640372,3.210619964233726e+16,1.033099638198604e+17,1.5357919101745596e+22,7.762194307853163e+20,0.8976267045334084,0.47442135558831
mpp,200.0,0.6387624798230601,2.9581248436407344e-06,0.26892044033097584,4.0160729880939016e+16,1.0927947540680352e+17,1.5357919101745596e+22,1.0270547543246746e+21,0.9032935019005927,0.48160205663108596
mpp,200.0,0.6387624798230601,3.095243340066364e-06,0.2813857581878513,4.988629920290167e+16,1.1597195916903416e+17,1.5357919101745596e+22,1.353903403024003e+21,0.9089442725711652,0.48833081946432955
mpp,200.0,0.6387624798230601,3.2361591466932353e-06,0.2941962860630214,6.126347522493625e+16,1.233895499708162e+17,1.5357919101745596e+22,1.769022708552884e+21,0.9144736533953951,0.4945766137090923
mpp,200.0,0.6387624798230601,3.3807457662670037e-06,0.30734052420609126,7.413005697820317e+16,1.3149297606978864e+17,1.5357919101745596e+22,2.2811313202866514e+21,0.9197880561251817,0.5003221670837558
mpp,200.0,0.6387624798230601,3.528855337537518e-06,0.3208050306852289,8.818692492198462e+16,1.4019528527997066e+17,1.5357919101745596e+22,2.8932836073515547e+21,0.9248105036726716,0.5055648863753514
mpp,200.0,0.6387624798230601,3.680318634473621e-06,0.33457442131578374,1.0303143272233035e+17,1.4936175199433437e+17,1.5357919101745596e+22,3.601326833266176e+21,0.9294830865618479,0.5103162957659452
mpp,200.0,0.6387624798230601,3.834945308804896e-06,0.34863139170953605,1.1820956127519762e+17,1.5881727764972758e+17,1.5357919101745596e+22,4.3934304077728595e+21,0.9337674254646043,0.514600097886905
mpp,200.0,0.6387624798230601,3.992524388356007e-06,0.3629567625778189,1.332724523631622e+17,1.6836068196008058e+17,1.5357919101745596e+22,5.250908665824003e+21,0.9376435712354253,0.5184492636863091
mpp,200.0,0.6387624798230601,4.152825039035608e-06,0.37752954900323704,1.4782368045651024e+17,1.7778333597132134e+17,1.5357919101745596e+22,6.150188980997549e+21,0.9411077830646395,0.5219027161578228
mpp,200.0,0.6387624798230601,4.315597593148279e-06,0.39232705392257083,1.6154922297049808e+17,1.8688842870881776e+17,1.5357919101745596e+22,7.065463949778509e+21,0.9441696264326249,0.5250021521890477
mpp,200.0,0.6387624798230601,4.480574841046197e-06,0.40732498554965424,1.7422889305241427e+17,1.9550723637553546e+17,1.5357919101745596e+22,7.97143323157874e+21,0.9468488060437039,0.527789389678902
mpp,200.0,0.6387624798230601,4.6474735771908545e-06,0.4224975979264413,1.8573290994439155e+17,2.0350992333475274e+17,1.5357919101745596e+22,8.845611321401908e+21,0.9491720804270422,0.5303044196602866
mpp,200.0,0.6387624798230601,4.8159963856436705e-06,0.4378178532403337,1.9600922712775933e+17,2.1081004994792218e+17,1.5357919101745596e+22,9.669883149292468e+21,0.9511705037776624,0.532584163232527
mpp,200.0,0.6387624798230601,4.985833644055812e-06,0.45325760400507387,2.05066846814021e+17,2.173634365651147e+17,1.5357919101745596e+22,1.043122574205784e+22,0.9528771313202326,0.5346618206639238
mpp,200.0,0.6387624798230601,5.156665719599517e-06,0.4687877926908652,2.1295885348202778e+17,2.231629333259018e+17,1.5357919101745596e+22,1.1121699587432024e+22,0.9543252304063888,0.5365666568460807
mpp,200.0,0.6387624798230601,5.3281653251908174e-06,0.48437866592643797,2.1976729221307382e+17,2.2823090726030618e+17,1.5357919101745596e+22,1.1737913711658092e+22,0.9555469732835534,0.5383240732088631
mpp,200.0,0.6387624798230601,5.5e-06,0.5,2.255907864940112e+17,2.326110481903938e+17,1.5357919101745596e+22,1.2280190257134534e+22,0.9565725500368372,0.5399558465481712
mpp,200.0,0.6387624798230601,5.671834674809185e-06,0.5156213340735623,2.305350268894858e+17,2.363606514254434e+17,1.5357919101745596e+22,1.275162396577205e+22,0.957429625537416,0.5414804510468804
mpp,200.0,0.6387624798230601,5.8433342804004825e-06,0.5312122073091348,2.3470586995995347e+17,2.3954405538820854e+17,1.5357919101745596e+22,1.3157177928077856e+22,0.9581430641961083,0.5429134106608596
mpp,200.0,0.6387624798230601,6.01416635594419e-06,0.5467423959949264,2.382046304156307e+17,2.422275113511227e+17,1.5357919101745596e+22,1.3502900435347371e+22,0.9587348539417273,0.5442676514536453
mpp,200.0,0.6387624798230601,6.184003614356336e-06,0.5621821467596669,2.4112512093935587e+17,2.4447548235780346e+17,1.5357919101745596e+22,1.3795300621094484e+22,0.959224171432216,0.5455538378394328
mpp,200.0,0.6387624798230601,6.352526422809144e-06,0.5775024020735586,2.435520260767126e+17,2.4634820470969907e+17,1.5357919101745596e+22,1.404088709493444e+22,0.9596275414666341,0.5467806850530803
mpp,200.0,0.6387624798230601,6.5194251589538055e-06,0.592675014450346,2.4556025290378493e+17,2.4790027257435542e+17,1.5357919101745596e+22,1.4245853536591362e+22,0.9599590537083749,0.5479552446617976
mpp,200.0,0.6387624798230601,6.684402406851721e-06,0.6076729460774292,2.472149641757334e+17,2.4917999436979757e+17,1.5357919101745596e+22,1.4415885556112802e+22,0.9602306087233634,0.5490831622425617
mpp,200.0,0.6387624798230601,6.847174960964395e-06,0.6224704509967632,2.4857206103041245e+17,2.5022929262469536e+17,1.5357919101745596e+22,1.4556060774874938e+22,0.9604521728853194,0.5501689075578503
mpp,200.0,0.6387624798230601,7.0074756116439974e-06,0.6370432374221816,2.496789381548495e+17,2.510839578749459e+17,1.5357919101745596e+22,1.4670816102267291e+22,0.9606320279330401,0.551215978275176
mpp,200.0,0.6387624798230601,7.165054691195103e-06,0.651368608290464,2.5057538279773482e+17,2.51774109413581e+17,1.5357919101745596e+22,1.4763960331551912e+22,0.960777005960621,0.5522270787821862
mpp,200.0,0.6387624798230601,7.3196813655263815e-06,0.6654255786842165,2.51294529521684e+17,2.52324754348671e+17,1.5357919101745596e+22,1.4838714954306105e+22,0.9608927044891231,0.5532042760622377
mpp,200.0,0.6387624798230601,7.471144662462482e-06,0.6791949693147711,2.5186381530288544e+17,2.5275636822264147e+17,1.5357919101745596e+22,1.4897770616970038e+22,0.9609836791414319,0.5541491349475953
mpp,200.0,0.6387624798230601,7.619254233732998e-06,0.692659475793909,2.5230590520594874e+17,2.530854446067393e+17,1.5357919101745596e+22,1.4943350491889325e+22,0.9610536134728871,0.5550628353619522
mpp,200.0,0.6387624798230601,7.763840853306769e-06,0.705803713936979,2.5263957834207267e+17,2.5332497817729e+17,1.5357919101745596e+22,1.4977274877235746e+22,0.9611054668573231,0.5559462743970268
mpp,200.0,0.6387624798230601,7.904756659933636e-06,0.7186142418121487,2.52880578152467e+17,2.53484857059487e+17,1.5357919101745596e+22,1.5001023609430488e+22,0.9611416021444691,0.5568001562345324
mpp,200.0,0.6387624798230601,8.041875156359268e-06,0.7310795596690244,2.530424410901728e+17,2.535721472252028e+17,1.5357919101745596e+22,1.5015794479536571e+22,0.9611638952281745,0.5576250730152265
mpp,200.0,0.6387624798230601,8.175090981595591e-06,0.7431900892359629,2.5313732408287174e+17,2.5359125605721283e+17,1.5357919101745596e+22,1.5022556925285087e+22,0.9611738288128528,0.5584215797529204
mpp,200.0,0.6387624798230601,8.304319475798637e-06,0.7549381341635124,2.531768540331615e+17,2.5354396541779782e+17,1.5357919101745596e+22,1.5022100949608717e+22,0.961172572632456,0.5591902662638049
mpp,200.0,0.6387624798230601,8.429496059700524e-06,0.7663178236091386,2.531730220899177e+17,2.5342932817569482e+17,1.5357919101745596e+22,1.5015081601059745e+22,0.9611610522350278,0.5599318287908498
mpp,200.0,0.6387624798230601,8.550575452169292e-06,0.7773250411062993,2.531391414249891e+17,2.532434274998371e+17,1.5357919101745596e+22,1.5002059524012446e+22,0.9611400082497967,0.5606471435061465
mpp,200.0,0.6387624798230601,8.667530750362075e-06,0.7879573409420069,2.5309087976352278e+17,2.5297900643736662e+17,1.5357919101745596e+22,1.4983538108204814e+22,0.9611100478396275,0.5613373433342582
mpp,200.0,0.6387624798230601,8.78035239715068e-06,0.7982138542864254,2.5304736722802218e+17,2.526249871032548e+17,1.5357919101745596e+22,1.4959997681494368e+22,0.9610716898315442,0.5620038985406078
mpp,200.0,0.6387624798230601,8.889047060107317e-06,0.8080951872824834,2.5303236695528688e+17,2.521659144086374e+17,1.5357919101745596e+22,1.493192702666443e+22,0.9610254048198733,0.5626487002887399
mpp,200.0,0.6387624798230601,8.99363644542737e-06,0.8176033132206699,2.5307548187132707e+17,2.515813780406729e+17,1.5357919101745596e+22,1.4899852281858358e+22,0.9609716513418499,0.5632741449531297
mpp,200.0,0.6387624798230601,9.094156068828025e-06,0.8267414608025477,2.5321335807444896e+17,2.5084548671665398e+17,1.5357919101745596e+22,1.4864363014038114e+22,0.9609109090051254,0.5638832154958516
mpp,200.0,0.6387624798230601,9.190654003789586e-06,0.8355140003445078,2.5349083612298614e+17,2.499264876222743e+17,1.5357919101745596e+22,1.4826134936217604e+22,0.9608437091470161,0.5644795548400346
mpp,200.0,0.6387624798230601,9.283189625591765e-06,0.8439263295992514,2.5396199899169446e+17,2.4878663713958778e+17,1.5357919101745596e+22,1.478594836801347e+22,0.960770663153675,0.5650675250994287
mpp,200.0,0.6387624798230601,9.371832367526334e-06,0.8519847606842121,2.5469107205505366e+17,2.4738243131628422e+17,1.5357919101745596e+22,1.4744701120769448e+22,0.9606924878970137,0.5656522459609068
mpp,200.0,0.6387624798230601,9.456660503517164e-06,0.8596964094106513,2.5575314762695277e+17,2.456652911780692e+17,1.5357919101745596e+22,1.4703414065002948e+22,0.960610026854625,0.5662396056516555
mpp,200.0,0.6387624798230601,9.537759969217746e-06,0.8670690881107043,2.572347339045381e+17,2.435827663958503e+17,1.5357919101745596e+22,1.4663227319492215e+22,0.9605242644995309,0.5668362388788111
mpp,200.0,0.6387624798230601,9.61522323154144e-06,0.8741112028674036,2.5923416265513354e+17,2.4108027282085517e+17,1.5357919101745596e+22,1.4625384975461119e+22,0.9604363308051399,0.5674494679268209
mpp,200.0,0.6387624798230601,9.689148214557948e-06,0.8808316558689044,2.618619261252936e+17,2.381033218787289e+17,1.5357919101745596e+22,1.4591206748579288e+22,0.960347492652812,0.5680872056232089
mpp,200.0,0.6387624798230601,9.759637287796798e-06,0.8872397534360725,2.6524104447046714e+17,2.3460014276569664e+17,1.5357919101745596e+22,1.4562046053345206e+22,0.9602591299152937,0.5687578218821309
mpp,200.0,0.6387624798230601,9.826796321260428e-06,0.8933451201145843,2.6950758425944067e+17,2.3052455084196048e+17,1.5357919101745596e+22,1.4539235612545933e+22,0.9601726960279602,0.5694699786418028
mpp,200.0,0.6387624798230601,9.890733809883394e-06,0.8991576190803086,2.748114530357974e+17,2.258388822222734e+17,1.5357919101745596e+22,1.452402349398024e+22,0.9600896654876532,0.5702324408179328
mpp,200.0,0.6387624798230601,9.951560068788844e-06,0.904687278980804,2.813175852842691e+17,2.205167954644731e+17,1.5357919101745596e+22,1.4517503933614987e+22,0.9600114731617695,0.5710538730344226
mpp,200.0,0.6387624798230601,1.0009386499490995e-05,0.9099442272264542,2.8920761553130534e+17,2.14545735113456e+17,1.5357919101745596e+22,1.4520548082758793e+22,0.9599394518234412,0.5719426331135307
mpp,200.0,0.6387624798230601,1.0064324926170204e-05,0.9149386296518368,2.9868211020293306e+17,2.0792885900504992e+17,1.5357919101745596e+22,1.4533739780830334e+22,0.9598747745872835,0.572906573509542
mpp,200.0,0.6387624798230601,1.0116487000297136e-05,0.9196806363906487,3.099634063389414e+17,2.006862542659814e+17,1.5357919101745596e+22,1.455732073505327e+22,0.9598184079785129,0.5739528610959742
mpp,200.0,0.6387624798230601,1.0165983671194466e-05,0.9241803337449515,3.2329908587493523e+17,1.9285530857088627e+17,1.5357919101745596e+22,1.459114835657772e+22,0.9597710796047799,0.5750878241203123
mpp,200.0,0.6387624798230601,1.0212924719585172e-05,0.9284477017804702,3.389661007892685e+17,1.844901633854522e+17,1.5357919101745596e+22,1.4634668244180513e+22,0.9597332622915106,0.5763168329445265
mpp,200.0,0.6387624798230601,1.0257418350771382e-05,0.932492577342853,3.572755573217838e+17,1.7566025014860666e+17,1.5357919101745596e+22,1.4686902133516136e+22,0.9597051745061906,0.5776442186471494
mpp,200.0,0.6387624798230601,1.029957084380237e-05,0.9363246221638519,3.7857816598970214e+17,1.6644798998432662e+17,1.5357919101745596e+22,1.4746451157129236e+22,0.9596867952244454,0.5790732309271687
mpp,200.0,0.6387624798230601,1.03394862528089e-05,0.9399532957099002,4.032703669059471e+17,1.569458116751234e+17,1.5357919101745596e+22,1.4811513525978536e+22,0.9596778902345456,0.5806060342529223
mpp,200.0,0.6387624798230601,1.0377266156589495e-05,0.9433878324172269,4.318011452734031e+17,1.4725270064531133e+17,1.5357919101745596e+22,1.4879915234079355e+22,0.9596780462767195,0.5822437390322694
mpp,200.0,0.6387624798230601,1.0413009452518051e-05,0.9466372229561866,4.646795581485618e+17,1.3747052564540035e+17,1.5357919101745596e+22,1.4949152068507844e+22,0.9596867093243456,0.5839864628824449
mpp,200.0,0.6387624798230601,1.044681219088843e-05,0.9497101991716755,5.02482999028888e+17,1.2770039598554896e+17,1.5357919101745596e+22,1.50164410366267e+22,0.9597032236349927,0.5858334159280987
mpp,200.0,0.6387624798230601,1.0478767445908384e-05,0.9526152223553077,5.4586623005987616e+17,1.1803928151466422e+17,1.5357919101745596e+22,1.5078779262527406e+22,0.9597268688007743,0.5877830034722014
mpp,200.0,0.6387624798230601,1.0508965219691605e-05,0.9553604745174187,5.955712114178296e+17,1.085770851283334e+17,1.5357919101745596e+22,1.5133008424319454e+22,0.9597568927749647,0.5898329393301892
mpp,200.0,0.6387624798230601,1.0537492375763123e-05,0.9579538523421021,6.524377525965823e+17,9.939430112587008e+16,1.5357919101745596e+22,1.5175882878451993e+22,0.9597925396250657,0.5919803635132925
mpp,200.0,0.6387624798230601,1.0564432598781674e-05,0.9604029635256067,7.174149998666669e+17,9.056033089102373e+16,1.5357919101745596e+22,1.5204139727359786e+22,0.9598330714685916,0.5942219586851399
mpp,200.0,0.6387624798230601,1.0589866377385603e-05,0.9627151252168731,7.915737571254671e+17,8.213246814807898e+16,1.5357919101745596e+22,1.5214569217913197e+22,0.9598777846269703,0.5965540607776383
mpp,200.0,0.6387624798230601,1.0613871007280374e-05,0.9648973642982158,8.761196127009896e+17,7.415551562928251e+16,1.5357919101745596e+22,1.5204083997469208e+22,0.9599260204576245,0.598972760222264
mpp,200.0,0.6387624798230601,1.0636520611900908e-05,0.9669564192637189,9.724068114371049e+17,6.666195715668689e+16,1.5357919101745596e+22,1.5169785892207107e+22,0.9599771715936971,0.6014739913304014
mpp,200.0,0.6387624798230601,1.0657886178196438e-05,0.9688987434724035,1.0819527685826226e+18,5.96725852423639e+16,1.5357919101745596e+22,1.5109029000888673e+22,0.9600306844528522,0.6040536083621193
mpp,200.0,0.6387624798230601,1.0678035605296172e-05,0.9707305095723793,1.206453068723676e+18,5.319747366519004e+16,1.5357919101745596e+22,1.5019478010672089e+22,0.9600860588992792,0.6067074477023566
mpp,200.0,0.6387624798230601,1.0697033764018233e-05,0.9724576149107484,1.3477967284731866e+18,4.7237185007575544e+16,1.5357919101745596e+22,1.489916073757376e+22,0.9601428458878307,0.6094313762863702
mpp,200.0,0.6387624798230601,1.0714942565379982e-05,0.9740856877618166,1.508081425447506e+18,4.178411201264446e+16,1.5357919101745596e+22,1.4746513973809775e+22,0.9602006438156189,0.6122213269726061
mpp,200.0,0.6387624798230601,1.0731821036453796e-05,0.9756200942230724,1.6896283081766198e+18,3.682386588046899e+16,1.5357919101745596e+22,1.4560421791029266e+22,0.9602590941790341,0.6150733219570561
mpp,200.0,0.6387624798230601,1.07477254020873e-05,0.9770659456442999,1.894995902769436e+18,3.2336641559641404e+16,1.5357919101745596e+22,1.4340245510631507e+22,0.9603178770015933,0.6179834855756816
mpp,200.0,0.6387624798230601,1.0762709171170821e-05,0.9784281064700746,2.126992523951442e+18,2.8298507523855016e+16,1.5357919101745596e+22,1.4085844619153895e+22,0.9603767063728652,0.620948047973993
mpp,200.0,0.6387624798230601,1.077682322628674e-05,0.9797112023897037,2.38868648334076e+18,2.468258387895314e+16,1.5357919101745596e+22,1.379758798988197e+22,0.960435326328424,0.6239633411609524
mpp,200.0,0.6387624798230601,1.0790115915715747e-05,0.9809196287014316,2.683413270825668e+18,2.146008694168489e+16,1.5357919101745596e+22,1.3476354883027082e+22,0.9604935072087927,0.6270257889330934
mpp,200.0,0.6387624798230601,1.0802633146903754e-05,0.9820575588094322,3.014770892521424e+18,1.8604908659244508e+16,1.5357919101745596e+22,1.3126086274414457e+22,0.9605551695808975,0.6301318920765788
mpp,200.0,0.6387624798230601,1.0814418480610833e-05,0.9831289527828031,3.38663140914533e+18,1.6086980233362216e+16,1.5357919101745596e+22,1.2749579425727405e+22,0.9606219590315292,0.6332782092930318
mpp,200.0,0.6387624798230601,1.0825513225070368e-05,0.9841375659154881,3.803130136788195e+18,1.3875231821819496e+16,1.5357919101745596e+22,1.2349086511606547e+22,0.9606941102281477,0.6364613369273519
mpp,200.0,0.6387624798230601,1.0835956529583215e-05,0.9850869572348377,4.268647694844614e+18,1.1939738124247826e+16,1.5357919101745596e+22,1.1927200302438094e+22,0.9607718872289273,0.6396778877416422
mpp,200.0,0.6387624798230601,1.0845785477058698e-05,0.9859804979144271,4.787786366054083e+18,1.0252057127705636e+16,1.5357919101745596e+22,1.1486803185480195e+22,0.960855580311182,0.642924469299218
mpp,200.0,0.6387624798230601,1.0855035175092196e-05,0.986821379553836,5.365336893509115e+18,8785467543528087.0,1.5357919101745596e+22,1.1031009896203934e+22,0.9609455026584565,0.6461976628422301
mpp,200.0,0.6387624798230601,1.0863738845238655e-05,0.9876126222944233,6.006234745016959e+18,7515119867191777.0,1.5357919101745596e+22,1.0563105386905247e+22,0.9610419867990291,0.649494003434521
mpp,200.0,0.6387624798230601,1.0871927910203254e-05,0.9883570827457504,6.715505098097389e+18,6418115482594759.0,1.5357919101745596e+22,1.0086479473278517e+22,0.9611453806818996,0.6528099620425438
mpp,200.0,0.6387624798230601,1.087963207872503e-05,0.9890574617022755,7.498196118902751e+18,5473527229141962.0,1.5357919101745596e+22,9.604560068533266e+21,0.9612560432745836,0.65614193013881
mpp,200.0,0.6387624798230601,1.0886879427977617e-05,0.9897163116343288,8.359300529350946e+18,4662373562763700.0,1.5357919101745596e+22,9.120746921145736e+21,0.961374339570797,0.6594862073311305
mpp,200.0,0.6387624798230601,1.0893696483353328e-05,0.9903360439412118,9.303665975928017e+18,3967557024030911.0,1.5357919101745596e+22,8.638347802563214e+21,0.961500634906296,0.6628389924430584
mpp,200.0,0.6387624798230601,1.0900108295533774e-05,0.9909189359576158,1.033589531820924e+19,3373776285636437.5,1.5357919101745596e+22,8.160519034116865e+21,0.9616352884987804,0.6661963783929795
mpp,200.0,0.6387624798230601,1.090613851478213e-05,0.9914671377074664,1.146023862240467e+19,2867419659363278.5,1.5357919101745596e+22,7.690212094264413e+21,0.9617786461539186,0.6695543511380024
mpp,200.0,0.6387624798230601,1.0911809462419846e-05,0.9919826784018042,1.2680479340702579e+19,2436446643275359.5,1.5357919101745596e+22,7.230127810062722e+21,0.9619310321150906,0.6729087928617404
mpp,200.0,0.6387624798230601,1.091714219947416e-05,0.9924674726794691,1.3999817836012427e+19,2070262907500674.5,1.5357919101745596e+22,6.782679320544456e+21,0.9620927400798441,0.6762554894908063
mpp,200.0,0.6387624798230601,1.0922156592503055e-05,0.9929233265911869,1.542075602063988e+19,1759593061961180.2,1.5357919101745596e+22,6.349964621404595e+21,0.9622640234610705,0.6795901425230466
mpp,200.0,0.6387624798230601,1.0926871376621309e-05,0.9933519433292098,1.6944987358635414e+19,1496354622893145.2,1.5357919101745596e+22,5.933749082808686e+21,0.9624450850343864,0.6829083850421698
mpp,200.0,0.6387624798230601,1.0931304215765523e-05,0.9937549287059567,1.8573296777692557e+19,1273535792550164.8,1.5357919101745596e+22,5.535457901952842e+21,0.9626360661827875,0.6862058016806164
mpp,200.0,0.6387624798230601,1.0935471760247933e-05,0.9941337963861758,2.0305475097098396e+19,1085078980331167.0,1.5357919101745596e+22,5.156178037300003e+21,0.9628370360216696,0.6894779521787974
mpp,200.0,0.6387624798230601,1.0939389701658392e-05,0.9944899728780356,2.21402523669533e+19,925771414389878.9,1.5357919101745596e+22,4.796668799164941e+21,0.9630479807567921,0.6927203980784248
mpp,200.0,0.6387624798230601,1.0943072825181768e-05,0.9948248022892516,2.4075254013519217e+19,791143710623528.1,1.5357919101745596e+22,4.4573799643167536e+21,0.9632687936885985,0.6959287319856318
mpp,200.0,0.6387624798230601,1.0946535059404077e-05,0.9951395508549161,2.6106982903509787e+19,677376870860047.5,1.5357919101745596e+22,4.1384760574025196e+21,0.9634992663216813,0.6990986087512224
mpp,200.0,0.6387624798230601,1.0949789523685387e-05,0.9954354112441262,2.823082941063629e+19,581217864432291.5,1.5357919101745596e+22,3.839865308688271e+21,0.9637390810612647,0.7022257778458046
mpp,200.0,0.6387624798230601,1.0952848573180955e-05,0.9957135066528141,3.044111034980202e+19,499903697955864.06,1.5357919101745596e+22,3.561231757169414e+21,0.9639878059732767,0.7053061161611066
mpp,200.0,0.6387624798230601,1.0955723841594418e-05,0.9959748946904017,3.273113631841525e+19,431093688297622.94,1.5357919101745596e+22,3.3020690142580714e+21,0.9642448920465632,0.7083356604488816
mpp,200.0,0.6387624798230601,1.0958426281748313e-05,0.9962205710680284,3.5093305644713222e+19,372809515240398.25,1.5357919101745596e+22,3.061714323574771e+21,0.9645096733232632,0.7113106386173258
mpp,200.0,0.6387624798230601,1.0960966204057819e-05,0.9964514730961654,3.751922188785838e+19,323382535495459.1,1.5357919101745596e+22,2.839381729687725e+21,0.9647813701577862,0.7142274991421221
mpp,200.0,0.6387624798230601,1.0963353312993623e-05,0.9966684829994202,3.999983075654983e+19,281407781308123.78,1.5357919101745596e+22,2.6341933836982225e+21,0.9650590957311965,0.7170829379135297
mpp,200.0,0.6387624798230601,1.0965596741619176e-05,0.9968724310562888,4.252557148775566e+19,245704038291697.5,1.5357919101745596e+22,2.4452082466582613e+21,0.965341865794492,0.7198739219293192
mpp,200.0,0.6387624798230601,1.0967705084286636e-05,0.9970640985715125,4.508653720929097e+19,215279392253222.78,1.5357919101745596e+22,2.2714476851475314e+21,0.9656286114522745,0.7225977093511046
mpp,200.0,0.6387624798230601,1.0969686427574233e-05,0.9972442206885668,4.767263862230055e+19,189301648197258.75,1.5357919101745596e+22,2.1119176718415078e+21,0.9659181946402704,0.7252518655632376
mpp,200.0,0.6387624798230601,1.0971548379546137e-05,0.9974134890496489,5.027376547965467e+19,167073051618645.25,1.5357919101745596e+22,1.9656274966494047e+21,0.9662094258087919,0.7278342750026843
mpp,200.0,0.6387624798230601,1.0973298097413808e-05,0.9975725543103462,5.287994077056059e+19,148008778495594.8,1.5357919101745596e+22,1.8316050539011134e+21,0.9665010832109244,0.7303431486587906
mpp,200.0,0.6387624798230601,1.0974942313675674e-05,0.9977220285159705,5.548146319913166e+19,131618702600632.69,1.5357919101745596e+22,1.7089088950944428e+21,0.9667919331177341,0.7327770272677454
mpp,200.0,0.6387624798230601,1.0976487360809517e-05,0.9978624873463197,5.806903439508238e+19,117491994031029.17,1.5357919101745596e+22,1.5966373249930735e+21,0.9670807502482135,0.7351347803422962
mpp,200.0,0.6387624798230601,1.097793919458954e-05,0.9979944722354128,6.063386824752067e+19,105284148983202.02,1.5357919101745596e+22,1.4939348742251377e+21,0.9673663377101619,0.7374156012790286
mpp,200.0,0.6387624798230601,1.0979303416097527e-05,0.9981184923725025,6.316778073202319e+19,94706096063185.48,1.5357919101745596e+22,1.3999965083037404e+21,0.967647545796841,0.7396189988697439
mpp,200.0,0.6387624798230601,1.0980585292494814e-05,0.9982350265904376,6.5663259544510824e+19,85515067609160.33,1.5357919101745596e+22,1.314069936567535e+21,0.9679232890669921,0.7417447856088151
mpp,200.0,0.6387624798230601,1.0981789776619278e-05,0.9983445251472072,6.811351370839298e+19,77506964780089.61,1.5357919101745596e+22,1.2354563704492922e+21,0.9681925612440739,0.743793063233953
mpp,200.0,0.6387624798230601,1.0982921525468846e-05,0.9984474114062588,7.051250404814473e+19,70509982039177.7,1.5357919101745596e+22,1.1635100540379818e+21,0.968454447594714,0.7457642059643111
mpp,200.0,0.6387624798230601,1.0983984917630406e-05,0.998544083420946,7.28549559987938e+19,64379289898904.62,1.5357919101745596e+22,1.0976368557597251e+21,0.9687081345764573,0.747658841908512
mpp,200.0,0.6387624798230601,1.0984984069710465e-05,0.9986349154282241,7.513635664072671e+19,58992604357380.125,1.5357919101745596e+22,1.0372921720652406e+21,0.9689529166719748,0.7494778331082007
mpp,200.0,0.6387624798230601,1.0985922851821332e-05,0.9987202592564848,7.735293811508253e+19,54246497451712.75,1.5357919101745596e+22,9.819783552744513e+20,0.9691882004434772,0.7512222546625672
mpp,200.0,0.6387624798230601,1.0986804902174117e-05,0.9988004456521924,7.950164970342231e+19,50053325987636.05,1.5357919101745596e+22,9.312418404390046e+20,0.9694135059416674,0.7528933733486181
mpp,200.0,0.6387624798230601,1.0987633640827416e-05,0.9988757855297651,8.15801208622186e+19,46338675041326.44,1.5357919101745596e+22,8.846701116428959e+20,0.9696284656846942,0.7544926261135947
mpp,200.0,0.6387624798230601,1.0988412282638214e-05,0.9989465711489285,8.358661741522859e+19,43039229567080.02,1.5357919101745596e+22,8.418886175001921e+20,0.9698328214827755,0.7560215987724391
mpp,200.0,0.6387624798230601,1.098914384945923e-05,0.9990130772235664,8.551999294611743e+19,40101001690570.49,1.5357919101745596e+22,8.025577190569893e+20,0.9700264194236411,0.7574820051970143
mpp,200.0,0.6387624798230601,1.0989831181624756e-05,0.9990755619658869,8.73796372247594e+19,37477853324740.414,1.5357919101745596e+22,7.663697309381552e+20,0.9702092033541415,0.7588756672367335
mpp,200.0,0.6387624798230601,1.099047694876486e-05,0.9991342680695328,8.916542326173865e+19,35130263899877.9,1.5357919101745596e+22,7.330460981529406e+20,0.9703812071967566,0.7602044955643094
mpp,200.0,0.6387624798230601,1.0991083659985862e-05,0.9991894236350785,9.087765433696684e+19,33024301515584.0,1.5357919101745596e+22,7.023347361687289e+20,0.9705425464291663,0.7614704715966532
mpp,200.0,0.6387624798230601,1.0991653673452932e-05,0.9992412430411757,9.251701210126624e+19,31130762939542.074,1.5357919101745596e+22,6.740075502311384e+20,0.9706934090336437,0.7626756306004456
mpp,200.0,0.6387624798230601,1.0992189205408847e-05,0.9992899277644407,9.408450661513742e+19,29424453807047.703,1.5357919101745596e+22,6.478581409783356e+20,0.9708340461938443,0.7638220460554298
mpp,200.0,0.6387624798230601,1.099269233866112e-05,0.999335667151011,9.55814289757329e+19,27883585303240.715,1.5357919101745596e+22,6.236996967614421e+20,0.9709647629823851,0.7649118153161797
mpp,200.0,0.6387624798230601,1.0993165030567958e-05,0.9993786391425417,9.70093069915022e+19,26489267696836.055,1.5357919101745596e+22,6.013630682741952e+20,0.9710859092458446,0.7659470465852543
mpp,200.0,0.6387624798230601,1.0993609120551912e-05,0.9994190109592647,9.836986420123057e+19,25225084478188.79,1.5357919101745596e+22,5.806950177914971e+20,0.9711978708565316,0.766929847187196
mpp,200.0,0.6387624798230601,1.0994026337168478e-05,0.999456939742589,9.966498239548301e+19,24076733653128.098,1.5357919101745596e+22,5.6155663315818414e+20,0.9713010614641164,0.7678623131135456
mpp,200.0,0.6387624798230601,1.0994418304755431e-05,0.9994925731595847,1.0089666768629829e+20,23031725056538.58,1.5357919101745596e+22,5.43821895417866e+20,0.9713959148461732,0.7687465197936162
mpp,200.0,0.6387624798230601,1.0994786549687217e-05,0.9995260499715652,1.0206702008210309e+20,22079124458901.117,1.5357919101745596e+22,5.2737638837916244e+20,0.9714828779257071,0.7695845140339793
mpp,200.0,0.6387624798230601,1.0995132506257437e-05,0.999557500568858,1.0317820645602897e+20,21209336815636.676,1.5357919101745596e+22,5.121161383217136e+20,0.9715624044962833,0.7703783070609007
mpp,200.0,0.6387624798230601,1.099545752221112e-05,0.9995870474737383,1.0423243674619355e+20,20413922310184.832,1.5357919101745596e+22,4.9794657229214784e+20,0.9716349496717067,0.7711298685940542
mpp,200.0,0.6387624798230601,1.0995762863947264e-05,0.9996148058133876,1.052319431914139e+20,19685439916300.97,1.5357919101745596e+22,4.847815839262553e+20,0.9717009650573536,0.7718411218762069
mpp,200.0,0.6387624798230601,1.0996049721411005e-05,0.9996408837646369,1.0617896238469857e+20,19017314092309.08,1.5357919101745596e+22,4.7254269636809386e+20,0.9717608946241252,0.7725139395821427
mpp,200.0,0.6387624798230601,1.0996319212693658e-05,0.9996653829721508,1.0707571991457536e+20,18403720953692.125,1.5357919101745596e+22,4.611583125797738e+20,0.9718151712533089,0.7731501405299289
mpp,200.0,0.6387624798230601,1.0996572388357787e-05,0.999688398941617,1.079244173616037e+20,17839490876824.332,1.5357919101745596e+22,4.5056304409499894e+20,0.9718642139111424,0.7737514871191411
mpp,200.0,0.6387624798230601,1.0996810235503576e-05,0.999710021409416,1.0872722142018547e+20,17320024988907.377,1.5357919101745596e+22,4.406971100370656e+20,0.9719084254052002,0.7743196834229823
mpp,200.0,0.6387624798230601,1.0997033681591765e-05,0.9997303346901605,1.0948625492350955e+20,16841223415261.19,1.5357919101745596e+22,4.3150579896984915e+20,0.9719481906704932,0.7748563738643802
mpp,200.0,0.6387624798230601,1.0997243598037532e-05,0.9997494180034121,1.1020358956064316e+20,16399423500357.744,1.5357919101745596e+22,4.229389868660676e+20,0.9719838755310343,0.7753631424098206
mpp,200.0,0.6387624798230601,1.099744080358895e-05,0.9997673457808136,1.108812400868833e+20,15991346505721.81,1.5357919101745596e+22,4.1495070514369606e+20,0.972015825882218,0.775841512218883
mpp,200.0,0.6387624798230601,1.0997626067502723e-05,0.999784187954793,1.1152115984492498e+20,15614051526432.742,1.5357919101745596e+22,4.074987533544361e+20,0.972044367240327,0.776292945691529
mpp,200.0,0.6387624798230601,1.0997800112529352e-05,0.9998000102299411,1.1212523742698562e+20,15264895566423.496,1.5357919101745596e+22,4.005443516647309e+20,0.972069804607569,0.7767188448599125
mpp,200.0,0.6387624798230601,1.0997963617718971e-05,0.9998148743380884,1.1269529432525914e+20,14941498878808.715,1.5357919101745596e+22,3.9405182880712996e+20,0.9720924226038972,0.7771205520755456
mpp,200.0,0.6387624798230601,1.0998117221058578e-05,0.9998288382780526,1.1323308343176698e+20,14641714815664.85,1.5357919101745596e+22,3.8798834164015156e+20,0.9721124858203393,0.777499350947238
mpp,200.0,0.6387624798230601,1.0998261521950722e-05,0.9998419565409749,1.1374028826310846e+20,14363603547648.213,1.5357919101745596e+22,3.823236228832542e+20,0.9721302393523701,0.7778564674893425
mpp,200.0,0.6387624798230601,1.099839708354309e-05,0.9998542803220991,1.1421852279921746e+20,14105409111004.012,1.5357919101745596e+22,3.770297539767971e+20,0.9721459094758698,0.7781930714437683
mpp,200.0,0.6387624798230601,1.0998524434917892e-05,0.9998658577198084,1.1466933183777746e+20,13865539320934.611,1.5357919101745596e+22,3.7208096035470855e+20,0.9721597044322811,0.7785102777431486
mpp,200.0,0.6387624798230601,1.0998644073149468e-05,0.9998767339226788,1.1509419177742513e+20,13642548158931.033,1.5357919101745596e+22,3.674534267230356e+20,0.9721718152935784,0.778809148086026
mpp,200.0,0.6387624798230601,1.0998756465237942e-05,0.9998869513852675,1.1549451175353729e+20,13435120299416.834,1.5357919101745596e+22,3.6312513020787104e+20,0.9721824168815296,0.779090692598241
mpp,200.0,0.6387624798230601,1.0998862049926409e-05,0.9998965499933099,1.1587163506010341e+20,13242057489763.896,1.5357919101745596e+22,3.590756894758671e+20,0.9721916687193658,0.7793558715578119
mpp,200.0,0.6387624798230601,1.0998961239408573e-05,0.9999055672189612,1.1622684079972844e+20,13062266538955.566,1.5357919101745596e+22,3.5528622814348044e+20,0.9721997159973887,0.779605597163386
mpp,200.0,0.6387624798230601,1.099905442093346e-05,0.9999140382666782,1.165613457116665e+20,12894748705072.486,1.5357919101745596e+22,3.5173925098057905e+20,0.9722066905371375,0.7798407353289161
mpp,200.0,0.6387624798230601,1.0999141958313349e-05,0.9999219962103045,1.1687630613488022e+20,12738590301332.4,1.5357919101745596e+22,3.4841853158053544e+20,0.9722127117415672,0.7800621074895756
mpp,200.0,0.6387624798230601,1.0999224193340739e-05,0.9999294721218854,1.1717282006932788e+20,12592954365570.648,1.5357919101745596e+22,3.4530901031726377e+20,0.9722178875211941,0.7802704924060139
mpp,200.0,0.6387624798230601,1.0999301447119812e-05,0.9999364951927101,1.1745192930326959e+20,12457073259519.871,1.5357919101745596e+22,3.4239670153977476e+20,0.9722223151883864,0.7804666279559526
mpp,200.0,0.6387624798230601,1.0999374021317546e-05,0.9999430928470496,1.177146215809076e+20,12330242082336.998,1.5357919101745596e+22,3.3966860907146e+20,0.9722260823139123,0.780651212903923
mpp,200.0,0.6387624798230601,1.0999442199339309e-05,0.9999492908490282,1.1796183278722826e+20,12211812798578.943,1.5357919101745596e+22,3.37112649183076e+20,0.972229267541518,0.7808249086413271
mpp,200.0,0.6387624798230601,1.0999506247433445e-05,0.9999551134030404,1.1819444913121193e+20,12101188994106.756,1.5357919101745596e+22,3.347175802995513e+20,0.9722319413577335,0.780988340890431
mpp,200.0,0.6387624798230601,1.0999566415729164e-05,0.9999605832481058,1.1841330931247114e+20,11997821184737.346,1.5357919101745596e+22,3.3247293878021856e+20,0.9722341668152853,0.7811421013671489
mpp,200.0,0.6387624798230601,1.0999622939211742e-05,0.9999657217465221,1.1861920665766583e+20,11901202612431.271,1.5357919101745596e+22,3.30368980183106e+20,0.9722360002094877,0.7812867493984222
mpp,200.0,0.6387624798230601,1.0999676038638799e-05,0.9999705489671635,1.1881289121700464e+20,11810865472115.904,1.5357919101745596e+22,3.283966254879632e+20,0.9722374917077783,0.7814228134909862
mpp,200.0,0.6387624798230601,1.0999725921401199e-05,0.9999750837637453,1.1899507181229508e+20,11726377519540.264,1.5357919101745596e+22,3.265474118064022e+20,0.9722386859332133,0.7815507928491402
mpp,200.0,0.6387624798230601,1.099977278233193e-05,0.9999793438483573,1.1916641802959905e+20,11647339016901.66,1.5357919101745596e+22,3.248134471586595e+20,0.9722396225032314,0.7816711588397508
mpp,200.0,0.6387624798230601,1.0999816804466099e-05,0.9999833458605545,1.193275621525447e+20,11573379978213.418,1.5357919101745596e+22,3.2318736893926113e+20,0.9722403365253773,0.7817843564034805
mpp,200.0,0.6387624798230601,1.0999858159754965e-05,0.9999871054322695,1.1947910103135599e+20,11504157681312.197,1.5357919101745596e+22,3.216623057330527e+20,0.9722408590519575,0.7818908054115544
mpp,200.0,0.6387624798230601,1.0999897009736801e-05,0.9999906372488001,1.1962159788578077e+20,11439354417281.182,1.5357919101745596e+22,3.2023184217823674e+20,0.9722412174957801,0.7819909019679673
mpp,200.0,0.6387624798230601,1.0999933506167206e-05,0.9999939551061097,1.197555840403599e+20,11378675451612.533,1.5357919101745596e+22,3.188899866024703e+20,0.9722414360092597,0.7820850196574052
mpp,200.0,0.6387624798230601,1.0999967791611283e-05,0.999997071964662,1.198815605905652e+20,11321847174603.22,1.5357919101745596e+22,3.1763114118649794e+20,0.9722415358292196,0.782173510739372
mpp,200.0,0.6387624798230601,1.1e-05,1.0,1.2e+20,11268615421037.443,1.5357919101745596e+22,3.164500744339321e+20,0.9722415355897367,0.782256707289369
