condition,T_K,V_V,x_cm,x_fraction,n_cm3,p_cm3,G_cm3s,R_cm3s,QFLS_eV,phi_V
sc,100.0,0,0.0,0.0,9.571283031055227e+16,1.2e+20,1.5357919101745596e+22,1.3550404436506588e+22,1.212728267229883,0.0
sc,100.0,0,1.5852610367572685e-11,1.4411463970520622e-06,9.595093208055574e+16,1.1994584912277512e+20,1.5357919101745596e+22,1.3577983417077826e+22,1.2127284309131763,4.292776957011189e-05
sc,100.0,0,3.2208388717036575e-11,2.9280353379124158e-06,9.619362487941445e+16,1.1988999772272561e+20,1.5357919101745596e+22,1.3605988368785722e+22,1.2127279775898148,8.720176234033498e-05
sc,100.0,0,4.9083304228147994e-11,4.462118566195272e-06,9.644091415634517e+16,1.1983239305631172e+20,1.5357919101745596e+22,1.363441169266783e+22,1.21272686125221,0.00013286365934922026
sc,100.0,0,6.649383279366816e-11,6.044893890333469e-06,9.669280055699757e+16,1.1977298078964136e+20,1.5357919101745596e+22,1.3663244810084176e+22,1.212725033709636,0.00017995639764158375
sc,100.0,0,8.44569730995004e-11,7.677906645409127e-06,9.694927974359973e+16,1.1971170495369e+20,1.5357919101745596e+22,1.369247812854804e+22,1.2127224445326579,0.00022852420591341682
sc,100.0,0,1.0299026319943172e-10,9.362751199948338e-06,9.721034222492526e+16,1.1964850789854624e+20,1.5357919101745596e+22,1.372210100885504e+22,1.2127190409993753,0.0002786126409814895
sc,100.0,0,1.2211179762539047e-10,1.1101072511399135e-05,9.747597319834448e+16,1.1958333024658024e+20,1.5357919101745596e+22,1.3752101733826852e+22,1.212714768043783,0.00033026862515576146
sc,100.0,0,1.418402450356626e-10,1.2894567730514783e-05,9.774615240582368e+16,1.1951611084458826e+20,1.5357919101745596e+22,1.3782467478944892e+22,1.212709568206563,0.0003835404844866283
sc,100.0,0,1.6219486642243818e-10,1.474498785658529e-05,9.802085400617451e+16,1.1944678671490112e+20,1.5357919101745596e+22,1.3813184285202115e+22,1.212703381588638,0.00043847798790811403
sc,100.0,0,1.8319553390006016e-10,1.6654139445460014e-05,9.830004646586282e+16,1.193752930054278e+20,1.5357919101745596e+22,1.3844237034503537e+22,1.2126961458078207,0.0004951323872958272
sc,100.0,0,2.0486275007947086e-10,1.8623886370860987e-05,9.858369247072917e+16,1.193015629386852e+20,1.5357919101745596e+22,1.3875609427951388e+22,1.2126877959589113,0.0005535564584132779
sc,100.0,0,2.2721766807037856e-10,2.065615164276169e-05,9.88717488614249e+16,1.1922552775975164e+20,1.5357919101745596e+22,1.3907283967409436e+22,1.212678264577586,0.0006138045428148286
sc,100.0,0,2.5028211210015303e-10,2.2752919281832096e-05,9.916416659488534e+16,1.1914711668323497e+20,1.5357919101745596e+22,1.3939241940680146e+22,1.2126674816084528,0.0006759325906292166
sc,100.0,0,2.7407859880196337e-10,2.4916236254723945e-05,9.94608907350226e+16,1.1906625683915624e+20,1.5357919101745596e+22,1.3971463410730972e+22,1.212655374377619,0.0007399982043160178
sc,100.0,0,2.986303591691053e-10,2.7148214469918663e-05,9.976186047520288e+16,1.1898287321786044e+20,1.5357919101745596e+22,1.4003927209336264e+22,1.2126418675701487,0.000806060683334581
sc,100.0,0,3.239613612005532e-10,2.9451032836413926e-05,1.000670091955029e+17,1.1889688861392547e+20,1.5357919101745596e+22,1.4036610935544846e+22,1.212626883212769,0.0008741810697375845
sc,100.0,0,3.5009633327559573e-10,3.182693938869052e-05,1.0037626455792928e+17,1.1880822356905212e+20,1.5357919101745596e+22,1.4069490959405447e+22,1.2126103406621789,0.0009444221947324299
sc,100.0,0,3.770607882569443e-10,3.427825347790403e-05,1.0068954864237789e+17,1.187167963140422e+20,1.5357919101745596e+22,1.4102542431335016e+22,1.2125921565993183,0.001016848726146648
sc,100.0,0,4.048810483650578e-10,3.680736803318707e-05,1.0100677812659117e+17,1.186225227097923e+20,1.5357919101745596e+22,1.4135739297557471e+22,1.2125722450299334,0.0010915272168463789
sc,100.0,0,4.335842708358961e-10,3.9416751894172375e-05,1.0132786451303882e+17,1.1852531618741812e+20,1.5357919101745596e+22,1.4169054322007923e+22,1.2125505172917659,0.0011685261540709088
sc,100.0,0,4.631984743932449e-10,4.210895221756772e-05,1.0165271440577854e+17,1.1842508768747928e+20,1.5357919101745596e+22,1.4202459115093305e+22,1.212526882068668,0.0012479160096929402
sc,100.0,0,4.937525665545395e-10,4.488659695950359e-05,1.0198122984018562e+17,1.1832174559839737e+20,1.5357919101745596e+22,1.4235924169684425e+22,1.2125012454119402,0.0013297692913770663
sc,100.0,0,5.252763718117115e-10,4.775239743742832e-05,1.0231330866850539e+17,1.1821519569404648e+20,1.5357919101745596e+22,1.4269418904700506e+22,1.2124735107691207,0.0014141605946648163
sc,100.0,0,5.578006606901109e-10,5.0709150971828265e-05,1.026488450036839e+17,1.1810534107064792e+20,1.5357919101745596e+22,1.4302911716587433e+22,1.2124435790204864,0.0015011666559065992
sc,100.0,0,5.91357179736185e-10,5.375974361238045e-05,1.0298772972421528e+17,1.1799208208296167e+20,1.5357919101745596e+22,1.4336370039004886e+22,1.2124113485234236,0.0015908664060833237
sc,100.0,0,6.259786824534542e-10,5.690715295031401e-05,1.0332985104215525e+17,1.1787531627985173e+20,1.5357919101745596e+22,1.4369760410955883e+22,1.2123767151648177,0.0016833410254714794
sc,100.0,0,6.61698961216095e-10,6.0154451019645006e-05,1.036750951363219e+17,1.17754938339318e+20,1.5357919101745596e+22,1.4403048553560316e+22,1.2123395724215682,0.0017786739991258827
sc,100.0,0,6.985528801894402e-10,6.350480728994912e-05,1.0402334685233474e+17,1.1763084000306248e+20,1.5357919101745596e+22,1.4436199455613994e+22,1.21229981142926,0.0018769511731482062
sc,100.0,0,7.365764092976956e-10,6.696149175433597e-05,1.043744904708694e+17,1.1750291001065482e+20,1.5357919101745596e+22,1.4469177468018678e+22,1.212257321058976,0.001978260811732269
sc,100.0,0,7.758066592602475e-10,7.052787811456795e-05,1.0472841054490429e+17,1.1737103403343952e+20,1.5357919101745596e+22,1.4501946407083051e+22,1.2122119880021733,0.002082693654919768
sc,100.0,0,8.162819177441882e-10,7.420744706765348e-05,1.0508499280649845e+17,1.172350946082192e+20,1.5357919101745596e+22,1.4534469666633245e+22,1.2121636968634588,0.002190342977062998
sc,100.0,0,8.580416866495465e-10,7.800378969541333e-05,1.0544412514276197e+17,1.1709497107093035e+20,1.5357919101745596e+22,1.4566710338759535e+22,1.2121123302610555,0.00230130464590061
sc,100.0,0,9.011267205821794e-10,8.19206109620163e-05,1.0580569864055776e+17,1.169505394903332e+20,1.5357919101745596e+22,1.4598631342966525e+22,1.2120577689346315,0.002415677182246988
sc,100.0,0,9.455790665399698e-10,8.596173332181545e-05,1.0616960869840704e+17,1.1680167260192091e+20,1.5357919101745596e+22,1.4630195563356146e+22,1.211999891860106,0.002533561820209406
sc,100.0,0,9.914421048550782e-10,9.013110044137074e-05,1.0653575620368282e+17,1.1664823974218279e+20,1.5357919101745596e+22,1.4661365993393478e+22,1.2119385763709474,0.002655062567883903
sc,100.0,0,1.0387605914276564e-09,9.443278103887787e-05,1.069040487723145e+17,1.1649010678338036e+20,1.5357919101745596e+22,1.469210588767545e+22,1.2118736982853877,0.002780286268452099
sc,100.0,0,1.0875807012974414e-09,9.887097284522195e-05,1.072744020475368e+17,1.1632713606901758e+20,1.5357919101745596e+22,1.4722378920010472e+22,1.211805132038879,0.0029093426616206793
sc,100.0,0,1.1379500735910763e-09,0.00010345000669009785,1.0764674105343413e+17,1.1615918635020996e+20,1.5357919101745596e+22,1.475214934700286e+22,1.2117327508210152,0.003042344445312386
sc,100.0,0,1.1899178578885228e-09,0.00010817435071713843,1.0802100159816293e+17,1.1598611272315514e+20,1.5357919101745596e+22,1.4781382176194802e+22,1.2116564267160619,0.0031794073375213177
sc,100.0,0,1.243534762056797e-09,0.0001130486147324361,1.0839713172101749e+17,1.1580776656792855e+20,1.5357919101745596e+22,1.4810043337715646e+22,1.2115760308461108,0.0033206501382470046
sc,100.0,0,1.2988531015943882e-09,0.00011807755469039893,1.0877509317662674e+17,1.156239954888634e+20,1.5357919101745596e+22,1.4838099858252578e+22,1.2114914335158051,0.0034661947913970834
sc,100.0,0,1.3559268505321519e-09,0.00012326607732110473,1.0915486294875352e+17,1.1543464325678663e+20,1.5357919101745596e+22,1.486552003604094e+22,1.2114025043574792,0.0036161664465425942
sc,100.0,0,1.4148116939419752e-09,0.00012861924490381593,1.0953643478547331e+17,1.1523954975339322e+20,1.5357919101745596e+22,1.4892273615464909e+22,1.211309112475466,0.003770693520411553
sc,100.0,0,1.475565082107555e-09,0.0001341422801915959,1.0991982074673653e+17,1.1503855091805925e+20,1.5357919101745596e+22,1.4918331959749374e+22,1.2112111265882433,0.0039299077580009145
sc,100.0,0,1.5382462863975932e-09,0.0001398405714906903,1.1030505275461066e+17,1.148314786974702e+20,1.5357919101745596e+22,1.4943668220131554e+22,1.2111084151670488,0.004093944293136178
sc,100.0,0,1.602916456910408e-09,0.0001457196779009462,1.1069218413603667e+17,1.146181609983788e+20,1.5357919101745596e+22,1.4968257499825332e+22,1.2110008465694841,0.004262941708368467
sc,100.0,0,1.6696386819333165e-09,0.00015178533472121059,1.1108129114731376e+17,1.1439842164392215e+20,1.5357919101745596e+22,1.4992077011021174e+22,1.210888289166641,0.004437042094016267
sc,100.0,0,1.738478049276626e-09,0.00015804345902514783,1.1147247446925e+17,1.1417208033391036e+20,1.5357919101745596e+22,1.5015106223128525e+22,1.2107706114622239,0.004616391106186329
sc,100.0,0,1.8095017095494103e-09,0.00016450015541358276,1.1186586066168891e+17,1.1393895260951092e+20,1.5357919101745596e+22,1.5037327000439842e+22,1.2106476822021344,0.004801138023610509
sc,100.0,0,1.8827789414216367e-09,0.00017116172194742152,1.122616035659591e+17,1.136988498228668e+20,1.5357919101745596e+22,1.505872372739859e+22,1.2105193704730328,0.004991435803059113
sc,100.0,0,1.958381218950811e-09,0.00017803465626825554,1.1265988564405909e+17,1.1345157911211734e+20,1.5357919101745596e+22,1.5079283419691686e+22,1.2103855457883919,0.005187441133160786
sc,100.0,0,2.0363822810287035e-09,0.00018512566191170032,1.130609192435337e+17,1.1319694338240761e+20,1.5357919101745596e+22,1.5098995819433947e+22,1.2102460781606494,0.005389314486381303
sc,100.0,0,2.1168582030189895e-09,0.00019244165481990816,1.1346494777763046e+17,1.1293474129346934e+20,1.5357919101745596e+22,1.5117853472814883e+22,1.210100838158162,0.005597220168933863
sc,100.0,0,2.199887470647477e-09,0.00019998977005886154,1.138722468109598e+17,1.1266476725443004e+20,1.5357919101745596e+22,1.51358517886934e+22,1.2099496969457884,0.0058113263683495986
sc,100.0,0,2.285551056227353e-09,0.00020777736874794117,1.1428312504192342e+17,1.123868114264929e+20,1.5357919101745596e+22,1.5152989076784562e+22,1.2097925263080758,0.006031805198469728
sc,100.0,0,2.3739324972774643e-09,0.00021581204520704222,1.1469792517430365e+17,1.1210065973426058e+20,1.5357919101745596e+22,1.5169266564275196e+22,1.2096291986542484,0.006258832741536107
sc,100.0,0,2.4651179776252194e-09,0.00022410163432956542,1.151170246719124e+17,1.1180609388642812e+20,1.5357919101745596e+22,1.518468838992403e+22,1.2094595870043705,0.006492589087121182
sc,100.0,0,2.5591964110509015e-09,0.00023265421918644558,1.1554083639170904e+17,1.1150289140671906e+20,1.5357919101745596e+22,1.5199261574950608e+22,1.2092835649563864,0.006733258367525789
sc,100.0,0,2.656259527577809e-09,0.0002414781388707099,1.1596980909292232e+17,1.1119082567586431e+20,1.5357919101745596e+22,1.5212995970310322e+22,1.2091010066339285,0.00698102878937185
sc,100.0,0,2.756401962466237e-09,0.00025058199658783975,1.1640442782150966e+17,1.1086966598564287e+20,1.5357919101745596e+22,1.5225904180251301e+22,1.2089117866152046,0.007236092660973597
sc,100.0,0,2.8597213480120453e-09,0.00025997466800109503,1.1684521417174677e+17,1.1053917760587504e+20,1.5357919101745596e+22,1.5238001462368956e+22,1.2087157798435273,0.007498646415155556
sc,100.0,0,2.9663184082353023e-09,0.00026966530983957293,1.1729272642910448e+17,1.1019912186545965e+20,1.5357919101745596e+22,1.5249305604740407e+22,1.2085128615204448,0.007768890627120614
sc,100.0,0,3.0762970565353374e-09,0.0002796633687759398,1.1774755960096602e+17,1.098492562485415e+20,1.5357919101745596e+22,1.525983678103997e+22,1.208302906982821,0.008047030026922322
sc,100.0,0,3.189764496423941e-09,0.00028997859058399467,1.1821034534456853e+17,1.0948933450695175e+20,1.5357919101745596e+22,1.5269617384927722e+22,1.208085791565538,0.008333273506158936
sc,100.0,0,3.306831325422199e-09,0.0003006210295838363,1.1868175180394424e+17,1.0911910679011821e+20,1.5357919101745596e+22,1.5278671845318673e+22,1.2078613904519129,0.008627834118412675
sc,100.0,0,3.427611642213779e-09,0.00031160105838307084,1.191624833703484e+17,1.0873831979377007e+20,1.5357919101745596e+22,1.5287026424506898e+22,1.2076295785142968,0.008930929072949194
sc,100.0,0,3.552223157170686e-09,0.00032292937792460785,1.1965328038315987e+17,1.0834671692871062e+20,1.5357919101745596e+22,1.5294709001409475e+22,1.2073902301476256,0.009242779721222812
sc,100.0,0,3.680787306341249e-09,0.00033461702784920444,1.2015491879055429e+17,1.0794403851108807e+20,1.5357919101745596e+22,1.530174884249619e+22,1.2071432190990792,0.009563611535638927
sc,100.0,0,3.813429369018795e-09,0.0003466753971835268,1.206682097915232e+17,1.0753002197559271e+20,1.5357919101745596e+22,1.530817636321221e+22,1.2068884182972417,0.00989365408006913
sc,100.0,0,3.950278588993605e-09,0.00035911623536305504,1.2119399948263077e+17,1.0710440211310756e+20,1.5357919101745596e+22,1.5314022882900946e+22,1.206625699684443,0.010233140971546572
sc,100.0,0,4.091468299609047e-09,0.00037195166360082244,1.2173316853458669e+17,1.066669113343529e+20,1.5357919101745596e+22,1.5319320376380611e+22,1.2063549340561097,0.010582309832587001
sc,100.0,0,4.2371360527360675e-09,0.0003851941866123698,1.2228663192498976e+17,1.0621727996114756e+20,1.5357919101745596e+22,1.5324101225424295e+22,1.2060759909111187,0.01094140223353632
sc,100.0,0,4.387423751783914e-09,0.0003988567047076286,1.2285533875440106e+17,1.0575523654695759e+20,1.5357919101745596e+22,1.532839797340473e+22,1.20578873831719,0.01131066362432755
sc,100.0,0,4.5424777888789516e-09,0.00041295252626172285,1.2344027217346661e+17,1.0528050822841133e+20,1.5357919101745596e+22,1.5332243086332215e+22,1.2054930427953352,0.011690343255038088
sc,100.0,0,4.702449186337998e-09,0.00042749538057618164,1.2404244944876677e+17,1.047928211095246e+20,1.5357919101745596e+22,1.533566872339926e+22,1.205188769227302,0.012080694084598498
sc,100.0,0,4.8674937425619564e-09,0.0004424994311419961,1.2466292219464486e+17,1.0429190068042382e+20,1.5357919101745596e+22,1.5338706519968224e+22,1.2048757807897963,0.01248197267697799
sc,100.0,0,5.03777218249446e-09,0.0004579792893176782,1.2530277679742614e+17,1.0377747227233231e+20,1.5357919101745596e+22,1.5341387385690256e+22,1.2045539389190023,0.012894439084194442
sc,100.0,0,5.213450312782919e-09,0.0004739500284348108,1.2596313505715894e+17,1.0324926155061204e+20,1.5357919101745596e+22,1.5343741320143133e+22,1.2042231033086204,0.013318356715456474
sc,100.0,0,5.394699181784867e-09,0.0004904271983440789,1.266451550703231e+17,1.0270699504767633e+20,1.5357919101745596e+22,1.5345797248020319e+22,1.2038831319442733,0.01375399219173824
sc,100.0,0,5.581695244568585e-09,0.0005074268404153259,1.2735003237498373e+17,1.0215040073755094e+20,1.5357919101745596e+22,1.5347582875498818e+22,1.2035338811766878,0.014201615185083928
sc,100.0,0,5.7746205330643226e-09,0.0005249655030058475,1.280790013775873e+17,1.0157920865381523e+20,1.5357919101745596e+22,1.5349124568975789e+22,1.2031752058355736,0.014661498241940482
sc,100.0,0,5.973662831521231e-09,0.000543060257411021,1.2883333707817626e+17,1.009931515526496e+20,1.5357919101745596e+22,1.535044725691535e+22,1.2028069593856263,0.015133916589800525
sc,100.0,0,6.179015857431192e-09,0.0005617287143119265,1.2961435710820678e+17,1.0039196562263146e+20,1.5357919101745596e+22,1.5351574355075643e+22,1.2024289941255386,0.01561914792644181
sc,100.0,0,6.390879448088693e-09,0.0005809890407353357,1.3042342409253987e+17,9.977539124281645e+19,1.5357919101745596e+22,1.5352527714913356e+22,1.20204116143036,0.016117472191061164
sc,100.0,0,6.609459752962621e-09,0.0006008599775420564,1.3126194834480107e+17,9.914317379055278e+19,1.5357919101745596e+22,1.5353327594543392e+22,1.2016433120370256,0.016629171316613255
sc,100.0,0,6.83496943204237e-09,0.0006213608574583973,1.3213139090270741e+17,9.849506450037501e+19,1.5357919101745596e+22,1.5353992651184225e+22,1.2012352963723807,0.017154528962633652
sc,100.0,0,7.067627860364078e-09,0.0006425116236694617,1.3303326690818021e+17,9.78308213750556e+19,1.5357919101745596e+22,1.5354539953673392e+22,1.2008169649225184,0.017693830227932725
sc,100.0,0,7.30766133887939e-09,0.0006643328489890354,1.3396914933499342e+17,9.715021014984245e+19,1.5357919101745596e+22,1.5354985013293374e+22,1.2003881686418898,0.01824736134245524
sc,100.0,0,7.555303311878037e-09,0.0006868457556252761,1.3494067306559451e+17,9.645300531055432e+19,1.5357919101745596e+22,1.5355341830902547e+22,1.1999487594002254,0.018815409337730335
sc,100.0,0,7.810794591152303e-09,0.0007100722355593003,1.3594953931766131e+17,9.57389911660304e+19,1.5357919101745596e+22,1.5355622958150428e+22,1.1994985904650521,0.019398261695303426
sc,100.0,0,8.074383587114653e-09,0.0007340348715558775,1.3699752042071134e+17,9.500796297508417e+19,1.5357919101745596e+22,1.5355839570448025e+22,1.1990375170173344,0.019996205972622957
sc,100.0,0,8.346326547068184e-09,0.0007587569588243803,1.3808646494309291e+17,9.425972812779417e+19,1.5357919101745596e+22,1.5356001549285725e+22,1.1985653966976428,0.020609529405862196
sc,100.0,0,8.62688780086257e-09,0.0007842625273511428,1.3921830317047339e+17,9.349410738055528e+19,1.5357919101745596e+22,1.5356117571511104e+22,1.198082090180112,0.021238518489272808
sc,100.0,0,8.916340014136991e-09,0.0008105763649215447,1.4039505293803467e+17,9.271093614392214e+19,1.5357919101745596e+22,1.535619520324717e+22,1.1975874617714999,0.021883458530644675
sc,100.0,0,9.214964449395513e-09,0.0008377240408541375,1.4161882582038086e+17,9.191006582176401e+19,1.5357919101745596e+22,1.5356240996261157e+22,1.1970813800326194,0.02254463318260275
sc,100.0,0,9.523051235139635e-09,0.0008657319304672395,1.4289183368525301e+17,9.109136519973922e+19,1.5357919101745596e+22,1.5356260584767646e+22,1.1965637184195403,0.023222323949489115
sc,100.0,0,9.840899643304701e-09,0.0008946272403004274,1.442163956197337e+17,9.025472188052205e+19,1.5357919101745596e+22,1.5356258780869103e+22,1.196034355942052,0.023916809669701382
sc,100.0,0,1.0168818375244415e-08,0.0009244380341131286,1.455949452405446e+17,8.940004376259538e+19,1.5357919101745596e+22,1.5356239667080422e+22,1.195493177837035,0.024628365973434766
sc,100.0,0,1.050712585652297e-08,0.0009551932596839063,1.4703003840315427e+17,8.852726055872671e+19,1.5357919101745596e+22,1.5356206684643036e+22,1.1949400762545215,0.02535726471590011
sc,100.0,0,1.0856150540770048e-08,0.0009869227764336408,1.4852436132788464e+17,8.763632534954987e+19,1.5357919101745596e+22,1.5356162716606885e+22,1.194374950954409,0.026103773386181094
sc,100.0,0,1.1216231222873463e-08,0.0010196573838975875,1.5008073916461494e+17,8.672721616687443e+19,1.5357919101745596e+22,1.5356110164919973e+22,1.1937977100119024,0.026868154492045826
sc,100.0,0,1.1587717361786653e-08,0.001053428851071514,1.517021450213227e+17,8.579993760052485e+19,1.5357919101745596e+22,1.5356051021016966e+22,1.1932082705299,0.02765066492115183
sc,100.0,0,1.1970969413231335e-08,0.0010882699466573942,1.5339170948528803e+17,8.48545224216798e+19,1.5357919101745596e+22,1.5355986929640846e+22,1.1926065593566362,0.02845155527921775
sc,100.0,0,1.2366359172584106e-08,0.0011242144702349188,1.551527306692333e+17,8.389103321477495e+19,1.5357919101745596e+22,1.5355919245827199e+22,1.1919925138069518,0.029271069205890433
sc,100.0,0,1.2774270128259657e-08,0.0011612972843872416,1.5698868481830947e+17,8.290956400906702e+19,1.5357919101745596e+22,1.53558490851736e+22,1.1913660823855645,0.03010944266923088
sc,100.0,0,1.3195097825883073e-08,0.001199554347807552,1.589032375169501e+17,8.191024190007876e+19,1.5357919101745596e+22,1.5355777367646201e+22,1.1907272255107226,0.030966903239853287
sc,100.0,0,1.3629250243573032e-08,0.0012390227494157302,1.609002555380407e+17,8.089322865014166e+19,1.5357919101745596e+22,1.5355704855312873e+22,1.1900759162365544,0.03184366934597353
sc,100.0,0,1.4077148178667454e-08,0.001279740743515223,1.6298381937984326e+17,7.985872225628137e+19,1.5357919101745596e+22,1.5355632184454883e+22,1.189412140972303,0.03273994951080925
sc,100.0,0,1.4539225646207298e-08,0.0013217477860188453,1.6515823653894573e+17,7.88069584728055e+19,1.5357919101745596e+22,1.5355559892572418e+22,1.188735900196556,0.033655941573914175
sc,100.0,0,1.501593028953513e-08,0.0013650845717759208,1.674280555705454e+17,7.773821227495755e+19,1.5357919101745596e+22,1.5355488440830308e+22,1.188047209164367,0.034591831898288926
sc,100.0,0,1.55077238033528e-08,0.001409793073032073,1.6979808098984134e+17,7.66527992491814e+19,1.5357919101745596e+22,1.535541823248628e+22,1.1873460986050084,0.03554779456526459
sc,100.0,0,1.6015082369593702e-08,0.001455916579053973,1.7227338907093626e+17,7.555107689469708e+19,1.5357919101745596e+22,1.5355349627832717e+22,1.1866326154078968,0.036523990559358586
sc,100.0,0,1.6538497106481364e-08,0.0015034997369528513,1.7485934460218816e+17,7.443344582038505e+19,1.5357919101745596e+22,1.5355282956163943e+22,1.1859068232940086,0.037520566945515185
sc,100.0,0,1.7078474531153074e-08,0.0015525885937411887,1.7756161865917706e+17,7.330035082029628e+19,1.5357919101745596e+22,1.5355218525221772e+22,1.1851688034698966,0.038537656041333676
sc,100.0,0,1.7635537036227667e-08,0.0016032306396570606,1.8038620745885757e+17,7.215228181067089e+19,1.5357919101745596e+22,1.5355156628552142e+22,1.1844186552612255,0.039575374587061916
sc,100.0,0,1.8210223380721703e-08,0.001655474852792882,1.833394523605108e+17,7.098977461092603e+19,1.5357919101745596e+22,1.5355097551132275e+22,1.1836564967225225,0.04063382291634785
sc,100.0,0,1.8803089195716493e-08,0.0017093717450651358,1.8642806108129456e+17,6.981341155092531e+19,1.5357919101745596e+22,1.5355041573597941e+22,1.1828824652196779,0.041713084130894584
sc,100.0,0,1.9414707505186866e-08,0.0017649734095624425,1.8965913019594678e+17,6.862382188685188e+19,1.5357919101745596e+22,1.5354988975337272e+22,1.1820967179815833,0.042813223282326916
sc,100.0,0,2.0045669262421574e-08,0.001822333569311052,1.9304016899205133e+17,6.742168200821373e+19,1.5357919101745596e+22,1.5354940036681193e+22,1.1812994326171407,0.043934286564743096
sc,100.0,0,2.069658390247253e-08,0.0018815076274975029,1.965791247536904e+17,6.620771541899071e+19,1.5357919101745596e+22,1.535489504037716e+22,1.1804908075937925,0.04507630052155191
sc,100.0,0,2.1368079911068928e-08,0.0019425527191880843,2.0028440954754058e+17,6.498269247665636e+19,1.5357919101745596e+22,1.5354854272494062e+22,1.1796710626736762,0.04623927127028728
sc,100.0,0,2.2060805410459572e-08,0.002005527764587234,2.0416492858618474e+17,6.374742987381171e+19,1.5357919101745596e+22,1.5354818022875276e+22,1.17884043930345,0.04742318374921188
sc,100.0,0,2.2775428762647043e-08,0.002070493523877004,2.0823011024388246e+17,6.250278984844428e+19,1.5357919101745596e+22,1.5354786585234033e+22,1.1779992009538782,0.04862800098956639
sc,100.0,0,2.351263919048374e-08,0.00213751265368034,2.1248993779953818e+17,6.124967911044633e+19,1.5357919101745596e+22,1.5354760256954172e+22,1.1771476334053197,0.04985366341734944
sc,100.0,0,2.4273147417125106e-08,0.0022066497651931916,2.1695498298076746e+17,5.998904747389258e+19,1.5357919101745596e+22,1.5354739338649746e+22,1.1762860449753494,0.051100088188542586
sc,100.0,0,2.5057686324324814e-08,0.0022779714840295284,2.2163644138083437e+17,5.8721886186817495e+19,1.5357919101745596e+22,1.5354724133516545e+22,1.175414766684915,0.052367168561630664
sc,100.0,0,2.586701163008731e-08,0.002351546511826119,2.2654616981726976e+17,5.74492259527053e+19,1.5357919101745596e+22,1.5354714946497554e+22,1.1745341523596025,0.05365477331123785
sc,100.0,0,2.670190258619126e-08,0.002427445689653751,2.316967256965756e+17,5.617213464070894e+19,1.5357919101745596e+22,1.535471208327548e+22,1.1736445786628293,0.05496274618657924
sc,100.0,0,2.7563162696108976e-08,0.0025057420632826344,2.371014084433859e+17,5.489171468468655e+19,1.5357919101745596e+22,1.5354715849098833e+22,1.1727464450580696,0.05629090541829285
sc,100.0,0,2.84516204538629e-08,0.002586510950351173,2.4277430304469146e+17,5.360910017441015e+19,1.5357919101745596e+22,1.535472654743842e+22,1.1718401736975357,0.057639043277050835
sc,100.0,0,2.9368130104358903e-08,0.002669830009487173,2.4873032574958403e+17,5.2325453645840376e+19,1.5357919101745596e+22,1.5354744478469884e+22,1.1709262092351163,0.05900692568711821
sc,100.0,0,3.031357242576549e-08,0.0027557793114332263,2.5498527195248813e+17,5.104196258097427e+19,1.5357919101745596e+22,1.5354769937373187e+22,1.1700050185617668,0.060394291897807574
sc,100.0,0,3.12888555344934e-08,0.0028444414122266726,2.6155586627191126e+17,4.975983563159549e+19,1.5357919101745596e+22,1.5354803212430923e+22,1.1690770904620034,0.06180085421545622
sc,100.0,0,3.2294915713363566e-08,0.0029359014284875973,2.684598148178484e+17,4.84802985850405e+19,1.5357919101745596e+22,1.5354844582914745e+22,1.1681429351906245,0.06322629779827015
sc,100.0,0,3.3332718263538116e-08,0.0030302471148671017,2.7571585961730547e+17,4.72045900939454e+19,1.5357919101745596e+22,1.5354894316733576e+22,1.1672030839692935,0.06467028051599871
sc,100.0,0,3.44032583808237e-08,0.0031275689437112453,2.8334383513963114e+17,4.59339571956448e+19,1.5357919101745596e+22,1.5354952667825036e+22,1.1662580884031406,0.06613243287606682
sc,100.0,0,3.550756205694139e-08,0.0032279601869946717,2.913647268295118e+17,4.466965065051534e+19,1.5357919101745596e+22,1.5355019873261636e+22,1.1653085198181015,0.06761235801736312
sc,100.0,0,3.664668700637741e-08,0.0033315170005797645,2.9980073151551834e+17,4.341292013192754e+19,1.5357919101745596e+22,1.5355096150041858e+22,1.1643549685202659,0.06910963177248951
sc,100.0,0,3.7821723619446636e-08,0.003438338510858785,3.086753195150545e+17,4.216500930351563e+19,1.5357919101745596e+22,1.53551816915385e+22,1.163398042979076,0.07062380279887166
sc,100.0,0,3.9033795942180146e-08,0.003548526903834559,3.180132982003799e+17,4.092715082224816e+19,1.5357919101745596e+22,1.535527666356501e+22,1.1624383689367925,0.07215439277867207
sc,100.0,0,4.0284062683698775e-08,0.0036621875166998885,3.278408767255163e+17,3.970056130799044e+19,1.5357919101745596e+22,1.5355381200028478e+22,1.1614765884471783,0.0737008966870901
sc,100.0,0,4.157371825168804e-08,0.00377942893197164,3.381857315369031e+17,3.848643632210162e+19,1.5357919101745596e+22,1.535549539812231e+22,1.1605133588469279,0.07526278312816709
sc,100.0,0,4.290399381665122e-08,0.00390036307424102,3.4907707220222464e+17,3.728594539877672e+19,1.5357919101745596e+22,1.5355619313029808e+22,1.1595493516638393,0.07683949473690967
sc,100.0,0,4.4276158405582135e-08,0.004025105309598376,3.6054570698810925e+17,3.6100227173511815e+19,1.5357919101745596e+22,1.535575295209258e+22,1.1585852514662298,0.07843044864615181
sc,100.0,0,4.5691520025717855e-08,0.0041537745477925325,3.726241074980385e+17,3.4930384653048177e+19,1.5357919101745596e+22,1.5355896268405426e+22,1.1576217546585181,0.08003503701629784
sc,100.0,0,4.715142681904483e-08,0.0042864933471858935,3.853464715442247e+17,3.377748067047257e+19,1.5357919101745596e+22,1.5356049153809065e+22,1.1566595682282592,0.08165262762585465
sc,100.0,0,4.865726824822575e-08,0.004423388022565977,3.9874878326880294e+17,3.2642533567813194e+19,1.5357919101745596e+22,1.5356211431251112e+22,1.1556994084502192,0.08328256452046941
sc,100.0,0,5.021047631461167e-08,0.0045645887558737885,4.128688693486268e+17,3.1526513146461176e+19,1.5357919101745596e+22,1.5356382846499303e+22,1.1547419995533044,0.0849241687180768
sc,100.0,0,5.1812526809014605e-08,0.0047102297099104184,4.2774644991188346e+17,3.043033692306821e+19,1.5357919101745596e+22,1.5356563059214203e+22,1.1537880723562637,0.08657673896774573
sc,100.0,0,5.3464940595922046e-08,0.004860449145083823,4.434231825607428e+17,2.9354866725256827e+19,1.5357919101745596e+22,1.5356751633396934e+22,1.1528383628780856,0.08823955255988772
sc,100.0,0,5.516928493180878e-08,0.005015389539255344,4.599426976305723e+17,2.830090565762758e+19,1.5357919101745596e+22,1.5356948027279675e+22,1.1518936109289015,0.08991186618562777
sc,100.0,0,5.692717481823145e-08,0.005175197710748314,4.773506225210861e+17,2.7269195464082457e+19,1.5357919101745596e+22,1.535715158274695e+22,1.150954558686892,0.09159291684344563
sc,100.0,0,5.8740274390359504e-08,0.005340024944578137,4.956945926064601e+17,2.6260414307630993e+19,1.5357919101745596e+22,1.5357361514447857e+22,1.1500219492662656,0.0932819227915493
sc,100.0,0,6.061029834160731e-08,0.0055100271219643004,5.150242458704401e+17,2.5275174983531205e+19,1.5357919101745596e+22,1.5357576898817756e+22,1.1490965252806886,0.09497808454496194
sc,100.0,0,6.253901338502271e-08,0.005685364853183883,5.3539119801954694e+17,2.431402357601934e+19,1.5357919101745596e+22,1.535779666331423e+22,1.1481790274056676,0.0966805859169219
sc,100.0,0,6.452823975206651e-08,0.005866203613824228,5.5684899440650464e+17,2.337743856304918e+19,1.5357919101745596e+22,1.5358019576275665e+22,1.1472701929422247,0.09838859510492906
sc,100.0,0,6.657985272942628e-08,0.006052713884493299,5.794530346539877e+17,2.2465830367470064e+19,1.5357919101745596e+22,1.5358244237936136e+22,1.1463707543827604,0.10010126582265676
sc,100.0,0,6.869578423447609e-08,0.006245071294043281,6.032604654149693e+17,2.1579541347054346e+19,1.5357919101745596e+22,1.5358469073253979e+22,1.1454814379782305,0.10181773847991941
sc,100.0,0,7.087802442999102e-08,0.006443456766362821,6.283300362582198e+17,2.071884620980478e+19,1.5357919101745596e+22,1.535869232737977e+22,1.1446029623036478,0.10353714141400633
sc,100.0,0,7.312862337869174e-08,0.006648056670790159,6.547219132464819e+17,1.988395283515305e+19,1.5357919101745596e+22,1.5358912064735546e+22,1.1437360368164629,0.10525859217690109
sc,100.0,0,7.544969273820284e-08,0.006859062976200259,6.82497444412673e+17,1.9075003476081955e+19,1.5357919101745596e+22,1.5359126172838868e+22,1.1428813603995178,0.10698119888426273
sc,100.0,0,7.784340749694441e-08,0.007076673408813128,7.117188710754529e+17,1.829207631202573e+19,1.5357919101745596e+22,1.5359332372145754e+22,1.142039619877139,0.10870406163344713
sc,100.0,0,8.031200775148666e-08,0.007301091613771515,7.424489788211043e+17,1.7535187317680628e+19,1.5357919101745596e+22,1.535952823327557e+22,1.1412114884894646,0.11042627399940906
sc,100.0,0,8.285780052584041e-08,0.007532527320530946,7.747506820772296e+17,1.6804292408785474e+19,1.5357919101745596e+22,1.535971120301957e+22,1.1403976243065148,0.11214692461892503
sc,100.0,0,8.548316163314407e-08,0.007771196512104006,8.086865365891099e+17,1.6099289822601433e+19,1.5357919101745596e+22,1.5359878640457937e+22,1.1395986685598898,0.1138650988752974
sc,100.0,0,8.81905375801531e-08,0.008017321598195737,8.443181748670223e+17,1.542002268842278e+19,1.5357919101745596e+22,1.5360027864296323e+22,1.1388152438666221,0.11557988069746675
sc,100.0,0,9.098244751490158e-08,0.00827113159226378,8.817056608943154e+17,1.4766281742118158e+19,1.5357919101745596e+22,1.5360156212143086e+22,1.1380479523168825,0.117290354489319
sc,100.0,0,9.38614852178688e-08,0.008532862292533527,9.20906762165842e+17,1.4137808138611847e+19,1.5357919101745596e+22,1.5360261111843853e+22,1.1372973733954144,0.118995607206904
sc,100.0,0,9.683032113691836e-08,0.008802756466992578,9.61976139550097e+17,1.3534296317513701e+19,1.5357919101745596e+22,1.5360340164147891e+22,1.1365640617062132,0.12069473060327267
sc,100.0,0,9.989170446622597e-08,0.00908106404238418,1.004964458606307e+18,1.295539687991108e+19,1.5357919101745596e+22,1.5360391234916576e+22,1.1358485444716468,0.12238682366272349
sc,100.0,0,1.030484652693735e-07,0.009368042297215773,1.0499174298759795e+18,1.2400719438699287e+19,1.5357919101745596e+22,1.536041255381874e+22,1.135151318781571,0.12407099524843185
sc,100.0,0,1.0630351664667048e-07,0.009663956058788226,1.0968747902942748e+18,1.1869835410743454e+19,1.5357919101745596e+22,1.5360402815086225e+22,1.1344728485755413,0.12574636698968641
sc,100.0,0,1.0965985694675306e-07,0.009969077904250279,1.1458692431575397e+18,1.136228072645172e+19,1.5357919101745596e+22,1.536036127454908e+22,1.1338135613524594,0.12741207643739852
sc,100.0,0,1.131205720223829e-07,0.010283688365671173,1.1969253798842179e+18,1.087755844073151e+19,1.5357919101745596e+22,1.5360287836014106e+22,1.133173844617113,0.12906728051908697
sc,100.0,0,1.1668883753031101e-07,0.010608076139119182,1.25005861288458e+18,1.0415141238297547e+19,1.5357919101745596e+22,1.53601831193242e+22,1.1325540420919156,0.13071115932731484
sc,100.0,0,1.2036792127497026e-07,0.010942538297724569,1.3052741548906135e+18,9.9744738352774e+18,1.5357919101745596e+22,1.5360048502324622e+22,1.131954449744129,0.1323429202785429
sc,100.0,0,1.241611855956522e-07,0.011287380508695655,1.3625660857132396e+18,9.554975287218803e+18,1.5357919101745596e+22,1.5359886129708564e+22,1.1313753117026868,0.13396180268265293
sc,100.0,0,1.2807208979674554e-07,0.011642917254249596,1.421916552173438e+18,9.156041220069665e+18,1.5357919101745596e+22,1.5359698883369738e+22,1.130816816162655,0.1355670827670663
sc,100.0,0,1.3210419262045697e-07,0.01200947205640518,1.4832951504953316e+18,8.777046004620947e+18,1.5357919101745596e+22,1.5359490311480729e+22,1.13027909139693,0.13715807920349982
sc,100.0,0,1.3626115476134353e-07,0.012387377705576685,1.5466585424159373e+18,8.417344895507719e+18,1.5357919101745596e+22,1.5359264516745858e+22,1.1297622020111564,0.1387341591901604
sc,100.0,0,1.4054674142183642e-07,0.012776976492894221,1.6119503564378486e+18,8.07627615265467e+18,1.5357919101745596e+22,1.5359026007638601e+22,1.1292661455859,0.1402947451477312
sc,100.0,0,1.4496482490780489e-07,0.01317862044616408,1.679101423943263e+18,7.753163155753393e+18,1.5357919101745596e+22,1.5358779518577944e+22,1.128790849845926,0.14183932209414196
sc,100.0,0,1.4951938726302417e-07,0.013592671569365833,1.748030396262504e+18,7.44731651071858e+18,1.5357919101745596e+22,1.535852980223738e+22,1.1283361704728176,0.1433674457712077
sc,100.0,0,1.542145229413025e-07,0.014019502085572955,1.8186447827677868e+18,7.15803612952187e+18,1.5357919101745596e+22,1.5358281376647407e+22,1.127901889611616,0.14487875160631708
sc,100.0,0,1.5905444151477943e-07,0.014459494683161767,1.8908424386410657e+18,6.88461323301809e+18,1.5357919101745596e+22,1.5358038121214208e+22,1.1274877149262714,0.14637296460511362
sc,100.0,0,1.6404347041678602e-07,0.014913042765162365,1.964513499930311e+18,6.626332141979394e+18,1.5357919101745596e+22,1.5357802251811973e+22,1.1270932783611327,0.14784991028766864
sc,100.0,0,1.6918605771739475e-07,0.015380550701581341,2.039542649596237e+18,6.382471414267164e+18,1.5357919101745596e+22,1.535757067440729e+22,1.1267181309556358,0.149309526802751
sc,100.0,0,1.744867749296319e-07,0.01586243408451199,2.1158111189341494e+18,6.152302590359509e+18,1.5357919101745596e+22,1.5357320052078214e+22,1.1263617179252463,0.15075187838705142
sc,100.0,0,1.7995031984405312e-07,0.016359119985823012,2.19319568823031e+18,5.935078981883531e+18,1.5357919101745596e+22,1.5356941820242245e+22,1.1260232633544656,0.15217717039460987
sc,100.0,0,1.855815193891665e-07,0.016871047217196955,2.2715519997337935e+18,5.729979596607598e+18,1.5357919101745596e+22,1.5355947241018619e+22,1.1257012357284428,0.1535857662769448
sc,100.0,0,1.9138533251492623e-07,0.01739866659226602,2.350621455326898e+18,5.535839983297368e+18,1.5357919101745596e+22,1.535207476444446e+22,1.125390802895276,0.15497820749044158
sc,100.0,0,1.9736685309624657e-07,0.01794244119056787,2.4291214349542666e+18,5.355641270865967e+18,1.5357919101745596e+22,1.5348345211202455e+22,1.1251015808395928,0.15635524011416305
sc,100.0,0,2.0353131285319847e-07,0.018502846623018043,2.505577084412046e+18,5.192178947284872e+18,1.5357919101745596e+22,1.5348229096709315e+22,1.1248436512230686,0.15771774544799022
sc,100.0,0,2.0988408428425337e-07,0.019080371298568488,2.5795417629349627e+18,5.043604394720893e+18,1.5357919101745596e+22,1.5349153552381512e+22,1.1246105167525369,0.15906664719598704
sc,100.0,0,2.1643068360860024e-07,0.01967551669169093,2.650795449436144e+18,4.908416224806555e+18,1.5357919101745596e+22,1.5350356008149505e+22,1.124398861450138,0.16040291519757233
sc,100.0,0,2.2317677371326033e-07,0.020288797610296394,2.7192208503767286e+18,4.785281160653592e+18,1.5357919101745596e+22,1.5351569900178139e+22,1.12420631508118,0.1617275690506881
sc,100.0,0,2.301281671003057e-07,0.020920742463664155,2.7847565458285957e+18,4.673004759253777e+18,1.5357919101745596e+22,1.5352683948347897e+22,1.1240309100140797,0.1630416826854639
sc,100.0,0,2.372908288291805e-07,0.0215718935299255,2.847373148625206e+18,4.5705293520423373e+18,1.5357919101745596e+22,1.5353653679908417e+22,1.1238709580208517,0.1643463895037905
sc,100.0,0,2.446708794486748e-07,0.022242807222606797,2.907059483965262e+18,4.4769274819557837e+18,1.5357919101745596e+22,1.5354470020602424e+22,1.123725002959937,0.1656428873889367
sc,100.0,0,2.522745979127007e-07,0.022934054355700062,2.963814964663805e+18,4.391388986010596e+18,1.5357919101745596e+22,1.5355142373356815e+22,1.1235917825653887,0.16693244303058263
sc,100.0,0,2.601084244735974e-07,0.023646220406690677,3.0176460435504753e+18,4.313205374403335e+18,1.5357919101745596e+22,1.5355688305346795e+22,1.1234701938995817,0.16821639522407658
sc,100.0,0,2.6817896354620375e-07,0.024379905776927613,3.0685651664575544e+18,4.24175430077628e+18,1.5357919101745596e+22,1.5356127606803706e+22,1.1233592641130385,0.16949615697010723
sc,100.0,0,2.7649298653549316e-07,0.025135726048681195,3.116591090674336e+18,4.176485507176232e+18,1.5357919101745596e+22,1.5356479216449562e+22,1.123258126851855,0.1707732163124146
sc,100.0,0,2.850574346200175e-07,0.025914312238183412,3.161749813689067e+18,4.116908729474615e+18,1.5357919101745596e+22,1.5356759869946738e+22,1.1231660036325388,0.1720491359217782
sc,100.0,0,2.9387942148292916e-07,0.026716311043902652,3.2040756433010637e+18,4.0625835899239117e+18,1.5357919101745596e+22,1.5356983698848198e+22,1.123082189239551,0.1733255514790815
sc,100.0,0,3.029662359817677e-07,0.02754238508925161,3.2436121372372045e+18,4.0131112998920827e+18,1.5357919101745596e+22,1.5357162306924723e+22,1.1230060402690323,0.17460416893889966
sc,100.0,0,3.12325344747639e-07,0.028393213158876274,3.280412768997495e+18,3.968127925366002e+18,1.5357919101745596e+22,1.5357305054315237e+22,1.1229369661006385,0.1758867607741707
sc,100.0,0,3.2196439470382796e-07,0.029269490427620726,3.3145412578318316e+18,3.9272989620123223e+18,1.5357919101745596e+22,1.5357419405676745e+22,1.1228744217377904,0.17717516131583075
sc,100.0,0,3.318912154932562e-07,0.030171928681205107,3.346071550783077e+18,3.890314989014438e+18,1.5357919101745596e+22,1.5357511271446114e+22,1.1228179020891706,0.17847126131091687
sc,100.0,0,3.4211382180356256e-07,0.0311012565275966,3.3750874748861527e+18,3.8568882029804206e+18,1.5357919101745596e+22,1.535758531156449e+22,1.122766937368198,0.17977700182963388
sc,100.0,0,3.5264041557793443e-07,0.03205821959799404,3.40168209521444e+18,3.8267496659657795e+18,1.5357919101745596e+22,1.5357645192062388e+22,1.122721089366272,0.1810943676567156
sc,100.0,0,3.6347938809909277e-07,0.033043580736281164,3.425956824122034e+18,3.799647131187022e+18,1.5357919101745596e+22,1.5357693795158716e+22,1.1226799484149037,0.1824253803052039
sc,100.0,0,3.74639321933195e-07,0.034058120175745,3.448020331577767e+18,3.7753433350146053e+18,1.5357919101745596e+22,1.5357733387935477e+22,1.1226431308959655,0.18377209079151052
sc,100.0,0,3.8612899271962657e-07,0.035102635701784235,3.467987307652741e+18,3.7536146642796073e+18,1.5357919101745596e+22,1.5357765756040713e+22,1.122610277191847,0.1851365723091961
sc,100.0,0,3.9795737079193217e-07,0.03617794279926656,3.485977127074667e+18,3.734250124300212e+18,1.5357919101745596e+22,1.5357792308802005e+22,1.1225810499911566,0.1865209129352386
sc,100.0,0,4.1013362261439735e-07,0.03728487478312703,3.5021124629776584e+18,3.7170505460181714e+18,1.5357919101745596e+22,1.5357814161435487e+22,1.1225551328829946,0.18792720849662062
sc,100.0,0,4.2266711201795267e-07,0.03842428291072297,3.5165178930220124e+18,3.7018279809159747e+18,1.5357919101745596e+22,1.5357832199146425e+22,1.1225322291854225,0.18935755571685628
sc,100.0,0,4.3556740121832605e-07,0.03959703647439328,3.5293185362779494e+18,3.688405240583268e+18,1.5357919101745596e+22,1.5357847127031976e+22,1.122512060962884,0.19081404575172378
sc,100.0,0,4.4884425159851984e-07,0.040804022872592716,3.5406387539385687e+18,3.676615544439435e+18,1.5357919101745596e+22,1.5357859508912407e+22,1.1224943681940667,0.19229875821112788
sc,100.0,0,4.625076242368779e-07,0.04204614765789799,3.5506009412954363e+18,3.6663022446118804e+18,1.5357919101745596e+22,1.5357869797554013e+22,1.1224789080567439,0.1938137557499419
sc,100.0,0,4.765676801611914e-07,0.04332433456010831,3.5593244326792e+18,3.6573186016494546e+18,1.5357919101745596e+22,1.535787835821177e+22,1.1224654543001868,0.19536107929519014
sc,100.0,0,4.910347803083952e-07,0.04463952548258138,3.5669245354291953e+18,3.649527588852239e+18,1.5357919101745596e+22,1.5357885486982073e+22,1.1224537966791497,0.19694274396037476
sc,100.0,0,5.059194851686406e-07,0.045992680469876424,3.5735117035638057e+18,3.642801706705529e+18,1.5357919101745596e+22,1.5357891425132903e+22,1.1224437404266017,0.1985607356805675
sc,100.0,0,5.212325540916164e-07,0.0473847776446924,3.579190856809142e+18,3.6370227923205775e+18,1.5357919101745596e+22,1.535789637030356e+22,1.122435105745421,0.20021700858447533
sc,100.0,0,5.369849442321835e-07,0.04881681311201669,3.5840608461040425e+18,3.6320818119876004e+18,1.5357919101745596e+22,1.5357900485269662e+22,1.1224277273023777,0.20191348310252757
sc,100.0,0,5.531878091115703e-07,0.05028980082832457,3.5882140627087724e+18,3.627878627961025e+18,1.5357919101745596e+22,1.5357903904812242e+22,1.122421453710896,0.20365204479355312
sc,100.0,0,5.698524967695082e-07,0.05180477243359166,3.591736184643284e+18,3.624321733427771e+18,1.5357919101745596e+22,1.535790674110983e+22,1.1224161469923142,0.205434543857237
sc,100.0,0,5.869905474819483e-07,0.05336277704381348,3.5947060513877514e+18,3.6213279522421724e+18,1.5357919101745596e+22,1.5357909087977864e+22,1.1224116820085899,0.20726279528567765
sc,100.0,0,6.0461369101819e-07,0.05496488100165364,3.59719565559237e+18,3.618822102414495e+18,1.5357919101745596e+22,1.535791102421144e+22,1.1224079458625464,0.20913857959532145
sc,100.0,0,6.227338434105047e-07,0.056612167582773154,3.599270238944183e+18,3.616736624478602e+18,1.5357919101745596e+22,1.5357912616227417e+22,1.1224048372647295,0.21106364407061812
sc,100.0,0,6.413631032086649e-07,0.058305736655333174,3.6009884782928236e+18,3.6150111777072553e+18,1.5357919101745596e+22,1.5357913920164912e+22,1.1224022658686457,0.21303970444311945
sc,100.0,0,6.605137471910994e-07,0.06004670429009995,3.6024027476022144e+18,3.6135922086561393e+18,1.5357919101745596e+22,1.5357914983563094e+22,1.1224001515784983,0.21506844692453597
sc,100.0,0,6.80198225503809e-07,0.0618362023185281,3.603559441218285e+18,3.6124324976852547e+18,1.5357919101745596e+22,1.5357915846714077e+22,1.1223984238354632,0.217151530509515
sc,100.0,0,7.004291561976294e-07,0.06367537783614813,3.604499344268403e+18,3.6114906899138575e+18,1.5357919101745596e+22,1.5357916543761485e+22,1.1223970208899787,0.21929058946353963
sc,100.0,0,7.212193191339467e-07,0.06556539264854061,3.605258036677314e+18,3.610730817524389e+18,1.5357919101745596e+22,1.5357917103604973e+22,1.1223958890684869,0.22148723591323377
sc,100.0,0,7.425816492286187e-07,0.06750742265714715,3.6058663182338545e+18,3.610121820450598e+18,1.5357919101745596e+22,1.535791755065362e+22,1.1223949820435137,0.22374306246027992
sc,100.0,0,7.645292290034978e-07,0.06950265718213616,3.606350643311652e+18,3.6096370723035346e+18,1.5357919101745596e+22,1.5357917905460042e+22,1.1223942601159727,0.22605964474582385
sc,100.0,0,7.870752804148289e-07,0.07155229821952991,3.6067335551769943e+18,3.6092539179398016e+18,1.5357919101745596e+22,1.5357918185261334e+22,1.1223936895181499,0.228438543899344
sc,100.0,0,8.10233155927669e-07,0.0736575596297881,3.607034111245079e+18,3.6089532284128077e+18,1.5357919101745596e+22,1.5357918404447314e+22,1.1223932417450706,0.23088130881412403
sc,100.0,0,8.34016328805534e-07,0.07581966625504855,3.6072682921220557e+18,3.608718978218491e+18,1.5357919101745596e+22,1.5357918574965156e+22,1.1223928929208793,0.23338947820032666
sc,100.0,0,8.584383825846971e-07,0.0780398529622452,3.6074493887417836e+18,3.608537848811119e+18,1.5357919101745596e+22,1.5357918706674044e+22,1.122392623205652,0.23596458237585424
sc,100.0,0,8.835129997028664e-07,0.08031936360935149,3.607588363327771e+18,3.608398861374871e+18,1.5357919101745596e+22,1.5357918807658364e+22,1.1223924162466967,0.23860814476434103
sc,100.0,0,9.092539492525114e-07,0.08265944993204649,3.6076941812460795e+18,3.6082930408408755e+18,1.5357919101745596e+22,1.5357918884498762e+22,1.1223922586770219,0.24132168307845117
sc,100.0,0,9.356750738297962e-07,0.0850613703481633,3.6077741120335713e+18,3.608213112186459e+18,1.5357919101745596e+22,1.5357918942513206e+22,1.122392139662313,0.244106710174885
sc,100.0,0,9.627902754509441e-07,0.08752638867735857,3.6078339989608617e+18,3.6081532291746693e+18,1.5357919101745596e+22,1.5357918985965084e+22,1.1223920504965077,0.2469647345749083
sc,100.0,0,9.906135005090058e-07,0.09005577277354598,3.6078784974111324e+18,3.6081087349193713e+18,1.5357919101745596e+22,1.5357919018243917e+22,1.122391984244953,0.24989726065067827
sc,100.0,0,1.0191587237452651e-06,0.09265079306775137,3.6079112831126303e+18,3.608075953010153e+18,1.5357919101745596e+22,1.5357919042023253e+22,1.1223919354331944,0.2529057884830337
sc,100.0,0,1.0484399312111567e-06,0.09531272101919608,3.607935231855276e+18,3.608052007413861e+18,1.5357919101745596e+22,1.5357919059391958e+22,1.1223918997786857,0.25599181340074084
sc,100.0,0,1.0784711021983284e-06,0.09804282747257531,3.6079525727580733e+18,3.6080346689876726e+18,1.5357919101745596e+22,1.5357919071968128e+22,1.1223918739621817,0.2591568252144308
sc,100.0,0,1.1092661901166052e-06,0.10084238091969139,3.607965017442237e+18,3.6080222261835796e+18,1.5357919101745596e+22,1.5357919080993496e+22,1.122391855435175,0.2624023071607184
sc,100.0,0,1.140839102302004e-06,0.10371264566381855,3.6079738676227364e+18,3.608013377392378e+18,1.5357919101745596e+22,1.5357919087412094e+22,1.1223918422595751,0.26572973457334564
sc,100.0,0,1.1732036787395748e-06,0.10665487988541589,3.6079801036776566e+18,3.6080071423426186e+18,1.5357919101745596e+22,1.5357919091935525e+22,1.1223918329757718,0.26914057329876445
sc,100.0,0,1.2063736696888767e-06,0.1096703336080797,3.6079844567057725e+18,3.608002790028941e+18,1.5357919101745596e+22,1.5357919095093046e+22,1.1223918264953103,0.272636277873517
sc,100.0,0,1.2403627122032033e-06,0.11276024656392758,3.6079874664652616e+18,3.607999780769644e+18,1.5357919101745596e+22,1.5357919097276628e+22,1.1223918220146183,0.27621828948022603
sc,100.0,0,1.275184305537256e-06,0.11592584595793237,3.6079895274127283e+18,3.607997720167599e+18,1.5357919101745596e+22,1.5357919098771962e+22,1.1223918189464477,0.27988803369809756
sc,100.0,0,1.3108517854420548e-06,0.1191683441310959,3.6079909248555325e+18,3.6079963229604275e+18,1.5357919101745596e+22,1.5357919099786057e+22,1.122391816866052,0.2836469180627391
sc,100.0,0,1.3473782973500965e-06,0.12248893612273604,3.607991863003972e+18,3.6079953849707254e+18,1.5357919101745596e+22,1.5357919100466778e+22,1.122391815469416,0.28749632944886266
sc,100.0,0,1.384776768458562e-06,0.12588879713259654,3.607992486479543e+18,3.6079947616009994e+18,1.5357919101745596e+22,1.5357919100919316e+22,1.122391814541239,0.2914376312882354
sc,100.0,0,1.4230598787233641e-06,0.1293690798839422,3.6079928966071593e+18,3.6079943515431004e+18,1.5357919101745596e+22,1.5357919101217009e+22,1.1223918139306768,0.2954721606340891
sc,100.0,0,1.462240030782253e-06,0.13293091188929573,3.6079931636086477e+18,3.607994084587096e+18,1.5357919101745596e+22,1.535791910141114e+22,1.1223918135331883,0.2996012250821889
sc,100.0,0,1.5023293188310152e-06,0.13657539262100138,3.6079933356165596e+18,3.6079939126084895e+18,1.5357919101745596e+22,1.535791910153598e+22,1.1223918132771178,0.30382609955793316
sc,100.0,0,1.5433394964828389e-06,0.140303590589349,3.607993445256896e+18,3.6079938029868436e+18,1.5357919101745596e+22,1.535791910161553e+22,1.122391813113895,0.3081480229782016
sc,100.0,0,1.585281943647488e-06,0.14411654033158983,3.607993514396821e+18,3.6079937338587346e+18,1.5357919101745596e+22,1.5357919101665946e+22,1.122391813010966,0.31256819479624937
sc,100.0,0,1.6281676324736676e-06,0.14801523931578797,3.607993557526518e+18,3.6079936907363835e+18,1.5357919101745596e+22,1.5357919101697156e+22,1.1223918129467578,0.3170877714377044
sc,100.0,0,1.6720070924050911e-06,0.1520006447640992,3.6079935841377976e+18,3.607993664129641e+18,1.5357919101745596e+22,1.535791910171647e+22,1.1223918129071415,0.3217078626356908
sc,100.0,0,1.7168103744082338e-06,0.15607367040074854,3.6079936003767183e+18,3.6079936478935045e+18,1.5357919101745596e+22,1.5357919101728365e+22,1.1223918128829664,0.32642952767324407
sc,100.0,0,1.762587014437358e-06,0.16023518313066892,3.607993610176272e+18,3.607993638095646e+18,1.5357919101745596e+22,1.5357919101735567e+22,1.122391812868378,0.33125377154147484
sc,100.0,0,1.8093459962104148e-06,0.16448599965549227,3.6079936160238884e+18,3.607993632249001e+18,1.5357919101745596e+22,1.5357919101739606e+22,1.1223918128596724,0.3361815410223794
sc,100.0,0,1.857095713377516e-06,0.16882688303431964,3.6079936194740905e+18,3.607993628799391e+18,1.5357919101745596e+22,1.5357919101742226e+22,1.1223918128545358,0.3412137207057364
sc,100.0,0,1.9058439311719748e-06,0.17325853919745227,3.607993621486703e+18,3.607993626787083e+18,1.5357919101745596e+22,1.5357919101743534e+22,1.1223918128515395,0.3463511289501706
sc,100.0,0,1.9555977476423834e-06,0.17778161342203486,3.6079936226474204e+18,3.607993625626603e+18,1.5357919101745596e+22,1.5357919101744516e+22,1.1223918128498118,0.3515945137991826
sc,100.0,0,2.0063635545726346e-06,0.1823966867793304,3.607993623309126e+18,3.6079936249649864e+18,1.5357919101745596e+22,1.5357919101744843e+22,1.1223918128488266,0.3569445488637034
sc,100.0,0,2.0581469982053558e-06,0.18710427256412326,3.607993623682119e+18,3.607993624592097e+18,1.5357919101745596e+22,1.535791910174539e+22,1.1223918128482713,0.36240182918354436
sc,100.0,0,2.110952939892684e-06,0.19190481271751675,3.6079936238898627e+18,3.607993624384385e+18,1.5357919101745596e+22,1.535791910174539e+22,1.1223918128479622,0.3679668670809382
sc,100.0,0,2.164785416806599e-06,0.19679867425514536,3.6079936240042875e+18,3.607993624270008e+18,1.5357919101745596e+22,1.5357919101745717e+22,1.122391812847792,0.3736400880201956
sc,100.0,0,2.2196476028493208e-06,0.20178614571357462,3.607993624066558e+18,3.6079936242077087e+18,1.5357919101745596e+22,1.5357919101745608e+22,1.122391812847699,0.3794218264883452
sc,100.0,0,2.2755417699120383e-06,0.20686743362836713,3.6079936241000453e+18,3.6079936241742177e+18,1.5357919101745596e+22,1.53579191017455e+22,1.1223918128476493,0.3853123219124183
sc,100.0,0,2.3324692496379275e-06,0.2120426590579934,3.6079936241178854e+18,3.6079936241564134e+18,1.5357919101745596e+22,1.5357919101745717e+22,1.122391812847623,0.3913117146298412
sc,100.0,0,2.390430395852468e-06,0.2173118541684062,3.607993624127252e+18,3.607993624147018e+18,1.5357919101745596e+22,1.53579191017455e+22,1.1223918128476087,0.3974200419291276
sc,100.0,0,2.449424547830708e-06,0.22267495889370076,3.6079936241321006e+18,3.6079936241421563e+18,1.5357919101745596e+22,1.53579191017455e+22,1.1223918128476016,0.4036372341787607
sc,100.0,0,2.509449994577191e-06,0.22813181768883556,3.6079936241346447e+18,3.6079936241396695e+18,1.5357919101745596e+22,1.5357919101745826e+22,1.1223918128475978,0.4099631110627873
sc,100.0,0,2.5705039402994796e-06,0.2336821763908618,3.607993624135901e+18,3.607993624138401e+18,1.5357919101745596e+22,1.5357919101745717e+22,1.122391812847596,0.4163973779421969
sc,100.0,0,2.632582471260859e-06,0.23932567920553266,3.6079936241365135e+18,3.60799362413776e+18,1.5357919101745596e+22,1.53579191017455e+22,1.122391812847595,0.42293962236164456
sc,100.0,0,2.6956805242013664e-06,0.24506186583648787,3.607993624136837e+18,3.607993624137436e+18,1.5357919101745596e+22,1.5357919101745608e+22,1.1223918128475945,0.429589310721453
sc,100.0,0,2.7597918565189673e-06,0.2508901687744516,3.607993624136978e+18,3.607993624137273e+18,1.5357919101745596e+22,1.53579191017455e+22,1.1223918128475943,0.4363457851351095
sc,100.0,0,2.8249090184044093e-06,0.2568099107640372,3.607993624137087e+18,3.607993624137215e+18,1.5357919101745596e+22,1.5357919101745717e+22,1.1223918128475943,0.44320826049265394
sc,100.0,0,2.891023327123599e-06,0.26282030246578175,3.607993624137087e+18,3.6079936241371704e+18,1.5357919101745596e+22,1.53579191017455e+22,1.122391812847594,0.4501758217503865
sc,100.0,0,2.9581248436407344e-06,0.26892044033097584,3.6079936241371223e+18,3.607993624137148e+18,1.5357919101745596e+22,1.53579191017455e+22,1.122391812847594,0.4572474214672596
sc,100.0,0,3.026202351773268e-06,0.27510930470666073,3.6079936241371223e+18,3.607993624137154e+18,1.5357919101745596e+22,1.5357919101745608e+22,1.122391812847594,0.4644218776080908
sc,100.0,0,3.095243340066364e-06,0.2813857581878513,3.6079936241371576e+18,3.607993624137141e+18,1.5357919101745596e+22,1.5357919101745717e+22,1.1223918128475943,0.4716978716333736
sc,100.0,0,3.165233986569728e-06,0.2877485442336116,3.6079936241371576e+18,3.607993624137148e+18,1.5357919101745596e+22,1.5357919101745717e+22,1.1223918128475943,0.47907394689495963
sc,100.0,0,3.2361591466932353e-06,0.2941962860630214,3.6079936241371576e+18,3.6079936241371254e+18,1.5357919101745596e+22,1.5357919101745608e+22,1.122391812847594,0.48654850735620475
sc,100.0,0,3.3080023443101186e-06,0.30072748584637443,3.6079936241371576e+18,3.607993624137154e+18,1.5357919101745596e+22,1.5357919101745826e+22,1.1223918128475943,0.49411981665436444
sc,100.0,0,3.3807457662670037e-06,0.30734052420609126,3.6079936241371223e+18,3.6079936241371254e+18,1.5357919101745596e+22,1.535791910174539e+22,1.122391812847594,0.5017859975220251
sc,100.0,0,3.4543702604492223e-06,0.3140336600408384,3.6079936241371576e+18,3.607993624137148e+18,1.5357919101745596e+22,1.5357919101745717e+22,1.1223918128475943,0.5095450315832142
sc,100.0,0,3.528855337537518e-06,0.3208050306852289,3.6079936241371223e+18,3.6079936241371254e+18,1.5357919101745596e+22,1.535791910174539e+22,1.122391812847594,0.5173947595385331
sc,100.0,0,3.604179176578205e-06,0.32765265241620045,3.6079936241371576e+18,3.607993624137148e+18,1.5357919101745596e+22,1.5357919101745717e+22,1.1223918128475943,0.5253328817521777
sc,100.0,0,3.680318634473621e-06,0.33457442131578374,3.6079936241371576e+18,3.607993624137148e+18,1.5357919101745596e+22,1.5357919101745717e+22,1.1223918128475943,0.5333569592521041
sc,100.0,0,3.7572492594828904e-06,0.3415681144984446,3.6079936241371576e+18,3.607993624137148e+18,1.5357919101745596e+22,1.5357919101745717e+22,1.1223918128475943,0.5414644151528286
sc,100.0,0,3.834945308804896e-06,0.34863139170953605,3.6079936241371576e+18,3.6079936241371254e+18,1.5357919101745596e+22,1.5357919101745608e+22,1.122391812847594,0.5496525365084367
sc,100.0,0,3.913379770296197e-06,0.3557617972996543,3.6079936241371576e+18,3.6079936241371254e+18,1.5357919101745596e+22,1.5357919101745608e+22,1.122391812847594,0.5579184766013604
sc,100.0,0,3.992524388356007e-06,0.3629567625778189,3.6079936241371576e+18,3.607993624137154e+18,1.5357919101745596e+22,1.5357919101745826e+22,1.1223918128475945,0.5662592576703076
sc,100.0,0,4.072349693989162e-06,0.37021360854446933,3.6079936241371576e+18,3.607993624137154e+18,1.5357919101745596e+22,1.5357919101745826e+22,1.1223918128475943,0.5746717740784959
sc,100.0,0,4.152825039035608e-06,0.37752954900323704,3.6079936241371576e+18,3.607993624137148e+18,1.5357919101745596e+22,1.5357919101745717e+22,1.1223918128475943,0.5831527959209809
sc,100.0,0,4.233918634532076e-06,0.3849016940483706,3.6079936241371223e+18,3.607993624137148e+18,1.5357919101745596e+22,1.53579191017455e+22,1.122391812847594,0.591698973067463
sc,100.0,0,4.315597593148279e-06,0.39232705392257083,3.6079936241371223e+18,3.607993624137141e+18,1.5357919101745596e+22,1.53579191017455e+22,1.122391812847594,0.6003068396344925
sc,100.0,0,4.397827975616047e-06,0.39980254323782244,3.6079936241371223e+18,3.607993624137135e+18,1.5357919101745596e+22,1.53579191017455e+22,1.122391812847594,0.6089728188784775
sc,100.0,0,4.480574841046197e-06,0.40732498554965424,3.6079936241371576e+18,3.607993624137135e+18,1.5357919101745596e+22,1.5357919101745717e+22,1.122391812847594,0.6176932284984085
sc,100.0,0,4.563802301004022e-06,0.4148911182730929,3.6079936241371576e+18,3.607993624137135e+18,1.5357919101745596e+22,1.5357919101745717e+22,1.122391812847594,0.6264642863346873
sc,100.0,0,4.6474735771908545e-06,0.4224975979264413,3.6079936241371576e+18,3.607993624137148e+18,1.5357919101745596e+22,1.5357919101745717e+22,1.1223918128475943,0.635282116447992
sc,100.0,0,4.731551062556339e-06,0.43014100568693997,3.6079936241371576e+18,3.6079936241371254e+18,1.5357919101745596e+22,1.5357919101745608e+22,1.122391812847594,0.6441427555596897
sc,100.0,0,4.8159963856436705e-06,0.4378178532403337,3.6079936241371576e+18,3.607993624137141e+18,1.5357919101745596e+22,1.5357919101745717e+22,1.122391812847594,0.6530421598329615
sc,100.0,0,4.900770477948971e-06,0.4455245889044519,3.6079936241371576e+18,3.607993624137164e+18,1.5357919101745596e+22,1.5357919101745826e+22,1.1223918128475943,0.661976211971578
sc,100.0,0,4.985833644055812e-06,0.45325760400507387,3.6079936241371223e+18,3.607993624137141e+18,1.5357919101745596e+22,1.53579191017455e+22,1.122391812847594,0.6709407286111364
sc,100.0,0,5.071145634287101e-06,0.46101323948064554,3.6079936241371576e+18,3.607993624137148e+18,1.5357919101745596e+22,1.5357919101745717e+22,1.1223918128475943,0.6799314679755946
sc,100.0,0,5.156665719599517e-06,0.4687877926908652,3.6079936241371576e+18,3.607993624137164e+18,1.5357919101745596e+22,1.5357919101745826e+22,1.1223918128475943,0.6889441377701409
sc,100.0,0,5.242352768430057e-06,0.4765775244027325,3.6079936241371576e+18,3.607993624137141e+18,1.5357919101745596e+22,1.5357919101745717e+22,1.122391812847594,0.6979744032797883
sc,100.0,0,5.3281653251908174e-06,0.48437866592643797,3.6079936241371576e+18,3.6079936241371254e+18,1.5357919101745596e+22,1.5357919101745608e+22,1.122391812847594,0.7070178956416723
sc,100.0,0,5.414061690096534e-06,0.4921874263724122,3.6079936241371576e+18,3.6079936241371254e+18,1.5357919101745596e+22,1.5357919101745608e+22,1.122391812847594,0.7160702202578018
sc,100.0,0,5.5e-06,0.5,3.6079936241371576e+18,3.607993624137141e+18,1.5357919101745596e+22,1.5357919101745717e+22,1.122391812847594,0.7251269653140286
sc,100.0,0,5.585938309903469e-06,0.5078125736275881,3.6079936241371576e+18,3.607993624137154e+18,1.5357919101745596e+22,1.5357919101745826e+22,1.1223918128475943,0.7341837103702559
sc,100.0,0,5.671834674809185e-06,0.5156213340735623,3.6079936241371576e+18,3.607993624137141e+18,1.5357919101745596e+22,1.5357919101745717e+22,1.1223918128475943,0.7432360349863852
sc,100.0,0,5.757647231569949e-06,0.5234224755972681,3.6079936241371576e+18,3.607993624137141e+18,1.5357919101745596e+22,1.5357919101745717e+22,1.122391812847594,0.7522795273482695
sc,100.0,0,5.8433342804004825e-06,0.5312122073091348,3.6079936241371576e+18,3.607993624137154e+18,1.5357919101745596e+22,1.5357919101745826e+22,1.1223918128475945,0.7613097928579163
sc,100.0,0,5.928854365712899e-06,0.5389867605193545,3.6079936241371576e+18,3.607993624137141e+18,1.5357919101745596e+22,1.5357919101745717e+22,1.1223918128475943,0.7703224626524626
sc,100.0,0,6.01416635594419e-06,0.5467423959949264,3.6079936241371576e+18,3.607993624137141e+18,1.5357919101745596e+22,1.5357919101745717e+22,1.1223918128475943,0.7793132020169211
sc,100.0,0,6.099229522051031e-06,0.5544754110955483,3.6079936241371576e+18,3.6079936241371254e+18,1.5357919101745596e+22,1.5357919101745608e+22,1.122391812847594,0.7882777186564794
sc,100.0,0,6.184003614356336e-06,0.5621821467596669,3.6079936241371576e+18,3.607993624137141e+18,1.5357919101745596e+22,1.5357919101745717e+22,1.122391812847594,0.7972117707950964
sc,100.0,0,6.26844893744366e-06,0.56985899431306,3.6079936241371576e+18,3.607993624137141e+18,1.5357919101745596e+22,1.5357919101745717e+22,1.122391812847594,0.8061111750683675
sc,100.0,0,6.352526422809144e-06,0.5775024020735586,3.6079936241371223e+18,3.6079936241371254e+18,1.5357919101745596e+22,1.535791910174539e+22,1.122391812847594,0.8149718141800651
sc,100.0,0,6.4361976989959805e-06,0.5851088817269073,3.6079936241371223e+18,3.607993624137141e+18,1.5357919101745596e+22,1.53579191017455e+22,1.122391812847594,0.8237896442933701
sc,100.0,0,6.5194251589538055e-06,0.592675014450346,3.6079936241371223e+18,3.607993624137141e+18,1.5357919101745596e+22,1.53579191017455e+22,1.122391812847594,0.8325607021296489
sc,100.0,0,6.602172024383959e-06,0.6001974567621781,3.6079936241371223e+18,3.6079936241371254e+18,1.5357919101745596e+22,1.535791910174539e+22,1.122391812847594,0.8412811117495802
sc,100.0,0,6.684402406851721e-06,0.6076729460774292,3.6079936241371576e+18,3.607993624137141e+18,1.5357919101745596e+22,1.5357919101745717e+22,1.122391812847594,0.8499470909935648
sc,100.0,0,6.766081365467923e-06,0.6150983059516294,3.6079936241371576e+18,3.6079936241371704e+18,1.5357919101745596e+22,1.5357919101745826e+22,1.1223918128475945,0.8585549575605942
sc,100.0,0,6.847174960964395e-06,0.6224704509967632,3.6079936241371576e+18,3.607993624137141e+18,1.5357919101745596e+22,1.5357919101745717e+22,1.122391812847594,0.8671011347070767
sc,100.0,0,6.92765030601084e-06,0.629786391455531,3.6079936241371576e+18,3.607993624137141e+18,1.5357919101745596e+22,1.5357919101745717e+22,1.122391812847594,0.8755821565495617
sc,100.0,0,7.0074756116439974e-06,0.6370432374221816,3.6079936241371576e+18,3.607993624137141e+18,1.5357919101745596e+22,1.5357919101745717e+22,1.1223918128475943,0.8839946729577504
sc,100.0,0,7.086620229703803e-06,0.6442382027003457,3.6079936241371223e+18,3.607993624137141e+18,1.5357919101745596e+22,1.53579191017455e+22,1.122391812847594,0.892335454026697
sc,100.0,0,7.165054691195103e-06,0.651368608290464,3.6079936241371223e+18,3.607993624137141e+18,1.5357919101745596e+22,1.53579191017455e+22,1.122391812847594,0.9006013941196206
sc,100.0,0,7.242750740517112e-06,0.6584318855015556,3.6079936241371223e+18,3.607993624137141e+18,1.5357919101745596e+22,1.53579191017455e+22,1.122391812847594,0.908789515475229
sc,100.0,0,7.3196813655263815e-06,0.6654255786842165,3.6079936241371576e+18,3.607993624137141e+18,1.5357919101745596e+22,1.5357919101745717e+22,1.122391812847594,0.9168969713759535
sc,100.0,0,7.3958208234218e-06,0.6723473475838,3.6079936241371223e+18,3.607993624137141e+18,1.5357919101745596e+22,1.53579191017455e+22,1.122391812847594,0.9249210488758801
sc,100.0,0,7.471144662462482e-06,0.6791949693147711,3.6079936241371223e+18,3.607993624137154e+18,1.5357919101745596e+22,1.5357919101745608e+22,1.1223918128475943,0.9328591710895242
sc,100.0,0,7.545629739550777e-06,0.6859663399591616,3.6079936241371576e+18,3.607993624137141e+18,1.5357919101745596e+22,1.5357919101745717e+22,1.122391812847594,0.9407088990448431
sc,100.0,0,7.619254233732998e-06,0.692659475793909,3.6079936241371576e+18,3.6079936241371254e+18,1.5357919101745596e+22,1.5357919101745608e+22,1.122391812847594,0.9484679331060326
sc,100.0,0,7.691997655689884e-06,0.6992725141536258,3.6079936241371576e+18,3.607993624137154e+18,1.5357919101745596e+22,1.5357919101745826e+22,1.1223918128475943,0.9561341139736932
sc,100.0,0,7.763840853306769e-06,0.705803713936979,3.6079936241371576e+18,3.6079936241371254e+18,1.5357919101745596e+22,1.5357919101745608e+22,1.122391812847594,0.9637054232718532
sc,100.0,0,7.834766013430272e-06,0.7122514557663884,3.6079936241371576e+18,3.6079936241371254e+18,1.5357919101745596e+22,1.5357919101745608e+22,1.122391812847594,0.9711799837330978
sc,100.0,0,7.904756659933636e-06,0.7186142418121487,3.6079936241371223e+18,3.607993624137141e+18,1.5357919101745596e+22,1.53579191017455e+22,1.122391812847594,0.9785560589946837
sc,100.0,0,7.973797648226734e-06,0.7248906952933395,3.6079936241371223e+18,3.607993624137141e+18,1.5357919101745596e+22,1.53579191017455e+22,1.122391812847594,0.9858320530199667
sc,100.0,0,8.041875156359268e-06,0.7310795596690244,3.6079936241371223e+18,3.6079936241371254e+18,1.5357919101745596e+22,1.535791910174539e+22,1.122391812847594,0.9930065091607979
sc,100.0,0,8.108976672876405e-06,0.7371796975342186,3.6079936241371223e+18,3.6079936241371254e+18,1.5357919101745596e+22,1.535791910174539e+22,1.122391812847594,1.000078108877671
sc,100.0,0,8.175090981595591e-06,0.7431900892359629,3.6079936241371576e+18,3.607993624137154e+18,1.5357919101745596e+22,1.5357919101745826e+22,1.1223918128475943,1.007045670135403
sc,100.0,0,8.240208143481032e-06,0.7491098312255484,3.6079936241371576e+18,3.6079936241371254e+18,1.5357919101745596e+22,1.5357919101745608e+22,1.122391812847594,1.0139081454929468
sc,100.0,0,8.304319475798637e-06,0.7549381341635124,3.6079936241371223e+18,3.6079936241371704e+18,1.5357919101745596e+22,1.5357919101745608e+22,1.1223918128475943,1.0206646199066025
sc,100.0,0,8.367417528739142e-06,0.7606743207944675,3.6079936241371223e+18,3.607993624137141e+18,1.5357919101745596e+22,1.53579191017455e+22,1.122391812847594,1.0273143082664082
sc,100.0,0,8.429496059700524e-06,0.7663178236091386,3.6079936241371223e+18,3.607993624137141e+18,1.5357919101745596e+22,1.53579191017455e+22,1.122391812847594,1.0338565526858514
sc,100.0,0,8.490550005422808e-06,0.7718681823111644,3.607993624137087e+18,3.6079936241371254e+18,1.5357919101745596e+22,1.5357919101745281e+22,1.1223918128475936,1.0402908195652507
sc,100.0,0,8.550575452169292e-06,0.7773250411062993,3.6079936241371223e+18,3.607993624137141e+18,1.5357919101745596e+22,1.53579191017455e+22,1.122391812847594,1.0466166964492587
sc,100.0,0,8.609569604147534e-06,0.782688145831594,3.6079936241371223e+18,3.607993624137141e+18,1.5357919101745596e+22,1.53579191017455e+22,1.122391812847594,1.052833888698855
sc,100.0,0,8.667530750362075e-06,0.7879573409420069,3.6079936241371223e+18,3.6079936241371254e+18,1.5357919101745596e+22,1.535791910174539e+22,1.122391812847594,1.0589422159980708
sc,100.0,0,8.724458230087965e-06,0.7931325663716332,3.6079936241371223e+18,3.6079936241371126e+18,1.5357919101745596e+22,1.535791910174539e+22,1.1223918128475936,1.064941608715359
sc,100.0,0,8.78035239715068e-06,0.7982138542864254,3.6079936241371576e+18,3.6079936241371254e+18,1.5357919101745596e+22,1.5357919101745608e+22,1.122391812847594,1.0708321041391786
sc,100.0,0,8.835214583193402e-06,0.8032013257448547,3.6079936241371576e+18,3.6079936241371254e+18,1.5357919101745596e+22,1.5357919101745608e+22,1.1223918128475943,1.076613842606858
sc,100.0,0,8.889047060107317e-06,0.8080951872824834,3.607993624137196e+18,3.6079936241370803e+18,1.5357919101745596e+22,1.5357919101745608e+22,1.122391812847594,1.0822870635452524
sc,100.0,0,8.941853001794646e-06,0.8128957274358769,3.607993624137266e+18,3.6079936241369487e+18,1.5357919101745596e+22,1.535791910174539e+22,1.1223918128475934,1.0878521014410798
sc,100.0,0,8.99363644542737e-06,0.8176033132206699,3.607993624137519e+18,3.607993624136744e+18,1.5357919101745596e+22,1.5357919101745608e+22,1.1223918128475932,1.0933093817581114
sc,100.0,0,9.044402252357615e-06,0.8222183865779651,3.6079936241379845e+18,3.607993624136302e+18,1.5357919101745596e+22,1.5357919101745608e+22,1.122391812847593,1.09865941681765
sc,100.0,0,9.094156068828025e-06,0.8267414608025477,3.60799362413899e+18,3.6079936241352827e+18,1.5357919101745596e+22,1.5357919101745608e+22,1.1223918128475912,1.1039028016579304
sc,100.0,0,9.142904286622484e-06,0.8311731169656804,3.6079936241411794e+18,3.6079936241331036e+18,1.5357919101745596e+22,1.5357919101745608e+22,1.122391812847588,1.109040209887235
sc,100.0,0,9.190654003789586e-06,0.8355140003445078,3.607993624145701e+18,3.607993624128553e+18,1.5357919101745596e+22,1.53579191017455e+22,1.122391812847581,1.1140723895446738
sc,100.0,0,9.237412985562645e-06,0.8397648168693314,3.6079936241551063e+18,3.6079936241191127e+18,1.5357919101745596e+22,1.535791910174539e+22,1.1223918128475667,1.1190001589816836
sc,100.0,0,9.283189625591765e-06,0.8439263295992514,3.6079936241742725e+18,3.607993624100049e+18,1.5357919101745596e+22,1.5357919101745717e+22,1.122391812847539,1.1238244027764084
sc,100.0,0,9.32799290759491e-06,0.8479993552359009,3.607993624212605e+18,3.6079936240617093e+18,1.5357919101745596e+22,1.5357919101745826e+22,1.1223918128474817,1.1285460676922485
sc,100.0,0,9.371832367526334e-06,0.8519847606842121,3.6079936242882647e+18,3.607993623986044e+18,1.5357919101745596e+22,1.5357919101745717e+22,1.122391812847369,1.133166158690936
sc,100.0,0,9.414718056352513e-06,0.8558834596684103,3.607993624435388e+18,3.6079936238389427e+18,1.5357919101745596e+22,1.5357919101745826e+22,1.12239181284715,1.1376857350096456
sc,100.0,0,9.456660503517164e-06,0.8596964094106513,3.6079936247170673e+18,3.6079936235571804e+18,1.5357919101745596e+22,1.535791910174539e+22,1.1223918128467296,1.1421059063107508
sc,100.0,0,9.497670681168985e-06,0.8634246073789986,3.607993625248736e+18,3.6079936230256527e+18,1.5357919101745596e+22,1.5357919101746044e+22,1.1223918128459385,1.1464278289119998
sc,100.0,0,9.537759969217746e-06,0.8670690881107043,3.607993626237385e+18,3.6079936220371215e+18,1.5357919101745596e+22,1.535791910174659e+22,1.1223918128444663,1.1506527021040536
sc,100.0,0,9.576940121276638e-06,0.870630920116058,3.60799362804965e+18,3.6079936202249917e+18,1.5357919101745596e+22,1.5357919101747135e+22,1.122391812841767,1.154781764561537
sc,100.0,0,9.61522323154144e-06,0.8741112028674036,3.60799363132441e+18,3.607993616950549e+18,1.5357919101745596e+22,1.5357919101748555e+22,1.1223918128368897,1.1588162908530002
sc,100.0,0,9.652621702649905e-06,0.8775110638772642,3.6079936371590707e+18,3.6079936111163914e+18,1.5357919101745596e+22,1.5357919101750627e+22,1.1223918128281996,1.1627575880544703
sc,100.0,0,9.689148214557948e-06,0.8808316558689044,3.607993647411151e+18,3.607993600865305e+18,1.5357919101745596e+22,1.5357919101754775e+22,1.1223918128129307,1.166606992470628
sc,100.0,0,9.724815694462743e-06,0.8840741540420676,3.6079936651792246e+18,3.607993583098898e+18,1.5357919101745596e+22,1.5357919101761977e+22,1.122391812786468,1.17036586646703
sc,100.0,0,9.759637287796798e-06,0.8872397534360725,3.6079936955594276e+18,3.6079935527215606e+18,1.5357919101745596e+22,1.5357919101774199e+22,1.1223918127412214,1.174035595416303
sc,100.0,0,9.793626330311123e-06,0.8903296663919203,3.607993746815605e+18,3.607993501470237e+18,1.5357919101745596e+22,1.5357919101794822e+22,1.122391812664883,1.177617584760772
sc,100.0,0,9.826796321260428e-06,0.8933451201145843,3.607993832163874e+18,3.607993416130004e+18,1.5357919101745596e+22,1.5357919101828978e+22,1.12239181253777,1.1811132571936904
sc,100.0,0,9.859160897697999e-06,0.8962873543361817,3.6079939724534103e+18,3.6079932758537457e+18,1.5357919101745596e+22,1.5357919101885505e+22,1.1223918123288306,1.1845240499610146
sc,100.0,0,9.890733809883394e-06,0.8991576190803086,3.6079942001346703e+18,3.607993048194005e+18,1.5357919101745596e+22,1.5357919101976733e+22,1.1223918119897343,1.18785141228562
sc,100.0,0,9.921528897801673e-06,0.9019571725274248,3.6079945650497874e+18,3.607992683313567e+18,1.5357919101745596e+22,1.5357919102123725e+22,1.1223918114462506,1.191096802915973
sc,100.0,0,9.951560068788844e-06,0.904687278980804,3.607995142760888e+18,3.6079921056574945e+18,1.5357919101745596e+22,1.535791910235627e+22,1.1223918105858404,1.1942616878015806
sc,100.0,0,9.980841276254737e-06,0.9073492069322489,3.6079960463612457e+18,3.607991202143487e+18,1.5357919101745596e+22,1.5357919102719654e+22,1.12239180924007,1.197347537898084
sc,100.0,0,1.0009386499490995e-05,0.9099442272264542,3.607997442993553e+18,3.607989805645834e+18,1.5357919101745596e+22,1.5357919103282519e+22,1.1223918071600094,1.2003558271056276
sc,100.0,0,1.0037209724549056e-05,0.9124736113226415,3.607999576634001e+18,3.6079876722132803e+18,1.5357919101745596e+22,1.5357919104142856e+22,1.1223918039822978,1.203288030345182
sc,100.0,0,1.0064324926170204e-05,0.9149386296518368,3.60800279909512e+18,3.6079844500710927e+18,1.5357919101745596e+22,1.5357919105442967e+22,1.1223917991829742,1.2061456217787867
sc,100.0,0,1.009074605074749e-05,0.9173405500679536,3.608007611646201e+18,3.6079796380071634e+18,1.5357919101745596e+22,1.5357919107385058e+22,1.1223917920154949,1.2089300731812453
sc,100.0,0,1.0116487000297136e-05,0.9196806363906487,3.6080147201502956e+18,3.6079725302465833e+18,1.5357919101745596e+22,1.5357919110255687e+22,1.1223917814286286,1.2116428524725853
sc,100.0,0,1.0141561617415305e-05,0.921960147037755,3.608025107150326e+18,3.6079621443836713e+18,1.5357919101745596e+22,1.5357919114451747e+22,1.1223917659591132,1.2142854224225612
sc,100.0,0,1.0165983671194466e-05,0.9241803337449515,3.6080401248961147e+18,3.6079471283883443e+18,1.5357919101745596e+22,1.5357919120521364e+22,1.1223917435931545,1.2168592395405686
sc,100.0,0,1.0189766844072332e-05,0.9263424403702121,3.6080616138557164e+18,3.607925642151843e+18,1.5357919101745596e+22,1.5357919129210299e+22,1.122391711590004,1.2193657531664135
sc,100.0,0,1.0212924719585172e-05,0.9284477017804702,3.6080920517756303e+18,3.60789520852829e+18,1.5357919101745596e+22,1.5357919141523045e+22,1.1223916662601157,1.2218064047793704
sc,100.0,0,1.0235470770996504e-05,0.930497342817864,3.6081347388017623e+18,3.607852528394306e+18,1.5357919101745596e+22,1.5357919158798557e+22,1.1223916026897334,1.2241826275446623
sc,100.0,0,1.0257418350771382e-05,0.932492577342853,3.608194024508483e+18,3.6077932539373005e+18,1.5357919101745596e+22,1.5357919182801598e+22,1.122391514403301,1.226495846117754
sc,100.0,0,1.0278780680866053e-05,0.9344346073514593,3.608275582859598e+18,3.607711714248567e+18,1.5357919101745596e+22,1.5357919215836664e+22,1.122391392954906,1.2287474767274873
sc,100.0,0,1.029957084380237e-05,0.9363246221638519,3.608386741094651e+18,3.6076005873893576e+18,1.5357919101745596e+22,1.53579192608822e+22,1.1223912274401198,1.2309389275588751
sc,100.0,0,1.0319801774496192e-05,0.938163797681472,3.608536868253768e+18,3.607450513479883e+18,1.5357919101745596e+22,1.53579193217496e+22,1.1223910039201987,1.2330715994551376
sc,100.0,0,1.03394862528089e-05,0.9399532957099002,3.6087378284837837e+18,3.607249644084564e+18,1.5357919101745596e+22,1.5357919403271772e+22,1.1223907047517396,1.2351468869561353
sc,100.0,0,1.0358636896791337e-05,0.941694263344667,3.6090045033759437e+18,3.606983124284885e+18,1.5357919101745596e+22,1.5357919511519427e+22,1.1223903078166135,1.237166179686565
sc,100.0,0,1.0377266156589495e-05,0.9433878324172269,3.6093553863543675e+18,3.6066325053977006e+18,1.5357919101745596e+22,1.5357919654051953e+22,1.1223897856494496,1.2391308641020535
sc,100.0,0,1.0395386308981809e-05,0.9450351189983464,3.609813250561697e+18,3.606175088341657e+18,1.5357919101745596e+22,1.5357919840201469e+22,1.1223891044631282,1.2410423255945489
sc,100.0,0,1.0413009452518051e-05,0.9466372229561866,3.6104058897898486e+18,3.6055832002138107e+18,1.5357919101745596e+22,1.535792008139321e+22,1.1223882230767663,1.2429019509502168
sc,100.0,0,1.0430147503230494e-05,0.9481952275664085,3.611166929815758e+18,3.6048234097287286e+18,1.5357919101745596e+22,1.5357920391508697e+22,1.1223870917555807,1.244711131143451
sc,100.0,0,1.044681219088843e-05,0.9497101991716755,3.6121367050838277e+18,3.603855690783698e+18,1.5357919101745596e+22,1.5357920787285687e+22,1.122385650977754,1.2464712644398472
sc,100.0,0,1.0463015055767816e-05,0.9511831868879833,3.613363193104364e+18,3.6026325475425705e+18,1.5357919101745596e+22,1.535792128876884e+22,1.122383830150102,1.2481837597692411
sc,100.0,0,1.0478767445908384e-05,0.9526152223553077,3.614902996308651e+18,3.601098119020632e+18,1.5357919101745596e+22,1.5357921919808118e+22,1.1223815463018088,1.2498500403175763
sc,100.0,0,1.0494080514831359e-05,0.9540073195301236,3.616822358527763e+18,3.599187286143843e+18,1.5357919101745596e+22,1.5357922708614317e+22,1.122378702793722,1.2514715472737763
sc,100.0,0,1.0508965219691605e-05,0.9553604745174187,3.6191982008645857e+18,3.596824809542835e+18,1.5357919101745596e+22,1.535792368838426e+22,1.1223751880895558,1.2530497436554409
sc,100.0,0,1.052343231983881e-05,0.9566756654398918,3.6221191596353326e+18,3.5939245317721477e+18,1.5357919101745596e+22,1.535792489800367e+22,1.1223708746445846,1.2545861181255105
sc,100.0,0,1.0537492375763123e-05,0.9579538523421021,3.6256866073896863e+18,3.590388683032696e+18,1.5357919101745596e+22,1.5357926382850437e+22,1.1223656179767552,1.2560821887015725
sc,100.0,0,1.055115574840148e-05,0.9591959771274073,3.630015636898456e+18,3.5861073345487933e+18,1.5357919101745596e+22,1.535792819571511e+22,1.1223592559941897,1.2575395062507142
sc,100.0,0,1.0564432598781674e-05,0.9604029635256067,3.6352359875187226e+18,3.580958048196368e+18,1.5357919101745596e+22,1.5357930397879704e+22,1.1223516086612861,1.2589596576562367
sc,100.0,0,1.0577332887982049e-05,0.9615757170892771,3.641492893596413e+18,3.5748057743761725e+18,1.5357919101745596e+22,1.5357933060382475e+22,1.1223424780923377,1.2603442685385986
sc,100.0,0,1.0589866377385603e-05,0.9627151252168731,3.6489478355918223e+18,3.567503052012385e+18,1.5357919101745596e+22,1.5357936265524314e+22,1.1223316491660642,1.2616950054120646
sc,100.0,0,1.0602042629208068e-05,0.9638220572007334,3.65777917644401e+18,3.5588905643772365e+18,1.5357919101745596e+22,1.535794010867304e+22,1.1223188907557118,1.2630135771610116
sc,100.0,0,1.0613871007280374e-05,0.9648973642982158,3.6681826683107154e+18,3.5487981016139494e+18,1.5357919101745596e+22,1.5357944700436463e+22,1.1223039576664326,1.2643017357259838
sc,100.0,0,1.0625360678066804e-05,0.965941879824255,3.6803718181875226e+18,3.5370459747668844e+18,1.5357919101745596e+22,1.5357950169294318e+22,1.1222865933635189,1.2655612758995276
sc,100.0,0,1.0636520611900908e-05,0.9669564192637189,3.69457810494544e+18,3.5234469162865244e+18,1.5357919101745596e+22,1.5357956664787537e+22,1.1222665335606858,1.2667940341456803
sc,100.0,0,1.0647359584422066e-05,0.9679417804020061,3.711051044904778e+18,3.507808487972259e+18,1.5357919101745596e+22,1.5357964361392642e+22,1.122243510716319,1.2680018863746216
sc,100.0,0,1.0657886178196438e-05,0.9688987434724035,3.730058108043546e+18,3.489935998960085e+18,1.5357919101745596e+22,1.53579734632251e+22,1.1222172594568565,1.2691867446253027
sc,100.0,0,1.0668108784506744e-05,0.969828071318795,3.751884492124918e+18,3.469635913828846e+18,1.5357919101745596e+22,1.5357984209765912e+22,1.1221875229104632,1.270350552633428
sc,100.0,0,1.0678035605296172e-05,0.9707305095723793,3.776832767216251e+18,3.4467197047490693e+18,1.5357919101745596e+22,1.535799688283014e+22,1.1221540598914317,1.271495280289542
sc,100.0,0,1.0687674655252362e-05,0.9716067868411238,3.8052224080181294e+18,3.4210080729292984e+18,1.5357919101745596e+22,1.535801181508156e+22,1.1221166528279862,1.2726229170214305
sc,100.0,0,1.0697033764018233e-05,0.9724576149107484,3.83738923588343e+18,3.392335435003624e+18,1.5357919101745596e+22,1.5358029400482741e+22,1.1220751162755482,1.2737354641657574
sc,100.0,0,1.0706120578517071e-05,0.9732836889560974,3.873684796131909e+18,3.360554541543481e+18,1.5357919101745596e+22,1.5358050107217957e+22,1.1220293058073005,1.2748349264248
sc,100.0,0,1.0714942565379982e-05,0.9740856877618166,3.914475699029925e+18,3.325541069998697e+18,1.5357919101745596e+22,1.5358074493834967e+22,1.1219791270278032,1.2759233025340992
sc,100.0,0,1.0723507013464508e-05,0.9748642739513189,3.960142954424356e+18,3.2871980156787825e+18,1.5357919101745596e+22,1.5358103229668367e+22,1.1219245444176944,1.2770025752946084
sc,100.0,0,1.0731821036453796e-05,0.9756200942230724,4.0110813303779604e+18,3.245459694350861e+18,1.5357919101745596e+22,1.5358137121096564e+22,1.1218655896923186,1.278074701147105
sc,100.0,0,1.0739891575526403e-05,0.9763537795933094,4.067698765227373e+18,3.200295170685012e+18,1.5357919101745596e+22,1.5358177145887903e+22,1.121802369348196,1.2791415994860278
sc,100.0,0,1.07477254020873e-05,0.9770659456442999,4.130415860365838e+18,3.1517109394026143e+18,1.5357919101745596e+22,1.5358224498979947e+22,1.1217350710814094,1.2802051419232912
sc,100.0,0,1.0755329120551326e-05,0.9777571927773933,4.1996654779626936e+18,3.099752710814125e+18,1.5357919101745596e+22,1.5358280654633046e+22,1.121663968792721,1.281267141719187
sc,100.0,0,1.0762709171170821e-05,0.9784281064700746,4.275892464119825e+18,3.044506188551022e+18,1.5357919101745596e+22,1.535834745229146e+22,1.1215894259455217,1.282329343596537
sc,100.0,0,1.0769871832899693e-05,0.9790792575363358,4.3595535141112033e+18,2.9860967725950495e+18,1.5357919101745596e+22,1.535842721700948e+22,1.1215118971129376,1.283393414145659
sc,100.0,0,1.077682322628674e-05,0.9797112023897037,4.4511171929543793e+18,2.924688172077707e+18,1.5357919101745596e+22,1.535852293054287e+22,1.1214319276367217,1.2844609330116927
sc,100.0,0,1.07835693163914e-05,0.9803244833083091,4.5510641223044895e+18,2.8604799659714555e+18,1.5357919101745596e+22,1.5358638476896179e+22,1.1213501514192077,1.2855333850330593
sc,100.0,0,1.0790115915715747e-05,0.9809196287014316,4.659887344330582e+18,2.793704201686553e+18,1.5357919101745596e+22,1.5358778997531172e+22,1.1212672869770155,1.2866121534714479
sc,100.0,0,1.0796468687146801e-05,0.981497153376982,4.77809287569257e+18,2.724621167910979e+18,1.5357919101745596e+22,1.5358951408285396e+22,1.1211841319986644,1.2876985144411
sc,100.0,0,1.0802633146903754e-05,0.9820575588094322,4.90620047098305e+18,2.653514515502493e+18,1.5357919101745596e+22,1.5359165154087284e+22,1.1211015567654747,1.2887936326100426
sc,100.0,0,1.0808614667485075e-05,0.982601333407734,5.044744626009881e+18,2.580685924318659e+18,1.5357919101745596e+22,1.5359433297216546e+22,1.1210204968902,1.2898985582100164
sc,100.0,0,1.0814418480610833e-05,0.9831289527828031,5.194275865474458e+18,2.5064494969504707e+18,1.5357919101745596e+22,1.5359773878226887e+22,1.1209419455802516,1.291014225356996
sc,100.0,0,1.0820049680155946e-05,0.9836408800141769,5.3553623451776e+18,2.4311257812601165e+18,1.5357919101745596e+22,1.5360209612462117e+22,1.1208669422082445,1.2921414516524519
sc,100.0,0,1.0825513225070368e-05,0.9841375659154881,5.528591476707548e+18,2.355033379454583e+18,1.5357919101745596e+22,1.5360749955804213e+22,1.120796528338917,1.2932809390118032
sc,100.0,0,1.0830813942282604e-05,0.9846194492984186,5.714568823513577e+18,2.2784657984235267e+18,1.5357919101745596e+22,1.5361259795280554e+22,1.1207314974137401,1.2944332756731343
sc,100.0,0,1.0835956529583215e-05,0.9850869572348377,5.913897701586486e+18,2.2015993818080658e+18,1.5357919101745596e+22,1.536076889701642e+22,1.1206711322631298,1.2955989394718344
sc,100.0,0,1.084094555848522e-05,0.9855405053168382,6.1269537383297e+18,2.1245949663637683e+18,1.5357919101745596e+22,1.5357538127089114e+22,1.1206133920156685,1.2967783030269184
sc,100.0,0,1.0845785477058698e-05,0.9859804979144271,6.353292107439252e+18,2.0488461697227067e+18,1.5357919101745596e+22,1.5357093501053767e+22,1.1205695415764136,1.2979716362665645
sc,100.0,0,1.0850480612736976e-05,0.9864073284306342,6.593486508683899e+18,1.9742197064141542e+18,1.5357919101745596e+22,1.5357179388959417e+22,1.1205362626979316,1.2991790858378343
sc,100.0,0,1.0855035175092196e-05,0.986821379553836,6.848175704068456e+18,1.900820809678765e+18,1.5357919101745596e+22,1.5357372739733552e+22,1.120513570628761,1.300400689089974
sc,100.0,0,1.0859453258578164e-05,0.9872230235071058,7.118012182286367e+18,1.8287886277120806e+18,1.5357919101745596e+22,1.5357590815195808e+22,1.1205020787519075,1.3016363846586987
sc,100.0,0,1.0863738845238655e-05,0.9876126222944233,7.403652082433068e+18,1.758257936719595e+18,1.5357919101745596e+22,1.535781533168279e+22,1.1205024884884327,1.3028860219104657
sc,100.0,0,1.0867895807379541e-05,0.9879905279435948,7.705752274063687e+18,1.689351077023408e+18,1.5357919101745596e+22,1.5358040514803532e+22,1.120515488448861,1.3041493696696393
sc,100.0,0,1.0871927910203254e-05,0.9883570827457504,8.02496856710156e+18,1.622175778868526e+18,1.5357919101745596e+22,1.5358263177268456e+22,1.1205417308879795,1.305426124331766
sc,100.0,0,1.0875838814404348e-05,0.9887126194913044,8.361953967361154e+18,1.5568244176570442e+18,1.5357919101745596e+22,1.5358480822969051e+22,1.120581823604556,1.3067159174055831
sc,100.0,0,1.087963207872503e-05,0.9890574617022755,8.717356779653348e+18,1.4933738345976466e+18,1.5357919101745596e+22,1.5358691302566137e+22,1.1206363255245801,1.3080183225124726
sc,100.0,0,1.088331116246969e-05,0.9893919238608808,9.091818522832638e+18,1.4318855190550612e+18,1.5357919101745596e+22,1.5358892765414282e+22,1.1207057436628205,1.3093328618678852
sc,100.0,0,1.0886879427977617e-05,0.9897163116343288,9.485971652547885e+18,1.3724060715796042e+18,1.5357919101745596e+22,1.5359083660899592e+22,1.1207905309663224,1.3106590122678923
sc,100.0,0,1.0890340143053247e-05,0.9900309220957497,9.90043709513653e+18,1.3149678904695076e+18,1.5357919101745596e+22,1.535926274072886e+22,1.1208910848897842,1.311996210603834
sc,100.0,0,1.0893696483353328e-05,0.9903360439412118,1.0335821599721351e+19,1.2595900311925117e+18,1.5357919101745596e+22,1.5359429053629008e+22,1.1210077466167834,1.3133438589285304
sc,100.0,0,1.0896951534730626e-05,0.9906319577027842,1.079271491868528e+19,1.2062791921756385e+18,1.5357919101745596e+22,1.5359581932173075e+22,1.121140800851532,1.3147013290982594
sc,100.0,0,1.0900108295533774e-05,0.9909189359576158,1.127168682991543e+19,1.1550307849521697e+18,1.5357919101745596e+22,1.5359720973199169e+22,1.1212904761080271,1.3160679670155702
sc,100.0,0,1.0903169678863081e-05,0.9911972435330074,1.17732840175125e+19,1.1058300516450538e+18,1.5357919101745596e+22,1.5359846013577284e+22,1.1214569454256869,1.317443096498724
sc,100.0,0,1.090613851478213e-05,0.9914671377074664,1.2298026830996216e+19,1.0586531980475804e+18,1.5357919101745596e+22,1.5359957103022426e+22,1.1216403274442102,1.3188260228041122
sc,100.0,0,1.0909017552485099e-05,0.9917288684077362,1.2846405946289664e+19,1.0134685158768486e+18,1.5357919101745596e+22,1.5360054475450917e+22,1.1218406877752694,1.3202160358282389
sc,100.0,0,1.0911809462419846e-05,0.9919826784018042,1.3418878954861775e+19,9.702374729031927e+17,1.5357919101745596e+22,1.5360138520137529e+22,1.1220580406144205,1.321612413015853
sc,100.0,0,1.0914516838366856e-05,0.992228803487896,1.4015866910261676e+19,9.289157544376978e+17,1.5357919101745596e+22,1.5360209753673684e+22,1.1222923505428513,1.3230144220004312
sc,100.0,0,1.091714219947416e-05,0.9924674726794691,1.4637750863826997e+19,8.894542439784182e+17,1.5357919101745596e+22,1.536026879348115e+22,1.1225435344749777,1.3244213230025697
sc,100.0,0,1.0919687992248514e-05,0.9926989083862285,1.528486842353203e+19,8.517999346126596e+17,1.5357919101745596e+22,1.536031633340246e+22,1.1228114637141655,1.325832371010933
sc,100.0,0,1.0922156592503055e-05,0.9929233265911869,1.595751037170692e+19,8.158967660245117e+17,1.5357919101745596e+22,1.5360353121701152e+22,1.1230959660848008,1.3272468177692163
sc,100.0,0,1.0924550307261798e-05,0.9931409370237998,1.6655917378657935e+19,7.816863846696777e+17,1.5357919101745596e+22,1.5360379941630874e+22,1.123396828114402,1.328663913591234
sc,100.0,0,1.0926871376621309e-05,0.9933519433292098,1.7380276850014681e+19,7.491088268835514e+17,1.5357919101745596e+22,1.5360397594608036e+22,1.1237137972444045,1.3300829090247226
sc,100.0,0,1.0929121975570008e-05,0.9935565432336372,1.813071994589839e+19,7.181031264252512e+17,1.5357919101745596e+22,1.5360406885919581e+22,1.1240465840525864,1.3315030563828103
sc,100.0,0,1.0931304215765523e-05,0.9937549287059567,1.8907318809694294e+19,6.886078492828074e+17,1.5357919101745596e+22,1.5360408612830982e+22,1.1243948644738324,1.3329236111603902
sc,100.0,0,1.0933420147270573e-05,0.9939472861155068,1.9710084043339317e+19,6.605615595265352e+17,1.5357919101745596e+22,1.5360403554903005e+22,1.1247582820090767,1.3343438333508908
sc,100.0,0,1.0935471760247933e-05,0.9941337963861758,2.0538962464574853e+19,6.339032206547082e+17,1.5357919101745596e+22,1.5360392466311993e+22,1.1251364499148673,1.3357629886771827
sc,100.0,0,1.0937460986614977e-05,0.9943146351468162,2.1393835179553223e+19,6.085725372800259e+17,1.5357919101745596e+22,1.5360376069938232e+22,1.1255289533680495,1.3371803497486137
sc,100.0,0,1.0939389701658392e-05,0.9944899728780356,2.2274516001578656e+19,5.845102422050143e+17,1.5357919101745596e+22,1.536035505300481e+22,1.1259353516017192,1.3385951971544867
sc,100.0,0,1.094125972560964e-05,0.9946599750554219,2.3180750243592188e+19,5.616583339720151e+17,1.5357919101745596e+22,1.536033006404188e+22,1.1263551800097868,1.3400068205026838
sc,100.0,0,1.0943072825181768e-05,0.9948248022892516,2.4112213908324327e+19,5.3996026988756397e+17,1.5357919101745596e+22,1.5360301710976536e+22,1.1267879522183837,1.3414145194105735
sc,100.0,0,1.0944830715068192e-05,0.9949846104607447,2.5068513295929774e+19,5.1936111934104205e+17,1.5357919101745596e+22,1.536027056015411e+22,1.1272331621229181,1.3428176044539621
sc,100.0,0,1.0946535059404077e-05,0.9951395508549161,2.6049185044332986e+19,4.998076819943772e+17,1.5357919101745596e+22,1.5360237136128084e+22,1.127690285889918,1.3442153980784386
sc,100.0,0,1.0948187473190986e-05,0.9952897702900896,2.7053696612703298e+19,4.8124857512943066e+17,1.5357919101745596e+22,1.53602019220652e+22,1.1281587839229628,1.3456072354763606
sc,100.0,0,1.0949789523685387e-05,0.9954354112441262,2.808144721328791e+19,4.636342941268895e+17,1.5357919101745596e+22,1.5360165360635197e+22,1.128638102791967,1.3469924654315188
sc,100.0,0,1.0951342731751775e-05,0.9955766119774341,2.913176919162028e+19,4.4691724972187366e+17,1.5357919101745596e+22,1.5360127855275656e+22,1.1291276771249983,1.3483704511326795
sc,100.0,0,1.0952848573180955e-05,0.9957135066528141,3.0203929849687466e+19,4.310517853546046e+17,1.5357919101745596e+22,1.5360089771735274e+22,1.1296269314615797,1.3497405709562464
sc,100.0,0,1.0954308479974282e-05,0.9958462254522075,3.1297133701389275e+19,4.159941776107442e+17,1.5357919101745596e+22,1.5360051439813618e+22,1.1301352820662038,1.351102219217687
sc,100.0,0,1.0955723841594418e-05,0.9959748946904017,3.2410525144325665e+19,4.0170262243783846e+17,1.5357919101745596e+22,1.536001315523704e+22,1.1306521387004969,1.3524548068906552
sc,100.0,0,1.0957096006183349e-05,0.996099636925759,3.354319152702707e+19,3.881372095293351e+17,1.5357919101745596e+22,1.5359975181608955e+22,1.1311769063522075,1.3537977622923687
sc,100.0,0,1.0958426281748313e-05,0.9962205710680284,3.4694166586023838e+19,3.752598869936443e+17,1.5357919101745596e+22,1.5359937752397693e+22,1.1317089869189394,1.3551305317333848
sc,100.0,0,1.09597159373163e-05,0.9963378124833001,3.5862434222845055e+19,3.630344181714388e+17,1.5357919101745596e+22,1.5359901072925217e+22,1.1322477808442977,1.3564525801296505
sc,100.0,0,1.0960966204057819e-05,0.9964514730961654,3.704693258723878e+19,3.514263322304129e+17,1.5357919101745596e+22,1.5359865322324302e+22,1.1327926887039448,1.3577633915745868
sc,100.0,0,1.0962178276380554e-05,0.9965616614891413,3.824655842958242e+19,3.404028699548802e+17,1.5357919101745596e+22,1.5359830655454312e+22,1.1333431127389206,1.359062469868852
sc,100.0,0,1.0963353312993623e-05,0.9966684829994202,3.946017168277324e+19,3.299329259547553e+17,1.5357919101745596e+22,1.5359797204749616e+22,1.1338984583334706,1.3603493390054848
sc,100.0,0,1.0964492437943059e-05,0.9967720398130053,4.068660023175983e+19,3.199869883464163e+17,1.5357919101745596e+22,1.5359765081997355e+22,1.134458135434622,1.3616235436081823
sc,100.0,0,1.0965596741619176e-05,0.9968724310562888,4.192464482747659e+19,3.105370768031992e+17,1.5357919101745596e+22,1.535973438003027e+22,1.1350215599107378,1.3628846493206446
sc,100.0,0,1.0966667281736461e-05,0.9969697528851329,4.317308410112484e+19,3.015566797366419e+17,1.5357919101745596e+22,1.5359705174339582e+22,1.135588154846395,1.3641322431451117
sc,100.0,0,1.0967705084286636e-05,0.9970640985715125,4.443067963464706e+19,2.930206912478947e+17,1.5357919101745596e+22,1.5359677524592472e+22,1.1361573517710377,1.3653659337284987
sc,100.0,0,1.0968711144465507e-05,0.9971555585877734,4.569618104370878e+19,2.8490534838259795e+17,1.5357919101745596e+22,1.5359651476068417e+22,1.1367285918190582,1.3665853515947908
sc,100.0,0,1.0969686427574233e-05,0.9972442206885668,4.696833103065098e+19,2.7718816912857302e+17,1.5357919101745596e+22,1.535962706100175e+22,1.1373013268191934,1.3677901493227351
sc,100.0,0,1.0970631869895642e-05,0.9973301699905128,4.824587036651355e+19,2.6984789151455472e+17,1.5357919101745596e+22,1.5359604299842542e+22,1.1378750203113892,1.36898000166817
sc,100.0,0,1.0971548379546137e-05,0.9974134890496489,4.952754276340288e+19,2.628644140973876e+17,1.5357919101745596e+22,1.5359583202431803e+22,1.1384491484895893,1.3701546056306988
sc,100.0,0,1.0972436837303892e-05,0.9974942579367174,5.081209960113757e+19,2.5621873806389066e+17,1.5357919101745596e+22,1.5359563769097618e+22,1.1390232010692674,1.371313680464806
sc,100.0,0,1.0973298097413808e-05,0.9975725543103462,5.209830447507058e+19,2.4989291112114458e+17,1.5357919101745596e+22,1.535954599167367e+22,1.13959668207885,1.3724569676358467
sc,100.0,0,1.0974132988369913e-05,0.9976484534881739,5.338493753533265e+19,2.438699733040249e+17,1.5357919101745596e+22,1.5359529854445824e+22,1.140169110574575,1.3735842307217156
sc,100.0,0,1.0974942313675674e-05,0.9977220285159705,5.467079959122955e+19,2.3813390479068326e+17,1.5357919101745596e+22,1.5359515335028734e+22,1.140740021278691,1.3746952552613079
sc,100.0,0,1.0975726852582875e-05,0.9977933502348069,5.59547159583554e+19,2.326695757838966e+17,1.5357919101745596e+22,1.5359502405176845e+22,1.1413089651413224,1.3757898485512907
sc,100.0,0,1.0976487360809517e-05,0.9978624873463197,5.723554002964185e+19,2.2746269848966723e+17,1.5357919101745596e+22,1.5359491031532183e+22,1.1418755098266635,1.3768678393929012
sc,100.0,0,1.0977224571237352e-05,0.997929506476123,5.851215655553928e+19,2.224997812012121e+17,1.5357919101745596e+22,1.5359481176318124e+22,1.142439240124584,1.3779290777908633
sc,100.0,0,1.097793919458954e-05,0.9979944722354128,5.978348462216963e+19,2.177680844781523e+17,1.5357919101745596e+22,1.5359472797972683e+22,1.1429997582890326,1.3789734346066889
sc,100.0,0,1.097863192008893e-05,0.9980574472808119,6.104848032008759e+19,2.132555793952071e+17,1.5357919101745596e+22,1.5359465851735526e+22,1.1435566843050167,1.380000801168897
sc,100.0,0,1.0979303416097527e-05,0.9981184923725025,6.230613909979571e+19,2.089509078221553e+17,1.5357919101745596e+22,1.5359460290182378e+22,1.1441096560862256,1.3810110888428786
sc,100.0,0,1.0979954330737578e-05,0.998177666430689,6.3555497813431345e+19,2.0484334468740957e+17,1.5357919101745596e+22,1.5359456063717724e+22,1.1446583296056432,1.3820042285632357
sc,100.0,0,1.0980585292494814e-05,0.9982350265904376,6.479563644526425e+19,2.00922762169313e+17,1.5357919101745596e+22,1.5359453121022454e+22,1.1452023789617956,1.382980170331625
sc,100.0,0,1.0981196910804284e-05,0.9982906282549349,6.602567953639064e+19,1.9717959575383523e+17,1.5357919101745596e+22,1.5359451409465246e+22,1.1457414963834691,1.383938882683171
sc,100.0,0,1.0981789776619278e-05,0.9983445251472072,6.72447973116246e+19,1.9360481209280822e+17,1.5357919101745596e+22,1.5359450875471422e+22,1.146275392175973,1.3848803521246187
sc,100.0,0,1.0982364462963772e-05,0.9983967693603429,6.845220651882572e+19,1.901898785941087e+17,1.5357919101745596e+22,1.535945146486361e+22,1.1468037946121459,1.3858045825473817
sc,100.0,0,1.0982921525468846e-05,0.9984474114062588,6.964717099288815e+19,1.8692673467305232e+17,1.5357919101745596e+22,1.535945312316402e+22,1.1473264497714983,1.3867115946187247
sc,100.0,0,1.0983461502893518e-05,0.9984965002630471,7.08290019582101e+19,1.8380776459376163e+17,1.5357919101745596e+22,1.5359455795871383e+22,1.1478431213309124,1.3876014251541906
sc,100.0,0,1.0983984917630406e-05,0.998544083420946,7.199705808488015e+19,1.8082577182870144e+17,1.5357919101745596e+22,1.5359459428705713e+22,1.1483535903104718,1.3884741264744562
sc,100.0,0,1.0984492276196647e-05,0.9985902069269679,7.315074531480945e+19,1.7797395486539347e+17,1.5357919101745596e+22,1.535946396782883e+22,1.1488576547779747,1.389329765749644
sc,100.0,0,1.0984984069710465e-05,0.9986349154282241,7.428951647484504e+19,1.7524588439016173e+17,1.5357919101745596e+22,1.5359469360039355e+22,1.1493551295157256,1.3901684243340708
sc,100.0,0,1.0985460774353792e-05,0.9986782522139812,7.541287069437415e+19,1.726354817802764e+17,1.5357919101745596e+22,1.5359475552944237e+22,1.149845845653177,1.3909901970942957
sc,100.0,0,1.0985922851821332e-05,0.9987202592564848,7.65203526452682e+19,1.7013699883740797e+17,1.5357919101745596e+22,1.5359482495108035e+22,1.1503296502689773,1.3917951917332494
sc,100.0,0,1.0986370749756428e-05,0.9987609772505843,7.761155162195703e+19,1.6774499869759146e+17,1.5357919101745596e+22,1.5359490136182752e+22,1.1508064059658756,1.3925835281130259
sc,100.0,0,1.0986804902174117e-05,0.9988004456521924,7.868610047931186e+19,1.654543378548469e+17,1.5357919101745596e+22,1.5359498427014014e+22,1.1512759904218886,1.3933553375788301
sc,100.0,0,1.098722572987174e-05,0.9988387027156127,7.974367444576902e+19,1.6326014923788045e+17,1.5357919101745596e+22,1.5359507319730316e+22,1.1517382959210436,1.3941107622864433
sc,100.0,0,1.0987633640827416e-05,0.9988757855297651,8.078398982841067e+19,1.6115782628199712e+17,1.5357919101745596e+22,1.535951676780642e+22,1.1521932288668255,1.394849954535303
sc,100.0,0,1.0988029030586768e-05,0.9989117300533426,8.180680262641395e+19,1.5914300794032538e+17,1.5357919101745596e+22,1.5359526726106335e+22,1.1526407092814335,1.395573076109296
sc,100.0,0,1.0988412282638214e-05,0.9989465711489285,8.281190706827615e+19,1.5721156458132435e+17,1.5357919101745596e+22,1.535953715089641e+22,1.153080670293717,1.3962802976270687
sc,100.0,0,1.0988783768777126e-05,0.9989803426161024,8.379913408755396e+19,1.5535958472182237e+17,1.5357919101745596e+22,1.5359547999823055e+22,1.1535130576185373,1.3969717979035254
sc,100.0,0,1.098914384945923e-05,0.9990130772235664,8.476834975103141e+19,1.5358336254711318e+17,1.5357919101745596e+22,1.5359559231846052e+22,1.1539378290301858,1.3976477633241107
sc,100.0,0,1.0989492874143477e-05,0.9990448067403161,8.57194536521086e+19,1.5187938617238413e+17,1.5357919101745596e+22,1.5359570807112713e+22,1.154354953832229,1.3983083872331457
sc,100.0,0,1.0989831181624756e-05,0.9990755619658869,8.665237728149543e+19,1.502443266015566e+17,1.5357919101745596e+22,1.5359582686746702e+22,1.1547644123260739,1.398953869337509
sc,100.0,0,1.0990159100356695e-05,0.9991053727596996,8.756708238616732e+19,1.48675027342207e+17,1.5357919101745596e+22,1.535959483252782e+22,1.1551661952803145,1.3995844151266887
sc,100.0,0,1.099047694876486e-05,0.9991342680695328,8.84635593265971e+19,1.4716849463723373e+17,1.5357919101745596e+22,1.5359607206416705e+22,1.1555603034027346,1.400200235310093
sc,100.0,0,1.0990785035550604e-05,0.9991622759591459,8.934182544136785e+19,1.457218882759046e+17,1.5357919101745596e+22,1.5359619769871536e+22,1.1559467468166995,1.4008015452724238
sc,100.0,0,1.0991083659985862e-05,0.9991894236350785,9.020192342729431e+19,1.443325129489053e+17,1.5357919101745596e+22,1.5359632482885096e+22,1.1563255445434502,1.4013885645477315
sc,100.0,0,1.0991373112199139e-05,0.9992157374726489,9.104391974229346e+19,1.429978101137718e+17,1.5357919101745596e+22,1.5359645302647742e+22,1.1566967239916361,1.401961516312661
sc,100.0,0,1.0991653673452932e-05,0.9992412430411757,9.186790303733108e+19,1.417153503388744e+17,1.5357919101745596e+22,1.5359658181723913e+22,1.1570603204552428,1.402520626899269
sc,100.0,0,1.0991925616412885e-05,0.9992659651284441,9.267398262299125e+19,1.4048282609554445e+17,1.5357919101745596e+22,1.5359671065593598e+22,1.1574163766208774,1.403066125327704
sc,100.0,0,1.0992189205408847e-05,0.9992899277644407,9.346228697540228e+19,1.3929804496959653e+17,1.5357919101745596e+22,1.535968388938843e+22,1.1577649420851979,1.4035982428589076
sc,100.0,0,1.0992444696688121e-05,0.9993131542443747,9.42329622854701e+19,1.3815892326478824e+17,1.5357919101745596e+22,1.535969657361228e+22,1.1581060728830659,1.4041172125673975
sc,100.0,0,1.099269233866112e-05,0.999335667151011,9.49861710547954e+19,1.3706347997201029e+17,1.5357919101745596e+22,1.535970901860488e+22,1.1584398310268862,1.40462326893416
sc,100.0,0,1.0992932372139636e-05,0.9993574883763305,9.572209074085994e+19,1.3600983107938136e+17,1.5357919101745596e+22,1.5359721097473907e+22,1.1587662840573474,1.405116647459505
sc,100.0,0,1.0993165030567958e-05,0.9993786391425417,9.644091245361398e+19,1.3499618419942427e+17,1.5357919101745596e+22,1.5359732647184036e+22,1.1590855046056878,1.4055975842957493
sc,100.0,0,1.0993390540247038e-05,0.999399140022458,9.714283970496163e+19,1.3402083349077474e+17,1.5357919101745596e+22,1.5359743457469577e+22,1.1593975699674257,1.4060663158994668
sc,100.0,0,1.0993609120551912e-05,0.9994190109592647,9.78280872122346e+19,1.3308215485286736e+17,1.5357919101745596e+22,1.5359753257212262e+22,1.1597025616873937,1.4065230787030367
sc,100.0,0,1.0993820984142568e-05,0.9994382712856881,9.849687975620855e+19,1.3217860137336128e+17,1.5357919101745596e+22,1.535976169791807e+22,1.16000056515578,1.4069681088051034
sc,100.0,0,1.0994026337168478e-05,0.999456939742589,9.914945109395895e+19,1.313086990090245e+17,1.5357919101745596e+22,1.5359768333931254e+22,1.160291669214837,1.4074016416795911
sc,100.0,0,1.0994225379466936e-05,0.9994750344969942,9.978604292631203e+19,1.3047104248223077e+17,1.5357919101745596e+22,1.535977259902994e+22,1.160575965775826,1.407823911902802
sc,100.0,0,1.0994418304755431e-05,0.9994925731595847,1.0040690391959201e+20,1.2966429137636302e+17,1.5357919101745596e+22,1.5359773779111358e+22,1.1608535494457952,1.4082351528981583
sc,100.0,0,1.0994605300818213e-05,0.9995095728016559,1.0101228878080293e+20,1.2888716641495982e+17,1.5357919101745596e+22,1.535977098069653e+22,1.1611245171637512,1.408635596698058
sc,100.0,0,1.0994786549687217e-05,0.9995260499715652,1.016024573854737e+20,1.2813844591078862e+17,1.5357919101745596e+22,1.5359763095102637e+22,1.1613889678459048,1.4090254737223618
sc,100.0,0,1.0994962227817505e-05,0.9995420207106823,1.0217767395684249e+20,1.2741696237281824e+17,1.5357919101745596e+22,1.535974875819706e+22,1.1616470020396632,1.4094050125728939
sc,100.0,0,1.0995132506257437e-05,0.999557500568858,1.0273820629528142e+20,1.2672159926047378e+17,1.5357919101745596e+22,1.5359726305800442e+22,1.161898721586313,1.4097744398435084
sc,100.0,0,1.0995297550813662e-05,0.9995725046194238,1.0328432505635498e+20,1.2605128787664278e+17,1.5357919101745596e+22,1.5359693724929942e+22,1.1621442292923254,1.4101339799450399
sc,100.0,0,1.099545752221112e-05,0.9995870474737383,1.0381630307604265e+20,1.2540500439249389e+17,1.5357919101745596e+22,1.5359648601242413e+22,1.1623836286095317,1.4104838549446197
sc,100.0,0,1.0995612576248216e-05,0.9996011432952924,1.0433441474151342e+20,1.2478176699902171e+17,1.5357919101745596e+22,1.5359588063205554e+22,1.1626170233245814,1.4108242844187884
sc,100.0,0,1.0995762863947264e-05,0.9996148058133876,1.0483893540568442e+20,1.2418063318216774e+17,1.5357919101745596e+22,1.5359508723702367e+22,1.1628445172582758,1.4111554853197785
sc,100.0,0,1.099590853170039e-05,0.9996280483363992,1.0533014084386077e+20,1.2360069712002203e+17,1.5357919101745596e+22,1.5359406619953887e+22,1.1630662139756485,1.4114776718544169
sc,100.0,0,1.0996049721411005e-05,0.9996408837646369,1.058083067506531e+20,1.2304108720226637e+17,1.5357919101745596e+22,1.5359277152813535e+22,1.1632822165078396,1.4117910553750506
sc,100.0,0,1.0996186570630982e-05,0.9996533246028165,1.0627370827544607e+20,1.2250096367342922e+17,1.5357919101745596e+22,1.535911502663854e+22,1.1634926270870491,1.4120958442819682
sc,100.0,0,1.0996319212693658e-05,0.9996653829721508,1.0672661959448573e+20,1.2197951640300605e+17,1.5357919101745596e+22,1.5358914191086133e+22,1.1636975468959372,1.4123922439366667
sc,100.0,0,1.0996447776842829e-05,0.9996770706220754,1.0716731351799028e+20,1.2147596278615768e+17,1.5357919101745596e+22,1.5358667786277202e+22,1.1638970758331162,1.4126804565855287
sc,100.0,0,1.0996572388357787e-05,0.999688398941617,1.0759606113035677e+20,1.2098954577978365e+17,1.5357919101745596e+22,1.535836809284587e+22,1.1640913122962944,1.4129606812932536
sc,100.0,0,1.0996693168674577e-05,0.9996993789704162,1.0801313146181573e+20,1.2051953207890218e+17,1.5357919101745596e+22,1.535800648841655e+22,1.1642803529848105,1.4132331138855962
sc,100.0,0,1.0996810235503576e-05,0.999710021409416,1.0841879118982026e+20,1.2006521043847642e+17,1.5357919101745596e+22,1.5357573412043643e+22,1.164464292723183,1.4134979469008593
sc,100.0,0,1.0996923702943464e-05,0.9997203366312241,1.0881330436849261e+20,1.1962589014554939e+17,1.5357919101745596e+22,1.535705833808275e+22,1.1646432243072382,1.4137553695496283
sc,100.0,0,1.0997033681591765e-05,0.9997303346901605,1.0919693218453291e+20,1.1920089964585517e+17,1.5357919101745596e+22,1.5356449760856414e+22,1.1648172383742599,1.414005567682307
sc,100.0,0,1.0997140278651987e-05,0.9997400253319989,1.0956993273801941e+20,1.1878958532831453e+17,1.5357919101745596e+22,1.5355735191332502e+22,1.1649864232983367,1.4142487237639187
sc,100.0,0,1.0997243598037532e-05,0.9997494180034121,1.099325608466056e+20,1.1839131046944152e+17,1.5357919101745596e+22,1.5354901166836194e+22,1.1651508651119065,1.4144850168557896
sc,100.0,0,1.0997343740472423e-05,0.9997585218611293,1.1028506787165114e+20,1.1800545433838416e+17,1.5357919101745596e+22,1.5353933274588484e+22,1.1653106474541075,1.4147146226036234
sc,100.0,0,1.099744080358895e-05,0.9997673457808136,1.106277015648404e+20,1.1763141146172382e+17,1.5357919101745596e+22,1.5352816189619957e+22,1.1654658515462297,1.4149377132315293
sc,100.0,0,1.0997534882022375e-05,0.9997758983656704,1.1096070593406447e+20,1.1726859104507706e+17,1.5357919101745596e+22,1.5351533727301199e+22,1.16561655619425,1.4151544575416886
sc,100.0,0,1.0997626067502723e-05,0.999784187954793,1.1128432112718874e+20,1.1691641654712205e+17,1.5357919101745596e+22,1.535006891047197e+22,1.1657628378179343,1.4153650209191786
sc,100.0,0,1.0997714448943772e-05,0.9997922226312521,1.1159878333246448e+20,1.1657432539953154e+17,1.5357919101745596e+22,1.5348404050823444e+22,1.1659047705056413,1.415569565341587
sc,100.0,0,1.0997800112529352e-05,0.9998000102299411,1.1190432469453703e+20,1.1624176886439914e+17,1.5357919101745596e+22,1.534652084390284e+22,1.1660424260936435,1.4157682493931403
sc,100.0,0,1.099788314179698e-05,0.9998075583451801,1.1220117324481888e+20,1.1591821201926867e+17,1.5357919101745596e+22,1.5344400476825465e+22,1.1661758742682864,1.4159612282829175
sc,100.0,0,1.0997963617718971e-05,0.9998148743380884,1.1248955284523675e+20,1.1560313385809542e+17,1.5357919101745596e+22,1.534202374751283e+22,1.1663051826890567,1.4161486538668682
sc,100.0,0,1.0998041618781049e-05,0.9998219653437317,1.1276968314432733e+20,1.1529602749516651e+17,1.5357919101745596e+22,1.5339371194033797e+22,1.166430417130292,1.416330674673308
sc,100.0,0,1.0998117221058578e-05,0.9998288382780526,1.1304177954480811e+20,1.1499640045777885e+17,1.5357919101745596e+22,1.5336423232423462e+22,1.1665516416390456,1.4165074359316459
sc,100.0,0,1.099819049829045e-05,0.9998354998445864,1.133060531815781e+20,1.147037750528215e+17,1.5357919101745596e+22,1.5333160301185101e+22,1.1666689187063206,1.4166790796039643
sc,100.0,0,1.0998261521950722e-05,0.9998419565409749,1.1356271090949557e+20,1.1441768879146002e+17,1.5357919101745596e+22,1.532956301055169e+22,1.1667823094488932,1.4168457444193114
sc,100.0,0,1.0998330361318067e-05,0.9998482146652787,1.1381195529999059e+20,1.1413769485618342e+17,1.5357919101745596e+22,1.532561229450519e+22,1.166891873798703,1.4170075659103587
sc,100.0,0,1.099839708354309e-05,0.9998542803220991,1.1405398464585993e+20,1.1386336259420731e+17,1.5357919101745596e+22,1.5321289563503757e+22,1.16699767069687,1.4171646764522496
sc,100.0,0,1.0998461753713601e-05,0.9998601594285093,1.1428899297343552e+20,1.1359427802173166e+17,1.5357919101745596e+22,1.531657685587803e+22,1.1670997582893337,1.4173172053033438
sc,100.0,0,1.0998524434917892e-05,0.9998658577198084,1.145171700616541e+20,1.133300443237783e+17,1.5357919101745596e+22,1.5311456985894663e+22,1.1671981941213228,1.4174652786477737
sc,100.0,0,1.0998585188306059e-05,0.9998713807550962,1.1473870146716518e+20,1.1307028233563648e+17,1.5357919101745596e+22,1.5305913686580103e+22,1.167293035327807,1.4176090196394489
sc,100.0,0,1.0998644073149468e-05,0.9998767339226788,1.1495376855511473e+20,1.128146309924426e+17,1.5357919101745596e+22,1.529993174550392e+22,1.167384338817463,1.4177485484474672
sc,100.0,0,1.0998701146898405e-05,0.9998819224453096,1.1516254853496426e+20,1.1256274773495886e+17,1.5357919101745596e+22,1.5293497131875309e+22,1.167472161447752,1.4178839823026894
sc,100.0,0,1.0998756465237942e-05,0.9998869513852675,1.1536521450080667e+20,1.1231430886097328e+17,1.5357919101745596e+22,1.5286597113488943e+22,1.167556560188999,1.4180154355452914
sc,100.0,0,1.099881008214211e-05,0.9998918256492828,1.1556193547583473e+20,1.1206900981293304e+17,1.5357919101745596e+22,1.5279220362228227e+22,1.1676375922756856,1.418143019673227
sc,100.0,0,1.0998862049926409e-05,0.9998965499933099,1.1575287646037107e+20,1.1182656539441746e+17,1.5357919101745596e+22,1.5271357047074254e+22,1.1677153153433526,1.4182668433913561
sc,100.0,0,1.0998912419298702e-05,0.9999011290271548,1.1593819848315475e+20,1.1158670990924486e+17,1.5357919101745596e+22,1.5262998913758452e+22,1.1677897875498862,1.4183870126611713
sc,100.0,0,1.0998961239408573e-05,0.9999055672189612,1.1611805865550547e+20,1.11349197218824e+17,1.5357919101745596e+22,1.5254139350440235e+22,1.1678610676802392,1.4185036307509884
sc,100.0,0,1.0999008557895145e-05,0.9999098688995587,1.1629261022793515e+20,1.1111380071493162e+17,1.5357919101745596e+22,1.5244773438999369e+22,1.1679292152338987,1.418616798286455
sc,100.0,0,1.099905442093346e-05,0.9999140382666782,1.1646200264895637e+20,1.1088031320649723e+17,1.5357919101745596e+22,1.5234897991754796e+22,1.1679942904947436,1.4187266133013097
sc,100.0,0,1.0999098873279417e-05,0.999918079389038,1.1662638162576251e+20,1.1064854672056306e+17,1.5357919101745596e+22,1.5224511573635556e+22,1.1680563545831761,1.4188331712882514
sc,100.0,0,1.0999141958313349e-05,0.9999219962103045,1.1678588918648571e+20,1.1041833221877677e+17,1.5357919101745596e+22,1.5213614510006277e+22,1.1681154694906775,1.4189365652498656
sc,100.0,0,1.0999183718082255e-05,0.9999257925529323,1.1694066374378113e+20,1.1018951923211974e+17,1.5357919101745596e+22,1.5202208880545755e+22,1.168171698097164,1.4190368857494877
sc,100.0,0,1.0999224193340739e-05,0.9999294721218854,1.1709084015951952e+20,1.0996197541758168e+17,1.5357919101745596e+22,1.519029849973599e+22,1.1682251041717224,1.419134220961939
sc,100.0,0,1.0999263423590703e-05,0.9999330385082457,1.1723654981033853e+20,1.0973558604141915e+17,1.5357919101745596e+22,1.517788888464419e+22,1.1682757523575211,1.41922865672408
sc,100.0,0,1.0999301447119812e-05,0.9999364951927101,1.1737792065390443e+20,1.0951025339452117e+17,1.5357919101745596e+22,1.5164987210830172e+22,1.168323708141789,1.4193202765850865
sc,100.0,0,1.0999338301038783e-05,0.9999398455489803,1.1751507729557491e+20,1.0928589614603987e+17,1.5357919101745596e+22,1.5151602257286341e+22,1.1683690378119245,1.4194091618563787
sc,100.0,0,1.0999374021317546e-05,0.9999430928470496,1.1764814105550774e+20,1.0906244864175784e+17,1.5357919101745596e+22,1.5137744341411213e+22,1.168411808398932,1.4194953916612172
sc,100.0,0,1.0999408642820265e-05,0.9999462402563877,1.1777723003580162e+20,1.0883986015443712e+17,1.5357919101745596e+22,1.5123425245076635e+22,1.1684520876093596,1.4195790429838064
sc,100.0,0,1.0999442199339309e-05,0.9999492908490282,1.1790245918774816e+20,1.0861809409317274e+17,1.5357919101745596e+22,1.5108658132882945e+22,1.1684899437470875,1.4196601907179531
sc,100.0,0,1.0999474723628188e-05,0.9999522476025626,1.1802394037895315e+20,1.0839712717913107e+17,1.5357919101745596e+22,1.50934574637148e+22,1.1685254456262693,1.4197389077152112
sc,100.0,0,1.0999506247433445e-05,0.9999551134030404,1.1814178246020673e+20,1.0817694859515194e+17,1.5357919101745596e+22,1.5077838896737355e+22,1.168558662476743,1.4198152648324238
sc,100.0,0,1.0999536801525606e-05,0.9999578910477824,1.1825609133207113e+20,1.0795755911614064e+17,1.5357919101745596e+22,1.5061819192914305e+22,1.1685896638432827,1.4198893309787355
sc,100.0,0,1.0999566415729164e-05,0.9999605832481058,1.1836697001100508e+20,1.0773897022760171e+17,1.5357919101745596e+22,1.504541611316849e+22,1.1686185194799406,1.4199611731619213
sc,100.0,0,1.0999595118951634e-05,0.9999631926319668,1.1847451869497049e+20,1.0752120323877066e+17,1.5357919101745596e+22,1.5028648314198213e+22,1.1686452992407825,1.420030856534104
sc,100.0,0,1.0999622939211742e-05,0.9999657217465221,1.1857883482849413e+20,1.0730428839682261e+17,1.5357919101745596e+22,1.501153524296882e+22,1.1686700729682076,1.420098444436793
sc,100.0,0,1.0999649903666725e-05,0.9999681730606114,1.1868001316701087e+20,1.0708826400819378e+17,1.5357919101745596e+22,1.4994097030816114e+22,1.1686929103799983,1.4201639984452186
sc,100.0,0,1.0999676038638799e-05,0.9999705489671635,1.1877814584050952e+20,1.0687317557240747e+17,1.5357919101745596e+22,1.4976354388030857e+22,1.1687138809561841,1.420227578411968
sc,100.0,0,1.0999701369640831e-05,0.9999728517855301,1.1887332241644056e+20,1.0665907493350288e+17,1.5357919101745596e+22,1.4958328499742033e+22,1.1687330538267195,1.4202892425099067
sc,100.0,0,1.0999725921401199e-05,0.9999750837637453,1.189656299617026e+20,1.0644601945370459e+17,1.5357919101745596e+22,1.4940040923831622e+22,1.1687504976608734,1.4203490472743314
sc,100.0,0,1.09997497178879e-05,0.9999772470807182,1.190551531038295e+20,1.062340712132113e+17,1.5357919101745596e+22,1.492151349153672e+22,1.1687662805591827,1.420407047644398
sc,100.0,0,1.099977278233193e-05,0.9999793438483573,1.191419740912856e+20,1.0602329623961288e+17,1.5357919101745596e+22,1.490276821131873e+22,1.1687804699487112,1.4204632970038078
sc,100.0,0,1.0999795137249921e-05,0.9999813761136291,1.1922617285274372e+20,1.0581376377012786e+17,1.5357919101745596e+22,1.4883827176518218e+22,1.1687931324822485,1.4205178472206976
sc,100.0,0,1.0999816804466099e-05,0.9999833458605545,1.1930782705545159e+20,1.0560554554895184e+17,1.5357919101745596e+22,1.4864712477217074e+22,1.1688043339420446,1.420570748686785
sc,100.0,0,1.0999837805133577e-05,0.9999852550121434,1.1938701216263058e+20,1.053987151617425e+17,1.5357919101745596e+22,1.4845446116663389e+22,1.1688141391485578,1.420622050355758
sc,100.0,0,1.0999858159754965e-05,0.9999871054322695,1.1946380148976958e+20,1.0519334740903837e+17,1.5357919101745596e+22,1.482604993256658e+22,1.1688226118746055,1.42067179978085
sc,100.0,0,1.0999877888202374e-05,0.9999888989274885,1.1953826625999343e+20,1.0498951771932912e+17,1.5357919101745596e+22,1.4806545523456306e+22,1.168829814765268,1.4207200431516982
sc,100.0,0,1.0999897009736801e-05,0.9999906372488001,1.1961047565836694e+20,1.0478730160276267e+17,1.5357919101745596e+22,1.4786954180283968e+22,1.1688358092637763,1.4207668253304127
sc,100.0,0,1.09999155430269e-05,0.9999923220933546,1.196804968850888e+20,1.0458677414588018e+17,1.5357919101745596e+22,1.476729682337752e+22,1.168840655543572,1.4208121898868495
sc,100.0,0,1.0999933506167206e-05,0.9999939551061097,1.1974839520772542e+20,1.0438800954696789e+17,1.5357919101745596e+22,1.4747593944756698e+22,1.1688444124466615,1.4208561791331815
sc,100.0,0,1.0999950916695772e-05,0.9999955378814338,1.198142340123291e+20,1.0419108069212546e+17,1.5357919101745596e+22,1.4727865555851655e+22,1.1688471374283076,1.4208988341576678
sc,100.0,0,1.0999967791611283e-05,0.999997071964662,1.1987807485352193e+20,1.039960587711771e+17,1.5357919101745596e+22,1.4708131140553906e+22,1.1688488865080733,1.4209401948576885
sc,100.0,0,1.099998414738963e-05,0.9999985588536029,1.199399775034969e+20,1.0380301293268843e+17,1.5357919101745596e+22,1.468840961352241e+22,1.1688497142271608,1.4209802999720265
sc,100.0,0,1.1e-05,1.0,1.2e+20,1.0361200997685272e+17,1.5357919101745596e+22,1.466871928361431e+22,1.1688496736119542,1.4210191871124291
oc,100.0,1.133576311153816,0.0,0.0,9.590179419841658e+16,1.2e+20,1.5357919101745596e+22,1.3577156723489884e+22,1.2127623439627835,0.0
oc,100.0,1.133576311153816,1.5852610367572685e-11,1.4411463970520622e-06,9.613691290236411e+16,1.1994642030506867e+20,1.5357919101745596e+22,1.360436628294572e+22,1.2127623439627835,4.2313011562985066e-05
oc,100.0,1.133576311153816,3.2208388717036575e-11,2.9280353379124158e-06,9.637656399863578e+16,1.1989115815587699e+20,1.5357919101745596e+22,1.3631995911220488e+22,1.2127617320780282,8.595273361680613e-05
oc,100.0,1.133576311153816,4.9083304228147994e-11,4.462118566195272e-06,9.662075278903029e+16,1.1983416137731523e+20,1.5357919101745596e+22,1.3660038096803265e+22,1.2127604628682502,0.00013096022783058616
oc,100.0,1.133576311153816,6.649383279366816e-11,6.044893890333469e-06,9.68694798290686e+16,1.1977537622153753e+20,1.5357919101745596e+22,1.3688484361065835e+22,1.2127584887370648,0.0001773777922125198
oc,100.0,1.133576311153816,8.44569730995004e-11,7.677906645409127e-06,9.712274075046446e+16,1.1971474732370516e+20,1.5357919101745596e+22,1.3717325224560002e+22,1.2127557598769299,0.00022524899612892107
oc,100.0,1.133576311153816,1.0299026319943172e-10,9.362751199948338e-06,9.738052609329094e+16,1.1965221765676858e+20,1.5357919101745596e+22,1.374655017459862e+22,1.212752224215891,0.0002746187161285183
oc,100.0,1.133576311153816,1.2211179762539047e-10,1.1101072511399135e-05,9.76428211501125e+16,1.1958772848518685e+20,1.5357919101745596e+22,1.3776147634433934e+22,1.212747827366405,0.0003255331726484957
oc,100.0,1.133576311153816,1.418402450356626e-10,1.2894567730514783e-05,9.790960582392568e+16,1.1952121931763646e+20,1.5357919101745596e+22,1.3806104934308207e+22,1.2127425125765585,0.00037803996757418174
oc,100.0,1.133576311153816,1.6219486642243818e-10,1.474498785658529e-05,9.818085450213629e+16,1.1945262785869785e+20,1.5357919101745596e+22,1.3836408284693135e+22,1.2127362206840069,0.0004321881226726332
oc,100.0,1.133576311153816,1.8319553390006016e-10,1.6654139445460014e-05,9.84565359489292e+16,1.1938188995949301e+20,1.5357919101745596e+22,1.3867042752053998e+22,1.2127288900729631,0.00048802811891806354
oc,100.0,1.133576311153816,2.0486275007947086e-10,1.8623886370860987e-05,9.873661321827653e+16,1.193089395673217e+20,1.5357919101745596e+22,1.3897992237462353e+22,1.212720456634585,0.0005456119366824568
oc,100.0,1.133576311153816,2.2721766807037856e-10,2.065615164276169e-05,9.902104359041782e+16,1.192337086742358e+20,1.5357919101745596e+22,1.3929239458453045e+22,1.2127108537311044,0.0006049930968579842
oc,100.0,1.133576311153816,2.5028211210015303e-10,2.2752919281832096e-05,9.930977853406128e+16,1.1915612726464484e+20,1.5357919101745596e+22,1.3960765934450265e+22,1.212700012164069,0.0006662267028355334
oc,100.0,1.133576311153816,2.7407859880196337e-10,2.4916236254723945e-05,9.960276369747496e+16,1.1907612326184975e+20,1.5357919101745596e+22,1.3992551976197738e+22,1.212687860147037,0.0007293694834296287
oc,100.0,1.133576311153816,2.986303591691053e-10,2.7148214469918663e-05,9.989993893098634e+16,1.1899362247361738e+20,1.5357919101745596e+22,1.402457667955139e+22,1.2126743232831034,0.0007944798366893254
oc,100.0,1.133576311153816,3.239613612005532e-10,2.9451032836413926e-05,1.0020123834384806e+17,1.1890854853677154e+20,1.5357919101745596e+22,1.4056817924042475e+22,1.2126593245476112,0.0008616178746061889
oc,100.0,1.133576311153816,3.5009633327559573e-10,3.182693938869052e-05,1.0050659039862915e+17,1.1882082286077436e+20,1.5357919101745596e+22,1.4089252376635437e+22,1.2126427842763983,0.00093084546876103
oc,100.0,1.133576311153816,3.770607882569443e-10,3.427825347790403e-05,1.008159180458412e+17,1.1873036457041386e+20,1.5357919101745596e+22,1.4121855501062789e+22,1.2126246201599393,0.0010022262968455106
oc,100.0,1.133576311153816,4.048810483650578e-10,3.680736803318707e-05,1.0112913890204464e+17,1.1863709044752089e+20,1.5357919101745596e+22,1.4154601573157546e+22,1.2126047472437127,0.00107582589010593
oc,100.0,1.133576311153816,4.335842708358961e-10,3.9416751894172375e-05,1.014461654742962e+17,1.1854091487182651e+20,1.5357919101745596e+22,1.4187463702572496e+22,1.2125830779351163,0.0011517116816715978
oc,100.0,1.133576311153816,4.631984743932449e-10,4.210895221756772e-05,1.0176690543397962e+17,1.1844174976094128e+20,1.5357919101745596e+22,1.4220413861277706e+22,1.2125595220172423,0.0012299530557761517
oc,100.0,1.133576311153816,4.937525665545395e-10,4.488659695950359e-05,1.0209126194282451e+17,1.1833950450953044e+20,1.5357919101745596e+22,1.4253422919194954e+22,1.2125339866697902,0.0013106213978434317
oc,100.0,1.133576311153816,5.252763718117115e-10,4.775239743742832e-05,1.0241913403407229e+17,1.1823408592768677e+20,1.5357919101745596e+22,1.4286460687338965e+22,1.2125063764973647,0.0013937901454645267
oc,100.0,1.133576311153816,5.578006606901109e-10,5.0709150971828265e-05,1.0275041705117586e+17,1.1812539817860651e+20,1.5357919101745596e+22,1.4319495968751887e+22,1.2124765935654016,0.0014795348401860585
oc,100.0,1.133576311153816,5.91357179736185e-10,5.375974361238045e-05,1.0308500314672427e+17,1.1801334271558746e+20,1.5357919101745596e+22,1.4352496617547576e+22,1.2124445374438875,0.0015679331801503433
oc,100.0,1.133576311153816,6.259786824534542e-10,5.690715295031401e-05,1.0342278184373322e+17,1.1789781821839804e+20,1.5357919101745596e+22,1.438542960629233e+22,1.212410105259025,0.0016590650735402784
oc,100.0,1.133576311153816,6.61698961216095e-10,6.0154451019645006e-05,1.0376364066125611e+17,1.1777872052913783e+20,1.5357919101745596e+22,1.4418261101923348e+22,1.21237319175294,0.0017530126928018194
oc,100.0,1.133576311153816,6.985528801894402e-10,6.350480728994912e-05,1.0410746580594093e+17,1.176559425876256e+20,1.5357919101745596e+22,1.4450956550340553e+22,1.2123336893514753,0.001849860529610809
oc,100.0,1.133576311153816,7.365764092976956e-10,6.696149175433597e-05,1.0445414293088338e+17,1.1752937436641277e+20,1.5357919101745596e+22,1.4483480769759025e+22,1.2122914882400495,0.0019496954505733289
oc,100.0,1.133576311153816,7.758066592602475e-10,7.052787811456795e-05,1.0480355796252478e+17,1.1739890280552705e+20,1.5357919101745596e+22,1.45157980528174e+22,1.2122464764475047,0.0020526067535921546
oc,100.0,1.133576311153816,8.162819177441882e-10,7.420744706765348e-05,1.0515559799608936e+17,1.1726441174701493e+20,1.5357919101745596e+22,1.4547872277382721e+22,1.2121985399377868,0.002158686224893727
oc,100.0,1.133576311153816,8.580416866495465e-10,7.800378969541333e-05,1.0551015225924357e+17,1.1712578186946983e+20,1.5357919101745596e+22,1.4579667025880014e+22,1.2121475627092515,0.0022680281966207206
oc,100.0,1.133576311153816,9.011267205821794e-10,8.19206109620163e-05,1.0586711314343941e+17,1.1698289062257828e+20,1.5357919101745596e+22,1.4611145712910104e+22,1.2120934269012644,0.0023807296049883015
oc,100.0,1.133576311153816,9.455790665399698e-10,8.596173332181545e-05,1.062263773014711e+17,1.1683561216189571e+20,1.5357919101745596e+22,1.464227172079691e+22,1.212036012907727,0.0024968900489168574
oc,100.0,1.133576311153816,9.914421048550782e-10,9.013110044137074e-05,1.0658784680927598e+17,1.1668381728396114e+20,1.5357919101745596e+22,1.4673008542609566e+22,1.2119751994970362,0.0026166118490900405
oc,100.0,1.133576311153816,1.0387605914276564e-09,9.443278103887787e-05,1.0695143038922605e+17,1.1652737336192978e+20,1.5357919101745596e+22,1.4703319932089424e+22,1.2119108639379192,0.0027400001073585112
oc,100.0,1.133576311153816,1.0875807012974414e-09,9.887097284522195e-05,1.0731704469146738e+17,1.163661442818957e+20,1.5357919101745596e+22,1.4733170059799513e+22,1.211842882130461,0.002867162766428772
oc,100.0,1.133576311153816,1.1379500735910763e-09,0.00010345000669009785,1.0768461562903274e+17,1.1619999038009891e+20,1.5357919101745596e+22,1.4762523674689323e+22,1.211771128741575,0.002998210669743919
oc,100.0,1.133576311153816,1.1899178578885228e-09,0.00010817435071713843,1.0805407976169058e+17,1.1602876838122285e+20,1.5357919101745596e+22,1.4791346270148107e+22,1.2116954773440496,0.0031332576214667764
oc,100.0,1.133576311153816,1.243534762056797e-09,0.0001130486147324361,1.0842538572269246e+17,1.1585233133800563e+20,1.5357919101745596e+22,1.4819604253501051e+22,1.2116158005582058,0.003272420446477339
oc,100.0,1.133576311153816,1.2988531015943882e-09,0.00011807755469039893,1.0879849568175426e+17,1.1567052857241515e+20,1.5357919101745596e+22,1.484726511777644e+22,1.2115319701951224,0.0034158190502718956
oc,100.0,1.133576311153816,1.3559268505321519e-09,0.00012326607732110473,1.0917338683681578e+17,1.1548320561865756e+20,1.5357919101745596e+22,1.4874297614459354e+22,1.2114438574002755,0.0035635764786452685
oc,100.0,1.133576311153816,1.4148116939419752e-09,0.00012861924490381593,1.095500529263773e+17,1.1529020416829466e+20,1.5357919101745596e+22,1.4900671925832806e+22,1.2113513327963676,0.0037158189770388934
oc,100.0,1.133576311153816,1.475565082107555e-09,0.0001341422801915959,1.099285057535256e+17,1.1509136201776998e+20,1.5357919101745596e+22,1.492635983541021e+22,1.211254266624022,0.0038726760494317753
oc,100.0,1.133576311153816,1.5382462863975932e-09,0.0001398405714906903,1.1030877671198635e+17,1.1488651301871321e+20,1.5357919101745596e+22,1.4951334894862049e+22,1.2111525288789857,0.004034280516600882
oc,100.0,1.133576311153816,1.602916456910408e-09,0.0001457196779009462,1.1069091830414016e+17,1.1467548703132995e+20,1.5357919101745596e+22,1.4975572585771702e+22,1.2110459894443795,0.004200768573636944
oc,100.0,1.133576311153816,1.6696386819333165e-09,0.00015178533472121059,1.110750056402986e+17,1.1445810988130194e+20,1.5357919101745596e+22,1.499905047448362e+22,1.2109345182165392,0.004372279846519832
oc,100.0,1.133576311153816,1.738478049276626e-09,0.00015804345902514783,1.1146113790825994e+17,1.1423420332060179e+20,1.5357919101745596e+22,1.5021748358269838e+22,1.210817985222937,0.004548957447584242
oc,100.0,1.133576311153816,1.8095017095494103e-09,0.00016450015541358276,1.118494398019708e+17,1.1400358499264043e+20,1.5357919101745596e+22,1.5043648401020622e+22,1.2106962607306637,0.004730948029708277
oc,100.0,1.133576311153816,1.8827789414216367e-09,0.00017116172194742152,1.122400628979251e+17,1.1376606840227591e+20,1.5357919101745596e+22,1.5064735256661092e+22,1.210569215344005,0.0049184018389819804
oc,100.0,1.133576311153816,1.958381218950811e-09,0.00017803465626825554,1.126331869682097e+17,1.1352146289114448e+20,1.5357919101745596e+22,1.5084996178536535e+22,1.2104367200896362,0.005111472765680961
oc,100.0,1.133576311153816,2.0363822810287035e-09,0.00018512566191170032,1.1302902121926622e+17,1.132695736188899e+20,1.5357919101745596e+22,1.5104421113059024e+22,1.2102986464880665,0.005310318393293174
oc,100.0,1.133576311153816,2.1168582030189895e-09,0.00019244165481990816,1.1342780544603322e+17,1.1301020155086222e+20,1.5357919101745596e+22,1.51230027760052e+22,1.2101548666100408,0.005515100045366421
oc,100.0,1.133576311153816,2.199887470647477e-09,0.00019998977005886154,1.138298110917807e+17,1.1274314345293562e+20,1.5357919101745596e+22,1.5140736709971937e+22,1.2100052531167464,0.005725982829900368
oc,100.0,1.133576311153816,2.285551056227353e-09,0.00020777736874794117,1.142353422049958e+17,1.1246819189407426e+20,1.5357919101745596e+22,1.5157621321656439e+22,1.2098496792828135,0.005943135681038539
oc,100.0,1.133576311153816,2.3739324972774643e-09,0.00021581204520704222,1.14644736285754e+17,1.1218513525740254e+20,1.5357919101745596e+22,1.5173657897811145e+22,1.2096880190013113,0.006166731397731763
oc,100.0,1.133576311153816,2.4651179776252194e-09,0.00022410163432956542,1.150583650155276e+17,1.1189375776048736e+20,1.5357919101745596e+22,1.5188850598945254e+22,1.2095201467701395,0.006396946679107209
oc,100.0,1.133576311153816,2.5591964110509015e-09,0.00023265421918644558,1.1547663486589936e+17,1.1159383948571161e+20,1.5357919101745596e+22,1.5203206430097486e+22,1.2093459376595042,0.0066339621561656075
oc,100.0,1.133576311153816,2.656259527577809e-09,0.0002414781388707099,1.1589998758368328e+17,1.1128515642150468e+20,1.5357919101745596e+22,1.5216735188279169e+22,1.2091652672603976,0.006877962419525685
oc,100.0,1.133576311153816,2.756401962466237e-09,0.00025058199658783975,1.1632890055178734e+17,1.1096748051541465e+20,1.5357919101745596e+22,1.5229449386490314e+22,1.20897801161438,0.00712913604279284
oc,100.0,1.133576311153816,2.8597213480120453e-09,0.00025997466800109503,1.167638870275825e+17,1.1064057973995622e+20,1.5357919101745596e+22,1.524136415454047e+22,1.2087840471252378,0.007387675601211608
oc,100.0,1.133576311153816,2.9663184082353023e-09,0.00026966530983957293,1.172054962628236e+17,1.1030421817221366e+20,1.5357919101745596e+22,1.5252497117237815e+22,1.2085832504534662,0.0076537776851967245
oc,100.0,1.133576311153816,3.0762970565353374e-09,0.0002796633687759398,1.1765431351160274e+17,1.0995815608836746e+20,1.5357919101745596e+22,1.526286825086216e+22,1.20837549839493,0.007927642908288249
oc,100.0,1.133576311153816,3.189764496423941e-09,0.00028997859058399467,1.1811095993553155e+17,1.0960215007415953e+20,1.5357919101745596e+22,1.5272499719188632e+22,1.2081606677453514,0.008209475909137707
oc,100.0,1.133576311153816,3.306831325422199e-09,0.0003006210295838363,1.1857609241777515e+17,1.0923595315256826e+20,1.5357919101745596e+22,1.5281415690672755e+22,1.207938635152714,0.008499485347038588
oc,100.0,1.133576311153816,3.427611642213779e-09,0.00031160105838307084,1.1905040330015491e+17,1.0885931492991774e+20,1.5357919101745596e+22,1.5289642138739013e+22,1.207709276960029,0.008797883890505141
oc,100.0,1.133576311153816,3.552223157170686e-09,0.00032292937792460785,1.1953462006007512e+17,1.084719817616992e+20,1.5357919101745596e+22,1.5297206627429608e+22,1.2074724690412078,0.009104888198432385
oc,100.0,1.133576311153816,3.680787306341249e-09,0.00033461702784920444,1.2002950494622643e+17,1.0807369693951464e+20,1.5357919101745596e+22,1.5304138084946643e+22,1.2072280866331755,0.009420718893276378
oc,100.0,1.133576311153816,3.813429369018795e-09,0.0003466753971835268,1.2053585459428173e+17,1.0766420090052084e+20,1.5357919101745596e+22,1.5310466567870509e+22,1.2069760041675872,0.009745600525735969
oc,100.0,1.133576311153816,3.950278588993605e-09,0.00035911623536305504,1.2105449964556278e+17,1.072432314608756e+20,1.5357919101745596e+22,1.5316223019025238e+22,1.206716095105787,0.010079761530349058
oc,100.0,1.133576311153816,4.091468299609047e-09,0.00037195166360082244,1.2158630439332406e+17,1.0681052407469724e+20,1.5357919101745596e+22,1.5321439022115426e+22,1.206448231780806,0.010423434171432449
oc,100.0,1.133576311153816,4.2371360527360675e-09,0.0003851941866123698,1.2213216648247205e+17,1.0636581212012243e+20,1.5357919101745596e+22,1.532614655634207e+22,1.2061722852503522,0.010776854478749246
oc,100.0,1.133576311153816,4.387423751783914e-09,0.0003988567047076286,1.2269301668936638e+17,1.0590882721409566e+20,1.5357919101745596e+22,1.5330377754222424e+22,1.2058881251647748,0.011140262172268265
oc,100.0,1.133576311153816,4.5424777888789516e-09,0.00041295252626172285,1.2326981880883792e+17,1.0543929955753268e+20,1.5357919101745596e+22,1.533416466580627e+22,1.2055956196539888,0.01151390057538634
oc,100.0,1.133576311153816,4.702449186337998e-09,0.00042749538057618164,1.2386356967545776e+17,1.049569583125621e+20,1.5357919101745596e+22,1.5337539032355288e+22,1.2052946352372402,0.01189801651594358
oc,100.0,1.133576311153816,4.8674937425619564e-09,0.0004424994311419961,1.244752993456703e+17,1.0446153201359446e+20,1.5357919101745596e+22,1.5340532072388233e+22,1.2049850367594568,0.012292860214334067
oc,100.0,1.133576311153816,5.03777218249446e-09,0.0004579792893176782,1.2510607146649704e+17,1.0395274901393234e+20,1.5357919101745596e+22,1.5343174282741004e+22,1.2046666873576466,0.012698685158034973
oc,100.0,1.133576311153816,5.213450312782919e-09,0.0004739500284348108,1.2575698385522933e+17,1.0343033796968479e+20,1.5357919101745596e+22,1.5345495256995388e+22,1.2043394484605339,0.013115747961835334
oc,100.0,1.133576311153816,5.394699181784867e-09,0.0004904271983440789,1.2642916931277574e+17,1.0289402836275757e+20,1.5357919101745596e+22,1.534752352327336e+22,1.2040031798242232,0.0135443082130367
oc,100.0,1.133576311153816,5.581695244568585e-09,0.0005074268404153259,1.2712379669137715e+17,1.0234355106462989e+20,1.5357919101745596e+22,1.5349286402998443e+22,1.2036577396062713,0.013984628300892213
oc,100.0,1.133576311153816,5.7746205330643226e-09,0.0005249655030058475,1.2784207223506885e+17,1.0177863894264383e+20,1.5357919101745596e+22,1.535080989178996e+22,1.2033029844800456,0.014436973229549585
oc,100.0,1.133576311153816,5.973662831521231e-09,0.000543060257411021,1.2858524120881792e+17,1.0119902751044916e+20,1.5357919101745596e+22,1.5352118563208811e+22,1.2029387697907648,0.014901610413744798
oc,100.0,1.133576311153816,6.179015857431192e-09,0.0005617287143119265,1.2935458982964024e+17,1.0060445562423248e+20,1.5357919101745596e+22,1.5353235495611544e+22,1.2025649497540778,0.015378809456494957
oc,100.0,1.133576311153816,6.390879448088693e-09,0.0005809890407353357,1.301514475104138e+17,9.999466622620754e+19,1.5357919101745596e+22,1.5354182221903467e+22,1.2021813776975045,0.0158688419080474
oc,100.0,1.133576311153816,6.609459752962621e-09,0.0006008599775420564,1.3097718942457946e+17,9.936940713678012e+19,1.5357919101745596e+22,1.5354978701557992e+22,1.201787906344528,0.016371981005351442
oc,100.0,1.133576311153816,6.83496943204237e-09,0.0006213608574583973,1.3183323939742635e+17,9.87284318966935e+19,1.5357919101745596e+22,1.5355643313841911e+22,1.201384388140672,0.01688850139128581
oc,100.0,1.133576311153816,7.067627860364078e-09,0.0006425116236694617,1.3272107312771086e+17,9.807150066019728e+19,1.5357919101745596e+22,1.5356192870829786e+22,1.2009706756203569,0.017418678812976787
oc,100.0,1.133576311153816,7.30766133887939e-09,0.0006643328489890354,1.3364222174133099e+17,9.739838114023314e+19,1.5357919101745596e+22,1.5356642648467628e+22,1.2005466218130048,0.01796278979844883
oc,100.0,1.133576311153816,7.555303311878037e-09,0.0006868457556252761,1.345982756775223e+17,9.670884960628279e+19,1.5357919101745596e+22,1.535700643368624e+22,1.2001120806864305,0.018521111310973403
oc,100.0,1.133576311153816,7.810794591152303e-09,0.0007100722355593003,1.3559088890698666e+17,9.600269193534708e+19,1.5357919101745596e+22,1.5357296585375436e+22,1.1996669076253073,0.019093920380445713
oc,100.0,1.133576311153816,8.074383587114653e-09,0.0007340348715558775,1.3662178348094038e+17,9.527970471618788e+19,1.5357919101745596e+22,1.535752410690074e+22,1.1992109599422516,0.019681493711195132
oc,100.0,1.133576311153816,8.346326547068184e-09,0.0007587569588243803,1.3769275441003752e+17,9.45396964066695e+19,1.5357919101745596e+22,1.5357698727790032e+22,1.1987440974189367,0.020284107265638562
oc,100.0,1.133576311153816,8.62688780086257e-09,0.0007842625273511428,1.3880567487279773e+17,9.378248854358077e+19,1.5357919101745596e+22,1.5357828992224341e+22,1.198266182874515,0.020902035823296108
oc,100.0,1.133576311153816,8.916340014136991e-09,0.0008105763649215447,1.3996250175408357e+17,9.300791700403308e+19,1.5357919101745596e+22,1.5357922352045748e+22,1.1977770827586733,0.02153555251466272
oc,100.0,1.133576311153816,9.214964449395513e-09,0.0008377240408541375,1.411652815158692e+17,9.221583331690655e+19,1.5357919101745596e+22,1.5357985262114483e+22,1.1972766677666011,0.022184928329578406
oc,100.0,1.133576311153816,9.523051235139635e-09,0.0008657319304672395,1.4241615640442542e+17,9.14061060224265e+19,1.5357919101745596e+22,1.5358023276035473e+22,1.1967648134732878,0.022850431599752388
oc,100.0,1.133576311153816,9.840899643304701e-09,0.0008946272403004274,1.4371737100046582e+17,9.057862207732243e+19,1.5357919101745596e+22,1.5358041140478953e+22,1.1962414009846436,0.023532327455212592
oc,100.0,1.133576311153816,1.0168818375244415e-08,0.0009244380341131286,1.450712791214675e+17,8.97332883024353e+19,1.5357919101745596e+22,1.5358042886566937e+22,1.195706317603095,0.024230877254522117
oc,100.0,1.133576311153816,1.050712585652297e-08,0.0009551932596839063,1.4648035108833872e+17,8.88700328689637e+19,1.5357919101745596e+22,1.5358031917057627e+22,1.1951594575054427,0.024946337988721947
oc,100.0,1.133576311153816,1.0856150540770048e-08,0.0009869227764336408,1.4794718137168986e+17,8.79888068188562e+19,1.5357919101745596e+22,1.5358011088321357e+22,1.1946007224309287,0.02567896165904363
oc,100.0,1.133576311153816,1.1216231222873463e-08,0.0010196573838975875,1.4947449663623824e+17,8.708958561406704e+19,1.5357919101745596e+22,1.535798278637026e+22,1.1940300223775926,0.026428994628579866
oc,100.0,1.133576311153816,1.1587717361786653e-08,0.001053428851071514,1.5106516420512208e+17,8.617237070860465e+19,1.5357919101745596e+22,1.5357948996445138e+22,1.193447276305101,0.02719667694821699
oc,100.0,1.133576311153816,1.1970969413231335e-08,0.0010882699466573942,1.5272220096914534e+17,8.523719113649077e+19,1.5357919101745596e+22,1.5357911365905746e+22,1.1928524128423452,0.02798224165726034
oc,100.0,1.133576311153816,1.2366359172584106e-08,0.0011242144702349188,1.544487827691547e+17,8.428410510782879e+19,1.5357919101745596e+22,1.5357871260361634e+22,1.1922453709981506,0.028785914059330463
oc,100.0,1.133576311153816,1.2774270128259657e-08,0.0011612972843872416,1.562482542828992e+17,8.33132016042968e+19,1.5357919101745596e+22,1.5357829813172152e+22,1.191626100873418,0.02960791097429401
oc,100.0,1.133576311153816,1.3195097825883073e-08,0.001199554347807552,1.5812413945055382e+17,8.232460196446249e+19,1.5357919101745596e+22,1.5357787968574537e+22,1.1909945643730522,0.0304484399670967
oc,100.0,1.133576311153816,1.3629250243573032e-08,0.0012390227494157302,1.6008015247595283e+17,8.131846144837834e+19,1.5357919101745596e+22,1.5357746518821737e+22,1.1903507359159125,0.0313076985545782
oc,100.0,1.133576311153816,1.4077148178667454e-08,0.001279740743515223,1.621202094432307e+17,8.029497076994941e+19,1.5357919101745596e+22,1.5357706135789879e+22,1.1896946031409317,0.03218587339152606
oc,100.0,1.133576311153816,1.4539225646207298e-08,0.0013217477860188453,1.6424844059091104e+17,7.925435758470657e+19,1.5357919101745596e+22,1.5357667397564449e+22,1.1890261676074323,0.03308313943735848
oc,100.0,1.133576311153816,1.501593028953513e-08,0.0013650845717759208,1.664692032879307e+17,7.819688791964354e+19,1.5357919101745596e+22,1.5357630810544247e+22,1.1883454454874534,0.03399965910507535
oc,100.0,1.133576311153816,1.55077238033528e-08,0.001409793073032073,1.6878709575816717e+17,7.712286753097422e+19,1.5357919101745596e+22,1.5357596827604344e+22,1.1876524682477425,0.03493558139426339
oc,100.0,1.133576311153816,1.6015082369593702e-08,0.001455916579053973,1.712069716020844e+17,7.603264317486668e+19,1.5357919101745596e+22,1.535756586284657e+22,1.1869472833188575,0.03589104101013605
oc,100.0,1.133576311153816,1.6538497106481364e-08,0.0015034997369528513,1.7373395516602205e+17,7.492660377546523e+19,1.5357919101745596e+22,1.5357538303430822e+22,1.1862299547485802,0.03686615747079341
oc,100.0,1.133576311153816,1.7078474531153074e-08,0.0015525885937411887,1.7637345781151526e+17,7.380518147393721e+19,1.5357919101745596e+22,1.5357514518952633e+22,1.185500563836643,0.037861034205070095
oc,100.0,1.133576311153816,1.7635537036227667e-08,0.0016032306396570606,1.7913119513863616e+17,7.2668852541769155e+19,1.5357919101745596e+22,1.5357494868775855e+22,1.1847592097475466,0.038875757643507876
oc,100.0,1.133576311153816,1.8210223380721703e-08,0.001655474852792882,1.8201320521910938e+17,7.151813814118354e+19,1.5357919101745596e+22,1.5357479707688118e+22,1.1840060100980394,0.03991039630519643
oc,100.0,1.133576311153816,1.8803089195716493e-08,0.0017093717450651358,1.850258678963574e+17,7.035360491538494e+19,1.5357919101745596e+22,1.5357469390193822e+22,1.1832411015156319,0.04096499988337447
oc,100.0,1.133576311153816,1.9414707505186866e-08,0.0017649734095624425,1.8817592521108435e+17,6.917586539135344e+19,1.5357919101745596e+22,1.5357464273712788e+22,1.1824646401643755,0.042039598332840426
oc,100.0,1.133576311153816,2.0045669262421574e-08,0.001822333569311052,1.9147050301231094e+17,6.798557817811302e+19,1.5357919101745596e+22,1.5357464720909097e+22,1.1816768022339692,0.043134200962383955
oc,100.0,1.133576311153816,2.069658390247253e-08,0.0018815076274975029,1.9491713381487664e+17,6.67834479438685e+19,1.5357919101745596e+22,1.5357471101331018e+22,1.1808777843881575,0.044248795535573524
oc,100.0,1.133576311153816,2.1368079911068928e-08,0.0019425527191880843,1.9852378096529222e+17,6.557022515612208e+19,1.5357919101745596e+22,1.5357483792508417e+22,1.180067804168323,0.0453833473833271
oc,100.0,1.133576311153816,2.2060805410459572e-08,0.002005527764587234,2.022988641785782e+17,6.434670556986348e+19,1.5357919101745596e+22,1.5357503180625045e+22,1.1792471003481253,0.04653779853181215
oc,100.0,1.133576311153816,2.2775428762647043e-08,0.002070493523877004,2.062512865090334e+17,6.311372945016904e+19,1.5357919101745596e+22,1.535752966085151e+22,1.1784159332350475,0.04771206684926944
oc,100.0,1.133576311153816,2.351263919048374e-08,0.00213751265368034,2.103904628178301e+17,6.187218051715639e+19,1.5357919101745596e+22,1.5357563637407228e+22,1.177574584914777,0.04890604521538833
oc,100.0,1.133576311153816,2.4273147417125106e-08,0.0022066497651931916,2.147263497999223e+17,6.062298460305098e+19,1.5357919101745596e+22,1.5357605523399285e+22,1.176723359434417,0.050119600716897326
oc,100.0,1.133576311153816,2.5057686324324814e-08,0.0022779714840295284,2.1926947763160803e+17,5.936710801333292e+19,1.5357919101745596e+22,1.535765574047008e+22,1.175862582920703,0.05135257387297963
oc,100.0,1.133576311153816,2.586701163008731e-08,0.002351546511826119,2.2403098329848765e+17,5.810555558635332e+19,1.5357919101745596e+22,1.5357714718276954e+22,1.1749926036295515,0.052604777894105795
oc,100.0,1.133576311153816,2.670190258619126e-08,0.002427445689653751,2.290226456609964e+17,5.683936844857385e+19,1.5357919101745596e+22,1.5357782893814883e+22,1.1741137919235471,0.053875997977770686
oc,100.0,1.133576311153816,2.7563162696108976e-08,0.0025057420632826344,2.342569223112699e+17,5.556962146559445e+19,1.5357919101745596e+22,1.5357860710585358e+22,1.1732265401742394,0.05516599064450626
oc,100.0,1.133576311153816,2.84516204538629e-08,0.002586510950351173,2.3974698827067837e+17,5.429742039234939e+19,1.5357919101745596e+22,1.5357948617609372e+22,1.1723312625864764,0.056474483117398167
oc,100.0,1.133576311153816,2.9368130104358903e-08,0.002669830009487173,2.4550677657146525e+17,5.302389872934912e+19,1.5357919101745596e+22,1.535804706827743e+22,1.1714283949423987,0.05780117274813062
oc,100.0,1.133576311153816,3.031357242576549e-08,0.0027557793114332263,2.5155102075885594e+17,5.175021429539188e+19,1.5357919101745596e+22,1.5358156519020064e+22,1.170518394263139,0.059145726492394676
oc,100.0,1.133576311153816,3.12888555344934e-08,0.0028444414122266726,2.5789529934087875e+17,5.047754553096019e+19,1.5357919101745596e+22,1.5358277427785646e+22,1.1696017383867923,0.060507780437209086
oc,100.0,1.133576311153816,3.2294915713363566e-08,0.0029359014284875973,2.645560822023505e+17,4.920708755024875e+19,1.5357919101745596e+22,1.5358410252297844e+22,1.1686789254617327,0.061886939382460905
oc,100.0,1.133576311153816,3.3332718263538116e-08,0.0030302471148671017,2.7155077898604045e+17,4.794004796359195e+19,1.5357919101745596e+22,1.535855544806968e+22,1.167750473354962,0.06328277647863824
oc,100.0,1.133576311153816,3.44032583808237e-08,0.0031275689437112453,2.7889778942827027e+17,4.667764249574085e+19,1.5357919101745596e+22,1.535871346613842e+22,1.1668169189757749,0.06469483292244081
oc,100.0,1.133576311153816,3.550756205694139e-08,0.0032279601869946717,2.8661655561687347e+17,4.542109042905237e+19,1.5357919101745596e+22,1.5358884750484073e+22,1.1658788175157175,0.06612261771158287
oc,100.0,1.133576311153816,3.664668700637741e-08,0.0033315170005797645,2.9472761611671475e+17,4.417160990401597e+19,1.5357919101745596e+22,1.5359069735088164e+22,1.1649367416065106,0.06756560745977186
oc,100.0,1.133576311153816,3.7821723619446636e-08,0.003438338510858785,3.0325266188084525e+17,4.293041311261823e+19,1.5357919101745596e+22,1.5359268840576091e+22,1.16399128039834,0.06902324627250819
oc,100.0,1.133576311153816,3.9033795942180146e-08,0.003548526903834559,3.1221459383288525e+17,4.1698701422850376e+19,1.5357919101745596e+22,1.535948247038924e+22,1.1630430385617119,0.07049494568396901
oc,100.0,1.133576311153816,4.0284062683698775e-08,0.0036621875166998885,3.21637581968191e+17,4.047766047492433e+19,1.5357919101745596e+22,1.5359711006412086e+22,1.162092635216836,0.07198008465496056
oc,100.0,1.133576311153816,4.157371825168804e-08,0.00377942893197164,3.315471257753604e+17,3.9268455291704435e+19,1.5357919101745596e+22,1.5359954803978733e+22,1.1611407027953617,0.07347800963154566
oc,100.0,1.133576311153816,4.290399381665122e-08,0.00390036307424102,3.419701157259548e+17,3.807222544711881e+19,1.5357919101745596e+22,1.536021418616645e+22,1.1601878858400938,0.07498803466373741
oc,100.0,1.133576311153816,4.4276158405582135e-08,0.004025105309598376,3.5293489551559616e+17,3.6890080337114903e+19,1.5357919101745596e+22,1.5360489437276796e+22,1.1592348397491923,0.0765094415833578
oc,100.0,1.133576311153816,4.5691520025717855e-08,0.0041537745477925325,3.644713246629085e+17,3.5723094597850587e+19,1.5357919101745596e+22,1.5360780795385578e+22,1.1582822294722366,0.07804148023998198
oc,100.0,1.133576311153816,4.715142681904483e-08,0.0042864933471858935,3.7661084098149274e+17,3.4572303715307233e+19,1.5357919101745596e+22,1.536108844383925e+22,1.157330728166365,0.07958336879376088
oc,100.0,1.133576311153816,4.865726824822575e-08,0.004423388022565977,3.8938652233059546e+17,3.3438699869374722e+19,1.5357919101745596e+22,1.5361412501551987e+22,1.1563810158215995,0.08113429406383206
oc,100.0,1.133576311153816,5.021047631461167e-08,0.0045645887558737885,4.028331469196035e+17,3.2323228053665763e+19,1.5357919101745596e+22,1.5361753011954085e+22,1.155433777865296,0.08269341193102514
oc,100.0,1.133576311153816,5.1812526809014605e-08,0.0047102297099104184,4.1698725128502906e+17,3.1226782509875134e+19,1.5357919101745596e+22,1.536210993042822e+22,1.1544897037564867,0.08425984779366195
oc,100.0,1.133576311153816,5.3464940595922046e-08,0.004860449145083823,4.318871848715269e+17,3.0150203512450597e+19,1.5357919101745596e+22,1.5362483110059992e+22,1.1535494855816562,0.08583269707542648
oc,100.0,1.133576311153816,5.516928493180878e-08,0.005015389539255344,4.475731599241268e+17,2.9094274535734784e+19,1.5357919101745596e+22,1.5362872285538143e+22,1.1526138166642206,0.08741102578451554
oc,100.0,1.133576311153816,5.692717481823145e-08,0.005175197710748314,4.6408729513101274e+17,2.805971983154967e+19,1.5357919101745596e+22,1.5363277055030693e+22,1.1516833902005925,0.08899387112366823
oc,100.0,1.133576311153816,5.8740274390359504e-08,0.005340024944578137,4.8147365113588326e+17,2.70472024405852e+19,1.5357919101745596e+22,1.5363696859896271e+22,1.1507588979362358,0.0905802421510936
oc,100.0,1.133576311153816,6.061029834160731e-08,0.0055100271219643004,4.997782556580652e+17,2.6057322655861625e+19,1.5357919101745596e+22,1.5364130962113697e+22,1.1498410288954517,0.09216912049287135
oc,100.0,1.133576311153816,6.253901338502271e-08,0.005685364853183883,5.190491155066473e+17,2.509061695112384e+19,1.5357919101745596e+22,1.5364578419370195e+22,1.1489304681787473,0.09375946110802419
oc,100.0,1.133576311153816,6.452823975206651e-08,0.005866203613824228,5.393362122419597e+17,2.414755738128307e+19,1.5357919101745596e+22,1.5365038057836994e+22,1.1480278958414891,0.09535019310815385
oc,100.0,1.133576311153816,6.657985272942628e-08,0.006052713884493299,5.6069147761355424e+17,2.32285514560467e+19,1.5357919101745596e+22,1.536550844277036e+22,1.1471339858669956,0.0969402206343169
oc,100.0,1.133576311153816,6.869578423447609e-08,0.006245071294043281,5.831687441789236e+17,2.2333942481708696e+19,1.5357919101745596e+22,1.5365987847250612e+22,1.1462494052462122,0.09852842379461602
oc,100.0,1.133576311153816,7.087802442999102e-08,0.006443456766362821,6.06823665674777e+17,2.1464010359763825e+19,1.5357919101745596e+22,1.5366474219581705e+22,1.14537481317453,0.10011365966683483
oc,100.0,1.133576311153816,7.312862337869174e-08,0.006648056670790159,6.31713600769555e+17,2.061897282461509e+19,1.5357919101745596e+22,1.5366965150159779e+22,1.1445108603739689,0.10169476337127269
oc,100.0,1.133576311153816,7.544969273820284e-08,0.006859062976200259,6.578974527764041e+17,1.9798987096174137e+19,1.5357919101745596e+22,1.5367457838968833e+22,1.143658188545776,0.1032705492197678
oc,100.0,1.133576311153816,7.784340749694441e-08,0.007076673408813128,6.854354567626843e+17,1.900415191671084e+19,1.5357919101745596e+22,1.5367949065292073e+22,1.1428174299542544,0.10483981194760747
oc,100.0,1.133576311153816,8.031200775148666e-08,0.007301091613771515,7.14388904284334e+17,1.8234509934871316e+19,1.5357919101745596e+22,1.5368435161726433e+22,1.141989207137245,0.10640132803568336
oc,100.0,1.133576311153816,8.285780052584041e-08,0.007532527320530946,7.44819794746566e+17,1.7490050393475262e+19,1.5357919101745596e+22,1.5368911995150705e+22,1.141174132731954,0.10795385713070474
oc,100.0,1.133576311153816,8.548316163314407e-08,0.007771196512104006,7.767904012188942e+17,1.6770712071577797e+19,1.5357919101745596e+22,1.5369374957896913e+22,1.1403728093966607,0.10949614357156544
oc,100.0,1.133576311153816,8.81905375801531e-08,0.008017321598195737,8.10362737512649e+17,1.607638642550502e+19,1.5357919101745596e+22,1.5369818972963811e+22,1.139585829799263,0.1110269180299552
oc,100.0,1.133576311153816,9.098244751490158e-08,0.00827113159226378,8.455979126008261e+17,1.540692086831272e+19,1.5357919101745596e+22,1.5370238517624267e+22,1.1388137766326312,0.11254489927299952
oc,100.0,1.133576311153816,9.38614852178688e-08,0.008532862292533527,8.825553581986138e+17,1.4762122122655658e+19,1.5357919101745596e+22,1.5370627670117638e+22,1.1380572226046766,0.11404879605503407
oc,100.0,1.133576311153816,9.683032113691836e-08,0.008802756466992578,9.212919157428383e+17,1.4141759578761531e+19,1.5357919101745596e+22,1.5370980184179455e+22,1.1373167303383187,0.11553730914449824
oc,100.0,1.133576311153816,9.989170446622597e-08,0.00908106404238418,9.61860770359786e+17,1.3545568587506821e+19,1.5357919101745596e+22,1.537128959580947e+22,1.1365928521039534,0.11700913349034504
oc,100.0,1.133576311153816,1.030484652693735e-07,0.009368042297215773,1.004310221966152e+18,1.2973253619061774e+19,1.5357919101745596e+22,1.5371549365848968e+22,1.1358861292957787,0.118462960530258
oc,100.0,1.133576311153816,1.0630351664667048e-07,0.009663956058788226,1.0486822876865144e+18,1.2424491220846522e+19,1.5357919101745596e+22,1.5371753060723438e+22,1.135197091555246,0.11989748064026168
oc,100.0,1.133576311153816,1.0965985694675306e-07,0.009969077904250279,1.0950111355699941e+18,1.189893271530711e+19,1.5357919101745596e+22,1.5371894572729753e+22,1.1345262554429125,0.12131138572206891
oc,100.0,1.133576311153816,1.131205720223829e-07,0.010283688365671173,1.1433213574390368e+18,1.1396206589201562e+19,1.5357919101745596e+22,1.5371968382759434e+22,1.1338741225698445,0.12270337192059314
oc,100.0,1.133576311153816,1.1668883753031101e-07,0.010608076139119182,1.1936260990933555e+18,1.0915920543132953e+19,1.5357919101745596e+22,1.537196987953536e+22,1.1332411771353712,0.1240721424595376
oc,100.0,1.133576311153816,1.2036792127497026e-07,0.010942538297724569,1.2459250804003453e+18,1.0457663196761317e+19,1.5357919101745596e+22,1.537189579328864e+22,1.1326278829193475,0.12541641057777245
oc,100.0,1.133576311153816,1.241611855956522e-07,0.011287380508695655,1.3002025608094746e+18,1.0021005493597884e+19,1.5357919101745596e+22,1.5371744953094e+22,1.1320346800710295,0.12673490254327505
oc,100.0,1.133576311153816,1.2807208979674554e-07,0.011642917254249596,1.3564253544692526e+18,9.605501961515014e+18,1.5357919101745596e+22,1.5371520085160714e+22,1.1314619829465924,0.12802636071456724
oc,100.0,1.133576311153816,1.3210419262045697e-07,0.01200947205640518,1.4145411333359875e+18,9.210692309714123e+18,1.5357919101745596e+22,1.5371233086790626e+22,1.130910183232131,0.12928954661120026
oc,100.0,1.133576311153816,1.3626115476134353e-07,0.012387377705576685,1.4744776901084687e+18,8.836104914277685e+18,1.5357919101745596e+22,1.5370922126366124e+22,1.1303796728052617,0.13052324394295564
oc,100.0,1.133576311153816,1.4054674142183642e-07,0.012776976492894221,1.5361453397833167e+18,8.481267521706137e+18,1.5357919101745596e+22,1.5370709784179004e+22,1.1298709369224467,0.13172626152473058
oc,100.0,1.133576311153816,1.4496482490780489e-07,0.01317862044616408,1.5994500872256325e+18,8.145744329319558e+18,1.5357919101745596e+22,1.537100696960589e+22,1.1293848998481895,0.1328974359431838
oc,100.0,1.133576311153816,1.4951938726302417e-07,0.013592671569365833,1.664345472264903e+18,7.829270730018623e+18,1.5357919101745596e+22,1.5373248329596363e+22,1.128924197281695,0.13403563363536747
oc,100.0,1.133576311153816,1.542145229413025e-07,0.014019502085572955,1.7310286358915768e+18,7.532259003193411e+18,1.5357919101745596e+22,1.5382621367406344e+22,1.128497944087588,0.13513975126080408
oc,100.0,1.133576311153816,1.5905444151477943e-07,0.014459494683161767,1.8003902646144968e+18,7.242255746078417e+18,1.5357919101745596e+22,1.5383011534188399e+22,1.1280648692448205,0.13620871013249936
oc,100.0,1.133576311153816,1.6404347041678602e-07,0.014913042765162365,1.8727012047330552e+18,6.961075620235176e+18,1.5357919101745596e+22,1.5379623161590368e+22,1.1276355703622212,0.1372416201666277
oc,100.0,1.133576311153816,1.6918605771739475e-07,0.015380550701581341,1.9476971554215954e+18,6.690990454501771e+18,1.5357919101745596e+22,1.5374913924086995e+22,1.1272175328815366,0.13823778883423318
oc,100.0,1.133576311153816,1.744867749296319e-07,0.01586243408451199,2.0248091373104965e+18,6.434215836104164e+18,1.5357919101745596e+22,1.5370237208682744e+22,1.1268167030211627,0.13919671279740595
oc,100.0,1.133576311153816,1.7995031984405312e-07,0.016359119985823012,2.1033293243716052e+18,6.192441310572276e+18,1.5357919101745596e+22,1.5366325510005536e+22,1.1264374104904165,0.140118057889198
oc,100.0,1.133576311153816,1.855815193891665e-07,0.016871047217196955,2.1825386945860334e+18,5.966572158699944e+18,1.5357919101745596e+22,1.5363412884986702e+22,1.1260820672669536,0.14100163485012335
oc,100.0,1.133576311153816,1.9138533251492623e-07,0.01739866659226602,2.2617834418598216e+18,5.756774082120019e+18,1.5357919101745596e+22,1.5361409250167525e+22,1.1257514203127486,0.141847377633843
oc,100.0,1.133576311153816,1.9736685309624657e-07,0.01794244119056787,2.3405020169279427e+18,5.562680836140431e+18,1.5357919101745596e+22,1.5360099009503242e+22,1.1254451238190135,0.1426553274800757
oc,100.0,1.133576311153816,2.0353131285319847e-07,0.018502846623018043,2.418222071005625e+18,5.383608683168515e+18,1.5357919101745596e+22,1.5359267999687956e+22,1.1251622450748466,0.1434256227215874
oc,100.0,1.133576311153816,2.0988408428425337e-07,0.019080371298568488,2.494546280695689e+18,5.218713519157699e+18,1.5357919101745596e+22,1.5358750147189544e+22,1.124901579522364,0.14415849291330596
oc,100.0,1.133576311153816,2.1643068360860024e-07,0.01967551669169093,2.569137559272369e+18,5.067090093485391e+18,1.5357919101745596e+22,1.5358430516790688e+22,1.1246618187977033,0.14485425575938532
oc,100.0,1.133576311153816,2.2317677371326033e-07,0.020288797610296394,2.641707379130973e+18,4.927830052080877e+18,1.5357919101745596e+22,1.5358234126320958e+22,1.124441636173273,0.14551331562439898
oc,100.0,1.133576311153816,2.301281671003057e-07,0.020920742463664155,2.712007657916314e+18,4.800053874438609e+18,1.5357919101745596e+22,1.535811361680163e+22,1.1242397298975604,0.14613616275521546
oc,100.0,1.133576311153816,2.372908288291805e-07,0.0215718935299255,2.779825541141059e+18,4.68292702000967e+18,1.5357919101745596e+22,1.5358039611160115e+22,1.1240548451655605,0.1467233726109853
oc,100.0,1.133576311153816,2.446708794486748e-07,0.022242807222606797,2.8449802208352655e+18,4.5756667957414554e+18,1.5357919101745596e+22,1.535799406399589e+22,1.1238857849228672,0.14727560489597868
oc,100.0,1.133576311153816,2.522745979127007e-07,0.022934054355700062,2.9073210487218893e+18,4.4775439234980475e+18,1.5357919101745596e+22,1.5357965943178885e+22,1.1237314146218431,0.14779360202997638
oc,100.0,1.133576311153816,2.601084244735974e-07,0.023646220406690677,2.966726386757561e+18,4.3878811948803543e+18,1.5357919101745596e+22,1.5357948514822443e+22,1.1235906635949016,0.14827818689021804
oc,100.0,1.133576311153816,2.6817896354620375e-07,0.024379905776927613,3.0231028045422735e+18,4.306050627244542e+18,1.5357919101745596e+22,1.535793766664963e+22,1.1234625244895484,0.14873025973054374
oc,100.0,1.133576311153816,2.7649298653549316e-07,0.025135726048681195,3.0763843627773343e+18,4.231469947329446e+18,1.5357919101745596e+22,1.535793088268434e+22,1.1233460515785354,0.14915079423650626
oc,100.0,1.133576311153816,2.850574346200175e-07,0.025914312238183412,3.126531816883941e+18,4.163598877678327e+18,1.5357919101745596e+22,1.5357926619288047e+22,1.1232403584193063,0.14954083271597043
oc,100.0,1.133576311153816,2.9387942148292916e-07,0.026716311043902652,3.1735316426653926e+18,4.101935492310777e+18,1.5357919101745596e+22,1.5357923926107316e+22,1.123144615148595,0.14990148045698204
oc,100.0,1.133576311153816,3.029662359817677e-07,0.02754238508925161,3.2173948338700436e+18,4.0460127847085573e+18,1.5357919101745596e+22,1.5357922215749013e+22,1.1230580455907515,0.1502338993108931
oc,100.0,1.133576311153816,3.12325344747639e-07,0.028393213158876274,3.258155455417051e+18,3.995395518629872e+18,1.5357919101745596e+22,1.5357921123602876e+22,1.1229799242958063,0.15053930058031775
oc,100.0,1.133576311153816,3.2196439470382796e-07,0.029269490427620726,3.2958689599414036e+18,3.949677389898996e+18,1.5357919101745596e+22,1.5357920422315552e+22,1.1229095735859493,0.15081893730926532
oc,100.0,1.133576311153816,3.318912154932562e-07,0.030171928681205107,3.3306102919576233e+18,3.908478502791329e+18,1.5357919101745596e+22,1.53579199694471e+22,1.122846360666016,0.15107409608716504
oc,100.0,1.133576311153816,3.4211382180356256e-07,0.0311012565275966,3.36247181518153e+18,3.8714431506034796e+18,1.5357919101745596e+22,1.5357919675316078e+22,1.1227896948385345,0.15130608848964994
oc,100.0,1.133576311153816,3.5264041557793443e-07,0.03205821959799404,3.391561105635484e+18,3.838237882103194e+18,1.5357919101745596e+22,1.535791948317268e+22,1.1227390248532445,0.15151624228694444
oc,100.0,1.133576311153816,3.6347938809909277e-07,0.033043580736281164,3.417998656962347e+18,3.8085498312257075e+18,1.5357919101745596e+22,1.5357919356919359e+22,1.1226938364127474,0.1517058925555193
oc,100.0,1.133576311153816,3.74639321933195e-07,0.034058120175745,3.4419155455352704e+18,3.7820852851140864e+18,1.5357919101745596e+22,1.5357919273474413e+22,1.1226536498488797,0.15187637283031788
oc,100.0,1.133576311153816,3.8612899271962657e-07,0.035102635701784235,3.463451101975291e+18,3.7585684645376814e+18,1.5357919101745596e+22,1.5357919217999078e+22,1.1226180179780363,0.1520290064333494
oc,100.0,1.133576311153816,3.9795737079193217e-07,0.03617794279926656,3.482750633008589e+18,3.737740490384677e+18,1.5357919101745596e+22,1.5357919180902613e+22,1.1225865241376989,0.15216509810985135
oc,100.0,1.133576311153816,4.1013362261439735e-07,0.03728487478312703,3.499963233587707e+18,3.719358510065329e+18,1.5357919101745596e+22,1.5357919155951715e+22,1.122558780400884,0.1522859260956725
oc,100.0,1.133576311153816,4.2266711201795267e-07,0.03842428291072297,3.515239724211171e+18,3.7031949581687977e+18,1.5357919101745596e+22,1.535791913907287e+22,1.1225344259601808,0.15239273472921888
oc,100.0,1.133576311153816,4.3556740121832605e-07,0.03959703647439328,3.528730742720736e+18,3.689036926541825e+18,1.5357919101745596e+22,1.53579191275898e+22,1.1225131256686447,0.15248672770849941
oc,100.0,1.133576311153816,4.4884425159851984e-07,0.040804022872592716,3.540585013821041e+18,3.67668562010104e+18,1.5357919101745596e+22,1.5357919119733485e+22,1.1224945687212264,0.1525690620788465
oc,100.0,1.133576311153816,4.625076242368779e-07,0.04204614765789799,3.550947813412537e+18,3.665955876149534e+18,1.5357919101745596e+22,1.5357919114328873e+22,1.1224784674577184,0.15264084302016248
oc,100.0,1.133576311153816,4.765676801611914e-07,0.04332433456010831,3.5599596387721487e+18,3.656675726751118e+18,1.5357919101745596e+22,1.5357919110591028e+22,1.1224645562665738,0.15270311948451465
oc,100.0,1.133576311153816,4.910347803083952e-07,0.04463952548258138,3.567755089850911e+18,3.648685985800941e+18,1.5357919101745596e+22,1.5357919107992225e+22,1.1224525905683103,0.152756880716062
oc,100.0,1.133576311153816,5.059194851686406e-07,0.045992680469876424,3.5744619616260956e+18,3.6418398447993876e+18,1.5357919101745596e+22,1.5357919106176175e+22,1.1224423458576664,0.15280305366617367
oc,100.0,1.133576311153816,5.212325540916164e-07,0.0473847776446924,3.5802005426683566e+18,3.6360024639252895e+18,1.5357919101745596e+22,1.5357919104901054e+22,1.1224336167850175,0.15284250129772828
oc,100.0,1.133576311153816,5.369849442321835e-07,0.04881681311201669,3.5850831109349796e+18,3.6310505477601393e+18,1.5357919101745596e+22,1.5357919104001104e+22,1.122426216259758,0.1528760217544933
oc,100.0,1.133576311153816,5.531878091115703e-07,0.05028980082832457,3.589213614330762e+18,3.6268718978468813e+18,1.5357919101745596e+22,1.5357919103363597e+22,1.122419974561195,0.1529043483546796
oc,100.0,1.133576311153816,5.698524967695082e-07,0.05180477243359166,3.5926875208067354e+18,3.6233649370869586e+18,1.5357919101745596e+22,1.5357919102909748e+22,1.1224147384457694,0.15292815035270405
oc,100.0,1.133576311153816,5.869905474819483e-07,0.05336277704381348,3.595591820690432e+18,3.620438203696468e+18,1.5357919101745596e+22,1.5357919102585539e+22,1.1224103702429626,0.15294803440026747
oc,100.0,1.133576311153816,6.0461369101819e-07,0.05496488100165364,3.5980051625354353e+18,3.618009814959761e+18,1.5357919101745596e+22,1.5357919102352996e+22,1.122406746935795,0.15296454662737813
oc,100.0,1.133576311153816,6.227338434105047e-07,0.056612167582773154,3.599998103004179e+18,3.6160069032603433e+18,1.5357919101745596e+22,1.5357919102185597e+22,1.1224037592252163,0.15297817525614696
oc,100.0,1.133576311153816,6.413631032086649e-07,0.058305736655333174,3.6016334511029023e+18,3.6143650287617546e+18,1.5357919101745596e+22,1.5357919102064906e+22,1.1224013105807515,0.15298935365516572
oc,100.0,1.133576311153816,6.605137471910994e-07,0.06004670429009995,3.6029666874110275e+18,3.6130275746081935e+18,1.5357919101745596e+22,1.5357919101977388e+22,1.1223993162823502,0.15299846374007342
oc,100.0,1.133576311153816,6.80198225503809e-07,0.0618362023185281,3.6040464397198884e+18,3.611945131586266e+18,1.5357919101745596e+22,1.5357919101914096e+22,1.122397702460421,0.15300583962642622
oc,100.0,1.133576311153816,7.004291561976294e-07,0.06367537783614813,3.604914997646564e+18,3.6110748798283735e+18,1.5357919101745596e+22,1.5357919101868046e+22,1.1223964051424455,0.15301177144402972
oc,100.0,1.133576311153816,7.212193191339467e-07,0.06556539264854061,3.6056088502422984e+18,3.610379975358359e+18,1.5357919101745596e+22,1.5357919101834653e+22,1.122395369315346,0.15301650922719487
oc,100.0,1.133576311153816,7.425816492286187e-07,0.06750742265714715,3.6061592322972805e+18,3.6098289491160986e+18,1.5357919101745596e+22,1.5357919101810209e+22,1.1223945480129747,0.1530202668025975
oc,100.0,1.133576311153816,7.645292290034978e-07,0.06950265718213616,3.6065926668814387e+18,3.609395125596471e+18,1.5357919101745596e+22,1.5357919101792312e+22,1.1223939014377338,0.15302322560516007
oc,100.0,1.133576311153816,7.870752804148289e-07,0.07155229821952991,3.606931493583749e+18,3.6090560674633e+18,1.5357919101745596e+22,1.5357919101779326e+22,1.1223933961245223,0.15302553836220487
oc,100.0,1.133576311153816,8.10233155927669e-07,0.0736575596297881,3.607194373855203e+18,3.6087930515156413e+18,1.5357919101745596e+22,1.535791910177005e+22,1.1223930041540269,0.1530273325966116
oc,100.0,1.133576311153816,8.34016328805534e-07,0.07581966625504855,3.607396766763808e+18,3.608590580266883e+18,1.5357919101745596e+22,1.5357919101763067e+22,1.1223927024209597,0.15302871391042155
oc,100.0,1.133576311153816,8.584383825846971e-07,0.0780398529622452,3.6075513702812984e+18,3.6084359322123397e+18,1.5357919101745596e+22,1.5357919101758158e+22,1.1223924719612612,0.15302976902086546
oc,100.0,1.133576311153816,8.835129997028664e-07,0.08031936360935149,3.607668524897867e+18,3.6083187526743066e+18,1.5357919101745596e+22,1.5357919101754446e+22,1.1223922973406737,0.15303056853080255
oc,100.0,1.133576311153816,9.092539492525114e-07,0.08265944993204649,3.6077565778684785e+18,3.6082306859823483e+18,1.5357919101745596e+22,1.5357919101752047e+22,1.1223921661055272,0.15303116942474881
oc,100.0,1.133576311153816,9.356750738297962e-07,0.0850613703481633,3.607822207708395e+18,3.608165048711367e+18,1.5357919101745596e+22,1.535791910175019e+22,1.1223920682951098,0.1530316172898164
oc,100.0,1.133576311153816,9.627902754509441e-07,0.08752638867735857,3.6078707096610355e+18,3.6081165428014776e+18,1.5357919101745596e+22,1.5357919101748664e+22,1.1223919960137414,0.15303194826783134
oc,100.0,1.133576311153816,9.906135005090058e-07,0.09005577277354598,3.607906243754378e+18,3.608081006636689e+18,1.5357919101745596e+22,1.535791910174768e+22,1.1223919430595741,0.15303219075055505
oc,100.0,1.133576311153816,1.0191587237452651e-06,0.09265079306775137,3.6079320477448346e+18,3.6080552015807283e+18,1.5357919101745596e+22,1.5357919101747135e+22,1.1223919046063429,0.15303236683429391
oc,100.0,1.133576311153816,1.0484399312111567e-06,0.09531272101919608,3.6079506177323766e+18,3.608036631054782e+18,1.5357919101745596e+22,1.535791910174659e+22,1.1223918769336692,0.15303249355327928
oc,100.0,1.133576311153816,1.0784711021983284e-06,0.09804282747257531,3.607963859533862e+18,3.6080233889861366e+18,1.5357919101745596e+22,1.5357919101746263e+22,1.1223918572011768,0.15303258391312793
oc,100.0,1.133576311153816,1.1092661901166052e-06,0.10084238091969139,3.607973214045515e+18,3.608014034344323e+18,1.5357919101745596e+22,1.5357919101746044e+22,1.1223918432615,0.15303264774658534
oc,100.0,1.133576311153816,1.140839102302004e-06,0.10371264566381855,3.6079797598344166e+18,3.608007488493216e+18,1.5357919101745596e+22,1.5357919101745935e+22,1.1223918335073093,0.15303269241375317
oc,100.0,1.133576311153816,1.1732036787395748e-06,0.10665487988541589,3.6079842960997207e+18,3.608002952198743e+18,1.5357919101745596e+22,1.5357919101745826e+22,1.1223918267476296,0.15303272336828863
oc,100.0,1.133576311153816,1.2063736696888767e-06,0.1096703336080797,3.60798740896166e+18,3.607999839323355e+18,1.5357919101745596e+22,1.5357919101745826e+22,1.1223918221090354,0.15303274460979477
oc,100.0,1.133576311153816,1.2403627122032033e-06,0.11276024656392758,3.60798952379624e+18,3.6079977244827187e+18,1.5357919101745596e+22,1.5357919101745717e+22,1.122391818957645,0.15303275904096592
oc,100.0,1.133576311153816,1.275184305537256e-06,0.11592584595793237,3.607990946056751e+18,3.6079963022195323e+18,1.5357919101745596e+22,1.5357919101745608e+22,1.1223918168382867,0.15303276874615818
oc,100.0,1.133576311153816,1.3108517854420548e-06,0.1191683441310959,3.607991892730331e+18,3.607995355544789e+18,1.5357919101745596e+22,1.5357919101745608e+22,1.1223918154276173,0.15303277520604822
oc,100.0,1.133576311153816,1.3473782973500965e-06,0.12248893612273604,3.607992516282913e+18,3.607994731991698e+18,1.5357919101745596e+22,1.5357919101745608e+22,1.122391814498442,0.15303277946103158
oc,100.0,1.133576311153816,1.384776768458562e-06,0.12588879713259654,3.6079929226629335e+18,3.6079943256114826e+18,1.5357919101745596e+22,1.5357919101745608e+22,1.1223918138928826,0.1530327822340776
oc,100.0,1.133576311153816,1.4230598787233641e-06,0.1293690798839422,3.6079931846707994e+18,3.6079940636035405e+18,1.5357919101745596e+22,1.5357919101745608e+22,1.1223918135024564,0.15303278402196027
oc,100.0,1.133576311153816,1.462240030782253e-06,0.13293091188929573,3.6079933517632845e+18,3.607993896511038e+18,1.5357919101745596e+22,1.5357919101745608e+22,1.1223918132534667,0.1530327851621617
oc,100.0,1.133576311153816,1.5023293188310152e-06,0.13657539262100138,3.607993457153418e+18,3.6079937911208627e+18,1.5357919101745596e+22,1.53579191017455e+22,1.1223918130964217,0.15303278588132022
oc,100.0,1.133576311153816,1.5433394964828389e-06,0.140303590589349,3.607993522886707e+18,3.607993725387585e+18,1.5357919101745596e+22,1.5357919101745608e+22,1.1223918129984707,0.1530327863298693
oc,100.0,1.133576311153816,1.585281943647488e-06,0.14411654033158983,3.6079935634242084e+18,3.607993684850072e+18,1.5357919101745596e+22,1.5357919101745608e+22,1.1223918129380643,0.153032786606488
oc,100.0,1.133576311153816,1.6281676324736676e-06,0.14801523931578797,3.6079935881392517e+18,3.6079936601350446e+18,1.5357919101745596e+22,1.5357919101745608e+22,1.122391812901236,0.15303278677513782
oc,100.0,1.133576311153816,1.6720070924050911e-06,0.1520006447640992,3.607993603034485e+18,3.6079936452397947e+18,1.5357919101745596e+22,1.5357919101745608e+22,1.1223918128790398,0.15303278687677951
oc,100.0,1.133576311153816,1.7168103744082338e-06,0.15607367040074854,3.6079936119074104e+18,3.6079936363668695e+18,1.5357919101745596e+22,1.5357919101745608e+22,1.1223918128658181,0.1530327869373263
oc,100.0,1.133576311153816,1.762587014437358e-06,0.16023518313066892,3.6079936171310607e+18,3.6079936311432156e+18,1.5357919101745596e+22,1.5357919101745608e+22,1.1223918128580341,0.1530327869729713
oc,100.0,1.133576311153816,1.8093459962104148e-06,0.16448599965549227,3.6079936201700434e+18,3.60799362810423e+18,1.5357919101745596e+22,1.5357919101745608e+22,1.1223918128535055,0.15303278699370854
oc,100.0,1.133576311153816,1.857095713377516e-06,0.16882688303431964,3.6079936219170186e+18,3.6079936263572547e+18,1.5357919101745596e+22,1.53579191017455e+22,1.1223918128509023,0.1530327870056295
oc,100.0,1.133576311153816,1.9058439311719748e-06,0.17325853919745227,3.607993622909267e+18,3.607993625365016e+18,1.5357919101745596e+22,1.5357919101745608e+22,1.1223918128494237,0.15303278701240028
oc,100.0,1.133576311153816,1.9555977476423834e-06,0.17778161342203486,3.607993623466059e+18,3.607993624808224e+18,1.5357919101745596e+22,1.5357919101745608e+22,1.122391812848594,0.15303278701619966
oc,100.0,1.133576311153816,2.0063635545726346e-06,0.1823966867793304,3.6079936237747046e+18,3.607993624499562e+18,1.5357919101745596e+22,1.53579191017455e+22,1.1223918128481343,0.15303278701830578
oc,100.0,1.133576311153816,2.0581469982053558e-06,0.18710427256412326,3.6079936239437343e+18,3.607993624330548e+18,1.5357919101745596e+22,1.5357919101745608e+22,1.1223918128478825,0.1530327870194591
oc,100.0,1.133576311153816,2.110952939892684e-06,0.19190481271751675,3.607993624035157e+18,3.607993624239126e+18,1.5357919101745596e+22,1.5357919101745608e+22,1.122391812847746,0.15303278702008294
oc,100.0,1.133576311153816,2.164785416806599e-06,0.19679867425514536,3.6079936240840136e+18,3.607993624190263e+18,1.5357919101745596e+22,1.5357919101745608e+22,1.1223918128476733,0.15303278702041626
oc,100.0,1.133576311153816,2.2196476028493208e-06,0.20178614571357462,3.607993624109797e+18,3.607993624164502e+18,1.5357919101745596e+22,1.5357919101745608e+22,1.122391812847635,0.15303278702059214
oc,100.0,1.133576311153816,2.2755417699120383e-06,0.20686743362836713,3.607993624123234e+18,3.607993624151059e+18,1.5357919101745596e+22,1.5357919101745608e+22,1.122391812847615,0.1530327870206838
oc,100.0,1.133576311153816,2.3324692496379275e-06,0.2120426590579934,3.6079936241301555e+18,3.607993624144124e+18,1.5357919101745596e+22,1.53579191017455e+22,1.1223918128476047,0.15303278702073098
oc,100.0,1.133576311153816,2.390430395852468e-06,0.2173118541684062,3.6079936241336776e+18,3.607993624140615e+18,1.5357919101745596e+22,1.5357919101745608e+22,1.1223918128475994,0.15303278702075496
oc,100.0,1.133576311153816,2.449424547830708e-06,0.22267495889370076,3.60799362413544e+18,3.6079936241388524e+18,1.5357919101745596e+22,1.5357919101745717e+22,1.1223918128475967,0.15303278702076692
oc,100.0,1.133576311153816,2.509449994577191e-06,0.22813181768883556,3.6079936241363144e+18,3.607993624137952e+18,1.5357919101745596e+22,1.5357919101745608e+22,1.1223918128475951,0.15303278702077283
oc,100.0,1.133576311153816,2.5705039402994796e-06,0.2336821763908618,3.607993624136741e+18,3.6079936241375355e+18,1.5357919101745596e+22,1.53579191017455e+22,1.1223918128475947,0.15303278702077572
oc,100.0,1.133576311153816,2.632582471260859e-06,0.23932567920553266,3.6079936241369523e+18,3.6079936241373276e+18,1.5357919101745596e+22,1.5357919101745608e+22,1.1223918128475945,0.15303278702077708
oc,100.0,1.133576311153816,2.6956805242013664e-06,0.24506186583648787,3.6079936241370516e+18,3.607993624137228e+18,1.5357919101745596e+22,1.5357919101745608e+22,1.1223918128475943,0.1530327870207777
oc,100.0,1.133576311153816,2.7597918565189673e-06,0.2508901687744516,3.6079936241371e+18,3.6079936241371766e+18,1.5357919101745596e+22,1.53579191017455e+22,1.1223918128475943,0.15303278702077797
oc,100.0,1.133576311153816,2.8249090184044093e-06,0.2568099107640372,3.6079936241371223e+18,3.607993624137151e+18,1.5357919101745596e+22,1.53579191017455e+22,1.1223918128475943,0.15303278702077808
oc,100.0,1.133576311153816,2.891023327123599e-06,0.26282030246578175,3.6079936241371315e+18,3.607993624137164e+18,1.5357919101745596e+22,1.5357919101745717e+22,1.1223918128475943,0.15303278702077808
oc,100.0,1.133576311153816,2.9581248436407344e-06,0.26892044033097584,3.6079936241371315e+18,3.607993624137135e+18,1.5357919101745596e+22,1.5357919101745608e+22,1.122391812847594,0.153032787020778
oc,100.0,1.133576311153816,3.026202351773268e-06,0.27510930470666073,3.607993624137135e+18,3.6079936241371284e+18,1.5357919101745596e+22,1.5357919101745608e+22,1.122391812847594,0.15303278702077797
oc,100.0,1.133576311153816,3.095243340066364e-06,0.2813857581878513,3.607993624137135e+18,3.607993624137151e+18,1.5357919101745596e+22,1.5357919101745608e+22,1.1223918128475943,0.1530327870207779
oc,100.0,1.133576311153816,3.165233986569728e-06,0.2877485442336116,3.607993624137141e+18,3.607993624137135e+18,1.5357919101745596e+22,1.5357919101745608e+22,1.1223918128475943,0.15303278702077786
oc,100.0,1.133576311153816,3.2361591466932353e-06,0.2941962860630214,3.607993624137141e+18,3.607993624137141e+18,1.5357919101745596e+22,1.5357919101745608e+22,1.122391812847594,0.1530327870207778
oc,100.0,1.133576311153816,3.3080023443101186e-06,0.30072748584637443,3.607993624137141e+18,3.607993624137141e+18,1.5357919101745596e+22,1.5357919101745608e+22,1.122391812847594,0.15303278702077772
oc,100.0,1.133576311153816,3.3807457662670037e-06,0.30734052420609126,3.607993624137141e+18,3.607993624137141e+18,1.5357919101745596e+22,1.5357919101745608e+22,1.1223918128475943,0.15303278702077766
oc,100.0,1.133576311153816,3.4543702604492223e-06,0.3140336600408384,3.607993624137135e+18,3.607993624137135e+18,1.5357919101745596e+22,1.5357919101745608e+22,1.122391812847594,0.15303278702077758
oc,100.0,1.133576311153816,3.528855337537518e-06,0.3208050306852289,3.607993624137135e+18,3.6079936241371284e+18,1.5357919101745596e+22,1.5357919101745608e+22,1.122391812847594,0.1530327870207775
oc,100.0,1.133576311153816,3.604179176578205e-06,0.32765265241620045,3.607993624137135e+18,3.607993624137141e+18,1.5357919101745596e+22,1.5357919101745608e+22,1.1223918128475943,0.1530327870207774
oc,100.0,1.133576311153816,3.680318634473621e-06,0.33457442131578374,3.607993624137135e+18,3.607993624137148e+18,1.5357919101745596e+22,1.5357919101745608e+22,1.1223918128475943,0.15303278702077736
oc,100.0,1.133576311153816,3.7572492594828904e-06,0.3415681144984446,3.607993624137141e+18,3.6079936241371284e+18,1.5357919101745596e+22,1.5357919101745608e+22,1.122391812847594,0.1530327870207773
oc,100.0,1.133576311153816,3.834945308804896e-06,0.34863139170953605,3.607993624137141e+18,3.607993624137145e+18,1.5357919101745596e+22,1.5357919101745608e+22,1.1223918128475943,0.15303278702077724
oc,100.0,1.133576311153816,3.913379770296197e-06,0.3557617972996543,3.607993624137135e+18,3.607993624137135e+18,1.5357919101745596e+22,1.5357919101745608e+22,1.1223918128475943,0.15303278702077713
oc,100.0,1.133576311153816,3.992524388356007e-06,0.3629567625778189,3.607993624137135e+18,3.6079936241371284e+18,1.5357919101745596e+22,1.5357919101745608e+22,1.122391812847594,0.15303278702077705
oc,100.0,1.133576311153816,4.072349693989162e-06,0.37021360854446933,3.607993624137135e+18,3.607993624137138e+18,1.5357919101745596e+22,1.5357919101745608e+22,1.122391812847594,0.153032787020777
oc,100.0,1.133576311153816,4.152825039035608e-06,0.37752954900323704,3.607993624137141e+18,3.607993624137145e+18,1.5357919101745596e+22,1.5357919101745608e+22,1.1223918128475943,0.15303278702077694
oc,100.0,1.133576311153816,4.233918634532076e-06,0.3849016940483706,3.607993624137141e+18,3.6079936241371284e+18,1.5357919101745596e+22,1.5357919101745608e+22,1.122391812847594,0.15303278702077688
oc,100.0,1.133576311153816,4.315597593148279e-06,0.39232705392257083,3.607993624137145e+18,3.607993624137141e+18,1.5357919101745596e+22,1.5357919101745608e+22,1.122391812847594,0.1530327870207768
oc,100.0,1.133576311153816,4.397827975616047e-06,0.39980254323782244,3.607993624137141e+18,3.607993624137148e+18,1.5357919101745596e+22,1.5357919101745608e+22,1.1223918128475943,0.15303278702077672
oc,100.0,1.133576311153816,4.480574841046197e-06,0.40732498554965424,3.607993624137141e+18,3.607993624137145e+18,1.5357919101745596e+22,1.5357919101745608e+22,1.1223918128475943,0.15303278702077663
oc,100.0,1.133576311153816,4.563802301004022e-06,0.4148911182730929,3.607993624137141e+18,3.607993624137141e+18,1.5357919101745596e+22,1.5357919101745608e+22,1.1223918128475943,0.15303278702077655
oc,100.0,1.133576311153816,4.6474735771908545e-06,0.4224975979264413,3.607993624137141e+18,3.607993624137148e+18,1.5357919101745596e+22,1.5357919101745608e+22,1.1223918128475943,0.15303278702077647
oc,100.0,1.133576311153816,4.731551062556339e-06,0.43014100568693997,3.607993624137141e+18,3.607993624137141e+18,1.5357919101745596e+22,1.5357919101745608e+22,1.1223918128475943,0.1530327870207764
oc,100.0,1.133576311153816,4.8159963856436705e-06,0.4378178532403337,3.607993624137141e+18,3.607993624137138e+18,1.5357919101745596e+22,1.5357919101745608e+22,1.122391812847594,0.15303278702077633
oc,100.0,1.133576311153816,4.900770477948971e-06,0.4455245889044519,3.607993624137141e+18,3.607993624137138e+18,1.5357919101745596e+22,1.5357919101745608e+22,1.1223918128475943,0.15303278702077622
oc,100.0,1.133576311153816,4.985833644055812e-06,0.45325760400507387,3.607993624137141e+18,3.607993624137145e+18,1.5357919101745596e+22,1.5357919101745608e+22,1.1223918128475943,0.15303278702077616
oc,100.0,1.133576311153816,5.071145634287101e-06,0.46101323948064554,3.607993624137141e+18,3.607993624137138e+18,1.5357919101745596e+22,1.5357919101745608e+22,1.122391812847594,0.15303278702077608
oc,100.0,1.133576311153816,5.156665719599517e-06,0.4687877926908652,3.607993624137135e+18,3.6079936241371254e+18,1.5357919101745596e+22,1.53579191017455e+22,1.1223918128475943,0.153032787020776
oc,100.0,1.133576311153816,5.242352768430057e-06,0.4765775244027325,3.607993624137141e+18,3.607993624137145e+18,1.5357919101745596e+22,1.5357919101745608e+22,1.1223918128475943,0.1530327870207759
oc,100.0,1.133576311153816,5.3281653251908174e-06,0.48437866592643797,3.607993624137141e+18,3.607993624137151e+18,1.5357919101745596e+22,1.5357919101745608e+22,1.1223918128475943,0.15303278702077583
oc,100.0,1.133576311153816,5.414061690096534e-06,0.4921874263724122,3.607993624137135e+18,3.607993624137135e+18,1.5357919101745596e+22,1.5357919101745608e+22,1.1223918128475943,0.15303278702077575
oc,100.0,1.133576311153816,5.5e-06,0.5,3.607993624137141e+18,3.607993624137141e+18,1.5357919101745596e+22,1.5357919101745608e+22,1.1223918128475943,0.15303278702077566
oc,100.0,1.133576311153816,5.585938309903469e-06,0.5078125736275881,3.607993624137135e+18,3.607993624137148e+18,1.5357919101745596e+22,1.5357919101745608e+22,1.1223918128475943,0.15303278702077558
oc,100.0,1.133576311153816,5.671834674809185e-06,0.5156213340735623,3.607993624137135e+18,3.6079936241371254e+18,1.5357919101745596e+22,1.53579191017455e+22,1.1223918128475943,0.1530327870207755
oc,100.0,1.133576311153816,5.757647231569949e-06,0.5234224755972681,3.607993624137135e+18,3.6079936241371284e+18,1.5357919101745596e+22,1.5357919101745608e+22,1.122391812847594,0.1530327870207754
oc,100.0,1.133576311153816,5.8433342804004825e-06,0.5312122073091348,3.607993624137135e+18,3.607993624137138e+18,1.5357919101745596e+22,1.5357919101745608e+22,1.122391812847594,0.15303278702077533
oc,100.0,1.133576311153816,5.928854365712899e-06,0.5389867605193545,3.607993624137141e+18,3.607993624137145e+18,1.5357919101745596e+22,1.5357919101745608e+22,1.122391812847594,0.15303278702077527
oc,100.0,1.133576311153816,6.01416635594419e-06,0.5467423959949264,3.607993624137141e+18,3.607993624137141e+18,1.5357919101745596e+22,1.5357919101745608e+22,1.1223918128475943,0.1530327870207752
oc,100.0,1.133576311153816,6.099229522051031e-06,0.5544754110955483,3.607993624137141e+18,3.607993624137135e+18,1.5357919101745596e+22,1.5357919101745608e+22,1.122391812847594,0.15303278702077514
oc,100.0,1.133576311153816,6.184003614356336e-06,0.5621821467596669,3.607993624137141e+18,3.6079936241371284e+18,1.5357919101745596e+22,1.5357919101745608e+22,1.122391812847594,0.15303278702077502
oc,100.0,1.133576311153816,6.26844893744366e-06,0.56985899431306,3.607993624137135e+18,3.607993624137145e+18,1.5357919101745596e+22,1.5357919101745608e+22,1.1223918128475943,0.15303278702077494
oc,100.0,1.133576311153816,6.352526422809144e-06,0.5775024020735586,3.607993624137141e+18,3.6079936241371284e+18,1.5357919101745596e+22,1.5357919101745608e+22,1.122391812847594,0.15303278702077489
oc,100.0,1.133576311153816,6.4361976989959805e-06,0.5851088817269073,3.607993624137135e+18,3.607993624137148e+18,1.5357919101745596e+22,1.5357919101745608e+22,1.1223918128475943,0.1530327870207748
oc,100.0,1.133576311153816,6.5194251589538055e-06,0.592675014450346,3.607993624137141e+18,3.6079936241371284e+18,1.5357919101745596e+22,1.5357919101745608e+22,1.1223918128475943,0.15303278702077472
oc,100.0,1.133576311153816,6.602172024383959e-06,0.6001974567621781,3.607993624137145e+18,3.607993624137148e+18,1.5357919101745596e+22,1.5357919101745608e+22,1.1223918128475943,0.15303278702077466
oc,100.0,1.133576311153816,6.684402406851721e-06,0.6076729460774292,3.607993624137141e+18,3.607993624137141e+18,1.5357919101745596e+22,1.5357919101745608e+22,1.122391812847594,0.15303278702077458
oc,100.0,1.133576311153816,6.766081365467923e-06,0.6150983059516294,3.607993624137141e+18,3.607993624137145e+18,1.5357919101745596e+22,1.5357919101745608e+22,1.1223918128475943,0.15303278702077447
oc,100.0,1.133576311153816,6.847174960964395e-06,0.6224704509967632,3.607993624137141e+18,3.607993624137138e+18,1.5357919101745596e+22,1.5357919101745608e+22,1.1223918128475943,0.1530327870207744
oc,100.0,1.133576311153816,6.92765030601084e-06,0.629786391455531,3.607993624137141e+18,3.607993624137138e+18,1.5357919101745596e+22,1.5357919101745608e+22,1.122391812847594,0.15303278702077436
oc,100.0,1.133576311153816,7.0074756116439974e-06,0.6370432374221816,3.607993624137141e+18,3.607993624137145e+18,1.5357919101745596e+22,1.5357919101745608e+22,1.1223918128475943,0.15303278702077427
oc,100.0,1.133576311153816,7.086620229703803e-06,0.6442382027003457,3.607993624137141e+18,3.607993624137141e+18,1.5357919101745596e+22,1.5357919101745608e+22,1.1223918128475943,0.15303278702077422
oc,100.0,1.133576311153816,7.165054691195103e-06,0.651368608290464,3.607993624137141e+18,3.607993624137138e+18,1.5357919101745596e+22,1.5357919101745608e+22,1.122391812847594,0.1530327870207741
oc,100.0,1.133576311153816,7.242750740517112e-06,0.6584318855015556,3.607993624137141e+18,3.607993624137141e+18,1.5357919101745596e+22,1.5357919101745608e+22,1.1223918128475943,0.15303278702077405
oc,100.0,1.133576311153816,7.3196813655263815e-06,0.6654255786842165,3.607993624137141e+18,3.607993624137135e+18,1.5357919101745596e+22,1.5357919101745608e+22,1.1223918128475943,0.153032787020774
oc,100.0,1.133576311153816,7.3958208234218e-06,0.6723473475838,3.607993624137145e+18,3.607993624137148e+18,1.5357919101745596e+22,1.5357919101745608e+22,1.1223918128475943,0.15303278702077394
oc,100.0,1.133576311153816,7.471144662462482e-06,0.6791949693147711,3.607993624137141e+18,3.6079936241371284e+18,1.5357919101745596e+22,1.5357919101745608e+22,1.122391812847594,0.15303278702077383
oc,100.0,1.133576311153816,7.545629739550777e-06,0.6859663399591616,3.607993624137141e+18,3.607993624137138e+18,1.5357919101745596e+22,1.5357919101745608e+22,1.1223918128475943,0.15303278702077378
oc,100.0,1.133576311153816,7.619254233732998e-06,0.692659475793909,3.607993624137141e+18,3.607993624137145e+18,1.5357919101745596e+22,1.5357919101745608e+22,1.1223918128475943,0.1530327870207737
oc,100.0,1.133576311153816,7.691997655689884e-06,0.6992725141536258,3.607993624137141e+18,3.6079936241371284e+18,1.5357919101745596e+22,1.5357919101745608e+22,1.122391812847594,0.15303278702077364
oc,100.0,1.133576311153816,7.763840853306769e-06,0.705803713936979,3.607993624137141e+18,3.607993624137148e+18,1.5357919101745596e+22,1.5357919101745608e+22,1.122391812847594,0.15303278702077355
oc,100.0,1.133576311153816,7.834766013430272e-06,0.7122514557663884,3.607993624137141e+18,3.607993624137148e+18,1.5357919101745596e+22,1.5357919101745608e+22,1.1223918128475943,0.1530327870207735
oc,100.0,1.133576311153816,7.904756659933636e-06,0.7186142418121487,3.607993624137135e+18,3.6079936241371254e+18,1.5357919101745596e+22,1.53579191017455e+22,1.122391812847594,0.15303278702077341
oc,100.0,1.133576311153816,7.973797648226734e-06,0.7248906952933395,3.607993624137141e+18,3.607993624137145e+18,1.5357919101745596e+22,1.5357919101745608e+22,1.1223918128475943,0.1530327870207734
oc,100.0,1.133576311153816,8.041875156359268e-06,0.7310795596690244,3.607993624137141e+18,3.607993624137138e+18,1.5357919101745596e+22,1.5357919101745608e+22,1.1223918128475943,0.15303278702077333
oc,100.0,1.133576311153816,8.108976672876405e-06,0.7371796975342186,3.607993624137151e+18,3.607993624137141e+18,1.5357919101745596e+22,1.5357919101745608e+22,1.1223918128475943,0.15303278702077328
oc,100.0,1.133576311153816,8.175090981595591e-06,0.7431900892359629,3.6079936241371576e+18,3.607993624137116e+18,1.5357919101745596e+22,1.5357919101745608e+22,1.122391812847594,0.15303278702077328
oc,100.0,1.133576311153816,8.240208143481032e-06,0.7491098312255484,3.60799362413718e+18,3.6079936241371064e+18,1.5357919101745596e+22,1.5357919101745608e+22,1.122391812847594,0.1530327870207734
oc,100.0,1.133576311153816,8.304319475798637e-06,0.7549381341635124,3.6079936241372216e+18,3.6079936241370675e+18,1.5357919101745596e+22,1.5357919101745608e+22,1.1223918128475943,0.15303278702077364
oc,100.0,1.133576311153816,8.367417528739142e-06,0.7606743207944675,3.607993624137311e+18,3.607993624136959e+18,1.5357919101745596e+22,1.5357919101745608e+22,1.122391812847594,0.15303278702077416
oc,100.0,1.133576311153816,8.429496059700524e-06,0.7663178236091386,3.607993624137504e+18,3.6079936241367506e+18,1.5357919101745596e+22,1.53579191017455e+22,1.1223918128475934,0.15303278702077544
oc,100.0,1.133576311153816,8.490550005422808e-06,0.7718681823111644,3.607993624137914e+18,3.607993624136366e+18,1.5357919101745596e+22,1.5357919101745608e+22,1.122391812847593,0.15303278702077816
oc,100.0,1.133576311153816,8.550575452169292e-06,0.7773250411062993,3.607993624138734e+18,3.6079936241355423e+18,1.5357919101745596e+22,1.5357919101745608e+22,1.1223918128475918,0.15303278702078368
oc,100.0,1.133576311153816,8.609569604147534e-06,0.782688145831594,3.607993624140394e+18,3.6079936241338916e+18,1.5357919101745596e+22,1.5357919101745608e+22,1.1223918128475894,0.15303278702079495
oc,100.0,1.133576311153816,8.667530750362075e-06,0.7879573409420069,3.607993624143695e+18,3.607993624130585e+18,1.5357919101745596e+22,1.5357919101745608e+22,1.1223918128475845,0.15303278702081743
oc,100.0,1.133576311153816,8.724458230087965e-06,0.7931325663716332,3.607993624150184e+18,3.607993624124086e+18,1.5357919101745596e+22,1.5357919101745608e+22,1.1223918128475745,0.15303278702086168
oc,100.0,1.133576311153816,8.78035239715068e-06,0.7982138542864254,3.6079936241627904e+18,3.607993624111505e+18,1.5357919101745596e+22,1.5357919101745717e+22,1.122391812847556,0.15303278702094764
oc,100.0,1.133576311153816,8.835214583193402e-06,0.8032013257448547,3.6079936241869655e+18,3.6079936240873206e+18,1.5357919101745596e+22,1.5357919101745608e+22,1.1223918128475199,0.15303278702111256
oc,100.0,1.133576311153816,8.889047060107317e-06,0.8080951872824834,3.607993624232774e+18,3.607993624041483e+18,1.5357919101745596e+22,1.53579191017455e+22,1.1223918128474515,0.15303278702142512
oc,100.0,1.133576311153816,8.941853001794646e-06,0.8128957274358769,3.607993624318522e+18,3.607993623955768e+18,1.5357919101745596e+22,1.5357919101745608e+22,1.122391812847324,0.15303278702201017
oc,100.0,1.133576311153816,8.99363644542737e-06,0.8176033132206699,3.6079936244770345e+18,3.6079936237972547e+18,1.5357919101745596e+22,1.5357919101745608e+22,1.1223918128470878,0.15303278702309178
oc,100.0,1.133576311153816,9.044402252357615e-06,0.8222183865779651,3.6079936247664973e+18,3.607993623507795e+18,1.5357919101745596e+22,1.5357919101745608e+22,1.1223918128466563,0.15303278702506695
oc,100.0,1.133576311153816,9.094156068828025e-06,0.8267414608025477,3.6079936252886584e+18,3.607993622985618e+18,1.5357919101745596e+22,1.53579191017455e+22,1.1223918128458783,0.15303278702863002
oc,100.0,1.133576311153816,9.142904286622484e-06,0.8311731169656804,3.607993626219203e+18,3.6079936220550927e+18,1.5357919101745596e+22,1.5357919101745608e+22,1.1223918128444919,0.1530327870349798
oc,100.0,1.133576311153816,9.190654003789586e-06,0.8355140003445078,3.607993627857551e+18,3.607993620416739e+18,1.5357919101745596e+22,1.5357919101745717e+22,1.1223918128420505,0.15303278704615944
oc,100.0,1.133576311153816,9.237412985562645e-06,0.8397648168693314,3.6079936307075487e+18,3.607993617566731e+18,1.5357919101745596e+22,1.5357919101745608e+22,1.1223918128378032,0.15303278706560716
oc,100.0,1.133576311153816,9.283189625591765e-06,0.8439263295992514,3.607993635606364e+18,3.607993612667919e+18,1.5357919101745596e+22,1.5357919101745608e+22,1.1223918128305035,0.15303278709903556
oc,100.0,1.133576311153816,9.32799290759491e-06,0.8479993552359009,3.607993643927528e+18,3.607993604346771e+18,1.5357919101745596e+22,1.5357919101745608e+22,1.122391812818104,0.15303278715581722
oc,100.0,1.133576311153816,9.371832367526334e-06,0.8519847606842121,3.6079936578965023e+18,3.6079935903777843e+18,1.5357919101745596e+22,1.5357919101745608e+22,1.1223918127972883,0.15303278725113834
oc,100.0,1.133576311153816,9.414718056352513e-06,0.8558834596684103,3.6079936810746383e+18,3.607993567199665e+18,1.5357919101745596e+22,1.5357919101745717e+22,1.12239181276275,0.15303278740930062
oc,100.0,1.133576311153816,9.456660503517164e-06,0.8596964094106513,3.607993719091304e+18,3.607993529182981e+18,1.5357919101745596e+22,1.5357919101745608e+22,1.1223918127061001,0.15303278766871772
oc,100.0,1.133576311153816,9.497670681168985e-06,0.8634246073789986,3.607993780736951e+18,3.607993467537339e+18,1.5357919101745596e+22,1.5357919101745608e+22,1.12239181261424,0.15303278808937368
oc,100.0,1.133576311153816,9.537759969217746e-06,0.8670690881107043,3.6079938795733944e+18,3.607993368700887e+18,1.5357919101745596e+22,1.5357919101745608e+22,1.1223918124669605,0.15303278876381116
oc,100.0,1.133576311153816,9.576940121276638e-06,0.870630920116058,3.6079940362752343e+18,3.6079932119990825e+18,1.5357919101745596e+22,1.5357919101745608e+22,1.1223918122334544,0.15303278983310897
oc,100.0,1.133576311153816,9.61522323154144e-06,0.8741112028674036,3.607994281990142e+18,3.607992966284254e+18,1.5357919101745596e+22,1.53579191017455e+22,1.1223918118673077,0.15303279150981178
oc,100.0,1.133576311153816,9.652621702649905e-06,0.8775110638772642,3.607994663099499e+18,3.607992585175083e+18,1.5357919101745596e+22,1.5357919101745608e+22,1.1223918112994051,0.15303279411041537
oc,100.0,1.133576311153816,9.689148214557948e-06,0.8808316558689044,3.607995247876717e+18,3.607992000398306e+18,1.5357919101745596e+22,1.5357919101745608e+22,1.1223918104280117,0.15303279810080167
oc,100.0,1.133576311153816,9.724815694462743e-06,0.8840741540420676,3.6079961356820844e+18,3.607991112593927e+18,1.5357919101745596e+22,1.53579191017455e+22,1.1223918091050678,0.15303280415898196
oc,100.0,1.133576311153816,9.759637287796798e-06,0.8872397534360725,3.60799746950105e+18,3.6079897787773153e+18,1.5357919101745596e+22,1.5357919101745608e+22,1.1223918071175079,0.15303281326065435
oc,100.0,1.133576311153816,9.793626330311123e-06,0.8903296663919203,3.6079994528287355e+18,3.607987795454951e+18,1.5357919101745596e+22,1.5357919101745608e+22,1.1223918041621008,0.1530328267944188
oc,100.0,1.133576311153816,9.826796321260428e-06,0.8933451201145843,3.6080023721267374e+18,3.607984876168695e+18,1.5357919101745596e+22,1.535791910174539e+22,1.122391799811987,0.1530328467150143
oc,100.0,1.133576311153816,9.859160897697999e-06,0.8962873543361817,3.6080066263251784e+18,3.607980621995867e+18,1.5357919101745596e+22,1.5357919101745281e+22,1.122391793472723,0.15303287574462832
oc,100.0,1.133576311153816,9.890733809883394e-06,0.8991576190803086,3.6080127651091185e+18,3.6079744832665754e+18,1.5357919101745596e+22,1.5357919101744952e+22,1.122391784325233,0.153032917634143
oc,100.0,1.133576311153816,9.921528897801673e-06,0.9019571725274248,3.60802153800525e+18,3.6079657104848476e+18,1.5357919101745596e+22,1.5357919101744952e+22,1.1223917712526803,0.1530329774980694
oc,100.0,1.133576311153816,9.951560068788844e-06,0.904687278980804,3.6080339565609697e+18,3.6079532921639547e+18,1.5357919101745596e+22,1.5357919101744734e+22,1.1223917527478366,0.1530330622388007
oc,100.0,1.133576311153816,9.980841276254737e-06,0.9073492069322489,3.608051372169601e+18,3.607935877028599e+18,1.5357919101745596e+22,1.535791910174408e+22,1.1223917267971617,0.1530331810775941
oc,100.0,1.133576311153816,1.0009386499490995e-05,0.9099442272264542,3.608075572324124e+18,3.607911677810905e+18,1.5357919101745596e+22,1.5357919101743534e+22,1.1223916907374654,0.15303334621123876
oc,100.0,1.133576311153816,1.0037209724549056e-05,0.9124736113226415,3.608108898258961e+18,3.607878353697482e+18,1.5357919101745596e+22,1.5357919101742662e+22,1.1223916410807613,0.1530335736145559
oc,100.0,1.133576311153816,1.0064324926170204e-05,0.9149386296518368,3.6081543870420833e+18,3.6078328683940485e+18,1.5357919101745596e+22,1.5357919101741242e+22,1.1223915733028167,0.15303388400954385
oc,100.0,1.133576311153816,1.009074605074749e-05,0.9173405500679536,3.608215941186151e+18,3.607771320784604e+18,1.5357919101745596e+22,1.5357919101739715e+22,1.122391481590898,0.15303430402197366
oc,100.0,1.133576311153816,1.0116487000297136e-05,0.9196806363906487,3.608298528735728e+18,3.607688745301301e+18,1.5357919101745596e+22,1.5357919101737205e+22,1.1223913585464362,0.15303486754539725
oc,100.0,1.133576311153816,1.0141561617415305e-05,0.921960147037755,3.6084084165388365e+18,3.607578879413747e+18,1.5357919101745596e+22,1.5357919101733822e+22,1.1223911948387948,0.1530356173307081
oc,100.0,1.133576311153816,1.0165983671194466e-05,0.9241803337449515,3.608553439008879e+18,3.607433896108755e+18,1.5357919101745596e+22,1.5357919101729238e+22,1.12239097880702,0.15303660681646775
oc,100.0,1.133576311153816,1.0189766844072332e-05,0.9263424403702121,3.608743304119326e+18,3.607244099888085e+18,1.5357919101745596e+22,1.5357919101722909e+22,1.1223906960074592,0.1530379022110958
oc,100.0,1.133576311153816,1.0212924719585172e-05,0.9284477017804702,3.608989937644948e+18,3.606997585668639e+18,1.5357919101745596e+22,1.535791910171429e+22,1.122390328706463,0.15303958483267208
oc,100.0,1.133576311153816,1.0235470770996504e-05,0.930497342817864,3.6093078657783066e+18,3.606679861034954e+18,1.5357919101745596e+22,1.5357919101702394e+22,1.1223898553190157,0.15304175370552703
oc,100.0,1.133576311153816,1.0257418350771382e-05,0.932492577342853,3.6097146352253235e+18,3.6062734335649956e+18,1.5357919101745596e+22,1.5357919101686135e+22,1.1223892497961254,0.1530445284050803
oc,100.0,1.133576311153816,1.0278780680866053e-05,0.9344346073514593,3.6102312687465313e+18,3.6057573664151286e+18,1.5357919101745596e+22,1.5357919101663983e+22,1.1223884809660747,0.1530480521336598
oc,100.0,1.133576311153816,1.029957084380237e-05,0.9363246221638519,3.6108827529000105e+18,3.605106806989063e+18,1.5357919101745596e+22,1.5357919101633536e+22,1.1223875118372268,0.1530524950005068
oc,100.0,1.133576311153816,1.0319801774496192e-05,0.938163797681472,3.611698553504933e+18,3.604292495300118e+18,1.5357919101745596e+22,1.535791910159207e+22,1.122386298872906,0.15305805746911352
oc,100.0,1.133576311153816,1.03394862528089e-05,0.9399532957099002,3.6127131531368714e+18,3.6032802605246966e+18,1.5357919101745596e+22,1.5357919101535434e+22,1.1223847912519056,0.1530649739247705
oc,100.0,1.133576311153816,1.0358636896791337e-05,0.941694263344667,3.613966603848096e+18,3.6020305161949737e+18,1.5357919101745596e+22,1.5357919101457845e+22,1.1223829301313515,0.1530735163050972
oc,100.0,1.133576311153816,1.0377266156589495e-05,0.9433878324172269,3.615505087340552e+18,3.600497766428456e+18,1.5357919101745596e+22,1.5357919101351669e+22,1.1223806479318792,0.1530839977267807
oc,100.0,1.133576311153816,1.0395386308981809e-05,0.9450351189983464,3.6173814740677407e+18,3.5986301374841057e+18,1.5357919101745596e+22,1.5357919101205877e+22,1.1223778676682772,0.153096776033173
oc,100.0,1.133576311153816,1.0413009452518051e-05,0.9466372229561866,3.619655872258985e+18,3.5963689506934124e+18,1.5357919101745596e+22,1.5357919101005962e+22,1.1223745023518046,0.15311225718019597
oc,100.0,1.133576311153816,1.0430147503230494e-05,0.9481952275664085,3.622396157693367e+18,3.5936483543652767e+18,1.5357919101745596e+22,1.535791910073053e+22,1.1223704544931892,0.15313089837255817
oc,100.0,1.133576311153816,1.044681219088843e-05,0.9497101991716755,3.625678475232128e+18,3.5903950335250417e+18,1.5357919101745596e+22,1.5357919100350778e+22,1.122365615737726,0.15315321085893235
oc,100.0,1.133576311153816,1.0463015055767816e-05,0.9511831868879833,3.6295877036662016e+18,3.586528017228674e+18,1.5357919101745596e+22,1.5357919099826433e+22,1.1223598666657553,0.1531797622937531
oc,100.0,1.133576311153816,1.0478767445908384e-05,0.9526152223553077,3.6342178763471124e+18,3.581958603609262e+18,1.5357919101745596e+22,1.535791909910032e+22,1.1223530767930174,0.1532111785748689
oc,100.0,1.133576311153816,1.0494080514831359e-05,0.9540073195301236,3.639672551323618e+18,3.5765904226698107e+18,1.5357919101745596e+22,1.535791909809299e+22,1.1223451048057185,0.15324814507053827
oc,100.0,1.133576311153816,1.0508965219691605e-05,0.9553604745174187,3.6460651262633533e+18,3.570319656048535e+18,1.5357919101745596e+22,1.5357919096692376e+22,1.1223357990645233,0.15329140715621412
oc,100.0,1.133576311153816,1.052343231983881e-05,0.9566756654398918,3.6535190952389724e+18,3.56303543146681e+18,1.5357919101745596e+22,1.53579190947409e+22,1.122324998409904,0.15334176999114488
oc,100.0,1.133576311153816,1.0537492375763123e-05,0.9579538523421021,3.662168246428279e+18,3.5546204072583107e+18,1.5357919101745596e+22,1.535791909201606e+22,1.1223125332982324,0.15340009747686004
oc,100.0,1.133576311153816,1.055115574840148e-05,0.9591959771274073,3.672156801832149e+18,3.544951559214838e+18,1.5357919101745596e+22,1.535791908820412e+22,1.1222982272935693,0.15346731035385494
oc,100.0,1.133576311153816,1.0564432598781674e-05,0.9604029635256067,3.6836395021607706e+18,3.533901177944126e+18,1.5357919101745596e+22,1.5357919082861163e+22,1.1222818989342027,0.15354438340890098
oc,100.0,1.133576311153816,1.0577332887982049e-05,0.9615757170892771,3.696781641985043e+18,3.521338080022286e+18,1.5357919101745596e+22,1.535791907535983e+22,1.1222633639856299,0.15363234178297977
oc,100.0,1.133576311153816,1.0589866377385603e-05,0.9627151252168731,3.7117590620031473e+18,3.5071290304827945e+18,1.5357919101745596e+22,1.5357919064812067e+22,1.1222424380828584,0.15373225638842017
oc,100.0,1.133576311153816,1.0602042629208068e-05,0.9638220572007334,3.7287581067568026e+18,3.4911403677091e+18,1.5357919101745596e+22,1.535791904996152e+22,1.1222189397547493,0.15384523846289586
oc,100.0,1.133576311153816,1.0613871007280374e-05,0.9648973642982158,3.7479755572736113e+18,3.473239814735858e+18,1.5357919101745596e+22,1.5357919029030226e+22,1.1221926938118298,0.15397243330700774
oc,100.0,1.133576311153816,1.0625360678066804e-05,0.965941879824255,3.7696185488677345e+18,3.4532984535168276e+18,1.5357919101745596e+22,1.5357918999504717e+22,1.1221635350668457,0.1541150132706903
oc,100.0,1.133576311153816,1.0636520611900908e-05,0.9669564192637189,3.793904484662286e+18,3.431192831148004e+18,1.5357919101745596e+22,1.5357918957835278e+22,1.1221313123446162,0.15427417007113103
oc,100.0,1.133576311153816,1.0647359584422066e-05,0.9679417804020061,3.8210609552993403e+18,3.406807159651286e+18,1.5357919101745596e+22,1.5357918899016477e+22,1.1220958927250186,0.15445110654077315
oc,100.0,1.133576311153816,1.0657886178196438e-05,0.9688987434724035,3.8513256747807304e+18,3.3800355640807414e+18,1.5357919101745596e+22,1.5357918816005192e+22,1.1220571659505525,0.15464702791783352
oc,100.0,1.133576311153816,1.0668108784506744e-05,0.969828071318795,3.8849464414653696e+18,3.350784327791039e+18,1.5357919101745596e+22,1.5357918698916379e+22,1.1220150489185796,0.15486313280319583
oc,100.0,1.133576311153816,1.0678035605296172e-05,0.9707305095723793,3.9221811319791785e+18,3.3189740790858373e+18,1.5357919101745596e+22,1.535791853392264e+22,1.1219694901684878,0.1551006039162012
oc,100.0,1.133576311153816,1.0687674655252362e-05,0.9716067868411238,3.963297734227751e+18,3.2845418605089357e+18,1.5357919101745596e+22,1.5357918301757272e+22,1.1219204742662419,0.15536059878748304
oc,100.0,1.133576311153816,1.0697033764018233e-05,0.9724576149107484,4.0085744239055155e+18,3.2474430210723866e+18,1.5357919101745596e+22,1.5357917975701453e+22,1.1218680259836782,0.15564424052940548
oc,100.0,1.133576311153816,1.0706120578517071e-05,0.9732836889560974,4.058299686941523e+18,3.2076528729665316e+18,1.5357919101745596e+22,1.5357917518909609e+22,1.1218122141677223,0.1559526088237771
oc,100.0,1.133576311153816,1.0714942565379982e-05,0.9740856877618166,4.112772488280954e+18,3.1651680579191987e+18,1.5357919101745596e+22,1.535791688090673e+22,1.1217531551959796,0.15628673126233456
oc,100.0,1.133576311153816,1.0723507013464508e-05,0.9748642739513189,4.172302485354824e+18,3.120007574369117e+18,1.5357919101745596e+22,1.5357915993087754e+22,1.121691015919899,0.15664757516814126
oc,100.0,1.133576311153816,1.0731821036453796e-05,0.9756200942230724,4.2372102826049925e+18,3.0722134248864097e+18,1.5357919101745596e+22,1.5357914763072905e+22,1.1216260160050686,0.15703604001572558
oc,100.0,1.133576311153816,1.0739891575526403e-05,0.9763537795933094,4.3078277215868406e+18,3.0218508535423427e+18,1.5357919101745596e+22,1.5357913067853269e+22,1.1215584295900203,0.1574529505548125
oc,100.0,1.133576311153816,1.07477254020873e-05,0.9770659456442999,4.384498199538521e+18,2.969008154820298e+18,1.5357919101745596e+22,1.5357910745851596e+22,1.1214885861999226,0.1578990507272512
oc,100.0,1.133576311153816,1.0755329120551326e-05,0.9777571927773933,4.4675770079654205e+18,2.913796048661059e+18,1.5357919101745596e+22,1.5357907588376735e+22,1.1214168708693995,0.1583749984496959
oc,100.0,1.133576311153816,1.0762709171170821e-05,0.9784281064700746,4.557431681825805e+18,2.8563466297724795e+18,1.5357919101745596e+22,1.5357903331617638e+22,1.1213437234489874,0.15888136131625888
oc,100.0,1.133576311153816,1.0769871832899693e-05,0.9790792575363358,4.654442349431759e+18,2.796811912768855e+18,1.5357919101745596e+22,1.5357897651433656e+22,1.121269637092021,0.15941861325629192
oc,100.0,1.133576311153816,1.077682322628674e-05,0.9797112023897037,4.759002073325197e+18,2.735362007424083e+18,1.5357919101745596e+22,1.5357890165071535e+22,1.1211951559427753,0.15998713216323743
oc,100.0,1.133576311153816,1.07835693163914e-05,0.9803244833083091,4.871517173333029e+18,2.6721829697445524e+18,1.5357919101745596e+22,1.5357880446959055e+22,1.1211208720724706,0.16058719849168313
oc,100.0,1.133576311153816,1.0790115915715747e-05,0.9809196287014316,4.992407524982223e+18,2.607474384210916e+18,1.5357919101745596e+22,1.5357868070522428e+22,1.1210474217376505,0.16121899480191187
oc,100.0,1.133576311153816,1.0796468687146801e-05,0.981497153376982,5.122106829776995e+18,2.5414467400651935e+18,1.5357919101745596e+22,1.5357852695481794e+22,1.12097548106661,0.16188260621482797
oc,100.0,1.133576311153816,1.0802633146903754e-05,0.9820575588094322,5.26106285893647e+18,2.474318669753197e+18,1.5357919101745596e+22,1.5357834231707244e+22,1.1209057613159896,0.16257802172561056
oc,100.0,1.133576311153816,1.0808614667485075e-05,0.982601333407734,5.409737679637838e+18,2.4063141206034135e+18,1.5357919101745596e+22,1.535781312859132e+22,1.1208390038849148,0.1633051363121288
oc,100.0,1.133576311153816,1.0814418480610833e-05,0.9831289527828031,5.5686078833982e+18,2.337659531789571e+18,1.5357919101745596e+22,1.5357790866330553e+22,1.1207759753338993,0.16406375376431173
oc,100.0,1.133576311153816,1.0820049680155946e-05,0.9836408800141769,5.738164851057533e+18,2.2685810881093821e+18,1.5357919101745596e+22,1.5357770767770304e+22,1.120717462739548,0.16485359015346054
oc,100.0,1.133576311153816,1.0825513225070368e-05,0.9841375659154881,5.918915109475866e+18,2.1993021210095788e+18,1.5357919101745596e+22,1.5357759315394347e+22,1.120664269839657,0.16567427785601285
oc,100.0,1.133576311153816,1.0830813942282604e-05,0.9846194492984186,6.111380863909346e+18,2.130040727001193e+18,1.5357919101745596e+22,1.5357768262838255e+22,1.1206172146136704,0.16652537004448154
oc,100.0,1.133576311153816,1.0835956529583215e-05,0.9850869572348377,6.316100830836834e+18,2.0610076753501763e+18,1.5357919101745596e+22,1.5357817993255847e+22,1.120577129234256,0.16740634555915387
oc,100.0,1.133576311153816,1.084094555848522e-05,0.9855405053168382,6.533631553919503e+18,1.9924046675403507e+18,1.5357919101745596e+22,1.5357942711733864e+22,1.1205448635590531,0.16831661407747212
oc,100.0,1.133576311153816,1.0845785477058698e-05,0.9859804979144271,6.764549453730607e+18,1.9244228457674068e+18,1.5357919101745596e+22,1.535819696137512e+22,1.1205212913459577,0.16925552150395193
oc,100.0,1.133576311153816,1.0850480612736976e-05,0.9864073284306342,7.009453794665424e+18,1.857240279706976e+18,1.5357919101745596e+22,1.5358652847193569e+22,1.1205073003330182,0.17022235551359172
oc,100.0,1.133576311153816,1.0855035175092196e-05,0.986821379553836,7.268969592850657e+18,1.7910120176004895e+18,1.5357919101745596e+22,1.5359327645886652e+22,1.1205036592730122,0.17121635120594672
oc,100.0,1.133576311153816,1.0859453258578164e-05,0.9872230235071058,7.543743340437265e+18,1.725832034147387e+18,1.5357919101745596e+22,1.535982553401458e+22,1.1205103811296764,0.1722366968985318
oc,100.0,1.133576311153816,1.0863738845238655e-05,0.9876126222944233,7.834406764468435e+18,1.6618192020494648e+18,1.5357919101745596e+22,1.5359983251125686e+22,1.120527876048267,0.173282540259227
oc,100.0,1.133576311153816,1.0867895807379541e-05,0.9879905279435948,8.141567977864615e+18,1.5991385803801536e+18,1.5357919101745596e+22,1.5360134098125733e+22,1.1205573975758822,0.17435299346213615
oc,100.0,1.133576311153816,1.0871927910203254e-05,0.9883570827457504,8.465837861548813e+18,1.5379006093485809e+18,1.5357919101745596e+22,1.536027773360568e+22,1.1205995627927297,0.17544713730574055
oc,100.0,1.133576311153816,1.0875838814404348e-05,0.9887126194913044,8.807828678805833e+18,1.4781999658444785e+18,1.5357919101745596e+22,1.5360413226862293e+22,1.1206549437677613,0.1765640255620376
oc,100.0,1.133576311153816,1.087963207872503e-05,0.9890574617022755,9.168151913332148e+18,1.4201160010373883e+18,1.5357919101745596e+22,1.5360539675501173e+22,1.1207240662443716,0.17770268912263898
oc,100.0,1.133576311153816,1.088331116246969e-05,0.9893919238608808,9.547415911647838e+18,1.3637133052694758e+18,1.5357919101745596e+22,1.53606563292581e+22,1.1208074079655166,0.17886213991773645
oc,100.0,1.133576311153816,1.0886879427977617e-05,0.9897163116343288,9.946223341974514e+18,1.3090424124056845e+18,1.5357919101745596e+22,1.5360762613528592e+22,1.120905397314391,0.18004137459158187
oc,100.0,1.133576311153816,1.0890340143053247e-05,0.9900309220957497,1.0365168476041832e+19,1.2561406202610074e+18,1.5357919101745596e+22,1.536085812930541e+22,1.121018412373299,0.18123937792481898
oc,100.0,1.133576311153816,1.0893696483353328e-05,0.9903360439412118,1.080483430174949e+19,1.2050328984316252e+18,1.5357919101745596e+22,1.5360942645295545e+22,1.1211467803905812,0.18245512599987568
oc,100.0,1.133576311153816,1.0896951534730626e-05,0.9906319577027842,1.1265789477483745e+19,1.1557328557680018e+18,1.5357919101745596e+22,1.5361016086078316e+22,1.1212907776221148,0.18368758911073121
oc,100.0,1.133576311153816,1.0900108295533774e-05,0.9909189359576158,1.1748585142050796e+19,1.1082437422024105e+18,1.5357919101745596e+22,1.5361078517788593e+22,1.1214506295090485,0.18493573442268302
oc,100.0,1.133576311153816,1.0903169678863081e-05,0.9911972435330074,1.2253751597399085e+19,1.062559462640345e+18,1.5357919101745596e+22,1.53611301322585e+22,1.1216265111531711,0.18619852839129716
oc,100.0,1.133576311153816,1.090613851478213e-05,0.9914671377074664,1.278179488446335e+19,1.0186655838073123e+18,1.5357919101745596e+22,1.5361171230381245e+22,1.121818548052648,0.18747493895255993
oc,100.0,1.133576311153816,1.0909017552485099e-05,0.9917288684077362,1.3333193275504108e+19,9.765403181295438e+17,1.5357919101745596e+22,1.536120220532304e+22,1.1220268170630148,0.18876393749838596
oc,100.0,1.133576311153816,1.0911809462419846e-05,0.9919826784018042,1.3908393709185681e+19,9.36155471797685e+17,1.5357919101745596e+22,1.5361223526094605e+22,1.1222513475510063,0.19006450065317793
oc,100.0,1.133576311153816,1.0914516838366856e-05,0.992228803487896,1.4507808197281921e+19,8.974773470301974e+17,1.5357919101745596e+22,1.5361235721887037e+22,1.122492122711701,0.19137561186808424
oc,100.0,1.133576311153816,1.091714219947416e-05,0.9924674726794691,1.5131810234242281e+19,8.604675911610331e+17,1.5357919101745596e+22,1.5361239367458526e+22,1.1227490810225493,0.1926962628500643
oc,100.0,1.133576311153816,1.0919687992248514e-05,0.9926989083862285,1.5780731242895016e+19,8.250839874890103e+17,1.5357919101745596e+22,1.5361235069776549e+22,1.123022117810873,0.19402545484292544
oc,100.0,1.133576311153816,1.0922156592503055e-05,0.9929233265911869,1.645485709118227e+19,7.912811848337893e+17,1.5357919101745596e+22,1.536122345602832e+22,1.1233110869143628,0.19536219977714664
oc,100.0,1.133576311153816,1.0924550307261798e-05,0.9931409370237998,1.7154424716045249e+19,7.590113644430733e+17,1.5357919101745596e+22,1.5361205163051494e+22,1.123615802416835,0.19670552130469193
oc,100.0,1.133576311153816,1.0926871376621309e-05,0.9933519433292098,1.7879618891307667e+19,7.282248443037981e+17,1.5357919101745596e+22,1.5361180828178527e+22,1.1239360404440242,0.19805445573413408
oc,100.0,1.133576311153816,1.0929121975570008e-05,0.9935565432336372,1.8630569176640844e+19,6.988706220449572e+17,1.5357919101745596e+22,1.5361151081449857e+22,1.1242715410064457,0.19940805288036498
oc,100.0,1.133576311153816,1.0931304215765523e-05,0.9937549287059567,1.9407347084374643e+19,6.708968585088654e+17,1.5357919101745596e+22,1.5361116539118976e+22,1.1246220098783313,0.20076537684195156
oc,100.0,1.133576311153816,1.0933420147270573e-05,0.9939472861155068,2.0209963500060676e+19,6.44251304737162e+17,1.5357919101745596e+22,1.5361077798352527e+22,1.1249871205033606,0.20212550671792318
oc,100.0,1.133576311153816,1.0935471760247933e-05,0.9941337963861758,2.1038366391250133e+19,6.188816755984026e+17,1.5357919101745596e+22,1.5361035433019076e+22,1.1253665159193371,0.20348753727441962
oc,100.0,1.133576311153816,1.0937460986614977e-05,0.9943146351468162,2.1892438836933677e+19,5.947359736027487e+17,1.5357919101745596e+22,1.5360989990451325e+22,1.1257598106951605,0.20485057957025474
oc,100.0,1.133576311153816,1.0939389701658392e-05,0.9944899728780356,2.27719974075209e+19,5.717627666328358e+17,1.5357919101745596e+22,1.5360941989065994e+22,1.1261665928743976,0.20621376154909535
oc,100.0,1.133576311153816,1.094125972560964e-05,0.9946599750554219,2.3676790922126328e+19,5.4991142339310746e+17,1.5357919101745596e+22,1.536089191673091e+22,1.126586425920513,0.20757622860462696
oc,100.0,1.133576311153816,1.0943072825181768e-05,0.9948248022892516,2.4606499606294217e+19,5.2913231036513555e+17,1.5357919101745596e+22,1.5360840229775787e+22,1.127018850659385,0.20893714412377537
oc,100.0,1.133576311153816,1.0944830715068192e-05,0.9949846104607447,2.556073466925202e+19,5.093769539711436e+17,1.5357919101745596e+22,1.5360787352542507e+22,1.1274633872151434,0.21029569001189338
oc,100.0,1.133576311153816,1.0946535059404077e-05,0.9951395508549161,2.6539038315258974e+19,4.905981715126893e+17,1.5357919101745596e+22,1.5360733677391477e+22,1.1279195369356356,0.21165106720261975
oc,100.0,1.133576311153816,1.0948187473190986e-05,0.9952897702900896,2.754088419887583e+19,4.727501742750984e+17,1.5357919101745596e+22,1.5360679565078487e+22,1.1283867843040079,0.21300249615417582
oc,100.0,1.133576311153816,1.0949789523685387e-05,0.9954354112441262,2.8565678328856605e+19,4.557886459891117e+17,1.5357919101745596e+22,1.5360625345433428e+22,1.1288645988329364,0.2143492173328256
oc,100.0,1.133576311153816,1.0951342731751775e-05,0.9955766119774341,2.9612760420225815e+19,4.3967079962239085e+17,1.5357919101745596e+22,1.5360571318276165e+22,1.1293524369381016,0.2156904916835058
oc,100.0,1.133576311153816,1.0952848573180955e-05,0.9957135066528141,3.068140568873702e+19,4.2435541524960576e+17,1.5357919101745596e+22,1.5360517754514724e+22,1.1298497437874013,0.21702560108679975
oc,100.0,1.133576311153816,1.0954308479974282e-05,0.9958462254522075,3.1770827076731433e+19,4.0980286152098784e+17,1.5357919101745596e+22,1.53604648973807e+22,1.1303559551224085,0.21835384880092923
oc,100.0,1.133576311153816,1.0955723841594418e-05,0.9959748946904017,3.288017789419006e+19,3.9597510302599974e+17,1.5357919101745596e+22,1.5360412963760046e+22,1.1308704990484333,0.21967455988682255
oc,100.0,1.133576311153816,1.0957096006183349e-05,0.996099636925759,3.400855485391446e+19,3.82835695629982e+17,1.5357919101745596e+22,1.5360362145587392e+22,1.131392797789523,0.22098708161400452
oc,100.0,1.133576311153816,1.0958426281748313e-05,0.9962205710680284,3.515500147512051e+19,3.7034977165357984e+17,1.5357919101745596e+22,1.536031261127416e+22,1.1319222694046613,0.22229078384472595
oc,100.0,1.133576311153816,1.09597159373163e-05,0.9963378124833001,3.6318511825491386e+19,3.5848401656777856e+17,1.5357919101745596e+22,1.536026450714975e+22,1.132458329461362,0.22358505939352208
oc,100.0,1.133576311153816,1.0960966204057819e-05,0.9964514730961654,3.749803456799934e+19,3.472066386922915e+17,1.5357919101745596e+22,1.5360217958896674e+22,1.1330003926628915,0.22486932435933688
oc,100.0,1.133576311153816,1.0962178276380554e-05,0.9965616614891413,3.869247727552843e+19,3.364873332140394e+17,1.5357919101745596e+22,1.536017307296384e+22,1.1335478744253338,0.22614301842727205
oc,100.0,1.133576311153816,1.0963353312993623e-05,0.9966684829994202,3.990071097371282e+19,3.262972416840925e+17,1.5357919101745596e+22,1.5360129937946687e+22,1.134100192400821,0.22740560513711636
oc,100.0,1.133576311153816,1.0964492437943059e-05,0.9967720398130053,4.112157487032633e+19,3.166089080071681e+17,1.5357919101745596e+22,1.5360088625928567e+22,1.1346567679433326,0.22865657211589627
oc,100.0,1.133576311153816,1.0965596741619176e-05,0.9968724310562888,4.235388122817745e+19,3.073962318059938e+17,1.5357919101745596e+22,1.5360049193769987e+22,1.1352170275136475,0.22989543127189976
oc,100.0,1.133576311153816,1.0966667281736461e-05,0.9969697528851329,4.359642033771207e+19,2.9863441992398176e+17,1.5357919101745596e+22,1.5360011684348705e+22,1.13578040402021,0.23112171894783942
oc,100.0,1.133576311153816,1.0967705084286636e-05,0.9970640985715125,4.484796554542743e+19,2.9029993672240966e+17,1.5357919101745596e+22,1.5359976127742716e+22,1.1363463380929317,0.23233499603112578
oc,100.0,1.133576311153816,1.0968711144465507e-05,0.9971555585877734,4.610727829470069e+19,2.8237045373268502e+17,1.5357919101745596e+22,1.5359942542354347e+22,1.1369142792872113,0.23353484801950236
oc,100.0,1.133576311153816,1.0969686427574233e-05,0.9972442206885668,4.7373113136793805e+19,2.7482479913847536e+17,1.5357919101745596e+22,1.5359910935978234e+22,1.1374836872157854,0.2347208850406769
oc,100.0,1.133576311153816,1.0970631869895642e-05,0.9973301699905128,4.864422267144271e+19,2.6764290748689405e+17,1.5357919101745596e+22,1.5359881306807923e+22,1.1380540326063582,0.2358927418249178
oc,100.0,1.133576311153816,1.0971548379546137e-05,0.9974134890496489,4.991936237860749e+19,2.6080576996099344e+17,1.5357919101745596e+22,1.5359853644387543e+22,1.1386247982833206,0.23705007762995225
oc,100.0,1.133576311153816,1.0972436837303892e-05,0.9974942579367174,5.119729530561194e+19,2.542953854866587e+17,1.5357919101745596e+22,1.535982793050343e+22,1.1391954800722786,0.2381925761179178
oc,100.0,1.133576311153816,1.0973298097413808e-05,0.9975725543103462,5.2476796576851706e+19,2.4809471289574298e+17,1.5357919101745596e+22,1.5359804140022122e+22,1.139765587626494,0.2393199451844557
oc,100.0,1.133576311153816,1.0974132988369913e-05,0.9976484534881739,5.3756657696592445e+19,2.4218762432208822e+17,1.5357919101745596e+22,1.5359782241675761e+22,1.140334645174761,0.2404319167404326
oc,100.0,1.133576311153816,1.0974942313675674e-05,0.9977220285159705,5.503569061881598e+19,2.365588599684581e+17,1.5357919101745596e+22,1.5359762198791341e+22,1.1409021921906353,0.24152824644708168
oc,100.0,1.133576311153816,1.0975726852582875e-05,0.9977933502348069,5.631273156191243e+19,2.311939843481834e+17,1.5357919101745596e+22,1.535974396997588e+22,1.1414677839833922,0.24260871340578152
oc,100.0,1.133576311153816,1.0976487360809517e-05,0.9978624873463197,5.758664454961049e+19,2.260793440770911e+17,1.5357919101745596e+22,1.5359727509749059e+22,1.142030992211415,0.2436731198038935
oc,100.0,1.133576311153816,1.0977224571237352e-05,0.997929506476123,5.8856324663502406e+19,2.2120202726602387e+17,1.5357919101745596e+22,1.535971276913244e+22,1.142591405319173,0.24472129051846683
oc,100.0,1.133576311153816,1.097793919458954e-05,0.9979944722354128,6.0120700996137886e+19,2.165498245437938e+17,1.5357919101745596e+22,1.5359699696195652e+22,1.1431486288992647,0.24575307267979787
oc,100.0,1.133576311153816,1.097863192008893e-05,0.9980574472808119,6.137873929740064e+19,2.1211119172243885e+17,1.5357919101745596e+22,1.535968823655936e+22,1.1437022859813777,0.24676833519711758
oc,100.0,1.133576311153816,1.0979303416097527e-05,0.9981184923725025,6.262944431037898e+19,2.0787521410195987e+17,1.5357919101745596e+22,1.5359678333860805e+22,1.1442520172503328,0.24776696824887437
oc,100.0,1.133576311153816,1.0979954330737578e-05,0.998177666430689,6.387186179617801e+19,2.0383157239973203e+17,1.5357919101745596e+22,1.5359669930181014e+22,1.1447974811956532,0.24874888274019055
oc,100.0,1.133576311153816,1.0980585292494814e-05,0.9982350265904376,6.510508025030179e+19,1.99970510279373e+17,1.5357919101745596e+22,1.535966296643688e+22,1.1453383541953956,0.24971400973029198
oc,100.0,1.133576311153816,1.0981196910804284e-05,0.9982906282549349,6.632823231595443e+19,1.96282803446114e+17,1.5357919101745596e+22,1.5359657382738978e+22,1.1458743305371741,0.2506622998327351
oc,100.0,1.133576311153816,1.0981789776619278e-05,0.9983445251472072,6.7540495902237975e+19,1.9275973026901008e+17,1.5357919101745596e+22,1.5359653118720763e+22,1.14640512237954,0.251593722591385
oc,100.0,1.133576311153816,1.0982364462963772e-05,0.9983967693603429,6.874109501733447e+19,1.8939304388555904e+17,1.5357919101745596e+22,1.5359650113832759e+22,1.1469304596570118,0.2525082658350886
oc,100.0,1.133576311153816,1.0982921525468846e-05,0.9984474114062588,6.9929300328877695e+19,1.8617494574021376e+17,1.5357919101745596e+22,1.5359648307614585e+22,1.1474500899322215,0.2534059350140678
oc,100.0,1.133576311153816,1.0983461502893518e-05,0.9984965002630471,7.110442946513499e+19,1.8309806050589453e+17,1.5357919101745596e+22,1.5359647639935337e+22,1.1479637781986871,0.2542867525209562
oc,100.0,1.133576311153816,1.0983984917630406e-05,0.998544083420946,7.2265847072149955e+19,1.8015541233539024e+17,1.5357919101745596e+22,1.5359648051212365e+22,1.1484713066378538,0.25515075699946593
oc,100.0,1.133576311153816,1.0984492276196647e-05,0.9985902069269679,7.341296464290679e+19,1.773404023886977e+17,1.5357919101745596e+22,1.5359649482604603e+22,1.1489724743340315,0.2559980026435322
oc,100.0,1.133576311153816,1.0984984069710465e-05,0.9986349154282241,7.454524013539144e+19,1.7464678758175853e+17,1.5357919101745596e+22,1.5359651876184443e+22,1.1494670969508853,0.25682855848974817
oc,100.0,1.133576311153816,1.0985460774353792e-05,0.9986782522139812,7.566217739689853e+19,1.7206866050215923e+17,1.5357919101745596e+22,1.5359655175088947e+22,1.1499550063731128,0.2576425077057784
oc,100.0,1.133576311153816,1.0985922851821332e-05,0.9987202592564848,7.676332541226258e+19,1.6960043043767974e+17,1.5357919101745596e+22,1.535965932364947e+22,1.1504360503169215,0.2584399468773825
oc,100.0,1.133576311153816,1.0986370749756428e-05,0.9987609772505843,7.784827739363441e+19,1.6723680546466957e+17,1.5357919101745596e+22,1.535966426750546e+22,1.150910091912804,0.25922098529647253
oc,100.0,1.133576311153816,1.0986804902174117e-05,0.9988004456521924,7.891666972931031e+19,1.6497277554412736e+17,1.5357919101745596e+22,1.5359669953694366e+22,1.1513770092640663,0.2599857442525595
oc,100.0,1.133576311153816,1.098722572987174e-05,0.9988387027156127,7.996818080888034e+19,1.6280359657465946e+17,1.5357919101745596e+22,1.5359676330726799e+22,1.1518366949844634,0.26073435632981057
oc,100.0,1.133576311153816,1.0987633640827416e-05,0.9988757855297651,8.10025297412481e+19,1.607247753533182e+17,1.5357919101745596e+22,1.5359683348638466e+22,1.1522890557181105,0.2614669647116864
oc,100.0,1.133576311153816,1.0988029030586768e-05,0.9989117300533426,8.201947498177466e+19,1.5873205539644816e+17,1.5357919101745596e+22,1.5359690959021144e+22,1.1527340116448075,0.26218372249513233
oc,100.0,1.133576311153816,1.0988412282638214e-05,0.9989465711489285,8.30188128838171e+19,1.5682140357480342e+17,1.5357919101745596e+22,1.5359699115025176e+22,1.1531714959736807,0.2628847920160136
oc,100.0,1.133576311153816,1.0988783768777126e-05,0.9989803426161024,8.400037618923594e+19,1.549889975188545e+17,1.5357919101745596e+22,1.5359707771329554e+22,1.1536014544279125,0.2635703441873522
oc,100.0,1.133576311153816,1.098914384945923e-05,0.9990130772235664,8.496403247167501e+19,1.532312137517586e+17,1.5357919101745596e+22,1.5359716884067146e+22,1.1540238447232212,0.26424055785185996
oc,100.0,1.133576311153816,1.0989492874143477e-05,0.9990448067403161,8.590968254527373e+19,1.5154461650974976e+17,1.5357919101745596e+22,1.5359726410691542e+22,1.1544386360424785,0.26489561914993887
oc,100.0,1.133576311153816,1.0989831181624756e-05,0.9990755619658869,8.683725885078046e+19,1.4992594721097987e+17,1.5357919101745596e+22,1.5359736309761823e+22,1.1548458085087823,0.2655357209043454
oc,100.0,1.133576311153816,1.0990159100356695e-05,0.9991053727596996,8.774672382993241e+19,1.4837211453592474e+17,1.5357919101745596e+22,1.535974654061951e+22,1.1552453526590618,0.26616106202246026
oc,100.0,1.133576311153816,1.099047694876486e-05,0.9991342680695328,8.863806829800699e+19,1.468801850841194e+17,1.5357919101745596e+22,1.5359757062911625e+22,1.1556372689201124,0.2667718469169678
oc,100.0,1.133576311153816,1.0990785035550604e-05,0.9991622759591459,8.95113098235657e+19,1.4544737457351258e+17,1.5357919101745596e+22,1.5359767835907587e+22,1.1560215670887974,0.26736828494567233
oc,100.0,1.133576311153816,1.0991083659985862e-05,0.9991894236350785,9.036649112349237e+19,1.4407103955040536e+17,1.5357919101745596e+22,1.5359778817543275e+22,1.1563982658179603,0.26795058987099946
oc,100.0,1.133576311153816,1.0991373112199139e-05,0.9992157374726489,9.120367848040486e+19,1.4274866957942298e+17,1.5357919101745596e+22,1.5359789963089413e+22,1.1567673921093813,0.2685189793396199
oc,100.0,1.133576311153816,1.0991653673452932e-05,0.9992412430411757,9.202296018882064e+19,1.4147787988436408e+17,1.5357919101745596e+22,1.535980122334206e+22,1.1571289808149543,0.2690736743825189
oc,100.0,1.133576311153816,1.0991925616412885e-05,0.9992659651284441,9.28244450355081e+19,1.4025640441209178e+17,1.5357919101745596e+22,1.5359812542182912e+22,1.1574830741470605,0.2696148989357376
oc,100.0,1.133576311153816,1.0992189205408847e-05,0.9992899277644407,9.360826081872901e+19,1.3908208929292243e+17,1.5357919101745596e+22,1.5359823853339504e+22,1.1578297211989272,0.2701428793818935
oc,100.0,1.133576311153816,1.0992444696688121e-05,0.9993131542443747,9.437455291030869e+19,1.3795288667215653e+17,1.5357919101745596e+22,1.5359835076140577e+22,1.158168977475571,0.27065784411248384
oc,100.0,1.133576311153816,1.099269233866112e-05,0.999335667151011,9.512348286387885e+19,1.3686684888837016e+17,1.5357919101745596e+22,1.5359846110022227e+22,1.1585009044357928,0.27116002311095744
oc,100.0,1.133576311153816,1.0992932372139636e-05,0.9993574883763305,9.585522707185477e+19,1.3582212297537038e+17,1.5357919101745596e+22,1.535985682751635e+22,1.1588255690454452,0.27164964755635707
oc,100.0,1.133576311153816,1.0993165030567958e-05,0.9993786391425417,9.656997547327082e+19,1.3481694546551496e+17,1.5357919101745596e+22,1.5359867065407736e+22,1.1591430433421184,0.2721269494473602
oc,100.0,1.133576311153816,1.0993390540247038e-05,0.999399140022458,9.726793031395906e+19,1.3384963747325861e+17,1.5357919101745596e+22,1.535987661373088e+22,1.1594534040111755,0.2725921612464135
oc,100.0,1.133576311153816,1.0993609120551912e-05,0.9994190109592647,9.794930496017573e+19,1.3291860003864501e+17,1.5357919101745596e+22,1.5359885202251225e+22,1.1597567319729987,0.2730455155436595
oc,100.0,1.133576311153816,1.0993820984142568e-05,0.9994382712856881,9.86143227662164e+19,1.3202230971164352e+17,1.5357919101745596e+22,1.5359892484063345e+22,1.16005311198115,0.27348724474023406
oc,100.0,1.133576311153816,1.0994026337168478e-05,0.999456939742589,9.926321599628924e+19,1.3115931435913365e+17,1.5357919101745596e+22,1.535989801594398e+22,1.1603426322311172,0.2739175807505429
oc,100.0,1.133576311153816,1.0994225379466936e-05,0.9994750344969942,9.989622480052285e+19,1.3032822917761933e+17,1.5357919101745596e+22,1.5359901235120657e+22,1.160625383979221,0.27433675472302105
oc,100.0,1.133576311153816,1.0994418304755431e-05,0.9994925731595847,1.0051359624464084e+20,1.2952773289585069e+17,1.5357919101745596e+22,1.5359901432138753e+22,1.1609014611712833,0.27474499677890607
oc,100.0,1.133576311153816,1.0994605300818213e-05,0.9995095728016559,1.0111558339266154e+20,1.2875656415295694e+17,1.5357919101745596e+22,1.5359897719589248e+22,1.161170960080629,0.27514253576846925
oc,100.0,1.133576311153816,1.0994786549687217e-05,0.9995260499715652,1.0170244444167792e+20,1.2801351803898518e+17,1.5357919101745596e+22,1.5359888996515105e+22,1.1614339789550967,0.2755295990442006
oc,100.0,1.133576311153816,1.0994962227817505e-05,0.9995420207106823,1.022744419075336e+20,1.2729744278648651e+17,1.5357919101745596e+22,1.5359873908433358e+22,1.1616906176727464,0.2759064122503043
oc,100.0,1.133576311153816,1.0995132506257437e-05,0.999557500568858,1.0283184186027632e+20,1.266072366030555e+17,1.5357919101745596e+22,1.5359850803027084e+22,1.1619409774061964,0.2762731991280414
oc,100.0,1.133576311153816,1.0995297550813662e-05,0.9995725046194238,1.0337491320778369e+20,1.2594184463686322e+17,1.5357919101745596e+22,1.5359817681698453e+22,1.162185160295535,0.27663018133621564
oc,100.0,1.133576311153816,1.099545752221112e-05,0.9995870474737383,1.0390392702613155e+20,1.253002560686601e+17,1.5357919101745596e+22,1.5359772147340783e+22,1.1624232691300467,0.2769775782862695
oc,100.0,1.133576311153816,1.0995612576248216e-05,0.9996011432952924,1.0441915593510417e+20,1.2468150132561256e+17,1.5357919101745596e+22,1.5359711348852448e+22,1.1626554070391608,0.27731560699140023
oc,100.0,1.133576311153816,1.0995762863947264e-05,0.9996148058133876,1.0492087351710297e+20,1.2408464941417904e+17,1.5357919101745596e+22,1.53596319230952e+22,1.162881677193222,0.27764448192906044
oc,100.0,1.133576311153816,1.099590853170039e-05,0.9996280483363992,1.0540935377776738e+20,1.235088053708356e+17,1.5357919101745596e+22,1.5359529935172432e+22,1.163102182514942,0.27796441491627505
oc,100.0,1.133576311153816,1.0996049721411005e-05,0.9996408837646369,1.0588487064652305e+20,1.2295310783113278e+17,1.5357919101745596e+22,1.5359400818076994e+22,1.1633170254025706,0.27827561499716597
oc,100.0,1.133576311153816,1.0996186570630982e-05,0.9996533246028165,1.0634769751535493e+20,1.2241672671888725e+17,1.5357919101745596e+22,1.5359239312905964e+22,1.163526307466072,0.27857828834214665
oc,100.0,1.133576311153816,1.0996319212693658e-05,0.9996653829721508,1.0679810681388864e+20,1.218988610588082e+17,1.5357919101745596e+22,1.5359039410981344e+22,1.1637301292776638,0.2788726381581221
oc,100.0,1.133576311153816,1.0996447776842829e-05,0.9996770706220754,1.0723636961920052e+20,1.2139873691643019e+17,1.5357919101745596e+22,1.5358794299309409e+22,1.1639285901383478,0.27915886460925315
oc,100.0,1.133576311153816,1.0996572388357787e-05,0.999688398941617,1.076627552984394e+20,1.20915605470393e+17,1.5357919101745596e+22,1.5358496310889913e+22,1.164121787861995,0.2794371647476143
oc,100.0,1.133576311153816,1.0996693168674577e-05,0.9996993789704162,1.0807753118268069e+20,1.2044874122209054e+17,1.5357919101745596e+22,1.5358136881412703e+22,1.164309818578705,0.279707732453294
oc,100.0,1.133576311153816,1.0996810235503576e-05,0.999710021409416,1.084809622702236e+20,1.199974403480279e+17,1.5357919101745596e+22,1.5357706513856785e+22,1.1644927765590634,0.27997075838337265
oc,100.0,1.133576311153816,1.0996923702943464e-05,0.9997203366312241,1.0887331095775968e+20,1.1956101919985416e+17,1.5357919101745596e+22,1.535719475246457e+22,1.164670754060842,0.28022642992926156
oc,100.0,1.133576311153816,1.0997033681591765e-05,0.9997303346901605,1.0925483679778415e+20,1.1913881295637477e+17,1.5357919101745596e+22,1.5356590167439404e+22,1.1648438411995947,0.2804749311819511
oc,100.0,1.133576311153816,1.0997140278651987e-05,0.9997400253319989,1.0962579628070822e+20,1.1873017443106891e+17,1.5357919101745596e+22,1.5355880351584716e+22,1.165012125844299,0.28071644290463066
oc,100.0,1.133576311153816,1.0997243598037532e-05,0.9997494180034121,1.0998644264018238e+20,1.1833447303725362e+17,1.5357919101745596e+22,1.535505192988985e+22,1.165175693539054,0.2809511425122861
oc,100.0,1.133576311153816,1.0997343740472423e-05,0.9997585218611293,1.1033702568021477e+20,1.1795109391175098e+17,1.5357919101745596e+22,1.5354090582869853e+22,1.1653346274514387,0.2811792040577816
oc,100.0,1.133576311153816,1.099744080358895e-05,0.9997673457808136,1.1067779162258706e+20,1.175794371962562e+17,1.5357919101745596e+22,1.5352981084182405e+22,1.1654890083478167,0.2814007982239835
oc,100.0,1.133576311153816,1.0997534882022375e-05,0.9997758983656704,1.1100898297342455e+20,1.172189174736347e+17,1.5357919101745596e+22,1.5351707352785719e+22,1.1656389145955834,0.28161609232160006
oc,100.0,1.133576311153816,1.0997626067502723e-05,0.999784187954793,1.113308384075198e+20,1.1686896335482109e+17,1.5357919101745596e+22,1.535025251960565e+22,1.1657844221918323,0.28182525029226013
oc,100.0,1.133576311153816,1.0997714448943772e-05,0.9997922226312521,1.1164359266916542e+20,1.1652901720998008e+17,1.5357919101745596e+22,1.534859900837301e+22,1.1659256048175914,0.28202843271645334
oc,100.0,1.133576311153816,1.0997800112529352e-05,0.9998000102299411,1.1194747648849283e+20,1.161985350356119e+17,1.5357919101745596e+22,1.534672863000754e+22,1.1660625339164445,0.28222579682605464
oc,100.0,1.133576311153816,1.099788314179698e-05,0.9998075583451801,1.1224271651207137e+20,1.1587698644786411e+17,1.5357919101745596e+22,1.5344622689639641e+22,1.1661952787958767,0.2824174965209976
oc,100.0,1.133576311153816,1.0997963617718971e-05,0.9998148743380884,1.1252953524679549e+20,1.1556385479048752e+17,1.5357919101745596e+22,1.5342262105089847e+22,1.166323906749417,0.28260368238981637
oc,100.0,1.133576311153816,1.0998041618781049e-05,0.9998219653437317,1.1280815101603457e+20,1.152586373446217e+17,1.5357919101745596e+22,1.5339627535400979e+22,1.1664484831973359,0.2827845017337219
oc,100.0,1.133576311153816,1.0998117221058578e-05,0.9998288382780526,1.1307877792718941e+20,1.1496084562632192e+17,1.5357919101745596e+22,1.5336699517799812e+22,1.1665690718434163,0.282960098593968
oc,100.0,1.133576311153816,1.099819049829045e-05,0.9998354998445864,1.1334162584960911e+20,1.1467000575713355e+17,1.5357919101745596e+22,1.5333458611309113e+22,1.1666857348450315,0.28313061378212145
oc,100.0,1.133576311153816,1.0998261521950722e-05,0.9998419565409749,1.1359690040222587e+20,1.1438565889202291e+17,1.5357919101745596e+22,1.5329885545098193e+22,1.166798532993769,0.28329618491309433
oc,100.0,1.133576311153816,1.0998330361318067e-05,0.9998482146652787,1.1384480294997282e+20,1.1410736168906264e+17,1.5357919101745596e+22,1.532596136957689e+22,1.166907525903588,0.28345694644059133
oc,100.0,1.133576311153816,1.099839708354309e-05,0.9998542803220991,1.1408553060833724e+20,1.1383468680498768e+17,1.5357919101745596e+22,1.5321667608201338e+22,1.167012772203595,0.283613029694793
oc,100.0,1.133576311153816,1.0998461753713601e-05,0.9998601594285093,1.1431927625523998e+20,1.1356722340124752e+17,1.5357919101745596e+22,1.531698640796133e+22,1.1671143297324391,0.2837645629219778
oc,100.0,1.133576311153816,1.0998524434917892e-05,0.9998658577198084,1.145462285497859e+20,1.1330457764538398e+17,1.5357919101745596e+22,1.5311900686560096e+22,1.167212255731564,0.28391167132599826
oc,100.0,1.133576311153816,1.0998585188306059e-05,0.9998713807550962,1.1476657195701164e+20,1.1304637319387826e+17,1.5357919101745596e+22,1.530639427438964e+22,1.1673066070344704,0.2840544771112431
oc,100.0,1.133576311153816,1.0998644073149468e-05,0.9998767339226788,1.1498048677828867e+20,1.1279225164305837e+17,1.5357919101745596e+22,1.5300452049510623e+22,1.1673974402495388,0.2841930995270474
oc,100.0,1.133576311153816,1.0998701146898405e-05,0.9998819224453096,1.1518814918672785e+20,1.1254187293627011e+17,1.5357919101745596e+22,1.5294060064004345e+22,1.16748481193403,0.2843276549132988
oc,100.0,1.133576311153816,1.0998756465237942e-05,0.9998869513852675,1.153897312670644e+20,1.122949157167534e+17,1.5357919101745596e+22,1.5287205660232373e+22,1.1675687787571514,0.28445825674705766
oc,100.0,1.133576311153816,1.099881008214211e-05,0.9998918256492828,1.1558540105967934e+20,1.1205107761695691e+17,1.5357919101745596e+22,1.5279877575731577e+22,1.1676493976504199,0.2845850156901192
oc,100.0,1.133576311153816,1.0998862049926409e-05,0.9998965499933099,1.157753226081629e+20,1.1181007547689179e+17,1.5357919101745596e+22,1.527206603568574e+22,1.167726725943721,0.2847080396372754
oc,100.0,1.133576311153816,1.0998912419298702e-05,0.9999011290271548,1.1595965601012079e+20,1.1157164548542006e+17,1.5357919101745596e+22,1.526376283212533e+22,1.1678008214858482,0.2848274337652029
oc,100.0,1.133576311153816,1.0998961239408573e-05,0.9999055672189612,1.1613855747084794e+20,1.1133554324008702e+17,1.5357919101745596e+22,1.5254961389236386e+22,1.167871742748571,0.28494330058184464
oc,100.0,1.133576311153816,1.0999008557895145e-05,0.9999098688995587,1.1631217935945055e+20,1.1110154372271333e+17,1.5357919101745596e+22,1.5245656814372291e+22,1.1679395489135547,0.2850557399761396
oc,100.0,1.133576311153816,1.099905442093346e-05,0.9999140382666782,1.1648067026714575e+20,1.1086944118934766e+17,1.5357919101745596e+22,1.5235845934578837e+22,1.1680042999417741,0.2851648492680245
oc,100.0,1.133576311153816,1.0999098873279417e-05,0.999918079389038,1.1664417506743139e+20,1.1063904897474347e+17,1.5357919101745596e+22,1.5225527318658645e+22,1.168066056625298,0.2852707232585779
oc,100.0,1.133576311153816,1.0999141958313349e-05,0.9999219962103045,1.1680283497784551e+20,1.104101992127186e+17,1.5357919101745596e+22,1.5214701284976423e+22,1.1681248806216074,0.28537345428024147
oc,100.0,1.133576311153816,1.0999183718082255e-05,0.9999257925529323,1.1695678762302677e+20,1.1018274247510016e+17,1.5357919101745596e+22,1.5203369895401689e+22,1.1681808344708073,0.28547313224700305
oc,100.0,1.133576311153816,1.0999224193340739e-05,0.9999294721218854,1.1710616709890412e+20,1.0995654733293642e+17,1.5357919101745596e+22,1.5191536935940074e+22,1.168233981596318,0.2855698447044748
oc,100.0,1.133576311153816,1.0999263423590703e-05,0.9999330385082457,1.1725110403773628e+20,1.0973149984459034e+17,1.5357919101745596e+22,1.5179207884734292e+22,1.1682843862898302,0.2856636768798118
oc,100.0,1.133576311153816,1.0999301447119812e-05,0.9999364951927101,1.1739172567386371e+20,1.0950750297622253e+17,1.5357919101745596e+22,1.5166389868260353e+22,1.1683321136814158,0.28575471173137434
oc,100.0,1.133576311153816,1.0999338301038783e-05,0.9999398455489803,1.1752815590987324e+20,1.0928447596079213e+17,1.5357919101745596e+22,1.5153091606623075e+22,1.1683772296958495,0.2858430299980608
oc,100.0,1.133576311153816,1.0999374021317546e-05,0.9999430928470496,1.176605153831998e+20,1.090623536019886e+17,1.5357919101745596e+22,1.5139323348941336e+22,1.1684198009963305,0.2859287102483308
oc,100.0,1.133576311153816,1.0999408642820265e-05,0.9999462402563877,1.1778892153278133e+20,1.0884108553033941e+17,1.5357919101745596e+22,1.5125096799882678e+22,1.168459894916774,0.286011828928752
oc,100.0,1.133576311153816,1.0999442199339309e-05,0.9999492908490282,1.1791348866581245e+20,1.0862063541844922e+17,1.5357919101745596e+22,1.5110425038429033e+22,1.1684975793840129,0.2860924604121212
oc,100.0,1.133576311153816,1.0999474723628188e-05,0.9999522476025626,1.1803432802439178e+20,1.08400980162732e+17,1.5357919101745596e+22,1.5095322429984514e+22,1.1685329228312051,0.28617067704508903
oc,100.0,1.133576311153816,1.0999506247433445e-05,0.9999551134030404,1.1815154785190856e+20,1.0818210903907237e+17,1.5357919101745596e+22,1.507980453295536e+22,1.1685659941037585,0.28624654919519804
oc,100.0,1.133576311153816,1.0999536801525606e-05,0.9999578910477824,1.1826525345916713e+20,1.0796402283929902e+17,1.5357919101745596e+22,1.506388800087758e+22,1.1685968623591325,0.28632014529740807
oc,100.0,1.133576311153816,1.0999566415729164e-05,0.9999605832481058,1.1837554729004612e+20,1.0774673299579176e+17,1.5357919101745596e+22,1.5047590481207017e+22,1.1686255969617634,0.2863915318999537
oc,100.0,1.133576311153816,1.0999595118951634e-05,0.9999631926319668,1.1848252898665469e+20,1.0753026070063518e+17,1.5357919101745596e+22,1.5030930511776941e+22,1.1686522673744095,0.28646077370960665
oc,100.0,1.133576311153816,1.0999622939211742e-05,0.9999657217465221,1.1858629545394561e+20,1.0731463602580069e+17,1.5357919101745596e+22,1.5013927415942195e+22,1.168676943047095,0.28652793363626966
oc,100.0,1.133576311153816,1.0999649903666725e-05,0.9999681730606114,1.1868694092362293e+20,1.070998970502884e+17,1.5357919101745596e+22,1.4996601197329381e+22,1.1686996933048002,0.2865930728368865
oc,100.0,1.133576311153816,1.0999676038638799e-05,0.9999705489671635,1.187845570173603e+20,1.0688608899968741e+17,1.5357919101745596e+22,1.4978972435073773e+22,1.1687205872349706,0.2866562507586621
oc,100.0,1.133576311153816,1.0999701369640831e-05,0.9999728517855301,1.1887923280928573e+20,1.0667326340314114e+17,1.5357919101745596e+22,1.4961062180338618e+22,1.1687396935758385,0.2867175251815836
oc,100.0,1.133576311153816,1.0999725921401199e-05,0.9999750837637453,1.189710548875575e+20,1.0646147727239534e+17,1.5357919101745596e+22,1.4942891854857691e+22,1.1687570806064567,0.28677695226018474
oc,100.0,1.133576311153816,1.09997497178879e-05,0.9999772470807182,1.190601074151518e+20,1.0625079230674374e+17,1.5357919101745596e+22,1.49244831521463e+22,1.1687728160392825,0.2868345865645989
oc,100.0,1.133576311153816,1.099977278233193e-05,0.9999793438483573,1.1914647218975934e+20,1.0604127412740242e+17,1.5357919101745596e+22,1.4905857941960451e+22,1.1687869669160553,0.2868904811208806
oc,100.0,1.133576311153816,1.0999795137249921e-05,0.9999813761136291,1.1923022870267922e+20,1.0583299154445846e+17,1.5357919101745596e+22,1.4887038178517418e+22,1.1687995995075988,0.28694468745054297
oc,100.0,1.133576311153816,1.0999816804466099e-05,0.9999833458605545,1.1931145419681361e+20,1.0562601585868456e+17,1.5357919101745596e+22,1.4868045812898455e+22,1.1688107792181364,0.286997255609362
oc,100.0,1.133576311153816,1.0999837805133577e-05,0.9999852550121434,1.1939022372369257e+20,1.0542042020024798e+17,1.5357919101745596e+22,1.4848902709985067e+22,1.168820570494596,0.2870482342254355
oc,100.0,1.133576311153816,1.0999858159754965e-05,0.9999871054322695,1.1946661019941292e+20,1.0521627890608168e+17,1.5357919101745596e+22,1.4829630570237264e+22,1.168829036741294,0.28709767053643787
oc,100.0,1.133576311153816,1.0999877888202374e-05,0.9999888989274885,1.1954068445965574e+20,1.0501366693664995e+17,1.5357919101745596e+22,1.4810250856502865e+22,1.1688362402403405,0.2871456104261679
oc,100.0,1.133576311153816,1.0999897009736801e-05,0.9999906372488001,1.196125153136495e+20,1.0481265933308826e+17,1.5357919101745596e+22,1.4790784726040018e+22,1.1688422420780016,0.28719209846031724
oc,100.0,1.133576311153816,1.09999155430269e-05,0.9999923220933546,1.1968216959702952e+20,1.0461333071509694e+17,1.5357919101745596e+22,1.4771252967855664e+22,1.1688471020772,0.2872371779214537
oc,100.0,1.133576311153816,1.0999933506167206e-05,0.9999939551061097,1.1974971222374628e+20,1.0441575481920523e+17,1.5357919101745596e+22,1.4751675945376922e+22,1.168850878736277,0.28728089084330755
oc,100.0,1.133576311153816,1.0999950916695772e-05,0.9999955378814338,1.198152062368716e+20,1.042200040774745e+17,1.5357919101745596e+22,1.4732073544489288e+22,1.1688536291740623,0.28732327804427027
oc,100.0,1.133576311153816,1.0999967791611283e-05,0.999997071964662,1.198787128583688e+20,1.0402614923581482e+17,1.5357919101745596e+22,1.471246512687544e+22,1.168855409081257,0.2873643791601627
oc,100.0,1.133576311153816,1.099998414738963e-05,0.9999985588536029,1.1994029153779727e+20,1.0383425901113128e+17,1.5357919101745596e+22,1.4692869488577085e+22,1.1688562726780785,0.28740423267626203
oc,100.0,1.133576311153816,1.1e-05,1.0,1.2e+20,1.0364439978613386e+17,1.5357919101745596e+22,1.4673304823650734e+22,1.1688562726780785,0.2874428759586132
mpp,100.0,0.5238367057291503,0.0,0.0,9.580871934510893e+16,1.2e+20,1.5357919101745596e+22,1.3563979786802357e+22,1.2127455671509406,0.0
mpp,100.0,0.5238367057291503,1.5852610367572685e-11,1.4411463970520622e-06,9.604531170765896e+16,1.1994613475272198e+20,1.5357919101745596e+22,1.3591371411051413e+22,1.2127456449454466,4.261631286504443e-05
mpp,100.0,0.5238367057291503,3.2208388717036575e-11,2.9280353379124158e-06,9.628646547465606e+16,1.1989057801574012e+20,1.5357919101745596e+22,1.3619186011451509e+22,1.212745108246131,8.656896314792413e-05
mpp,100.0,0.5238367057291503,4.9083304228147994e-11,4.462118566195272e-06,9.653218602455771e+16,1.1983327732953108e+20,1.5357919101745596e+22,1.3647416033294143e+22,1.2127439113305545,0.0001318993180947995
mpp,100.0,0.5238367057291503,6.649383279366816e-11,6.044893890333469e-06,9.678247396147515e+16,1.1977417865300997e+20,1.5357919101745596e+22,1.3676052948561227e+22,1.2127420063067549,0.00017864999099415982
mpp,100.0,0.5238367057291503,8.44569730995004e-11,7.677906645409127e-06,9.703732493651395e+16,1.1971322631901048e+20,1.5357919101745596e+22,1.3705087221992958e+22,1.212739343057944,0.00022686487650466604
mpp,100.0,0.5238367057291503,1.0299026319943172e-10,9.362751199948338e-06,9.729672947885709e+16,1.1965036298879735e+20,1.5357919101745596e+22,1.3734508278445137e+22,1.212735869188999,0.0002765891867978363
mpp,100.0,0.5238367057291503,1.2211179762539047e-10,1.1101072511399135e-05,9.756067283888486e+16,1.1958552960550873e+20,1.5357919101745596e+22,1.3764304471854462e+22,1.2127315299750552,0.0003278694885928715
mpp,100.0,0.5238367057291503,1.418402450356626e-10,1.2894567730514783e-05,9.782913484517099e+16,1.1951866534658125e+20,1.5357919101745596e+22,1.3794463056083848e+22,1.2127262683125124,0.00038075374105558273
mpp,100.0,0.5238367057291503,1.6219486642243818e-10,1.474498785658529e-05,9.810208977761688e+16,1.1944970757514574e+20,1.5357919101745596e+22,1.3824970157970694e+22,1.2127200246727772,0.0004352913345820961
mpp,100.0,0.5238367057291503,1.8319553390006016e-10,1.6654139445460014e-05,9.83795062590679e+16,1.1937859179036605e+20,1.5357919101745596e+22,1.385581075291313e+22,1.2127127370590822,0.0004915331304857128
mpp,100.0,0.5238367057291503,2.0486275007947086e-10,1.8623886370860987e-05,9.866134716769368e+16,1.193052515767698e+20,1.5357919101745596e+22,1.3886968643320828e+22,1.2127043409667246,0.0005495315015603905
mpp,100.0,0.5238367057291503,2.2721766807037856e-10,2.065615164276169e-05,9.894756957297414e+16,1.1922961855251038e+20,1.5357919101745596e+22,1.391842644032837e+22,1.212694769347075,0.0006093403735882825
mpp,100.0,0.5238367057291503,2.5028211210015303e-10,2.2752919281832096e-05,9.923812469755035e+16,1.1915162231665136e+20,1.5357919101745596e+22,1.395016554909977e+22,1.2126839525757203,0.0006710152677154602
mpp,100.0,0.5238367057291503,2.7407859880196337e-10,2.4916236254723945e-05,9.953295790813674e+16,1.1907119039537265e+20,1.5357919101745596e+22,1.3982166158157797e+22,1.2126718184250926,0.0007346133437871296
mpp,100.0,0.5238367057291503,2.986303591691053e-10,2.7148214469918663e-05,9.983200873802594e+16,1.1898824818721053e+20,1.5357919101745596e+22,1.4014407233103496e+22,1.2126582920419573,0.0008001934445818981
mpp,100.0,0.5238367057291503,3.239613612005532e-10,2.9451032836413926e-05,1.0013521094416325e+17,1.1890271890730487e+20,1.5357919101745596e+22,1.404686651513299e+22,1.2126432959301148,0.0008678161409567187
mpp,100.0,0.5238367057291503,3.5009633327559573e-10,3.182693938869052e-05,1.0044249260196294e+17,1.188145235306315e+20,1.5357919101745596e+22,1.4079520524779364e+22,1.2126267499386758,0.0009375437779449426
mpp,100.0,0.5238367057291503,3.770607882569443e-10,3.427825347790403e-05,1.0075377624061272e+17,1.1872358073433213e+20,1.5357919101745596e+22,1.4112344571265493e+22,1.2126085712562582,0.0010094405217436243
mpp,100.0,0.5238367057291503,4.048810483650578e-10,3.680736803318707e-05,1.0106897902210906e+17,1.1862980683906579e+20,1.5357919101745596e+22,1.414531276788888e+22,1.2125886744114482,0.0010835724076382594
mpp,100.0,0.5238367057291503,4.335842708358961e-10,3.9416751894172375e-05,1.0138801296692686e+17,1.1853311574949618e+20,1.5357919101745596e+22,1.4178398053833783e+22,1.2125669712798453,0.001160007388827639
mpp,100.0,0.5238367057291503,4.631984743932449e-10,4.210895221756772e-05,1.017107852293665e+17,1.184334188938896e+20,1.5357919101745596e+22,1.4211572222798756e+22,1.212543371097998,0.0012388153861578365
mpp,100.0,0.5238367057291503,4.937525665545395e-10,4.488659695950359e-05,1.020371984254194e+17,1.1833062516290717e+20,1.5357919101745596e+22,1.4244805958807702e+22,1.212517780484521,0.0013200683387373593
mpp,100.0,0.5238367057291503,5.252763718117115e-10,4.775239743742832e-05,1.023671510161253e+17,1.1822464084758194e+20,1.5357919101745596e+22,1.4278068879570577e+22,1.21249010346863,0.0014038402554609486
mpp,100.0,0.5238367057291503,5.578006606901109e-10,5.0709150971828265e-05,1.0270053774882845e+17,1.1811536957659913e+20,1.5357919101745596e+22,1.4311329587688504e+22,1.2124602415263448,0.0014902072673622184
mpp,100.0,0.5238367057291503,5.91357179736185e-10,5.375974361238045e-05,1.0303725015903933e+17,1.1800271225288576e+20,1.5357919101745596e+22,1.4344555730013386e+22,1.2124280936245224,0.0015792476808368374
mpp,100.0,0.5238367057291503,6.259786824534542e-10,5.690715295031401e-05,1.0337717713507499e+17,1.1788656698957185e+20,1.5357919101745596e+22,1.4377714065399647e+22,1.2123935562728738,0.0016710420316895572
mpp,100.0,0.5238367057291503,6.61698961216095e-10,6.0154451019645006e-05,1.0372020554744086e+17,1.1776682904543078e+20,1.5357919101745596e+22,1.4410770541045787e+22,1.2123565235840637,0.0017656731399786196
mpp,100.0,0.5238367057291503,6.985528801894402e-10,6.350480728994912e-05,1.0406622094459107e+17,1.1764339075984957e+20,1.5357919101745596e+22,1.4443690377562663e+22,1.2123168873419268,0.0018632261656249698
mpp,100.0,0.5238367057291503,7.365764092976956e-10,6.696149175433597e-05,1.0441510831645933e+17,1.1751614148741148e+20,1.5357919101745596e+22,1.4476438162858746e+22,1.212274537077792,0.0019637886647763465
mpp,100.0,0.5238367057291503,7.758066592602475e-10,7.052787811456795e-05,1.0476675292648363e+17,1.17384967532214e+20,1.5357919101745596e+22,1.4508977954836965e+22,1.2122293601548286,0.002067450646859369
mpp,100.0,0.5238367057291503,8.162819177441882e-10,7.420744706765348e-05,1.0512104121266789e+17,1.1724975208197308e+20,1.5357919101745596e+22,1.4541273392842923e+22,1.2121812418602598,0.0021743046323150885
mpp,100.0,0.5238367057291503,8.580416866495465e-10,7.800378969541333e-05,1.0547786175735765e+17,1.171103751421174e+20,1.5357919101745596e+22,1.4573287817696307e+22,1.2121300655052292,0.0022844457109235695
mpp,100.0,0.5238367057291503,9.011267205821794e-10,8.19206109620163e-05,1.0583710632519339e+17,1.1696671346989607e+20,1.5357919101745596e+22,1.4604984400061663e+22,1.2120757125320025,0.002397971600716821
mpp,100.0,0.5238367057291503,9.455790665399698e-10,8.596173332181545e-05,1.0619867096779096e+17,1.1681864050871163e+20,1.5357919101745596e+22,1.4636326276804416e+22,1.2120180626281125,0.0025149827073935416
mpp,100.0,0.5238367057291503,9.914421048550782e-10,9.013110044137074e-05,1.0656245719316709e+17,1.1666602632279874e+20,1.5357919101745596e+22,1.4667276694872629e+22,1.2119569938469699,0.002635582184185558
mpp,100.0,0.5238367057291503,1.0387605914276564e-09,9.443278103887787e-05,1.0692837319716915e+17,1.1650873753241631e+20,1.5357919101745596e+22,1.4697799162132074e+22,1.2118923827343684,0.0027598759920972587
mpp,100.0,0.5238367057291503,1.0875807012974414e-09,9.887097284522195e-05,1.0729633515344426e+17,1.1634663724973184e+20,1.5357919101745596e+22,1.4727857604467653e+22,1.2118241044602067,0.0028879729604585624
mpp,100.0,0.5238367057291503,1.1379500735910763e-09,0.00010345000669009785,1.076662685576811e+17,1.1617958501559725e+20,1.5357919101745596e+22,1.4757416528342896e+22,1.2117520329546634,0.003019984847699243
mpp,100.0,0.5238367057291503,1.1899178578885228e-09,0.00010817435071713843,1.0803810962106786e+17,1.1600743673741799e+20,1.5357919101745596e+22,1.4786441187884406e+22,1.2116760410479614,0.003156026402256251
mpp,100.0,0.5238367057291503,1.243534762056797e-09,0.0001130486147324361,1.0841180670710675e+17,1.158300446283417e+20,1.5357919101745596e+22,1.4814897755437616e+22,1.2115960006127555,0.003296215423527186
mpp,100.0,0.5238367057291503,1.2988531015943882e-09,0.00011807755469039893,1.0878732180510851e+17,1.156472571480196e+20,1.5357919101745596e+22,1.484275349442073e+22,1.21151178270808,0.0034406728227585385
mpp,100.0,0.5238367057291503,1.3559268505321519e-09,0.00012326607732110473,1.0916463203288072e+17,1.1545891894521147e+20,1.5357919101745596e+22,1.4869976933180008e+22,1.2114232577237158,0.0035895226837514053
mpp,100.0,0.5238367057291503,1.4148116939419752e-09,0.00012861924490381593,1.0954373116038835e+17,1.152648708025134e+20,1.5357919101745596e+22,1.4896538038444132e+22,1.211330295523736,0.00374289232326884
mpp,100.0,0.5238367057291503,1.475565082107555e-09,0.0001341422801915959,1.0992463114544675e+17,1.1506494958350708e+20,1.5357919101745596e+22,1.4922408386869565e+22,1.2112327655878978,0.003900912351023435
mpp,100.0,0.5238367057291503,1.5382462863975932e-09,0.0001398405714906903,1.1030736367177243e+17,1.1485898818270518e+20,1.5357919101745596e+22,1.4947561333072274e+22,1.2111305371495256,0.004063716729073002
mpp,100.0,0.5238367057291503,1.602916456910408e-09,0.0001457196779009462,1.1069198167927112e+17,1.1464681547860235e+20,1.5357919101745596e+22,1.497197217247116e+22,1.2110234793284154,0.004231442830512244
mpp,100.0,0.5238367057291503,1.6696386819333165e-09,0.00015178533472121059,1.110785608758243e+17,1.1442825629025975e+20,1.5357919101745596e+22,1.4995618297196006e+22,1.2109114612572867,0.004404231497266099
mpp,100.0,0.5238367057291503,1.738478049276626e-09,0.00015804345902514783,1.1146720121954205e+17,1.1420313133783065e+20,1.5357919101745596e+22,1.5018479343274081e+22,1.2107943522002802,0.004582227096817341
mpp,100.0,0.5238367057291503,1.8095017095494103e-09,0.00016450015541358276,1.1185802836027726e+17,1.139712572074485e+20,1.5357919101745596e+22,1.5040537327292585e+22,1.2106720216619613,0.004765577577703105
mpp,100.0,0.5238367057291503,1.8827789414216367e-09,0.00017116172194742152,1.1225119502895685e+17,1.1373244632101057e+20,1.5357919101745596e+22,1.506177677072608e+22,1.2105443394853617,0.004954434523539161
mpp,100.0,0.5238367057291503,1.958381218950811e-09,0.00017803465626825554,1.1264688236362749e+17,1.1348650691132196e+20,1.5357919101745596e+22,1.5082184810159843e+22,1.2104111759375742,0.005148953205399486
mpp,100.0,0.5238367057291503,2.0363822810287035e-09,0.00018512566191170032,1.1304530116120003e+17,1.1323324300318073e+20,1.5357919101745596e+22,1.5101751291693123e+22,1.2102724017815243,0.005349292632301321
mpp,100.0,0.5238367057291503,2.1168582030189895e-09,0.00019244165481990816,1.1344669304454326e+17,1.1297245440098084e+20,1.5357919101745596e+22,1.5120468847898787e+22,1.2101278883326145,0.005555615599565831
mpp,100.0,0.5238367057291503,2.199887470647477e-09,0.00019998977005886154,1.1385133153518205e+17,1.1270393668348795e+20,1.5357919101745596e+22,1.5138332955838192e+22,1.2099775074990957,0.00576808873478055
mpp,100.0,0.5238367057291503,2.285551056227353e-09,0.00020777736874794117,1.1425952302291883e+17,1.1242748120641901e+20,1.5357919101745596e+22,1.5155341974784778e+22,1.2098211318051233,0.00598688254112208
mpp,100.0,0.5238367057291503,2.3739324972774643e-09,0.00021581204520704222,1.1467160762479632e+17,1.1214287511359432e+20,1.5357919101745596e+22,1.517149716250278e+22,1.2096586343957278,0.006212171437713129
mpp,100.0,0.5238367057291503,2.4651179776252194e-09,0.00022410163432956542,1.1508795992731486e+17,1.1184990135737662e+20,1.5357919101745596e+22,1.5186802669141302e+22,1.2094898890230572,0.006444133796751445
mpp,100.0,0.5238367057291503,2.5591964110509015e-09,0.00023265421918644558,1.1550898960737005e+17,1.1154833872927831e+20,1.5357919101745596e+22,1.5201265508062734e+22,1.2093147700136049,0.006682951977036152
mpp,100.0,0.5238367057291503,2.656259527577809e-09,0.0002414781388707099,1.1593514192940045e+17,1.1123796190150579e+20,1.5357919101745596e+22,1.5214895503199877e+22,1.2091331522163251,0.006928812353614528
mpp,100.0,0.5238367057291503,2.756401962466237e-09,0.00025058199658783975,1.1636689811810294e+17,1.1091854148046063e+20,1.5357919101745596e+22,1.5227705212842312e+22,1.2089449109319352,0.007181905343129512
mpp,100.0,0.5238367057291503,2.8597213480120453e-09,0.00025997466800109503,1.168047756084853e+17,1.105898440730973e+20,1.5357919101745596e+22,1.5239709830078414e+22,1.2087499218239783,0.007442425424531841
mpp,100.0,0.5238367057291503,2.9663184082353023e-09,0.00026966530983957293,1.1724932817736498e+17,1.1025163236717342e+20,1.5357919101745596e+22,1.5250927060461388e+22,1.2085480608126,0.007710571154755856
mpp,100.0,0.5238367057291503,3.0762970565353374e-09,0.0002796633687759398,1.1770114596282138e+17,1.099036652265281e+20,1.5357919101745596e+22,1.5261376977811095e+22,1.2083392039523853,0.007986545178908795
mpp,100.0,0.5238367057291503,3.189764496423941e-09,0.00028997859058399467,1.1816085538091862e+17,1.0954569780245707e+20,1.5357919101745596e+22,1.527108185943139e+22,1.2081232272959197,0.008270554234585751
mpp,100.0,0.5238367057291503,3.306831325422199e-09,0.0003006210295838363,1.1862911895135184e+17,1.0917748166241908e+20,1.5357919101745596e+22,1.528006600234749e+22,1.2079000067451684,0.008562809149828737
mpp,100.0,0.5238367057291503,3.427611642213779e-09,0.00031160105838307084,1.1910663504642597e+17,1.0879876493736318e+20,1.5357919101745596e+22,1.528835552252848e+22,1.2076694178931204,0.008863524834239295
mpp,100.0,0.5238367057291503,3.552223157170686e-09,0.00032292937792460785,1.1959413758019304e+17,1.0840929248892568e+20,1.5357919101745596e+22,1.529597813934831e+22,1.2074313358584658,0.009172920262783869
mpp,100.0,0.5238367057291503,3.680787306341249e-09,0.00033461702784920444,1.2009239565690578e+17,1.0800880609793809e+20,1.5357919101745596e+22,1.530296294784177e+22,1.20718563511644,0.009491218451737194
mpp,100.0,0.5238367057291503,3.813429369018795e-09,0.0003466753971835268,1.20602213200162e+17,1.0759704467564185e+20,1.5357919101745596e+22,1.5309340181543399e+22,1.2069321893292224,0.009818646426252037
mpp,100.0,0.5238367057291503,3.950278588993605e-09,0.00035911623536305504,1.2112442858593806e+17,1.071737444991228e+20,1.5357919101745596e+22,1.5315140968904e+22,1.2066708711795415,0.01015543517897561
mpp,100.0,0.5238367057291503,4.091468299609047e-09,0.00037195166360082244,1.2165991430436686e+17,1.0673863947249077e+20,1.5357919101745596e+22,1.532039708642009e+22,1.2064015522113014,0.010501819619149894
mpp,100.0,0.5238367057291503,4.2371360527360675e-09,0.0003851941866123698,1.222095766763563e+17,1.0629146141540863e+20,1.5357919101745596e+22,1.5325140711705393e+22,1.2061241026811989,0.010858038511588262
mpp,100.0,0.5238367057291503,4.387423751783914e-09,0.0003988567047076286,1.2277435565194077e+17,1.0583194038062267e+20,1.5357919101745596e+22,1.5329404179747057e+22,1.2058383914253494,0.011224334404902139
mpp,100.0,0.5238367057291503,4.5424777888789516e-09,0.00041295252626172285,1.2335522471780352e+17,1.0535980500215426e+20,1.5357919101745596e+22,1.533321974555828e+22,1.2055442857449066,0.011600953548358554
mpp,100.0,0.5238367057291503,4.702449186337998e-09,0.00042749538057618164,1.2395319094132243e+17,1.0487478287587657e+20,1.5357919101745596e+22,1.5336619356314684e+22,1.2052416513145994,0.011988145796709258
mpp,100.0,0.5238367057291503,4.8674937425619564e-09,0.0004424994311419961,1.2456929517807426e+17,1.043766009742411e+20,1.5357919101745596e+22,1.5339634435895813e+22,1.204930352117944,0.012386164502305301
mpp,100.0,0.5238367057291503,5.03777218249446e-09,0.0004579792893176782,1.2520461246885814e+17,1.0386498609689302e+20,1.5357919101745596e+22,1.5342295684497277e+22,1.2046102504126182,0.012795266393832449
mpp,100.0,0.5238367057291503,5.213450312782919e-09,0.0004739500284348108,1.2586025265101918e+17,1.0333966535896929e+20,1.5357919101745596e+22,1.5344632895689089e+22,1.204281206729205,0.013215711440961942
mpp,100.0,0.5238367057291503,5.394699181784867e-09,0.0004904271983440789,1.265373612071237e+17,1.0280036671883765e+20,1.5357919101745596e+22,1.5346674792928056e+22,1.203943079906126,0.013647762704203016
mpp,100.0,0.5238367057291503,5.581695244568585e-09,0.0005074268404153259,1.272371203720926e+17,1.022468195470543e+20,1.5357919101745596e+22,1.534844888714273e+22,1.203595727163155,0.014091686169239072
mpp,100.0,0.5238367057291503,5.7746205330643226e-09,0.0005249655030058475,1.2796075051759186e+17,1.0167875523824817e+20,1.5357919101745596e+22,1.5349981356568892e+22,1.2032390042154126,0.01454775056502955
mpp,100.0,0.5238367057291503,5.973662831521231e-09,0.000543060257411021,1.2870951183001533e+17,1.0109590786763044e+20,1.5357919101745596e+22,1.5351296949562852e+22,1.2028727654292506,0.015016227164942032
mpp,100.0,0.5238367057291503,6.179015857431192e-09,0.0005617287143119265,1.294847062958446e+17,1.0049801489373769e+20,1.5357919101745596e+22,1.5352418910655736e+22,1.2024968640208946,0.015497389570181992
mpp,100.0,0.5238367057291503,6.390879448088693e-09,0.0005809890407353357,1.3028768000550514e+17,9.98848179089527e+19,1.5357919101745596e+22,1.5353368929646194e+22,1.2021111522981807,0.015991513474797967
mpp,100.0,0.5238367057291503,6.609459752962621e-09,0.0006008599775420564,1.3111982578445554e+17,9.925606343920294e+19,1.5357919101745596e+22,1.5354167113101307e+22,1.2017154819451832,0.016498876411550574
mpp,100.0,0.5238367057291503,6.83496943204237e-09,0.0006213608574583973,1.3198258615763648e+17,9.861150379417107e+19,1.5357919101745596e+22,1.5354831977199776e+22,1.201309704349069,0.017019757477901874
mpp,100.0,0.5238367057291503,7.067627860364078e-09,0.0006425116236694617,1.3287745665161426e+17,9.795089796908058e+19,1.5357919101745596e+22,1.535538046050313e+22,1.2008936709679754,0.017554437041486064
mpp,100.0,0.5238367057291503,7.30766133887939e-09,0.0006643328489890354,1.3380598943663979e+17,9.727401259906363e+19,1.5357919101745596e+22,1.5355827954905975e+22,1.2004672337383857,0.018103196424330018
mpp,100.0,0.5238367057291503,7.555303311878037e-09,0.0006868457556252761,1.3476979730970267e+17,9.658062296677066e+19,1.5357919101745596e+22,1.5356188352757988e+22,1.200030245520026,0.018666317565219276
mpp,100.0,0.5238367057291503,7.810794591152303e-09,0.0007100722355593003,1.3577055801861616e+17,9.587051406370439e+19,1.5357919101745596e+22,1.5356474107962713e+22,1.1995825605760806,0.019244082659570335
mpp,100.0,0.5238367057291503,8.074383587114653e-09,0.0007340348715558775,1.3681001892676866e+17,9.514348170540638e+19,1.5357919101745596e+22,1.5356696308716434e+22,1.1991240350862546,0.01983677377624904
mpp,100.0,0.5238367057291503,8.346326547068184e-09,0.0007587569588243803,1.378900020182484e+17,9.43993337003547e+19,1.5357919101745596e+22,1.5356864759509687e+22,1.1986545276900866,0.020444672450780223
mpp,100.0,0.5238367057291503,8.62688780086257e-09,0.0007842625273511428,1.3901240924373096e+17,9.363789107195116e+19,1.5357919101745596e+22,1.53569880700069e+22,1.1981739000577885,0.021068059254507172
mpp,100.0,0.5238367057291503,8.916340014136991e-09,0.0008105763649215447,1.401792282085533e+17,9.285898933267233e+19,1.5357919101745596e+22,1.5357073748505416e+22,1.1976820174859228,0.021707213339235556
mpp,100.0,0.5238367057291503,9.214964449395513e-09,0.0008377240408541375,1.41392538206134e+17,9.206247980887278e+19,1.5357919101745596e+22,1.5357128297790766e+22,1.1971787495151902,0.022362411957049196
mpp,100.0,0.5238367057291503,9.523051235139635e-09,0.0008657319304672395,1.4265451660191475e+17,9.124823101429871e+19,1.5357919101745596e+22,1.5357157311397327e+22,1.1966639705677364,0.023033929955000247
mpp,100.0,0.5238367057291503,9.840899643304701e-09,0.0008946272403004274,1.4396744557548757e+17,9.041613006973567e+19,1.5357919101745596e+22,1.535716556848086e+22,1.1961375606014693,0.023722039244495886
mpp,100.0,0.5238367057291503,1.0168818375244415e-08,0.0009244380341131286,1.453337192313725e+17,8.956608416564195e+19,1.5357919101745596e+22,1.5357157125768715e+22,1.195599405779024,0.02442700824527704
mpp,100.0,0.5238367057291503,1.050712585652297e-08,0.0009551932596839063,1.4675585109199744e+17,8.869802206391784e+19,1.5357919101745596e+22,1.5357135405301124e+22,1.1950493991491682,0.025149101304006098
mpp,100.0,0.5238367057291503,1.0856150540770048e-08,0.0009869227764336408,1.482364819896552e+17,8.781189563427598e+19,1.5357919101745596e+22,1.5357103276956265e+22,1.1944874413385964,0.02588857808756837
mpp,100.0,0.5238367057291503,1.1216231222873463e-08,0.0010196573838975875,1.497783883776146e+17,8.69076814198813e+19,1.5357919101745596e+22,1.5357063135002035e+22,1.1939134412521806,0.026645692951340363
mpp,100.0,0.5238367057291503,1.1587717361786653e-08,0.001053428851071514,1.5138449108404256e+17,8.598538222612491e+19,1.5357919101745596e+22,1.5357016968181072e+22,1.1933273167798861,0.027420694282798096
mpp,100.0,0.5238367057291503,1.1970969413231335e-08,0.0010882699466573942,1.5305786453572147e+17,8.504502872558099e+19,1.5357919101745596e+22,1.5356966423061389e+22,1.1927289955086398,0.02821382382096956
mpp,100.0,0.5238367057291503,1.2366359172584106e-08,0.0011242144702349188,1.5480174648203683e+17,8.408668107127223e+19,1.5357919101745596e+22,1.5356912860592727e+22,1.1921184154375102,0.029025315952386818
mpp,100.0,0.5238367057291503,1.2774270128259657e-08,0.0011612972843872416,1.5661954825296067e+17,8.311043050945449e+19,1.5357919101745596e+22,1.5356857405987107e+22,1.1914955256945412,0.029855396984383935
mpp,100.0,0.5238367057291503,1.3195097825883073e-08,0.001199554347807552,1.585148655879099e+17,8.211640098222801e+19,1.5357919101745596e+22,1.535680099218778e+22,1.1908602872535983,0.030704284396694377
mpp,100.0,0.5238367057291503,1.3629250243573032e-08,0.0012390227494157302,1.6049149007540365e+17,8.110475070931349e+19,1.5357919101745596e+22,1.5356744397304308e+22,1.1902126736495011,0.031572186072519236
mpp,100.0,0.5238367057291503,1.4077148178667454e-08,0.001279740743515223,1.6255342124638096e+17,8.007567373736334e+19,1.5357919101745596e+22,1.5356688276473088e+22,1.1895526716895986,0.032459299510419544
mpp,100.0,0.5238367057291503,1.4539225646207298e-08,0.0013217477860188453,1.6470487936666528e+17,7.902940144430424e+19,1.5357919101745596e+22,1.5356633188658187e+22,1.188880282159852,0.033365811018523074
mpp,100.0,0.5238367057291503,1.501593028953513e-08,0.0013650845717759208,1.6695031897680976e+17,7.796620398522307e+19,1.5357919101745596e+22,1.5356579618928762e+22,1.1881955205232735,0.03429189489279116
mpp,100.0,0.5238367057291503,1.55077238033528e-08,0.001409793073032073,1.692944432299356e+17,7.688639166550037e+19,1.5357919101745596e+22,1.5356527996762359e+22,1.187498417608405,0.03523771258124178
mpp,100.0,0.5238367057291503,1.6015082369593702e-08,0.001455916579053973,1.717422190805433e+17,7.57903162260669e+19,1.5357919101745596e+22,1.5356478710896283e+22,1.1867890202853293,0.03620341183622533
mpp,100.0,0.5238367057291503,1.6538497106481364e-08,0.0015034997369528513,1.7429889337963334e+17,7.46783720249447e+19,1.5357919101745596e+22,1.5356432121237305e+22,1.1860673921264566,0.03718912585705821
mpp,100.0,0.5238367057291503,1.7078474531153074e-08,0.0015525885937411887,1.7697000993352973e+17,7.355099709859424e+19,1.5357919101745596e+22,1.5356388568282817e+22,1.185333614049134,0.038194972425507734
mpp,100.0,0.5238367057291503,1.7635537036227667e-08,0.0016032306396570606,1.797614275859878e+17,7.240867408613305e+19,1.5357919101745596e+22,1.5356348380476883e+22,1.1845877849369173,0.03922105303679409
mpp,100.0,0.5238367057291503,1.8210223380721703e-08,0.001655474852792882,1.8267933938516074e+17,7.1251930999084696e+19,1.5357919101745596e+22,1.5356311879865774e+22,1.1838300222361247,0.040267452028987204
mpp,100.0,0.5238367057291503,1.8803089195716493e-08,0.0017093717450651358,1.8573029289892896e+17,7.008134181917504e+19,1.5357919101745596e+22,1.535627938637296e+22,1.183060462524115,0.041334235713828216
mpp,100.0,0.5238367057291503,1.9414707505186866e-08,0.0017649734095624425,1.8892121174391018e+17,6.889752690670047e+19,1.5357919101745596e+22,1.5356251220962347e+22,1.1822792620455846,0.042421451512166634
mpp,100.0,0.5238367057291503,2.0045669262421574e-08,0.001822333569311052,1.9225941839521027e+17,6.770115320219554e+19,1.5357919101745596e+22,1.5356227707917092e+22,1.1814865972130177,0.04352912709736966
mpp,100.0,0.5238367057291503,2.069658390247253e-08,0.0018815076274975029,1.9575265834550966e+17,6.649293420459842e+19,1.5357919101745596e+22,1.5356209176417074e+22,1.1806826650673323,0.04465726955018699
mpp,100.0,0.5238367057291503,2.1368079911068928e-08,0.0019425527191880843,1.994091256833558e+17,6.527362970986424e+19,1.5357919101745596e+22,1.5356195961565113e+22,1.1798676836947095,0.045805864528648196
mpp,100.0,0.5238367057291503,2.2060805410459572e-08,0.002005527764587234,2.0323749016163635e+17,6.404404529490497e+19,1.5357919101745596e+22,1.5356188404972907e+22,1.1790418925955346,0.04697487545669173
mpp,100.0,0.5238367057291503,2.2775428762647043e-08,0.002070493523877004,2.0724692582796246e+17,6.280503153307289e+19,1.5357919101745596e+22,1.5356186855005642e+22,1.1782055530014182,0.04816424273527293
mpp,100.0,0.5238367057291503,2.351263919048374e-08,0.00213751265368034,2.1144714128882586e+17,6.1557482928958456e+19,1.5357919101745596e+22,1.5356191666743926e+22,1.1773589481362996,0.04937388297973279
mpp,100.0,0.5238367057291503,2.4273147417125106e-08,0.0022066497651931916,2.1584841167935082e+17,6.030233656214198e+19,1.5357919101745596e+22,1.535620320171722e+22,1.1765023834177404,0.050603688287244444
mpp,100.0,0.5238367057291503,2.5057686324324814e-08,0.0022779714840295284,2.2046161240935133e+17,5.904057043175884e+19,1.5357919101745596e+22,1.535622182744091e+22,1.1756361865946703,0.0518535255380988
mpp,100.0,0.5238367057291503,2.586701163008731e-08,0.002351546511826119,2.2529825475492378e+17,5.777320149618264e+19,1.5357919101745596e+22,1.5356247916779772e+22,1.1747607078180196,0.053123235734571055
mpp,100.0,0.5238367057291503,2.670190258619126e-08,0.002427445689653751,2.3037052336204333e+17,5.650128340491784e+19,1.5357919101745596e+22,1.5356281847148567e+22,1.1738763196409272,0.05441263338100093
mpp,100.0,0.5238367057291503,2.7563162696108976e-08,0.0025057420632826344,2.356913157250064e+17,5.522590392283625e+19,1.5357919101745596e+22,1.5356323999559539e+22,1.1729834169455047,0.05572150590859916
mpp,100.0,0.5238367057291503,2.84516204538629e-08,0.002586510950351173,2.4127428369745014e+17,5.3948182050128945e+19,1.5357919101745596e+22,1.5356374757506908e+22,1.1720824167934494,0.05704961314834327
mpp,100.0,0.5238367057291503,2.9368130104358903e-08,0.002669830009487173,2.4713387708710166e+17,5.266926484487057e+19,1.5357919101745596e+22,1.5356434505689538e+22,1.171173758198217,0.05839668685511431
mpp,100.0,0.5238367057291503,3.031357242576549e-08,0.0027557793114332263,2.5328538937709056e+17,5.139032395866951e+19,1.5357919101745596e+22,1.5356503628554183e+22,1.1702579018168455,0.05976243028602851
mpp,100.0,0.5238367057291503,3.12888555344934e-08,0.0028444414122266726,2.597450056059958e+17,5.011255189968703e+19,1.5357919101745596e+22,1.5356582508646543e+22,1.169335329560046,0.061146517835620744
mpp,100.0,0.5238367057291503,3.2294915713363566e-08,0.0029359014284875973,2.665298524259075e+17,4.883715804106873e+19,1.5357919101745596e+22,1.5356671524747625e+22,1.1684065441196296,0.06254859473028315
mpp,100.0,0.5238367057291503,3.3332718263538116e-08,0.0030302471148671017,2.736580503418461e+17,4.756536439666811e+19,1.5357919101745596e+22,1.5356771049773958e+22,1.1674720684129531,0.06396827678401346
mpp,100.0,0.5238367057291503,3.44032583808237e-08,0.0031275689437112453,2.8114876811670848e+17,4.629840118964115e+19,1.5357919101745596e+22,1.5356881448408273e+22,1.1665324449445849,0.06540515021722554
mpp,100.0,0.5238367057291503,3.550756205694139e-08,0.0032279601869946717,2.890222793027208e+17,4.503750224311099e+19,1.5357919101745596e+22,1.5357003074432628e+22,1.1655882350860647,0.06685877153998658
mpp,100.0,0.5238367057291503,3.664668700637741e-08,0.0033315170005797645,2.97300020832713e+17,4.378390022545862e+19,1.5357919101745596e+22,1.5357136267719098e+22,1.1646400182752483,0.06832866750069505
mpp,100.0,0.5238367057291503,3.7821723619446636e-08,0.003438338510858785,3.0600465357174144e+17,4.2538821785892274e+19,1.5357919101745596e+22,1.5357281350840945e+22,1.1636883911373872,0.06981433510085587
mpp,100.0,0.5238367057291503,3.9033795942180146e-08,0.003548526903834559,3.151601246901556e+17,4.130348261869267e+19,1.5357919101745596e+22,1.5357438625246469e+22,1.1627339665308007,0.07131524167620376
mpp,100.0,0.5238367057291503,4.0284062683698775e-08,0.0036621875166998885,3.2479173167342714e+17,4.0079082496818274e+19,1.5357919101745596e+22,1.5357608366943693e+22,1.161777372520661,0.07283082504412604
mpp,100.0,0.5238367057291503,4.157371825168804e-08,0.00377942893197164,3.349261877289597e+17,3.886680031742199e+19,1.5357919101745596e+22,1.5357790821631643e+22,1.1608192512851552,0.07436049371693101
mpp,100.0,0.5238367057291503,4.290399381665122e-08,0.00390036307424102,3.455916882861386e+17,3.76677892030623e+19,1.5357919101745596e+22,1.535798619920273e+22,1.159860257958935,0.07590362718027052
mpp,100.0,0.5238367057291503,4.4276158405582135e-08,0.004025105309598376,3.5681797820989184e+17,3.648317170312926e+19,1.5357919101745596e+22,1.5358194667544319e+22,1.1589010594195044,0.0774595762357051
mpp,100.0,0.5238367057291503,4.5691520025717855e-08,0.0041537745477925325,3.6863641925894803e+17,3.531403514006125e+19,1.5357919101745596e+22,1.535841634554638e+22,1.157942333022853,0.07902766340619752
mpp,100.0,0.5238367057291503,4.715142681904483e-08,0.0042864933471858935,3.81080057215497e+17,3.416142714434177e+19,1.5357919101745596e+22,1.53586512952305e+22,1.1569847652952967,0.08060718340316854
mpp,100.0,0.5238367057291503,4.865726824822575e-08,0.004423388022565977,3.9418368798992557e+17,3.30263514210333e+19,1.5357919101745596e+22,1.5358899512896169e+22,1.1560290505891029,0.08219740365364284
mpp,100.0,0.5238367057291503,5.021047631461167e-08,0.0045645887558737885,4.0798392186021946e+17,3.1909763788706013e+19,1.5357919101745596e+22,1.5359160919186964e+22,1.1550758897100861,0.08379756488598959
mpp,100.0,0.5238367057291503,5.1812526809014605e-08,0.0047102297099104184,4.225192448368953e+17,3.0812568529061618e+19,1.5357919101745596e+22,1.535943534797794e+22,1.154125988525836,0.08540688177284247
mpp,100.0,0.5238367057291503,5.3464940595922046e-08,0.004860449145083823,4.3783007594686336e+17,2.973561508237114e+19,1.5357919101745596e+22,1.5359722533987239e+22,1.153180056563708,0.08702454362994877
mpp,100.0,0.5238367057291503,5.516928493180878e-08,0.005015389539255344,4.5395881899872256e+17,2.86796951201016e+19,1.5357919101745596e+22,1.53600220990295e+22,1.1522388056080655,0.08864971516993454
mpp,100.0,0.5238367057291503,5.692717481823145e-08,0.005175197710748314,4.709499071238148e+17,2.7645540021791285e+19,1.5357919101745596e+22,1.536033353685616e+22,1.1513029483064519,0.09028153731037163
mpp,100.0,0.5238367057291503,5.8740274390359504e-08,0.005340024944578137,4.8884983807506323e+17,2.663381877845791e+19,1.5357919101745596e+22,1.536065619654955e+22,1.1503731967944981,0.09191912803598092
mpp,100.0,0.5238367057291503,6.061029834160731e-08,0.0055100271219643004,5.07707197905685e+17,2.5645136339621597e+19,1.5357919101745596e+22,1.5360989264504894e+22,1.1494502613492146,0.09356158331540924
mpp,100.0,0.5238367057291503,6.253901338502271e-08,0.005685364853183883,5.275726702354383e+17,2.46800324154662e+19,1.5357919101745596e+22,1.5361331745092136e+22,1.1485348490799916,0.09520797807371294
mpp,100.0,0.5238367057291503,6.452823975206651e-08,0.005866203613824228,5.484990278399501e+17,2.373898073982992e+19,1.5357919101745596e+22,1.5361682440197583e+22,1.1476276626659843,0.09685736722247774
mpp,100.0,0.5238367057291503,6.657985272942628e-08,0.006052713884493299,5.7054110276491437e+17,2.282238879366255e+19,1.5357919101745596e+22,1.5362039927971546e+22,1.146729399147559,0.09850878675043365
mpp,100.0,0.5238367057291503,6.869578423447609e-08,0.006245071294043281,5.937557305709748e+17,2.193059798240335e+19,1.5357919101745596e+22,1.536240254126999e+22,1.1458407487780453,0.1001612548784129
mpp,100.0,0.5238367057291503,7.087802442999102e-08,0.006443456766362821,6.18201663660265e+17,2.1063884254467056e+19,1.5357919101745596e+22,1.5362768346490417e+22,1.1449623939401021,0.10181377328360675
mpp,100.0,0.5238367057291503,7.312862337869174e-08,0.006648056670790159,6.439394479295767e+17,2.022245914177449e+19,1.5357919101745596e+22,1.5363135123749381e+22,1.1440950081284442,0.10346532839922933
mpp,100.0,0.5238367057291503,7.544969273820284e-08,0.006859062976200259,6.710312562551791e+17,1.9406471197057724e+19,1.5357919101745596e+22,1.5363500349639495e+22,1.1432392549974284,0.10511489279694777
mpp,100.0,0.5238367057291503,7.784340749694441e-08,0.007076673408813128,6.995406715659576e+17,1.8616007796641014e+19,1.5357919101745596e+22,1.5363861184141083e+22,1.1423957874679835,0.10676142666067225
mpp,100.0,0.5238367057291503,8.031200775148666e-08,0.007301091613771515,7.295324115459988e+17,1.7851097271567356e+19,1.5357919101745596e+22,1.5364214463608012e+22,1.1415652468834745,0.10840387936161675
mpp,100.0,0.5238367057291503,8.285780052584041e-08,0.007532527320530946,7.610719863819694e+17,1.7111711324465846e+19,1.5357919101745596e+22,1.536455670211758e+22,1.1407482621983474,0.11004119114581021
mpp,100.0,0.5238367057291503,8.548316163314407e-08,0.007771196512104006,7.942252805113001e+17,1.6397767684523727e+19,1.5357919101745596e+22,1.536488410378672e+22,1.1399454491767802,0.111672294946521
mpp,100.0,0.5238367057291503,8.81905375801531e-08,0.008017321598195737,8.29058049135973e+17,1.5709132948525128e+19,1.5357919101745596e+22,1.5365192588904144e+22,1.13915740957119,0.11329611833527164
mpp,100.0,0.5238367057291503,9.098244751490158e-08,0.00827113159226378,8.656353204673464e+17,1.504562555232942e+19,1.5357919101745596e+22,1.5365477836822789e+22,1.1383847302425365,0.11491158562629443
mpp,100.0,0.5238367057291503,9.38614852178688e-08,0.008532862292533527,9.040206954082175e+17,1.4407018814638582e+19,1.5357919101745596e+22,1.5365735348415175e+22,1.1376279821762514,0.11651762015037467
mpp,100.0,0.5238367057291503,9.683032113691836e-08,0.008802756466992578,9.442755378266045e+17,1.3793043993745721e+19,1.5357919101745596e+22,1.5365960530444472e+22,1.1368877193398856,0.11811314671503186
mpp,100.0,0.5238367057291503,9.989170446622597e-08,0.00908106404238418,9.86458050907292e+17,1.3203393298485248e+19,1.5357919101745596e+22,1.536614880334808e+22,1.1361644773218966,0.11969709426891645
mpp,100.0,0.5238367057291503,1.030484652693735e-07,0.009368042297215773,1.030622238453175e+18,1.2637722797163784e+19,1.5357919101745596e+22,1.5366295732590895e+22,1.1354587716863993,0.12126839878916144
mpp,100.0,0.5238367057291503,1.0630351664667048e-07,0.009663956058788226,1.0768167545888942e+18,1.2095655173189489e+19,1.5357919101745596e+22,1.536639718189871e+22,1.1347710959772828,0.12282600641119118
mpp,100.0,0.5238367057291503,1.0965985694675306e-07,0.009969077904250279,1.1250836511818374e+18,1.157678228364522e+19,1.5357919101745596e+22,1.5366449484356863e+22,1.1341019193081665,0.12436887682128502
mpp,100.0,0.5238367057291503,1.131205720223829e-07,0.010283688365671173,1.1754570394297774e+18,1.1080667487326001e+19,1.5357919101745596e+22,1.536644962467654e+22,1.1334516834835262,0.12589598693294576
mpp,100.0,0.5238367057291503,1.1668883753031101e-07,0.010608076139119182,1.22796169034069e+18,1.0606847721633016e+19,1.5357919101745596e+22,1.5366395423109784e+22,1.1328207996121555,0.12740633486898256
mpp,100.0,0.5238367057291503,1.2036792127497026e-07,0.010942538297724569,1.282611607959182e+18,1.0154835322803274e+19,1.5357919101745596e+22,1.5366285708921944e+22,1.1322096441976912,0.12889894427219564
mpp,100.0,0.5238367057291503,1.241611855956522e-07,0.011287380508695655,1.3394086187144614e+18,9.724119600484112e+18,1.5357919101745596e+22,1.5366120469423957e+22,1.131618554722463,0.13037286896873856
mpp,100.0,0.5238367057291503,1.2807208979674554e-07,0.011642917254249596,1.3983410295559526e+18,9.314168194507065e+18,1.5357919101745596e+22,1.5365900959959835e+22,1.1310478247796696,0.13182719800972914
mpp,100.0,0.5238367057291503,1.3210419262045697e-07,0.01200947205640518,1.4593824158572726e+18,8.924428257472761e+18,1.5357919101745596e+22,1.5365629761648138e+22,1.130497698853506,0.1332610611185353
mpp,100.0,0.5238367057291503,1.3626115476134353e-07,0.012387377705576685,1.5224906066635976e+18,8.554327519916461e+18,1.5357919101745596e+22,1.5365310778596695e+22,1.1299683668960214,0.13467363457353412
mpp,100.0,0.5238367057291503,1.4054674142183642e-07,0.012776976492894221,1.5876069392271485e+18,8.203275304441098e+18,1.5357919101745596e+22,1.53649491789166e+22,1.1294599589060523,0.13606414755910504
mpp,100.0,0.5238367057291503,1.4496482490780489e-07,0.01317862044616408,1.654655857393505e+18,7.870663562628825e+18,1.5357919101745596e+22,1.5364551319221743e+22,1.1289725398013586,0.1374318890213452
mpp,100.0,0.5238367057291503,1.4951938726302417e-07,0.013592671569365833,1.7235449331349204e+18,7.555868023756837e+18,1.5357919101745596e+22,1.5364124808049058e+22,1.1285061050879466,0.13877621506962812
mpp,100.0,0.5238367057291503,1.542145229413025e-07,0.014019502085572955,1.7941654139113523e+18,7.25824961029982e+18,1.5357919101745596e+22,1.5363679286202152e+22,1.128060578571307,0.14009655697082557
mpp,100.0,0.5238367057291503,1.5905444151477943e-07,0.014459494683161767,1.8663935073073344e+18,6.977156567927494e+18,1.5357919101745596e+22,1.536323014592174e+22,1.1276358162611835,0.14139242978942876
mpp,100.0,0.5238367057291503,1.6404347041678602e-07,0.014913042765162365,1.940093083517742e+18,6.71192901212173e+18,1.5357919101745596e+22,1.5362814079724098e+22,1.1272316325490173,0.14266344173167408
mpp,100.0,0.5238367057291503,1.6918605771739475e-07,0.015380550701581341,2.015122477079186e+18,6.461912978205628e+18,1.5357919101745596e+22,1.5362553388364986e+22,1.126847915272391,0.14390930424316803
mpp,100.0,0.5238367057291503,1.744867749296319e-07,0.01586243408451199,2.091125144484347e+18,6.226701609296078e+18,1.5357919101745596e+22,1.5361687683954333e+22,1.1264835554552606,0.14512984283175903
mpp,100.0,0.5238367057291503,1.7995031984405312e-07,0.016359119985823012,2.1675093225447657e+18,6.006653299036272e+18,1.5357919101745596e+22,1.5360112348612367e+22,1.126139540645858,0.14632500181541236
mpp,100.0,0.5238367057291503,1.855815193891665e-07,0.016871047217196955,2.2438579006933765e+18,5.801752030559487e+18,1.5357919101745596e+22,1.535873213479202e+22,1.1258177512805356,0.14749483200586483
mpp,100.0,0.5238367057291503,1.9138533251492623e-07,0.01739866659226602,2.319734434476329e+18,5.611635558693637e+18,1.5357919101745596e+22,1.5357784898780434e+22,1.1255184791245125,0.14863948218624284
mpp,100.0,0.5238367057291503,1.9736685309624657e-07,0.01794244119056787,2.3947389020420096e+18,5.435686527512738e+18,1.5357919101745596e+22,1.5357248980992314e+22,1.1252411532900533,0.14975919257722164
mpp,100.0,0.5238367057291503,2.0353131285319847e-07,0.018502846623018043,2.4685251202359025e+18,5.273129804800777e+18,1.5357919101745596e+22,1.5357017034775564e+22,1.1249847466325429,0.15085429098018543
mpp,100.0,0.5238367057291503,2.0988408428425337e-07,0.019080371298568488,2.5407994394867267e+18,5.123119322462318e+18,1.5357919101745596e+22,1.5356976117096523e+22,1.1247480363091342,0.15192519141436012
mpp,100.0,0.5238367057291503,2.1643068360860024e-07,0.01967551669169093,2.611312301126814e+18,4.984800807252039e+18,1.5357919101745596e+22,1.5357038602594881e+22,1.1245297578455156,0.1529723945492033
mpp,100.0,0.5238367057291503,2.2317677371326033e-07,0.020288797610296394,2.679849150051592e+18,4.857349297394552e+18,1.5357919101745596e+22,1.535714681136173e+22,1.1243286814651943,0.15399648911914557
mpp,100.0,0.5238367057291503,2.301281671003057e-07,0.020920742463664155,2.7462234069316096e+18,4.739987746454684e+18,1.5357919101745596e+22,1.5357267044764668e+22,1.124143642266252,0.15499815362861183
mpp,100.0,0.5238367057291503,2.372908288291805e-07,0.0215718935299255,2.8102719775860045e+18,4.631993853889093e+18,1.5357919101745596e+22,1.5357381754789017e+22,1.1239735479450965,0.15597815783939686
mpp,100.0,0.5238367057291503,2.446708794486748e-07,0.022242807222606797,2.871852847537647e+18,4.5327003797248225e+18,1.5357919101745596e+22,1.5357483174078343e+22,1.1238173772634967,0.1569373636957025
mpp,100.0,0.5238367057291503,2.522745979127007e-07,0.022934054355700062,2.93084409972525e+18,4.4414922050736927e+18,1.5357919101745596e+22,1.5357568980231194e+22,1.1236741753614286,0.15787672546512335
mpp,100.0,0.5238367057291503,2.601084244735974e-07,0.023646220406690677,2.9871437692754586e+18,4.3578020019411456e+18,1.5357919101745596e+22,1.5357639619080104e+22,1.1235430484239377,0.1587972889618673
mpp,100.0,0.5238367057291503,2.6817896354620375e-07,0.024379905776927613,3.0406700961067776e+18,4.2811055199622943e+18,1.5357919101745596e+22,1.535769676169214e+22,1.123423158623408,0.15970018978135264
mpp,100.0,0.5238367057291503,2.7649298653549316e-07,0.025135726048681195,3.0913618732891366e+18,4.2109170031491364e+18,1.5357919101745596e+22,1.5357742469056173e+22,1.1233137196065597,0.1605866505214003
mpp,100.0,0.5238367057291503,2.850574346200175e-07,0.025914312238183412,3.1391786957521935e+18,4.1467849742592625e+18,1.5357919101745596e+22,1.5357778773160468e+22,1.1232139925448266,0.16145797700045295
mpp,100.0,0.5238367057291503,2.9387942148292916e-07,0.026716311043902652,3.184100990957385e+18,4.0882884764361016e+18,1.5357919101745596e+22,1.5357807491447802e+22,1.123123282682544,0.16231555351148125
mpp,100.0,0.5238367057291503,3.029662359817677e-07,0.02754238508925161,3.226129767084073e+18,4.0350337859627494e+18,1.5357919101745596e+22,1.5357830165565018e+22,1.123040936299942,0.16316083717379054
mpp,100.0,0.5238367057291503,3.12325344747639e-07,0.028393213158876274,3.265286051744171e+18,3.986651573883705e+18,1.5357919101745596e+22,1.5357848061973184e+22,1.1229663380155808,0.1639953514651256
mpp,100.0,0.5238367057291503,3.2196439470382796e-07,0.029269490427620726,3.301610020380881e+18,3.9427944792429594e+18,1.5357919101745596e+22,1.5357862199984474e+22,1.1228989083679772,0.164820679033879
mpp,100.0,0.5238367057291503,3.318912154932562e-07,0.030171928681205107,3.335159831903215e+18,3.903135052327632e+18,1.5357919101745596e+22,1.5357873389067292e+22,1.122838101631706,0.16563845390602186
mpp,100.0,0.5238367057291503,3.4211382180356256e-07,0.0311012565275966,3.366010202093953e+18,3.867364026858048e+18,1.5357919101745596e+22,1.5357882266434732e+22,1.122783403836446,0.16645035321352356
mpp,100.0,0.5238367057291503,3.5264041557793443e-07,0.03205821959799404,3.394250754370082e+18,3.835188882499194e+18,1.5357919101745596e+22,1.5357889330906516e+22,1.1227343309673532,0.16725808858032293
mpp,100.0,0.5238367057291503,3.6347938809909277e-07,0.033043580736281164,3.4199841934628413e+18,3.80633266190781e+18,1.5357919101745596e+22,1.5357894971681835e+22,1.1226904273319542,0.1680633973081324
mpp,100.0,0.5238367057291503,3.74639321933195e-07,0.034058120175745,3.4433243510618875e+18,3.7805330091016893e+18,1.5357919101745596e+22,1.535789949194456e+22,1.1226512640826474,0.168868033507313
mpp,100.0,0.5238367057291503,3.8612899271962657e-07,0.035102635701784235,3.4643941537791754e+18,3.757541398066458e+18,1.5357919101745596e+22,1.5357903127802708e+22,1.1226164378855663,0.16967375931761625
mpp,100.0,0.5238367057291503,3.9795737079193217e-07,0.03617794279926656,3.48332356318569e+18,3.7371225222270126e+18,1.5357919101745596e+22,1.5357906063260155e+22,1.1225855697264495,0.17048233635973567
mpp,100.0,0.5238367057291503,4.1013362261439735e-07,0.03728487478312703,3.5002475353825633e+18,3.7190538168504986e+18,1.5357919101745596e+22,1.535790844193253e+22,1.1225583038429363,0.1712955175514172
mpp,100.0,0.5238367057291503,4.2266711201795267e-07,0.03842428291072297,3.51530404381782e+18,3.7031250877900436e+18,1.5357919101745596e+22,1.5357910376163809e+22,1.122534306770871,0.1721150394115438
mpp,100.0,0.5238367057291503,4.3556740121832605e-07,0.03959703647439328,3.5286322041144504e+18,3.689138221366139e+18,1.5357919101745596e+22,1.5357911954084212e+22,1.1225132664901445,0.1729426149624369
mpp,100.0,0.5238367057291503,4.4884425159851984e-07,0.040804022872592716,3.540370533821115e+18,3.676906951754289e+18,1.5357919101745596e+22,1.5357913245058966e+22,1.1224948916538005,0.17377992732500228
mpp,100.0,0.5238367057291503,4.625076242368779e-07,0.04204614765789799,3.550655373543485e+18,3.666256664072958e+18,1.5357919101745596e+22,1.5357914303896131e+22,1.1224789108828224,0.17462862408376648
mpp,100.0,0.5238367057291503,4.765676801611914e-07,0.04332433456010831,3.559619489171042e+18,3.657024213478648e+18,1.5357919101745596e+22,1.535791517408823e+22,1.1224650721083629,0.1754903124798371
mpp,100.0,0.5238367057291503,4.910347803083952e-07,0.04463952548258138,3.567390868181931e+18,3.649057742973461e+18,1.5357919101745596e+22,1.5357915890312391e+22,1.1224531419433081,0.17636655546994034
mpp,100.0,0.5238367057291503,5.059194851686406e-07,0.045992680469876424,3.5740917165469425e+18,3.6422164852727306e+18,1.5357919101745596e+22,1.5357916480357825e+22,1.1224429050660216,0.1772588686695413
mpp,100.0,0.5238367057291503,5.212325540916164e-07,0.0473847776446924,3.579837656790068e+18,3.6363705369029683e+18,1.5357919101745596e+22,1.535791696661949e+22,1.1224341636007895,0.17816871817819654
mpp,100.0,0.5238367057291503,5.369849442321835e-07,0.04881681311201669,3.5847371224593065e+18,3.63140059561474e+18,1.5357919101745596e+22,1.5357917367241739e+22,1.1224267364817677,0.17909751926630144
mpp,100.0,0.5238367057291503,5.531878091115703e-07,0.05028980082832457,3.5888909397336986e+18,3.627197655136476e+18,1.5357919101745596e+22,1.5357917697015636e+22,1.1224204587901327,0.1800466358847722
mpp,100.0,0.5238367057291503,5.698524967695082e-07,0.05180477243359166,3.5923920832031386e+18,3.6236626541278295e+18,1.5357919101745596e+22,1.5357917968064152e+22,1.1224151810571577,0.1810173809434057
mpp,100.0,0.5238367057291503,5.869905474819483e-07,0.05336277704381348,3.5953255900165965e+18,3.6207060788796754e+18,1.5357919101745596e+22,1.5357918190378294e+22,1.1224107685293079,0.1820110172900712
mpp,100.0,0.5238367057291503,6.0461369101819e-07,0.05496488100165364,3.597768614585284e+18,3.618247521726262e+18,1.5357919101745596e+22,1.5357918372233086e+22,1.1224071003946245,0.18302875931180076
mpp,100.0,0.5238367057291503,6.227338434105047e-07,0.056612167582773154,3.599790604790356e+18,3.6162151992474194e+18,1.5357919101745596e+22,1.5357918520511555e+22,1.122404068972718,0.18407177507046252
mpp,100.0,0.5238367057291503,6.413631032086649e-07,0.058305736655333174,3.6014535801165983e+18,3.6145454360746153e+18,1.5357919101745596e+22,1.5357918640959987e+22,1.122401578873378,0.18514118888013956
mpp,100.0,0.5238367057291503,6.605137471910994e-07,0.06004670429009995,3.602812492221289e+18,3.6131821214486093e+18,1.5357919101745596e+22,1.5357918738387063e+22,1.1223995461310219,0.1862380842305887
mpp,100.0,0.5238367057291503,6.80198225503809e-07,0.0618362023185281,3.603915649064646e+18,3.612076146589786e+18,1.5357919101745596e+22,1.5357918816821555e+22,1.1223978973239035,0.18736350696114226
mpp,100.0,0.5238367057291503,7.004291561976294e-07,0.06367537783614813,3.604805184780437e+18,3.6111848314345533e+18,1.5357919101745596e+22,1.5357918879642064e+22,1.1223965686881336,0.18851846859194635
mpp,100.0,0.5238367057291503,7.212193191339467e-07,0.06556539264854061,3.6055175588591667e+18,3.6104713493855626e+18,1.5357919101745596e+22,1.5357918929678737e+22,1.1223955052370738,0.18970394972424767
mpp,100.0,0.5238367057291503,7.425816492286187e-07,0.06750742265714715,3.6060840698658657e+18,3.6099041584556544e+18,1.5357919101745596e+22,1.5357918969297942e+22,1.1223946598966767,0.19092090342821233
mpp,100.0,0.5238367057291503,7.645292290034978e-07,0.06950265718213616,3.6065313707349233e+18,3.6094564466027873e+18,1.5357919101745596e+22,1.5357919000473417e+22,1.1223939926668272,0.1921702585450973
mpp,100.0,0.5238367057291503,7.870752804148289e-07,0.07155229821952991,3.6068819746013855e+18,3.6091055982140283e+18,1.5357919101745596e+22,1.5357919024843881e+22,1.1223934698177995,0.19345292284009702
mpp,100.0,0.5238367057291503,8.10233155927669e-07,0.0736575596297881,3.6071547420719836e+18,3.608832687668618e+18,1.5357919101745596e+22,1.5357919043764118e+22,1.1223930631297039,0.19476978595241456
mpp,100.0,0.5238367057291503,8.34016328805534e-07,0.07581966625504855,3.607365342746904e+18,3.608622004755979e+18,1.5357919101745596e+22,1.5357919058348944e+22,1.1223927491812868,0.1961217220996452
mpp,100.0,0.5238367057291503,8.584383825846971e-07,0.0780398529622452,3.6075266856271355e+18,3.608460615510851e+18,1.5357919101745596e+22,1.5357919069508897e+22,1.1223925086928415,0.19750959250402275
mpp,100.0,0.5238367057291503,8.835129997028664e-07,0.08031936360935149,3.6076493147338737e+18,3.6083379608178724e+18,1.5357919101745596e+22,1.5357919077983186e+22,1.122392325926319,0.1989342475180998
mpp,100.0,0.5238367057291503,9.092539492525114e-07,0.08265944993204649,3.607741767795298e+18,3.608245493978357e+18,1.5357919101745596e+22,1.5357919084368173e+22,1.1223921881441314,0.20039652843673078
mpp,100.0,0.5238367057291503,9.356750738297962e-07,0.0850613703481633,3.607810897197046e+18,3.6081763573703567e+18,1.5357919101745596e+22,1.5357919089139974e+22,1.122392085126618,0.20189726899055532
mpp,100.0,0.5238367057291503,9.627902754509441e-07,0.08752638867735857,3.607862153529384e+18,3.6081250974050074e+18,1.5357919101745596e+22,1.5357919092676483e+22,1.1223920087468606,0.20343729652337716
mpp,100.0,0.5238367057291503,9.906135005090058e-07,0.09005577277354598,3.6078998329939804e+18,3.608087416198602e+18,1.5357919101745596e+22,1.5357919095276047e+22,1.122391952600383,0.20501743286180776
mpp,100.0,0.5238367057291503,1.0191587237452651e-06,0.09265079306775137,3.6079272906548296e+18,3.608059957764139e+18,1.5357919101745596e+22,1.5357919097170233e+22,1.1223919116863919,0.20663849489025188
mpp,100.0,0.5238367057291503,1.0484399312111567e-06,0.09531272101919608,3.607947122044622e+18,3.6080401260753823e+18,1.5357919101745596e+22,1.5357919098537672e+22,1.1223918821365886,0.20830129484779653
mpp,100.0,0.5238367057291503,1.0784711021983284e-06,0.09804282747257531,3.607961315982909e+18,3.60802593205705e+18,1.5357919101745596e+22,1.5357919099516738e+22,1.1223918609871235,0.21000664036588812
mpp,100.0,0.5238367057291503,1.1092661901166052e-06,0.10084238091969139,3.6079713816475617e+18,3.6080158664033254e+18,1.5357919101745596e+22,1.5357919100210988e+22,1.1223918459890525,0.21175533426697207
mpp,100.0,0.5238367057291503,1.140839102302004e-06,0.10371264566381855,3.6079784529896125e+18,3.608008795102526e+18,1.5357919101745596e+22,1.5357919100698666e+22,1.1223918354526516,0.21354817414466895
mpp,100.0,0.5238367057291503,1.1732036787395748e-06,0.10665487988541589,3.6079833735173996e+18,3.608003874619844e+18,1.5357919101745596e+22,1.5357919101038262e+22,1.1223918281210248,0.21538595174572073
mpp,100.0,0.5238367057291503,1.2063736696888767e-06,0.1096703336080797,3.607986764326162e+18,3.608000483849895e+18,1.5357919101745596e+22,1.5357919101272006e+22,1.122391823068705,0.21726945217304183
mpp,100.0,0.5238367057291503,1.2403627122032033e-06,0.11276024656392758,3.607989078035566e+18,3.6079981701707433e+18,1.5357919101745596e+22,1.5357919101431874e+22,1.1223918196212754,0.21919945292790197
mpp,100.0,0.5238367057291503,1.275184305537256e-06,0.11592584595793237,3.60799064104409e+18,3.607996607184306e+18,1.5357919101745596e+22,1.5357919101539689e+22,1.1223918172923941,0.22117672280769599
mpp,100.0,0.5238367057291503,1.3108517854420548e-06,0.1191683441310959,3.6079916862338657e+18,3.6079955620100434e+18,1.5357919101745596e+22,1.535791910161182e+22,1.1223918157350634,0.22320202067407416
mpp,100.0,0.5238367057291503,1.3473782973500965e-06,0.12248893612273604,3.6079923779784115e+18,3.6079948702761324e+18,1.5357919101745596e+22,1.5357919101659726e+22,1.122391814704366,0.22527609410448854
mpp,100.0,0.5238367057291503,1.384776768458562e-06,0.12588879713259654,3.6079928310324844e+18,3.6079944172290903e+18,1.5357919101745596e+22,1.5357919101690717e+22,1.1223918140293165,0.22739967793858287
mpp,100.0,0.5238367057291503,1.4230598787233641e-06,0.1293690798839422,3.60799312462611e+18,3.6079941236401024e+18,1.5357919101745596e+22,1.5357919101710907e+22,1.1223918135918631,0.22957349272934943
mpp,100.0,0.5238367057291503,1.462240030782253e-06,0.13293091188929573,3.6079933128504596e+18,3.607993935418787e+18,1.5357919101745596e+22,1.5357919101724001e+22,1.1223918133114097,0.23179824310765562
mpp,100.0,0.5238367057291503,1.5023293188310152e-06,0.13657539262100138,3.6079934322161956e+18,3.6079938160549857e+18,1.5357919101745596e+22,1.5357919101732402e+22,1.1223918131335553,0.2340746160676334
mpp,100.0,0.5238367057291503,1.5433394964828389e-06,0.140303590589349,3.607993507085306e+18,3.6079937411870515e+18,1.5357919101745596e+22,1.5357919101737314e+22,1.1223918130220005,0.2364032791795158
mpp,100.0,0.5238367057291503,1.585281943647488e-06,0.14411654033158983,3.607993553525192e+18,3.607993694747974e+18,1.5357919101745596e+22,1.5357919101740806e+22,1.1223918129528059,0.23878487873582543
mpp,100.0,0.5238367057291503,1.6281676324736676e-06,0.14801523931578797,3.607993582008767e+18,3.60799366626485e+18,1.5357919101745596e+22,1.535791910174277e+22,1.1223918129103654,0.24122003783632495
mpp,100.0,0.5238367057291503,1.6720070924050911e-06,0.1520006447640992,3.607993599281598e+18,3.607993648992291e+18,1.5357919101745596e+22,1.535791910174397e+22,1.1223918128846286,0.243709354416837
mpp,100.0,0.5238367057291503,1.7168103744082338e-06,0.15607367040074854,3.607993609636669e+18,3.6079936386374313e+18,1.5357919101745596e+22,1.5357919101744843e+22,1.1223918128692003,0.24625339922689854
mpp,100.0,0.5238367057291503,1.762587014437358e-06,0.16023518313066892,3.6079936157731645e+18,3.607993632500938e+18,1.5357919101745596e+22,1.5357919101744843e+22,1.1223918128600558,0.24885271376120602
mpp,100.0,0.5238367057291503,1.8093459962104148e-06,0.16448599965549227,3.607993619367562e+18,3.6079936289066476e+18,1.5357919101745596e+22,1.5357919101745281e+22,1.1223918128547008,0.25150780814992296
mpp,100.0,0.5238367057291503,1.857095713377516e-06,0.16882688303431964,3.6079936214483896e+18,3.6079936268258e+18,1.5357919101745596e+22,1.5357919101745172e+22,1.1223918128515997,0.25421915901312575
mpp,100.0,0.5238367057291503,1.9058439311719748e-06,0.17325853919745227,3.6079936226388613e+18,3.6079936256354186e+18,1.5357919101745596e+22,1.5357919101745608e+22,1.1223918128498267,0.25698720728494745
mpp,100.0,0.5238367057291503,1.9555977476423834e-06,0.17778161342203486,3.6079936233118725e+18,3.607993624962397e+18,1.5357919101745596e+22,1.5357919101745608e+22,1.122391812848824,0.25981235601331876
mpp,100.0,0.5238367057291503,2.0063635545726346e-06,0.1823966867793304,3.6079936236878807e+18,3.607993624586428e+18,1.5357919101745596e+22,1.5357919101745717e+22,1.1223918128482637,0.26269496814159077
mpp,100.0,0.5238367057291503,2.0581469982053558e-06,0.18710427256412326,3.6079936238954066e+18,3.607993624378879e+18,1.5357919101745596e+22,1.5357919101745608e+22,1.1223918128479542,0.2656353642787357
mpp,100.0,0.5238367057291503,2.110952939892684e-06,0.19190481271751675,3.6079936240085914e+18,3.6079936242657137e+18,1.5357919101745596e+22,1.5357919101745717e+22,1.1223918128477857,0.2686338204652582
mpp,100.0,0.5238367057291503,2.164785416806599e-06,0.19679867425514536,3.607993624069593e+18,3.6079936242046966e+18,1.5357919101745596e+22,1.5357919101745608e+22,1.1223918128476946,0.2716905659423859
mpp,100.0,0.5238367057291503,2.2196476028493208e-06,0.20178614571357462,3.607993624102039e+18,3.60799362417225e+18,1.5357919101745596e+22,1.5357919101745608e+22,1.1223918128476464,0.27480578093255603
mpp,100.0,0.5238367057291503,2.2755417699120383e-06,0.20686743362836713,3.6079936241191224e+18,3.6079936241551636e+18,1.5357919101745596e+22,1.5357919101745608e+22,1.1223918128476211,0.2779795944396426
mpp,100.0,0.5238367057291503,2.3324692496379275e-06,0.2120426590579934,3.607993624128005e+18,3.6079936241462804e+18,1.5357919101745596e+22,1.5357919101745608e+22,1.1223918128476076,0.28121208207779547
mpp,100.0,0.5238367057291503,2.390430395852468e-06,0.2173118541684062,3.607993624132562e+18,3.6079936241417047e+18,1.5357919101745596e+22,1.53579191017455e+22,1.1223918128476007,0.2845032639381558
mpp,100.0,0.5238367057291503,2.449424547830708e-06,0.22267495889370076,3.6079936241348787e+18,3.6079936241394104e+18,1.5357919101745596e+22,1.5357919101745608e+22,1.1223918128475976,0.2878531025030886
mpp,100.0,0.5238367057291503,2.509449994577191e-06,0.22813181768883556,3.6079936241360456e+18,3.60799362413825e+18,1.5357919101745596e+22,1.5357919101745608e+22,1.1223918128475958,0.29126150061791134
mpp,100.0,0.5238367057291503,2.5705039402994796e-06,0.2336821763908618,3.607993624136619e+18,3.6079936241376865e+18,1.5357919101745596e+22,1.5357919101745717e+22,1.1223918128475951,0.2947282995303954
mpp,100.0,0.5238367057291503,2.632582471260859e-06,0.23932567920553266,3.6079936241369073e+18,3.6079936241374013e+18,1.5357919101745596e+22,1.5357919101745717e+22,1.1223918128475947,0.2982532770085803
mpp,100.0,0.5238367057291503,2.6956805242013664e-06,0.24506186583648787,3.6079936241370327e+18,3.60799362413726e+18,1.5357919101745596e+22,1.5357919101745717e+22,1.1223918128475943,0.3018361455476395
mpp,100.0,0.5238367057291503,2.7597918565189673e-06,0.2508901687744516,3.6079936241371064e+18,3.6079936241371924e+18,1.5357919101745596e+22,1.5357919101745717e+22,1.1223918128475943,0.3054765506766923
mpp,100.0,0.5238367057291503,2.8249090184044093e-06,0.2568099107640372,3.607993624137141e+18,3.6079936241371607e+18,1.5357919101745596e+22,1.5357919101745717e+22,1.1223918128475943,0.30917406937654984
mpp,100.0,0.5238367057291503,2.891023327123599e-06,0.26282030246578175,3.607993624137141e+18,3.607993624137164e+18,1.5357919101745596e+22,1.5357919101745717e+22,1.1223918128475945,0.3129282086194029
mpp,100.0,0.5238367057291503,2.9581248436407344e-06,0.26892044033097584,3.6079936241371576e+18,3.6079936241371607e+18,1.5357919101745596e+22,1.5357919101745826e+22,1.1223918128475945,0.31673840404142367
mpp,100.0,0.5238367057291503,3.026202351773268e-06,0.27510930470666073,3.6079936241371576e+18,3.6079936241371223e+18,1.5357919101745596e+22,1.5357919101745608e+22,1.122391812847594,0.3206040187591316
mpp,100.0,0.5238367057291503,3.095243340066364e-06,0.2813857581878513,3.6079936241371576e+18,3.607993624137154e+18,1.5357919101745596e+22,1.5357919101745826e+22,1.1223918128475945,0.32452434234017863
mpp,100.0,0.5238367057291503,3.165233986569728e-06,0.2877485442336116,3.6079936241371766e+18,3.607993624137154e+18,1.5357919101745596e+22,1.5357919101745826e+22,1.1223918128475945,0.32849858993893877
mpp,100.0,0.5238367057291503,3.2361591466932353e-06,0.2941962860630214,3.607993624137141e+18,3.607993624137135e+18,1.5357919101745596e+22,1.5357919101745608e+22,1.122391812847594,0.33252590160691964
mpp,100.0,0.5238367057291503,3.3080023443101186e-06,0.30072748584637443,3.6079936241371766e+18,3.607993624137154e+18,1.5357919101745596e+22,1.5357919101745826e+22,1.1223918128475945,0.33660534178757906
mpp,100.0,0.5238367057291503,3.3807457662670037e-06,0.30734052420609126,3.6079936241371576e+18,3.6079936241371284e+18,1.5357919101745596e+22,1.5357919101745608e+22,1.122391812847594,0.34073589900459017
mpp,100.0,0.5238367057291503,3.4543702604492223e-06,0.3140336600408384,3.607993624137141e+18,3.6079936241371284e+18,1.5357919101745596e+22,1.5357919101745608e+22,1.122391812847594,0.34491648575198564
mpp,100.0,0.5238367057291503,3.528855337537518e-06,0.3208050306852289,3.607993624137141e+18,3.607993624137148e+18,1.5357919101745596e+22,1.5357919101745608e+22,1.122391812847594,0.3491459385939078
mpp,100.0,0.5238367057291503,3.604179176578205e-06,0.32765265241620045,3.607993624137141e+18,3.607993624137138e+18,1.5357919101745596e+22,1.5357919101745608e+22,1.1223918128475943,0.3534230184808961
mpp,100.0,0.5238367057291503,3.680318634473621e-06,0.33457442131578374,3.6079936241371576e+18,3.607993624137154e+18,1.5357919101745596e+22,1.5357919101745826e+22,1.1223918128475943,0.3577464112887796
mpp,100.0,0.5238367057291503,3.7572492594828904e-06,0.3415681144984446,3.6079936241371576e+18,3.607993624137141e+18,1.5357919101745596e+22,1.5357919101745717e+22,1.1223918128475943,0.36211472858528454
mpp,100.0,0.5238367057291503,3.834945308804896e-06,0.34863139170953605,3.607993624137141e+18,3.607993624137148e+18,1.5357919101745596e+22,1.5357919101745608e+22,1.1223918128475943,0.36652650862844055
mpp,100.0,0.5238367057291503,3.913379770296197e-06,0.3557617972996543,3.6079936241371576e+18,3.607993624137145e+18,1.5357919101745596e+22,1.5357919101745717e+22,1.1223918128475943,0.3709802175997795
mpp,100.0,0.5238367057291503,3.992524388356007e-06,0.3629567625778189,3.6079936241371576e+18,3.607993624137154e+18,1.5357919101745596e+22,1.5357919101745826e+22,1.1223918128475943,0.37547425107415056
mpp,100.0,0.5238367057291503,4.072349693989162e-06,0.37021360854446933,3.6079936241371766e+18,3.6079936241371254e+18,1.5357919101745596e+22,1.5357919101745608e+22,1.1223918128475943,0.38000693572677213
mpp,100.0,0.5238367057291503,4.152825039035608e-06,0.37752954900323704,3.6079936241371766e+18,3.607993624137151e+18,1.5357919101745596e+22,1.5357919101745717e+22,1.1223918128475945,0.3845765312768698
mpp,100.0,0.5238367057291503,4.233918634532076e-06,0.3849016940483706,3.6079936241371576e+18,3.607993624137148e+18,1.5357919101745596e+22,1.5357919101745717e+22,1.1223918128475943,0.38918123266595006
mpp,100.0,0.5238367057291503,4.315597593148279e-06,0.39232705392257083,3.607993624137141e+18,3.607993624137145e+18,1.5357919101745596e+22,1.5357919101745608e+22,1.1223918128475943,0.39381917246743575
mpp,100.0,0.5238367057291503,4.397827975616047e-06,0.39980254323782244,3.6079936241371766e+18,3.607993624137151e+18,1.5357919101745596e+22,1.5357919101745717e+22,1.1223918128475945,0.39848842352303143
mpp,100.0,0.5238367057291503,4.480574841046197e-06,0.40732498554965424,3.6079936241371576e+18,3.607993624137138e+18,1.5357919101745596e+22,1.5357919101745717e+22,1.1223918128475943,0.40318700179984296
mpp,100.0,0.5238367057291503,4.563802301004022e-06,0.4148911182730929,3.6079936241371576e+18,3.6079936241371735e+18,1.5357919101745596e+22,1.5357919101745826e+22,1.1223918128475945,0.4079128694609224
mpp,100.0,0.5238367057291503,4.6474735771908545e-06,0.4224975979264413,3.6079936241371576e+18,3.607993624137138e+18,1.5357919101745596e+22,1.5357919101745717e+22,1.1223918128475943,0.4126639381405743
mpp,100.0,0.5238367057291503,4.731551062556339e-06,0.43014100568693997,3.6079936241371576e+18,3.6079936241371674e+18,1.5357919101745596e+22,1.5357919101745826e+22,1.1223918128475945,0.41743807241446623
mpp,100.0,0.5238367057291503,4.8159963856436705e-06,0.4378178532403337,3.6079936241371576e+18,3.607993624137148e+18,1.5357919101745596e+22,1.5357919101745717e+22,1.1223918128475943,0.4222330934533163
mpp,100.0,0.5238367057291503,4.900770477948971e-06,0.4455245889044519,3.6079936241371576e+18,3.607993624137141e+18,1.5357919101745596e+22,1.5357919101745717e+22,1.1223918128475943,0.4270467828477301
mpp,100.0,0.5238367057291503,4.985833644055812e-06,0.45325760400507387,3.6079936241371766e+18,3.607993624137141e+18,1.5357919101745596e+22,1.5357919101745717e+22,1.1223918128475945,0.4318768865906182
mpp,100.0,0.5238367057291503,5.071145634287101e-06,0.46101323948064554,3.6079936241371576e+18,3.6079936241371863e+18,1.5357919101745596e+22,1.5357919101745935e+22,1.1223918128475947,0.43672111920255513
mpp,100.0,0.5238367057291503,5.156665719599517e-06,0.4687877926908652,3.6079936241371766e+18,3.607993624137148e+18,1.5357919101745596e+22,1.5357919101745717e+22,1.1223918128475945,0.4415771679844776
mpp,100.0,0.5238367057291503,5.242352768430057e-06,0.4765775244027325,3.607993624137141e+18,3.607993624137135e+18,1.5357919101745596e+22,1.5357919101745608e+22,1.122391812847594,0.446442697381227
mpp,100.0,0.5238367057291503,5.3281653251908174e-06,0.48437866592643797,3.6079936241371576e+18,3.607993624137135e+18,1.5357919101745596e+22,1.5357919101745717e+22,1.1223918128475943,0.4513153534386836
mpp,100.0,0.5238367057291503,5.414061690096534e-06,0.4921874263724122,3.6079936241371576e+18,3.607993624137164e+18,1.5357919101745596e+22,1.5357919101745826e+22,1.1223918128475945,0.45619276833657796
mpp,100.0,0.5238367057291503,5.5e-06,0.5,3.607993624137141e+18,3.607993624137096e+18,1.5357919101745596e+22,1.535791910174539e+22,1.1223918128475936,0.46107256497853255
mpp,100.0,0.5238367057291503,5.585938309903469e-06,0.5078125736275881,3.6079936241371766e+18,3.607993624137141e+18,1.5357919101745596e+22,1.5357919101745717e+22,1.1223918128475943,0.4659523616204876
mpp,100.0,0.5238367057291503,5.671834674809185e-06,0.5156213340735623,3.6079936241371766e+18,3.6079936241371766e+18,1.5357919101745596e+22,1.5357919101745826e+22,1.1223918128475947,0.4708297765183819
mpp,100.0,0.5238367057291503,5.757647231569949e-06,0.5234224755972681,3.6079936241371766e+18,3.607993624137148e+18,1.5357919101745596e+22,1.5357919101745717e+22,1.1223918128475945,0.4757024325758387
mpp,100.0,0.5238367057291503,5.8433342804004825e-06,0.5312122073091348,3.6079936241371576e+18,3.607993624137148e+18,1.5357919101745596e+22,1.5357919101745717e+22,1.1223918128475945,0.4805679619725877
mpp,100.0,0.5238367057291503,5.928854365712899e-06,0.5389867605193545,3.6079936241371766e+18,3.607993624137135e+18,1.5357919101745596e+22,1.5357919101745717e+22,1.1223918128475943,0.4854240107545103
mpp,100.0,0.5238367057291503,6.01416635594419e-06,0.5467423959949264,3.6079936241371576e+18,3.607993624137141e+18,1.5357919101745596e+22,1.5357919101745717e+22,1.1223918128475943,0.4902682433664474
mpp,100.0,0.5238367057291503,6.099229522051031e-06,0.5544754110955483,3.607993624137141e+18,3.607993624137154e+18,1.5357919101745596e+22,1.5357919101745608e+22,1.1223918128475943,0.49509834710933537
mpp,100.0,0.5238367057291503,6.184003614356336e-06,0.5621821467596669,3.607993624137141e+18,3.607993624137154e+18,1.5357919101745596e+22,1.5357919101745608e+22,1.1223918128475943,0.4999120365037494
mpp,100.0,0.5238367057291503,6.26844893744366e-06,0.56985899431306,3.607993624137141e+18,3.6079936241371126e+18,1.5357919101745596e+22,1.53579191017455e+22,1.122391812847594,0.5047070575425989
mpp,100.0,0.5238367057291503,6.352526422809144e-06,0.5775024020735586,3.6079936241371223e+18,3.6079936241371766e+18,1.5357919101745596e+22,1.5357919101745608e+22,1.1223918128475943,0.509481191816491
mpp,100.0,0.5238367057291503,6.4361976989959805e-06,0.5851088817269073,3.6079936241371064e+18,3.6079936241371187e+18,1.5357919101745596e+22,1.535791910174539e+22,1.1223918128475936,0.5142322604961429
mpp,100.0,0.5238367057291503,6.5194251589538055e-06,0.592675014450346,3.6079936241371064e+18,3.6079936241371187e+18,1.5357919101745596e+22,1.535791910174539e+22,1.1223918128475936,0.5189581281572223
mpp,100.0,0.5238367057291503,6.602172024383959e-06,0.6001974567621781,3.6079936241371223e+18,3.6079936241371863e+18,1.5357919101745596e+22,1.5357919101745717e+22,1.1223918128475945,0.5236567064340341
mpp,100.0,0.5238367057291503,6.684402406851721e-06,0.6076729460774292,3.6079936241371064e+18,3.6079936241371126e+18,1.5357919101745596e+22,1.535791910174539e+22,1.1223918128475936,0.5283259574896293
mpp,100.0,0.5238367057291503,6.766081365467923e-06,0.6150983059516294,3.607993624137141e+18,3.6079936241371766e+18,1.5357919101745596e+22,1.5357919101745717e+22,1.1223918128475945,0.5329638972911152
mpp,100.0,0.5238367057291503,6.847174960964395e-06,0.6224704509967632,3.6079936241371223e+18,3.6079936241371704e+18,1.5357919101745596e+22,1.5357919101745608e+22,1.1223918128475943,0.5375685986801956
mpp,100.0,0.5238367057291503,6.92765030601084e-06,0.629786391455531,3.6079936241371223e+18,3.6079936241371254e+18,1.5357919101745596e+22,1.535791910174539e+22,1.122391812847594,0.5421381942302932
mpp,100.0,0.5238367057291503,7.0074756116439974e-06,0.6370432374221816,3.6079936241371064e+18,3.6079936241371126e+18,1.5357919101745596e+22,1.535791910174539e+22,1.1223918128475934,0.5466708788829149
mpp,100.0,0.5238367057291503,7.086620229703803e-06,0.6442382027003457,3.607993624137141e+18,3.6079936241371863e+18,1.5357919101745596e+22,1.5357919101745826e+22,1.1223918128475945,0.5511649123572858
mpp,100.0,0.5238367057291503,7.165054691195103e-06,0.651368608290464,3.6079936241371576e+18,3.607993624137135e+18,1.5357919101745596e+22,1.5357919101745717e+22,1.1223918128475943,0.5556186213286248
mpp,100.0,0.5238367057291503,7.242750740517112e-06,0.6584318855015556,3.607993624137141e+18,3.607993624137154e+18,1.5357919101745596e+22,1.5357919101745608e+22,1.1223918128475943,0.560030401371781
mpp,100.0,0.5238367057291503,7.3196813655263815e-06,0.6654255786842165,3.607993624137141e+18,3.6079936241371704e+18,1.5357919101745596e+22,1.5357919101745717e+22,1.1223918128475945,0.5643987186682858
mpp,100.0,0.5238367057291503,7.3958208234218e-06,0.6723473475838,3.6079936241371064e+18,3.607993624137103e+18,1.5357919101745596e+22,1.535791910174539e+22,1.1223918128475934,0.5687221114761692
mpp,100.0,0.5238367057291503,7.471144662462482e-06,0.6791949693147711,3.6079936241371064e+18,3.6079936241371924e+18,1.5357919101745596e+22,1.5357919101745717e+22,1.1223918128475943,0.5729991913631572
mpp,100.0,0.5238367057291503,7.545629739550777e-06,0.6859663399591616,3.6079936241371064e+18,3.607993624137096e+18,1.5357919101745596e+22,1.5357919101745281e+22,1.1223918128475934,0.5772286442050794
mpp,100.0,0.5238367057291503,7.619254233732998e-06,0.692659475793909,3.6079936241370675e+18,3.607993624137045e+18,1.5357919101745596e+22,1.5357919101744843e+22,1.1223918128475927,0.581409230952475
mpp,100.0,0.5238367057291503,7.691997655689884e-06,0.6992725141536258,3.607993624137087e+18,3.607993624137215e+18,1.5357919101745596e+22,1.5357919101745717e+22,1.1223918128475945,0.5855397881694862
mpp,100.0,0.5238367057291503,7.763840853306769e-06,0.705803713936979,3.6079936241371064e+18,3.607993624137096e+18,1.5357919101745596e+22,1.5357919101745281e+22,1.1223918128475934,0.5896192283501458
mpp,100.0,0.5238367057291503,7.834766013430272e-06,0.7122514557663884,3.6079936241371223e+18,3.6079936241371704e+18,1.5357919101745596e+22,1.5357919101745608e+22,1.1223918128475943,0.5936465400181266
mpp,100.0,0.5238367057291503,7.904756659933636e-06,0.7186142418121487,3.607993624137141e+18,3.607993624137154e+18,1.5357919101745596e+22,1.5357919101745608e+22,1.1223918128475943,0.5976207876168868
mpp,100.0,0.5238367057291503,7.973797648226734e-06,0.7248906952933395,3.607993624137141e+18,3.6079936241371704e+18,1.5357919101745596e+22,1.5357919101745717e+22,1.1223918128475945,0.601541111197934
mpp,100.0,0.5238367057291503,8.041875156359268e-06,0.7310795596690244,3.607993624137141e+18,3.6079936241371766e+18,1.5357919101745596e+22,1.5357919101745717e+22,1.1223918128475945,0.6054067259156418
mpp,100.0,0.5238367057291503,8.108976672876405e-06,0.7371796975342186,3.607993624137141e+18,3.607993624137154e+18,1.5357919101745596e+22,1.5357919101745608e+22,1.1223918128475945,0.6092169213376627
mpp,100.0,0.5238367057291503,8.175090981595591e-06,0.7431900892359629,3.6079936241371223e+18,3.6079936241370675e+18,1.5357919101745596e+22,1.5357919101745172e+22,1.1223918128475934,0.6129710605805153
mpp,100.0,0.5238367057291503,8.240208143481032e-06,0.7491098312255484,3.6079936241371223e+18,3.6079936241371766e+18,1.5357919101745596e+22,1.5357919101745608e+22,1.1223918128475943,0.6166685792803726
mpp,100.0,0.5238367057291503,8.304319475798637e-06,0.7549381341635124,3.6079936241371223e+18,3.607993624137164e+18,1.5357919101745596e+22,1.5357919101745608e+22,1.1223918128475943,0.6203089844094252
mpp,100.0,0.5238367057291503,8.367417528739142e-06,0.7606743207944675,3.607993624137141e+18,3.6079936241371704e+18,1.5357919101745596e+22,1.5357919101745717e+22,1.1223918128475945,0.6238918529484834
mpp,100.0,0.5238367057291503,8.429496059700524e-06,0.7663178236091386,3.6079936241371064e+18,3.607993624137199e+18,1.5357919101745596e+22,1.5357919101745717e+22,1.1223918128475945,0.6274168304266662
mpp,100.0,0.5238367057291503,8.490550005422808e-06,0.7718681823111644,3.6079936241371064e+18,3.6079936241370803e+18,1.5357919101745596e+22,1.5357919101745281e+22,1.1223918128475934,0.6308836293391459
mpp,100.0,0.5238367057291503,8.550575452169292e-06,0.7773250411062993,3.607993624137087e+18,3.607993624137096e+18,1.5357919101745596e+22,1.5357919101745172e+22,1.1223918128475934,0.6342920274539605
mpp,100.0,0.5238367057291503,8.609569604147534e-06,0.782688145831594,3.6079936241371064e+18,3.607993624136994e+18,1.5357919101745596e+22,1.5357919101744843e+22,1.1223918128475925,0.6376418660188772
mpp,100.0,0.5238367057291503,8.667530750362075e-06,0.7879573409420069,3.6079936241371766e+18,3.6079936241371254e+18,1.5357919101745596e+22,1.5357919101745608e+22,1.1223918128475943,0.640933047879206
mpp,100.0,0.5238367057291503,8.724458230087965e-06,0.7931325663716332,3.6079936241372314e+18,3.607993624136965e+18,1.5357919101745596e+22,1.5357919101745172e+22,1.1223918128475932,0.6441655355172967
mpp,100.0,0.5238367057291503,8.78035239715068e-06,0.7982138542864254,3.6079936241373916e+18,3.6079936241367793e+18,1.5357919101745596e+22,1.5357919101745172e+22,1.1223918128475927,0.647339349024264
mpp,100.0,0.5238367057291503,8.835214583193402e-06,0.8032013257448547,3.6079936241377695e+18,3.607993624136427e+18,1.5357919101745596e+22,1.5357919101745281e+22,1.1223918128475925,0.650454564014208
mpp,100.0,0.5238367057291503,8.889047060107317e-06,0.8080951872824834,3.6079936241385774e+18,3.607993624135616e+18,1.5357919101745596e+22,1.5357919101745172e+22,1.1223918128475912,0.6535113094909115
mpp,100.0,0.5238367057291503,8.941853001794646e-06,0.8128957274358769,3.607993624140227e+18,3.607993624134081e+18,1.5357919101745596e+22,1.5357919101745717e+22,1.1223918128475898,0.6565097656766479
mpp,100.0,0.5238367057291503,8.99363644542737e-06,0.8176033132206699,3.6079936241436534e+18,3.607993624130643e+18,1.5357919101745596e+22,1.5357919101745608e+22,1.1223918128475847,0.6594501618123538
mpp,100.0,0.5238367057291503,9.044402252357615e-06,0.8222183865779651,3.607993624150546e+18,3.6079936241237304e+18,1.5357919101745596e+22,1.5357919101745608e+22,1.122391812847574,0.6623327739380228
mpp,100.0,0.5238367057291503,9.094156068828025e-06,0.8267414608025477,3.6079936241644923e+18,3.6079936241098004e+18,1.5357919101745596e+22,1.5357919101745608e+22,1.1223918128475532,0.6651579226617444
mpp,100.0,0.5238367057291503,9.142904286622484e-06,0.8311731169656804,3.6079936241920927e+18,3.6079936240822124e+18,1.5357919101745596e+22,1.5357919101745608e+22,1.1223918128475123,0.6679259709253588
mpp,100.0,0.5238367057291503,9.190654003789586e-06,0.8355140003445078,3.6079936242459295e+18,3.6079936240282445e+18,1.5357919101745596e+22,1.535791910174506e+22,1.122391812847431,0.6706373217742481
mpp,100.0,0.5238367057291503,9.237412985562645e-06,0.8397648168693314,3.607993624349603e+18,3.6079936239246735e+18,1.5357919101745596e+22,1.53579191017455e+22,1.1223918128472774,0.6732924161383003
mpp,100.0,0.5238367057291503,9.283189625591765e-06,0.8439263295992514,3.6079936245463997e+18,3.6079936237278797e+18,1.5357919101745596e+22,1.5357919101745608e+22,1.122391812846984,0.6758917306306093
mpp,100.0,0.5238367057291503,9.32799290759491e-06,0.8479993552359009,3.6079936249148324e+18,3.607993623359364e+18,1.5357919101745596e+22,1.5357919101745172e+22,1.1223918128464345,0.6784357753700003
mpp,100.0,0.5238367057291503,9.371832367526334e-06,0.8519847606842121,3.607993625595154e+18,3.6079936226791613e+18,1.5357919101745596e+22,1.5357919101745717e+22,1.1223918128454218,0.6809250918329877
mpp,100.0,0.5238367057291503,9.414718056352513e-06,0.8558834596684103,3.607993626834292e+18,3.607993621439891e+18,1.5357919101745596e+22,1.5357919101745172e+22,1.1223918128435741,0.683360250740316
mpp,100.0,0.5238367057291503,9.456660503517164e-06,0.8596964094106513,3.6079936290610196e+18,3.6079936192131927e+18,1.5357919101745596e+22,1.5357919101745281e+22,1.1223918128402561,0.6857418499827788
mpp,100.0,0.5238367057291503,9.497670681168985e-06,0.8634246073789986,3.6079936330091725e+18,3.607993615265341e+18,1.5357919101745596e+22,1.5357919101746699e+22,1.1223918128343757,0.6880705125905816
mpp,100.0,0.5238367057291503,9.537759969217746e-06,0.8670690881107043,3.6079936399171814e+18,3.6079936083572777e+18,1.5357919101745596e+22,1.5357919101746372e+22,1.1223918128240813,0.690346884750116
mpp,100.0,0.5238367057291503,9.576940121276638e-06,0.870630920116058,3.607993651846862e+18,3.6079935964277197e+18,1.5357919101745596e+22,1.5357919101746917e+22,1.1223918128063055,0.6925716338716389
mpp,100.0,0.5238367057291503,9.61522323154144e-06,0.8741112028674036,3.6079936721835556e+18,3.60799357609126e+18,1.5357919101745596e+22,1.5357919101747898e+22,1.122391812776003,0.6947454467110402
mpp,100.0,0.5238367057291503,9.652621702649905e-06,0.8775110638772642,3.607993706411302e+18,3.6079935418637676e+18,1.5357919101745596e+22,1.5357919101748882e+22,1.1223918127250014,0.6968690275486156
mpp,100.0,0.5238367057291503,9.689148214557948e-06,0.8808316558689044,3.607993763296012e+18,3.607993484979789e+18,1.5357919101745596e+22,1.5357919101752156e+22,1.1223918126402417,0.6989430964275779
mpp,100.0,0.5238367057291503,9.724815694462743e-06,0.8840741540420676,3.6079938566655795e+18,3.6079933916112404e+18,1.5357919101745596e+22,1.5357919101756302e+22,1.1223918125011174,0.7009683874549443
mpp,100.0,0.5238367057291503,9.759637287796798e-06,0.8872397534360725,3.6079940080511437e+18,3.6079932402273265e+18,1.5357919101745596e+22,1.5357919101763285e+22,1.1223918122755465,0.7029456471674618
mpp,100.0,0.5238367057291503,9.793626330311123e-06,0.8903296663919203,3.6079942505502945e+18,3.60799299773074e+18,1.5357919101745596e+22,1.5357919101773872e+22,1.1223918119142122,0.7048756329653725
mpp,100.0,0.5238367057291503,9.826796321260428e-06,0.8933451201145843,3.607994634400538e+18,3.607992613885026e+18,1.5357919101745596e+22,1.5357919101792312e+22,1.122391811342262,0.7067591116171513
mpp,100.0,0.5238367057291503,9.859160897697999e-06,0.8962873543361817,3.607995234909705e+18,3.607992013382531e+18,1.5357919101745596e+22,1.535791910181894e+22,1.1223918104474775,0.7085968578388284
mpp,100.0,0.5238367057291503,9.890733809883394e-06,0.8991576190803086,3.6079961635879107e+18,3.607991084715533e+18,1.5357919101745596e+22,1.5357919101862153e+22,1.1223918090637122,0.7103896529522246
mpp,100.0,0.5238367057291503,9.921528897801673e-06,0.9019571725274248,3.6079975835642204e+18,3.6079896647569797e+18,1.5357919101745596e+22,1.5357919101926754e+22,1.1223918069478933,0.7121382836273487
mpp,100.0,0.5238367057291503,9.951560068788844e-06,0.904687278980804,3.607999730655331e+18,3.6079875176951404e+18,1.5357919101745596e+22,1.535791910202595e+22,1.1223918037486522,0.7138435407153801
mpp,100.0,0.5238367057291503,9.980841276254737e-06,0.9073492069322489,3.6080029417812045e+18,3.6079843066177475e+18,1.5357919101745596e+22,1.5357919102173813e+22,1.1223917989639698,0.7155062181800658
mpp,100.0,0.5238367057291503,1.0009386499490995e-05,0.9099442272264542,3.6080076927932257e+18,3.607979555687537e+18,1.5357919101745596e+22,1.535791910239108e+22,1.122391791884822,0.7171271121369909
mpp,100.0,0.5238367057291503,1.0037209724549056e-05,0.9124736113226415,3.6080146481869097e+18,3.6079726004367293e+18,1.5357919101745596e+22,1.535791910271125e+22,1.1223917815211262,0.7187070200120226
mpp,100.0,0.5238367057291503,1.0064324926170204e-05,0.9149386296518368,3.6080247256031043e+18,3.6079625232749486e+18,1.5357919101745596e+22,1.5357919103174484e+22,1.1223917665056298,0.7202467398321855
mpp,100.0,0.5238367057291503,1.009074605074749e-05,0.9173405500679536,3.6080391784631695e+18,3.607948070877913e+18,1.5357919101745596e+22,1.535791910383829e+22,1.122391744970835,0.721747069664279
mpp,100.0,0.5238367057291503,1.0116487000297136e-05,0.9196806363906487,3.608059700515294e+18,3.6079275496825825e+18,1.5357919101745596e+22,1.5357919104782763e+22,1.1223917143932916,0.7232088072185393
mpp,100.0,0.5238367057291503,1.0141561617415305e-05,0.921960147037755,3.6080885564624927e+18,3.6078986953349043e+18,1.5357919101745596e+22,1.5357919106110264e+22,1.1223916713990834,0.7246327496364793
mpp,100.0,0.5238367057291503,1.0165983671194466e-05,0.9241803337449515,3.6081287431709025e+18,3.607858511622994e+18,1.5357919101745596e+22,1.5357919107958834e+22,1.12239161152388,0.7260196934835575
mpp,100.0,0.5238367057291503,1.0189766844072332e-05,0.9263424403702121,3.6081841861820416e+18,3.6078030742158054e+18,1.5357919101745596e+22,1.5357919110511584e+22,1.1223915289205748,0.7273704349683376
mpp,100.0,0.5238367057291503,1.0212924719585172e-05,0.9284477017804702,3.608259976340427e+18,3.6077272944742815e+18,1.5357919101745596e+22,1.535791911400139e+22,1.1223914160074797,0.728685770410139
mpp,100.0,0.5238367057291503,1.0235470770996504e-05,0.930497342817864,3.608362651261573e+18,3.6076246387428797e+18,1.5357919101745596e+22,1.535791911873041e+22,1.1223912630502966,0.7299664969766559
mpp,100.0,0.5238367057291503,1.0257418350771382e-05,0.932492577342853,3.608500526069059e+18,3.607486798894145e+18,1.5357919101745596e+22,1.5357919125084517e+22,1.122391057671613,0.7312134137114358
mpp,100.0,0.5238367057291503,1.0278780680866053e-05,0.9344346073514593,3.608684077295415e+18,3.607303310554017e+18,1.5357919101745596e+22,1.5357919133548983e+22,1.1223907842826943,0.7324273228683286
mpp,100.0,0.5238367057291503,1.029957084380237e-05,0.9363246221638519,3.6089263830464456e+18,3.6070611164031227e+18,1.5357919101745596e+22,1.535791914472967e+22,1.1223904234338664,0.733609031565899
mpp,100.0,0.5238367057291503,1.0319801774496192e-05,0.938163797681472,3.609243621462916e+18,3.6067440732609684e+18,1.5357919101745596e+22,1.5357919159380299e+22,1.1223899510817836,0.7347593537692494
mpp,100.0,0.5238367057291503,1.03394862528089e-05,0.9399532957099002,3.6096556281761034e+18,3.60633240334573e+18,1.5357919101745596e+22,1.5357919178427122e+22,1.1223893377745038,0.735879112599738
mpp,100.0,0.5238367057291503,1.0358636896791337e-05,0.941694263344667,3.6101865118653307e+18,3.6058020921790316e+18,1.5357919101745596e+22,1.535791920300165e+22,1.1223885477585598,0.7369691429646954
mpp,100.0,0.5238367057291503,1.0377266156589495e-05,0.9433878324172269,3.610865325214565e+18,3.605124238064505e+18,1.5357919101745596e+22,1.5357919234474925e+22,1.1223875380160624,0.738030294489607
mpp,100.0,0.5238367057291503,1.0395386308981809e-05,0.9450351189983464,3.611726786585543e+18,3.604264360912058e+18,1.5357919101745596e+22,1.5357919274497674e+22,1.1223862572443999,0.7390634347244953
mpp,100.0,0.5238367057291503,1.0413009452518051e-05,0.9466372229561866,3.6128120456382566e+18,3.603181681372768e+18,1.5357919101745596e+22,1.535791932504527e+22,1.1223846447961985,0.7400694525846956
mpp,100.0,0.5238367057291503,1.0430147503230494e-05,0.9481952275664085,3.6141694840184407e+18,3.6018283847527025e+18,1.5357919101745596e+22,1.535791938846782e+22,1.1223826296028858,0.7410492619742
mpp,100.0,0.5238367057291503,1.044681219088843e-05,0.9497101991716755,3.6158555401871155e+18,3.600148887917393e+18,1.5357919101745596e+22,1.535791946754844e+22,1.1223801291113322,0.742003805527648
mpp,100.0,0.5238367057291503,1.0463015055767816e-05,0.9511831868879833,3.6179355455854356e+18,3.598079131299481e+18,1.5357919101745596e+22,1.535791956556796e+22,1.122377048269514,0.7429340583952989
mpp,100.0,0.5238367057291503,1.0478767445908384e-05,0.9526152223553077,3.6204845577168614e+18,3.5955459220549663e+18,1.5357919101745596e+22,1.5357919686382513e+22,1.1223732786038152,0.743841031984419
mpp,100.0,0.5238367057291503,1.0494080514831359e-05,0.9540073195301236,3.6235881744853125e+18,3.592466358229747e+18,1.5357919101745596e+22,1.5357919834510622e+22,1.122368697437148,0.7447257775609283
mpp,100.0,0.5238367057291503,1.0508965219691605e-05,0.9553604745174187,3.6273433133502566e+18,3.588747367307938e+18,1.5357919101745596e+22,1.5357920015241231e+22,1.12236316730332,0.7455893896073554
mpp,100.0,0.5238367057291503,1.052343231983881e-05,0.9566756654398918,3.63185893863036e+18,3.5842853954781665e+18,1.5357919101745596e+22,1.5357920234753193e+22,1.1223565356185499,0.7464330088276004
mpp,100.0,0.5238367057291503,1.0537492375763123e-05,0.9579538523421021,3.637256720678153e+18,3.5789662861084196e+18,1.5357919101745596e+22,1.5357920500272956e+22,1.122348634675392,0.7472578246861152
mpp,100.0,0.5238367057291503,1.055115574840148e-05,0.9591959771274073,3.643671611701854e+18,3.5726653869240013e+18,1.5357919101745596e+22,1.5357920820248514e+22,1.1223392820268532,0.7480650773692334
mpp,100.0,0.5238367057291503,1.0564432598781674e-05,0.9604029635256067,3.651252324756089e+18,3.5652479249218836e+18,1.5357919101745596e+22,1.5357921204571143e+22,1.122328281328879,0.748856059059786
mpp,100.0,0.5238367057291503,1.0577332887982049e-05,0.9615757170892771,3.6601617048521503e+18,3.5565696857263176e+18,1.5357919101745596e+22,1.535792166483926e+22,1.1223154237067015,0.7496321144230347
mpp,100.0,0.5238367057291503,1.0589866377385603e-05,0.9627151252168731,3.6705769842153646e+18,3.546478029575612e+18,1.5357919101745596e+22,1.5357922214678064e+22,1.1223004897044264,0.7503946402124337
mpp,100.0,0.5238367057291503,1.0602042629208068e-05,0.9638220572007334,3.6826899173643156e+18,3.5348132691193016e+18,1.5357919101745596e+22,1.5357922870123097e+22,1.122283251867035,0.7511450839177604
mpp,100.0,0.5238367057291503,1.0613871007280374e-05,0.9648973642982158,3.696706795799646e+18,3.521410424502362e+18,1.5357919101745596e+22,1.5357923650082722e+22,1.1222634779892868,0.7518849413956401
mpp,100.0,0.5238367057291503,1.0625360678066804e-05,0.965941879824255,3.712848346502891e+18,3.506101358782884e+18,1.5357919101745596e+22,1.535792457688331e+22,1.1222409350467513,0.7526157534431323
mpp,100.0,0.5238367057291503,1.0636520611900908e-05,0.9669564192637189,3.731349522974449e+18,3.488717281747565e+18,1.5357919101745596e+22,1.5357925676924967e+22,1.1222153938005084,0.7533391012984596
mpp,100.0,0.5238367057291503,1.0647359584422066e-05,0.9679417804020061,3.7524592019474386e+18,3.469091593058781e+18,1.5357919101745596e+22,1.5357926981443024e+22,1.1221866340394249,0.7540566010786043
mpp,100.0,0.5238367057291503,1.0657886178196438e-05,0.9688987434724035,3.7764398029476977e+18,3.447063017130041e+18,1.5357919101745596e+22,1.5357928527410816e+22,1.1221544503935283,0.7547698971906708
mpp,100.0,0.5238367057291503,1.0668108784506744e-05,0.969828071318795,3.8035668512618593e+18,3.4224789631289093e+18,1.5357919101745596e+22,1.5357930358592971e+22,1.1221186586200995,0.7554806547817972
mpp,100.0,0.5238367057291503,1.0678035605296172e-05,0.9707305095723793,3.834128507375014e+18,3.395199025292794e+18,1.5357919101745596e+22,1.5357932526778525e+22,1.1220791022326397,0.7561905513200463
mpp,100.0,0.5238367057291503,1.0687674655252362e-05,0.9716067868411238,3.8684250873328655e+18,3.3650985226737853e+18,1.5357919101745596e+22,1.5357935093236659e+22,1.1220356593139413,0.756901267425083
mpp,100.0,0.5238367057291503,1.0697033764018233e-05,0.9724576149107484,3.906768598625848e+18,3.3320719649075963e+18,1.5357919101745596e+22,1.5357938130466432e+22,1.1219882493301974,0.7576144770914809
mpp,100.0,0.5238367057291503,1.0706120578517071e-05,0.9732836889560974,3.9494823150275743e+18,3.296036322926115e+18,1.5357919101745596e+22,1.5357941724337616e+22,1.1219368397455711,0.758331837468124
mpp,100.0,0.5238367057291503,1.0714942565379982e-05,0.9740856877618166,3.996900411402708e+18,3.256933981746922e+18,1.5357919101745596e+22,1.5357945976817988e+22,1.1218814522276659,0.7590549783734019
mpp,100.0,0.5238367057291503,1.0723507013464508e-05,0.9748642739513189,4.049367675982562e+18,3.2147352572197504e+18,1.5357919101745596e+22,1.5357951009605712e+22,1.1218221682351266,0.7597854917368931
mpp,100.0,0.5238367057291503,1.0731821036453796e-05,0.9756200942230724,4.1072393132592584e+18,3.1694403700406876e+18,1.5357919101745596e+22,1.5357956969185296e+22,1.1217591337896675,0.7605249211633899
mpp,100.0,0.5238367057291503,1.0739891575526403e-05,0.9763537795933094,4.1708808457942134e+18,3.121080788104054e+18,1.5357919101745596e+22,1.5357964034197456e+22,1.1216925632562127,0.7612747518140475
mpp,100.0,0.5238367057291503,1.07477254020873e-05,0.9770659456442999,4.2406681182682737e+18,3.069719871434248e+18,1.5357919101745596e+22,1.5357972426590131e+22,1.1216227419856162,0.7620364007921188
mpp,100.0,0.5238367057291503,1.0755329120551326e-05,0.9777571927773933,4.3169874024101663e+18,3.01545278117693e+18,1.5357919101745596e+22,1.5357982428876117e+22,1.1215500277131354,0.7628112082074194
mpp,100.0,0.5238367057291503,1.0762709171170821e-05,0.9784281064700746,4.400235597423193e+18,2.958405643779782e+18,1.5357919101745596e+22,1.5357994411276194e+22,1.1214748506509642,0.7636004290749188
mpp,100.0,0.5238367057291503,1.0769871832899693e-05,0.9790792575363358,4.490820517547369e+18,2.8987339916938895e+18,1.5357919101745596e+22,1.5358008874704614e+22,1.1213977122624954,0.7644052261795344
mpp,100.0,0.5238367057291503,1.077682322628674e-05,0.9797112023897037,4.589161256789734e+18,2.8366205308271606e+18,1.5357919101745596e+22,1.535802651886817e+22,1.121319182757839,0.765226664012372
mpp,100.0,0.5238367057291503,1.07835693163914e-05,0.9803244833083091,4.695688620940787e+18,2.772272310933254e+18,1.5357919101745596e+22,1.5358048349876786e+22,1.1212398974033542,0.7660657038545026
mpp,100.0,0.5238367057291503,1.0790115915715747e-05,0.9809196287014316,4.810845619108547e+18,2.7059173967166853e+18,1.5357919101745596e+22,1.5358075849434961e+22,1.1211605517917673,0.76692320005421
mpp,100.0,0.5238367057291503,1.0796468687146801e-05,0.981497153376982,4.935088011509541e+18,2.637801153757966e+18,1.5357919101745596e+22,1.5358111239272873e+22,1.1210818962747213,0.7677998975136985
mpp,100.0,0.5238367057291503,1.0802633146903754e-05,0.9820575588094322,5.068884917642117e+18,2.568182273941834e+18,1.5357919101745596e+22,1.5358157891863793e+22,1.12100472981861,0.7686964303727534
mpp,100.0,0.5238367057291503,1.0808614667485075e-05,0.982601333407734,5.212719499885784e+18,2.497328670008435e+18,1.5357919101745596e+22,1.5358220964808352e+22,1.1209298936123437,0.769613321850809
mpp,100.0,0.5238367057291503,1.0814418480610833e-05,0.9831289527828031,5.367089752966728e+18,2.4255133687498296e+18,1.5357919101745596e+22,1.5358308376235318e+22,1.120858264840645,0.7705509851861638
mpp,100.0,0.5238367057291503,1.0820049680155946e-05,0.9836408800141769,5.532509451034566e+18,2.353010528206322e+18,1.5357919101745596e+22,1.5358432298605906e+22,1.1207907511502948,0.7715097255923359
mpp,100.0,0.5238367057291503,1.0825513225070368e-05,0.9841375659154881,5.709509333238775e+18,2.2800916935972874e+18,1.5357919101745596e+22,1.5358611412199905e+22,1.1207282864497161,0.7724897431371854
mpp,100.0,0.5238367057291503,1.0830813942282604e-05,0.9846194492984186,5.898638644444782e+18,2.2070223465758423e+18,1.5357919101745596e+22,1.5358873910112862e+22,1.1206718282166659,0.773491136440713
mpp,100.0,0.5238367057291503,1.0835956529583215e-05,0.9850869572348377,6.100467143434032e+18,2.134058345262793e+18,1.5357919101745596e+22,1.5359257945785271e+22,1.120622350489517,0.7745139070830547
mpp,100.0,0.5238367057291503,1.084094555848522e-05,0.9855405053168382,6.315587243778897e+18,2.0614391002520927e+18,1.5357919101745596e+22,1.5359783735684474e+22,1.1205807862013684,0.7755579646197317
mpp,100.0,0.5238367057291503,1.0845785477058698e-05,0.9859804979144271,6.54461272361008e+18,1.989362309115483e+18,1.5357919101745596e+22,1.53602643716414e+22,1.1205476807263346,0.7766231321410944
mpp,100.0,0.5238367057291503,1.0850480612736976e-05,0.9864073284306342,6.788154818824851e+18,1.917888401703224e+18,1.5357919101745596e+22,1.5359459190857064e+22,1.120521673394624,0.7777091524715786
mpp,100.0,0.5238367057291503,1.0855035175092196e-05,0.986821379553836,7.046438830015297e+18,1.8475172738943373e+18,1.5357919101745596e+22,1.5358862295452046e+22,1.1205063286252306,0.7788156955476898
mpp,100.0,0.5238367057291503,1.0859453258578164e-05,0.9872230235071058,7.319890405348724e+18,1.7785028371774031e+18,1.5357919101745596e+22,1.5358895796291121e+22,1.1205031533600258,0.7799423566843415
mpp,100.0,0.5238367057291503,1.0863738845238655e-05,0.9876126222944233,7.609129326728076e+18,1.710915450916218e+18,1.5357919101745596e+22,1.5359050441057276e+22,1.1205119306270102,0.781088660826613
mpp,100.0,0.5238367057291503,1.0867895807379541e-05,0.9879905279435948,7.914789365307363e+18,1.644860671542177e+18,1.5357919101745596e+22,1.5359226012796275e+22,1.1205331456925538,0.782254070476638
mpp,100.0,0.5238367057291503,1.0871927910203254e-05,0.9883570827457504,8.237507076630623e+18,1.5804386243371894e+18,1.5357919101745596e+22,1.5359401329948482e+22,1.1205673858351848,0.7834379927043642
mpp,100.0,0.5238367057291503,1.0875838814404348e-05,0.9887126194913044,8.577918269242276e+18,1.5177363141677668e+18,1.5357919101745596e+22,1.5359570870204635e+22,1.1206152225214057,0.7846397856212328
mpp,100.0,0.5238367057291503,1.087963207872503e-05,0.9890574617022755,8.936655715587326e+18,1.456826288423707e+18,1.5357919101745596e+22,1.535973240546016e+22,1.1206771861339315,0.7858587643923431
mpp,100.0,0.5238367057291503,1.088331116246969e-05,0.9893919238608808,9.314346930386555e+18,1.3977666969495306e+18,1.5357919101745596e+22,1.5359884556986814e+22,1.1207537591749104,0.7870942068101111
mpp,100.0,0.5238367057291503,1.0886879427977617e-05,0.9897163116343288,9.71161180168193e+18,1.3406017824425475e+18,1.5357919101745596e+22,1.5360026305840206e+22,1.1208453735998656,0.7883453584443297
mpp,100.0,0.5238367057291503,1.0890340143053247e-05,0.9900309220957497,1.0129060039517719e+19,1.285362583121709e+18,1.5357919101745596e+22,1.5360156890048418e+22,1.120952409426714,0.7896114373836612
mpp,100.0,0.5238367057291503,1.0893696483353328e-05,0.9903360439412118,1.0567288443224695e+19,1.2320677737107935e+18,1.5357919101745596e+22,1.5360275775739539e+22,1.1210751940077912,0.7908916385852365
mpp,100.0,0.5238367057291503,1.0896951534730626e-05,0.9906319577027842,1.1026877997522067e+19,1.1807246011911657e+18,1.5357919101745596e+22,1.5360382639701622e+22,1.121214001797014,0.7921851378508988
mpp,100.0,0.5238367057291503,1.0900108295533774e-05,0.9909189359576158,1.1508390811926217e+19,1.1313298807839917e+18,1.5357919101745596e+22,1.5360477351533406e+22,1.121369054534072,0.7934910954503382
mpp,100.0,0.5238367057291503,1.0903169678863081e-05,0.9911972435330074,1.2012366921309975e+19,1.0838710227235569e+18,1.5357919101745596e+22,1.5360559953865666e+22,1.1215405217872996,0.7948086594127703
mpp,100.0,0.5238367057291503,1.090613851478213e-05,0.9914671377074664,1.2539320968616122e+19,1.0383270648083164e+18,1.5357919101745596e+22,1.5360630641183565e+22,1.1217285218033226,0.7961369685098848
mpp,100.0,0.5238367057291503,1.0909017552485099e-05,0.9917288684077362,1.3089738793750753e+19,9.946696899495277e+17,1.5357919101745596e+22,1.536068973807132e+22,1.1219331226158986,0.7974751549534514
mpp,100.0,0.5238367057291503,1.0911809462419846e-05,0.9919826784018042,1.366407395556597e+19,9.528642119626675e+17,1.5357919101745596e+22,1.5360737677668457e+22,1.1221543433707006,0.7988223468312806
mpp,100.0,0.5238367057291503,1.0914516838366856e-05,0.992228803487896,1.4262744216472138e+19,9.128705165782263e+17,1.5357919101745596e+22,1.5360774980933022e+22,1.1223921558272563,0.8001776703051449
mpp,100.0,0.5238367057291503,1.091714219947416e-05,0.9924674726794691,1.4886128021591343e+19,8.746439480211743e+17,1.5357919101745596e+22,1.536080223718964e+22,1.1226464860038161,0.8015402515938472
mpp,100.0,0.5238367057291503,1.0919687992248514e-05,0.9926989083862285,1.55345610063938e+19,8.381361344788389e+17,1.5357919101745596e+22,1.5360820086276106e+22,1.1229172159354055,0.8029092187639216
mpp,100.0,0.5238367057291503,1.0922156592503055e-05,0.9929233265911869,1.6208332568384459e+19,8.032957483341626e+17,1.5357919101745596e+22,1.5360829202485314e+22,1.1232041855195354,0.8042837033494437
mpp,100.0,0.5238367057291503,1.0924550307261798e-05,0.9931409370237998,1.690768253961927e+19,7.700691991886403e+17,1.5357919101745596e+22,1.5360830280392004e+22,1.1235071944280037,0.8056628418212592
mpp,100.0,0.5238367057291503,1.0926871376621309e-05,0.9933519433292098,1.763279799754443e+19,7.384012594600422e+17,1.5357919101745596e+22,1.5360824022571195e+22,1.1238260040667556,0.807045776924561
mpp,100.0,0.5238367057291503,1.0929121975570008e-05,0.9935565432336372,1.8383810251869213e+19,7.082356237441299e+17,1.5357919101745596e+22,1.5360811129156135e+22,1.1241603395689532,0.8084316589022654
mpp,100.0,0.5238367057291503,1.0931304215765523e-05,0.9937549287059567,1.9160792044838932e+19,6.795154042145036e+17,1.5357919101745596e+22,1.5360792289130054e+22,1.1245098918091168,0.8098196466200567
mpp,100.0,0.5238367057291503,1.0933420147270573e-05,0.9939472861155068,1.996375500138739e+19,6.521835651402168e+17,1.5357919101745596e+22,1.5360768173223824e+22,1.1248743194285515,0.8112089086073516
mpp,100.0,0.5238367057291503,1.0935471760247933e-05,0.9941337963861758,2.0792647364175237e+19,6.261833001668273e+17,1.5357919101745596e+22,1.5360739428265737e+22,1.1252532508642095,0.8125986240268003
mpp,100.0,0.5238367057291503,1.0937460986614977e-05,0.9943146351468162,2.1647352046471254e+19,6.014583563718746e+17,1.5357919101745596e+22,1.5360706672831375e+22,1.1256462863747188,0.8139879835832994
mpp,100.0,0.5238367057291503,1.0939389701658392e-05,0.9944899728780356,2.2527685033231147e+19,5.77953309305157e+17,1.5357919101745596e+22,1.5360670494026644e+22,1.1260530000585671,0.8153761903819248
mpp,100.0,0.5238367057291503,1.094125972560964e-05,0.9946599750554219,2.343339415758381e+19,5.5561379329106886e+17,1.5357919101745596e+22,1.5360631445259171e+22,1.1264729418603927,0.8167624607426569
mpp,100.0,0.5238367057291503,1.0943072825181768e-05,0.9948248022892516,2.436415827626222e+19,5.3438669123282746e+17,1.5357919101745596e+22,1.5360590044842917e+22,1.1269056395620392,0.8181460249783016
mpp,100.0,0.5238367057291503,1.0944830715068192e-05,0.9949846104607447,2.531958686344275e+19,5.142202880401646e+17,1.5357919101745596e+22,1.5360546775311556e+22,1.1273506007555394,0.8195261281406961
mpp,100.0,0.5238367057291503,1.0946535059404077e-05,0.9951395508549161,2.6299220037892846e+19,4.950643916269762e+17,1.5357919101745596e+22,1.5360502083311976e+22,1.1278073147954835,0.8209020307389562
mpp,100.0,0.5238367057291503,1.0948187473190986e-05,0.9952897702900896,2.7302529033555026e+19,4.7687042520637485e+17,1.5357919101745596e+22,1.5360456379971582e+22,1.1282752547284165,0.8222730094324611
mpp,100.0,0.5238367057291503,1.0949789523685387e-05,0.9954354112441262,2.8328917118531068e+19,4.595914943680588e+17,1.5357919101745596e+22,1.5360410041646198e+22,1.1287538791969374,0.8236383577001346
mpp,100.0,0.5238367057291503,1.0951342731751775e-05,0.9955766119774341,2.9377720962258997e+19,4.4318243216162925e+17,1.5357919101745596e+22,1.536036341096095e+22,1.1292426343161588,0.8249973864867706
mpp,100.0,0.5238367057291503,1.0952848573180955e-05,0.9957135066528141,3.0448212445272424e+19,4.2759982514557606e+17,1.5357919101745596e+22,1.5360316798077575e+22,1.1297409555200617,0.8263494248262423
mpp,100.0,0.5238367057291503,1.0954308479974282e-05,0.9958462254522075,3.1539600900718174e+19,4.1280202309582234e+17,1.5357919101745596e+22,1.5360270482125076e+22,1.130248269375173,0.8276938204408709
mpp,100.0,0.5238367057291503,1.0955723841594418e-05,0.9959748946904017,3.2651035771547513e+19,3.987491348110627e+17,1.5357919101745596e+22,1.5360224712741834e+22,1.1307639953588051,0.8290299403155486
mpp,100.0,0.5238367057291503,1.0957096006183349e-05,0.996099636925759,3.378160966240573e+19,3.8540301220363866e+17,1.5357919101745596e+22,1.5360179711690853e+22,1.1312875475989685,0.8303571712448536
mpp,100.0,0.5238367057291503,1.0958426281748313e-05,0.9962205710680284,3.493036176057042e+19,3.7272722463060314e+17,1.5357919101745596e+22,1.5360135674511009e+22,1.1318183365729149,0.8316749203510233
mpp,100.0,0.5238367057291503,1.09597159373163e-05,0.9963378124833001,3.6096281595989668e+19,3.60687025200423e+17,1.5357919101745596e+22,1.5360092772175614e+22,1.1323557707611336,0.8329826155703729
mpp,100.0,0.5238367057291503,1.0960966204057819e-05,0.9964514730961654,3.727831310674514e+19,3.4924931058636736e+17,1.5357919101745596e+22,1.5360051152738589e+22,1.1328992582535733,0.8342797061056831
mpp,100.0,0.5238367057291503,1.0962178276380554e-05,0.9965616614891413,3.847535897293513e+19,3.383825756908865e+17,1.5357919101745596e+22,1.5360010942949943e+22,1.1334482083047737,0.8355656628419477
mpp,100.0,0.5238367057291503,1.0963353312993623e-05,0.9966684829994202,3.968628517932541e+19,3.2805686433370266e+17,1.5357919101745596e+22,1.5359972249826478e+22,1.1340020328346379,0.8368399787229641
mpp,100.0,0.5238367057291503,1.0964492437943059e-05,0.9967720398130053,4.090992576503973e+19,3.182437169811709e+17,1.5357919101745596e+22,1.5359935162168298e+22,1.1345601478715865,0.8381021690863002
mpp,100.0,0.5238367057291503,1.0965596741619176e-05,0.9968724310562888,4.214508771713772e+19,3.089161163943437e+17,1.5357919101745596e+22,1.5359899752014708e+22,1.1351219749349577,0.8393517719543648
mpp,100.0,0.5238367057291503,1.0966667281736461e-05,0.9969697528851329,4.339055596416437e+19,3.0004843194748346e+17,1.5357919101745596e+22,1.5359866076033943e+22,1.1356869423536593,0.8405883482795122
mpp,100.0,0.5238367057291503,1.0967705084286636e-05,0.9970640985715125,4.464509842565661e+19,2.916163632564053e+17,1.5357919101745596e+22,1.5359834176845282e+22,1.1362544865182733,0.8418114821413897
mpp,100.0,0.5238367057291503,1.0968711144465507e-05,0.9971555585877734,4.590747107406713e+19,2.8359688365668944e+17,1.5357919101745596e+22,1.535980408426899e+22,1.1368240530640488,0.8430207808950131
mpp,100.0,0.5238367057291503,1.0969686427574233e-05,0.9972442206885668,4.717642296672576e+19,2.7596818398335594e+17,1.5357919101745596e+22,1.5359775816507361e+22,1.1373950979825052,0.8442158752684231
mpp,100.0,0.5238367057291503,1.0970631869895642e-05,0.9973301699905128,4.845070120710194e+19,2.6870961702630342e+17,1.5357919101745596e+22,1.5359749381256416e+22,1.1379670886596807,0.8453964194090964
mpp,100.0,0.5238367057291503,1.0971548379546137e-05,0.9974134890496489,4.972905579679779e+19,2.6180164296784502e+17,1.5357919101745596e+22,1.5359724776748164e+22,1.138539504839392,0.8465620908786462
mpp,100.0,0.5238367057291503,1.0972436837303892e-05,0.9974942579367174,5.101024434236158e+19,2.552257760492413e+17,1.5357919101745596e+22,1.5359701992727344e+22,1.1391118395102555,0.8477125905957521
mpp,100.0,0.5238367057291503,1.0973298097413808e-05,0.9975725543103462,5.229303658396331e+19,2.4896453266194832e+17,1.5357919101745596e+22,1.5359681011363116e+22,1.139683599715591,0.848847642727588
mpp,100.0,0.5238367057291503,1.0974132988369913e-05,0.9976484534881739,5.357621871632755e+19,2.4300138101460694e+17,1.5357919101745596e+22,1.5359661808100896e+22,1.1402543072857354,0.8499669945304056
mpp,100.0,0.5238367057291503,1.0974942313675674e-05,0.9977220285159705,5.485859747576985e+19,2.3732069248893443e+17,1.5357919101745596e+22,1.5359644352452531e+22,1.1408234994926667,0.8510704161402306
mpp,100.0,0.5238367057291503,1.0975726852582875e-05,0.9977933502348069,5.613900397102162e+19,2.3190769476447178e+17,1.5357919101745596e+22,1.5359628608733526e+22,1.1413907296272858,0.8521577003150487
mpp,100.0,0.5238367057291503,1.0976487360809517e-05,0.9978624873463197,5.741629723916002e+19,2.2674842676494483e+17,1.5357919101745596e+22,1.5359614536741957e+22,1.1419555675000408,0.853228662130054
mpp,100.0,0.5238367057291503,1.0977224571237352e-05,0.997929506476123,5.868936751191581e+19,2.2182969545505885e+17,1.5357919101745596e+22,1.5359602092392655e+22,1.1425175998660053,0.8542831386279162
mpp,100.0,0.5238367057291503,1.097793919458954e-05,0.9979944722354128,5.995713918127491e+19,2.1713903449722006e+17,1.5357919101745596e+22,1.535959122829756e+22,1.1430764307758505,0.8553209884261931
mpp,100.0,0.5238367057291503,1.097863192008893e-05,0.9980574472808119,6.121857345705078e+19,2.126646647610885e+17,1.5357919101745596e+22,1.5359581894304711e+22,1.1436316818545165,0.8563420912842997
mpp,100.0,0.5238367057291503,1.0979303416097527e-05,0.9981184923725025,6.247267071260462e+19,2.0839545666537757e+17,1.5357919101745596e+22,1.5359574037991495e+22,1.1441829925097085,0.8573463476326294
mpp,100.0,0.5238367057291503,1.0979954330737578e-05,0.998177666430689,6.371847251815427e+19,2.0432089432062234e+17,1.5357919101745596e+22,1.5359567605118949e+22,1.1447300200726078,0.8583336780665333
mpp,100.0,0.5238367057291503,1.0980585292494814e-05,0.9982350265904376,6.495506336430227e+19,2.004310414324425e+17,1.5357919101745596e+22,1.5359562540047183e+22,1.1452724398734908,0.8593040228080749
mpp,100.0,0.5238367057291503,1.0981196910804284e-05,0.9982906282549349,6.6181572081150616e+19,1.9671650891824067e+17,1.5357919101745596e+22,1.5359558786115569e+22,1.1458099452551462,0.860257341138504
mpp,100.0,0.5238367057291503,1.0981789776619278e-05,0.9983445251472072,6.739717296098871e+19,1.9316842418466483e+17,1.5357919101745596e+22,1.5359556285986473e+22,1.1463422475272003,0.8611936108045123
mpp,100.0,0.5238367057291503,1.0982364462963772e-05,0.9983967693603429,6.860108659473408e+19,1.8977840200949072e+17,1.5357919101745596e+22,1.5359554981961811e+22,1.1468690758646118,0.8621128274013203
mpp,100.0,0.5238367057291503,1.0982921525468846e-05,0.9984474114062588,6.979258043431267e+19,1.8653851696842595e+17,1.5357919101745596e+22,1.5359554816265226e+22,1.1473901771537547,0.8630150037357283
mpp,100.0,0.5238367057291503,1.0983461502893518e-05,0.9984965002630471,7.0970969094715695e+19,1.8344127734592288e+17,1.5357919101745596e+22,1.5359555731298087e+22,1.1479053157895667,0.8639001691721462
mpp,100.0,0.5238367057291503,1.0983984917630406e-05,0.998544083420946,7.213561441092816e+19,1.8047960046770208e+17,1.5357919101745596e+22,1.5359557669869165e+22,1.1484142734273681,0.8647683689646878
mpp,100.0,0.5238367057291503,1.0984492276196647e-05,0.9985902069269679,7.3285925265858994e+19,1.7764678939266954e+17,1.5357919101745596e+22,1.5359560575400003e+22,1.1489168486929418,0.8656196635782656
mpp,100.0,0.5238367057291503,1.0984984069710465e-05,0.9986349154282241,7.442135720622929e+19,1.7493651090203258e+17,1.5357919101745596e+22,1.535956439210538e+22,1.1494128568545074,0.8664541280015827
mpp,100.0,0.5238367057291503,1.0985460774353792e-05,0.9986782522139812,7.554141186385533e+19,1.723427747242188e+17,1.5357919101745596e+22,1.535956906515339e+22,1.1499021294601908,0.8672718510547948
mpp,100.0,0.5238367057291503,1.0985922851821332e-05,0.9987202592564848,7.664563620008164e+19,1.6985991393515875e+17,1.5357919101745596e+22,1.5359574540804547e+22,1.1503845139445725,0.8680729346945498
mpp,100.0,0.5238367057291503,1.0986370749756428e-05,0.9987609772505843,7.773362159104478e+19,1.6748256647513126e+17,1.5357919101745596e+22,1.535958076652877e+22,1.1508598732077973,0.8688574933189035
mpp,100.0,0.5238367057291503,1.0986804902174117e-05,0.9988004456521924,7.880500277141958e+19,1.652056577248086e+17,1.5357919101745596e+22,1.5359587691106511e+22,1.1513280851706713,0.8696256530745374
mpp,100.0,0.5238367057291503,1.098722572987174e-05,0.9988387027156127,7.985945665391537e+19,1.630243840849318e+17,1.5357919101745596e+22,1.5359595264706016e+22,1.1517890423090835,0.870377551168568
mpp,100.0,0.5238367057291503,1.0987633640827416e-05,0.9988757855297651,8.089670104122815e+19,1.6093419750629005e+17,1.5357919101745596e+22,1.5359603438943426e+22,1.1522426511709043,0.8711133351869775
mpp,100.0,0.5238367057291503,1.0988029030586768e-05,0.9989117300533426,8.191649324670683e+19,1.5893079091821133e+17,1.5357919101745596e+22,1.5359612166915844e+22,1.1526888318784763,0.8718331624217049
mpp,100.0,0.5238367057291503,1.0988412282638214e-05,0.9989465711489285,8.291862863914528e+19,1.570100845062714e+17,1.5357919101745596e+22,1.5359621403210259e+22,1.1531275176195948,0.8725371992081407
mpp,100.0,0.5238367057291503,1.0988783768777126e-05,0.9989803426161024,8.390293912629332e+19,1.5516821279191514e+17,1.5357919101745596e+22,1.5359631103875931e+22,1.1535586541297291,0.873225620274636
mpp,100.0,0.5238367057291503,1.098914384945923e-05,0.9990130772235664,8.486929159097218e+19,1.5340151246855133e+17,1.5357919101745596e+22,1.5359641226353438e+22,1.1539821991681385,0.8738986081055767
mpp,100.0,0.5238367057291503,1.0989492874143477e-05,0.9990448067403161,8.581758629251603e+19,1.5170651095121178e+17,1.5357919101745596e+22,1.5359651729343485e+22,1.1543981219902562,0.8745563523192357
mpp,100.0,0.5238367057291503,1.0989831181624756e-05,0.9990755619658869,8.674775524556186e+19,1.500799155984181e+17,1.5357919101745596e+22,1.5359662572595615e+22,1.1548064028186553,0.8751990490616489
mpp,100.0,0.5238367057291503,1.0990159100356695e-05,0.9991053727596996,8.765976058709777e+19,1.4851860356717718e+17,1.5357919101745596e+22,1.5359673716583726e+22,1.1552070323146597,0.8758269004174971
mpp,100.0,0.5238367057291503,1.099047694876486e-05,0.9991342680695328,8.855359294171254e+19,1.4701961226391885e+17,1.5357919101745596e+22,1.535968512202991e+22,1.1556000110524902,0.8764401138388391
mpp,100.0,0.5238367057291503,1.0990785035550604e-05,0.9991622759591459,8.9429269794159e+19,1.455801303558552e+17,1.5357919101745596e+22,1.5359696749223217e+22,1.1559853489976804,0.8770389015924598
mpp,100.0,0.5238367057291503,1.0991083659985862e-05,0.9991894236350785,9.028683387726547e+19,1.4419748930911504e+17,1.5357919101745596e+22,1.5359708557056166e+22,1.1563630649912924,0.8776234802264173
mpp,100.0,0.5238367057291503,1.0991373112199139e-05,0.9992157374726489,9.112635158243711e+19,1.4286915542163837e+17,1.5357919101745596e+22,1.5359720501695348e+22,1.1567331862412658,0.8781940700562586
mpp,100.0,0.5238367057291503,1.0991653673452932e-05,0.9992412430411757,9.194791139902556e+19,1.4159272232032264e+17,1.5357919101745596e+22,1.535973253475946e+22,1.1570957478220694,0.87875089467126
mpp,100.0,0.5238367057291503,1.0991925616412885e-05,0.9992659651284441,9.275162238812145e+19,1.4036590389340074e+17,1.5357919101745596e+22,1.5359744600874611e+22,1.1574507921836237,0.8792941804609439
mpp,100.0,0.5238367057291503,1.0992189205408847e-05,0.9992899277644407,9.353761269544352e+19,1.39186527630383e+17,1.5357919101745596e+22,1.5359756634420784e+22,1.157798368670281,0.8798241561620097
mpp,100.0,0.5238367057291503,1.0992444696688121e-05,0.9993131542443747,9.430602810727884e+19,1.3805252834322802e+17,1.5357919101745596e+22,1.5359768555270514e+22,1.158138533050458,0.8803410524257059
mpp,100.0,0.5238367057291503,1.099269233866112e-05,0.999335667151011,9.505703065284901e+19,1.3696194224345155e+17,1.5357919101745596e+22,1.53597802632752e+22,1.1584713470573778,0.8808451014056528
mpp,100.0,0.5238367057291503,1.0992932372139636e-05,0.9993574883763305,9.579079725565682e+19,1.3591290135124782e+17,1.5357919101745596e+22,1.5359791631224768e+22,1.1587968779411486,0.8813365363659393
mpp,100.0,0.5238367057291503,1.0993165030567958e-05,0.9993786391425417,9.650751843595477e+19,1.3490362821358437e+17,1.5357919101745596e+22,1.5359802495972703e+22,1.159115198032309,0.8818155913093454
mpp,100.0,0.5238367057291503,1.0993390540247038e-05,0.999399140022458,9.720739706581914e+19,1.3393243090945578e+17,1.5357919101745596e+22,1.5359812647392849e+22,1.1594263843167745,0.8822825006253976
mpp,100.0,0.5238367057291503,1.0993609120551912e-05,0.9994190109592647,9.78906471779322e+19,1.329976983213841e+17,1.5357919101745596e+22,1.5359821814810496e+22,1.1597305180220414,0.8827374987579827
mpp,100.0,0.5238367057291503,1.0993820984142568e-05,0.9994382712856881,9.855749282860633e+19,1.3209789565351789e+17,1.5357919101745596e+22,1.5359829650540172e+22,1.160027684214345,0.8831808198921071
mpp,100.0,0.5238367057291503,1.0994026337168478e-05,0.999456939742589,9.920816701536112e+19,1.3123156017762275e+17,1.5357919101745596e+22,1.535983571017379e+22,1.1603179714064438,0.8836126976594308
mpp,100.0,0.5238367057291503,1.0994225379466936e-05,0.9994750344969942,9.984291064884196e+19,1.3039729718958194e+17,1.5357919101745596e+22,1.535983942926577e+22,1.1606014711755965,0.8840333648620894
mpp,100.0,0.5238367057291503,1.0994418304755431e-05,0.9994925731595847,1.0046197157871023e+20,1.2959377616014842e+17,1.5357919101745596e+22,1.5359840096110915e+22,1.160878277791338,0.8844430532143529
mpp,100.0,0.5238367057291503,1.0994605300818213e-05,0.9995095728016559,1.0106560367275169e+20,1.2881972706520896e+17,1.5357919101745596e+22,1.5359836820365656e+22,1.1611484878526126,0.8848419931015745
mpp,100.0,0.5238367057291503,1.0994786549687217e-05,0.9995260499715652,1.0165406594835505e+20,1.2807393688207658e+17,1.5357919101745596e+22,1.5359828497341627e+22,1.1614121999339495,0.8852304133559384
mpp,100.0,0.5238367057291503,1.0994962227817505e-05,0.9995420207106823,1.0222762175507877e+20,1.2735524624016341e+17,1.5357919101745596e+22,1.5359813767898558e+22,1.1616695142403557,0.8856085410483722
mpp,100.0,0.5238367057291503,1.0995132506257437e-05,0.999557500568858,1.0278653800723282e+20,1.2666254621565117e+17,1.5357919101745596e+22,1.535979097399612e+22,1.1619205322708692,0.8859766012961725
mpp,100.0,0.5238367057291503,1.0995297550813662e-05,0.9995725046194238,1.0333108446484693e+20,1.2599477526195698e+17,1.5357919101745596e+22,1.5359758110098756e+22,1.162165356490707,0.8863348170856473
mpp,100.0,0.5238367057291503,1.099545752221112e-05,0.9995870474737383,1.0386153306158685e+20,1.2535091626924558e+17,1.5357919101745596e+22,1.5359712770789363e+22,1.1624040900122559,0.8866834091092511
mpp,100.0,0.5238367057291503,1.0995612576248216e-05,0.9996011432952924,1.0437815727800238e+20,1.247299937481369e+17,1.5357919101745596e+22,1.535965209511654e+22,1.1626368362853103,0.8870225956166304
mpp,100.0,0.5238367057291503,1.0995762863947264e-05,0.9996148058133876,1.0488123155836374e+20,1.2413107113466451e+17,1.5357919101745596e+22,1.53595727083841e+22,1.1628636987971637,0.8873525922789518
mpp,100.0,0.5238367057291503,1.099590853170039e-05,0.9996280483363992,1.0537103076938387e+20,1.2355324821511214e+17,1.5357919101745596e+22,1.5359470662256664e+22,1.1630847807834033,0.8876736120659501
mpp,100.0,0.5238367057291503,1.0996049721411005e-05,0.9996408837646369,1.0584782969903877e+20,1.2299565867108315e+17,1.5357919101745596e+22,1.5359341374237498e+22,1.163300184950468,0.8879858651350949
mpp,100.0,0.5238367057291503,1.0996186570630982e-05,0.9996533246028165,1.0631190259376492e+20,1.2245746774648043e+17,1.5357919101745596e+22,1.5359179567718157e+22,1.1635100132112413,0.8882895587323446
mpp,100.0,0.5238367057291503,1.0996319212693658e-05,0.9996653829721508,1.0676352273211523e+20,1.2193787003958291e+17,1.5357919101745596e+22,1.5358979213942743e+22,1.163714366435048,0.8885848971038256
mpp,100.0,0.5238367057291503,1.0996447776842829e-05,0.9996770706220754,1.072029620332858e+20,1.2143608742400046e+17,1.5357919101745596e+22,1.5358733477323425e+22,1.163913344213693,0.8888720814180046
mpp,100.0,0.5238367057291503,1.0996572388357787e-05,0.999688398941617,1.0763049069858942e+20,1.2095136710345413e+17,1.5357919101745596e+22,1.5358434665626643e+22,1.1641070446450967,0.8891513096976841
mpp,100.0,0.5238367057291503,1.0996693168674577e-05,0.9996993789704162,1.0804637688426403e+20,1.2048297980533386e+17,1.5357919101745596e+22,1.5358074186561927e+22,1.1642955641362636,0.8894227767613767
mpp,100.0,0.5238367057291503,1.0996810235503576e-05,0.999710021409416,1.0845088640386307e+20,1.2003021811829275e+17,1.5357919101745596e+22,1.535764251230442e+22,1.1644789972272043,0.8896866741734979
mpp,100.0,0.5238367057291503,1.0996923702943464e-05,0.9997203366312241,1.088442824586112e+20,1.1959239497879146e+17,1.5357919101745596e+22,1.535712915342103e+22,1.164657436437365,0.88994319020286
mpp,100.0,0.5238367057291503,1.0997033681591765e-05,0.9997303346901605,1.0922682539409859e+20,1.1916884231082216e+17,1.5357919101745596e+22,1.5356522643549806e+22,1.1648309721360104,0.8901925097890253
mpp,100.0,0.5238367057291503,1.0997140278651987e-05,0.9997400253319989,1.0959877248177842e+20,1.1875890982229538e+17,1.5357919101745596e+22,1.5355810536060556e+22,1.1649996924377324,0.890434814515979
mpp,100.0,0.5238367057291503,1.0997243598037532e-05,0.9997494180034121,1.099603777237525e+20,1.1836196396016003e+17,1.5357919101745596e+22,1.535497941369904e+22,1.1651636831240748,0.8906702825927327
mpp,100.0,0.5238367057291503,1.0997343740472423e-05,0.9997585218611293,1.1031189167942948e+20,1.1797738702506454e+17,1.5357919101745596e+22,1.5354014912024764e+22,1.1653230275918935,0.8908990888403686
mpp,100.0,0.5238367057291503,1.099744080358895e-05,0.9997673457808136,1.1065356131256335e+20,1.1760457644469906e+17,1.5357919101745596e+22,1.535290175716806e+22,1.165477806828735,0.8911214046850822
mpp,100.0,0.5238367057291503,1.0997534882022375e-05,0.9997758983656704,1.1098562985750263e+20,1.1724294420299328e+17,1.5357919101745596e+22,1.535162381817044e+22,1.1656280994152264,0.8913373981569033
mpp,100.0,0.5238367057291503,1.0997626067502723e-05,0.999784187954793,1.11308336703253e+20,1.1689191642077272e+17,1.5357919101745596e+22,1.5350164173871362e+22,1.1657739815539538,0.8915472338936173
mpp,100.0,0.5238367057291503,1.0997714448943772e-05,0.9997922226312521,1.1162191729411849e+20,1.165509330814899e+17,1.5357919101745596e+22,1.534850519401063e+22,1.1659155271239767,0.8917510731495127
mpp,100.0,0.5238367057291503,1.0997800112529352e-05,0.9998000102299411,1.1192660304588664e+20,1.1621944789363862e+17,1.5357919101745596e+22,1.5346628633909285e+22,1.166052807759789,0.8919490738086805
mpp,100.0,0.5238367057291503,1.099788314179698e-05,0.9998075583451801,1.1222262127632682e+20,1.1589692828004994e+17,1.5357919101745596e+22,1.5344515741824913e+22,1.1661858929530575,0.8921413904024299
mpp,100.0,0.5238367057291503,1.0997963617718971e-05,0.9998148743380884,1.1251019514901717e+20,1.155828554824622e+17,1.5357919101745596e+22,1.5342147377797012e+22,1.1663148501752174,0.8923281741305428
mpp,100.0,0.5238367057291503,1.0998041618781049e-05,0.9998219653437317,1.1278954362947464e+20,1.1527672476845606e+17,1.5357919101745596e+22,1.5339504142568036e+22,1.1664397450186557,0.8925095728860344
mpp,100.0,0.5238367057291503,1.0998117221058578e-05,0.9998288382780526,1.130608814527255e+20,1.149780457266255e+17,1.5357919101745596e+22,1.5336566514958356e+22,1.1665606413540135,0.8926857312831771
mpp,100.0,0.5238367057291503,1.099819049829045e-05,0.9998354998445864,1.1332441910126808e+20,1.146863426352171e+17,1.5357919101745596e+22,1.5333314995907505e+22,1.166677601500825,0.8928567906884016
mpp,100.0,0.5238367057291503,1.0998261521950722e-05,0.9998419565409749,1.1358036279278268e+20,1.1440115488847514e+17,1.5357919101745596e+22,1.532973025726333e+22,1.1667906864087174,0.8930228892539374
mpp,100.0,0.5238367057291503,1.0998330361318067e-05,0.9998482146652787,1.1382891447664832e+20,1.141220374650463e+17,1.5357919101745596e+22,1.5325793293322231e+22,1.1668999558461703,0.8931841619538439
mpp,100.0,0.5238367057291503,1.099839708354309e-05,0.9998542803220991,1.1407027183861749e+20,1.1384856142248056e+17,1.5357919101745596e+22,1.5321485573078645e+22,1.1670054685938862,0.8933407406222558
mpp,100.0,0.5238367057291503,1.0998461753713601e-05,0.9998601594285093,1.1430462831284093e+20,1.135803144024065e+17,1.5357919101745596e+22,1.531678919115011e+22,1.1671072826397897,0.8934927539935476
mpp,100.0,0.5238367057291503,1.0998524434917892e-05,0.9998658577198084,1.1453217310077495e+20,1.1331690113116008e+17,1.5357919101745596e+22,1.5311687015384517e+22,1.167205455372869,0.8936403277443288
mpp,100.0,0.5238367057291503,1.0998585188306059e-05,0.9998713807550962,1.1475309119610839e+20,1.13057943901941e+17,1.5357919101745596e+22,1.5306162829242218e+22,1.1673000437730112,0.8937835845369108
mpp,100.0,0.5238367057291503,1.0998644073149468e-05,0.9998767339226788,1.1496756341535293e+20,1.1280308302507158e+17,1.5357919101745596e+22,1.5300201467165282e+22,1.1673911045943792,0.8939226440641989
mpp,100.0,0.5238367057291503,1.0998701146898405e-05,0.9998819224453096,1.1517576643345141e+20,1.1255197723448698e+17,1.5357919101745596e+22,1.529378894128633e+22,1.1674786945399325,0.8940576230957661
mpp,100.0,0.5238367057291503,1.0998756465237942e-05,0.9998869513852675,1.1537787282387481e+20,1.1230430403989238e+17,1.5357919101745596e+22,1.5286912558020136e+22,1.1675628704249819,0.8941886355249228
mpp,100.0,0.5238367057291503,1.099881008214211e-05,0.9998918256492828,1.1557405110286131e+20,1.1205976001526245e+17,1.5357919101745596e+22,1.5279561023252456e+22,1.167643689328005,0.8943157924167122
mpp,100.0,0.5238367057291503,1.0998862049926409e-05,0.9998965499933099,1.1576446577721054e+20,1.1181806101627486e+17,1.5357919101745596e+22,1.527172453506889e+22,1.167721208727111,0.8944392020565929
mpp,100.0,0.5238367057291503,1.0998912419298702e-05,0.9999011290271548,1.159492773953223e+20,1.1157894232054573e+17,1.5357919101745596e+22,1.5263394863174698e+22,1.167795486620941,0.894558969999728
mpp,100.0,0.5238367057291503,1.0998961239408573e-05,0.9999055672189612,1.1612864260111022e+20,1.1134215868625954e+17,1.5357919101745596e+22,1.5254565414380604e+22,1.167866581633055,0.8946751991207588
mpp,100.0,0.5238367057291503,1.0999008557895145e-05,0.9999098688995587,1.163027141903645e+20,1.1110748432639552e+17,1.5357919101745596e+22,1.5245231283750012e+22,1.1679345530991123,0.8947879896639106
mpp,100.0,0.5238367057291503,1.099905442093346e-05,0.9999140382666782,1.1647164116929744e+20,1.1087471279715315e+17,1.5357919101745596e+22,1.5235389291217828e+22,1.1679994611365065,0.8948974392933581
mpp,100.0,0.5238367057291503,1.0999098873279417e-05,0.999918079389038,1.1663556881496223e+20,1.1064365680072562e+17,1.5357919101745596e+22,1.5225038003705955e+22,1.1680613666963116,0.8950036431437204
mpp,100.0,0.5238367057291503,1.0999141958313349e-05,0.9999219962103045,1.1679463873725764e+20,1.1041414790378997e+17,1.5357919101745596e+22,1.5214177742938821e+22,1.1681203315977218,0.8951066938706227
mpp,100.0,0.5238367057291503,1.0999183718082255e-05,0.9999257925529323,1.1694898894223971e+20,1.1018603617442002e+17,1.5357919101745596e+22,1.5202810579354963e+22,1.1681764185453287,0.8952066817012064
mpp,100.0,0.5238367057291503,1.0999224193340739e-05,0.9999294721218854,1.1709875389655974e+20,1.0995918974110258e+17,1.5357919101745596e+22,1.5190940312670048e+22,1.1682296911298398,0.8953036944845253
mpp,100.0,0.5238367057291503,1.0999263423590703e-05,0.9999330385082457,1.1724406459274915e+20,1.0973349427850142e+17,1.5357919101745596e+22,1.5178572439772492e+22,1.1682802138130084,0.8953978177417694
mpp,100.0,0.5238367057291503,1.0999301447119812e-05,0.9999364951927101,1.1738504861522321e+20,1.095088524254632e+17,1.5357919101745596e+22,1.5165714110779683e+22,1.168328051897685,0.8954891347162249
mpp,100.0,0.5238367057291503,1.0999338301038783e-05,0.9999398455489803,1.1752183020668418e+20,1.0928518314143526e+17,1.5357919101745596e+22,1.5152374074163782e+22,1.1683732714840376,0.895577726422893
mpp,100.0,0.5238367057291503,1.0999374021317546e-05,0.9999430928470496,1.1765453033497123e+20,1.0906242100770848e+17,1.5357919101745596e+22,1.5138562611937521e+22,1.1684159394131326,0.8956636716977897
mpp,100.0,0.5238367057291503,1.0999408642820265e-05,0.9999462402563877,1.1778326675995148e+20,1.0884051548074386e+17,1.5357919101745596e+22,1.5124291465963786e+22,1.1684561231990624,0.8957470472467617
mpp,100.0,0.5238367057291503,1.0999442199339309e-05,0.9999492908490282,1.1790815410051529e+20,1.0861943010457592e+17,1.5357919101745596e+22,1.5109573756475587e+22,1.1684938909509428,0.8958279276938665
mpp,100.0,0.5238367057291503,1.0999474723628188e-05,0.9999522476025626,1.1802930390145378e+20,1.083991416896507e+17,1.5357919101745596e+22,1.509442389391763e+22,1.1685293112861017,0.8959063856292477
mpp,100.0,0.5238367057291503,1.0999506247433445e-05,0.9999551134030404,1.1814682470007944e+20,1.0817963946556798e+17,1.5357919101745596e+22,1.5078857485245148e+22,1.1685624532357524,0.8959824916564157
mpp,100.0,0.5238367057291503,1.0999536801525606e-05,0.9999578910477824,1.1826082209257659e+20,1.0796092421461566e+17,1.5357919101745596e+22,1.5062891235757636e+22,1.168593386144533,0.8960563144390088
mpp,100.0,0.5238367057291503,1.0999566415729164e-05,0.9999605832481058,1.1837139879988568e+20,1.0774300739345453e+17,1.5357919101745596e+22,1.504654284758588e+22,1.168622179565152,0.8961279207468774
mpp,100.0,0.5238367057291503,1.0999595118951634e-05,0.9999631926319668,1.1847865473307887e+20,1.0752591024935622e+17,1.5357919101745596e+22,1.5029830915840184e+22,1.1686489031494371,0.8961973755015665
mpp,100.0,0.5238367057291503,1.0999622939211742e-05,0.9999657217465221,1.1858268705818855e+20,1.0730966293751864e+17,1.5357919101745596e+22,1.5012774823440153e+22,1.1686736265369826,0.8962647418211233
mpp,100.0,0.5238367057291503,1.0999649903666725e-05,0.9999681730606114,1.1868359026032932e+20,1.070943036453861e+17,1.5357919101745596e+22,1.4995394635553021e+22,1.1686964192425278,0.8963300810642123
mpp,100.0,0.5238367057291503,1.0999676038638799e-05,0.9999705489671635,1.1878145620712176e+20,1.0687987772945496e+17,1.5357919101745596e+22,1.4977710994516412e+22,1.1687173505431592,0.8963934528735362
mpp,100.0,0.5238367057291503,1.0999701369640831e-05,0.9999728517855301,1.1887637421138125e+20,1.0666643686956306e+17,1.5357919101745596e+22,1.4959745016051368e+22,1.1687364893663188,0.8964549152185496
mpp,100.0,0.5238367057291503,1.0999725921401199e-05,0.9999750837637453,1.1896843109289561e+20,1.0645403824534387e+17,1.5357919101745596e+22,1.4941518187501344e+22,1.1687539041795287,0.8965145244374108
mpp,100.0,0.5238367057291503,1.09997497178879e-05,0.9999772470807182,1.1905771123940527e+20,1.0624274373868576e+17,1.5357919101745596e+22,1.492305226875089e+22,1.1687696628826747,0.8965723352782161
mpp,100.0,0.5238367057291503,1.099977278233193e-05,0.9999793438483573,1.1914429666669204e+20,1.060326191657148e+17,1.5357919101745596e+22,1.4904369196399201e+22,1.1687838327035813,0.8966284009394969
mpp,100.0,0.5238367057291503,1.0999795137249921e-05,0.9999813761136291,1.192282670776596e+20,1.0582373354147333e+17,1.5357919101745596e+22,1.488549099170986e+22,1.168796480097527,0.8966827731099271
mpp,100.0,0.5238367057291503,1.0999816804466099e-05,0.9999833458605545,1.1930969992051003e+20,1.0561615837957758e+17,1.5357919101745596e+22,1.4866439672750915e+22,1.1688076706512787,0.8967355020072916
mpp,100.0,0.5238367057291503,1.0999837805133577e-05,0.9999852550121434,1.1938867044594752e+20,1.0540996702888942e+17,1.5357919101745596e+22,1.4847237171086182e+22,1.168817468992129,0.8967866364167058
mpp,100.0,0.5238367057291503,1.0999858159754965e-05,0.9999871054322695,1.1946525176329075e+20,1.0520523404898382e+17,1.5357919101745596e+22,1.4827905253320233e+22,1.1688259387023225,0.8968362237280236
mpp,100.0,0.5238367057291503,1.0999877888202374e-05,0.9999888989274885,1.1953951489565893e+20,1.0500203462512909e+17,1.5357919101745596e+22,1.4808465447690086e+22,1.168833142239221,0.8968843099725355
mpp,100.0,0.5238367057291503,1.0999897009736801e-05,0.9999906372488001,1.196115288341021e+20,1.048004440237717e+17,1.5357919101745596e+22,1.4788938975885291e+22,1.168839140861438,0.8969309398588822
mpp,100.0,0.5238367057291503,1.09999155430269e-05,0.9999923220933546,1.1968136059062156e+20,1.0460053708890698e+17,1.5357919101745596e+22,1.4769346690201722e+22,1.1688439945611242,0.8969761568081775
mpp,100.0,0.5238367057291503,1.0999933506167206e-05,0.9999939551061097,1.1974907525023503e+20,1.044023877789371e+17,1.5357919101745596e+22,1.4749709016040456e+22,1.1688477620025366,0.8970200029884317
mpp,100.0,0.5238367057291503,1.0999950916695772e-05,0.9999955378814338,1.1981473602193483e+20,1.042060687441044e+17,1.5357919101745596e+22,1.4730045899792544e+22,1.168850500466925,0.8970625193481806
mpp,100.0,0.5238367057291503,1.0999967791611283e-05,0.999997071964662,1.1987840428861044e+20,1.040116509436475e+17,1.5357919101745596e+22,1.471037676203925e+22,1.1688522658037508,0.8971037456493832
mpp,100.0,0.5238367057291503,1.099998414738963e-05,0.9999985588536029,1.199401396558962e+20,1.0381920330191734e+17,1.5357919101745596e+22,1.4690720455989794e+22,1.1688531123881873,0.8971437204995708
mpp,100.0,0.5238367057291503,1.1e-05,1.0,1.2000000000000018e+20,1.0362879240226376e+17,1.5357919101745596e+22,1.4671095231029235e+22,1.168853093084803,0.8971824813832789
