condition,T_K,V_V,x_cm,x_fraction,n_cm3,p_cm3,G_cm3s,R_cm3s,QFLS_eV,phi_V
sc,275.0,0,0.0,0.0,96872406022.78209,1.2000000000000003e+20,1.5357919101745596e+22,2.4483710780781138e+19,0.8324697342938033,0.0
sc,275.0,0,1.5852610367572685e-11,1.4411463970520622e-06,97061071725.96638,1.1994799262436052e+20,1.5357919101745596e+22,2.4520762720251163e+19,0.8324697344303618,4.610796928119517e-05
sc,275.0,0,3.2208388717036575e-11,2.9280353379124158e-06,97255879394.41154,1.1989435295517993e+20,1.5357919101745596e+22,2.455898995736323e+19,0.8324696945015437,9.366308917264285e-05
sc,275.0,0,4.9083304228147994e-11,4.462118566195272e-06,97457033940.692,1.1983903038628028e+20,1.5357919101745596e+22,2.459842973425546e+19,0.8324696108225578,0.00014271024265641812
sc,275.0,0,6.649383279366816e-11,6.044893890333469e-06,97664747430.57924,1.1978197278385601e+20,1.5357919101745596e+22,2.4639120469978223e+19,0.8324694794519364,0.0001932956702077022
sc,275.0,0,8.44569730995004e-11,7.677906645409127e-06,97879239352.74734,1.19723126443112e+20,1.5357919101745596e+22,2.4681101797433246e+19,0.8324692961758277,0.00024546700864967757
sc,275.0,0,1.0299026319943172e-10,9.362751199948338e-06,98100736899.67447,1.1966243604391456e+20,1.5357919101745596e+22,2.4724414601415148e+19,0.832469056491428,0.00029927333093083056
sc,275.0,0,1.2211179762539047e-10,1.1101072511399135e-05,98329475260.56677,1.1959984460536223e+20,1.5357919101745596e+22,2.47691010578361e+19,0.8324687555895147,0.0003547651869108412
sc,275.0,0,1.418402450356626e-10,1.2894567730514783e-05,98565697926.75365,1.1953529343931482e+20,1.5357919101745596e+22,2.4815204674148745e+19,0.8324683883360438,0.00041199464512741996
sc,275.0,0,1.6219486642243818e-10,1.474498785658529e-05,98809657010.18073,1.1946872210285832e+20,1.5357919101745596e+22,2.486277033099777e+19,0.8324679492527627,0.00047101533556931954
sc,275.0,0,1.8319553390006016e-10,1.6654139445460014e-05,99061613575.7039,1.1940006834969207e+20,1.5357919101745596e+22,2.4911844325152915e+19,0.8324674324968023,0.0005318824934784387
sc,275.0,0,2.0486275007947086e-10,1.8623886370860987e-05,99321837987.72061,1.1932926808048724e+20,1.5357919101745596e+22,2.4962474413729358e+19,0.8324668318391999,0.0005946530041555106
sc,275.0,0,2.2721766807037856e-10,2.065615164276169e-05,99590610272.11499,1.1925625529208729e+20,1.5357919101745596e+22,2.5014709859771806e+19,0.8324661406423087,0.0006593854488457569
sc,275.0,0,2.5028211210015303e-10,2.2752919281832096e-05,99868220493.92407,1.1918096202569099e+20,1.5357919101745596e+22,2.506860147918093e+19,0.8324653518360482,0.0007261401516259903
sc,275.0,0,2.7407859880196337e-10,2.4916236254723945e-05,100154969151.91527,1.1910331831391175e+20,1.5357919101745596e+22,2.512420168909139e+19,0.8324644578929484,0.0007949792273958051
sc,275.0,0,2.986303591691053e-10,2.7148214469918663e-05,100451167590.63814,1.1902325212678829e+20,1.5357919101745596e+22,2.5181564557686292e+19,0.8324634508019381,0.0008659666309114734
sc,275.0,0,3.239613612005532e-10,2.9451032836413926e-05,100757138430.90201,1.1894068931673984e+20,1.5357919101745596e+22,2.5240745855493857e+19,0.8324623220408333,0.0009391682068794016
sc,275.0,0,3.5009633327559573e-10,3.182693938869052e-05,101073216019.81001,1.1885555356243134e+20,1.5357919101745596e+22,2.5301803108244554e+19,0.8324610625474693,0.0010146517411596034
sc,275.0,0,3.770607882569443e-10,3.427825347790403e-05,101399746901.08359,1.18767766311662e+20,1.5357919101745596e+22,2.5364795651279335e+19,0.8324596626894357,0.001092487013014854
sc,275.0,0,4.048810483650578e-10,3.680736803318707e-05,101737090306.97775,1.186772467231326e+20,1.5357919101745596e+22,2.542978468557634e+19,0.8324581122323548,0.001172745848462743
sc,275.0,0,4.335842708358961e-10,3.9416751894172375e-05,102085618672.76364,1.1858391160722073e+20,1.5357919101745596e+22,2.5496833335421202e+19,0.8324564003066641,0.0012555021746955923
sc,275.0,0,4.631984743932449e-10,4.210895221756772e-05,102445718175.05699,1.1848767536577348e+20,1.5357919101745596e+22,2.5566006707779502e+19,0.8324545153728423,0.0013408320755836627
sc,275.0,0,4.937525665545395e-10,4.488659695950359e-05,102817789295.16963,1.183884499309523e+20,1.5357919101745596e+22,2.56373719533944e+19,0.8324524451850375,0.0014288138482373594
sc,275.0,0,5.252763718117115e-10,4.775239743742832e-05,103202247409.0129,1.182861447031385e+20,1.5357919101745596e+22,2.571099832968977e+19,0.8324501767530437,0.0015195280606645311
sc,275.0,0,5.578006606901109e-10,5.0709150971828265e-05,103599523404.6812,1.1818066648802871e+20,1.5357919101745596e+22,2.5786957265471853e+19,0.8324476963025806,0.0016130576104431405
sc,275.0,0,5.91357179736185e-10,5.375974361238045e-05,104010064329.4948,1.1807191943273749e+20,1.5357919101745596e+22,2.586532242748314e+19,0.8324449892338267,0.001709487784461531
sc,275.0,0,6.259786824534542e-10,5.690715295031401e-05,104434334067.98705,1.1795980496114034e+20,1.5357919101745596e+22,2.59461697888668e+19,0.8324420400781612,0.0018089063196831975
sc,275.0,0,6.61698961216095e-10,6.0154451019645006e-05,104872814052.52267,1.1784422170849077e+20,1.5357919101745596e+22,2.6029577699575075e+19,0.832438832453072,0.0019114034649152871
sc,275.0,0,6.985528801894402e-10,6.350480728994912e-05,105326004008.33974,1.1772506545541208e+20,1.5357919101745596e+22,2.6115626958765842e+19,0.8324353490151855,0.002017072043553879
sc,275.0,0,7.365764092976956e-10,6.696149175433597e-05,105794422735.01582,1.1760222906130157e+20,1.5357919101745596e+22,2.620440088924468e+19,0.8324315714113811,0.0021260075173040785
sc,275.0,0,7.758066592602475e-10,7.052787811456795e-05,106278608926.26263,1.1747560239704759e+20,1.5357919101745596e+22,2.6295985413921665e+19,0.832427480227952,0.002238308050811755
sc,275.0,0,8.162819177441882e-10,7.420744706765348e-05,106779122030.36182,1.17345072277345e+20,1.5357919101745596e+22,2.6390469134401835e+19,0.8324230549377811,0.0023540745772118034
sc,275.0,0,8.580416866495465e-10,7.800378969541333e-05,107296543153.32423,1.1721052239274444e+20,1.5357919101745596e+22,2.6487943411705954e+19,0.8324182738455014,0.002473410864500935
sc,275.0,0,9.011267205821794e-10,8.19206109620163e-05,107831476007.42542,1.170718332415676e+20,1.5357919101745596e+22,2.6588502449213084e+19,0.8324131140306182,0.0025964235827451243
sc,275.0,0,9.455790665399698e-10,8.596173332181545e-05,108384547907.57825,1.1692888206146494e+20,1.5357919101745596e+22,2.6692243377755214e+19,0.8324075512885721,0.0027232223720394266
sc,275.0,0,9.914421048550782e-10,9.013110044137074e-05,108956410818.34381,1.1678154276100245e+20,1.5357919101745596e+22,2.6799266342961377e+19,0.8324015600697273,0.0028539199111779026
sc,275.0,0,1.0387605914276564e-09,9.443278103887787e-05,109547742454.46706,1.166296858515507e+20,1.5357919101745596e+22,2.690967459490047e+19,0.8323951134162824,0.0029886319869610865
sc,275.0,0,1.0875807012974414e-09,9.887097284522195e-05,110159247438.12526,1.1647317837959515e+20,1.5357919101745596e+22,2.7023574580060553e+19,0.8323881828970975,0.003127477564089915
sc,275.0,0,1.1379500735910763e-09,0.00010345000669009785,110791658516.14705,1.1631188385915863e+20,1.5357919101745596e+22,2.714107603556264e+19,0.8323807385404486,0.0032705788555602907
sc,275.0,0,1.1899178578885228e-09,0.00010817435071713843,111445737840.75575,1.161456622050449e+20,1.5357919101745596e+22,2.7262292085751566e+19,0.832372748764721,0.0034180613934772755
sc,275.0,0,1.243534762056797e-09,0.0001130486147324361,112122278317.62167,1.159743696672593e+20,1.5357919101745596e+22,2.738733934122574e+19,0.8323641803070697,0.0035700541002103396
sc,275.0,0,1.2988531015943882e-09,0.00011807755469039893,112822105025.22252,1.1579785876617196e+20,1.5357919101745596e+22,2.7516338000158028e+19,0.8323549981500777,0.0037266893597852195
sc,275.0,0,1.3559268505321519e-09,0.00012326607732110473,113546076709.74156,1.1561597822893189e+20,1.5357919101745596e+22,2.7649411951969243e+19,0.8323451654464604,0.0038881030894023752
sc,275.0,0,1.4148116939419752e-09,0.00012861924490381593,114295087360.10362,1.154285729279802e+20,1.5357919101745596e+22,2.7786688883501707e+19,0.832334643441871,0.004054434810974444
sc,275.0,0,1.475565082107555e-09,0.0001341422801915959,115070067868.04033,1.1523548382105769e+20,1.5357919101745596e+22,2.7928300387490144e+19,0.8323233913958763,0.00422582772256988
sc,275.0,0,1.5382462863975932e-09,0.0001398405714906903,115871987778.21483,1.1503654789324018e+20,1.5357919101745596e+22,2.8074382073329345e+19,0.8323113665011869,0.004402428769595924
sc,275.0,0,1.602916456910408e-09,0.0001457196779009462,116701857134.13246,1.1483159810215697e+20,1.5357919101745596e+22,2.822507368036975e+19,0.8322985238012376,0.004584388715620002
sc,275.0,0,1.6696386819333165e-09,0.00015178533472121059,117560728425.56895,1.1462046332538687e+20,1.5357919101745596e+22,2.838051919334073e+19,0.832284816106232,0.004771862212640491
sc,275.0,0,1.738478049276626e-09,0.00015804345902514783,118449698643.83722,1.1440296831135633e+20,1.5357919101745596e+22,2.8540866960095105e+19,0.8322701939077788,0.00496500787064793
sc,275.0,0,1.8095017095494103e-09,0.00016450015541358276,119369911451.7268,1.1417893363432602e+20,1.5357919101745596e+22,2.8706269811698926e+19,0.8322546052922662,0.00516398832632104
sc,275.0,0,1.8827789414216367e-09,0.00017116172194742152,120322559475.06876,1.1394817565258356e+20,1.5357919101745596e+22,2.8876885184418935e+19,0.8322379958531392,0.0053689703106206636
sc,275.0,0,1.958381218950811e-09,0.00017803465626825554,121308886723.79561,1.1371050647231835e+20,1.5357919101745596e+22,2.905287524408165e+19,0.8322203086022637,0.0055801247151203584
sc,275.0,0,2.0363822810287035e-09,0.00018512566191170032,122330191150.54271,1.134657339156493e+20,1.5357919101745596e+22,2.923440701216425e+19,0.8322014838805777,0.005797626656829582
sc,275.0,0,2.1168582030189895e-09,0.00019244165481990816,123387827355.62173,1.1321366149493606e+20,1.5357919101745596e+22,2.9421652493930918e+19,0.8321814592682593,0.00602165554128805
sc,275.0,0,2.199887470647477e-09,0.00019998977005886154,124483209447.60452,1.1295408839308647e+20,1.5357919101745596e+22,2.961478880824229e+19,0.8321601694946539,0.0062523951236633625
sc,275.0,0,2.285551056227353e-09,0.00020777736874794117,125617814069.66602,1.1268680945064603e+20,1.5357919101745596e+22,2.9813998318960497e+19,0.8321375463482305,0.006490033567620207
sc,275.0,0,2.3739324972774643e-09,0.00021581204520704222,126793183602.18246,1.124116151607306e+20,1.5357919101745596e+22,3.001946876785054e+19,0.8321135185868611,0.006734763501638911
sc,275.0,0,2.4651179776252194e-09,0.00022410163432956542,128010929553.24886,1.1212829167178765e+20,1.5357919101745596e+22,3.0231393408640647e+19,0.8320880118487392,0.00698678207253134
sc,275.0,0,2.5591964110509015e-09,0.00023265421918644558,129272736149.04631,1.1183662079977372e+20,1.5357919101745596e+22,3.0449971142175584e+19,0.8320609485642796,0.0072462909957814875
sc,275.0,0,2.656259527577809e-09,0.0002414781388707099,130580364137.50879,1.1153638004986207e+20,1.5357919101745596e+22,3.067540665232061e+19,0.8320322478693649,0.00751349660244537
sc,275.0,0,2.756401962466237e-09,0.00025058199658783975,131935654818.95805,1.1122734264882977e+20,1.5357919101745596e+22,3.0907910542329246e+19,0.832001825520336,0.007788609882190846
sc,275.0,0,2.8597213480120453e-09,0.00025997466800109503,133340534318.94518,1.1090927758937276e+20,1.5357919101745596e+22,3.114769947152489e+19,0.8319695938111423,0.008071846522150058
sc,275.0,0,2.9663184082353023e-09,0.00026966530983957293,134797018119.32695,1.1058194968619465e+20,1.5357919101745596e+22,3.139499629162354e+19,0.8319354614930984,0.00836342694118785
sc,275.0,0,3.0762970565353374e-09,0.0002796633687759398,136307215864.60217,1.102451196466734e+20,1.5357919101745596e+22,3.1650030182773195e+19,0.8318993336977242,0.00866357631913717
sc,275.0,0,3.189764496423941e-09,0.00028997859058399467,137873336462.22903,1.0989854415516084e+20,1.5357919101745596e+22,3.191303678838365e+19,0.8318611118631617,0.008972524620621354
sc,275.0,0,3.306831325422199e-09,0.0003006210295838363,139497693496.51474,1.0954197597353963e+20,1.5357919101745596e+22,3.2184258348650602e+19,0.8318206936646986,0.009290506612982386
sc,275.0,0,3.427611642213779e-09,0.00031160105838307084,141182710977.20212,1.0917516405887205e+20,1.5357919101745596e+22,3.2463943832146686e+19,0.8317779729499516,0.00961776187782544
sc,275.0,0,3.552223157170686e-09,0.00032292937792460785,142930929445.64026,1.087978536986382e+20,1.5357919101745596e+22,3.275234906472679e+19,0.8317328396792827,0.00995453481572338
sc,275.0,0,3.680787306341249e-09,0.00033461702784920444,144745012462.6834,1.0840978666588266e+20,1.5357919101745596e+22,3.304973685535846e+19,0.8316851798720556,0.010301074643523605
sc,275.0,0,3.813429369018795e-09,0.0003466753971835268,146627753504.56665,1.0801070139528836e+20,1.5357919101745596e+22,3.33563771181231e+19,0.8316348755593548,0.010657635383747319
sc,275.0,0,3.950278588993605e-09,0.00035911623536305504,148582083294.65125,1.076003331811625e+20,1.5357919101745596e+22,3.36725469894626e+19,0.83158180474382,0.011024475845498047
sc,275.0,0,4.091468299609047e-09,0.00037195166360082244,150611077601.1315,1.0717841439932829e+20,1.5357919101745596e+22,3.399853094000809e+19,0.8315258413672612,0.011401859596315272
sc,275.0,0,4.2371360527360675e-09,0.0003851941866123698,152717965532.90814,1.0674467475435769e+20,1.5357919101745596e+22,3.4334620880043766e+19,0.8314668552867442,0.011790054924360777
sc,275.0,0,4.387423751783914e-09,0.0003988567047076286,154906138368.1356,1.062988415537046e+20,1.5357919101745596e+22,3.4681116257588752e+19,0.8314047122598611,0.012189334790305364
sc,275.0,0,4.5424777888789516e-09,0.00041295252626172285,157179158952.63492,1.0584064001024164e+20,1.5357919101745596e+22,3.503832414799546e+19,0.8313392739398924,0.012599976768291622
sc,275.0,0,4.702449186337998e-09,0.00042749538057618164,159540771707.9865,1.0536979357502133e+20,1.5357919101745596e+22,3.540655933392424e+19,0.8312703978816063,0.01302226297530478
sc,275.0,0,4.8674937425619564e-09,0.0004424994311419961,161994913291.93323,1.0488602430202678e+20,1.5357919101745596e+22,3.578614437441146e+19,0.8311979375584377,0.013456479988254406
sc,275.0,0,5.03777218249446e-09,0.0004579792893176782,164545723957.08176,1.0438905324661146e+20,1.5357919101745596e+22,3.6177409661650043e+19,0.8311217423917882,0.01390291874809286
sc,275.0,0,5.213450312782919e-09,0.0004739500284348108,167197559657.17728,1.0387860089943458e+20,1.5357919101745596e+22,3.6580693464002003e+19,0.8310416577932086,0.014361874450251404
sc,275.0,0,5.394699181784867e-09,0.0004904271983440789,169955004953.74957,1.0335438765771417e+20,1.5357919101745596e+22,3.699634195360903e+19,0.8309575252202106,0.01483364642066538
sc,275.0,0,5.581695244568585e-09,0.0005074268404153259,172822886779.97424,1.0281613433562382e+20,1.5357919101745596e+22,3.742470921688698e+19,0.8308691822464535,0.01531853797665401
sc,275.0,0,5.7746205330643226e-09,0.0005249655030058475,175806289122.75363,1.0226356271564818e+20,1.5357919101745596e+22,3.786615724603837e+19,0.830776462647043,0.01581685627191934
sc,275.0,0,5.973662831521231e-09,0.000543060257411021,178910568688.47507,1.0169639614271226e+20,1.5357919101745596e+22,3.832105590957315e+19,0.8306791964996608,0.016328912124908387
sc,275.0,0,6.179015857431192e-09,0.0005617287143119265,182141371622.72955,1.0111436016286378e+20,1.5357919101745596e+22,3.878978289969521e+19,0.8305772103022292,0.01685501982978395
sc,275.0,0,6.390879448088693e-09,0.0005809890407353357,185504651359.56265,1.0051718320822803e+20,1.5357919101745596e+22,3.927272365426023e+19,0.8304703271077818,0.017395496949258866
sc,275.0,0,6.609459752962621e-09,0.0006008599775420564,189006687681.3661,9.990459732988056e+19,1.5357919101745596e+22,3.977027125085344e+19,0.8303583666771828,0.017950664088557944
sc,275.0,0,6.83496943204237e-09,0.0006213608574583973,192654107076.28226,9.92763389802442e+19,1.5357919101745596e+22,4.028282627035101e+19,0.8302411456503072,0.01852084464973419
sc,275.0,0,7.067627860364078e-09,0.0006425116236694617,196453904486.95618,9.863214984645914e+19,1.5357919101745596e+22,4.081079662725086e+19,0.8301184777362316,0.01910636456567759
sc,275.0,0,7.30766133887939e-09,0.0006643328489890354,200413466550.5956,9.797177773607692e+19,1.5357919101745596e+22,4.135459736375749e+19,0.8299901739229524,0.01970755201305009
sc,275.0,0,7.555303311878037e-09,0.0006868457556252761,204540596438.41644,9.729497751600928e+19,1.5357919101745596e+22,4.191465040447458e+19,0.829856042707079,0.020324737103516274
sc,275.0,0,7.810794591152303e-09,0.0007100722355593003,208843540409.90247,9.660151210585724e+19,1.5357919101745596e+22,4.249138426842718e+19,0.8297158903438855,0.02095825155259747
sc,275.0,0,8.074383587114653e-09,0.0007340348715558775,213331016206.16272,9.589115352657274e+19,1.5357919101745596e+22,4.308523373507543e+19,0.8295695211180307,0.02160842832555925
sc,275.0,0,8.346326547068184e-09,0.0007587569588243803,218012243415.34595,9.516368400430896e+19,1.5357919101745596e+22,4.369663946037425e+19,0.8294167376351779,0.022275601259744357
sc,275.0,0,8.62688780086257e-09,0.0007842625273511428,222896975953.3313,9.441889712971442e+19,1.5357919101745596e+22,4.432604753914637e+19,0.8292573411346463,0.02296010466288268
sc,275.0,0,8.916340014136991e-09,0.0008105763649215447,227995536812.5371,9.365659907324713e+19,1.5357919101745596e+22,4.497390901005954e+19,0.8290911318231435,0.023662272886879276
sc,275.0,0,9.214964449395513e-09,0.0008377240408541375,233318855243.5145,9.287660985415265e+19,1.5357919101745596e+22,4.564067929829797e+19,0.8289179092295066,0.02438243987674428
sc,275.0,0,9.523051235139635e-09,0.0008657319304672395,238878506545.25305,9.207876466411674e+19,1.5357919101745596e+22,4.632681759251643e+19,0.8287374725802737,0.02512093869434072
sc,275.0,0,9.840899643304701e-09,0.0008946272403004274,244686754653.13214,9.126291524177453e+19,1.5357919101745596e+22,4.703278615054325e+19,0.8285496211957855,0.025878101016752628
sc,275.0,0,1.0168818375244415e-08,0.0009244380341131286,250756597726.6113,9.04289312980953e+19,1.5357919101745596e+22,4.7759049530219364e+19,0.828354154906379,0.02665425660915233
sc,275.0,0,1.050712585652297e-08,0.0009551932596839063,257101816953.36087,8.957670198784133e+19,1.5357919101745596e+22,4.850607373960943e+19,0.8281508744881075,0.027449732772174783
sc,275.0,0,1.0856150540770048e-08,0.0009869227764336408,263737028801.43292,8.870613742522748e+19,1.5357919101745596e+22,4.927432530243549e+19,0.8279395821172617,0.028264853763899665
sc,275.0,0,1.1216231222873463e-08,0.0010196573838975875,270677740967.6206,8.781717023898896e+19,1.5357919101745596e+22,5.006427023347169e+19,0.8277200818428311,0.029099940196701805
sc,275.0,0,1.1587717361786653e-08,0.001053428851071514,277940412287.17664,8.690975716173344e+19,1.5357919101745596e+22,5.08763729187221e+19,0.8274921800758611,0.029955308409359872
sc,275.0,0,1.1970969413231335e-08,0.0010882699466573942,285542516888.2544,8.59838806484159e+19,1.5357919101745596e+22,5.171109489561272e+19,0.8272556860945228,0.030831269814955826
sc,275.0,0,1.2366359172584106e-08,0.0011242144702349188,293502612893.69025,8.503955051712992e+19,1.5357919101745596e+22,5.256889352800516e+19,0.8270104125635228,0.031728130225263204
sc,275.0,0,1.2774270128259657e-08,0.0011612972843872416,301840415993.54224,8.407680560472872e+19,1.5357919101745596e+22,5.345022057106794e+19,0.8267561760663065,0.032646189152533346
sc,275.0,0,1.3195097825883073e-08,0.001199554347807552,310576878232.7203,8.309571542894046e+19,1.5357919101745596e+22,5.435552062107838e+19,0.8264927976483413,0.03358573908970847
sc,275.0,0,1.3629250243573032e-08,0.0012390227494157302,319734272381.1587,8.209638184766988e+19,1.5357919101745596e+22,5.528522944546591e+19,0.8262201033695787,0.03454706477033453
sc,275.0,0,1.4077148178667454e-08,0.001279740743515223,329336282277.96216,8.107894070514521e+19,1.5357919101745596e+22,5.62397721885806e+19,0.8259379248640037,0.03553044240965269
sc,275.0,0,1.4539225646207298e-08,0.0013217477860188453,339408099565.37646,8.004356345364146e+19,1.5357919101745596e+22,5.721956144890562e+19,0.8256460999040237,0.03653613892850744
sc,275.0,0,1.501593028953513e-08,0.0013650845717759208,349976527255.4907,7.899045873848382e+19,1.5357919101745596e+22,5.822499522387567e+19,0.8253444729672474,0.03756441116200072
sc,275.0,0,1.55077238033528e-08,0.001409793073032073,361070090599.48914,7.791987393309344e+19,1.5357919101745596e+22,5.925645471883663e+19,0.825032895803045,0.038615505055001116
sc,275.0,0,1.6015082369593702e-08,0.001455916579053973,372719155757.8917,7.683209660987256e+19,1.5357919101745596e+22,6.031430201716959e+19,0.8247112279961105,0.03968965484685311
sc,275.0,0,1.6538497106481364e-08,0.0015034997369528513,384956056800.13885,7.572745593185478e+19,1.5357919101745596e+22,6.1398877609251906e+19,0.8243793375240911,0.04078708224788184
sc,275.0,0,1.7078474531153074e-08,0.0015525885937411887,397815231592.62537,7.460632394936094e+19,1.5357919101745596e+22,6.251049777873326e+19,0.8240371013061948,0.0419079956105181
sc,275.0,0,1.7635537036227667e-08,0.0016032306396570606,411333367165.84064,7.346911678516192e+19,1.5357919101745596e+22,6.3649451845380596e+19,0.8236844057395659,0.0430525890980849
sc,275.0,0,1.8210223380721703e-08,0.001655474852792882,425549555184.3384,7.231629569033374e+19,1.5357919101745596e+22,6.481599926410139e+19,0.823321147220085,0.04422104185455078
sc,275.0,0,1.8803089195716493e-08,0.0017093717450651358,440505458176.6953,7.114836795420675e+19,1.5357919101745596e+22,6.60103665822047e+19,0.8229472326441624,0.04541351717875605
sc,275.0,0,1.9414707505186866e-08,0.0017649734095624425,456245487216.57806,6.99658876493198e+19,1.5357919101745596e+22,6.723274425623662e+19,0.8225625798880114,0.04663016170683325
sc,275.0,0,2.0045669262421574e-08,0.001822333569311052,472816991781.11975,6.876945619423043e+19,1.5357919101745596e+22,6.8483283332815946e+19,0.8221671182608336,0.04787110460676691
sc,275.0,0,2.069658390247253e-08,0.0018815076274975029,490270462547.795,6.755972271524148e+19,1.5357919101745596e+22,6.976209199763598e+19,0.8217607889283082,0.04913645678922257
sc,275.0,0,2.1368079911068928e-08,0.0019425527191880843,508659747925.74567,6.633738419037172e+19,1.5357919101745596e+22,7.106923200006932e+19,0.8213435453028055,0.05042631013892542
sc,275.0,0,2.2060805410459572e-08,0.002005527764587234,528042285153.0209,6.510318535734281e+19,1.5357919101745596e+22,7.240471496050382e+19,0.8209153533967406,0.05174073677105536
sc,275.0,0,2.2775428762647043e-08,0.002070493523877004,548479346825.3175,6.385791837000783e+19,1.5357919101745596e+22,7.376849857098935e+19,0.8204761921355711,0.05307978831723115
sc,275.0,0,2.351263919048374e-08,0.00213751265368034,570036303755.4476,6.2602422187808825e+19,1.5357919101745596e+22,7.516048270073664e+19,0.8200260536270374,0.05444349524574935
sc,275.0,0,2.4273147417125106e-08,0.0022066497651931916,592782905095.5535,6.13375816843975e+19,1.5357919101745596e+22,7.658050542008769e+19,0.8195649433833692,0.05583186622083872
sc,275.0,0,2.5057686324324814e-08,0.0022779714840295284,616793576684.3005,6.006432646342196e+19,1.5357919101745596e+22,7.80283389587068e+19,0.8190928804933714,0.05724488750568506
sc,275.0,0,2.586701163008731e-08,0.002351546511826119,642147738610.5662,5.878362937151824e+19,1.5357919101745596e+22,7.950368561593475e+19,0.8186098977414982,0.05868252241401435
sc,275.0,0,2.670190258619126e-08,0.002427445689653751,668930143010.7628,5.7496504700828344e+19,1.5357919101745596e+22,8.10061736433256e+19,0.8181160416712878,0.060144710814954455
sc,275.0,0,2.7563162696108976e-08,0.0025057420632826344,697231233139.5502,5.620400607605164e+19,1.5357919101745596e+22,8.253535312158571e+19,0.817611372590812,0.061631368695810124
sc,275.0,0,2.84516204538629e-08,0.002586510950351173,727147524772.9348,5.490722402398339e+19,1.5357919101745596e+22,8.409069185645856e+19,0.8170959645181195,0.06314238778726357
sc,275.0,0,2.9368130104358903e-08,0.002669830009487173,758782011016.353,5.360728322671932e+19,1.5357919101745596e+22,8.567157132027104e+19,0.8165699050650291,0.0646776352553135
sc,275.0,0,3.031357242576549e-08,0.0027557793114332263,792244591600.0518,5.230533946302657e+19,1.5357919101745596e+22,8.727728266796895e+19,0.8160332952579978,0.06623695346407205
sc,275.0,0,3.12888555344934e-08,0.0028444414122266726,827652527745.836,5.10025762461048e+19,1.5357919101745596e+22,8.890702285859316e+19,0.8154862492952472,0.06782015981322183
sc,275.0,0,3.2294915713363566e-08,0.0029359014284875973,865130923685.9662,4.970020116980149e+19,1.5357919101745596e+22,9.055989091540361e+19,0.8149288942397586,0.06942704665365375
sc,275.0,0,3.3332718263538116e-08,0.0030302471148671017,904813235901.9875,4.839944197908778e+19,1.5357919101745596e+22,9.22348843594543e+19,0.8143613696482441,0.07105738128439834
sc,275.0,0,3.44032583808237e-08,0.0031275689437112453,946841811131.4592,4.710154238411611e+19,1.5357919101745596e+22,9.393089585247696e+19,0.8137838271366817,0.0727109060335905
sc,275.0,0,3.550756205694139e-08,0.0032279601869946717,991368454158.9396,4.580775764218436e+19,1.5357919101745596e+22,9.564671008840471e+19,0.8131964298835159,0.07438733842571156
sc,275.0,0,3.664668700637741e-08,0.0033315170005797645,1038555026366.7539,4.451934993388794e+19,1.5357919101745596e+22,9.738100097078015e+19,0.8125993520721418,0.07608637143687476
sc,275.0,0,3.7821723619446636e-08,0.003438338510858785,1088574075968.5615,4.323758356530174e+19,1.5357919101745596e+22,9.913232911804113e+19,0.811992778274793,0.07780767383940253
sc,275.0,0,3.9033795942180146e-08,0.003548526903834559,1141609500781.8826,4.196372002934269e+19,1.5357919101745596e+22,1.0089913973512279e+20,0.8113769027804754,0.0795508906363385
sc,275.0,0,4.0284062683698775e-08,0.0036621875166998885,1197857244318.3315,4.069901296420074e+19,1.5357919101745596e+22,1.0267976089373054e+20,0.8107519288700622,0.08131564358601495
sc,275.0,0,4.157371825168804e-08,0.00377942893197164,1257526025874.1323,3.944470304799937e+19,1.5357919101745596e+22,1.0447240226045038e+20,0.8101180680421587,0.08310153181611164
sc,275.0,0,4.290399381665122e-08,0.00390036307424102,1320838105196.6392,3.820201287150142e+19,1.5357919101745596e+22,1.0627515431240755e+20,0.8094755391937645,0.08490813252610473
sc,275.0,0,4.4276158405582135e-08,0.004025105309598376,1388030082175.6436,3.697214183230797e+19,1.5357919101745596e+22,1.0808598807906063e+20,0.8088245677601915,0.08673500177632215
sc,275.0,0,4.5691520025717855e-08,0.0041537745477925325,1459353731865.2922,3.575626109472846e+19,1.5357919101745596e+22,1.099027554462831e+20,0.8081653848190467,0.08858167536122377
sc,275.0,0,4.715142681904483e-08,0.0042864933471858935,1535076874983.988,3.455550865997657e+19,1.5357919101745596e+22,1.1172319005697437e+20,0.8074982261634144,0.09044766976392646
sc,275.0,0,4.865726824822575e-08,0.004423388022565977,1615484283859.9077,3.3370984591077024e+19,1.5357919101745596e+22,1.135449088394682e+20,0.8068233313496371,0.0923324831883917
sc,275.0,0,5.021047631461167e-08,0.0045645887558737885,1700878623593.3435,3.2203746435940123e+19,1.5357919101745596e+22,1.1536541419175479e+20,0.8061409427253102,0.094235596665123
sc,275.0,0,5.1812526809014605e-08,0.0047102297099104184,1791581427992.0579,3.1054804890421244e+19,1.5357919101745596e+22,1.1718209684549355e+20,0.8054513044432453,0.09615647522570388
sc,275.0,0,5.3464940595922046e-08,0.004860449145083823,1887934109602.7168,2.9925119740937564e+19,1.5357919101745596e+22,1.1899223942943469e+20,0.8047546614672476,0.09809456914102584
sc,275.0,0,5.516928493180878e-08,0.005015389539255344,1990299002908.115,2.8815596123366662e+19,1.5357919101745596e+22,1.207930207468991e+20,0.8040512585755792,0.10004931521758599
sc,275.0,0,5.692717481823145e-08,0.005175197710748314,2099060439493.0571,2.772708113148752e+19,1.5357919101745596e+22,1.2258152077674619e+20,0.8033413393679243,0.10202013814588914
sc,275.0,0,5.8740274390359504e-08,0.005340024944578137,2214625853694.2046,2.6660360804272267e+19,1.5357919101745596e+22,1.243547264013514e+20,0.8026251452815798,0.10400645189462986
sc,275.0,0,6.061029834160731e-08,0.0055100271219643004,2337426916950.1426,2.5616157516916916e+19,1.5357919101745596e+22,1.2610953785912538e+20,0.8019029146224133,0.10600766114409099
sc,275.0,0,6.253901338502271e-08,0.005685364853183883,2467920698753.9985,2.459512779573579e+19,1.5357919101745596e+22,1.2784277591273359e+20,0.8011748816159058,0.1080231627519994
sc,275.0,0,6.452823975206651e-08,0.005866203613824228,2606590851785.7363,2.3597860571994788e+19,1.5357919101745596e+22,1.2955118971769233e+20,0.8004412754833209,0.1100523472449452
sc,275.0,0,6.657985272942628e-08,0.006052713884493299,2753948818470.1694,2.262487588454337e+19,1.5357919101745596e+22,1.3123146536956959e+20,0.799702319547695,0.11209460032844512
sc,275.0,0,6.869578423447609e-08,0.006245071294043281,2910535055867.3955,2.1676624035661414e+19,1.5357919101745596e+22,1.3288023510067069e+20,0.7989582303739773,0.11414930440873171
sc,275.0,0,7.087802442999102e-08,0.006443456766362821,3076920275466.0474,2.0753485199331942e+19,1.5357919101745596e+22,1.3449408709109635e+20,0.7982092169472342,0.11621584011946037
sc,275.0,0,7.312862337869174e-08,0.006648056670790159,3253706694113.3955,1.9855769476038836e+19,1.5357919101745596e+22,1.360695758532347e+20,0.7974554798923853,0.1182935878466755
sc,275.0,0,7.544969273820284e-08,0.006859062976200259,3441529291993.0874,1.8983717382905184e+19,1.5357919101745596e+22,1.3760323314106203e+20,0.7966972107384714,0.12038192924563577
sc,275.0,0,7.784340749694441e-08,0.007076673408813128,3641057073248.918,1.8137500763479986e+19,1.5357919101745596e+22,1.3909157933086281e+20,0.7959345912299836,0.12248024874335643
sc,275.0,0,8.031200775148666e-08,0.007301091613771515,3852994324566.8784,1.731722409725101e+19,1.5357919101745596e+22,1.4053113521582765e+20,0.7951677926872841,0.12458793502111304
sc,275.0,0,8.285780052584041e-08,0.007532527320530946,4078081866768.174,1.6522926184579256e+19,1.5357919101745596e+22,1.419184341487549e+20,0.7943969754176767,0.12670438247153348
sc,275.0,0,8.548316163314407e-08,0.007771196512104006,4317098294248.7803,1.5754582179975344e+19,1.5357919101745596e+22,1.432500344678555e+20,0.7936222881781944,0.12882899262537623
sc,275.0,0,8.81905375801531e-08,0.008017321598195737,4570861196928.342,1.5012105943087841e+19,1.5357919101745596e+22,1.4452253213220477e+20,0.7928438676907239,0.1309611755435706
sc,275.0,0,9.098244751490158e-08,0.00827113159226378,4840228359262.4795,1.4295352674980231e+19,1.5357919101745596e+22,1.4573257349513083e+20,0.7920618382096435,0.1331003511706255
sc,275.0,0,9.38614852178688e-08,0.008532862292533527,5126098930833.536,1.3604121805080183e+19,1.5357919101745596e+22,1.4687686813832294e+20,0.7912763111417374,0.13524595064607275
sc,275.0,0,9.683032113691836e-08,0.008802756466992578,5429414563081.915,1.2938160093339613e+19,1.5357919101745596e+22,1.4795220169154242e+20,0.7904873847177859,0.13739741757116858
sc,275.0,0,9.989170446622597e-08,0.00908106404238418,5751160506887.342,1.229716491120851e+19,1.5357919101745596e+22,1.4895544855952877e+20,0.7896951437148874,0.1395542092286639
sc,275.0,0,1.030484652693735e-07,0.009368042297215773,6092366665978.235,1.1680787665273e+19,1.5357919101745596e+22,1.498835844818933e+20,0.7888996592282717,0.1417157977540556
sc,275.0,0,1.0630351664667048e-07,0.009663956058788226,6454108601540.92,1.1088637327470168e+19,1.5357919101745596e+22,1.507336988489066e+20,0.7881009884911359,0.14388167125727896
sc,275.0,0,1.0965985694675306e-07,0.009969077904250279,6837508483966.219,1.052028403713057e+19,1.5357919101745596e+22,1.5150300670374442e+20,0.7872991747408129,0.1460513348944212
sc,275.0,0,1.131205720223829e-07,0.010283688365671173,7243735988396.457,9.975262740958628e+18,1.5357919101745596e+22,1.5218886035872894e+20,0.7864942471294579,0.14822431188956134
sc,275.0,0,1.1668883753031101e-07,0.010608076139119182,7674009131677.449,9.453076839234175e+18,1.5357919101745596e+22,1.5278876056306195e+20,0.78568622067733,0.1504001445074029
sc,275.0,0,1.2036792127497026e-07,0.010942538297724569,8129595049481.594,8.953201808151293e+18,1.5357919101745596e+22,1.5330036715876477e+20,0.7848750962667126,0.15257839497787504
sc,275.0,0,1.241611855956522e-07,0.011287380508695655,8611810713788.829,8.475088770737413e+18,1.5357919101745596e+22,1.5372150916979042e+20,0.7840608606745287,0.1547586463743598
sc,275.0,0,1.2807208979674554e-07,0.011642917254249596,9122023592625.402,8.018167991216657e+18,1.5357919101745596e+22,1.540501942742988e+20,0.7832434866417642,0.15694050344767668
sc,275.0,0,1.3210419262045697e-07,0.01200947205640518,9661652255991.29,7.581852270188404e+18,1.5357919101745596e+22,1.542846176137157e+20,0.782422932977947,0.15912359341834853
sc,275.0,0,1.3626115476134353e-07,0.012387377705576685,10232166934304.107,7.165540220945218e+18,1.5357919101745596e+22,1.5442316990276662e+20,0.7815991446990818,0.16130756673007549
sc,275.0,0,1.4054674142183642e-07,0.012776976492894221,10835090038488.785,6.768619409735253e+18,1.5357919101745596e+22,1.544644448063347e+20,0.7807720531976844,0.16349209776767454
sc,275.0,0,1.4496482490780489e-07,0.01317862044616408,11471996654092.771,6.390469345707239e+18,1.5357919101745596e+22,1.5440724555910912e+20,0.7799415764438151,0.16567688554305052
sc,275.0,0,1.4951938726302417e-07,0.013592671569365833,12144515025552.07,6.030464308905861e+18,1.5357919101745596e+22,1.5425059080979304e+20,0.7791076192163561,0.16786165435300615
sc,275.0,0,1.542145229413025e-07,0.014019502085572955,12854327051055.676,5.68797600718307e+18,1.5357919101745596e+22,1.539937196760359e+20,0.7782700733641413,0.17004615441294432
sc,275.0,0,1.5905444151477943e-07,0.014459494683161767,13603168813368.064,5.362376055550116e+18,1.5357919101745596e+22,1.5363609600686303e+20,0.7774288180969943,0.17223016247065526
sc,275.0,0,1.6404347041678602e-07,0.014913042765162365,14392831177607.486,5.053038273621033e+18,1.5357919101745596e+22,1.5317741185125984e+20,0.7765837203071958,0.17441348240454688
sc,275.0,0,1.6918605771739475e-07,0.015380550701581341,15225160493345.46,4.759340799071413e+18,1.5357919101745596e+22,1.5261759013998998e+20,0.7757346349224686,0.1765959458107353
sc,275.0,0,1.744867749296319e-07,0.01586243408451199,16102059445653.992,4.4806680169974646e+18,1.5357919101745596e+22,1.5195678659363344e+20,0.7748814052921381,0.1787774125834909
sc,275.0,0,1.7995031984405312e-07,0.016359119985823012,17025488107905.146,4.2164123067343247e+18,1.5357919101745596e+22,1.511953908716256e+20,0.7740238636088071,0.1809577714935209
sc,275.0,0,1.855815193891665e-07,0.016871047217196955,17997465258406.06,3.9659756094213417e+18,1.5357919101745596e+22,1.5033402698656714e+20,0.7731618313685977,0.18313694076855158
sc,275.0,0,1.9138533251492623e-07,0.01739866659226602,19020070033393.91,3.728770820831425e+18,1.5357919101745596e+22,1.4937355300757098e+20,0.7722951198738036,0.18531486868059888
sc,275.0,0,1.9736685309624657e-07,0.01794244119056787,20095444000720.996,3.5042230152353654e+18,1.5357919101745596e+22,1.483150600823552e+20,0.771423530782673,0.18749153414420672
sc,275.0,0,2.0353131285319847e-07,0.018502846623018043,21225793751854.74,3.2917705070619085e+18,1.5357919101745596e+22,1.4715987081123014e+20,0.7705468567119836,0.18966694732978512
sc,275.0,0,2.0988408428425337e-07,0.019080371298568488,22413394124831.688,3.0908657578284216e+18,1.5357919101745596e+22,1.4590953700504198e+20,0.769664881899118,0.19184115029599505
sc,275.0,0,2.1643068360860024e-07,0.01967551669169093,23660592187738.695,2.900976136566681e+18,1.5357919101745596e+22,1.4456583686591757e+20,0.7687773829314821,0.1940142176448988
sc,275.0,0,2.2317677371326033e-07,0.020288797610296394,24969812131433.332,2.721584542304487e+18,1.5357919101745596e+22,1.4313077162546979e+20,0.7678841295523573,0.19618625720334087
sc,275.0,0,2.301281671003057e-07,0.020920742463664155,26343561241850.445,2.552189897566833e+18,1.5357919101745596e+22,1.4160656167928683e+20,0.7669848855536475,0.19835741073370383
sc,275.0,0,2.372908288291805e-07,0.0215718935299255,27784437146781.133,2.3923075220033306e+18,1.5357919101745596e+22,1.3999564225513483e+20,0.7660794097674722,0.20052785467686027
sc,275.0,0,2.446708794486748e-07,0.022242807222606797,29295136559846.234,2.241469395282332e+18,1.5357919101745596e+22,1.3830065865004155e+20,0.7651674571702073,0.20269780092973952
sc,275.0,0,2.522745979127007e-07,0.022934054355700062,30878465776045.324,2.099224318411959e+18,1.5357919101745596e+22,1.3652446107388161e+20,0.7642487801143696,0.2048674976595039
sc,275.0,0,2.601084244735974e-07,0.023646220406690677,32537353209426.47,1.9651379824106803e+18,1.5357919101745596e+22,1.3467009913008344e+20,0.7633231297057165,0.20703723015585648
sc,275.0,0,2.6817896354620375e-07,0.024379905776927613,34274864304736.32,1.8387929531261217e+18,1.5357919101745596e+22,1.3274081596726927e+20,0.7623902573450851,0.20920732172247114
sc,275.0,0,2.7649298653549316e-07,0.025135726048681195,36094219202312.805,1.7197885806333796e+18,1.5357919101745596e+22,1.3074004212813527e+20,0.7614499164568552,0.2113781346079717
sc,275.0,0,2.850574346200175e-07,0.025914312238183412,37998813590107.625,1.6077408413512172e+18,1.5357919101745596e+22,1.2867138912183219e+20,0.7605018644284977,0.21355007097624762
sc,275.0,0,2.9387942148292916e-07,0.026716311043902652,39992243239674.74,1.5022821206170954e+18,1.5357919101745596e+22,1.2653864274184695e+20,0.7595458647884515,0.2157235739152248
sc,275.0,0,3.029662359817677e-07,0.02754238508925161,42078332796021.76,1.403060943024277e+18,1.5357919101745596e+22,1.243457561461119e+20,0.7585816896526257,0.21789912848246093
sc,275.0,0,3.12325344747639e-07,0.028393213158876274,44255120794263.27,1.3097429434863388e+18,1.5357919101745596e+22,1.2208027697065465e+20,0.7576059142882302,0.22007726278513828
sc,275.0,0,3.2196439470382796e-07,0.029269490427620726,46513612535047.52,1.2220104624528673e+18,1.5357919101745596e+22,1.1971564319049898e+20,0.7566120641269061,0.22225854903000208
sc,275.0,0,3.318912154932562e-07,0.030171928681205107,48854689427818.54,1.1395583914842052e+18,1.5357919101745596e+22,1.1725699185632815e+20,0.755599514676254,0.2244436045211507
sc,275.0,0,3.4211382180356256e-07,0.0311012565275966,51279114083777.74,1.0620962944656527e+18,1.5357919101745596e+22,1.1470974526830918e+20,0.7545676238459205,0.22663309277860047
sc,275.0,0,3.5264041557793443e-07,0.03205821959799404,53787528283640.414,9.89347969433192e+17,1.5357919101745596e+22,1.120795974281948e+20,0.7535157326876321,0.22882772466688905
sc,275.0,0,3.6347938809909277e-07,0.033043580736281164,56380452126983.5,9.210509925524701e+17,1.5357919101745596e+22,1.0937249952635344e+20,0.7524431663432404,0.2310282595258631
sc,275.0,0,3.74639321933195e-07,0.034058120175745,59058284466792.75,8.569562484029318e+17,1.5357919101745596e+22,1.0659464443373845e+20,0.7513492352343368,0.23323550629462142
sc,275.0,0,3.8612899271962657e-07,0.035102635701784235,61821304725453.55,7.968274503362309e+17,1.5357919101745596e+22,1.0375245016645614e+20,0.7502332365318874,0.23545032461833904
sc,275.0,0,3.9795737079193217e-07,0.03617794279926656,64669676178843.07,7.404406542553632e+17,1.5357919101745596e+22,1.0085254228257774e+20,0.7490944559499471,0.23767362592642596
sc,275.0,0,4.1013362261439735e-07,0.03728487478312703,67603450783517.58,6.875837688024486e+17,1.5357919101745596e+22,9.790173516880128e+19,0.7479321699139462,0.2399063744691765
sc,275.0,0,4.2266711201795267e-07,0.03842428291072297,70622575607691.36,6.380560645998956e+17,1.5357919101745596e+22,9.490701217291133e+19,0.7467456481613813,0.24214958829873157
sc,275.0,0,4.3556740121832605e-07,0.03959703647439328,73726900910321.98,5.916676848545427e+17,1.5357919101745596e+22,9.187550453596599e+19,0.7455341568412044,0.2444043401788694
sc,275.0,0,4.4884425159851984e-07,0.040804022872592716,76916189893837.89,5.4823915935196896e+17,1.5357919101745596e+22,8.881446908148e+19,0.7442969621878358,0.24667175840683378
sc,275.0,0,4.625076242368779e-07,0.04204614765789799,80190130135120.47,5.076009235985569e+17,1.5357919101745596e+22,8.573126462293018e+19,0.7430333348567594,0.24895302752916226
sc,275.0,0,4.765676801611914e-07,0.04332433456010831,83548346676423.08,4.6959284462595584e+17,1.5357919101745596e+22,8.263332705733673e+19,0.7417425550212242,0.25124938893230075
sc,275.0,0,4.910347803083952e-07,0.04463952548258138,86990416733207.14,4.340637547648619e+17,1.5357919101745596e+22,7.952814312330456e+19,0.740423918343878,0.25356214128771454
sc,275.0,0,5.059194851686406e-07,0.045992680469876424,90515885949725.52,4.008709945126512e+17,1.5357919101745596e+22,7.642322281562679e+19,0.7390767429533263,0.255892640830292
sc,275.0,0,5.212325540916164e-07,0.0473847776446924,94124286105922.36,3.69879965461129e+17,1.5357919101745596e+22,7.332607046534968e+19,0.7377003775738373,0.25824230144808186
sc,275.0,0,5.369849442321835e-07,0.04881681311201669,97815154151332.56,3.409636941218958e+17,1.5357919101745596e+22,7.0244154515288695e+19,0.7362942109767693,0.2606125945608991
sc,275.0,0,5.531878091115703e-07,0.05028980082832457,101588052413644.25,3.140024073824774e+17,1.5357919101745596e+22,6.718487604586997e+19,0.7348576829448348,0.2630050487650914
sc,275.0,0,5.698524967695082e-07,0.05180477243359166,105442589801963.16,2.888831202463374e+17,1.5357919101745596e+22,6.4155536135105044e+19,0.7333902969649417,0.26542124922183297
sc,275.0,0,5.869905474819483e-07,0.05336277704381348,109378443798314.47,2.6549923645110016e+17,1.5357919101745596e+22,6.116330216924046e+19,0.7318916348917657,0.26786283676677014
sc,275.0,0,6.0461369101819e-07,0.05496488100165364,113395383006075.36,2.4375016252060902e+17,1.5357919101745596e+22,5.821517325701597e+19,0.7303613738518492,0.2703315067197054
sc,275.0,0,6.227338434105047e-07,0.056612167582773154,117493290001628.7,2.235409357848601e+17,1.5357919101745596e+22,5.5317944940269806e+19,0.7287993056858887,0.272829007374334
sc,275.0,0,6.413631032086649e-07,0.058305736655333174,121672184216213.69,2.04781866893783e+17,1.5357919101745596e+22,5.247817343604293e+19,0.7272053592533428,0.27535713814988233
sc,275.0,0,6.605137471910994e-07,0.06004670429009995,125932244559425.86,1.8738819735299274e+17,1.5357919101745596e+22,4.970213968985609e+19,0.7255796259461446,0.2779177473888535
sc,275.0,0,6.80198225503809e-07,0.0618362023185281,130273831484715.33,1.7127977261749258e+17,1.5357919101745596e+22,4.699581356523413e+19,0.723922388773496,0.28051272978800523
sc,275.0,0,7.004291561976294e-07,0.06367537783614813,134697508191399.67,1.5638073128833174e+17,1.5357919101745596e+22,4.436481853990023e+19,0.7222341553823302,0.2831440234531615
sc,275.0,0,7.212193191339467e-07,0.06556539264854061,139204060657091.3,1.4261921096234202e+17,1.5357919101745596e+22,4.181439732250821e+19,0.720515695360819,0.2858136065724882
sc,275.0,0,7.425816492286187e-07,0.06750742265714715,143794516199965.9,1.2992707128142034e+17,1.5357919101745596e+22,3.934937884413608e+19,0.7187680821255216,0.28852349370742675
sc,275.0,0,7.645292290034978e-07,0.06950265718213616,148470160282619.3,1.1823963470970422e+17,1.5357919101745596e+22,3.697414711400037e+19,0.716992739603402,0.29127573170550447
sc,275.0,0,7.870752804148289e-07,0.07155229821952991,153232551287225.6,1.0749544552924054e+17,1.5357919101745596e+22,3.469261245660581e+19,0.7151914937712472,0.2940723952446945
sc,275.0,0,8.10233155927669e-07,0.0736575596297881,158083533016509.97,9.76360474828817e+16,1.5357919101745596e+22,3.2508185666113126e+19,0.7133666288861035,0.2969155820247384
sc,275.0,0,8.34016328805534e-07,0.07581966625504855,163025244706935.66,8.860578040465621e+16,1.5357919101745596e+22,3.0423755621492904e+19,0.7115209479062345,0.2998074076267909
sc,275.0,0,8.584383825846971e-07,0.0780398529622452,168060128376200.7,8.035159605649749e+16,1.5357919101745596e+22,2.8441670899219014e+19,0.7096578361346924,0.30275000006873193
sc,275.0,0,8.835129997028664e-07,0.08031936360935149,173190933371076.28,7.282289323863534e+16,1.5357919101745596e+22,2.6563725899448484e+19,0.7077813264879326,0.30574549408935253
sc,275.0,0,9.092539492525114e-07,0.08265944993204649,178420718026921.9,6.5971372057118536e+16,1.5357919101745596e+22,2.4791151963298386e+19,0.7058961639749187,0.3087960252001894
sc,275.0,0,9.356750738297962e-07,0.0850613703481633,183752848402076.53,5.975090701791946e+16,1.5357919101745596e+22,2.3124613903027147e+19,0.7040078659542256,0.3119037235488465
sc,275.0,0,9.627902754509441e-07,0.08752638867735857,189190994101848.6,5.411743837945229e+16,1.5357919101745596e+22,2.1564212292996e+19,0.7021227735275698,0.31507070764201744
sc,275.0,0,9.906135005090058e-07,0.09005577277354598,194739121262098.53,4.9028880937482536e+16,1.5357919101745596e+22,2.0109491777203737e+19,0.700248088077292,0.3182990779799148
sc,275.0,0,1.0191587237452651e-06,0.09265079306775137,200401482814411.5,4.44450491498587e+16,1.5357919101745596e+22,1.8759455540364943e+19,0.6983918855715868,0.3215909106562295
sc,275.0,0,1.0484399312111567e-06,0.09531272101919608,206182606208420.12,4.032759724084368e+16,1.5357919101745596e+22,1.751258596563109e+19,0.6965631000340484,0.32494825097895697
sc,275.0,0,1.0784711021983284e-06,0.09804282747257531,212087278812678.44,3.663997266935902e+16,1.5357919101745596e+22,1.636687136572612e+19,0.6947714667882527,0.3283731071672866
sc,275.0,0,1.1092661901166052e-06,0.10084238091969139,218120531261112.34,3.3347381113148452e+16,1.5357919101745596e+22,1.5319838529522186e+19,0.6930274161228196,0.33186744417820885
sc,275.0,0,1.140839102302004e-06,0.10371264566381855,224287619046025.75,3.041676092457544e+16,1.5357919101745596e+22,1.4368590676501393e+19,0.6913419093191727,0.33543317771351117
sc,275.0,0,1.1732036787395748e-06,0.10665487988541589,230594002688869.47,2.7816764864849644e+16,1.5357919101745596e+22,1.3509850262886754e+19,0.6897262119692599,0.3390721684534553
sc,275.0,0,1.2063736696888767e-06,0.1096703336080797,237045326838471.56,2.551774683240116e+16,1.5357919101745596e+22,1.274000594041385e+19,0.6881916044641772,0.3427862165577543
sc,275.0,0,1.2403627122032033e-06,0.11276024656392758,243647398654690.16,2.349175127644999e+16,1.5357919101745596e+22,1.2055162838024155e+19,0.6867490364194496,0.3465770564676702
sc,275.0,0,1.275184305537256e-06,0.11592584595793237,250406165835691.56,2.1712503034871324e+16,1.5357919101745596e+22,1.1451195224711905e+19,0.6854087400913313,0.3504463520353393
sc,275.0,0,1.3108517854420548e-06,0.1191683441310959,257327694632328.1,2.0155395459251824e+16,1.5357919101745596e+22,1.0923800524252144e+19,0.6841798264162956,0.35439569199812393
sc,275.0,0,1.3473782973500965e-06,0.12248893612273604,264418148171395.78,1.8797474890222012e+16,1.5357919101745596e+22,1.0468553596752968e+19,0.6830698945376209,0.35842658580715253
sc,275.0,0,1.384776768458562e-06,0.12588879713259654,271683765377355.12,1.7617419817891528e+16,1.5357919101745596e+22,1.0080960182875011e+19,0.6820846897064,0.3625404598106506
sc,275.0,0,1.4230598787233641e-06,0.1293690798839422,279130840739418.5,1.659551339774079e+16,1.5357919101745596e+22,9.756508428937175e+18,0.681227843672288,0.36673865378448783
sc,275.0,0,1.462240030782253e-06,0.13293091188929573,286765705125767.9,1.5713608377595958e+16,1.5357919101745596e+22,9.490717477132085e+18,0.6805007253750881,0.3710224177949328
sc,275.0,0,1.5023293188310152e-06,0.13657539262100138,294594707794228.1,1.4955083908136136e+16,1.5357919101745596e+22,9.279182213621803e+18,0.6799024184461714,0.3753929093722081
sc,275.0,0,1.5433394964828389e-06,0.140303590589349,302624199694242.3,1.4304794135262956e+16,1.5357919101745596e+22,9.117613414045622e+18,0.6794298275773685,0.37985119096829256
sc,275.0,0,1.585281943647488e-06,0.14411654033158983,310860518104037.9,1.3749008882847668e+16,1.5357919101745596e+22,9.001872702804943e+18,0.6790779009536272,0.3843982276687146
sc,275.0,0,1.6281676324736676e-06,0.14801523931578797,319309972594506.8,1.3275347104637478e+16,1.5357919101745596e+22,8.928001938106302e+18,0.6788399435359532,0.38903488512586554
sc,275.0,0,1.6720070924050911e-06,0.1520006447640992,327978832264638.2,1.2872704093014656e+16,1.5357919101745596e+22,8.89224683625035e+18,0.6787079881889186,0.39376192768065177
sc,275.0,0,1.7168103744082338e-06,0.15607367040074854,336873314154863.4,1.2531173664908884e+16,1.5357919101745596e+22,8.891074843311633e+18,0.6786731893961658,0.39858001664001347
sc,275.0,0,1.762587014437358e-06,0.16023518313066892,345999572708297.44,1.224196669338157e+16,1.5357919101745596e+22,8.921187438416829e+18,0.6787262071876152,0.4034897086798009
sc,275.0,0,1.8093459962104148e-06,0.16448599965549227,355363690123253.06,1.1997327417244944e+16,1.5357919101745596e+22,8.97952720193175e+18,0.6788575555014332,0.4084914543455639
sc,275.0,0,1.857095713377516e-06,0.16882688303431964,364971667422508.4,1.1790448947564558e+16,1.5357919101745596e+22,9.063280098839129e+18,0.6790578976672003,0.4135855966277159
sc,275.0,0,1.9058439311719748e-06,0.17325853919745227,374829416049632.2,1.161538931096023e+16,1.5357919101745596e+22,9.169873510461335e+18,0.6793182802716001,0.41877236959208014
sc,275.0,0,1.9555977476423834e-06,0.17778161342203486,384942749796598.4,1.1466989240414298e+16,1.5357919101745596e+22,9.296970597885473e+18,0.6796303040673117,0.42405189705177726
sc,275.0,0,2.0063635545726346e-06,0.1823966867793304,395317376868553.9,1.1340792760482452e+16,1.5357919101745596e+22,9.442461601076589e+18,0.6799862361170378,0.4294241912715468
sc,275.0,0,2.0581469982053558e-06,0.18710427256412326,405958891893360.06,1.1232971430526966e+16,1.5357919101745596e+22,9.60445267318313e+18,0.6803790708694181,0.4348891517007383
sc,275.0,0,2.110952939892684e-06,0.19190481271751675,416872767693022.06,1.114025291984277e+16,1.5357919101745596e+22,9.781252825153825e+18,0.6808025495566727,0.44044656373617874
sc,275.0,0,2.164785416806599e-06,0.19679867425514536,428064346648791.44,1.1059854402549616e+16,1.5357919101745596e+22,9.971359516206367e+18,0.6812511475933032,0.4460960975207839
sc,275.0,0,2.2196476028493208e-06,0.20178614571357462,439538831504258.3,1.0989421086393492e+16,1.5357919101745596e+22,1.0173443375884196e+19,0.6817200389958578,0.4518373067880414
sc,275.0,0,2.2755417699120383e-06,0.20686743362836713,451301275468527.06,1.0926970032488258e+16,1.5357919101745596e+22,1.038633248675494e+19,0.6822050456438518,0.4576696277662369
sc,275.0,0,2.3324692496379275e-06,0.2120426590579934,463356571503467.5,1.087083928682093e+16,1.5357919101745596e+22,1.0608996597457576e+19,0.6827025777788929,0.4635923781595025
sc,275.0,0,2.390430395852468e-06,0.2173118541684062,475709440695801.7,1.0819642229752352e+16,1.5357919101745596e+22,1.0840531575653964e+19,0.6832095707111888,0.46960475622536585
sc,275.0,0,2.449424547830708e-06,0.22267495889370076,488364419635563.4,1.077222695717777e+16,1.5357919101745596e+22,1.1080144352062489e+19,0.6837234214013046,0.4757058399704861
sc,275.0,0,2.509449994577191e-06,0.22813181768883556,501325846746014.4,1.0727640435705068e+16,1.5357919101745596e+22,1.132713855185134e+19,0.6842419274749748,0.48189458648767053
sc,275.0,0,2.5705039402994796e-06,0.2336821763908618,514597847527587.7,1.0685097122401328e+16,1.5357919101745596e+22,1.1580900959043078e+19,0.6847632303290004,0.48816983145807297
sc,275.0,0,2.632582471260859e-06,0.23932567920553266,528184318697987.0,1.0643951705370826e+16,1.5357919101745596e+22,1.1840888914247217e+19,0.6852857632878963,0.4945302888427573
sc,275.0,0,2.6956805242013664e-06,0.24506186583648787,542088911232271.3,1.0603675602454498e+16,1.5357919101745596e+22,1.2106618706520865e+19,0.6858082052504585,0.5009745507875466
sc,275.0,0,2.7597918565189673e-06,0.2508901687744516,556315012324003.75,1.0563836849245844e+16,1.5357919101745596e+22,1.237765498645034e+19,0.6863294398934647,0.5075010877643575
sc,275.0,0,2.8249090184044093e-06,0.2568099107640372,570865726304020.5,1.0524083012033666e+16,1.5357919101745596e+22,1.2653601199648266e+19,0.6868485202466248,0.5141082489710792
sc,275.0,0,2.891023327123599e-06,0.26282030246578175,585743854572543.8,1.0484126773996302e+16,1.5357919101745596e+22,1.2934091017698642e+19,0.6873646382916822,0.5207942630105205
sc,275.0,0,2.9581248436407344e-06,0.26892044033097584,600951874616856.8,1.0443733861846596e+16,1.5357919101745596e+22,1.321878072656218e+19,0.6878770991461535,0.5275572388671063
sc,275.0,0,3.026202351773268e-06,0.27510930470666073,616491918198813.6,1.0402713003383842e+16,1.5357919101745596e+22,1.3507342520135647e+19,0.6883852993496692,0.5343951671978736
sc,275.0,0,3.095243340066364e-06,0.2813857581878513,632365748812310.6,1.0360907632378108e+16,1.5357919101745596e+22,1.379945863860898e+19,0.6888887087632933,0.541305921951947
sc,275.0,0,3.165233986569728e-06,0.2877485442336116,648574738526964.8,1.0318189084551116e+16,1.5357919101745596e+22,1.4094816286818982e+19,0.6893868556080911,0.5482872623301358
sc,275.0,0,3.2361591466932353e-06,0.2941962860630214,665119844345170.4,1.0274451056031616e+16,1.5357919101745596e+22,1.4393103266264304e+19,0.6898793141998958,0.5553368350935765
sc,275.0,0,3.3080023443101186e-06,0.30072748584637443,682001584212597.2,1.0229605122621608e+16,1.5357919101745596e+22,1.4694004255305665e+19,0.6903656949763461,0.5624521772275476
sc,275.0,0,3.3807457662670037e-06,0.30734052420609126,699220012835932.4,1.018357714394182e+16,1.5357919101745596e+22,1.4997197674876103e+19,0.6908456364552825,0.5696307189636827
sc,275.0,0,3.4543702604492223e-06,0.3140336600408384,716774697475476.8,1.0136304400508606e+16,1.5357919101745596e+22,1.5302353081140169e+19,0.691318798807331,0.5768697871608743
sc,275.0,0,3.528855337537518e-06,0.3208050306852289,734664693889113.8,1.0087733333774838e+16,1.5357919101745596e+22,1.5609129031492846e+19,0.6917848587678339,0.5841666090422214
sc,275.0,0,3.604179176578205e-06,0.32765265241620045,752888522617083.8,1.0037817778948444e+16,1.5357919101745596e+22,1.591717137582969e+19,0.6922435056528459,0.5915183162824231
sc,275.0,0,3.680318634473621e-06,0.33457442131578374,771444145807816.4,9986517597949964.0,1.5357919101745596e+22,1.6226111930682886e+19,0.692694438279973,0.5989219494371434
sc,275.0,0,3.7572492594828904e-06,0.3415681144984446,790328944797118.6,9933797635273388.0,1.5357919101745596e+22,1.6535567499524364e+19,0.6931373626270162,0.6063744627030313
sc,275.0,0,3.834945308804896e-06,0.34863139170953605,809539698659804.5,9879626932844402.0,1.5357919101745596e+22,1.6845139207886416e+19,0.6935719900895856,0.6138727289943502
sc,275.0,0,3.913379770296197e-06,0.3557617972996543,829072563962702.2,9823978151342130.0,1.5357919101745596e+22,1.7154412126918617e+19,0.6939980362232302,0.6214135453195588
sc,275.0,0,3.992524388356007e-06,0.3629567625778189,848923055954955.2,9766827155056294.0,1.5357919101745596e+22,1.7462955163401783e+19,0.6944152198764123,0.6289936384386903
sc,275.0,0,4.072349693989162e-06,0.37021360854446933,869086031437940.8,9708152725446672.0,1.5357919101745596e+22,1.7770321198144625e+19,0.6948232626382009,0.6366096707800762
sc,275.0,0,4.152825039035608e-06,0.37752954900323704,889555673561910.8,9647936375300168.0,1.5357919101745596e+22,1.8076047458031323e+19,0.6952218885391354,0.6442582465928217
sc,275.0,0,4.233918634532076e-06,0.3849016940483706,910325478797445.9,9586162240799240.0,1.5357919101745596e+22,1.8379656109430024e+19,0.6956108239557682,0.6519359183095063
sc,275.0,0,4.315597593148279e-06,0.39232705392257083,931388246331713.2,9522817033321750.0,1.5357919101745596e+22,1.8680655062770274e+19,0.6959897976792554,0.6596391930918959
sc,275.0,0,4.397827975616047e-06,0.39980254323782244,952736070138358.9,9457890036481330.0,1.5357919101745596e+22,1.8978538979669144e+19,0.6963585411163143,0.6673645395309735
sc,275.0,0,4.480574841046197e-06,0.40732498554965424,974360333966634.6,9391373136715898.0,1.5357919101745596e+22,1.9272790474706248e+19,0.6967167885972746,0.675108394471402
sc,275.0,0,4.563802301004022e-06,0.4148911182730929,996251709491080.0,9323260878055412.0,1.5357919101745596e+22,1.9562881504403587e+19,0.697064277771077,0.6828671699295956
sc,275.0,0,4.6474735771908545e-06,0.4224975979264413,1018400157857328.6,9253550533630736.0,1.5357919101745596e+22,1.984827493618176e+19,0.6974007500711012,0.690637260073912
sc,275.0,0,4.731551062556339e-06,0.43014100568693997,1040794934853033.5,9182242187750748.0,1.5357919101745596e+22,2.0128426289375564e+19,0.69772595123892,0.6984150482351223
sc,275.0,0,4.8159963856436705e-06,0.4378178532403337,1063424599926819.8,9109338823601598.0,1.5357919101745596e+22,2.0402785639953613e+19,0.6980396318956416,0.706196913915218
sc,275.0,0,4.900770477948971e-06,0.4455245889044519,1086277029274229.9,9034846412527296.0,1.5357919101745596e+22,2.0670799679808565e+19,0.698341548152524,0.7139792397628372
sc,275.0,0,4.985833644055812e-06,0.45325760400507387,1109339433208498.8,8958774001363147.0,1.5357919101745596e+22,2.093191392012409e+19,0.6986314622542709,0.7217584184840784
sc,275.0,0,5.071145634287101e-06,0.46101323948064554,1132598378039200.2,8881133795077797.0,1.5357919101745596e+22,2.1185575027845894e+19,0.6989091432498711,0.729530859658241
sc,275.0,0,5.156665719599517e-06,0.4687877926908652,1156039812695888.8,8801941232151162.0,1.5357919101745596e+22,2.1431233282739286e+19,0.6991743676872091,0.737292996429077
sc,275.0,0,5.242352768430057e-06,0.4765775244027325,1179649100361148.5,8721215050654573.0,1.5357919101745596e+22,2.166834514214748e+19,0.6994269203290406,0.7450412920434151
sc,275.0,0,5.3281653251908174e-06,0.48437866592643797,1203411055423427.8,8638977343170036.0,1.5357919101745596e+22,2.189637589976592e+19,0.6996665948893884,0.7527722462105528
sc,275.0,0,5.414061690096534e-06,0.4921874263724122,1227309986130517.5,8555253598953864.0,1.5357919101745596e+22,2.2114802424646865e+19,0.6998931947911237,0.7604824012575359
sc,275.0,0,5.5e-06,0.5,1251329743428832.2,8470072732004311.0,1.5357919101745596e+22,2.2323115967137972e+19,0.7001065339475258,0.768168348057364
sc,275.0,0,5.585938309903469e-06,0.5078125736275881,1275453776621357.5,8383467093808537.0,1.5357919101745596e+22,2.252082501931439e+19,0.7003064375731417,0.7758267317092521
sc,275.0,0,5.671834674809185e-06,0.5156213340735623,1299665196680948.8,8295472469825717.0,1.5357919101745596e+22,2.270745821959703e+19,0.7004927430324015,0.7834542569522742
sc,275.0,0,5.757647231569949e-06,0.5234224755972681,1323946848331301.2,8206128058867093.0,1.5357919101745596e+22,2.2882567293972996e+19,0.700665300738385,0.7910476932960468
sc,275.0,0,5.8433342804004825e-06,0.5312122073091348,1348281392373602.5,8115476434755419.0,1.5357919101745596e+22,2.3045730030447698e+19,0.7008239751190661,0.7986038798544857
sc,275.0,0,5.928854365712899e-06,0.5389867605193545,1372651400215281.0,8023563489857109.0,1.5357919101745596e+22,2.3196553288974086e+19,0.7009686456744867,0.8061197298711112
sc,275.0,0,6.01416635594419e-06,0.5467423959949264,1397039463174299.0,7930438360158911.0,1.5357919101745596e+22,2.333467605593917e+19,0.7010992081559373,0.8135922349268071
sc,275.0,0,6.099229522051031e-06,0.5544754110955483,1421428319919160.2,7836153331937234.0,1.5357919101745596e+22,2.3459772561810747e+19,0.7012155759075617,0.8210184688233854
sc,275.0,0,6.184003614356336e-06,0.5621821467596669,1445801006397268.2,7740763730023106.0,1.5357919101745596e+22,2.357155549089787e+19,0.7013176814222557,0.8283955911386771
sc,275.0,0,6.26844893744366e-06,0.56985899431306,1470141033841547.2,7644327788073119.0,1.5357919101745596e+22,2.3669779326082134e+19,0.7014054781776009,0.835720850451199
sc,275.0,0,6.352526422809144e-06,0.5775024020735586,1494432601977250.8,7546906501311515.0,1.5357919101745596e+22,2.3754243886760423e+19,0.7014789428342428,0.842991587234677
sc,275.0,0,6.4361976989959805e-06,0.5851088817269073,1518660856422368.0,7448563462389699.0,1.5357919101745596e+22,2.3824798136512033e+19,0.7015380778990399,0.8502052364248153
sc,275.0,0,6.5194251589538055e-06,0.592675014450346,1542812201544027.5,7349364681286187.0,1.5357919101745596e+22,2.388134435834366e+19,0.7015829149787871,0.8573593296627232
sc,275.0,0,6.602172024383959e-06,0.6001974567621781,1566874682758066.0,7249378390210293.0,1.5357919101745596e+22,2.392384281869248e+19,0.701613518777764,0.8644514972212514
sc,275.0,0,6.684402406851721e-06,0.6076729460774292,1590838455495009.5,7148674834666005.0,1.5357919101745596e+22,2.3952317067833643e+19,0.7016299920240995,0.8714794696222165
sc,275.0,0,6.766081365467923e-06,0.6150983059516294,1614696361866749.2,7047326052005795.0,1.5357919101745596e+22,2.3966860053247816e+19,0.7016324815460793,0.8784410789540672
sc,275.0,0,6.847174960964395e-06,0.6224704509967632,1638444640504990.0,6945405638859191.0,1.5357919101745596e+22,2.396764125314672e+19,0.7016211857600803,0.8853342599009411
sc,275.0,0,6.92765030601084e-06,0.629786391455531,1662083800141608.5,6842988508924642.0,1.5357919101745596e+22,2.395491506956303e+19,0.7015963638764717,0.8921570504953491
sc,275.0,0,7.0074756116439974e-06,0.6370432374221816,1685619693310691.5,6740150642702509.0,1.5357919101745596e+22,2.3929030753410847e+19,0.701558347177728,0.8989075926078218
sc,275.0,0,7.086620229703803e-06,0.6442382027003457,1709064833085870.8,6636968830802381.0,1.5357919101745596e+22,2.3890444166619816e+19,0.7015075527727805,0.9055841321878291
sc,275.0,0,7.165054691195103e-06,0.651368608290464,1732440003002922.2,6533520412451321.0,1.5357919101745596e+22,2.3839731717203313e+19,0.7014445002809685,0.9121850192711308
sc,275.0,0,7.242750740517112e-06,0.6584318855015556,1755776218203015.0,6429883010855568.0,1.5357919101745596e+22,2.377760683052662e+19,0.7013698319442206,0.9187087077694039
sc,275.0,0,7.3196813655263815e-06,0.6654255786842165,1779117104325265.8,6326134267047915.0,1.5357919101745596e+22,2.3704939342484525e+19,0.7012843367020507,0.9251537550586096
sc,275.0,0,7.3958208234218e-06,0.6723473475838,1802521769628166.0,6222351573816797.0,1.5357919101745596e+22,2.3622778215338717e+19,0.7011889787831814,0.9315188213830063
sc,275.0,0,7.471144662462482e-06,0.6791949693147711,1826068254996086.2,6118611811259288.0,1.5357919101745596e+22,2.35323779815431e+19,0.7010849313596531,0.9378026690921085
sc,275.0,0,7.545629739550777e-06,0.6859663399591616,1849857655739748.8,6014991085425558.0,1.5357919101745596e+22,2.3435229313600147e+19,0.7009736157601266,0.9440041617281357
sc,275.0,0,7.619254233732998e-06,0.692659475793909,1874019018072796.0,5911564471446503.0,1.5357919101745596e+22,2.333309409552298e+19,0.7008567466303175,0.9501222629816589
sc,275.0,0,7.691997655689884e-06,0.6992725141536258,1898715121406451.5,5808405762449498.0,1.5357919101745596e+22,2.3228045330306466e+19,0.7007363832363035,0.9561560355332089
sc,275.0,0,7.763840853306769e-06,0.705803713936979,1924149264842916.8,5705587225475330.0,1.5357919101745596e+22,2.3122512157107806e+19,0.700614986801569,0.9621046397985404
sc,275.0,0,7.834766013430272e-06,0.7122514557663884,1950573181868199.0,5603179365516999.0,1.5357919101745596e+22,2.3019330168036106e+19,0.7004954833165774,0.9679673325950674
sc,275.0,0,7.904756659933636e-06,0.7186142418121487,1978296210676314.0,5501250698715382.0,1.5357919101745596e+22,2.29217971056045e+19,0.7003813306222731,0.9737434657466636
sc,275.0,0,7.973797648226734e-06,0.7248906952933395,2007695848326043.8,5399867535665714.0,1.5357919101745596e+22,2.283373388829493e+19,0.7002765877086414,0.979432484643545
sc,275.0,0,8.041875156359268e-06,0.7310795596690244,2039229814325962.0,5299093775719181.0,1.5357919101745596e+22,2.275955075165767e+19,0.7001859830570569,0.9850339267733205
sc,275.0,0,8.108976672876405e-06,0.7371796975342186,2073449742685814.0,5198990713109171.0,1.5357919101745596e+22,2.270431810701027e+19,0.7001149774818245,0.9905474202384449
sc,275.0,0,8.175090981595591e-06,0.7431900892359629,2111016610474651.0,5099616855686772.0,1.5357919101745596e+22,2.2673841511750504e+19,0.7000698153227746,0.9959726822742827
sc,275.0,0,8.240208143481032e-06,0.7491098312255484,2152717994944162.2,5001027757025228.0,1.5357919101745596e+22,2.267473991708476e+19,0.7000575561017628,1.001309517780702
sc,275.0,0,8.304319475798637e-06,0.7549381341635124,2199487229984005.8,4903275862639778.0,1.5357919101745596e+22,2.2714526115655148e+19,0.7000860770689521,1.0065578178786092
sc,275.0,0,8.367417528739142e-06,0.7606743207944675,2252424505885116.5,4806410371070589.0,1.5357919101745596e+22,2.280168805931485e+19,0.7001640357364932,1.0117175585010596
sc,275.0,0,8.429496059700524e-06,0.7663178236091386,2312819924123843.0,4710477110588456.0,1.5357919101745596e+22,2.2945769463871705e+19,0.7003007809652936,1.0167887990265576
sc,275.0,0,8.490550005422808e-06,0.7718681823111644,2382178481422828.0,4615518432303169.0,1.5357919101745596e+22,2.3157447871999894e+19,0.7005062019822206,1.0217716809598643
sc,275.0,0,8.550575452169292e-06,0.7773250411062993,2462246915302294.5,4521573120476936.0,1.5357919101745596e+22,2.3448608118216598e+19,0.7007905074409001,1.02666642666314
sc,275.0,0,8.609569604147534e-06,0.782688145831594,2555042297534955.0,4428676320867509.0,1.5357919101745596e+22,2.3832408941204922e+19,0.7011639317645789,1.0314733381374994
sc,275.0,0,8.667530750362075e-06,0.7879573409420069,2662882213880006.5,4336859487937995.5,1.5357919101745596e+22,2.4323340333022536e+19,0.7016363736573725,1.0361927958522013
sc,275.0,0,8.724458230087965e-06,0.7931325663716332,2788416319504339.0,4246150351772501.5,1.5357919101745596e+22,2.4937269110631977e+19,0.7022169813970236,1.040825257615667
sc,275.0,0,8.78035239715068e-06,0.7982138542864254,2934659011985272.0,4156572905516945.0,1.5357919101745596e+22,2.569147015811579e+19,0.7029137101278062,1.0453712574794962
sc,275.0,0,8.835214583193402e-06,0.8032013257448547,3105022919731660.0,4068147414120776.5,1.5357919101745596e+22,2.6604640825643012e+19,0.7037328859097339,1.0498314046636295
sc,275.0,0,8.889047060107317e-06,0.8080951872824834,3303352865877610.5,3980890445081084.0,1.5357919101745596e+22,2.769689609524467e+19,0.7046788173659359,1.054206382487915
sc,275.0,0,8.941853001794646e-06,0.8128957274358769,3533959938527362.0,3894814921781569.5,1.5357919101745596e+22,2.8989742337149243e+19,0.7057534962044312,1.0584969472926695
sc,275.0,0,8.99363644542737e-06,0.8176033132206699,3801655280637333.5,3809930199872326.0,1.5357919101745596e+22,3.050602778994283e+19,0.7069564214404074,1.0627039273284598
sc,275.0,0,9.044402252357615e-06,0.8222183865779651,4111783208784233.5,3726242166949518.0,1.5357919101745596e+22,3.226986829812575e+19,0.7082845691829803,1.0668282215934004
sc,275.0,0,9.094156068828025e-06,0.8267414608025477,4470253281923788.5,3643753365568833.0,1.5357919101745596e+22,3.430654732879063e+19,0.7097325125179906,1.070870798594833
sc,275.0,0,9.142904286622484e-06,0.8311731169656804,4883570970012574.0,3562463139364383.5,1.5357919101745596e+22,3.664238985103935e+19,0.7112926777437296,1.0748326950114242
sc,275.0,0,9.190654003789586e-06,0.8355140003445078,5358866618998995.0,3482367801742893.0,1.5357919101745596e+22,3.930461028414416e+19,0.7129557077139105,1.078715014231572
sc,275.0,0,9.237412985562645e-06,0.8397648168693314,5903922472553067.0,3403460826299950.0,1.5357919101745596e+22,4.23211353801441e+19,0.7147108931928248,1.0825189247445635
sc,275.0,0,9.283189625591765e-06,0.8439263295992514,6527197591374037.0,3325733057756725.0,1.5357919101745596e+22,4.572040358416585e+19,0.7165466302033581,1.086245658362256
sc,275.0,0,9.32799290759491e-06,0.8479993552359009,7237850605222997.0,3249172941856380.0,1.5357919101745596e+22,4.953114308035173e+19,0.718450864858332,1.0898965082511172
sc,275.0,0,9.371832367526334e-06,0.8519847606842121,8045760338760588.0,3173766772298916.0,1.5357919101745596e+22,5.378213136191347e+19,0.7204114952942097,1.0934728267572447
sc,275.0,0,9.414718056352513e-06,0.8558834596684103,8961544465638564.0,3099498952447609.5,1.5357919101745596e+22,5.850193973066438e+19,0.722416710688935,1.0969760230104686
sc,275.0,0,9.456660503517164e-06,0.8596964094106513,9996576462328294.0,3026352269201926.5,1.5357919101745596e+22,6.371866661347323e+19,0.7244552577195441,1.1004075602976615
sc,275.0,0,9.497670681168985e-06,0.8634246073789986,1.1163001249157018e+16,2954308176140241.0,1.5357919101745596e+22,6.945966395883145e+19,0.7265166336110307,1.1037689531999146
sc,275.0,0,9.537759969217746e-06,0.8670690881107043,1.2473750016334178e+16,2883347082781325.0,1.5357919101745596e+22,7.575126122967355e+19,0.7285912113396512,1.1070617644930982
sc,275.0,0,9.576940121276638e-06,0.870630920116058,1.3942554833713968e+16,2813448646619270.5,1.5357919101745596e+22,8.261849163274913e+19,0.7306703064565468,1.1102876018163728
sc,275.0,0,9.61522323154144e-06,0.8741112028674036,1.5583963729836002e+16,2744592064451519.0,1.5357919101745596e+22,9.008482520938177e+19,0.7327461967210716,1.1134481141183254
sc,275.0,0,9.652621702649905e-06,0.8775110638772642,1.7413356995775664e+16,2676756359437279.5,1.5357919101745596e+22,9.817191326216792e+19,0.7348121058232001,1.1165449878953797
sc,275.0,0,9.689148214557948e-06,0.8808316558689044,1.9446965520939096e+16,2609920660333879.5,1.5357919101745596e+22,1.0689934831928774e+20,0.7368621615074826,1.1195799432418267
sc,275.0,0,9.724815694462743e-06,0.8840741540420676,2.1701891997763828e+16,2544064469445131.0,1.5357919101745596e+22,1.1628444344306849e+20,0.7388913368838047,1.1225547297351257
sc,275.0,0,9.759637287796798e-06,0.8872397534360725,2.4196135842426676e+16,2479167915961143.5,1.5357919101745596e+22,1.2634203420320668e+20,0.7408953819935331,1.1254711221838636
sc,275.0,0,9.793626330311123e-06,0.8903296663919203,2.694862266891659e+16,2415211991570981.5,1.5357919101745596e+22,1.3708430607138421e+20,0.7428707510365081,1.1283309162688733
sc,275.0,0,9.826796321260428e-06,0.8933451201145843,2.9979239123817356e+16,2352178765533976.5,1.5357919101745596e+22,1.4852064936791445e+20,0.7448145291911535,1.1311359241103949
sc,275.0,0,9.859160897697999e-06,0.8962873543361817,3.3308873846710616e+16,2290051576750897.0,1.5357919101745596e+22,1.606575432539128e+20,0.7467243617350325,1.1338879697957782
sc,275.0,0,9.890733809883394e-06,0.8991576190803086,3.69594652609856e+16,2228815200720476.5,1.5357919101745596e+22,1.7349846959004782e+20,0.7485983872041948,1.1365888849030477
sc,275.0,0,9.921528897801673e-06,0.9019571725274248,4.09540568356103e+16,2168455989733852.8,1.5357919101745596e+22,1.8704385685796792e+20,0.750435175595314,1.1392405040556959
sc,275.0,0,9.951560068788844e-06,0.904687278980804,4.531686038303196e+16,2108961985122358.2,1.5357919101745596e+22,2.0129105372360815e+20,0.7522336720800963,1.1418446605433539
sc,275.0,0,9.980841276254737e-06,0.9073492069322489,5.0073327884429e+16,2050323000786306.0,1.5357919101745596e+22,2.16234331270004e+20,0.7539931463284635,1.144403182041592
sc,275.0,0,1.0009386499490995e-05,0.9099442272264542,5.52502322591034e+16,1992530677790176.2,1.5357919101745596e+22,2.318649124444345e+20,0.7557131472891798,1.14691788646207
sc,275.0,0,1.0037209724549056e-05,0.9124736113226415,6.087575742374286e+16,1935578510202022.2,1.5357919101745596e+22,2.4817102684204866e+20,0.7573934631224071,1.1493905779617055
sc,275.0,0,1.0064324926170204e-05,0.9149386296518368,6.697959792373628e+16,1879461842846989.5,1.5357919101745596e+22,2.6513798862072434e+20,0.7590340858922505,1.1518230431365462
sc,275.0,0,1.009074605074749e-05,0.9173405500679536,7.3593068362886e+16,1824177842058684.0,1.5357919101745596e+22,2.8274829509104003e+20,0.760635180588329,1.1542170474227011
sc,275.0,0,1.0116487000297136e-05,0.9196806363906487,8.074922281174106e+16,1769725440875327.5,1.5357919101745596e+22,3.009817433541488e+20,0.7621970580383228,1.1565743317231696
sc,275.0,0,1.0141561617415305e-05,0.921960147037755,8.848298433899208e+16,1716105260505990.5,1.5357919101745596e+22,3.1981556227540025e+20,0.7637201512868815,1.1588966092757218
sc,275.0,0,1.0165983671194466e-05,0.9241803337449515,9.683128478501365e+16,1663319510147946.0,1.5357919101745596e+22,3.39224557058925e+20,0.7652049950420063,1.161185562773321
sc,275.0,0,1.0189766844072332e-05,0.9263424403702121,1.0583321488132491e+17,1611371867501254.2,1.5357919101745596e+22,3.591812637385004e+20,0.7666522078223371,1.1634428417449305
sc,275.0,0,1.0212924719585172e-05,0.9284477017804702,1.1553018481474005e+17,1560267342513005.2,1.5357919101745596e+22,3.796561110070922e+20,0.768062476473752,1.165670060201069
sc,275.0,0,1.0235470770996504e-05,0.930497342817864,1.2596609533620762e+17,1510012126984582.0,1.5357919101745596e+22,4.006175869462284e+20,0.7694365427588479,1.167868794545179
sc,275.0,0,1.0257418350771382e-05,0.932492577342853,1.3718751952349928e+17,1460613432804133.8,1.5357919101745596e+22,4.2203240841432236e+20,0.770775191756548,1.1700405817488302
sc,275.0,0,1.0278780680866053e-05,0.9344346073514593,1.4924389532434592e+17,1412079321536522.8,1.5357919101745596e+22,4.4386569106456314e+20,0.7720792418404712,1.1721869177860185
sc,275.0,0,1.029957084380237e-05,0.9363246221638519,1.621877290190269e+17,1364418528105804.8,1.5357919101745596e+22,4.6608111818193725e+20,0.7733495360332749,1.174309256319382
sc,275.0,0,1.0319801774496192e-05,0.938163797681472,1.760748097688823e+17,1317640281239398.0,1.5357919101745596e+22,4.8864110679745266e+20,0.7745869345598261,1.1764090076290328
sc,275.0,0,1.03394862528089e-05,0.9399532957099002,1.9096443542965466e+17,1271754123209095.8,1.5357919101745596e+22,5.115069697517276e+20,0.7757923084448246,1.178487537772927
sc,275.0,0,1.0358636896791337e-05,0.941694263344667,2.0691964983464112e+17,1226769731271842.2,1.5357919101745596e+22,5.346390726471406e+20,0.7769665340205218,1.180546167966234
sc,275.0,0,1.0377266156589495e-05,0.9433878324172269,2.2400749176321414e+17,1182696743034528.2,1.5357919101745596e+22,5.5799698484439803e+20,0.7781104882276964,1.182586174166028
sc,275.0,0,1.0395386308981809e-05,0.9450351189983464,2.4229925582383066e+17,1139544587766463.5,1.5357919101745596e+22,5.8153962388588967e+20,0.7792250446082933,1.1846087868467992
sc,275.0,0,1.0413009452518051e-05,0.9466372229561866,2.6187076548701702e+17,1097322325461942.8,1.5357919101745596e+22,6.052253929321487e+20,0.7803110699013642,1.1866151909517049
sc,275.0,0,1.0430147503230494e-05,0.9481952275664085,2.8280265850041008e+17,1056038495227021.4,1.5357919101745596e+22,6.290123109786583e+20,0.781369421165406,1.1886065260041956
sc,275.0,0,1.044681219088843e-05,0.9497101991716755,3.0518068490912224e+17,1015700974327601.5,1.5357919101745596e+22,6.528581357883367e+20,0.7824009433601058,1.190583886364566
sc,275.0,0,1.0463015055767816e-05,0.9511831868879833,3.290960178853894e+17,976316848996097.6,1.5357919101745596e+22,6.767204796190981e+20,0.7834064673290692,1.192548321616101
sc,275.0,0,1.0478767445908384e-05,0.9526152223553077,3.546455775416205e+17,937892297857377.6,1.5357919101745596e+22,7.005569179488636e+20,0.7843868081325145,1.1945008370657955
sc,275.0,0,1.0494080514831359e-05,0.9540073195301236,3.8193236785972736e+17,900432488605047.6,1.5357919101745596e+22,7.243250915037856e+20,0.785342763685327,1.1964423943450508
sc,275.0,0,1.0508965219691605e-05,0.9553604745174187,4.110658268159619e+17,863941488339021.2,1.5357919101745596e+22,7.479828019782122e+20,0.7862751136614182,1.1983739120963304
sc,275.0,0,1.052343231983881e-05,0.9566756654398918,4.4216218971355034e+17,828422187768794.4,1.5357919101745596e+22,7.71488101900225e+20,0.7871846186301513,1.2002962667323953
sc,275.0,0,1.0537492375763123e-05,0.9579538523421021,4.7534486565400134e+17,793876239294954.9,1.5357919101745596e+22,7.947993791434196e+20,0.7880720193947675,1.2022102932554837
sc,275.0,0,1.055115574840148e-05,0.9591959771274073,5.107448269814276e+17,760304008806907.8,1.5357919101745596e+22,8.178754366170435e+20,0.7889380365064057,1.2041167861245692
sc,275.0,0,1.0564432598781674e-05,0.9604029635256067,5.485010114214014e+17,727704540877322.8,1.5357919101745596e+22,8.406755676826447e+20,0.7897833699304646,1.2060165001596614
sc,275.0,0,1.0577332887982049e-05,0.9615757170892771,5.887607365058464e+17,696075536897601.0,1.5357919101745596e+22,8.63159627850189e+20,0.7906086988448439,1.2079101514729351
sc,275.0,0,1.0589866377385603e-05,0.9627151252168731,6.316801257277367e+17,665413345579477.8,1.5357919101745596e+22,8.852881032994503e+20,0.7914146815520288,1.2097984184173307
sc,275.0,0,1.0602042629208068e-05,0.9638220572007334,6.774245457022058e+17,635712965146791.8,1.5357919101745596e+22,9.07022176752545e+20,0.7922019554891127,1.2116819425440994
sc,275.0,0,1.0613871007280374e-05,0.9648973642982158,7.261690534242033e+17,606968056459888.6,1.5357919101745596e+22,9.283237911965823e+20,0.7929711373217389,1.2135613295615897
sc,275.0,0,1.0625360678066804e-05,0.965941879824255,7.780988525051174e+17,579170966254955.2,1.5357919101745596e+22,9.491557119250924e+20,0.7937228231095902,1.2154371502883732
sc,275.0,0,1.0636520611900908e-05,0.9669564192637189,8.334097570425544e+17,552312759633388.75,1.5357919101745596e+22,9.694815873285803e+20,0.794457588532521,1.2173099415945898
sc,275.0,0,1.0647359584422066e-05,0.9679417804020061,8.923086615261288e+17,526383260897334.1,1.5357919101745596e+22,9.892660088049448e+20,0.7951759891677216,1.219180207326117
sc,275.0,0,1.0657886178196438e-05,0.9688987434724035,9.550140149094582e+17,501371101824389.56,1.5357919101745596e+22,1.0084745701330556e+21,0.7958785608094532,1.2210484192068929
sc,275.0,0,1.0668108784506744e-05,0.969828071318795,1.0217562966821325e+18,477263776460935.75,1.5357919101745596e+22,1.0270739265844432e+21,0.7965658198239058,1.2229150177153767
sc,275.0,0,1.0678035605296172e-05,0.9707305095723793,1.0927784924570042e+18,454047701521633.25,1.5357919101745596e+22,1.0450318539911563e+21,0.7972382635326437,1.2247804129317732
sc,275.0,0,1.0687674655252362e-05,0.9716067868411238,1.1683365662464637e+18,431708281511273.9,1.5357919101745596e+22,1.0623173079516789e+21,0.7978963706189074,1.2266449853532302
sc,275.0,0,1.0697033764018233e-05,0.9724576149107484,1.2486999262382257e+18,410229977695439.06,1.5357919101745596e+22,1.0789004832640167e+21,0.7985406015517585,1.2285090866747777
sc,275.0,0,1.0706120578517071e-05,0.9732836889560974,1.334151880496623e+18,389596380099468.4,1.5357919101745596e+22,1.0947528736557498e+21,0.7991713990236948,1.2303730405342994
sc,275.0,0,1.0714942565379982e-05,0.9740856877618166,1.4249900786115023e+18,369790281739992.9,1.5357919101745596e+22,1.109847331786621e+21,0.7997891883979376,1.2322371432202976
sc,275.0,0,1.0723507013464508e-05,0.9748642739513189,1.521526934895618e+18,350793754348913.7,1.5357919101745596e+22,1.1241581294630131e+21,0.8003943781620998,1.2341016643416731
sc,275.0,0,1.0731821036453796e-05,0.9756200942230724,1.624090028294326e+18,332588224896831.0,1.5357919101745596e+22,1.1376610179432856e+21,0.8009873603853982,1.2359668474591474
sc,275.0,0,1.0739891575526403e-05,0.9763537795933094,1.7330224737244705e+18,315154552269743.5,1.5357919101745596e+22,1.1503332881398172e+21,0.8015685111769848,1.2378329106783514
sc,275.0,0,1.07477254020873e-05,0.9770659456442999,1.848683050373126e+18,298519102167747.8,1.5357919101745596e+22,1.1623328025344545e+21,0.802141862003267,1.2397000472049495
sc,275.0,0,1.0755329120551326e-05,0.9777571927773933,1.971446681880314e+18,282703231874659.8,1.5357919101745596e+22,1.173847603215341e+21,0.8027118649239644,1.241568425854784
sc,275.0,0,1.0762709171170821e-05,0.9784281064700746,2.1017049427138557e+18,267669636177982.88,1.5357919101745596e+22,1.1848592472973461e+21,0.8032786306856315,1.2434381915292156
sc,275.0,0,1.0769871832899693e-05,0.9790792575363358,2.239866019970672e+18,253382800945857.16,1.5357919101745596e+22,1.1953499895497705e+21,0.8038422699899774,1.2453094656652048
sc,275.0,0,1.077682322628674e-05,0.9797112023897037,2.3863548466137636e+18,239808871057958.9,1.5357919101745596e+22,1.2053028283070355e+21,0.8044028929003098,1.2471823466514582
sc,275.0,0,1.07835693163914e-05,0.9803244833083091,2.541613164992402e+18,226915533675450.3,1.5357919101745596e+22,1.2147015520363943e+21,0.8049606082913167,1.2490569102125262
sc,275.0,0,1.0790115915715747e-05,0.9809196287014316,2.706099512349037e+18,214671914922588.25,1.5357919101745596e+22,1.2235307863279846e+21,0.8055155233378012,1.250933209762986
sc,275.0,0,1.0796468687146801e-05,0.981497153376982,2.8802891196936617e+18,203048488281446.94,1.5357919101745596e+22,1.2317760410461133e+21,0.8060677430383741,1.2528112767340116
sc,275.0,0,1.0802633146903754e-05,0.9820575588094322,3.064673715164212e+18,192016993203676.44,1.5357919101745596e+22,1.239423757358674e+21,0.806617369770482,1.2546911208748488
sc,275.0,0,1.0808614667485075e-05,0.982601333407734,3.259761222797764e+18,181550362621569.66,1.5357919101745596e+22,1.2464613543346713e+21,0.8071645028735175,1.25657273053187
sc,275.0,0,1.0814418480610833e-05,0.9831289527828031,3.4660753475271204e+18,171622658199826.84,1.5357919101745596e+22,1.2528772747817884e+21,0.8077092382571021,1.2584560729080572
sc,275.0,0,1.0820049680155946e-05,0.9836408800141769,3.684155037204103e+18,162209012309890.34,1.5357919101745596e+22,1.2586610299781233e+21,0.8082516680319687,1.2603410943058977
sc,275.0,0,1.0825513225070368e-05,0.9841375659154881,3.9145538125494907e+18,153285575833128.75,1.5357919101745596e+22,1.263803242935941e+21,0.8087918801611975,1.2622277203568215
sc,275.0,0,1.0830813942282604e-05,0.9846194492984186,4.1578389561512525e+18,144829471009708.38,1.5357919101745596e+22,1.2682956898238443e+21,0.8093299581298585,1.2641158562404164
sc,275.0,0,1.0835956529583215e-05,0.9850869572348377,4.414590551999208e+18,136818748647470.4,1.5357919101745596e+22,1.2721313391625524e+21,0.8098659806314248,1.2660053868967869
sc,275.0,0,1.084094555848522e-05,0.9855405053168382,4.685400367555615e+18,129232349092149.8,1.5357919101745596e+22,1.2753043884045162e+21,0.8104000212695904,1.2678961772354675
sc,275.0,0,1.0845785477058698e-05,0.9859804979144271,4.970870571050966e+18,122050066436880.2,1.5357919101745596e+22,1.2778102975060053e+21,0.8109321482744175,1.2697880723444368
sc,275.0,0,1.0850480612736976e-05,0.9864073284306342,5.271612277547288e+18,115252515517169.88,1.5357919101745596e+22,1.279645819102141e+21,0.8114624242319802,1.2716808977027634
sc,275.0,0,1.0855035175092196e-05,0.986821379553836,5.588243918367235e+18,108821101297521.69,1.5357919101745596e+22,1.2808090249023746e+21,0.811990905826945,1.273574459400513
sc,275.0,0,1.0859453258578164e-05,0.9872230235071058,5.921389429726081e+18,102737990309189.19,1.5357919101745596e+22,1.281299327935026e+21,0.8125176435977506,1.2754685443695175
sc,275.0,0,1.0863738845238655e-05,0.9876126222944233,6.271676257850366e+18,96986083845536.25,1.5357919101745596e+22,1.281117500285813e+21,0.8130426817042877,1.2773629206286223
sc,275.0,0,1.0867895807379541e-05,0.9879905279435948,6.639733179512623e+18,91548992662881.94,1.5357919101745596e+22,1.2802656859962495e+21,0.8135660577081993,1.2792573375469907
sc,275.0,0,1.0871927910203254e-05,0.9883570827457504,7.026187938754895e+18,86411012971221.92,1.5357919101745596e+22,1.278747408813337e+21,0.8140878023661151,1.2811515261289765
sc,275.0,0,1.0875838814404348e-05,0.9887126194913044,7.4316647026147e+18,81557103531304.94,1.5357919101745596e+22,1.2765675745137145e+21,0.814607939436346,1.283045199324022
sc,275.0,0,1.087963207872503e-05,0.9890574617022755,7.856781340882422e+18,76972863702695.31,1.5357919101745596e+22,1.2737324675605644e+21,0.8151264854997263,1.2849380523648901
sc,275.0,0,1.088331116246969e-05,0.9893919238608808,8.302146537303345e+18,72644512312090.4,1.5357919101745596e+22,1.2702497418917438e+21,0.8156434497954663,1.286829763137425
sc,275.0,0,1.0886879427977617e-05,0.9897163116343288,8.768356742161724e+18,68558867232666.63,1.5357919101745596e+22,1.2661284056828024e+21,0.816158834073026,1.2887199925848472
sc,275.0,0,1.0890340143053247e-05,0.9900309220957497,9.255992978823614e+18,64703325583944.17,1.5357919101745596e+22,1.261378799976053e+21,0.8166726324611501,1.2906083851494015
sc,275.0,0,1.0893696483353328e-05,0.9903360439412118,9.765617519532253e+18,61065844477932.88,1.5357919101745596e+22,1.256012571119616e+21,0.8171848313553217,1.2924945692539194
sc,275.0,0,1.0896951534730626e-05,0.9906319577027842,1.0297770448511293e+19,57634922251332.92,1.5357919101745596e+22,1.2500426370143759e+21,0.8176954093249844,1.2943781578256104
sc,275.0,0,1.0900108295533774e-05,0.9909189359576158,1.0852966133187797e+19,54399580135677.805,1.5357919101745596e+22,1.2434831472246598e+21,0.8182043370419618,1.296258748864088
sc,275.0,0,1.0903169678863081e-05,0.9911972435330074,1.1431689627047262e+19,51349344327614.35,1.5357919101745596e+22,1.236349437065363e+21,0.818711577231538,1.2981359260553016
sc,275.0,0,1.090613851478213e-05,0.9914671377074664,1.2034393030236123e+19,48474228430353.04,1.5357919101745596e+22,1.2286579758391545e+21,0.819217084647713,1.3000092594326986
sc,275.0,0,1.0909017552485099e-05,0.9917288684077362,1.2661491836455709e+19,45764716244743.516,1.5357919101745596e+22,1.220426309454615e+21,0.8197208060741209,1.3018783060865398
sc,275.0,0,1.0911809462419846e-05,0.9919826784018042,1.3313361296911774e+19,43211744894688.11,1.5357919101745596e+22,1.2116729977157347e+21,0.8202226803520969,1.3037426109218881
sc,275.0,0,1.0914516838366856e-05,0.992228803487896,1.3990332834017174e+19,40806688276751.37,1.5357919101745596e+22,1.202417546627721e+21,0.820722638437306,1.3056017074653588
sc,275.0,0,1.091714219947416e-05,0.9924674726794691,1.4692690539135015e+19,38541340828136.445,1.5357919101745596e+22,1.1926803361184185e+21,0.8212206034862768,1.3074551187202395
sc,275.0,0,1.0919687992248514e-05,0.9926989083862285,1.542066778986753e+19,36407901610539.23,1.5357919101745596e+22,1.182482543623342e+21,0.8217164909740691,1.3093023580691658
sc,275.0,0,1.0922156592503055e-05,0.9929233265911869,1.617444402313776e+19,34398958710203.59,1.5357919101745596e+22,1.171846064027906e+21,0.8222102088441626,1.3111429302230109
sc,275.0,0,1.0924550307261798e-05,0.9931409370237998,1.6954141700590723e+19,32507473956528.098,1.5357919101745596e+22,1.1607934264997187e+21,0.8227016576914904,1.3129763322141919
sc,275.0,0,1.0926871376621309e-05,0.9933519433292098,1.7759823502573003e+19,30726767963156.613,1.5357919101745596e+22,1.1493477087775857e+21,0.8231907309793415,1.3148020544321013
sc,275.0,0,1.0929121975570008e-05,0.9935565432336372,1.859148978615198e+19,29050505496560.523,1.5357919101745596e+22,1.1375324495113717e+21,0.8236773152906449,1.3166195816979005
sc,275.0,0,1.0931304215765523e-05,0.9937549287059567,1.9449076341197648e+19,27472681177828.91,1.5357919101745596e+22,1.1253715592648722e+21,0.8241612906138903,1.3184283943754254
sc,275.0,0,1.0933420147270573e-05,0.9939472861155068,2.033245247660813e+19,25987605523702.105,1.5357919101745596e+22,1.1128892308077555e+21,0.8246425306636868,1.3202279695145323
sc,275.0,0,1.0935471760247933e-05,0.9941337963861758,2.1241419466212565e+19,24589891332977.4,1.5357919101745596e+22,1.100109849328177e+21,0.8251209032356687,1.3220177820227654
sc,275.0,0,1.0937460986614977e-05,0.9943146351468162,2.2175709380766233e+19,23274440424204.645,1.5357919101745596e+22,1.0870579031934431e+21,0.8255962705951588,1.3237973058608368
sc,275.0,0,1.0939389701658392e-05,0.9944899728780356,2.313498432889405e+19,22036430730212.79,1.5357919101745596e+22,1.0737578958781225e+21,0.8260684898986915,1.3255660152570474
sc,275.0,0,1.094125972560964e-05,0.9946599750554219,2.41188361256035e+19,20871303754440.188,1.5357919101745596e+22,1.0602342596529285e+21,0.8265374136471701,1.3273233859354754
sc,275.0,0,1.0943072825181768e-05,0.9948248022892516,2.512678640247516e+19,19774752393430.293,1.5357919101745596e+22,1.0465112716064824e+21,0.8270028901691224,1.3290688963524375
sc,275.0,0,1.0944830715068192e-05,0.9949846104607447,2.6158287169033978e+19,18742709129012.73,1.5357919101745596e+22,1.0326129725486979e+21,0.8274647641321935,1.3308020289355886
sc,275.0,0,1.0946535059404077e-05,0.9951395508549161,2.7212721829563314e+19,17771334592864.848,1.5357919101745596e+22,1.0185630892990249e+21,0.8279228770806913,1.3325222713197393
sc,275.0,0,1.0948187473190986e-05,0.9952897702900896,2.8289406653828084e+19,16857006505208.488,1.5357919101745596e+22,1.0043849607988672e+21,0.8283770679967266,1.3342291175735037
sc,275.0,0,1.0949789523685387e-05,0.9954354112441262,2.9387592695772733e+19,15996308988586.477,1.5357919101745596e+22,9.901014684855714e+20,0.828827173882167,1.335922069410675
sc,275.0,0,1.0951342731751775e-05,0.9955766119774341,3.0506468148309668e+19,15186022256526.799,1.5357919101745596e+22,9.757349712757028e+20,0.8292730303584027,1.3376006373804044
sc,275.0,0,1.0952848573180955e-05,0.9957135066528141,3.1645161116577784e+19,14423112676112.79,1.5357919101745596e+22,9.613072454451749e+20,0.8297144722806448,1.3392643420301629
sc,275.0,0,1.0954308479974282e-05,0.9958462254522075,3.2802742788849275e+19,13704723202495.79,1.5357919101745596e+22,9.468394296941273e+20,0.8301513343633096,1.3409127150357583
sc,275.0,0,1.0955723841594418e-05,0.9959748946904017,3.3978230976784e+19,13028164182433.137,1.5357919101745596e+22,9.32351975532243e+20,0.8305834518128385,1.342545300292712
sc,275.0,0,1.0957096006183349e-05,0.996099636925759,3.5170593995784954e+19,12390904523167.943,1.5357919101745596e+22,9.178646031752348e+20,0.831010660964184,1.344161654963673
sc,275.0,0,1.0958426281748313e-05,0.9962205710680284,3.637875484889781e+19,11790563222019.771,1.5357919101745596e+22,9.03396262971614e+20,0.831432799917103,1.3457613504767882
sc,275.0,0,1.09597159373163e-05,0.9963378124833001,3.760159567768128e+19,11224901251398.867,1.5357919101745596e+22,8.889651024274645e+20,0.8318497091683257,1.347343973470277
sc,275.0,0,1.0960966204057819e-05,0.9964514730961654,3.883796243833857e+19,10691813793129.412,1.5357919101745596e+22,8.745884387659682e+20,0.8322612322356779,1.3489091266789137
sc,275.0,0,1.0962178276380554e-05,0.9965616614891413,4.008666976049981e+19,10189322815396.957,1.5357919101745596e+22,8.60282736949148e+20,0.8326672162702592,1.3504564297584878
sc,275.0,0,1.0963353312993623e-05,0.9966684829994202,4.1346505944991285e+19,9715569984942.998,1.5357919101745596e+22,8.460635930411678e+20,0.8330675126528535,1.3519855200448294
sc,275.0,0,1.0964492437943059e-05,0.9967720398130053,4.261623805518271e+19,9268809906690.096,1.5357919101745596e+22,8.319457227338864e+20,0.8334619775708731,1.3534960532444424
sc,275.0,0,1.0965596741619176e-05,0.9968724310562888,4.38946170571482e+19,8847403682406.648,1.5357919101745596e+22,8.179429548276862e+20,0.8338504725722908,1.3549877040543192
sc,275.0,0,1.0966667281736461e-05,0.9969697528851329,4.51803829645567e+19,8449812779696.612,1.5357919101745596e+22,8.040682294345956e+20,0.8342328650932129,1.3564601667090233
sc,275.0,0,1.0967705084286636e-05,0.9970640985715125,4.647226994510127e+19,8074593202194.039,1.5357919101745596e+22,7.903336006320348e+20,0.834609028955977,1.3579131554536765
sc,275.0,0,1.0968711144465507e-05,0.9971555585877734,4.7769011347174244e+19,7720389951580.184,1.5357919101745596e+22,7.767502432768282e+20,0.8349788448349169,1.359346404941989
sc,275.0,0,1.0969686427574233e-05,0.9972442206885668,4.906934460783831e+19,7385931771814.884,1.5357919101745596e+22,7.63328463672769e+20,0.8353422006872331,1.3607596705590297
sc,275.0,0,1.0970631869895642e-05,0.9973301699905128,5.0372016005861655e+19,7070026165801.455,1.5357919101745596e+22,7.50077713770562e+20,0.8356989921467104,1.362152728668925
sc,275.0,0,1.0971548379546137e-05,0.9974134890496489,5.167578522669804e+19,6771554674590.202,1.5357919101745596e+22,7.370066085708687e+20,0.8360491228783556,1.363525376788159
sc,275.0,0,1.0972436837303892e-05,0.9974942579367174,5.2979429709758554e+19,6489468409161.297,1.5357919101745596e+22,7.241229463973255e+20,0.8363925048923787,1.3648774336856586
sc,275.0,0,1.0973298097413808e-05,0.9975725543103462,5.42817487519363e+19,6222783824816.984,1.5357919101745596e+22,7.114337317059519e+20,0.8367290588162798,1.366208739411253
sc,275.0,0,1.0974132988369913e-05,0.9976484534881739,5.55815673451778e+19,5970578728240.447,1.5357919101745596e+22,6.989452001014802e+20,0.8370587141241702,1.3675191552545356
sc,275.0,0,1.0974942313675674e-05,0.9977220285159705,5.687773972975238e+19,5731988507356.172,1.5357919101745596e+22,6.86662845238219e+20,0.837381409322795,1.3688085636364855
sc,275.0,0,1.0975726852582875e-05,0.9977933502348069,5.816915264913255e+19,5506202574215.949,1.5357919101745596e+22,6.74591447295213e+20,0.8376970920940958,1.3700768679366486
sc,275.0,0,1.0976487360809517e-05,0.9978624873463197,5.9454728295579574e+19,5292461011302.684,1.5357919101745596e+22,6.627351027222881e+20,0.8380057193944616,1.371323992258846
sc,275.0,0,1.0977224571237352e-05,0.997929506476123,6.07334269394407e+19,5090051411791.468,1.5357919101745596e+22,6.510972549684815e+20,0.8383072575111719,1.3725498811387682
sc,275.0,0,1.097793919458954e-05,0.9979944722354128,6.200424924008495e+19,4898305904523.935,1.5357919101745596e+22,6.396807259373981e+20,0.8386016820768143,1.373754499196922
sc,275.0,0,1.097863192008893e-05,0.9980574472808119,6.326623823712696e+19,4716598354660.473,1.5357919101745596e+22,6.284877479000042e+20,0.8388889780427723,1.3749378307406563
sc,275.0,0,1.0979303416097527e-05,0.9981184923725025,6.4518481026373755e+19,4544341731215.824,1.5357919101745596e+22,6.175199956443402e+20,0.8391691396131349,1.3760998793191221
sc,275.0,0,1.0979954330737578e-05,0.998177666430689,6.576011012616836e+19,4380985632951.5024,1.5357919101745596e+22,6.06778618643959e+20,0.8394421701406183,1.3772406672350503
sc,275.0,0,1.0980585292494814e-05,0.9982350265904376,6.699030454306188e+19,4226013964350.415,1.5357919101745596e+22,5.962642730515173e+20,0.8397080819863163,1.3783602350174116
sc,275.0,0,1.0981196910804284e-05,0.9982906282549349,6.820829054714006e+19,4078942753695.289,1.5357919101745596e+22,5.85977153337873e+20,0.8399668963452798,1.3794586408589369
sc,275.0,0,1.0981789776619278e-05,0.9983445251472072,6.9413342171379696e+19,3939318105548.5,1.5357919101745596e+22,5.7591702343348414e+20,0.8402186430400889,1.3805359600225575
sc,275.0,0,1.0982364462963772e-05,0.9983967693603429,7.060478144758543e+19,3806714280233.556,1.5357919101745596e+22,5.6608324721826025e+20,0.8404633602847166,1.3815922842207098
sc,275.0,0,1.0982921525468846e-05,0.9984474114062588,7.178197839619893e+19,3680731893203.662,1.5357919101745596e+22,5.5647481825335404e+20,0.8407010944210954,1.3826277209714708
sc,275.0,0,1.0983461502893518e-05,0.9984965002630471,7.294435078639601e+19,3560996227496.752,1.5357919101745596e+22,5.470903886509935e+20,0.8409318996308659,1.38364239293529
sc,275.0,0,1.0983984917630406e-05,0.998544083420946,7.409136368391646e+19,3447155652754.915,1.5357919101745596e+22,5.379282969954151e+20,0.8411558376248551,1.3846364372360855
sc,275.0,0,1.0984492276196647e-05,0.9985902069269679,7.522252880459219e+19,3338880144592.1294,1.5357919101745596e+22,5.2898659524552235e+20,0.8413729773128571,1.3856100047702455
sc,275.0,0,1.0984984069710465e-05,0.9986349154282241,7.633740369200628e+19,3235859898385.8394,1.5357919101745596e+22,5.2026307456671515e+20,0.8415833944562884,1.3865632595069697
sc,275.0,0,1.0985460774353792e-05,0.9986782522139812,7.743559073739688e+19,3137804031848.8057,1.5357919101745596e+22,5.117552900491196e+20,0.8417871713062788,1.3874963777831917
sc,275.0,0,1.0985922851821332e-05,0.9987202592564848,7.851673605985262e+19,3044439371015.539,1.5357919101745596e+22,5.034605842827428e+20,0.8419843962297329,1.3884095475962095
sc,275.0,0,1.0986370749756428e-05,0.9987609772505843,7.958052826435176e+19,2955509314564.863,1.5357919101745596e+22,4.953761097723483e+20,0.8421751633258195,1.389302967896859
sc,275.0,0,1.0986804902174117e-05,0.9988004456521924,8.062669709475481e+19,2870772771647.876,1.5357919101745596e+22,4.8749885018307304e+20,0.8423595720352945,1.3901768478859569
sc,275.0,0,1.098722572987174e-05,0.9988387027156127,8.165501199827116e+19,2790003168660.0063,1.5357919101745596e+22,4.7982564041860815e+20,0.8425377267449755,1.3910314063165532
sc,275.0,0,1.0987633640827416e-05,0.9988757855297651,8.266528061693228e+19,2712987520643.919,1.5357919101745596e+22,4.723531855405983e+20,0.8427097363895653,1.3918668708042092
sc,275.0,0,1.0988029030586768e-05,0.9989117300533426,8.365734722080912e+19,2639525563242.825,1.5357919101745596e+22,4.6507807854373555e+20,0.842875714052951,1.392683477147502
sc,275.0,0,1.0988412282638214e-05,0.9989465711489285,8.463109109686164e+19,2569428941361.5557,1.5357919101745596e+22,4.579968170088284e+20,0.843035776570949,1.3934814686606172
sc,275.0,0,1.0988783768777126e-05,0.9989803426161024,8.558642490669094e+19,2502520450912.857,1.5357919101745596e+22,4.5110581866270143e+20,0.8431900441373562,1.394261095519716
sc,275.0,0,1.098914384945923e-05,0.9990130772235664,8.652329302505567e+19,2438633330231.933,1.5357919101745596e+22,4.4440143587443206e+20,0.8433386399150511,1.3950226141246878
sc,275.0,0,1.0989492874143477e-05,0.9990448067403161,8.744166986888161e+19,2377610597955.5146,1.5357919101745596e+22,4.378799691172584e+20,0.843481689653715,1.3957662864775142
sc,275.0,0,1.0989831181624756e-05,0.9990755619658869,8.83415582292503e+19,2319304434341.161,1.5357919101745596e+22,4.3153767944546157e+20,0.843619321315652,1.3964923795785054
sc,275.0,0,1.0990159100356695e-05,0.9991053727596996,8.922298761260119e+19,2263575603196.2407,1.5357919101745596e+22,4.2537080001195095e+20,0.8437516647110128,1.3972011648413587
sc,275.0,0,1.099047694876486e-05,0.9991342680695328,9.008601260112758e+19,2210292911757.1772,1.5357919101745596e+22,4.1937554667774345e+20,0.8438788511436032,1.397892917527855
sc,275.0,0,1.0990785035550604e-05,0.9991622759591459,9.093071123838994e+19,2159332706020.9883,1.5357919101745596e+22,4.135481277493567e+20,0.8440010130683219,1.3985679162029026
sc,275.0,0,1.0991083659985862e-05,0.9991894236350785,9.175718344716101e+19,2110578399192.154,1.5357919101745596e+22,4.078847528908675e+20,0.8441182837611394,1.399226442210449
sc,275.0,0,1.0991373112199139e-05,0.9992157374726489,9.256554948352213e+19,2063920031054.0142,1.5357919101745596e+22,4.023816412472046e+20,0.8442307970023899,1.399868779170657
sc,275.0,0,1.0991653673452932e-05,0.9992412430411757,9.335594843418324e+19,2019253856213.4714,1.5357919101745596e+22,3.9703502883212526e+20,0.8443386867740311,1.4004952124986183
sc,275.0,0,1.0991925616412885e-05,0.9992659651284441,9.412853675777135e+19,1976481959299.2087,1.5357919101745596e+22,3.918411752090879e+20,0.8444420869714047,1.4011060289447694
sc,275.0,0,1.0992189205408847e-05,0.9992899277644407,9.488348687572248e+19,1935511895318.289,1.5357919101745596e+22,3.867963695177129e+20,0.8445411311299059,1.401701516157058
sc,275.0,0,1.0992444696688121e-05,0.9993131542443747,9.562098581457612e+19,1896256353494.9355,1.5357919101745596e+22,3.8189693588340435e+20,0.8446359521668668,1.4022819622647857
sc,275.0,0,1.099269233866112e-05,0.999335667151011,9.634123390075352e+19,1858632843018.845,1.5357919101745596e+22,3.7713923824533694e+20,0.8447266821388609,1.4028476554840503
sc,275.0,0,1.0992932372139636e-05,0.9993574883763305,9.704444351011271e+19,1822563399242.4897,1.5357919101745596e+22,3.7251968464578334e+20,0.8448134520145203,1.403398883744504
sc,275.0,0,1.0993165030567958e-05,0.9993786391425417,9.773083787302162e+19,1787974308956.1074,1.5357919101745596e+22,3.6803473101625577e+20,0.8448963914628863,1.4039359343371913
sc,275.0,0,1.0993390540247038e-05,0.999399140022458,9.84006499352427e+19,1754795853465.0737,1.5357919101745596e+22,3.6368088449546866e+20,0.8449756286572153,1.4044590935830754
sc,275.0,0,1.0993609120551912e-05,0.9994190109592647,9.905412127477624e+19,1722962068275.8054,1.5357919101745596e+22,3.59454706313038e+20,0.8450512900941015,1.4049686465218858
sc,275.0,0,1.0993820984142568e-05,0.9994382712856881,9.969150107431456e+19,1692410518280.1055,1.5357919101745596e+22,3.553528142712204e+20,0.8451235004276832,1.4054648766207842
sc,275.0,0,1.0994026337168478e-05,0.999456939742589,1.0031304514886658e+20,1663082087398.4312,1.5357919101745596e+22,3.513718848556493e+20,0.8451923823186692,1.4059480655023944
sc,275.0,0,1.0994225379466936e-05,0.9994750344969942,1.0091901502766822e+20,1634920781716.2363,1.5357919101745596e+22,3.4750865500424444e+20,0.8452580562978328,1.4064184926916208
sc,275.0,0,1.0994418304755431e-05,0.9994925731595847,1.015096770893589e+20,1607873545209.3276,1.5357919101745596e+22,3.437599235617053e+20,0.845320640643597,1.40687643538073
sc,275.0,0,1.0994605300818213e-05,0.9995095728016559,1.0208530174913326e+20,1581890087219.0627,1.5357919101745596e+22,3.4012255244584944e+20,0.8453802512732741,1.4073221682120658
sc,275.0,0,1.0994786549687217e-05,0.9995260499715652,1.0264616269654257e+20,1556922720890.2307,1.5357919101745596e+22,3.365934675499746e+20,0.8454370016474971,1.407755963077846
sc,275.0,0,1.0994962227817505e-05,0.9995420207106823,1.0319253618230492e+20,1532926211845.9321,1.5357919101745596e+22,3.331696594049366e+20,0.8454910026873358,1.4081780889363233
sc,275.0,0,1.0995132506257437e-05,0.999557500568858,1.0372470035269381e+20,1509857636410.429,1.5357919101745596e+22,3.298481836216387e+20,0.8455423627035834,1.4085888116438143
sc,275.0,0,1.0995297550813662e-05,0.9995725046194238,1.0424293462958129e+20,1487676248752.8442,1.5357919101745596e+22,3.266261611349984e+20,0.8455911873376587,1.4089883938018246
sc,275.0,0,1.099545752221112e-05,0.9995870474737383,1.0474751913444943e+20,1466343356355.5527,1.5357919101745596e+22,3.2350077826762624e+20,0.8456375795135623,1.4093770946186979
sc,275.0,0,1.0995612576248216e-05,0.9996011432952924,1.0523873415458393e+20,1445822203256.2288,1.5357919101745596e+22,3.20469286630912e+20,0.845681639400323,1.4097551697851587
sc,275.0,0,1.0995762863947264e-05,0.9996148058133876,1.0571685964955409e+20,1426077860551.4207,1.5357919101745596e+22,3.175290028799833e+20,0.8457234643843434,1.4101228713630682
sc,275.0,0,1.099590853170039e-05,0.9996280483363992,1.0618217479624303e+20,1407077123681.3984,1.5357919101745596e+22,3.1467730833779425e+20,0.8457631490510672,1.4104804476867892
sc,275.0,0,1.0996049721411005e-05,0.9996408837646369,1.0663495757077296e+20,1388788416051.2527,1.5357919101745596e+22,3.1191164850308225e+20,0.845800785175384,1.410828143276519
sc,275.0,0,1.0996186570630982e-05,0.9996533246028165,1.0707548436485199e+20,1371181698570.155,1.5357919101745596e+22,3.0922953245277854e+20,0.8458364617201982,1.4111661987630277
sc,275.0,0,1.0996319212693658e-05,0.9996653829721508,1.075040296350772e+20,1354228384725.7148,1.5357919101745596e+22,3.0662853215291186e+20,0.845870264842578,1.4114948508230944
sc,275.0,0,1.0996447776842829e-05,0.9996770706220754,1.0792086558404659e+20,1337901260825.844,1.5357919101745596e+22,3.0410628168941575e+20,0.8459022779069384,1.4118143321251977
sc,275.0,0,1.0996572388357787e-05,0.999688398941617,1.0832626187097938e+20,1322174411078.6216,1.5357919101745596e+22,3.0166047642881556e+20,0.8459325815046921,1.4121248712847472
sc,275.0,0,1.0996693168674577e-05,0.9996993789704162,1.0872048534930755e+20,1307023147190.0723,1.5357919101745596e+22,2.992888721144366e+20,0.8459612534798429,1.412426692828399
sc,275.0,0,1.0996810235503576e-05,0.999710021409416,1.0910379983155102e+20,1292423942191.424,1.5357919101745596e+22,2.969892839131262e+20,0.8459883689599946,1.4127200171668703
sc,275.0,0,1.0996923702943464e-05,0.9997203366312241,1.0947646587875253e+20,1278354368221.938,1.5357919101745596e+22,2.9475958541668683e+20,0.846014000392272,1.4130050605757156
sc,275.0,0,1.0997033681591765e-05,0.9997303346901605,1.0983874061185848e+20,1264793038011.5862,1.5357919101745596e+22,2.9259770760204583e+20,0.8460382175836709,1.4132820351836108
sc,275.0,0,1.0997140278651987e-05,0.9997400253319989,1.1019087754674215e+20,1251719549829.398,1.5357919101745596e+22,2.905016377659255e+20,0.846061087745367,1.4135511489675874
sc,275.0,0,1.0997243598037532e-05,0.9997494180034121,1.1053312644759465e+20,1239114435672.3716,1.5357919101745596e+22,2.8846941842859826e+20,0.8460826755405435,1.4138126057548213
sc,275.0,0,1.0997343740472423e-05,0.9997585218611293,1.1086573320045858e+20,1226959112491.8977,1.5357919101745596e+22,2.864991462212509e+20,0.8461030431353053,1.4140666052304727
sc,275.0,0,1.099744080358895e-05,0.9997673457808136,1.1118893970408346e+20,1215235836265.003,1.5357919101745596e+22,2.8458897075772562e+20,0.8461222502522804,1.4143133429511248
sc,275.0,0,1.0997534882022375e-05,0.9997758983656704,1.1150298377669145e+20,1203927658727.3005,1.5357919101745596e+22,2.8273709349382947e+20,0.8461403542265274,1.4145530103635013
sc,275.0,0,1.0997626067502723e-05,0.999784187954793,1.1180809907916402e+20,1193018386603.3887,1.5357919101745596e+22,2.8094176658323214e+20,0.8461574100633854,1.4147857948279792
sc,275.0,0,1.0997714448943772e-05,0.9997922226312521,1.1210451505077014e+20,1182492543179.065,1.5357919101745596e+22,2.7920129172672197e+20,0.8461734704979255,1.4150118796465057
sc,275.0,0,1.0997800112529352e-05,0.9998000102299411,1.1239245685973126e+20,1172335332064.3513,1.5357919101745596e+22,2.77514019025366e+20,0.8461885860556938,1.4152314440946658
sc,275.0,0,1.099788314179698e-05,0.9998075583451801,1.1267214536431722e+20,1162532603015.667,1.5357919101745596e+22,2.7587834583322418e+20,0.846202805114442,1.4154446634574454
sc,275.0,0,1.0997963617718971e-05,0.9998148743380884,1.129437970862531e+20,1153070819687.8591,1.5357919101745596e+22,2.7429271561854976e+20,0.8462161739665722,1.4156517090684173
sc,275.0,0,1.0998041618781049e-05,0.9998219653437317,1.1320762419388504e+20,1143937029197.1184,1.5357919101745596e+22,2.727556168316434e+20,0.8462287368820414,1.415852748352024
sc,275.0,0,1.0998117221058578e-05,0.9998288382780526,1.1346383449449921e+20,1135118833382.1726,1.5357919101745596e+22,2.7126558178162164e+20,0.8462405361714906,1.41604794486871
sc,275.0,0,1.099819049829045e-05,0.9998354998445864,1.1371263143648693e+20,1126604361663.9343,1.5357919101745596e+22,2.698211855284535e+20,0.8462516122493761,1.416237458362519
sc,275.0,0,1.0998261521950722e-05,0.9998419565409749,1.1395421411746567e+20,1118382245400.9016,1.5357919101745596e+22,2.684210447828828e+20,0.8462620036969128,1.4164214448110302
sc,275.0,0,1.0998330361318067e-05,0.9998482146652787,1.1418877730188127e+20,1110441593654.132,1.5357919101745596e+22,2.6706381682686558e+20,0.8462717473246447,1.416600056477278
sc,275.0,0,1.099839708354309e-05,0.9998542803220991,1.1441651144340423e+20,1102771970273.2778,1.5357919101745596e+22,2.6574819844511223e+20,0.8462808782344757,1.4167734419634919
sc,275.0,0,1.0998461753713601e-05,0.9998601594285093,1.146376027138052e+20,1095363372228.6395,1.5357919101745596e+22,2.6447292487541526e+20,0.8462894298810192,1.4169417462663567
sc,275.0,0,1.0998524434917892e-05,0.9998658577198084,1.1485223303820668e+20,1088206209108.0898,1.5357919101745596e+22,2.6323676877788155e+20,0.8462974341321332,1.4171051108337254
sc,275.0,0,1.0998585188306059e-05,0.9998713807550962,1.150605801334088e+20,1081291283717.2347,1.5357919101745596e+22,2.6203853921934528e+20,0.846304921328519,1.4172636736224107
sc,275.0,0,1.0998644073149468e-05,0.9998767339226788,1.1526281755188193e+20,1074609773711.3407,1.5357919101745596e+22,2.6087708067917985e+20,0.8463119203422842,1.417417569157034
sc,275.0,0,1.0998701146898405e-05,0.9998819224453096,1.1545911472975303e+20,1068153214200.7126,1.5357919101745596e+22,2.597512720747535e+20,0.8463184586343796,1.4175669285896841
sc,275.0,0,1.0998756465237942e-05,0.9998869513852675,1.1564963703708577e+20,1061913481273.6434,1.5357919101745596e+22,2.586600258043996e+20,0.8463245623108272,1.4177118797602035
sc,275.0,0,1.099881008214211e-05,0.9998918256492828,1.1583454583220763e+20,1055882776379.5483,1.5357919101745596e+22,2.5760228681207336e+20,0.8463302561776778,1.417852547257054
sc,275.0,0,1.0998862049926409e-05,0.9998965499933099,1.160139985189409e+20,1050053611526.7152,1.5357919101745596e+22,2.5657703167325317e+20,0.8463355637946373,1.417989052478509
sc,275.0,0,1.0998912419298702e-05,0.9999011290271548,1.1618814860520735e+20,1044418795244.4724,1.5357919101745596e+22,2.5558326769878483e+20,0.8463405075273167,1.4181215136941174
sc,275.0,0,1.0998961239408573e-05,0.9999055672189612,1.1635714576417258e+20,1038971419266.5819,1.5357919101745596e+22,2.5462003206024593e+20,0.8463451085980719,1.418250046106312
sc,275.0,0,1.0999008557895145e-05,0.9999098688995587,1.1652113589755473e+20,1033704845895.4186,1.5357919101745596e+22,2.5368639093685207e+20,0.846349387135398,1.4183747619120222
sc,275.0,0,1.099905442093346e-05,0.9999140382666782,1.1668026119991134e+20,1028612696006.9114,1.5357919101745596e+22,2.5278143868149858e+20,0.846353362221861,1.4184957703642274
sc,275.0,0,1.0999098873279417e-05,0.999918079389038,1.1683466022394559e+20,1023688837661.0637,1.5357919101745596e+22,2.519042970067699e+20,0.8463570519405551,1.4186131778333206
sc,275.0,0,1.0999141958313349e-05,0.9999219962103045,1.1698446794715708e+20,1018927375282.7695,1.5357919101745596e+22,2.5105411419175587e+20,0.8463604734200737,1.418727087868238
sc,275.0,0,1.0999183718082255e-05,0.9999257925529323,1.1712981583946801e+20,1014322639382.2128,1.5357919101745596e+22,2.5023006430937232e+20,0.8463636428779936,1.4188376012572306
sc,275.0,0,1.0999224193340739e-05,0.9999294721218854,1.1727083193099303e+20,1009869176784.074,1.5357919101745596e+22,2.49431346472466e+20,0.8463665756628793,1.4189448160882323
sc,275.0,0,1.0999263423590703e-05,0.9999330385082457,1.1740764088019916e+20,1005561741336.5798,1.5357919101745596e+22,2.4865718409924752e+20,0.8463692862948158,1.4190488278087716
sc,275.0,0,1.0999301447119812e-05,0.9999364951927101,1.1754036404246644e+20,1001395285075.1056,1.5357919101745596e+22,2.4790682419838688e+20,0.8463717885044764,1.4191497292853372
sc,275.0,0,1.0999338301038783e-05,0.9999398455489803,1.1766911953880305e+20,997364949816.0138,1.5357919101745596e+22,2.4717953667345852e+20,0.8463740952707528,1.4192476108621321
sc,275.0,0,1.0999374021317546e-05,0.9999430928470496,1.1779402232452615e+20,993466059153.9047,1.5357919101745596e+22,2.4647461364551608e+20,0.8463762188569607,1.4193425604192447
sc,275.0,0,1.0999408642820265e-05,0.9999462402563877,1.1791518425739721e+20,989694110845.0956,1.5357919101745596e+22,2.4579136879377803e+20,0.8463781708456444,1.4194346634300765
sc,275.0,0,1.0999442199339309e-05,0.9999492908490282,1.1803271416569206e+20,986044769552.7836,1.5357919101745596e+22,2.451291367144753e+20,0.846379962172012,1.4195240030180825
sc,275.0,0,1.0999474723628188e-05,0.9999522476025626,1.1814671791590426e+20,982513859935.1478,1.5357919101745596e+22,2.444872722972649e+20,0.8463816031560218,1.4196106600127636
sc,275.0,0,1.0999506247433445e-05,0.9999551134030404,1.1825729847993973e+20,979097360060.8541,1.5357919101745596e+22,2.438651501193854e+20,0.8463831035331563,1.4196947130048239
sc,275.0,0,1.0999536801525606e-05,0.9999578910477824,1.1836455600183932e+20,975791395129.45,1.5357919101745596e+22,2.4326216385626086e+20,0.8463844724839124,1.4197762384005799
sc,275.0,0,1.0999566415729164e-05,0.9999605832481058,1.1846858786355347e+20,972592231486.346,1.5357919101745596e+22,2.4267772570869806e+20,0.8463857186620404,1.419855310475462
sc,275.0,0,1.0999595118951634e-05,0.9999631926319668,1.1856948875016985e+20,969496270912.3029,1.5357919101745596e+22,2.4211126584623553e+20,0.8463868502215686,1.419932001426699
sc,275.0,0,1.0999622939211742e-05,0.9999657217465221,1.1866735071436849e+20,966500045175.4043,1.5357919101745596e+22,2.4156223186642803e+20,0.846387874842646,1.4200063814251118
sc,275.0,0,1.0999649903666725e-05,0.9999681730606114,1.1876226324003135e+20,963600210831.6913,1.5357919101745596e+22,2.4103008826964378e+20,0.8463887997562374,1.4200785186660088
sc,275.0,0,1.0999676038638799e-05,0.9999705489671635,1.1885431330501552e+20,960793544261.0604,1.5357919101745596e+22,2.4051431594896386e+20,0.8463896317677131,1.4201484794191817
sc,275.0,0,1.0999701369640831e-05,0.9999728517855301,1.1894358544304144e+20,958076936925.9965,1.5357919101745596e+22,2.4001441169471354e+20,0.8463903772793604,1.4202163280780054
sc,275.0,0,1.0999725921401199e-05,0.9999750837637453,1.1903016180445659e+20,955447390843.9656,1.5357919101745596e+22,2.3952988771342605e+20,0.846391042311859,1.420282127207574
sc,275.0,0,1.09997497178879e-05,0.9999772470807182,1.1911412221611819e+20,952902014260.0176,1.5357919101745596e+22,2.3906027116069342e+20,0.8463916325247576,1.4203459375919438
sc,275.0,0,1.099977278233193e-05,0.9999793438483573,1.1919554424029702e+20,950438017509.9949,1.5357919101745596e+22,2.3860510368760703e+20,0.8463921532359794,1.420407818280455
sc,275.0,0,1.0999795137249921e-05,0.9999813761136291,1.1927450323250451e+20,948052709067.0264,1.5357919101745596e+22,2.3816394100083517e+20,0.8463926094404032,1.4204678266330881
sc,275.0,0,1.0999816804466099e-05,0.9999833458605545,1.1935107239830369e+20,945743491759.4982,1.5357919101745596e+22,2.377363524353863e+20,0.8463930058275451,1.420526018364914
sc,275.0,0,1.0999837805133577e-05,0.9999852550121434,1.1942532284908221e+20,943507859152.6439,1.5357919101745596e+22,2.3732192053994914e+20,0.8463933467983825,1.4205824475896272
sc,275.0,0,1.0999858159754965e-05,0.9999871054322695,1.1949732365671657e+20,941343392087.9705,1.5357919101745596e+22,2.369202406748981e+20,0.8463936364813497,1.4206371668621085
sc,275.0,0,1.0999877888202374e-05,0.9999888989274885,1.1956714190718806e+20,939247755368.7626,1.5357919101745596e+22,2.3653092062171172e+20,0.8463938787475418,1.4206902272201243
sc,275.0,0,1.0999897009736801e-05,0.9999906372488001,1.1963484275307776e+20,937218694587.7087,1.5357919101745596e+22,2.3615358020417136e+20,0.8463940772251574,1.420741678225087
sc,275.0,0,1.09999155430269e-05,0.9999923220933546,1.1970048946496138e+20,935254033090.0161,1.5357919101745596e+22,2.357878509211325e+20,0.846394235313211,1.4207915680018792
sc,275.0,0,1.0999933506167206e-05,0.9999939551061097,1.1976414348180324e+20,933351669062.0945,1.5357919101745596e+22,2.354333755898637e+20,0.8463943561945515,1.4208399432778365
sc,275.0,0,1.0999950916695772e-05,0.9999955378814338,1.1982586446020764e+20,931509572743.614,1.5357919101745596e+22,2.350898080003274e+20,0.8463944428482081,1.4208868494207991
sc,275.0,0,1.0999967791611283e-05,0.999997071964662,1.1988571032261342e+20,929725783755.1477,1.5357919101745596e+22,2.347568125797884e+20,0.846394498061102,1.4209323304762949
sc,275.0,0,1.099998414738963e-05,0.9999985588536029,1.1994373730440815e+20,927998408536.4819,1.5357919101745596e+22,2.344340640675161e+20,0.8463945244391459,1.4209764292038451
sc,275.0,0,1.1e-05,1.0,1.2e+20,926325617889.6884,1.5357919101745596e+22,2.3412124719918347e+20,0.8463945244177624,1.4210191871124291
oc,275.0,0.8627569665068574,0.0,0.0,444579471208.17737,1.2000000000000003e+20,1.5357919101745596e+22,1.1236383650441871e+20,0.8685786980318814,0.0
oc,275.0,0.8627569665068574,1.5852610367572685e-11,1.4411463970520622e-06,445444400805.9944,1.1994804760918802e+20,1.5357919101745596e+22,1.1253369935027703e+20,0.8685786980318814,4.605908518564207e-05
oc,275.0,0.8627569665068574,3.2208388717036575e-11,2.9280353379124158e-06,446338076169.78986,1.1989446466996083e+20,1.5357919101745596e+22,1.1270909905164065e+20,0.868578689350904,9.356376937400435e-05
oc,275.0,0.8627569665068574,4.9083304228147994e-11,4.462118566195272e-06,447261494567.9906,1.198392006314712e+20,1.5357919101745596e+22,1.1289022076310723e+20,0.8685786711907015,0.00014255888629466636
oc,275.0,0.8627569665068574,6.649383279366816e-11,6.044893890333469e-06,448215690550.3531,1.1978220341699181e+20,1.5357919101745596e+22,1.1307725612799816e+20,0.8685786426974743,0.00019309062560612895
oc,275.0,0.8627569665068574,8.44569730995004e-11,7.677906645409127e-06,449201737510.19867,1.1972341938060809e+20,1.5357919101745596e+22,1.132704035243582e+20,0.8685786029584814,0.0002452065717009034
oc,275.0,0.8627569665068574,1.0299026319943172e-10,9.362751199948338e-06,450220749321.40295,1.196627932629248e+20,1.5357919101745596e+22,1.1346986832123249e+20,0.8685785509984696,0.00029895574343145756
oc,275.0,0.8627569665068574,1.2211179762539047e-10,1.1101072511399135e-05,451273882055.68054,1.1960026814569497e+20,1.5357919101745596e+22,1.1367586314598357e+20,0.86857848577591,0.0003543886348430689
oc,275.0,0.8627569665068574,1.418402450356626e-10,1.2894567730514783e-05,452362335783.91583,1.1953578540540828e+20,1.5357919101745596e+22,1.1388860816304264e+20,0.8685784061790354,0.0004115572568859351
oc,275.0,0.8627569665068574,1.6219486642243818e-10,1.474498785658529e-05,453487356466.5285,1.1946928466581715e+20,1.5357919101745596e+22,1.1410833136467999e+20,0.8685783110216689,0.00047051518013169875
oc,275.0,0.8627569665068574,1.8319553390006016e-10,1.6654139445460014e-05,454650237938.1796,1.1940070374938688e+20,1.5357919101745596e+22,1.1433526887445255e+20,0.868578199038837,0.000531317578517236
oc,275.0,0.8627569665068574,2.0486275007947086e-10,1.8623886370860987e-05,455852323991.52924,1.1932997862771877e+20,1.5357919101745596e+22,1.145696652638266e+20,0.8685780688821562,0.0005940212740901793
oc,275.0,0.8627569665068574,2.2721766807037856e-10,2.065615164276169e-05,457095010567.0637,1.1925704337081775e+20,1.5357919101745596e+22,1.1481177388280847e+20,0.8685779191149836,0.0006586847828324214
oc,275.0,0.8627569665068574,2.5028211210015303e-10,2.2752919281832096e-05,458379748053.4709,1.1918183009534368e+20,1.5357919101745596e+22,1.1506185720503755e+20,0.8685777482073275,0.0007253683614831163
oc,275.0,0.8627569665068574,2.7407859880196337e-10,2.4916236254723945e-05,459708043706.8846,1.1910426891174137e+20,1.5357919101745596e+22,1.1532018718837757e+20,0.8685775545305003,0.0007941340554636446
oc,275.0,0.8627569665068574,2.986303591691053e-10,2.7148214469918663e-05,461081464194.7171,1.1902428787032383e+20,1.5357919101745596e+22,1.155870456515745e+20,0.8685773363515135,0.0008650457478431666
oc,275.0,0.8627569665068574,3.239613612005532e-10,2.9451032836413926e-05,462501638271.66815,1.1894181290630193e+20,1.5357919101745596e+22,1.1586272466780522e+20,0.8685770918271994,0.0009381692093615345
oc,275.0,0.8627569665068574,3.5009633327559573e-10,3.182693938869052e-05,463970259596.79675,1.1885676778372581e+20,1.5357919101745596e+22,1.1614752697618594e+20,0.8685768189980533,0.0010135721495598941
oc,275.0,0.8627569665068574,3.770607882569443e-10,3.427825347790403e-05,465489089698.81085,1.1876907403845239e+20,1.5357919101745596e+22,1.1644176641194258e+20,0.8685765157817855,0.001091324268954634
oc,275.0,0.8627569665068574,4.048810483650578e-10,3.680736803318707e-05,467059961099.7196,1.1867865091999426e+20,1.5357919101745596e+22,1.1674576835631247e+20,0.8685761799665774,0.0011714973123117625
oc,275.0,0.8627569665068574,4.335842708358961e-10,3.9416751894172375e-05,468684780605.8533,1.1858541533237758e+20,1.5357919101745596e+22,1.17059870207167e+20,0.8685758092040274,0.001254165122986626
oc,275.0,0.8627569665068574,4.631984743932449e-10,4.210895221756772e-05,470365532776.9452,1.1848928177401992e+20,1.5357919101745596e+22,1.1738442187151575e+20,0.868575401001786,0.001339403698344288
oc,275.0,0.8627569665068574,4.937525665545395e-10,4.488659695950359e-05,472104283583.92535,1.183901622766627e+20,1.5357919101745596e+22,1.177197862809504e+20,0.8685749527158624,0.0014272912462362107
oc,275.0,0.8627569665068574,5.252763718117115e-10,4.775239743742832e-05,473903184268.1381,1.1828796634336531e+20,1.5357919101745596e+22,1.1806633993145858e+20,0.8685744615426071,0.001517908242569188
oc,275.0,0.8627569665068574,5.578006606901109e-10,5.0709150971828265e-05,475764475413.1761,1.1818260088569343e+20,1.5357919101745596e+22,1.1842447344864151e+20,0.8685739245103509,0.0016113374898867867
oc,275.0,0.8627569665068574,5.91357179736185e-10,5.375974361238045e-05,477690491244.2345,1.1807397015991707e+20,1.5357919101745596e+22,1.1879459217980642e+20,0.8685733384707032,0.0017076641770153473
oc,275.0,0.8627569665068574,6.259786824534542e-10,5.690715295031401e-05,479683664168.8329,1.1796197570244932e+20,1.5357919101745596e+22,1.1917711681442947e+20,0.8685727000895006,0.0018069759397313734
oc,275.0,0.8627569665068574,6.61698961216095e-10,6.0154451019645006e-05,481746529574.4592,1.1784651626456228e+20,1.5357919101745596e+22,1.1957248403450672e+20,0.8685720058374004,0.001909362922429429
oc,275.0,0.8627569665068574,6.985528801894402e-10,6.350480728994912e-05,483881730899.6222,1.1772748774647793e+20,1.5357919101745596e+22,1.199811471964433e+20,0.8685712519801158,0.0020149178407634777
oc,275.0,0.8627569665068574,7.365764092976956e-10,6.696149175433597e-05,486092024996.64197,1.1760478313087836e+20,1.5357919101745596e+22,1.2040357704629897e+20,0.8685704345682925,0.002123736045259547
oc,275.0,0.8627569665068574,7.758066592602475e-10,7.052787811456795e-05,488380287804.60474,1.1747829241572973e+20,1.5357919101745596e+22,1.2084026246988544e+20,0.8685695494270208,0.002235915585836469
oc,275.0,0.8627569665068574,8.162819177441882e-10,7.420744706765348e-05,490749520353.79553,1.1734790254670466e+20,1.5357919101745596e+22,1.2129171128004677e+20,0.8685685921449892,0.0023515572772393827
oc,275.0,0.8627569665068574,8.580416866495465e-10,7.800378969541333e-05,493202855122.55286,1.1721349734933963e+20,1.5357919101745596e+22,1.2175845104299554e+20,0.8685675580632748,0.002470764765293938
oc,275.0,0.8627569665068574,9.011267205821794e-10,8.19206109620163e-05,495743562771.204,1.1707495746106281e+20,1.5357919101745596e+22,1.2224102994615735e+20,0.8685664422637805,0.002593644593991115
oc,275.0,0.8627569665068574,9.455790665399698e-10,8.596173332181545e-05,498375059277.8829,1.169321602628721e+20,1.5357919101745596e+22,1.2274001770937218e+20,0.8685652395573209,0.0027203062733202545
oc,275.0,0.8627569665068574,9.914421048550782e-10,9.013110044137074e-05,501100913503.68134,1.1678497981103564e+20,1.5357919101745596e+22,1.2325600654223447e+20,0.8685639444713643,0.0028508623478078715
oc,275.0,0.8627569665068574,1.0387605914276564e-09,9.443278103887787e-05,503924855216.21136,1.1663328676909457e+20,1.5357919101745596e+22,1.2378961215023802e+20,0.868562551237445,0.002985428465689518
oc,275.0,0.8627569665068574,1.0875807012974414e-09,9.887097284522195e-05,506850783603.5063,1.1647694834029935e+20,1.5357919101745596e+22,1.2434147479264223e+20,0.8685610537782545,0.003124123448663434
oc,275.0,0.8627569665068574,1.1379500735910763e-09,0.00010345000669009785,509882776311.8326,1.1631582820015845e+20,1.5357919101745596e+22,1.2491226039436011e+20,0.8685594456944328,0.0032670693621399786
oc,275.0,0.8627569665068574,1.1899178578885228e-09,0.00010817435071713843,513025099044.0179,1.161497864298003e+20,1.5357919101745596e+22,1.2550266171561157e+20,0.8685577202510727,0.0034143915859056384
oc,275.0,0.8627569665068574,1.243534762056797e-09,0.0001130486147324361,516282215757.77264,1.15978679450515e+20,1.5357919101745596e+22,1.2611339958287881e+20,0.8685558703639662,0.003566218885122827
oc,275.0,0.8627569665068574,1.2988531015943882e-09,0.00011807755469039893,519658799506.2303,1.1580235995906002e+20,1.5357919101745596e+22,1.267452241840024e+20,0.8685538885856166,0.0037226834815608325
oc,275.0,0.8627569665068574,1.3559268505321519e-09,0.00012326607732110473,523159743966.2296,1.1562067686419338e+20,1.5357919101745596e+22,1.2739891643139005e+20,0.8685517670910462,0.0038839211249476484
oc,275.0,0.8627569665068574,1.4148116939419752e-09,0.00012861924490381593,526790175703.7472,1.1543347522530753e+20,1.5357919101745596e+22,1.280752893980498e+20,0.868549497663439,0.004050071164334871
oc,275.0,0.8627569665068574,1.475565082107555e-09,0.0001341422801915959,530555467229.7927,1.1524059619258845e+20,1.5357919101745596e+22,1.2877518982983334e+20,0.8685470716796524,0.004221276619362566
oc,275.0,0.8627569665068574,1.5382462863975932e-09,0.0001398405714906903,534461250903.37366,1.1504187694916728e+20,1.5357919101745596e+22,1.2949949973840793e+20,0.8685444800956486,0.0043976842512570185
oc,275.0,0.8627569665068574,1.602916456910408e-09,0.0001457196779009462,538513433744.3326,1.1483715065646363e+20,1.5357919101745596e+22,1.302491380809458e+20,0.8685417134318928,0.004579444633460142
oc,275.0,0.8627569665068574,1.6696386819333165e-09,0.00015178533472121059,542718213222.19354,1.146262464017376e+20,1.5357919101745596e+22,1.3102506253002182e+20,0.8685387617587765,0.004766712221701209
oc,275.0,0.8627569665068574,1.738478049276626e-09,0.00015804345902514783,547082094093.3978,1.1440898914908673e+20,1.5357919101745596e+22,1.3182827134009939e+20,0.8685356146821263,0.004959645423351647
oc,275.0,0.8627569665068574,1.8095017095494103e-09,0.00016450015541358276,551611906365.5686,1.1418519969458571e+20,1.5357919101745596e+22,1.3265980531688061e+20,0.8685322613288677,0.005158406665906922
oc,275.0,0.8627569665068574,1.8827789414216367e-09,0.00017116172194742152,556314824472.2509,1.1395469462460237e+20,1.5357919101745596e+22,1.3352074989379604e+20,0.8685286903329235,0.005363162464358288
oc,275.0,0.8627569665068574,1.958381218950811e-09,0.00017803465626825554,561198387750.5326,1.137172862797804e+20,1.5357919101745596e+22,1.3441223732473505e+20,0.8685248898214198,0.005574083487292699
oc,275.0,0.8627569665068574,2.0363822810287035e-09,0.00018512566191170032,566270522319.9679,1.1347278272322752e+20,1.5357919101745596e+22,1.3533544899755778e+20,0.8685208474013025,0.005791344621476469
oc,275.0,0.8627569665068574,2.1168582030189895e-09,0.00019244165481990816,571539564470.2378,1.1322098771489962e+20,1.5357919101745596e+22,1.3629161787751029e+20,0.8685165501464515,0.006015125034700771
oc,275.0,0.8627569665068574,2.199887470647477e-09,0.00019998977005886154,577014285673.3284,1.1296170069207802e+20,1.5357919101745596e+22,1.3728203108753498e+20,0.8685119845854039,0.006245608236620677
oc,275.0,0.8627569665068574,2.285551056227353e-09,0.00020777736874794117,582703919346.8315,1.1269471675651621e+20,1.5357919101745596e+22,1.383080326339237e+20,0.8685071366897995,0.00648298213735546
oc,275.0,0.8627569665068574,2.3739324972774643e-09,0.00021581204520704222,588618189504.0961,1.1241982666953587e+20,1.5357919101745596e+22,1.393710262867283e+20,0.868501991863671,0.006727439103527497
oc,275.0,0.8627569665068574,2.4651179776252194e-09,0.00022410163432956542,594767341440.4171,1.1213681685483099e+20,1.5357919101745596e+22,1.4047247862349064e+20,0.8684965349337094,0.0069791760114871065
oc,275.0,0.8627569665068574,2.5591964110509015e-09,0.00023265421918644558,601162174614.9126,1.1184546941079993e+20,1.5357919101745596e+22,1.416139222473094e+20,0.8684907501406456,0.0072383942973501736
oc,275.0,0.8627569665068574,2.656259527577809e-09,0.0002414781388707099,607814077904.3965,1.1154556213227495e+20,1.5357919101745596e+22,1.4279695918917062e+20,0.868484621131896,0.007505300003582398
oc,275.0,0.8627569665068574,2.756401962466237e-09,0.00025058199658783975,614735067417.6224,1.1123686854305019e+20,1.5357919101745596e+22,1.4402326450618396e+20,0.8684781309556323,0.0077801038217102094
oc,275.0,0.8627569665068574,2.8597213480120453e-09,0.00025997466800109503,621937827077.3329,1.1091915794020413e+20,1.5357919101745596e+22,1.4529459008817555e+20,0.8684712620564375,0.008063021130830222
oc,275.0,0.8627569665068574,2.9663184082353023e-09,0.00026966530983957293,629435752194.6349,1.1059219545028126e+20,1.5357919101745596e+22,1.4661276868427304e+20,0.868463996272726,0.008354272031519797
oc,275.0,0.8627569665068574,3.0762970565353374e-09,0.0002796633687759398,637242996279.0162,1.1025574209999348e+20,1.5357919101745596e+22,1.4797971816501127e+20,0.8684563148361116,0.008654081374698912
oc,275.0,0.8627569665068574,3.189764496423941e-09,0.00028997859058399467,645374521351.3806,1.0990955490051634e+20,1.5357919101745596e+22,1.4939744603212192e+20,0.8684481983729123,0.008962678785062227
oc,275.0,0.8627569665068574,3.306831325422199e-09,0.0003006210295838363,653846152049.0792,1.095533869481064e+20,1.5357919101745596e+22,1.508680541933077e+20,0.8684396269079901,0.009280298678599518
oc,275.0,0.8627569665068574,3.427611642213779e-09,0.00031160105838307084,662674633838.237,1.0918698754169943e+20,1.5357919101745596e+22,1.523937440174774e+20,0.8684305798711361,0.009607180273713673
oc,275.0,0.8627569665068574,3.552223157170686e-09,0.00032292937792460785,671877695678.5778,1.088101023181251e+20,1.5357919101745596e+22,1.5397682168718977e+20,0.8684210361062046,0.009943567595478792
oc,275.0,0.8627569665068574,3.680787306341249e-09,0.00033461702784920444,681474117515.0667,1.084224734072302e+20,1.5357919101745596e+22,1.5561970386766476e+20,0.8684109738832203,0.010289709472479515
oc,275.0,0.8627569665068574,3.813429369018795e-09,0.0003466753971835268,691483803006.6471,1.080238396078586e+20,1.5357919101745596e+22,1.573249237114564e+20,0.8684003709136743,0.010645859525720367
oc,275.0,0.8627569665068574,3.950278588993605e-09,0.00035911623536305504,701927857938.7191,1.0761393658572577e+20,1.5357919101745596e+22,1.5909513721866918e+20,0.8683892043692351,0.011012276149020409
oc,275.0,0.8627569665068574,4.091468299609047e-09,0.00037195166360082244,712828674808.0627,1.071924970951953e+20,1.5357919101745596e+22,1.609331299753409e+20,0.8683774509040989,0.011389222480327614
oc,275.0,0.8627569665068574,4.2371360527360675e-09,0.0003851941866123698,724210024113.571,1.0675925122635463e+20,1.5357919101745596e+22,1.6284182429279456e+20,0.8683650866812032,0.011776966363338776
oc,275.0,0.8627569665068574,4.387423751783914e-09,0.0003988567047076286,736097152935.8601,1.063139266789522e+20,1.5357919101745596e+22,1.6482428677228446e+20,0.868352087402529,0.01217578029879086
oc,275.0,0.8627569665068574,4.5424777888789516e-09,0.00041295252626172285,748516891444.0756,1.0585624906468806e+20,1.5357919101745596e+22,1.66883736320543e+20,0.8683384283437081,0.01258594138479749
oc,275.0,0.8627569665068574,4.702449186337998e-09,0.00042749538057618164,761497768027.7872,1.0538594223971448e+20,1.5357919101745596e+22,1.6902355264366002e+20,0.868324084393148,0.01300773124556045
oc,275.0,0.8627569665068574,4.8674937425619564e-09,0.0004424994311419961,775070133817.301,1.049027286690728e+20,1.5357919101745596e+22,1.7124728524787175e+20,0.8683090300958803,0.01344143594775671
oc,275.0,0.8627569665068574,5.03777218249446e-09,0.0004579792893176782,789266297429.6586,1.0440632982477344e+20,1.5357919101745596e+22,1.7355866297752548e+20,0.8682932397023242,0.013887345903924365
oc,275.0,0.8627569665068574,5.213450312782919e-09,0.0004739500284348108,804120670856.6201,1.0389646661932227e+20,1.5357919101745596e+22,1.7596160412206098e+20,0.8682766872221419,0.014345755762125708
oc,275.0,0.8627569665068574,5.394699181784867e-09,0.0004904271983440789,819669927498.8951,1.033728598765124e+20,1.5357919101745596e+22,1.784602271253832e+20,0.8682593464833472,0.01481696428115595
oc,275.0,0.8627569665068574,5.581695244568585e-09,0.0005074268404153259,835953173448.0887,1.0283523084130355e+20,1.5357919101745596e+22,1.8105886193283147e+20,0.8682411911968095,0.015301274190559959
oc,275.0,0.8627569665068574,5.7746205330643226e-09,0.0005249655030058475,853012133224.6515,1.0228330173060106e+20,1.5357919101745596e+22,1.83762062012616e+20,0.8682221950262646,0.015798992034718178
oc,275.0,0.8627569665068574,5.973662831521231e-09,0.000543060257411021,870891351297.3419,1.01716796326746e+20,1.5357919101745596e+22,1.865746170902659e+20,0.8682023316639247,0.01631042800024202
oc,275.0,0.8627569665068574,6.179015857431192e-09,0.0005617287143119265,889638410839.4525,1.0113544061549152e+20,1.5357919101745596e+22,1.8950156663641145e+20,0.8681815749117399,0.01683589572592031
oc,275.0,0.8627569665068574,6.390879448088693e-09,0.0005809890407353357,909304171320.1404,1.0053896347018214e+20,1.5357919101745596e+22,1.9254821415000385e+20,0.8681598987683351,0.01737571209446713
oc,275.0,0.8627569665068574,6.609459752962621e-09,0.0006008599775420564,929943026687.2006,9.992709738377752e+19,1.5357919101745596e+22,1.9572014228082213e+20,0.8681372775215989,0.01793019700533062
oc,275.0,0.8627569665068574,6.83496943204237e-09,0.0006213608574583973,951613186069.5972,9.929957925032255e+19,1.5357919101745596e+22,1.990232288365683e+20,0.8681136858468668,0.018499673127784437
oc,275.0,0.8627569665068574,7.067627860364078e-09,0.0006425116236694617,974376979123.5842,9.8656151197288e+19,1.5357919101745596e+22,2.024636637220864e+20,0.868089098910582,0.019084465633634383
oc,275.0,0.8627569665068574,7.30766133887939e-09,0.0006643328489890354,998301188353.4767,9.79965614701998e+19,1.5357919101745596e+22,2.0604796685921128e+20,0.8680634924792768,0.019684901908768197
oc,275.0,0.8627569665068574,7.555303311878037e-09,0.0006868457556252761,1023457410975.8926,9.732056537041605e+19,1.5357919101745596e+22,2.097830071371584e+20,0.8680368430336528,0.020301311242911357
oc,275.0,0.8627569665068574,7.810794591152303e-09,0.0007100722355593003,1049922453151.6705,9.662792624717082e+19,1.5357919101745596e+22,2.136760224451512e+20,0.8680091278874817,0.020934024496909787
oc,275.0,0.8627569665068574,8.074383587114653e-09,0.0007340348715558775,1077778759696.4204,9.59184165448294e+19,1.5357919101745596e+22,2.1773464084059115e+20,0.867980325310989,0.02158337374694197
oc,275.0,0.8627569665068574,8.346326547068184e-09,0.0007587569588243803,1107114882693.799,9.51918189053911e+19,1.5357919101745596e+22,2.2196690290537516e+20,0.8679504146583118,0.022249691905064217
oc,275.0,0.8627569665068574,8.62688780086257e-09,0.0007842625273511428,1138025992785.8538,9.44479273261389e+19,1.5357919101745596e+22,2.2638128534439277e+20,0.8679193764985549,0.022933312315612055
oc,275.0,0.8627569665068574,8.916340014136991e-09,0.0008105763649215447,1170614437295.4807,9.368654837332677e+19,1.5357919101745596e+22,2.309867258830129e+20,0.8678871927499006,0.023634568326949254
oc,275.0,0.8627569665068574,9.214964449395513e-09,0.0008377240408541375,1204990349764.2322,9.290750244946965e+19,1.5357919101745596e+22,2.3579264951438167e+20,0.867853846816152,0.024353792838217963
oc,275.0,0.8627569665068574,9.523051235139635e-09,0.0008657319304672395,1241272315954.9812,9.21106251150548e+19,1.5357919101745596e+22,2.4080899615492863e+20,0.8678193237250184,0.025091317820755035
oc,275.0,0.8627569665068574,9.840899643304701e-09,0.0008946272403004274,1279588101889.166,9.129576846121738e+19,1.5357919101745596e+22,2.4604624975686746e+20,0.8677836102673774,0.02584747381396488
oc,275.0,0.8627569665068574,1.0168818375244415e-08,0.0009244380341131286,1320075450059.877,9.046280253304124e+19,1.5357919101745596e+22,2.5151546893363442e+20,0.867746695136675,0.026622589395514897
oc,275.0,0.8627569665068574,1.050712585652297e-08,0.0009551932596839063,1362882950596.3237,8.96116167988701e+19,1.5357919101745596e+22,2.572283191428837e+20,0.8677085690675553,0.02741699062584742
oc,275.0,0.8627569665068574,1.0856150540770048e-08,0.0009869227764336408,1408170994853.6208,8.874212166387702e+19,1.5357919101745596e+22,2.6319710647744564e+20,0.8676692249727451,0.028231000467093915
oc,275.0,0.8627569665068574,1.1216231222873463e-08,0.0010196573838975875,1456112819675.8772,8.78542500227296e+19,1.5357919101745596e+22,2.6943481310388303e+20,0.86762865807715,0.029064938176635816
oc,275.0,0.8627569665068574,1.1587717361786653e-08,0.001053428851071514,1506895651435.1155,8.694795884663128e+19,1.5357919101745596e+22,2.7595513438635177e+20,0.8675868660480683,0.029919118675684607
oc,275.0,0.8627569665068574,1.1970969413231335e-08,0.0010882699466573942,1560721959891.2117,8.602323079939342e+19,1.5357919101745596e+22,2.8277251772791085e+20,0.8675438491203682,0.030793851893394803
oc,275.0,0.8627569665068574,1.2366359172584106e-08,0.0011242144702349188,1617810832961.1064,8.50800758757563e+19,1.5357919101745596e+22,2.8990220315246405e+20,0.8674996102154409,0.031689442087188026
oc,275.0,0.8627569665068574,1.2774270128259657e-08,0.0011612972843872416,1678399484639.5515,8.41185330544818e+19,1.5357919101745596e+22,2.973602656427417e+20,0.8674541550526971,0.03260618714017526
oc,275.0,0.8627569665068574,1.3195097825883073e-08,0.001199554347807552,1742744909581.9043,8.313867195792297e+19,1.5357919101745596e+22,3.051636592391017e+20,0.8674074922523625,0.033544377836683285
oc,275.0,0.8627569665068574,1.3629250243573032e-08,0.0012390227494157302,1811125699266.3887,8.214059450878262e+19,1.5357919101745596e+22,3.1333026289249334e+20,0.8673596334283075,0.034504297117133084
oc,275.0,0.8627569665068574,1.4077148178667454e-08,0.001279740743515223,1883844036204.4697,8.112443657371102e+19,1.5357919101745596e+22,3.2187892805098825e+20,0.8673105932696539,0.035486219313722325
oc,275.0,0.8627569665068574,1.4539225646207298e-08,0.0013217477860188453,1961227884374.5762,8.009036958250225e+19,1.5357919101745596e+22,3.308295279431449e+20,0.867260389609922,0.03649040936852107
oc,275.0,0.8627569665068574,1.501593028953513e-08,0.0013650845717759208,2043633395946.7585,7.903860211059925e+19,1.5357919101745596e+22,3.4020300850440307e+20,0.8672090434825046,0.03751712203587958
oc,275.0,0.8627569665068574,1.55077238033528e-08,0.001409793073032073,2131447556444.1543,7.796938141173616e+19,1.5357919101745596e+22,3.500214408722368e+20,0.8671565791613148,0.038566601071223935
oc,275.0,0.8627569665068574,1.6015082369593702e-08,0.001455916579053973,2225091092781.314,7.688299488651221e+19,1.5357919101745596e+22,3.603080753530386e+20,0.8671030241855187,0.03963907840854954
oc,275.0,0.8627569665068574,1.6538497106481364e-08,0.0015034997369528513,2325021671149.126,7.57797714718376e+19,1.5357919101745596e+22,3.710873967388914e+20,0.8670484093673451,0.04073477332916981
oc,275.0,0.8627569665068574,1.7078474531153074e-08,0.0015525885937411887,2431737414499.5703,7.466008293545216e+19,1.5357919101745596e+22,3.8238518082489195e+20,0.8669927687820782,0.0418538916245047
oc,275.0,0.8627569665068574,1.7635537036227667e-08,0.0016032306396570606,2545780772447.417,7.352434505924218e+19,1.5357919101745596e+22,3.942285519485638e+20,0.8669361397394474,0.04299662475590727
oc,275.0,0.8627569665068574,1.8210223380721703e-08,0.001655474852792882,2667742779780.613,7.2373018693480284e+19,1.5357919101745596e+22,4.066460413349836e+20,0.8668785627357848,0.044163149014787184
oc,275.0,0.8627569665068574,1.8803089195716493e-08,0.0017093717450651358,2798267743477.315,7.120661066508761e+19,1.5357919101745596e+22,4.1966764600221165e+20,0.8668200813864616,0.04535362468648841
oc,275.0,0.8627569665068574,1.9414707505186866e-08,0.0017649734095624425,2938058402201.3174,7.002567452168093e+19,1.5357919101745596e+22,4.333248879378307e+20,0.8667607423382998,0.04656819522159006
oc,275.0,0.8627569665068574,2.0045669262421574e-08,0.001822333569311052,3087881606724.638,6.883081109315291e+19,1.5357919101745596e+22,4.476508732164881e+20,0.8667005951618347,0.04780698641851943
oc,275.0,0.8627569665068574,2.069658390247253e-08,0.0018815076274975029,3248574574635.7095,6.762266885307729e+19,1.5357919101745596e+22,4.6268035068685025e+20,0.8666396922235056,0.04907010562154772
oc,275.0,0.8627569665068574,2.1368079911068928e-08,0.0019425527191880843,3421051778073.3467,6.640194406226173e+19,1.5357919101745596e+22,4.784497698083299e+20,0.8665780885380632,0.05035764093838561
oc,275.0,0.8627569665068574,2.2060805410459572e-08,0.002005527764587234,3606312529130.7793,6.5169380676874674e+19,1.5357919101745596e+22,4.9499733716651665e+20,0.8665158416016945,0.05166966048177788
oc,275.0,0.8627569665068574,2.2775428762647043e-08,0.002070493523877004,3805449334031.102,6.392577000546133e+19,1.5357919101745596e+22,5.1236307115277006e+20,0.8664530112065906,0.053006211639598046
oc,275.0,0.8627569665068574,2.351263919048374e-08,0.00213751265368034,4019657094238.8174,6.267195009933353e+19,1.5357919101745596e+22,5.305888542352408e+20,0.8663896592379011,0.05436732037803242
oc,275.0,0.8627569665068574,2.4273147417125106e-08,0.0022066497651931916,4250243240398.6733,6.1408804862518714e+19,1.5357919101745596e+22,5.497184821984548e+20,0.8663258494542417,0.05575299058253307
oc,275.0,0.8627569665068574,2.5057686324324814e-08,0.0022779714840295284,4498638893416.099,6.0137262869411725e+19,1.5357919101745596e+22,5.697977096766547e+20,0.8662616472531296,0.057163203441208364
oc,275.0,0.8627569665068574,2.586701163008731e-08,0.002351546511826119,4766411156194.606,5.8858295880067056e+19,1.5357919101745596e+22,5.90874291253235e+20,0.8661971194229257,0.058597916875347544
oc,275.0,0.8627569665068574,2.670190258619126e-08,0.002427445689653751,5055276649560.383,5.757291704548078e+19,1.5357919101745596e+22,6.129980173477111e+20,0.8661323338830524,0.06005706502170162
oc,275.0,0.8627569665068574,2.7563162696108976e-08,0.0025057420632826344,5367116416808.686,5.6282178797875995e+19,1.5357919101745596e+22,6.362207440635231e+20,0.8660673594144235,0.06154055777105249
oc,275.0,0.8627569665068574,2.84516204538629e-08,0.002586510950351173,5703992333162.303,5.498717042392444e+19,1.5357919101745596e+22,6.605964161249356e+20,0.8660022653821684,0.06304828036747198
oc,275.0,0.8627569665068574,2.9368130104358903e-08,0.002669830009487173,6068165169302.977,5.368901532206775e+19,1.5357919101745596e+22,6.861810819912338e+20,0.8659371214528699,0.06458009307246726
oc,275.0,0.8627569665068574,3.031357242576549e-08,0.0027557793114332263,6462114472104.661,5.2388867948514e+19,1.5357919101745596e+22,7.130329002021511e+20,0.8658719973086096,0.06613583089800762
oc,275.0,0.8627569665068574,3.12888555344934e-08,0.0028444414122266726,6888560440814.271,5.108791045997877e+19,1.5357919101745596e+22,7.412121359788331e+20,0.8658069623602049,0.06771530341210329
oc,275.0,0.8627569665068574,3.2294915713363566e-08,0.0029359014284875973,7350487993297.804,4.978734906514157e+19,1.5357919101745596e+22,7.707811470877242e+20,0.8657420854620357,0.06931829462031631
oc,275.0,0.8627569665068574,3.3332718263538116e-08,0.0030302471148671017,7851173234640.825,4.848841010084211e+19,1.5357919101745596e+22,8.018043579685035e+20,0.8656774346308731,0.07094456292616753
oc,275.0,0.8627569665068574,3.44032583808237e-08,0.0031275689437112453,8394212559479.487,4.719233585220617e+19,1.5357919101745596e+22,8.343482211199468e+20,0.8656130767710862,0.07259384117302121
oc,275.0,0.8627569665068574,3.550756205694139e-08,0.0032279601869946717,8983554639982.043,4.590038014052464e+19,1.5357919101745596e+22,8.684811647619152e+20,0.8655490774085277,0.07426583676952267
oc,275.0,0.8627569665068574,3.664668700637741e-08,0.0033315170005797645,9623535573523.72,4.4613803706106175e+19,1.5357919101745596e+22,9.042735258174637e+20,0.8654855004353149,0.07596023190017609
oc,275.0,0.8627569665068574,3.7821723619446636e-08,0.003438338510858785,10318917487859.234,4.3333869416599036e+19,1.5357919101745596e+22,9.417974672967915e+20,0.8654224078675775,0.07767668382212027
oc,275.0,0.8627569665068574,3.9033795942180146e-08,0.003548526903834559,11074930927075.879,4.2061837335095525e+19,1.5357919101745596e+22,9.811268792324763e+20,0.86535985961809,0.07941482524854294
oc,275.0,0.8627569665068574,4.0284062683698775e-08,0.0036621875166998885,11897321368931.541,4.079895968500854e+19,1.5357919101745596e+22,1.0223372623899326e+21,0.8652979132855197,0.08117426481863844
oc,275.0,0.8627569665068574,4.157371825168804e-08,0.00377942893197164,12792400253346.428,3.954647575102257e+19,1.5357919101745596e+22,1.0655055940609308e+21,0.8652366239618071,0.08295458765331554
oc,275.0,0.8627569665068574,4.290399381665122e-08,0.00390036307424102,13767100933023.74,3.830560675814265e+19,1.5357919101745596e+22,1.1107101753773322e+21,0.8651760440589734,0.08475535599530971
oc,275.0,0.8627569665068574,4.4276158405582135e-08,0.004025105309598376,14829039990371.783,3.70775507718909e+19,1.5357919101745596e+22,1.1580304596974052e+21,0.8651162231563998,0.08657610993165683
oc,275.0,0.8627569665068574,4.5691520025717855e-08,0.0041537745477925325,15986584400256.664,3.5863477663820526e+19,1.5357919101745596e+22,1.2075468617660194e+21,0.8650572078693723,0.08841636819586912
oc,275.0,0.8627569665068574,4.715142681904483e-08,0.0042864933471858935,17248925055678.791,3.4664524187034333e+19,1.5357919101745596e+22,1.259340547518762e+21,0.8649990417394309,0.09027562904653998
oc,275.0,0.8627569665068574,4.865726824822575e-08,0.004423388022565977,18626157213267.7,3.3481789205994004e+19,1.5357919101745596e+22,1.3134932045743944e+21,0.8649417651467908,0.09215337121848108
oc,275.0,0.8627569665068574,5.021047631461167e-08,0.0045645887558737885,20129368457618.8,3.231632912399197e+19,1.5357919101745596e+22,1.3700867936530612e+21,0.864885415244861,0.09404905494190573
oc,275.0,0.8627569665068574,5.1812526809014605e-08,0.0047102297099104184,21770734828004.832,3.116915355006772e+19,1.5357919101745596e+22,1.4292032813628376e+21,0.8648300259166286,0.09596212302463421
oc,275.0,0.8627569665068574,5.3464940595922046e-08,0.004860449145083823,23563625797910.51,3.0041221244901814e+19,1.5357919101745596e+22,1.4909243550114502e+21,0.8647756277524454,0.09789200199179267
oc,275.0,0.8627569665068574,5.516928493180878e-08,0.005015389539255344,25522718847156.58,2.8933436382376972e+19,1.5357919101745596e+22,1.5553311203195934e+21,0.8647222480485308,0.09983810327698328
oc,275.0,0.8627569665068574,5.692717481823145e-08,0.005175197710748314,27664124418201.11,2.784664516003501e+19,1.5357919101745596e+22,1.6225037831381168e+21,0.8646699108253126,0.1017998244585333
oc,275.0,0.8627569665068574,5.8740274390359504e-08,0.005340024944578137,30005522102405.227,2.678163278772803e+19,1.5357919101745596e+22,1.6925213164943387e+21,0.8646186368645392,0.10377655053404454
oc,275.0,0.8627569665068574,6.061029834160731e-08,0.0055100271219643004,32566308958716.02,2.5739120879352893e+19,1.5357919101745596e+22,1.7654611145149147e+21,0.8645684437639507,0.1057676552261967
oc,275.0,0.8627569665068574,6.253901338502271e-08,0.005685364853183883,35367760926237.07,2.4719765267808887e+19,1.5357919101745596e+22,1.8413986349876188e+21,0.8645193460081617,0.1077725023125331
oc,275.0,0.8627569665068574,6.452823975206651e-08,0.005866203613824228,38433208353450.58,2.3724154258224554e+19,1.5357919101745596e+22,1.920407032522659e+21,0.8644713550543099,0.10979044697179115
oc,275.0,0.8627569665068574,6.657985272942628e-08,0.006052713884493299,41788226730392.17,2.2752807329304285e+19,1.5357919101745596e+22,2.002556784465402e+21,0.8644244794309446,0.11182083713928079
oc,275.0,0.8627569665068574,6.869578423447609e-08,0.006245071294043281,45460843775615.3,2.180617428735057e+19,1.5357919101745596e+22,2.0879153118813165e+21,0.8643787248485781,0.11386301486378105
oc,275.0,0.8627569665068574,7.087802442999102e-08,0.006443456766362821,49481764097228.836,2.0884634872219296e+19,1.5357919101745596e+22,2.1765465980845923e+21,0.864334094320305,0.11591631765849905
oc,275.0,0.8627569665068574,7.312862337869174e-08,0.006648056670790159,53884612716341.805,1.9988498809116897e+19,1.5357919101745596e+22,2.2685108072859674e+21,0.8642905882908763,0.11798007983874538
oc,275.0,0.8627569665068574,7.544969273820284e-08,0.006859062976200259,58706198811736.01,1.9118006295332844e+19,1.5357919101745596e+22,2.3638639060449986e+21,0.8642482047726555,0.12005363383920163
oc,275.0,0.8627569665068574,7.784340749694441e-08,0.007076673408813128,63986801115997.125,1.8273328906330567e+19,1.5357919101745596e+22,2.462657290280015e+21,0.864206939486903,0.12213631150386939
oc,275.0,0.8627569665068574,8.031200775148666e-08,0.007301091613771515,69770476465423.55,1.7454570900944622e+19,1.5357919101745596e+22,2.5649374205808335e+21,0.8641667860089093,0.12422744534213628
oc,275.0,0.8627569665068574,8.285780052584041e-08,0.007532527320530946,76105393078130.45,1.6661770901930797e+19,1.5357919101745596e+22,2.6707454686065035e+21,0.8641277359155607,0.12632636974472988
oc,275.0,0.8627569665068574,8.548316163314407e-08,0.007771196512104006,83044190206534.38,1.5894903924475994e+19,1.5357919101745596e+22,2.7801169772952263e+21,0.8640897789340071,0.12843242215375766
oc,275.0,0.8627569665068574,8.81905375801531e-08,0.008017321598195737,90644365880818.72,1.5153883722245319e+19,1.5357919101745596e+22,2.893081537509558e+21,0.8640529030902012,0.1305449441814588
oc,275.0,0.8627569665068574,9.098244751490158e-08,0.00827113159226378,98968694528331.83,1.4438565418641947e+19,1.5357919101745596e+22,3.0096624837000293e+21,0.8640170948561773,0.1326632826727769
oc,275.0,0.8627569665068574,9.38614852178688e-08,0.008532862292533527,108085676319624.2,1.374874838856543e+19,1.5357919101745596e+22,3.1298766109345296e+21,0.8639823392950486,0.13478679070737112
oc,275.0,0.8627569665068574,9.683032113691836e-08,0.008802756466992578,118070020152946.1,1.3084179355437535e+19,1.5357919101745596e+22,3.2537339155787043e+21,0.8639486202028093,0.13691482853718756
oc,275.0,0.8627569665068574,9.989170446622597e-08,0.00908106404238418,129003162245041.33,1.2444555666993306e+19,1.5357919101745596e+22,3.381237361593463e+21,0.8639159202461476,0.1390467644562488
oc,275.0,0.8627569665068574,1.030484652693735e-07,0.009368042297215773,140973822345611.97,1.1829528713825128e+19,1.5357919101745596e+22,3.512382674319561e+21,0.8638842210955778,0.1411819755998653
oc,275.0,0.8627569665068574,1.0630351664667048e-07,0.009663956058788226,154078599632423.9,1.1238707454596383e+19,1.5357919101745596e+22,3.647158163237325e+21,0.8638535035533139,0.14331984867096564
oc,275.0,0.8627569665068574,1.0965985694675306e-07,0.009969077904250279,168422610375166.5,1.0671662013191199e+19,1.5357919101745596e+22,3.785544575070691e+21,0.8638237476754127,0.1454597805918081
oc,275.0,0.8627569665068574,1.131205720223829e-07,0.010283688365671173,184120169471983.47,1.0127927313974438e+19,1.5357919101745596e+22,3.9275149781800625e+21,0.8637949328878072,0.14760117907980483
oc,275.0,0.8627569665068574,1.1668883753031101e-07,0.010608076139119182,201295517965378.5,9.60700672344772e+18,1.5357919101745596e+22,4.0730346790572235e+21,0.863767038095954,0.1497434631466955
oc,275.0,0.8627569665068574,1.2036792127497026e-07,0.010942538297724569,220083598626853.5,9.108375668191414e+18,1.5357919101745596e+22,4.2220611712932465e+21,0.863740041787895,0.15188606352076253
oc,275.0,0.8627569665068574,1.241611855956522e-07,0.011287380508695655,240630881661551.84,8.631485201679566e+18,1.5357919101745596e+22,4.374544117257405e+21,0.8637139221306211,0.15402842299220812
oc,275.0,0.8627569665068574,1.2807208979674554e-07,0.011642917254249596,263096242521228.53,8.175765494603614e+18,1.5357919101745596e+22,4.530425362288851e+21,0.8636886570596946,0.15616999668223322
oc,275.0,0.8627569665068574,1.3210419262045697e-07,0.01200947205640518,287651893719360.9,7.740629226392708e+18,1.5357919101745596e+22,4.689638981082252e+21,0.8636642243621445,0.15831025223670414
oc,275.0,0.8627569665068574,1.3626115476134353e-07,0.012387377705576685,314484372417321.75,7.325474857901451e+18,1.5357919101745596e+22,4.852111355536207e+21,0.8636406017527187,0.16044866994564602
oc,275.0,0.8627569665068574,1.4054674142183642e-07,0.012776976492894221,343795585380591.94,6.929689768393676e+18,1.5357919101745596e+22,5.017761283237405e+21,0.8636177669436123,0.162584742790092
oc,275.0,0.8627569665068574,1.4496482490780489e-07,0.01317862044616408,375803912696669.06,6.552653242291534e+18,1.5357919101745596e+22,5.186500115387533e+21,0.8635956977078375,0.16471797641808647
oc,275.0,0.8627569665068574,1.4951938726302417e-07,0.013592671569365833,410745371377026.2,6.19373929421579e+18,1.5357919101745596e+22,5.358231922910042e+21,0.8635743719364419,0.16684788905185158
oc,275.0,0.8627569665068574,1.542145229413025e-07,0.014019502085572955,448874839650363.2,5.852319323078512e+18,1.5357919101745596e+22,5.532853689168267e+21,0.8635537676897922,0.16897401132834627
oc,275.0,0.8627569665068574,1.5905444151477943e-07,0.014459494683161767,490467342357940.4,5.527764588794572e+18,1.5357919101745596e+22,5.71025552770549e+21,0.8635338632431836,0.17109588607557272
oc,275.0,0.8627569665068574,1.6404347041678602e-07,0.014913042765162365,535819397405686.0,5.219448507180501e+18,1.5357919101745596e+22,5.890320923144207e+21,0.8635146371270326,0.17321306802714334
oc,275.0,0.8627569665068574,1.6918605771739475e-07,0.015380550701581341,585250422673498.6,4.92674876106383e+18,1.5357919101745596e+22,6.072926993464386e+21,0.863496068161934,0.17532512347769078
oc,275.0,0.8627569665068574,1.744867749296319e-07,0.01586243408451199,639104202143269.1,4.649049227307322e+18,1.5357919101745596e+22,6.257944771584308e+21,0.8634781354888613,0.17743162988179947
oc,275.0,0.8627569665068574,1.7995031984405312e-07,0.016359119985823012,697750409261116.5,4.3857417214937585e+18,1.5357919101745596e+22,6.445239504408948e+21,0.8634608185948006,0.17953217539916547
oc,275.0,0.8627569665068574,1.855815193891665e-07,0.016871047217196955,761586184678252.9,4.136227563356268e+18,1.5357919101745596e+22,6.634670967161108e+21,0.8634440973340944,0.18162635838872765
oc,275.0,0.8627569665068574,1.9138533251492623e-07,0.01739866659226602,831037764535117.2,3.8999189676048645e+18,1.5357919101745596e+22,6.826093791172761e+21,0.8634279519457843,0.1837137868545211
oc,275.0,0.8627569665068574,1.9736685309624657e-07,0.01794244119056787,906562154305081.6,3.6762402658498125e+18,1.5357919101745596e+22,7.019357803050366e+21,0.8634123630672169,0.1857940778459976
oc,275.0,0.8627569665068574,2.0353131285319847e-07,0.018502846623018043,988648841935765.6,3.4646289663583227e+18,1.5357919101745596e+22,7.214308373338565e+21,0.8633973117441825,0.18786685681554469
oc,275.0,0.8627569665068574,2.0988408428425337e-07,0.019080371298568488,1077821542569941.5,3.2645366592111493e+18,1.5357919101745596e+22,7.410786772942813e+21,0.8633827794378386,0.18993175693591585
oc,275.0,0.8627569665068574,2.1643068360860024e-07,0.01967551669169093,1174639965478973.5,3.075429774965047e+18,1.5357919101745596e+22,7.608630535416385e+21,0.8633687480286585,0.19198841838025624
oc,275.0,0.8627569665068574,2.2317677371326033e-07,0.020288797610296394,1279701592023786.8,2.8967902054977106e+18,1.5357919101745596e+22,7.807673823637505e+21,0.863355199817635,0.19403648756739938
oc,275.0,0.8627569665068574,2.301281671003057e-07,0.020920742463664155,1393643451411155.8,2.7281157959614054e+18,1.5357919101745596e+22,8.007747799347916e+21,0.8633421175249563,0.1960756163750746
oc,275.0,0.8627569665068574,2.372908288291805e-07,0.0215718935299255,1517143878748568.0,2.568920716959174e+18,1.5357919101745596e+22,8.20868099411995e+21,0.8633294842863485,0.1981054613236809
oc,275.0,0.8627569665068574,2.446708794486748e-07,0.022242807222606797,1650924237419348.2,2.41873572615959e+18,1.5357919101745596e+22,8.410299680618817e+21,0.8633172836472814,0.20012568273327253
oc,275.0,0.8627569665068574,2.522745979127007e-07,0.022934054355700062,1795750585075563.8,2.2771083284872666e+18,1.5357919101745596e+22,8.612428243102986e+21,0.8633054995552025,0.2021359438564303
oc,275.0,0.8627569665068574,2.601084244735974e-07,0.023646220406690677,1952435259567312.5,2.1436028438903427e+18,1.5357919101745596e+22,8.814889546180915e+21,0.8632941163499643,0.20413590998974163
oc,275.0,0.8627569665068574,2.6817896354620375e-07,0.024379905776927613,2121838357921813.8,2.0178003914938826e+18,1.5357919101745596e+22,9.017505301111994e+21,0.8632831187525869,0.2061252475666703
oc,275.0,0.8627569665068574,2.7649298653549316e-07,0.025135726048681195,2304869078034064.0,1.8992987986516232e+18,1.5357919101745596e+22,9.220096429039414e+21,0.8632724918524954,0.20810362323470566
oc,275.0,0.8627569665068574,2.850574346200175e-07,0.025914312238183412,2502478714236373.5,1.7877123939817272e+18,1.5357919101745596e+22,9.422452381728468e+21,0.863262142483395,0.21007070291979257
oc,275.0,0.8627569665068574,2.9387942148292916e-07,0.026716311043902652,2715671827345174.0,1.682671857262779e+18,1.5357919101745596e+22,9.624376992888082e+21,0.8632520201137637,0.21202615088284338
oc,275.0,0.8627569665068574,3.029662359817677e-07,0.02754238508925161,2945508624747928.0,1.5838239593535747e+18,1.5357919101745596e+22,9.825691296945635e+21,0.8632421185279789,0.21396962876985556
oc,275.0,0.8627569665068574,3.12325344747639e-07,0.028393213158876274,3193101427891047.0,1.490831221871221e+18,1.5357919101745596e+22,1.002621703805918e+22,0.8632324313189509,0.21590079465878417
oc,275.0,0.8627569665068574,3.2196439470382796e-07,0.029269490427620726,3459614723583156.5,1.4033715654764895e+18,1.5357919101745596e+22,1.0225777002735498e+22,0.8632229518774679,0.21781930210785466
oc,275.0,0.8627569665068574,3.318912154932562e-07,0.030171928681205107,3746264812887822.5,1.321137925978951e+18,1.5357919101745596e+22,1.042419534767066e+22,0.8632136733796669,0.21972479920954435
oc,275.0,0.8627569665068574,3.4211382180356256e-07,0.0311012565275966,4054318998681563.0,1.24383784386846e+18,1.5357919101745596e+22,1.0621297923022666e+22,0.8632045887725863,0.22161692765483273
oc,275.0,0.8627569665068574,3.5264041557793443e-07,0.03205821959799404,4385094248864745.5,1.1711930324285942e+18,1.5357919101745596e+22,1.0816912591389746e+22,0.8631956907577663,0.22349532181274082
oc,275.0,0.8627569665068574,3.6347938809909277e-07,0.033043580736281164,4739955268408473.0,1.1029389291457322e+18,1.5357919101745596e+22,1.1010869542805001e+22,0.8631869717728754,0.22535960783063755
oc,275.0,0.8627569665068574,3.74639321933195e-07,0.034058120175745,5120311910053898.0,1.038824234697748e+18,1.5357919101745596e+22,1.1203001606077944e+22,0.8631784239713484,0.22720940276131266
oc,275.0,0.8627569665068574,3.8612899271962657e-07,0.035102635701784235,5527615850714445.0,9.786104433932132e+17,1.5357919101745596e+22,1.1393144556816486e+22,0.8631700392000382,0.22904431372335599
oc,275.0,0.8627569665068574,3.9795737079193217e-07,0.03617794279926656,5963356458672558.0,9.220713685363016e+17,1.5357919101745596e+22,1.1581137422437312e+22,0.8631618089749015,0.2308639371019828
oc,275.0,0.8627569665068574,4.1013362261439735e-07,0.03728487478312703,6429055775729117.0,8.689926658171602e+17,1.5357919101745596e+22,1.1766822784437146e+22,0.8631537244547574,0.23266785779807447
oc,275.0,0.8627569665068574,4.2266711201795267e-07,0.03842428291072297,6926262538793311.0,8.191713574738941e+17,1.5357919101745596e+22,1.195004707810993e+22,0.8631457764131927,0.2344556485338556
oc,275.0,0.8627569665068574,4.3556740121832605e-07,0.03959703647439328,7456545167317520.0,7.72415359639014e+17,1.5357919101745596e+22,1.2130660889853054e+22,0.8631379552087065,0.2362268692243114
oc,275.0,0.8627569665068574,4.4884425159851984e-07,0.040804022872592716,8021483646719827.0,7.285430149729087e+17,1.5357919101745596e+22,1.2308519252074894e+22,0.8631302507532302,0.23798106642413544
oc,275.0,0.8627569665068574,4.625076242368779e-07,0.04204614765789799,8622660243795759.0,6.873826324016124e+17,1.5357919101745596e+22,1.248348193556197e+22,0.8631226524792007,0.23971777286068258
oc,275.0,0.8627569665068574,4.765676801611914e-07,0.04332433456010831,9261648998450872.0,6.487720355113386e+17,1.5357919101745596e+22,1.2655413739000756e+22,0.8631151493054039,0.24143650706407688
oc,275.0,0.8627569665068574,4.910347803083952e-07,0.04463952548258138,9940003947448300.0,6.125581209035177e+17,1.5357919101745596e+22,1.2824184775388674e+22,0.8631077296018618,0.2431367731062464
oc,275.0,0.8627569665068574,5.059194851686406e-07,0.045992680469876424,1.0659246049827674e+16,5.785964275965545e+17,1.5357919101745596e+22,1.2989670754499762e+22,0.8631003811540982,0.2448180604612489
oc,275.0,0.8627569665068574,5.212325540916164e-07,0.0473847776446924,1.1420848801436102e+16,5.467507183625452e+17,1.5357919101745596e+22,1.3151753260749394e+22,0.8630930911271676,0.2464798439997392
oc,275.0,0.8627569665068574,5.369849442321835e-07,0.04881681311201669,1.222622254743169e+16,5.168925736893928e+17,1.5357919101745596e+22,1.3310320025455364e+22,0.8630858460299121,0.2481215841308306
oc,275.0,0.8627569665068574,5.531878091115703e-07,0.05028980082832457,1.3076697526118064e+16,4.8890099891673914e+17,1.5357919101745596e+22,1.3465265192139332e+22,0.8630786316799746,0.24974272710486078
oc,275.0,0.8627569665068574,5.698524967695082e-07,0.05180477243359166,1.3973505707042308e+16,4.6266204492318726e+17,1.5357919101745596e+22,1.361648957361388e+22,0.8630714331701744,0.2513427054906656
oc,275.0,0.8627569665068574,5.869905474819483e-07,0.05336277704381348,1.4917761518286098e+16,4.3806844263458406e+17,1.5357919101745596e+22,1.3763900899146663e+22,0.8630642348369272,0.2529209388408646
oc,275.0,0.8627569665068574,6.0461369101819e-07,0.05496488100165364,1.591044159452518e+16,4.1501925148747366e+17,1.5357919101745596e+22,1.390741404973363e+22,0.8630570202314647,0.2544768345583238
oc,275.0,0.8627569665068574,6.227338434105047e-07,0.056612167582773154,1.695236371708316e+16,3.934195218952639e+17,1.5357919101745596e+22,1.4046951279766131e+22,0.8630497720946945,0.25600978897635474
oc,275.0,0.8627569665068574,6.413631032086649e-07,0.058305736655333174,1.8044165159031176e+16,3.731799716691172e+17,1.5357919101745596e+22,1.4182442422646163e+22,0.8630424723366018,0.25751918866430407
oc,275.0,0.8627569665068574,6.605137471910994e-07,0.06004670429009995,1.918628069292947e+16,3.542166762688432e+17,1.5357919101745596e+22,1.4313825078104482e+22,0.8630351020211648,0.2590044119689384
oc,275.0,0.8627569665068574,6.80198225503809e-07,0.0618362023185281,2.0378920563835784e+16,3.364507726966808e+17,1.5357919101745596e+22,1.4441044778895677e+22,0.8630276413578153,0.26046483080041605
oc,275.0,0.8627569665068574,7.004291561976294e-07,0.06367537783614813,2.1622048774858344e+16,3.198081767892471e+17,1.5357919101745596e+22,1.4564055134352332e+22,0.8630200697005116,0.2618998126696259
oc,275.0,0.8627569665068574,7.212193191339467e-07,0.06556539264854061,2.2915362075488744e+16,3.042193136166143e+17,1.5357919101745596e+22,1.4682817948324286e+22,0.8630123655555256,0.2633087229812497
oc,275.0,0.8627569665068574,7.425816492286187e-07,0.06750742265714715,2.4258270082296924e+16,2.8961886065938003e+17,1.5357919101745596e+22,1.4797303309105652e+22,0.8630045065990471,0.2646909275840477
oc,275.0,0.8627569665068574,7.645292290034978e-07,0.06950265718213616,2.5649876995372084e+16,2.759455034037507e+17,1.5357919101745596e+22,1.4907489649041506e+22,0.8629964697056961,0.26604579557658425
oc,275.0,0.8627569665068574,7.870752804148289e-07,0.07155229821952991,2.7088965400124092e+16,2.6314170297031968e+17,1.5357919101745596e+22,1.5013363771683463e+22,0.8629882309889856,0.2673727023629018
oc,275.0,0.8627569665068574,8.10233155927669e-07,0.0736575596297881,2.8573982660494468e+16,2.5115347537403744e+17,1.5357919101745596e+22,1.511492084455855e+22,0.8629797658547059,0.26867103294855055
oc,275.0,0.8627569665068574,8.34016328805534e-07,0.07581966625504855,3.0103030414399136e+16,2.3993018200013805e+17,1.5357919101745596e+22,1.5212164356023343e+22,0.8629710490680884,0.2699401854629141
oc,275.0,0.8627569665068574,8.584383825846971e-07,0.0780398529622452,3.167385767294294e+16,2.294243308726577e+17,1.5357919101745596e+22,1.530510603501103e+22,0.862962054835463,0.2711795748890079
oc,275.0,0.8627569665068574,8.835129997028664e-07,0.08031936360935149,3.3283857999622696e+16,2.1959138828718547e+17,1.5357919101745596e+22,1.5393765732635258e+22,0.8629527569009409,0.2723886369769307
oc,275.0,0.8627569665068574,9.092539492525114e-07,0.08265944993204649,3.4930071204442496e+16,2.103896003816754e+17,1.5357919101745596e+22,1.5478171265587598e+22,0.8629431286584325,0.2735668323120159
oc,275.0,0.8627569665068574,9.356750738297962e-07,0.0850613703481633,3.660918992774094e+16,2.0177982421992144e+17,1.5357919101745596e+22,1.5558358221470699e+22,0.8629331432790535,0.2747136505035675
oc,275.0,0.8627569665068574,9.627902754509441e-07,0.08752638867735857,3.831757141001151e+16,1.93725367968886e+17,1.5357919101745596e+22,1.5634369726565876e+22,0.8629227738536779,0.2758286144550016
oc,275.0,0.8627569665068574,9.906135005090058e-07,0.09005577277354598,4.005125464947932e+16,1.861918397603084e+17,1.5357919101745596e+22,1.5706256177625286e+22,0.8629119935500857,0.2769112846713848
oc,275.0,0.8627569665068574,1.0191587237452651e-06,0.09265079306775137,4.1805983036832856e+16,1.791470048365871e+17,1.5357919101745596e+22,1.57740749394547e+22,0.8629007757837948,0.27796126355592027
oc,275.0,0.8627569665068574,1.0484399312111567e-06,0.09531272101919608,4.357723243076144e+16,1.7256065059283222e+17,1.5357919101745596e+22,1.5837890010503811e+22,0.8628890944013243,0.27897819964303455
oc,275.0,0.8627569665068574,1.0784711021983284e-06,0.09804282747257531,4.5360244502619416e+16,1.6640445914213222e+17,1.5357919101745596e+22,1.589777165963957e+22,0.8628769238742615,0.2799617917125191
oc,275.0,0.8627569665068574,1.1092661901166052e-06,0.10084238091969139,4.715006503523461e+16,1.6065188704449866e+17,1.5357919101745596e+22,1.5953796037360275e+22,0.8628642395021513,0.28091179272684
oc,275.0,0.8627569665068574,1.140839102302004e-06,0.10371264566381855,4.894158671655681e+16,1.5527805185628125e+17,1.5357919101745596e+22,1.6006044765193664e+22,0.862851017621887,0.2818280135323834
oc,275.0,0.8627569665068574,1.1732036787395748e-06,0.10665487988541589,5.072959582825513e+16,1.5025962517315133e+17,1.5357919101745596e+22,1.60546045073989e+22,0.8628372358209706,0.2827103262651795
oc,275.0,0.8627569665068574,1.2063736696888767e-06,0.1096703336080797,5.250882209787829e+16,1.4557473185635446e+17,1.5357919101745596e+22,1.609956652926666e+22,0.862822873151745,0.2835586674026484
oc,275.0,0.8627569665068574,1.2403627122032033e-06,0.11276024656392758,5.427399086673552e+16,1.4120285514864357e+17,1.5357919101745596e+22,1.6141026246392786e+22,0.8628079103434899,0.2843730404051994
oc,275.0,0.8627569665068574,1.275184305537256e-06,0.11592584595793237,5.6019876630152856e+16,1.3712474740287488e+17,1.5357919101745596e+22,1.6179082769391614e+22,0.862792330009129,0.2851535178951327
oc,275.0,0.8627569665068574,1.3108517854420548e-06,0.1191683441310959,5.774135693648332e+16,1.3332234616252491e+17,1.5357919101745596e+22,1.6213838448436124e+22,0.8627761168432313,0.2859002433252296
oc,275.0,0.8627569665068574,1.3473782973500965e-06,0.12248893612273604,5.943346558930426e+16,1.297786953490922e+17,1.5357919101745596e+22,1.6245398421546341e+22,0.8627592578079958,0.2866134320956209
oc,275.0,0.8627569665068574,1.384776768458562e-06,0.12588879713259654,6.109144409047593e+16,1.2647787132503909e+17,1.5357919101745596e+22,1.6273870170689295e+22,0.8627417423040237,0.2872933720849101
oc,275.0,0.8627569665068574,1.4230598787233641e-06,0.1293690798839422,6.271079028463052e+16,1.2340491361656064e+17,1.5357919101745596e+22,1.6299363089019774e+22,0.8627235623228624,0.2879404235699521
oc,275.0,0.8627569665068574,1.462240030782253e-06,0.13293091188929573,6.428730322598767e+16,1.2054576009031264e+17,1.5357919101745596e+22,1.6321988062353432e+22,0.8627047125785793,0.28855501851797755
oc,275.0,0.8627569665068574,1.5023293188310152e-06,0.13657539262100138,6.581712337680532e+16,1.1788718639185365e+17,1.5357919101745596e+22,1.6341857067259702e+22,0.8626851906159835,0.2891376592447044
oc,275.0,0.8627569665068574,1.5433394964828389e-06,0.140303590589349,6.7296767368403336e+16,1.154167494606799e+17,1.5357919101745596e+22,1.6359082788016173e+22,0.8626649968935279,0.28968891644243394
oc,275.0,0.8627569665068574,1.585281943647488e-06,0.14411654033158983,6.872315669649252e+16,1.1312273494633851e+17,1.5357919101745596e+22,1.6373778253710839e+22,0.8626441348394018,0.29020942659265675
oc,275.0,0.8627569665068574,1.6281676324736676e-06,0.14801523931578797,7.009363988582067e+16,1.1099410835543118e+17,1.5357919101745596e+22,1.6386056496553398e+22,0.8626226108798399,0.2906998887880974
oc,275.0,0.8627569665068574,1.6720070924050911e-06,0.1520006447640992,7.1406007832618056e+16,1.090204697639892e+17,1.5357919101745596e+22,1.6396030231887034e+22,0.8626004344392204,0.2911610609991586
oc,275.0,0.8627569665068574,1.7168103744082338e-06,0.15607367040074854,7.26585022122816e+16,1.0719201193266682e+17,1.5357919101745596e+22,1.640381155995888e+22,0.8625776179120589,0.2915937558291095
oc,275.0,0.8627569665068574,1.762587014437358e-06,0.16023518313066892,7.3849817016975e+16,1.0549948166353507e+17,1.5357919101745596e+22,1.6409511689136342e+22,0.8625541766075501,0.29199883581086306
oc,275.0,0.8627569665068574,1.8093459962104148e-06,0.16448599965549227,7.497909345663938e+16,1.0393414423721458e+17,1.5357919101745596e+22,1.6413240679957493e+22,0.8625301286678067,0.2923772083055933
oc,275.0,0.8627569665068574,1.857095713377516e-06,0.16882688303431964,7.604590861127373e+16,1.024877507678755e+17,1.5357919101745596e+22,1.6415107209183413e+22,0.8625054949614036,0.2927298200695638
oc,275.0,0.8627569665068574,1.9058439311719748e-06,0.17325853919745227,7.705025835714763e+16,1.0115250831150469e+17,1.5357919101745596e+22,1.6415218352844618e+22,0.862480298954245,0.2930576515602468
oc,275.0,0.8627569665068574,1.9555977476423834e-06,0.17778161342203486,7.799253520073226e+16,9.992105256008069e+16,1.5357919101745596e+22,1.6413679387124148e+22,0.8624545665600962,0.2933617110560046
oc,275.0,0.8627569665068574,2.0063635545726346e-06,0.1823966867793304,7.887350174080755e+16,9.878642295131994e+16,1.5357919101745596e+22,1.6410593606174392e+22,0.8624283259733853,0.2936430286652381
oc,275.0,0.8627569665068574,2.0581469982053558e-06,0.18710427256412326,7.969426053599238e+16,9.774204002051526e+16,1.5357919101745596e+22,1.6406062155684022e+22,0.8624016074870602,0.2939026503009771
oc,275.0,0.8627569665068574,2.110952939892684e-06,0.19190481271751675,8.045622118566813e+16,9.678168481821182e+16,1.5357919101745596e+22,1.6400183881059097e+22,0.8623744432983868,0.29414163169543717
oc,275.0,0.8627569665068574,2.164785416806599e-06,0.19679867425514536,8.116106543972728e+16,9.589948021628563e+16,1.5357919101745596e+22,1.6393055189890889e+22,0.8623468673055912,0.2943610325261808
oc,275.0,0.8627569665068574,2.2196476028493208e-06,0.20178614571357462,8.181071112811085e+16,9.508987392311846e+16,1.5357919101745596e+22,1.63847699272824e+22,0.8623189148982139,0.2945619107213235
oc,275.0,0.8627569665068574,2.2755417699120383e-06,0.20686743362836713,8.240727566700232e+16,9.434762303027288e+16,1.5357919101745596e+22,1.6375419264247714e+22,0.8622906227439199,0.2947453170058599
oc,275.0,0.8627569665068574,2.3324692496379275e-06,0.2120426590579934,8.295303983423654e+16,9.366777991429416e+16,1.5357919101745596e+22,1.6365091598083528e+22,0.8622620285743509,0.2949122897448376
oc,275.0,0.8627569665068574,2.390430395852468e-06,0.2173118541684062,8.345041243988405e+16,9.304567932213064e+16,1.5357919101745596e+22,1.6353872464949929e+22,0.8622331709723893,0.29506385013196357
oc,275.0,0.8627569665068574,2.449424547830708e-06,0.22267495889370076,8.39018964335311e+16,9.247692647356957e+16,1.5357919101745596e+22,1.6341844464244646e+22,0.862204089162968,0.29520099776449976
oc,275.0,0.8627569665068574,2.509449994577191e-06,0.22813181768883556,8.431005690236875e+16,9.195738602296344e+16,1.5357919101745596e+22,1.6329087194668173e+22,0.8621748228092818,0.2953247066371934
oc,275.0,0.8627569665068574,2.5705039402994796e-06,0.2336821763908618,8.467749132596712e+16,9.14831717311133e+16,1.5357919101745596e+22,1.6315677202068925e+22,0.8621454118159861,0.2954359215797055
oc,275.0,0.8627569665068574,2.632582471260859e-06,0.23932567920553266,8.500680236288906e+16,9.105063671018035e+16,1.5357919101745596e+22,1.6301687938974025e+22,0.8621158961406772,0.2955355551537399
oc,275.0,0.8627569665068574,2.6956805242013664e-06,0.24506186583648787,8.530057335907171e+16,9.065636411722365e+16,1.5357919101745596e+22,1.628718973574387e+22,0.8620863156146678,0.2956244850180242
oc,275.0,0.8627569665068574,2.7597918565189673e-06,0.2508901687744516,8.556134668838923e+16,9.029715818577979e+16,1.5357919101745596e+22,1.6272249783261434e+22,0.8620567097738033,0.29570355176161345
oc,275.0,0.8627569665068574,2.8249090184044093e-06,0.2568099107640372,8.579160496327813e+16,8.997003549997835e+16,1.5357919101745596e+22,1.6256932126991405e+22,0.8620271176997938,0.2957735571988297
oc,275.0,0.8627569665068574,2.891023327123599e-06,0.26282030246578175,8.599375508942805e+16,8.967221643118352e+16,1.5357919101745596e+22,1.6241297672141778e+22,0.861997577872292,0.2958352631126306
oc,275.0,0.8627569665068574,2.9581248436407344e-06,0.26892044033097584,8.617011508377454e+16,8.940111667253302e+16,1.5357919101745596e+22,1.6225404199481503e+22,0.8619681280317139,0.2958893904274207
oc,275.0,0.8627569665068574,3.026202351773268e-06,0.27510930470666073,8.632290353017389e+16,8.915433882199648e+16,1.5357919101745596e+22,1.6209306391265516e+22,0.8619388050525492,0.2959366187873486
oc,275.0,0.8627569665068574,3.095243340066364e-06,0.2813857581878513,8.645423151134507e+16,8.892966397901582e+16,1.5357919101745596e+22,1.6193055866532886e+22,0.8619096448266809,0.29597758651201633
oc,275.0,0.8627569665068574,3.165233986569728e-06,0.2877485442336116,8.656609682893226e+16,8.872504333317789e+16,1.5357919101745596e+22,1.6176701224844633e+22,0.8618806821559414,0.29601289089829147
oc,275.0,0.8627569665068574,3.2361591466932353e-06,0.2941962860630214,8.666038030511605e+16,8.853858973513683e+16,1.5357919101745596e+22,1.616028809728481e+22,0.8618519506528026,0.2960430888345478
oc,275.0,0.8627569665068574,3.3080023443101186e-06,0.30072748584637443,8.673884394833397e+16,8.836856924978072e+16,1.5357919101745596e+22,1.6143859203212824e+22,0.8618234826476092,0.29606869769215804
oc,275.0,0.8627569665068574,3.3807457662670037e-06,0.30734052420609126,8.680313076138248e+16,8.821339269889187e+16,1.5357919101745596e+22,1.612745441078075e+22,0.8617953091000276,0.296090196458371
oc,275.0,0.8627569665068574,3.4543702604492223e-06,0.3140336600408384,8.685476597153008e+16,8.80716072043922e+16,1.5357919101745596e+22,1.6111110798459647e+22,0.8617674595111603,0.29610802707478645
oc,275.0,0.8627569665068574,3.528855337537518e-06,0.3208050306852289,8.689515946820291e+16,8.794188774213618e+16,1.5357919101745596e+22,1.6094862713472273e+22,0.8617399618305428,0.2961225959464321
oc,275.0,0.8627569665068574,3.604179176578205e-06,0.32765265241620045,8.692560924315536e+16,8.78230287067769e+16,1.5357919101745596e+22,1.6078741820427903e+22,0.8617128423479631,0.2961342755878894
oc,275.0,0.8627569665068574,3.680318634473621e-06,0.33457442131578374,8.694730563935928e+16,8.771393546240869e+16,1.5357919101745596e+22,1.606277712803159e+22,0.8616861255510209,0.2961434063749757
oc,275.0,0.8627569665068574,3.7572492594828904e-06,0.3415681144984446,8.69613362255962e+16,8.761361578965483e+16,1.5357919101745596e+22,1.604699496912015e+22,0.8616598339084628,0.296150298373166
oc,275.0,0.8627569665068574,3.834945308804896e-06,0.34863139170953605,8.696869111749576e+16,8.752117096893574e+16,1.5357919101745596e+22,1.603141887584101e+22,0.8616339874840062,0.2961552332173538
oc,275.0,0.8627569665068574,3.913379770296197e-06,0.3557617972996543,8.697026853880986e+16,8.743578569659701e+16,1.5357919101745596e+22,1.6016069184667295e+22,0.8616086031084669,0.2961584660221719
oc,275.0,0.8627569665068574,3.992524388356007e-06,0.3629567625778189,8.69668802302714e+16,8.735671369398362e+16,1.5357919101745596e+22,1.6000961741296343e+22,0.8615836920714037,0.29616022730955044
oc,275.0,0.8627569665068574,4.072349693989162e-06,0.37021360854446933,8.695925457423717e+16,8.728323676083502e+16,1.5357919101745596e+22,1.5986101254541009e+22,0.8615592489945041,0.2961607249577301
oc,275.0,0.8627569665068574,4.152825039035608e-06,0.37752954900323704,8.69480847994087e+16,8.721509282222688e+16,1.5357919101745596e+22,1.5971568768850581e+22,0.8615353957326565,0.296160146262592
oc,275.0,0.8627569665068574,4.233918634532076e-06,0.3849016940483706,8.693398047340213e+16,8.715193367958342e+16,1.5357919101745596e+22,1.5957413570456578e+22,0.8615122035794816,0.29615865878033154
oc,275.0,0.8627569665068574,4.315597593148279e-06,0.39232705392257083,8.691745997007467e+16,8.709320007934968e+16,1.5357919101745596e+22,1.594362909510389e+22,0.8614896531676084,0.29615641149803656
oc,275.0,0.8627569665068574,4.397827975616047e-06,0.39980254323782244,8.689898726179642e+16,8.703843351155442e+16,1.5357919101745596e+22,1.5930216913972136e+22,0.8614677396412985,0.29615353673524397
oc,275.0,0.8627569665068574,4.480574841046197e-06,0.40732498554965424,8.687897474818944e+16,8.698723886020302e+16,1.5357919101745596e+22,1.5917180496566613e+22,0.8614464622817836,0.2961501518245463
oc,275.0,0.8627569665068574,4.563802301004022e-06,0.4148911182730929,8.685778789073957e+16,8.693927112241e+16,1.5357919101745596e+22,1.5904523694955664e+22,0.861425821902307,0.2961463606597365
oc,275.0,0.8627569665068574,4.6474735771908545e-06,0.4224975979264413,8.683574993599456e+16,8.689422730367614e+16,1.5357919101745596e+22,1.589225017703354e+22,0.8614058198106096,0.2961422551333849
oc,275.0,0.8627569665068574,4.731551062556339e-06,0.43014100568693997,8.681314645513832e+16,8.685184028952053e+16,1.5357919101745596e+22,1.5880363176019525e+22,0.8613864572985825,0.29613791647382454
oc,275.0,0.8627569665068574,4.8159963856436705e-06,0.4378178532403337,8.679022963223861e+16,8.681187375262174e+16,1.5357919101745596e+22,1.586886537409918e+22,0.8613677353595558,0.29613341648852526
oc,275.0,0.8627569665068574,4.900770477948971e-06,0.4455245889044519,8.67672222866895e+16,8.67741177252725e+16,1.5357919101745596e+22,1.5857758851862597e+22,0.8613496545205112,0.296128818720247
oc,275.0,0.8627569665068574,4.985833644055812e-06,0.45325760400507387,8.67443216351849e+16,8.673838465744138e+16,1.5357919101745596e+22,1.584704507326124e+22,0.8613322147390207,0.2961241795225445
oc,275.0,0.8627569665068574,5.071145634287101e-06,0.46101323948064554,8.672170280817885e+16,8.670450585634936e+16,1.5357919101745596e+22,1.583672489105707e+22,0.8613154153397029,0.2961195490616221
oc,275.0,0.8627569665068574,5.156665719599517e-06,0.4687877926908652,8.669952214140021e+16,8.667232823725805e+16,1.5357919101745596e+22,1.5826798564656317e+22,0.8612992549763225,0.2961149722520016
oc,275.0,0.8627569665068574,5.242352768430057e-06,0.4765775244027325,8.66779202666565e+16,8.6641711331609e+16,1.5357919101745596e+22,1.5817265785673626e+22,0.8612837316113019,0.2961104896338968
oc,275.0,0.8627569665068574,5.3281653251908174e-06,0.48437866592643797,8.665702502868611e+16,8.66125245072203e+16,1.5357919101745596e+22,1.5808125708414617e+22,0.8612688425074136,0.29610613820054144
oc,275.0,0.8627569665068574,5.414061690096534e-06,0.4921874263724122,8.66369542565854e+16,8.658464435990456e+16,1.5357919101745596e+22,1.5799376983496854e+22,0.8612545842281019,0.2961019521839986
oc,275.0,0.8627569665068574,5.5e-06,0.5,8.661781841953526e+16,8.655795223850227e+16,1.5357919101745596e+22,1.579101779340686e+22,0.861240952643822,0.29609796380817843
oc,275.0,0.8627569665068574,5.585938309903469e-06,0.5078125736275881,8.659972319732018e+16,8.653233186671762e+16,1.5357919101745596e+22,1.5783045889095583e+22,0.8612279429422718,0.29609420401791775
oc,275.0,0.8627569665068574,5.671834674809185e-06,0.5156213340735623,8.658277199652488e+16,8.650766702561819e+16,1.5357919101745596e+22,1.577545862678528e+22,0.8612155496405076,0.296090703193039
oc,275.0,0.8627569665068574,5.757647231569949e-06,0.5234224755972681,8.656706844334925e+16,8.648383926007757e+16,1.5357919101745596e+22,1.5768253004002739e+22,0.8612037665966643,0.2960874918563092
oc,275.0,0.8627569665068574,5.8433342804004825e-06,0.5312122073091348,8.655271888367771e+16,8.646072557006037e+16,1.5357919101745596e+22,1.5761425693289518e+22,0.8611925870180597,0.2960846013841733
oc,275.0,0.8627569665068574,5.928854365712899e-06,0.5389867605193545,8.653983492021691e+16,8.643819604135899e+16,1.5357919101745596e+22,1.575497307068477e+22,0.8611820034602082,0.29608206472904924
oc,275.0,0.8627569665068574,6.01416635594419e-06,0.5467423959949264,8.652853601471504e+16,8.64161113542316e+16,1.5357919101745596e+22,1.5748891232731086e+22,0.8611720078056666,0.2960799171618703
oc,275.0,0.8627569665068574,6.099229522051031e-06,0.5544754110955483,8.651895217885765e+16,8.639432006298458e+16,1.5357919101745596e+22,1.5743175986594647e+22,0.8611625911963303,0.2960781970434855
oc,275.0,0.8627569665068574,6.184003614356336e-06,0.5621821467596669,8.651122676365234e+16,8.637265538806608e+16,1.5357919101745596e+22,1.5737822767696824e+22,0.8611537438422557,0.2960769466336296
oc,275.0,0.8627569665068574,6.26844893744366e-06,0.56985899431306,8.65055192950943e+16,8.635093057473654e+16,1.5357919101745596e+22,1.573282630260358e+22,0.8611454544013724,0.2960762129469394
oc,275.0,0.8627569665068574,6.352526422809144e-06,0.5775024020735586,8.650200778061864e+16,8.632892620377365e+16,1.5357919101745596e+22,1.5728178706901331e+22,0.8611377067367969,0.29607604866912485
oc,275.0,0.8627569665068574,6.4361976989959805e-06,0.5851088817269073,8.650090513966189e+16,8.630652233902317e+16,1.5357919101745596e+22,1.5723896534673683e+22,0.8611305251022782,0.2960765131713158
oc,275.0,0.8627569665068574,6.5194251589538055e-06,0.592675014450346,8.650244139434962e+16,8.628348324434662e+16,1.5357919101745596e+22,1.5719978300704593e+22,0.8611239030627731,0.2960776731867122
oc,275.0,0.8627569665068574,6.602172024383959e-06,0.6001974567621781,8.65068733027352e+16,8.625951645488816e+16,1.5357919101745596e+22,1.5716416975315407e+22,0.8611178243011405,0.2960796038547061
oc,275.0,0.8627569665068574,6.684402406851721e-06,0.6076729460774292,8.651449209222829e+16,8.623430537279035e+16,1.5357919101745596e+22,1.5713207299474333e+22,0.8611122747776289,0.29608238992095814
oc,275.0,0.8627569665068574,6.766081365467923e-06,0.6150983059516294,8.652562744009912e+16,8.620750050007406e+16,1.5357919101745596e+22,1.5710344872867196e+22,0.8611072411269666,0.2960861269767654
oc,275.0,0.8627569665068574,6.847174960964395e-06,0.6224704509967632,8.654065201692638e+16,8.617871400176942e+16,1.5357919101745596e+22,1.5707825939959926e+22,0.8611027102188469,0.2960909227554111
oc,275.0,0.8627569665068574,6.92765030601084e-06,0.629786391455531,8.655998636240413e+16,8.614751491973744e+16,1.5357919101745596e+22,1.5705647340866647e+22,0.8610986689904028,0.29609689848948856
oc,275.0,0.8627569665068574,7.0074756116439974e-06,0.6370432374221816,8.658410405164995e+16,8.611342451902805e+16,1.5357919101745596e+22,1.5703806521305639e+22,0.8610951043742294,0.29610419032843077
oc,275.0,0.8627569665068574,7.086620229703803e-06,0.6442382027003457,8.661353713672013e+16,8.607591162890282e+16,1.5357919101745596e+22,1.5702301569237947e+22,0.8610920032682698,0.29611295081239175
oc,275.0,0.8627569665068574,7.165054691195103e-06,0.651368608290464,8.664888185093794e+16,8.60343879506779e+16,1.5357919101745596e+22,1.5701131265407025e+22,0.8610893525269075,0.29612335039596127
oc,275.0,0.8627569665068574,7.242750740517112e-06,0.6584318855015556,8.669080456121824e+16,8.598820334975714e+16,1.5357919101745596e+22,1.5700295141687902e+22,0.8610871389640198,0.29613557901263377
oc,275.0,0.8627569665068574,7.3196813655263815e-06,0.6654255786842165,8.674004794971232e+16,8.593664117447318e+16,1.5357919101745596e+22,1.5699793543788736e+22,0.861085349363377,0.29614984766839353
oc,275.0,0.8627569665068574,7.3958208234218e-06,0.6723473475838,8.679743740203683e+16,8.587891366239229e+16,1.5357919101745596e+22,1.5699627695969407e+22,0.8610839704938967,0.2961663900502205
oc,275.0,0.8627569665068574,7.471144662462482e-06,0.6791949693147711,8.686388757555701e+16,8.581415750987851e+16,1.5357919101745596e+22,1.5699799765910127e+22,0.8610829891283065,0.2961854641327754
oc,275.0,0.8627569665068574,7.545629739550777e-06,0.6859663399591616,8.694040911802064e+16,8.574142969444998e+16,1.5357919101745596e+22,1.570031292804867e+22,0.8610823920643176,0.296207353764042
oc,275.0,0.8627569665068574,7.619254233732998e-06,0.692659475793909,8.702811550446808e+16,8.565970365231229e+16,1.5357919101745596e+22,1.5701171423718926e+22,0.8610821661477284,0.29623237020833326
oc,275.0,0.8627569665068574,7.691997655689884e-06,0.6992725141536258,8.712822995904877e+16,8.556786592546915e+16,1.5357919101745596e+22,1.5702380616382518e+22,0.8610822982970302,0.2962608536228771
oc,275.0,0.8627569665068574,7.763840853306769e-06,0.705803713936979,8.724209242828851e+16,8.546471340377491e+16,1.5357919101745596e+22,1.5703947040148544e+22,0.8610827755291944,0.2962931744422481
oc,275.0,0.8627569665068574,7.834766013430272e-06,0.7122514557663884,8.737116657365118e+16,8.53489512969272e+16,1.5357919101745596e+22,1.5705878439676613e+22,0.8610835849863702,0.29632973464328066
oc,275.0,0.8627569665068574,7.904756659933636e-06,0.7186142418121487,8.751704675407589e+16,8.521919197925312e+16,1.5357919101745596e+22,1.5708183799456336e+22,0.8610847139632446,0.29637096886185266
oc,275.0,0.8627569665068574,7.973797648226734e-06,0.7248906952933395,8.768146497358122e+16,8.507395485578248e+16,1.5357919101745596e+22,1.5710873360364525e+22,0.8610861499348409,0.2964173453321456
oc,275.0,0.8627569665068574,8.041875156359268e-06,0.7310795596690244,8.786629777509658e+16,8.491166740100189e+16,1.5357919101745596e+22,1.5713958621335475e+22,0.8610878805845219,0.2964693666187181
oc,275.0,0.8627569665068574,8.108976672876405e-06,0.7371796975342186,8.807357306936442e+16,8.473066752132026e+16,1.5357919101745596e+22,1.5717452323942692e+22,0.8610898938319751,0.2965275701120491
oc,275.0,0.8627569665068574,8.175090981595591e-06,0.7431900892359629,8.8305476896983e+16,8.452920738811413e+16,1.5357919101745596e+22,1.5721368417691507e+22,0.8610921778609574,0.29659252825914906
oc,275.0,0.8627569665068574,8.240208143481032e-06,0.7491098312255484,8.856436013230546e+16,8.430545887975419e+16,1.5357919101745596e+22,1.572572200386568e+22,0.86109472114657,0.2966648485024417
oc,275.0,0.8627569665068574,8.304319475798637e-06,0.7549381341635124,8.885274514975403e+16,8.405752075778202e+16,1.5357919101745596e+22,1.573052925586491e+22,0.8610975124818451,0.2967451729024104
oc,275.0,0.8627569665068574,8.367417528739142e-06,0.7606743207944675,8.917333248594038e+16,8.378342768403586e+16,1.5357919101745596e+22,1.5735807314119285e+22,0.8611005410034315,0.2968341774224746
oc,275.0,0.8627569665068574,8.429496059700524e-06,0.7663178236091386,8.952900754468123e+16,8.34811611616847e+16,1.5357919101745596e+22,1.5741574153904226e+22,0.8611037962161701,0.2969325708582084
oc,275.0,0.8627569665068574,8.490550005422808e-06,0.7718681823111644,8.992284740567765e+16,8.314866245376589e+16,1.5357919101745596e+22,1.574784842461087e+22,0.8611072680163745,0.2970410933972973
oc,275.0,0.8627569665068574,8.550575452169292e-06,0.7773250411062993,9.035812781165574e+16,8.278384749790123e+16,1.5357919101745596e+22,1.5754649259379924e+22,0.8611109467136389,0.29716051480149347
oc,275.0,0.8627569665068574,8.609569604147534e-06,0.782688145831594,9.0838330422259e+16,8.238462379557198e+16,1.5357919101745596e+22,1.5761996054364466e+22,0.8611148230510264,0.29729163220721266
oc,275.0,0.8627569665068574,8.667530750362075e-06,0.7879573409420069,9.1367150436059e+16,8.194890920934736e+16,1.5357919101745596e+22,1.5769908217370932e+22,0.8611188882235058,0.2974352675472089
oc,275.0,0.8627569665068574,8.724458230087965e-06,0.7931325663716332,9.19485046945349e+16,8.147465255230502e+16,1.5357919101745596e+22,1.5778404886218638e+22,0.8611231338945398,0.29759226460188093
oc,275.0,0.8627569665068574,8.78035239715068e-06,0.7982138542864254,9.258654039152794e+16,8.09598558015997e+16,1.5357919101745596e+22,1.5787504617512927e+22,0.861127552210748,0.29776348569506406
oc,275.0,0.8627569665068574,8.835214583193402e-06,0.8032013257448547,9.328564452119947e+16,8.040259771376806e+16,1.5357919101745596e+22,1.5797225047113261e+22,0.8611321358146018,0.2979498080555231
oc,275.0,0.8627569665068574,8.889047060107317e-06,0.8080951872824834,9.405045420705269e+16,7.980105856516926e+16,1.5357919101745596e+22,1.5807582524563756e+22,0.8611368778551346,0.29815211987163537
oc,275.0,0.8627569665068574,8.941853001794646e-06,0.8128957274358769,9.488586805740266e+16,7.915354568768794e+16,1.5357919101745596e+22,1.5818591723802658e+22,0.8611417719966752,0.2983713160727975
oc,275.0,0.8627569665068574,8.99363644542737e-06,0.8176033132206699,9.579705869919461e+16,7.84585194196063e+16,1.5357919101745596e+22,1.583026523340678e+22,0.861146812425647,0.29860829387675186
oc,275.0,0.8627569665068574,9.044402252357615e-06,0.8222183865779651,9.678948664483392e+16,7.771461904774426e+16,1.5357919101745596e+22,1.5842613130380924e+22,0.8611519938554822,0.29886394814716566
oc,275.0,0.8627569665068574,9.094156068828025e-06,0.8267414608025477,9.786891564511669e+16,7.692068827881288e+16,1.5357919101745596e+22,1.5855642541438181e+22,0.8611573115297397,0.29913916661027556
oc,275.0,0.8627569665068574,9.142904286622484e-06,0.8311731169656804,9.904142968506227e+16,7.607579975109957e+16,1.5357919101745596e+22,1.5869357197071305e+22,0.8611627612235125,0.29943482498310153
oc,275.0,0.8627569665068574,9.190654003789586e-06,0.8355140003445078,1.0031345177415309e+17,7.5179278080066e+16,1.5357919101745596e+22,1.5883756983316105e+22,0.8611683392432354,0.29975178206853687
oc,275.0,0.8627569665068574,9.237412985562645e-06,0.8397648168693314,1.0169176468251822e+17,7.423072092859373e+16,1.5357919101745596e+22,1.5898837497009087e+22,0.8611740424250092,0.3000908748744389
oc,275.0,0.8627569665068574,9.283189625591765e-06,0.8439263295992514,1.031835337719706e+17,7.323001760217245e+16,1.5357919101745596e+22,1.5914589610464432e+22,0.8611798681315531,0.30045291381462186
oc,275.0,0.8627569665068574,9.32799290759491e-06,0.8479993552359009,1.0479633206579731e+17,7.217736469487715e+16,1.5357919101745596e+22,1.5930999051399471e+22,0.8611858142479111,0.30083867804934666
oc,275.0,0.8627569665068574,9.371832367526334e-06,0.8519847606842121,1.0653816770026448e+17,7.107327835202177e+16,1.5357919101745596e+22,1.594804600426986e+22,0.8611918791760246,0.3012489110214998
oc,275.0,0.8627569665068574,9.414718056352513e-06,0.8558834596684103,1.0841751389772258e+17,6.99186027700693e+16,1.5357919101745596e+22,1.5965704738959876e+22,0.8611980618282796,0.30168431624217756
oc,275.0,0.8627569665068574,9.456660503517164e-06,0.8596964094106513,1.1044334159875805e+17,6.871451462284154e+16,1.5357919101745596e+22,1.5983943272485364e+22,0.8612043616201328,0.30214555337588495
oc,275.0,0.8627569665068574,9.497670681168985e-06,0.8634246073789986,1.126251548904087e+17,6.746252318347459e+16,1.5357919101745596e+22,1.6002723069110656e+22,0.861210778461903,0.3026332346711003
oc,275.0,0.8627569665068574,9.537759969217746e-06,0.8670690881107043,1.1497302936753528e+17,6.6164466001689016e+16,1.5357919101745596e+22,1.6021998783802177e+22,0.861217312749811,0.3031479217766409
oc,275.0,0.8627569665068574,9.576940121276638e-06,0.870630920116058,1.1749765356581536e+17,6.482250009313792e+16,1.5357919101745596e+22,1.604171805338122e+22,0.8612239653563338,0.30369012297822157
oc,275.0,0.8627569665068574,9.61522323154144e-06,0.8741112028674036,1.2021037360769024e+17,6.3439088698705224e+16,1.5357919101745596e+22,1.606182133908016e+22,0.861230737619926,0.3042602908829663
oc,275.0,0.8627569665068574,9.652621702649905e-06,0.8775110638772642,1.2312324120678776e+17,6.201698377328982e+16,1.5357919101745596e+22,1.6082241823472058e+22,0.8612376313341591,0.3048588205725704
oc,275.0,0.8627569665068574,9.689148214557948e-06,0.8808316558689044,1.2624906518215171e+17,6.0559204462294584e+16,1.5357919101745596e+22,1.6102905363947529e+22,0.861244648736307,0.30548604823848474
oc,275.0,0.8627569665068574,9.724815694462743e-06,0.8840741540420676,1.2960146664150918e+17,5.906901191640811e+16,1.5357919101745596e+22,1.6123730504165689e+22,0.8612517924954072,0.3061422503050761
oc,275.0,0.8627569665068574,9.759637287796798e-06,0.8872397534360725,1.3319493800051746e+17,5.754988087812294e+16,1.5357919101745596e+22,1.6144628543927225e+22,0.8612590656998129,0.3068276430393774
oc,275.0,0.8627569665068574,9.793626330311123e-06,0.8903296663919203,1.3704490601493102e+17,5.600546854387995e+16,1.5357919101745596e+22,1.6165503667062975e+22,0.861266471844256,0.30754238263894207
oc,275.0,0.8627569665068574,9.826796321260428e-06,0.8933451201145843,1.4116779901697365e+17,5.443958126153802e+16,1.5357919101745596e+22,1.6186253126445918e+22,0.8612740148164252,0.3082865657826129
oc,275.0,0.8627569665068574,9.859160897697999e-06,0.8962873543361817,1.455811185538504e+17,5.285613966265041e+16,1.5357919101745596e+22,1.6206767483786373e+22,0.8612816988830692,0.30906023062283605
oc,275.0,0.8627569665068574,9.890733809883394e-06,0.8991576190803086,1.5030351564733818e+17,5.125914285107488e+16,1.5357919101745596e+22,1.6226930901971395e+22,0.861289528675636,0.3098633581926208
oc,275.0,0.8627569665068574,9.921528897801673e-06,0.9019571725274248,1.5535487190070154e+17,4.965263227453299e+16,1.5357919101745596e+22,1.6246621486283881e+22,0.8612975091754552,0.3106958741954501
oc,275.0,0.8627569665068574,9.951560068788844e-06,0.904687278980804,1.607563856992816e+17,4.8040655893278056e+16,1.5357919101745596e+22,1.6265711670811702e+22,0.8613056456984768,0.31155765114245776
oc,275.0,0.8627569665068574,9.980841276254737e-06,0.9073492069322489,1.6653066376490445e+17,4.642723323186384e+16,1.5357919101745596e+22,1.6284068645683128e+22,0.861313943879579,0.31244851079805175
oc,275.0,0.8627569665068574,1.0009386499490995e-05,0.9099442272264542,1.727018183397511e+17,4.481632185743708e+16,1.5357919101745596e+22,1.6301554820351976e+22,0.8613224096564657,0.3133682268928894
oc,275.0,0.8627569665068574,1.0037209724549056e-05,0.9124736113226415,1.7929557029261747e+17,4.321178577318177e+16,1.5357919101745596e+22,1.6318028317998996e+22,0.8613310492531723,0.31431652806170357
oc,275.0,0.8627569665068574,1.0064324926170204e-05,0.9149386296518368,1.8633935845622678e+17,4.1617366151053064e+16,1.5357919101745596e+22,1.633334349591739e+22,0.8613398691632073,0.3152931009629007
oc,275.0,0.8627569665068574,1.009074605074749e-05,0.9173405500679536,1.938624555203213e+17,4.0036654756352504e+16,1.5357919101745596e+22,1.6347351486688028e+22,0.8613488761323541,0.31629759353706033
oc,275.0,0.8627569665068574,1.0116487000297136e-05,0.9196806363906487,2.018960908209313e+17,3.847307034077304e+16,1.5357919101745596e+22,1.6359900755005803e+22,0.8613580771411661,0.31732961836239654
oc,275.0,0.8627569665068574,1.0141561617415305e-05,0.921960147037755,2.1047358038135395e+17,3.692983820294431e+16,1.5357919101745596e+22,1.6370837665142343e+22,0.8613674793871827,0.3183887560668096
oc,275.0,0.8627569665068574,1.0165983671194466e-05,0.9241803337449515,2.19630464574652e+17,3.5409973038755376e+16,1.5357919101745596e+22,1.6380007054246366e+22,0.8613770902669022,0.3194745587582859
oc,275.0,0.8627569665068574,1.0189766844072332e-05,0.9263424403702121,2.2940465379038163e+17,3.3916265130058708e+16,1.5357919101745596e+22,1.6387252806929674e+22,0.8613869173575431,0.3205865534379892
oc,275.0,0.8627569665068574,1.0212924719585172e-05,0.9284477017804702,2.398365825010814e+17,3.245126985168418e+16,1.5357919101745596e+22,1.6392418426982534e+22,0.8613969683986225,0.32172424536333943
oc,275.0,0.8627569665068574,1.0235470770996504e-05,0.930497342817864,2.5096937213428717e+17,3.101730041461481e+16,1.5357919101745596e+22,1.6395347602430398e+22,0.8614072512733855,0.32288712133160097
oc,275.0,0.8627569665068574,1.0257418350771382e-05,0.932492577342853,2.6284900316269904e+17,2.961642370872414e+16,1.5357919101745596e+22,1.6395884760418174e+22,0.8614177739901145,0.32407465285789866
oc,275.0,0.8627569665068574,1.0278780680866053e-05,0.9344346073514593,2.7552449683572054e+17,2.8250459062531004e+16,1.5357919101745596e+22,1.6393875609116777e+22,0.8614285446633386,0.325286299225077
oc,275.0,0.8627569665068574,1.029957084380237e-05,0.9363246221638519,2.890481069743088e+17,2.692097970040222e+16,1.5357919101745596e+22,1.6389167663977603e+22,0.8614395714949729,0.32652151038632077
oc,275.0,0.8627569665068574,1.0319801774496192e-05,0.938163797681472,3.034755222576411e+17,2.56293166492513e+16,1.5357919101745596e+22,1.6381610756361171e+22,0.8614508627554012,0.3277797297049019
oc,275.0,0.8627569665068574,1.03394862528089e-05,0.9399532957099002,3.188660794228431e+17,2.437656482735217e+16,1.5357919101745596e+22,1.6371057522782471e+22,0.8614624267645237,0.3290603965187521
oc,275.0,0.8627569665068574,1.0358636896791337e-05,0.941694263344667,3.3528298779766195e+17,2.316359103625109e+16,1.5357919101745596e+22,1.6357363873625338e+22,0.8614742718727778,0.3303629485207195
oc,275.0,0.8627569665068574,1.0377266156589495e-05,0.9433878324172269,3.5279356557239296e+17,2.1991043572689868e+16,1.5357919101745596e+22,1.6340389440365806e+22,0.8614864064421451,0.3316868239483245
oc,275.0,0.8627569665068574,1.0395386308981809e-05,0.9450351189983464,3.7146948820399136e+17,2.0859363180000292e+16,1.5357919101745596e+22,1.6319998000861018e+22,0.86149883882715,0.3330314635795478
oc,275.0,0.8627569665068574,1.0413009452518051e-05,0.9466372229561866,3.913870493246599e+17,1.976879506643013e+16,1.5357919101745596e+22,1.6296057882485558e+22,0.8615115773558527,0.33439631253364427
oc,275.0,0.8627569665068574,1.0430147503230494e-05,0.9481952275664085,4.12627434500315e+17,1.8719401730700536e+16,1.5357919101745596e+22,1.6268442343203492e+22,0.8615246303108407,0.33578082187816277
oc,275.0,0.8627569665068574,1.044681219088843e-05,0.9497101991716755,4.352770081510304e+17,1.7711076351579412e+16,1.5357919101745596e+22,1.6237029930904593e+22,0.8615380059102175,0.33718445004527287
oc,275.0,0.8627569665068574,1.0463015055767816e-05,0.9511831868879833,4.5942761390469e+17,1.6743556517522702e+16,1.5357919101745596e+22,1.6201704821538773e+22,0.8615517122885817,0.33860666406213563
oc,275.0,0.8627569665068574,1.0478767445908384e-05,0.9526152223553077,4.851768886055614e+17,1.5816438093620196e+16,1.5357919101745596e+22,1.6162357136733745e+22,0.8615657574780035,0.3400469406014387
oc,275.0,0.8627569665068574,1.0494080514831359e-05,0.9540073195301236,5.1262859014079885e+17,1.4929189045397672e+16,1.5357919101745596e+22,1.6118883241704043e+22,0.8615801493889842,0.3415047668593369
oc,275.0,0.8627569665068574,1.0508965219691605e-05,0.9553604745174187,5.4189293917897766e+17,1.408116306177721e+16,1.5357919101745596e+22,1.6071186024341118e+22,0.8615948957914005,0.3429796412689325
oc,275.0,0.8627569665068574,1.052343231983881e-05,0.9566756654398918,5.730869748344929e+17,1.3271612842093104e+16,1.5357919101745596e+22,1.6019175156420983e+22,0.8616100042954287,0.3444710740580955
oc,275.0,0.8627569665068574,1.0537492375763123e-05,0.9579538523421021,6.063349241793048e+17,1.2499702934008308e+16,1.5357919101745596e+22,1.596276733788227e+22,0.861625482332445,0.34597858766089623
oc,275.0,0.8627569665068574,1.055115574840148e-05,0.9591959771274073,6.417685854179695e+17,1.176452203008319e+16,1.5357919101745596e+22,1.5901886525110472e+22,0.8616413371358992,0.34750171699221843
oc,275.0,0.8627569665068574,1.0564432598781674e-05,0.9604029635256067,6.795277244215836e+17,1.1065094650326712e+16,1.5357919101745596e+22,1.5836464144121363e+22,0.8616575757221628,0.3490400095952551
oc,275.0,0.8627569665068574,1.0577332887982049e-05,0.9615757170892771,7.197604841803113e+17,1.040039215608178e+16,1.5357919101745596e+22,1.576643928945419e+22,0.8616742048713488,0.3505930256715911
oc,275.0,0.8627569665068574,1.0589866377385603e-05,0.9627151252168731,7.626238065825043e+17,9769343056937758.0,1.5357919101745596e+22,1.5691758909511778e+22,0.8616912311081102,0.3521603380034664
oc,275.0,0.8627569665068574,1.0602042629208068e-05,0.9638220572007334,8.082838657597088e+17,9170842586947418.0,1.5357919101745596e+22,1.5612377978984016e+22,0.8617086606824182,0.3537415317776017
oc,275.0,0.8627569665068574,1.0613871007280374e-05,0.9648973642982158,8.569165120460916e+17,8603761539285148.0,1.5357919101745596e+22,1.5528259658884533e+22,0.8617264995503309,0.3553362043196821
oc,275.0,0.8627569665068574,1.0625360678066804e-05,0.965941879824255,9.087077253910474e+17,8066954359514860.0,1.5357919101745596e+22,1.543937544450151e+22,0.8617447533547584,0.35694396474824747
oc,275.0,0.8627569665068574,1.0636520611900908e-05,0.9669564192637189,9.638540768441353e+17,7559266507049765.0,1.5357919101745596e+22,1.5345705301572288e+22,0.8617634274062435,0.3585644335563482
oc,275.0,0.8627569665068574,1.0647359584422066e-05,0.9679417804020061,1.0225631964675357e+18,7079541102313014.0,1.5357919101745596e+22,1.5247237790736302e+22,0.8617825266637671,0.36019724212889437
oc,275.0,0.8627569665068574,1.0657886178196438e-05,0.9688987434724035,1.0850542457681056e+18,6626624883385284.0,1.5357919101745596e+22,1.514397018019553e+22,0.861802055715602,0.36184203220318806
oc,275.0,0.8627569665068574,1.0668108784506744e-05,0.969828071318795,1.1515583924513667e+18,6199373500978715.0,1.5357919101745596e+22,1.5035908546381105e+22,0.8618220187602377,0.36349845527967045
oc,275.0,0.8627569665068574,1.0678035605296172e-05,0.9707305095723793,1.222319284960435e+18,5796656184534800.0,1.5357919101745596e+22,1.492306786224406e+22,0.8618424195873988,0.3651661719894633
oc,275.0,0.8627569665068574,1.0687674655252362e-05,0.9716067868411238,1.2975935239620946e+18,5417359814792385.0,1.5357919101745596e+22,1.4805472072692696e+22,0.8618632615591911,0.36684485142483575
oc,275.0,0.8627569665068574,1.0697033764018233e-05,0.9724576149107484,1.377651127530664e+18,5060392440260936.0,1.5357919101745596e+22,1.4683154156463453e+22,0.8618845475914045,0.3685341704382952
oc,275.0,0.8627569665068574,1.0706120578517071e-05,0.9732836889560974,1.4627759864547784e+18,4724686275800522.0,1.5357919101745596e+22,1.4556156173702813e+22,0.8619062801350119,0.37023381291558843
oc,275.0,0.8627569665068574,1.0714942565379982e-05,0.9740856877618166,1.5532663056359862e+18,4409200222081137.5,1.5357919101745596e+22,1.4424529298343846e+22,0.8619284611579048,0.37194346902750164
oc,275.0,0.8627569665068574,1.0723507013464508e-05,0.9748642739513189,1.6494350271703478e+18,4112921944223097.0,1.5357919101745596e+22,1.4288333834133166e+22,0.8619510921269083,0.3736628344649909
oc,275.0,0.8627569665068574,1.0731821036453796e-05,0.9756200942230724,1.7516102302558682e+18,3834869547425131.5,1.5357919101745596e+22,1.414763921350968e+22,0.8619741739901248,0.3753916096618257
oc,275.0,0.8627569665068574,1.0739891575526403e-05,0.9763537795933094,1.860135502601435e+18,3574092886071230.0,1.5357919101745596e+22,1.4002523977629838e+22,0.8619977071596577,0.377129499008637
oc,275.0,0.8627569665068574,1.07477254020873e-05,0.9770659456442999,1.9753702776102776e+18,3329674541602968.5,1.5357919101745596e+22,1.3853075736821236e+22,0.862021691494771,0.37887621006196187
oc,275.0,0.8627569665068574,1.0755329120551326e-05,0.9777571927773933,2.0976901311017137e+18,3100730502685342.0,1.5357919101745596e+22,1.369939110977863e+22,0.8620461262855439,0.38063145275165167
oc,275.0,0.8627569665068574,1.0762709171170821e-05,0.9784281064700746,2.2274870331951455e+18,2886433384405267.5,1.5357919101745596e+22,1.3541682643328045e+22,0.8620712019638341,0.3823949385897792
oc,275.0,0.8627569665068574,1.0769871832899693e-05,0.9790792575363358,2.365169541337051e+18,2685987122257043.0,1.5357919101745596e+22,1.3380184803178386e+22,0.8620971406702781,0.38416637988344815
oc,275.0,0.8627569665068574,1.077682322628674e-05,0.9797112023897037,2.5111629314603105e+18,2498602995401759.5,1.5357919101745596e+22,1.3215027047230926e+22,0.8621239663523903,0.3859454889550663
oc,275.0,0.8627569665068574,1.07835693163914e-05,0.9803244833083091,2.665909264294359e+18,2323526573199101.5,1.5357919101745596e+22,1.3046346706713313e+22,0.8621517031985705,0.3877319773732085
oc,275.0,0.8627569665068574,1.0790115915715747e-05,0.9809196287014316,2.82986737125469e+18,2160037322868158.2,1.5357919101745596e+22,1.2874288742090676e+22,0.8621803756080559,0.38952555519588183
oc,275.0,0.8627569665068574,1.0796468687146801e-05,0.981497153376982,3.0035127537027195e+18,2007448080559007.8,1.5357919101745596e+22,1.26990054720542e+22,0.8622100081574378,0.3913259302286745
oc,275.0,0.8627569665068574,1.0802633146903754e-05,0.9820575588094322,3.1873373866910397e+18,1865104406247097.2,1.5357919101745596e+22,1.2520656275093622e+22,0.8622406255635192,0.39313280730021405
oc,275.0,0.8627569665068574,1.0808614667485075e-05,0.982601333407734,3.381849418110996e+18,1732383841045591.8,1.5357919101745596e+22,1.233940726332832e+22,0.8622722526423146,0.3949458875573231
oc,275.0,0.8627569665068574,1.0814418480610833e-05,0.9831289527828031,3.5875727540692434e+18,1608695083777389.0,1.5357919101745596e+22,1.2155430928426264e+22,0.8623049142639659,0.3967648677822264
oc,275.0,0.8627569665068574,1.0820049680155946e-05,0.9836408800141769,3.805046521295085e+18,1493477102009043.5,1.5357919101745596e+22,1.1968905759585523e+22,0.862338635303381,0.3985894397341468
oc,275.0,0.8627569665068574,1.0825513225070368e-05,0.9841375659154881,4.0348243974829143e+18,1386198191203509.2,1.5357919101745596e+22,1.1780015833799104e+22,0.8623734405863843,0.40041928951763883
oc,275.0,0.8627569665068574,1.0830813942282604e-05,0.9846194492984186,4.2774738006984346e+18,1286354994202716.5,1.5357919101745596e+22,1.158895037886876e+22,0.8624093548311971,0.40225409697999603
oc,275.0,0.8627569665068574,1.0835956529583215e-05,0.9850869572348377,4.533574929343237e+18,1193471491896066.0,1.5357919101745596e+22,1.139590330983302e+22,0.8624464025850658,0.4040935351401083
oc,275.0,0.8627569665068574,1.084094555848522e-05,0.9855405053168382,4.803719644683762e+18,1107097974685759.9,1.5357919101745596e+22,1.120107273972473e+22,0.8624846081558791,0.4059372696511178
oc,275.0,0.8627569665068574,1.0845785477058698e-05,0.9859804979144271,5.088510188648676e+18,1026810003209488.0,1.5357919101745596e+22,1.1004660465875584e+22,0.8625239955386325,0.40778495829929307
oc,275.0,0.8627569665068574,1.0850480612736976e-05,0.9864073284306342,5.388557730446027e+18,952207365726552.0,1.5357919101745596e+22,1.0806871433230296e+22,0.8625645883366222,0.4096362505414893
oc,275.0,0.8627569665068574,1.0855035175092196e-05,0.986821379553836,5.704480736610372e+18,882913038607547.1,1.5357919101745596e+22,1.060791317642674e+22,0.8626064096772827,0.41149078708362186
oc,275.0,0.8627569665068574,1.0859453258578164e-05,0.9872230235071058,6.036903160329229e+18,818572155488306.9,1.5357919101745596e+22,1.0407995242657524e+22,0.8626494821226096,0.41334819950253654
oc,275.0,0.8627569665068574,1.0863738845238655e-05,0.9876126222944233,6.386452447346064e+18,758850989851479.9,1.5357919101745596e+22,1.0207328597598701e+22,0.8626938275741516,0.4152081099136628
oc,275.0,0.8627569665068574,1.0867895807379541e-05,0.9879905279435948,6.753757357381898e+18,703435955080107.2,1.5357919101745596e+22,1.0006125016973404e+22,0.8627394671725969,0.4170701306867976
oc,275.0,0.8627569665068574,1.0871927910203254e-05,0.9883570827457504,7.139445601861242e+18,652032625378532.9,1.5357919101745596e+22,9.804596466564989e+21,0.8627864211920283,0.41893386421230533
oc,275.0,0.8627569665068574,1.0875838814404348e-05,0.9887126194913044,7.544141300769141e+18,604364780373242.8,1.5357919101745596e+22,9.602954473727827e+21,0.8628347089289716,0.4207989027199722
oc,275.0,0.8627569665068574,1.087963207872503e-05,0.9890574617022755,7.968462263680113e+18,560173475687549.25,1.5357919101745596e+22,9.401409493682171e+21,0.8628843485864245,0.42266482815263073
oc,275.0,0.8627569665068574,1.088331116246969e-05,0.9893919238608808,8.413017102382715e+18,519216141318523.44,1.5357919101745596e+22,9.200170274042588e+21,0.8629353571531142,0.4245312120965686
oc,275.0,0.8627569665068574,1.0886879427977617e-05,0.9897163116343288,8.878402185046704e+18,481265709234460.3,1.5357919101745596e+22,8.999443221210396e+21,0.8629877502783025,0.4263976157705774
oc,275.0,0.8627569665068574,1.0890340143053247e-05,0.9900309220957497,9.365198444517882e+18,446109771247406.44,1.5357919101745596e+22,8.799431772387484e+21,0.8630415421425273,0.42826359007533243
oc,275.0,0.8627569665068574,1.0893696483353328e-05,0.9903360439412118,9.873968056039623e+18,413549767895484.1,1.5357919101745596e+22,8.60033577706273e+21,0.8630967453247492,0.4301286757045761
oc,275.0,0.8627569665068574,1.0896951534730626e-05,0.9906319577027842,1.0405251002460377e+19,383400208789022.06,1.5357919101745596e+22,8.402350891869293e+21,0.863153370666453,0.43199240331935523
oc,275.0,0.8627569665068574,1.0900108295533774e-05,0.9909189359576158,1.0959561547737821e+19,355487924630828.4,1.5357919101745596e+22,8.205667992736342e+21,0.8632114271333365,0.4338542937862892
oc,275.0,0.8627569665068574,1.0903169678863081e-05,0.9911972435330074,1.1537384642251368e+19,329651350907697.06,1.5357919101745596e+22,8.010472608199477e+21,0.8632709216753027,0.43571385848055055
oc,275.0,0.8627569665068574,1.090613851478213e-05,0.9914671377074664,1.2139172286030438e+19,305739843067968.06,1.5357919101745596e+22,7.816944377660813e+21,0.8633318590855621,0.4375705996539235
oc,275.0,0.8627569665068574,1.0909017552485099e-05,0.9917288684077362,1.276533987843357e+19,283613022843534.2,1.5357919101745596e+22,7.625256538259589e+21,0.8633942418597358,0.4394240108679401
oc,275.0,0.8627569665068574,1.0911809462419846e-05,0.9919826784018042,1.3416262585029081e+19,263140155241203.0,1.5357919101745596e+22,7.435575443829026e+21,0.8634580700559331,0.4412735774917335
oc,275.0,0.8627569665068574,1.0914516838366856e-05,0.992228803487896,1.4092271754355698e+19,244199555617307.47,1.5357919101745596e+22,7.248060119212884e+21,0.8635233411568608,0.4431187772638402
oc,275.0,0.8627569665068574,1.091714219947416e-05,0.9924674726794691,1.4793651418831559e+19,226678026155027.9,1.5357919101745596e+22,7.06286185291396e+21,0.8635900499350955,0.4449590809167542
oc,275.0,0.8627569665068574,1.0919687992248514e-05,0.9926989083862285,1.552063491529313e+19,210470320987649.78,1.5357919101745596e+22,6.880123830749028e+21,0.863658188322725,0.44679395286263207
oc,275.0,0.8627569665068574,1.0922156592503055e-05,0.9929233265911869,1.6273401661379332e+19,195478639149486.5,1.5357919101745596e+22,6.699980812827052e+21,0.8637277452866199,0.4486228519380677
oc,275.0,0.8627569665068574,1.0924550307261798e-05,0.9931409370237998,1.7052074124249911e+19,181612144488253.75,1.5357919101745596e+22,6.522558855817856e+21,0.8637987067106517,0.450445232205432
oc,275.0,0.8627569665068574,1.0926871376621309e-05,0.9933519433292098,1.7856715017867362e+19,168786511634425.34,1.5357919101745596e+22,6.347975082035534e+21,0.8638710552862157,0.4522605438078015
oc,275.0,0.8627569665068574,1.0929121975570008e-05,0.9935565432336372,1.868732476424955e+19,156923497096068.94,1.5357919101745596e+22,6.176337496415615e+21,0.8639447704124367,0.4540682338740752
oc,275.0,0.8627569665068574,1.0931304215765523e-05,0.9937549287059567,1.9543839252696273e+19,145950534530993.34,1.5357919101745596e+22,6.007744852065526e+21,0.8640198281074513,0.45586774747041503
oc,275.0,0.8627569665068574,1.0933420147270573e-05,0.9939472861155068,2.042612792904548e+19,135800353237266.52,1.5357919101745596e+22,5.842286564605633e+21,0.8640962009321516,0.45765852859375117
oc,275.0,0.8627569665068574,1.0935471760247933e-05,0.9941337963861758,2.1333992244449264e+19,126410618898085.86,1.5357919101745596e+22,5.680042674991125e+21,0.8641738579277497,0.4594400212026871
oc,275.0,0.8627569665068574,1.0937460986614977e-05,0.9943146351468162,2.226716448996149e+19,117723595622061.3,1.5357919101745596e+22,5.521083860132864e+21,0.8642527645684792,0.46121167028076426
oc,275.0,0.8627569665068574,1.0939389701658392e-05,0.9944899728780356,2.322530703975952e+19,109685828325624.84,1.5357919101745596e+22,5.365471490182474e+21,0.8643328827306829,0.46297292292672365
oc,275.0,0.8627569665068574,1.094125972560964e-05,0.9946599750554219,2.42080120217056e+19,102247844515600.83,1.5357919101745596e+22,5.213257730886046e+21,0.8644141706794501,0.46472322946611117
oc,275.0,0.8627569665068574,1.0943072825181768e-05,0.9948248022892516,2.5214801429395497e+19,95363874547922.6,1.5357919101745596e+22,5.064485689124278e+21,0.8644965830738625,0.46646204457829754
oc,275.0,0.8627569665068574,1.0944830715068192e-05,0.9949846104607447,2.6245127684731806e+19,88991589453183.3,1.5357919101745596e+22,4.919189599166906e+21,0.8645800709917754,0.4681888284328443
oc,275.0,0.8627569665068574,1.0946535059404077e-05,0.9951395508549161,2.7298374655511142e+19,83091855445127.95,1.5357919101745596e+22,4.777395047183889e+21,0.8646645819749121,0.46990304782891085
oc,275.0,0.8627569665068574,1.0948187473190986e-05,0.9952897702900896,2.8373859126995018e+19,77628504247207.28,1.5357919101745596e+22,4.639119230985783e+21,0.8647500600948929,0.47160417733142423
oc,275.0,0.8627569665068574,1.0949789523685387e-05,0.9954354112441262,2.947083272032099e+19,72568118401250.23,1.5357919101745596e+22,4.5043712518168715e+21,0.8648364460406132,0.4732917003975689
oc,275.0,0.8627569665068574,1.0951342731751775e-05,0.9955766119774341,3.0588484246965735e+19,67879830745284.02,1.5357919101745596e+22,4.373152434949656e+21,0.8649236772272159,0.4749651104873249
oc,275.0,0.8627569665068574,1.0952848573180955e-05,0.9957135066528141,3.172594248125668e+19,63535137277561.65,1.5357919101745596e+22,4.2454566754800385e+21,0.8650116879266609,0.47662391215172856
oc,275.0,0.8627569665068574,1.0954308479974282e-05,0.9958462254522075,3.2882279329587077e+19,59507722650561.07,1.5357919101745596e+22,4.121270805827706e+21,0.8651004094196939,0.4782676220928224
oc,275.0,0.8627569665068574,1.0955723841594418e-05,0.9959748946904017,3.4056513369242268e+19,55773297567947.29,1.5357919101745596e+22,4.000574981251852e+21,0.8651897701687756,0.47989577018932833
oc,275.0,0.8627569665068574,1.0957096006183349e-05,0.996099636925759,3.524761372611521e+19,52309447386772.18,1.5357919101745596e+22,3.883343079809043e+21,0.8652796960113079,0.48150790048244807
oc,275.0,0.8627569665068574,1.0958426281748313e-05,0.9962205710680284,3.645450425610159e+19,49095491256048.375,1.5357919101745596e+22,3.7695431131174336e+21,0.86537011037226,0.4831035721164725
oc,275.0,0.8627569665068574,1.09597159373163e-05,0.9963378124833001,3.767606799291639e+19,46112351152157.34,1.5357919101745596e+22,3.6591376445321306e+21,0.8654609344950668,0.48468236022920647
oc,275.0,0.8627569665068574,1.0960966204057819e-05,0.9964514730961654,3.8911151820473065e+19,43342430200457.49,1.5357919101745596e+22,3.5520842112409126e+21,0.865552087689464,0.4862438567876997
oc,275.0,0.8627569665068574,1.0962178276380554e-05,0.9965616614891413,4.01585713281451e+19,40769499701189.125,1.5357919101745596e+22,3.4483357472042616e+21,0.8656434875947099,0.48778767136514295
oc,275.0,0.8627569665068574,1.0963353312993623e-05,0.9966684829994202,4.1417115804371304e+19,38378594305859.63,1.5357919101745596e+22,3.3478410038707476e+21,0.865735050456457,0.4893134318553295
oc,275.0,0.8627569665068574,1.0964492437943059e-05,0.9967720398130053,4.268555332352118e+19,36155914818054.5,1.5357919101745596e+22,3.2505449658552476e+21,0.8658266914153692,0.49082078512153493
oc,275.0,0.8627569665068574,1.0965596741619176e-05,0.9968724310562888,4.3962635881637265e+19,34088738119626.656,1.5357919101745596e+22,3.1563892590556296e+21,0.8659183248054289,0.4923093975772249
oc,275.0,0.8627569665068574,1.0966667281736461e-05,0.9969697528851329,4.524710453664057e+19,32165333749634.242,1.5357919101745596e+22,3.065312548877071e+21,0.8660098644597568,0.49377895569651237
oc,275.0,0.8627569665068574,1.0967705084286636e-05,0.9970640985715125,4.653769450997875e+19,30374886688984.062,1.5357919101745596e+22,2.9772509265033356e+21,0.8661012240216747,0.49522916645285386
oc,275.0,0.8627569665068574,1.0968711144465507e-05,0.9971555585877734,4.783314020848096e+19,28707425928633.46,1.5357919101745596e+22,2.892138281421157e+21,0.8661923172586705,0.49665975768497495
oc,275.0,0.8627569665068574,1.0969686427574233e-05,0.9972442206885668,4.913218012752122e+19,27153758423155.887,1.5357919101745596e+22,2.8099066586666e+21,0.8662830583768919,0.4980704783895963
oc,275.0,0.8627569665068574,1.0970631869895642e-05,0.9973301699905128,5.0433561599307375e+19,25705408054663.965,1.5357919101745596e+22,2.730486599520468e+21,0.8663733623337903,0.4994610989410186
oc,275.0,0.8627569665068574,1.0971548379546137e-05,0.9974134890496489,5.173604535322409e+19,24354559254350.87,1.5357919101745596e+22,2.6538074646341275e+21,0.8664631451465543,0.5008314112381218
oc,275.0,0.8627569665068574,1.0972436837303892e-05,0.9974942579367174,5.303840985861904e+19,23094004950218.336,1.5357919101745596e+22,2.579797738804396e+21,0.8665523241940398,0.5021812287798525
oc,275.0,0.8627569665068574,1.0973298097413808e-05,0.9975725543103462,5.4339455424033464e+19,21917098530097.06,1.5357919101745596e+22,2.5083853168523834e+21,0.866640818509969,0.5035103866706832
oc,275.0,0.8627569665068574,1.0974132988369913e-05,0.9976484534881739,5.563800803071045e+19,20817709528604.316,1.5357919101745596e+22,2.4394977702765024e+21,0.8667285490652985,0.5048187415579751
oc,275.0,0.8627569665068574,1.0974942313675674e-05,0.9977220285159705,5.69329228820427e+19,19790182765244.332,1.5357919101745596e+22,2.3730625945370173e+21,0.8668154390377727,0.5061061715035079
oc,275.0,0.8627569665068574,1.0975726852582875e-05,0.9977933502348069,5.822308765479136e+19,18829300678703.668,1.5357919101745596e+22,2.3090074370340563e+21,0.8669014140668542,0.5073725757918872
oc,275.0,0.8627569665068574,1.0976487360809517e-05,0.9978624873463197,5.950742544165488e+19,17930248619193.938,1.5357919101745596e+22,2.247260305990961e+21,0.8669864024923762,0.5086178746787233
oc,275.0,0.8627569665068574,1.0977224571237352e-05,0.997929506476123,6.078489737761108e+19,17088582876662.389,1.5357919101745596e+22,2.1877497605638793e+21,0.8670703355754718,0.5098420090818512
oc,275.0,0.8627569665068574,1.097793919458954e-05,0.9979944722354128,6.2054504948027015e+19,16300201237860.707,1.5357919101745596e+22,2.130405082709916e+21,0.8671531477005232,0.5110449402189965
oc,275.0,0.8627569665068574,1.097863192008893e-05,0.9980574472808119,6.331529197809861e+19,15561315879533.861,1.5357919101745596e+22,2.0751564313758503e+21,0.8672347765570944,0.5122266491955393
oc,275.0,0.8627569665068574,1.0979303416097527e-05,0.9981184923725025,6.456634630640955e+19,14868428418400.773,1.5357919101745596e+22,2.0219349796608417e+21,0.8673151633010246,0.5133871365461667
oc,275.0,0.8627569665068574,1.0979954330737578e-05,0.998177666430689,6.580680115022317e+19,14218306951458.678,1.5357919101745596e+22,1.9706730357657219e+21,0.867394252694077,0.5145264217342428
oc,275.0,0.8627569665068574,1.0980585292494814e-05,0.9982350265904376,6.703583616946862e+19,13607964931893.367,1.5357919101745596e+22,1.9213041484657244e+21,0.8674719932217578,0.5156445426128932
oc,275.0,0.8627569665068574,1.0981196910804284e-05,0.9982906282549349,6.825267824158374e+19,13034641737208.467,1.5357919101745596e+22,1.873763198000772e+21,0.8675483371891327,0.5167415548517404
oc,275.0,0.8627569665068574,1.0981789776619278e-05,0.9983445251472072,6.945660196009321e+19,12495784796647.178,1.5357919101745596e+22,1.8279864732546748e+21,0.8676232407946751,0.5178175313332881
oc,275.0,0.8627569665068574,1.0982364462963772e-05,0.9983967693603429,7.064692987027002e+19,11989033154840.152,1.5357919101745596e+22,1.7839117360864009e+21,0.8676966641823742,0.5188725615228583
oc,275.0,0.8627569665068574,1.0982921525468846e-05,0.9984474114062588,7.1823032459057185e+19,11512202357768.744,1.5357919101745596e+22,1.741478273745461e+21,0.8677685714725191,0.5199067508160004
oc,275.0,0.8627569665068574,1.0983461502893518e-05,0.9984965002630471,7.2984327915454915e+19,11063270555779.104,1.5357919101745596e+22,1.7006269402502193e+21,0.8678389307717428,0.5209202198670955
oc,275.0,0.8627569665068574,1.0983984917630406e-05,0.998544083420946,7.413028167881235e+19,10640365726334.582,1.5357919101745596e+22,1.6613001876029901e+21,0.86790771416307,0.5219131039028849
oc,275.0,0.8627569665068574,1.0984492276196647e-05,0.9985902069269679,7.526040579313192e+19,10241753926692.832,1.5357919101745596e+22,1.6234420877060633e+21,0.8679748976768445,0.5228855520244242
oc,275.0,0.8627569665068574,1.0984984069710465e-05,0.9986349154282241,7.637425808570481e+19,9865828493616.355,1.5357919101745596e+22,1.5869983458140262e+21,0.8680404612435431,0.5238377265008675
oc,275.0,0.8627569665068574,1.0985460774353792e-05,0.9986782522139812,7.74714411881521e+19,9511100113685.729,1.5357919101745596e+22,1.55191630632227e+21,0.8681043886295774,0.5247698020582852
oc,275.0,0.8627569665068574,1.0985922851821332e-05,0.9987202592564848,7.855160141791756e+19,9176187693745.496,1.5357919101745596e+22,1.5181449516566991e+21,0.8681666673572787,0.5256819651666125
oc,275.0,0.8627569665068574,1.0986370749756428e-05,0.9987609772505843,7.961442753774577e+19,8859809966610.504,1.5357919101745596e+22,1.485634894996788e+21,0.8682272886103277,0.5265744133275368
oc,275.0,0.8627569665068574,1.0986804902174117e-05,0.9988004456521924,8.065964941022749e+19,8560777772270.22,1.5357919101745596e+22,1.4543383675199842e+21,0.8682862471259364,0.527447354366023
oc,275.0,0.8627569665068574,1.098722572987174e-05,0.9988387027156127,8.16870365638825e+19,8277986959592.454,1.5357919101745596e+22,1.4242092008156307e+21,0.8683435410751316,0.528301005727987
oc,275.0,0.8627569665068574,1.0987633640827416e-05,0.9988757855297651,8.269639668639914e+19,8010411857966.003,1.5357919101745596e+22,1.3952028050776085e+21,0.8683991719325032,0.5291355937863155
oc,275.0,0.8627569665068574,1.0988029030586768e-05,0.9989117300533426,8.368757405964976e+19,7757099272341.504,1.5357919101745596e+22,1.3672761436334535e+21,0.8684531443367838,0.5299513531574088
oc,275.0,0.8627569665068574,1.0988412282638214e-05,0.9989465711489285,8.466044795035797e+19,7517162958940.451,1.5357919101745596e+22,1.3403877043365145e+21,0.868505465943618,0.5307485260300848
oc,275.0,0.8627569665068574,1.0988783768777126e-05,0.9989803426161024,8.561493096959363e+19,7289778542333.223,1.5357919101745596e+22,1.314497468305795e+21,0.8685561472718514,0.531527361508515
oc,275.0,0.8627569665068574,1.098914384945923e-05,0.9990130772235664,8.6550967413305e+19,7074178837797.532,1.5357919101745596e+22,1.289566876459036e+21,0.8686052015446432,0.5322881149707818
oc,275.0,0.8627569665068574,1.0989492874143477e-05,0.9990448067403161,8.746853159316003e+19,6869649545829.961,1.5357919101745596e+22,1.265558794219698e+21,0.868652644526651,0.5330310474442714
oc,275.0,0.8627569665068574,1.0989831181624756e-05,0.9990755619658869,8.83676261702135e+19,6675525288368.476,1.5357919101745596e+22,1.2424374748027258e+21,0.8686984943584926,0.5337564249991389
oc,275.0,0.8627569665068574,1.0990159100356695e-05,0.9991053727596996,8.924828049821883e+19,6491185958799.807,1.5357919101745596e+22,1.2201685213780818e+21,0.8687427713896245,0.5344645181607907
oc,275.0,0.8627569665068574,1.099047694876486e-05,0.9991342680695328,9.011054898548189e+19,6316053360134.855,1.5357919101745596e+22,1.1987188484286094e+21,0.8687854980107096,0.5351556013421783
oc,275.0,0.8627569665068574,1.0990785035550604e-05,0.9991622759591459,9.095450948254248e+19,6149588107810.231,1.5357919101745596e+22,1.1780566425679563e+21,0.8688266984864764,0.5358299522966044
oc,275.0,0.8627569665068574,1.0991083659985862e-05,0.9991894236350785,9.178026170140895e+19,5991286775559.019,1.5357919101745596e+22,1.1581513230548537e+21,0.8688663987899999,0.536487851591548
oc,275.0,0.8627569665068574,1.0991373112199139e-05,0.9992157374726489,9.258792567153957e+19,5840679264542.994,1.5357919101745596e+22,1.13897350221131e+21,0.8689046264392523,0.5371295821038966
oc,275.0,0.8627569665068574,1.0991653673452932e-05,0.9992412430411757,9.337764023860881e+19,5697326377595.919,1.5357919101745596e+22,1.1204949459509864e+21,0.8689414103366951,0.5377554285368434
oc,275.0,0.8627569665068574,1.0991925616412885e-05,0.9992659651284441,9.41495616072983e+19,5560817581925.333,1.5357919101745596e+22,1.1026885345484315e+21,0.8689767806126073,0.5383656769586114
oc,275.0,0.8627569665068574,1.0992189205408847e-05,0.9992899277644407,9.490386193374044e+19,5430768944995.09,1.5357919101745596e+22,1.0855282238220964e+21,0.8690107684727644,0.5389606143630377
oc,275.0,0.8627569665068574,1.0992444696688121e-05,0.9993131542443747,9.56407279691276e+19,5306821229587.28,1.5357919101745596e+22,1.0689890068415256e+21,0.869043406051001,0.5395405282519397
oc,275.0,0.8627569665068574,1.099269233866112e-05,0.999335667151011,9.63603597557752e+19,5188638135184.127,1.5357919101745596e+22,1.0530468762542887e+21,0.8690747262671275,0.5401057062391758
oc,275.0,0.8627569665068574,1.0992932372139636e-05,0.9993574883763305,9.706296937796007e+19,5075904673899.716,1.5357919101745596e+22,1.037678787334571e+21,0.869104762690582,0.5406564356761148
oc,275.0,0.8627569665068574,1.0993165030567958e-05,0.9993786391425417,9.774877976815845e+19,4968325670143.935,1.5357919101745596e+22,1.0228626218214546e+21,0.8691335494101429,0.5411930032982628
oc,275.0,0.8627569665068574,1.0993390540247038e-05,0.999399140022458,9.84180235690295e+19,4865624374110.6045,1.5357919101745596e+22,1.0085771526069868e+21,0.8691611209099535,0.5417156948926606
oc,275.0,0.8627569665068574,1.0993609120551912e-05,0.9994190109592647,9.907094205128347e+19,4767541179988.99,1.5357919101745596e+22,9.948020093217821e+20,0.869187511952051,0.54222479498567
oc,275.0,0.8627569665068574,1.0993820984142568e-05,0.9994382712856881,9.970778408709125e+19,4673832440563.625,1.5357919101745596e+22,9.815176448565895e+20,0.8692127574655321,0.5427205865506474
oc,275.0,0.8627569665068574,1.0994026337168478e-05,0.999456939742589,1.0032880517861256e+20,4584269370538.971,1.5357919101745596e+22,9.687053028479222e+20,0.8692368924424332,0.5432033507350403
oc,275.0,0.8627569665068574,1.0994225379466936e-05,0.9994750344969942,1.0093426654073867e+20,4498637031571.016,1.5357919101745596e+22,9.563469861479947e+20,0.8692599518403585,0.543673366606331
oc,275.0,0.8627569665068574,1.0994418304755431e-05,0.9994925731595847,1.0152443423703618e+20,4416733392551.327,1.5357919101745596e+22,9.444254262902239e+20,0.8692819704918305,0.544130910916295
oc,275.0,0.8627569665068574,1.0994605300818213e-05,0.9995095728016559,1.0209957836761013e+20,4338368459232.185,1.5357919101745596e+22,9.329240539571311e+20,0.8693029830203136,0.544576257882944
oc,275.0,0.8627569665068574,1.0994786549687217e-05,0.9995260499715652,1.0265997230755484e+20,4263363467750.4575,1.5357919101745596e+22,9.218269704494513e+20,0.8693230237628115,0.5450096789895927
oc,275.0,0.8627569665068574,1.0994962227817505e-05,0.9995420207106823,1.0320589199435827e+20,4191550137075.1694,1.5357919101745596e+22,9.111189201540164e+20,0.8693421266989074,0.5454314428003368
oc,275.0,0.8627569665068574,1.0995132506257437e-05,0.999557500568858,1.0373761526283097e+20,4122769975774.152,1.5357919101745596e+22,9.007852639981481e+20,0.8693603253860993,0.5458418147914343
oc,275.0,0.8627569665068574,1.0995297550813662e-05,0.9995725046194238,1.0425542122565286e+20,4056873638911.963,1.5357919101745596e+22,8.908119538811653e+20,0.8693776529012366,0.546241057197821
oc,275.0,0.8627569665068574,1.099545752221112e-05,0.9995870474737383,1.0475958969782749e+20,3993720331198.939,1.5357919101745596e+22,8.811855080650289e+20,0.8693941417878649,0.5466294288741852
oc,275.0,0.8627569665068574,1.0995612576248216e-05,0.9996011432952924,1.0525040066327868e+20,3933177252834.2856,1.5357919101745596e+22,8.718929875061536e+20,0.8694098240092548,0.5470071851699667
oc,275.0,0.8627569665068574,1.0995762863947264e-05,0.9996148058133876,1.0572813378168899e+20,3875119084782.3286,1.5357919101745596e+22,8.629219731086525e+20,0.8694247309068773,0.5473745778175976
oc,275.0,0.8627569665068574,1.099590853170039e-05,0.9996280483363992,1.0619306793383463e+20,3819427510470.218,1.5357919101745596e+22,8.542605438766796e+20,0.869438893164085,0.5477318548333815
oc,275.0,0.8627569665068574,1.0996049721411005e-05,0.9996408837646369,1.066454808038e+20,3765990771147.374,1.5357919101745596e+22,8.458972559449095e+20,0.8694523407747378,0.5480792604303663
oc,275.0,0.8627569665068574,1.0996186570630982e-05,0.9996533246028165,1.0708564849560273e+20,3714703252355.6553,1.5357919101745596e+22,8.378211224557158e+20,0.8694651030165195,0.548417034942643
oc,275.0,0.8627569665068574,1.0996319212693658e-05,0.9996653829721508,1.0751384518269043e+20,3665465099183.0464,1.5357919101745596e+22,8.300215942630111e+20,0.8694772084286756,0.548745414760371
oc,275.0,0.8627569665068574,1.0996447776842829e-05,0.9996770706220754,1.0793034278920277e+20,3618181858125.83,1.5357919101745596e+22,8.224885414374244e+20,0.8694886847939106,0.5490646322750724
oc,275.0,0.8627569665068574,1.0996572388357787e-05,0.999688398941617,1.0833541070080936e+20,3572764143598.086,1.5357919101745596e+22,8.152122355480003e+20,0.8694995591241785,0.5493749158344902
oc,275.0,0.8627569665068574,1.0996693168674577e-05,0.9996993789704162,1.0872931550242302e+20,3529127327241.2656,1.5357919101745596e+22,8.081833326819863e+20,0.8695098576501065,0.5496764897065493
oc,275.0,0.8627569665068574,1.0996810235503576e-05,0.999710021409416,1.091123207431242e+20,3487191248358.6963,1.5357919101745596e+22,8.013928571935072e+20,0.8695196058137902,0.5499695740518308
oc,275.0,0.8627569665068574,1.0996923702943464e-05,0.9997203366312241,1.0948468672576383e+20,3446879943926.2656,1.5357919101745596e+22,7.948321861482729e+20,0.8695288282647143,0.5502543849040272
oc,275.0,0.8627569665068574,1.0997033681591765e-05,0.9997303346901605,1.0984667031836888e+20,3408121396735.227,1.5357919101745596e+22,7.884930344255974e+20,0.8695375488585426,0.5505311341579188
oc,275.0,0.8627569665068574,1.0997140278651987e-05,0.9997400253319989,1.1019852478918887e+20,3370847300362.823,1.5357919101745596e+22,7.82367440480135e+20,0.8695457906585483,0.5508000295643145
oc,275.0,0.8627569665068574,1.0997243598037532e-05,0.9997494180034121,1.1054049966019417e+20,3334992839737.899,1.5357919101745596e+22,7.764477527069706e+20,0.8695535759394487,0.551061274731562
oc,275.0,0.8627569665068574,1.0997343740472423e-05,0.9997585218611293,1.1087284058052556e+20,3300496486186.331,1.5357919101745596e+22,7.707266164085026e+20,0.869560926193422,0.5513150691331185
oc,275.0,0.8627569665068574,1.099744080358895e-05,0.9997673457808136,1.1119578921745485e+20,3267299805921.9956,1.5357919101745596e+22,7.651969613311401e+20,0.869567862138097,0.5515616081207356
oc,275.0,0.8627569665068574,1.0997534882022375e-05,0.9997758983656704,1.1150958316304351e+20,3235347281008.016,1.5357919101745596e+22,7.598519897408332e+20,0.8695744037263108,0.551801082942933
oc,275.0,0.8627569665068574,1.0997626067502723e-05,0.999784187954793,1.1181445585739429e+20,3204586141920.823,1.5357919101745596e+22,7.546851650329695e+20,0.8695805701574433,0.5520336807682739
oc,275.0,0.8627569665068574,1.0997714448943772e-05,0.9997922226312521,1.1211063652426578e+20,3174966210892.217,1.5357919101745596e+22,7.496902008317153e+20,0.8695863798901433,0.5522595847130632
oc,275.0,0.8627569665068574,1.0997800112529352e-05,0.9998000102299411,1.1239835012167601e+20,3146439755266.248,1.5357919101745596e+22,7.448610505808533e+20,0.8695918506562794,0.552478973873197
oc,275.0,0.8627569665068574,1.099788314179698e-05,0.9998075583451801,1.1267781730286721e+20,3118961350179.772,1.5357919101745596e+22,7.401918975830582e+20,0.8695969994759494,0.5526920233597201
oc,275.0,0.8627569665068574,1.0997963617718971e-05,0.9998148743380884,1.129492543897385e+20,3092487749915.2705,1.5357919101745596e+22,7.35677145487073e+20,0.8696018426733971,0.5528989043378171
oc,275.0,0.8627569665068574,1.0998041618781049e-05,0.9998219653437317,1.1321287335586734e+20,3066977767328.439,1.5357919101745596e+22,7.313114091906738e+20,0.8696063958936978,0.5530997840689029
oc,275.0,0.8627569665068574,1.0998117221058578e-05,0.9998288382780526,1.1346888181883227e+20,3042392160787.335,1.5357919101745596e+22,7.270895061426909e+20,0.8696106741200794,0.553294825955575
oc,275.0,0.8627569665068574,1.099819049829045e-05,0.9998354998445864,1.1371748304225075e+20,3018693528127.1274,1.5357919101745596e+22,7.230064480381821e+20,0.8696146916917544,0.5534841895890356
oc,275.0,0.8627569665068574,1.0998261521950722e-05,0.9998419565409749,1.1395887594384425e+20,2995846207121.2812,1.5357919101745596e+22,7.190574328651889e+20,0.869618462322155,0.5536680307988593
oc,275.0,0.8627569665068574,1.0998330361318067e-05,0.9998482146652787,1.1419325511297332e+20,2973816182046.892,1.5357919101745596e+22,7.152378373177562e+20,0.8696219991174636,0.553846501704752
oc,275.0,0.8627569665068574,1.099839708354309e-05,0.9998542803220991,1.1442081083290857e+20,2952570995922.2383,1.5357919101745596e+22,7.115432095302336e+20,0.869625314595346,0.5540197507701359
oc,275.0,0.8627569665068574,1.0998461753713601e-05,0.9998601594285093,1.1464172910966483e+20,2932079668047.4473,1.5357919101745596e+22,7.079692621359742e+20,0.8696284207037979,0.5541879228572583
oc,275.0,0.8627569665068574,1.0998524434917892e-05,0.9998658577198084,1.1485619170713548e+20,2912312616481.409,1.5357919101745596e+22,7.045118656340335e+20,0.8696313288400296,0.5543511592837626
oc,275.0,0.8627569665068574,1.0998585188306059e-05,0.9998713807550962,1.1506437618532396e+20,2893241585146.284,1.5357919101745596e+22,7.011670420379177e+20,0.8696340498693135,0.5545095978803403
oc,275.0,0.8627569665068574,1.0998644073149468e-05,0.9998767339226788,1.1526645594427338e+20,2874839575238.505,1.5357919101745596e+22,6.979309588082792e+20,0.869636594143733,0.5546633730494459
oc,275.0,0.8627569665068574,1.0998701146898405e-05,0.9998819224453096,1.1546260027193116e+20,2857080780674.21,1.5357919101745596e+22,6.947999230508825e+20,0.8696389715207734,0.5548126158248271
oc,275.0,0.8627569665068574,1.0998756465237942e-05,0.9998869513852675,1.1565297439434156e+20,2839940527307.3916,1.5357919101745596e+22,6.91770375961027e+20,0.8696411913817053,0.5549574539316885
oc,275.0,0.8627569665068574,1.099881008214211e-05,0.9998918256492828,1.1583773952989382e+20,2823395215666.887,1.5357919101745596e+22,6.888388875131765e+20,0.8696432626497126,0.5550980118474348
oc,275.0,0.8627569665068574,1.0998862049926409e-05,0.9998965499933099,1.160170529464472e+20,2807422266999.2305,1.5357919101745596e+22,6.860021513830968e+20,0.8696451938077288,0.5552344108627499
oc,275.0,0.8627569665068574,1.0998912419298702e-05,0.9999011290271548,1.1619106801983655e+20,2792000072397.12,1.5357919101745596e+22,6.832569800828714e+20,0.8696469929159437,0.5553667691429476
oc,275.0,0.8627569665068574,1.0998961239408573e-05,0.9999055672189612,1.1635993429493611e+20,2777107944817.2754,1.5357919101745596e+22,6.806003003077006e+20,0.869648667628953,0.5554952017894735
oc,275.0,0.8627569665068574,1.0999008557895145e-05,0.9999098688995587,1.1652379754887581e+20,2762726073811.1685,1.5357919101745596e+22,6.780291484856518e+20,0.8696502252125242,0.5556198209014143
oc,275.0,0.8627569665068574,1.099905442093346e-05,0.9999140382666782,1.1668279985522521e+20,2748835482791.8423,1.5357919101745596e+22,6.755406665141702e+20,0.8696516725599572,0.5557407356369488
oc,275.0,0.8627569665068574,1.0999098873279417e-05,0.999918079389038,1.168370796492142e+20,2735417988682.565,1.5357919101745596e+22,6.731320976777224e+20,0.8696530162080244,0.5558580522746177
oc,275.0,0.8627569665068574,1.0999141958313349e-05,0.9999219962103045,1.1698677179429782e+20,2722456163795.559,1.5357919101745596e+22,6.70800782740309e+20,0.8696542623524732,0.5559718742743562
oc,275.0,0.8627569665068574,1.0999183718082255e-05,0.9999257925529323,1.1713200764969532e+20,2709933299807.4985,1.5357919101745596e+22,6.685441562051103e+20,0.8696554168630831,0.5560823023381779
oc,275.0,0.8627569665068574,1.0999224193340739e-05,0.9999294721218854,1.1727291513806316e+20,2697833373700.677,1.5357919101745596e+22,6.663597427293824e+20,0.8696564852982663,0.5561894344704543
oc,275.0,0.8627569665068574,1.0999263423590703e-05,0.9999330385082457,1.174096188135741e+20,2686141015547.567,1.5357919101745596e+22,6.642451536894828e+20,0.8696574729192091,0.5562933660377424
oc,275.0,0.8627569665068574,1.0999301447119812e-05,0.9999364951927101,1.1754223993039572e+20,2674841478030.423,1.5357919101745596e+22,6.621980838907453e+20,0.8696583847035502,0.5563941898280683
oc,275.0,0.8627569665068574,1.0999338301038783e-05,0.9999398455489803,1.1767089651132282e+20,2663920607593.333,1.5357919101745596e+22,6.602163084160231e+20,0.8696592253585944,0.5564919961096019
oc,275.0,0.8627569665068574,1.0999374021317546e-05,0.9999430928470496,1.1779570341637248e+20,2653364817119.126,1.5357919101745596e+22,6.582976796033598e+20,0.8696599993340642,0.5565868726887532
oc,275.0,0.8627569665068574,1.0999408642820265e-05,0.9999462402563877,1.1791677241084043e+20,2643161060053.865,1.5357919101745596e+22,6.564401241486687e+20,0.8696607108343901,0.5566789049675245
oc,275.0,0.8627569665068574,1.0999442199339309e-05,0.9999492908490282,1.1803421223329422e+20,2633296805882.062,1.5357919101745596e+22,6.54641640327993e+20,0.8696613638305458,0.5567681760001798
oc,275.0,0.8627569665068574,1.0999474723628188e-05,0.9999522476025626,1.1814812866319925e+20,2623760016875.955,1.5357919101745596e+22,6.529002953336475e+20,0.8696619620714329,0.556854766549169
oc,275.0,0.8627569665068574,1.0999506247433445e-05,0.9999551134030404,1.1825862458804134e+20,2614539126050.9985,1.5357919101745596e+22,6.512142227206164e+20,0.8696625090948213,0.556938755140217
oc,275.0,0.8627569665068574,1.0999536801525606e-05,0.9999578910477824,1.1836580006997064e+20,2605623016244.1943,1.5357919101745596e+22,6.49581619955437e+20,0.8696630082378557,0.5570202181166687
oc,275.0,0.8627569665068574,1.0999566415729164e-05,0.9999605832481058,1.1846975241150721e+20,2597001000265.332,1.5357919101745596e+22,6.480007460647871e+20,0.8696634626471315,0.5570992296929279
oc,275.0,0.8627569665068574,1.0999595118951634e-05,0.9999631926319668,1.1857057622069825e+20,2588662802047.396,1.5357919101745596e+22,6.464699193786545e+20,0.869663875288356,0.5571758620070812
oc,275.0,0.8627569665068574,1.0999622939211742e-05,0.9999657217465221,1.1866836347550409e+20,2580598538745.2295,1.5357919101745596e+22,6.449875153646368e+20,0.8696642489556006,0.557250185172633
oc,275.0,0.8627569665068574,1.0999649903666725e-05,0.9999681730606114,1.1876320358734284e+20,2572798703727.654,1.5357919101745596e+22,6.435519645489661e+20,0.8696645862801539,0.5573222673293441
oc,275.0,0.8627569665068574,1.0999676038638799e-05,0.9999705489671635,1.1885518346379772e+20,2565254150411.802,1.5357919101745596e+22,6.421617505204804e+20,0.8696648897389898,0.5573921746931727
oc,275.0,0.8627569665068574,1.0999701369640831e-05,0.9999728517855301,1.1894438757043998e+20,2557956076891.1006,1.5357919101745596e+22,6.408154080136338e+20,0.8696651616628607,0.5574599716053198
oc,275.0,0.8627569665068574,1.0999725921401199e-05,0.9999750837637453,1.190308979915328e+20,2550896011318.256,1.5357919101745596e+22,6.395115210672202e+20,0.8696654042440239,0.5575257205803158
oc,275.0,0.8627569665068574,1.09997497178879e-05,0.9999772470807182,1.1911479448985192e+20,2544065797994.7295,1.5357919101745596e+22,6.382487212554563e+20,0.869665619543618,0.5575894823532118
oc,275.0,0.8627569665068574,1.099977278233193e-05,0.9999793438483573,1.1919615456553155e+20,2537457584129.414,1.5357919101745596e+22,6.370256859881617e+20,0.8696658094986968,0.5576513159258536
oc,275.0,0.8627569665068574,1.0999795137249921e-05,0.9999813761136291,1.1927505351383461e+20,2531063807234.8096,1.5357919101745596e+22,6.358411368779843e+20,0.8696659759289348,0.5577112786121916
oc,275.0,0.8627569665068574,1.0999816804466099e-05,0.9999833458605545,1.1935156448190718e+20,2524877183120.189,1.5357919101745596e+22,6.346938381705962e+20,0.8696661205430142,0.5577694260826845
oc,275.0,0.8627569665068574,1.0999837805133577e-05,0.9999852550121434,1.1942575852449772e+20,2518890694450.1914,1.5357919101745596e+22,6.335825952353975e+20,0.8696662449447067,0.55782581240779
oc,275.0,0.8627569665068574,1.0999858159754965e-05,0.9999871054322695,1.1949770465856951e+20,2513097579845.013,1.5357919101745596e+22,6.325062531153772e+20,0.86966635063866,0.5578804901004841
oc,275.0,0.8627569665068574,1.0999877888202374e-05,0.9999888989274885,1.1956746991686271e+20,2507491323482.6074,1.5357919101745596e+22,6.314636951314167e+20,0.8696664390359019,0.5579335101579189
oc,275.0,0.8627569665068574,1.0999897009736801e-05,0.9999906372488001,1.1963511940034095e+20,2502065645184.0664,1.5357919101745596e+22,6.304538415400527e+20,0.8696665114590719,0.557984922102144
oc,275.0,0.8627569665068574,1.09999155430269e-05,0.9999923220933546,1.1970071632953891e+20,2496814490958.229,1.5357919101745596e+22,6.294756482433075e+20,0.8696665691473905,0.5580347740198909
oc,275.0,0.8627569665068574,1.0999933506167206e-05,0.9999939551061097,1.1976432209490659e+20,2491732023971.5884,1.5357919101745596e+22,6.285281055460689e+20,0.8696666132613805,0.5580831126015198
oc,275.0,0.8627569665068574,1.0999950916695772e-05,0.9999955378814338,1.1982599630601706e+20,2486812615932.1304,1.5357919101745596e+22,6.276102369612374e+20,0.8696666448873472,0.5581299831790338
oc,275.0,0.8627569665068574,1.0999967791611283e-05,0.999997071964662,1.1988579683971542e+20,2482050838860.0527,1.5357919101745596e+22,6.267210980595234e+20,0.8696666650416287,0.5581754297632268
oc,275.0,0.8627569665068574,1.099998414738963e-05,0.9999985588536029,1.1994377988718934e+20,2477441457227.3667,1.5357919101745596e+22,6.258597753624143e+20,0.8696666746746261,0.5582194950799557
oc,275.0,0.8627569665068574,1.1e-05,1.0,1.2e+20,2472979420445.2593,1.5357919101745596e+22,6.250253852760289e+20,0.8696666746746261,0.5582622206055717
mpp,275.0,0.6568986532249594,0.0,0.0,100706730440.8451,1.2000000000000003e+20,1.5357919101745596e+22,2.545280501458653e+19,0.8333896287226895,0.0
mpp,275.0,0.6568986532249594,1.5852610367572685e-11,1.4411463970520622e-06,100902752876.73862,1.1994802196994892e+20,1.5357919101745596e+22,2.5491301738544968e+19,0.8333896288357788,4.608192908680887e-05
mpp,275.0,0.6568986532249594,3.2208388717036575e-11,2.9280353379124158e-06,101105162931.91621,1.1989441257776162e+20,1.5357919101745596e+22,2.5531021171590853e+19,0.833389590410736,9.361018225403728e-05
mpp,275.0,0.6568986532249594,4.9083304228147994e-11,4.462118566195272e-06,101314174114.68375,1.1983912124679281e+20,1.5357919101745596e+22,2.5572002161422393e+19,0.8333895099031832,0.00014262961624731052
mpp,275.0,0.6568986532249594,6.649383279366816e-11,6.044893890333469e-06,101530007412.42403,1.197820958737024e+20,1.5357919101745596e+22,2.561428479016623e+19,0.8333893835218479,0.00019318644447212846
mpp,275.0,0.6568986532249594,8.44569730995004e-11,7.677906645409127e-06,101752891575.21811,1.1972328278512278e+20,1.5357919101745596e+22,2.5657910413568684e+19,0.8333892072134541,0.0002453282758222293
mpp,275.0,0.6568986532249594,1.0299026319943172e-10,9.362751199948338e-06,101983063411.3479,1.1966262669333964e+20,1.5357919101745596e+22,2.570292170139159e+19,0.8333889766467873,0.0002991041544295346
mpp,275.0,0.6568986532249594,1.2211179762539047e-10,1.1101072511399135e-05,102220768095.56416,1.1960007065089368e+20,1.5357919101745596e+22,2.574936267909637e+19,0.8333886871958965,0.0003545646004217865
mpp,275.0,0.6568986532249594,1.418402450356626e-10,1.2894567730514783e-05,102466259490.57625,1.1953555600414137e+20,1.5357919101745596e+22,2.579727877083493e+19,0.8333883339223932,0.00041176165166023176
mpp,275.0,0.6568986532249594,1.6219486642243818e-10,1.474498785658529e-05,102719800482.46284,1.194690223457525e+20,1.5357919101745596e+22,2.5846716843786285e+19,0.8333879115568084,0.00047074890648254343
mpp,275.0,0.6568986532249594,1.8319553390006016e-10,1.6654139445460014e-05,102981663330.74881,1.1940040746613108e+20,1.5357919101745596e+22,2.589772525389724e+19,0.8333874144789649,0.0005315815674738598
mpp,275.0,0.6568986532249594,2.0486275007947086e-10,1.8623886370860987e-05,103252130033.71484,1.1932964730380817e+20,1.5357919101745596e+22,2.5950353893033808e+19,0.8333868366973236,0.0005943164862404226
mpp,275.0,0.6568986532249594,2.2721766807037856e-10,2.065615164276169e-05,103531492710.0026,1.1925667589467845e+20,1.5357919101745596e+22,2.600465423763813e+19,0.8333861718272603,0.0006590122092621235
mpp,275.0,0.6568986532249594,2.5028211210015303e-10,2.2752919281832096e-05,103820053996.95525,1.1918142532021941e+20,1.5357919101745596e+22,2.6060679398863053e+19,0.8333854130682267,0.0007257290247454605
mpp,275.0,0.6568986532249594,2.7407859880196337e-10,2.4916236254723945e-05,104118127466.9513,1.1910382565458865e+20,1.5357919101745596e+22,2.61184841743116e+19,0.8333845531797544,0.0007945290105794486
mpp,275.0,0.6568986532249594,2.986303591691053e-10,2.7148214469918663e-05,104426038062.3697,1.190238049106732e+20,1.5357919101745596e+22,2.617812510136676e+19,0.8333835844562522,0.0008654760833331115
mpp,275.0,0.6568986532249594,3.239613612005532e-10,2.9451032836413926e-05,104744122550.18558,1.1894128898508456e+20,1.5357919101745596e+22,2.623966051217255e+19,0.8333824987005537,0.000938636048311357
mpp,275.0,0.6568986532249594,3.5009633327559573e-10,3.182693938869052e-05,105072729997.43042,1.1885620160206453e+20,1.5357919101745596e+22,2.6303150590344745e+19,0.8333812871961634,0.0010140766507196325
mpp,275.0,0.6568986532249594,3.770607882569443e-10,3.427825347790403e-05,105412222268.31027,1.1876846425641594e+20,1.5357919101745596e+22,2.636865742942434e+19,0.8333799406781606,0.001091867627873016
mpp,275.0,0.6568986532249594,4.048810483650578e-10,3.680736803318707e-05,105762974544.36337,1.1867799615531364e+20,1.5357919101745596e+22,2.6436245093133423e+19,0.8333784493027065,0.0011720807625068923
mpp,275.0,0.6568986532249594,4.335842708358961e-10,3.9416751894172375e-05,106125375868.74808,1.1858471415912374e+20,1.5357919101745596e+22,2.6505979677486486e+19,0.8333768026151117,0.0012547899371541458
mpp,275.0,0.6568986532249594,4.631984743932449e-10,4.210895221756772e-05,106499829716.00946,1.1848853272124177e+20,1.5357919101745596e+22,2.657792937481413e+19,0.8333749895164165,0.0013400711896042455
mpp,275.0,0.6568986532249594,4.937525665545395e-10,4.488659695950359e-05,106886754588.62666,1.1838936382698453e+20,1.5357919101745596e+22,2.6652164539741135e+19,0.8333729982284315,0.0014280027694198911
mpp,275.0,0.6568986532249594,5.252763718117115e-10,4.775239743742832e-05,107286584641.97298,1.1828711693154271e+20,1.5357919101745596e+22,2.672875775721257e+19,0.8333708162571983,0.001518665195547239
mpp,275.0,0.6568986532249594,5.578006606901109e-10,5.0709150971828265e-05,107699770338.92787,1.18181698897126e+20,1.5357919101745596e+22,2.680778391256386e+19,0.8333684303548233,0.0016121413149399729
mpp,275.0,0.6568986532249594,5.91357179736185e-10,5.375974361238045e-05,108126779136.06525,1.1807301392911678e+20,1.5357919101745596e+22,2.6889320263718617e+19,0.833365826479635,0.0017085163622493533
mpp,275.0,0.6568986532249594,6.259786824534542e-10,5.690715295031401e-05,108568096203.023,1.179609635114641e+20,1.5357919101745596e+22,2.6973446515572613e+19,0.8333629897546284,0.0018078780205371147
mpp,275.0,0.6568986532249594,6.61698961216095e-10,6.0154451019645006e-05,109024225176.90492,1.1784544634135377e+20,1.5357919101745596e+22,2.706024489662352e+19,0.8333599044241508,0.0019103164829903701
mpp,275.0,0.6568986532249594,6.985528801894402e-10,6.350480728994912e-05,109495688953.63972,1.1772635826325281e+20,1.5357919101745596e+22,2.7149800237899596e+19,0.8333565538087898,0.0020159245156115215
mpp,275.0,0.6568986532249594,7.365764092976956e-10,6.696149175433597e-05,109983030518.49368,1.1760359220237065e+20,1.5357919101745596e+22,2.724220005427333e+19,0.8333529202584322,0.0021247975208811237
mpp,275.0,0.6568986532249594,7.758066592602475e-10,7.052787811456795e-05,110486813817.80046,1.1747703809743295e+20,1.5357919101745596e+22,2.733753462813415e+19,0.8333489851034503,0.0022370336023304917
mpp,275.0,0.6568986532249594,8.162819177441882e-10,7.420744706765348e-05,111007624674.43756,1.1734658283305447e+20,1.5357919101745596e+22,2.743589709557286e+19,0.8333447286039943,0.0023527336300288282
mpp,275.0,0.6568986532249594,8.580416866495465e-10,7.800378969541333e-05,111546071749.3073,1.1721211017184595e+20,1.5357919101745596e+22,2.7537383535082037e+19,0.8333401298973616,0.002472001306892838
mpp,275.0,0.6568986532249594,9.011267205821794e-10,8.19206109620163e-05,112102787551.73978,1.1707350068638951e+20,1.5357919101745596e+22,2.764209305890624e+19,0.8333351669434186,0.0025949432358288505
mpp,275.0,0.6568986532249594,9.455790665399698e-10,8.596173332181545e-05,112678429501.4808,1.1693063169086087e+20,1.5357919101745596e+22,2.775012790697201e+19,0.8333298164680603,0.002721668987625092
mpp,275.0,0.6568986532249594,9.914421048550782e-10,9.013110044137074e-05,113273681045.36343,1.1678337717267664e+20,1.5357919101745596e+22,2.7861593543543206e+19,0.8333240539046991,0.002852291169551763
mpp,275.0,0.6568986532249594,1.0387605914276564e-09,9.443278103887787e-05,113889252831.79202,1.1663160772444434e+20,1.5357919101745596e+22,2.797659875666249e+19,0.833317853333771,0.0029869254945962685
mpp,275.0,0.6568986532249594,1.0875807012974414e-09,9.887097284522195e-05,114525883946.55287,1.1647519047633997e+20,1.5357919101745596e+22,2.809525576045531e+19,0.8333111874202689,0.0031256908512824117
mpp,275.0,0.6568986532249594,1.1379500735910763e-09,0.00010345000669009785,115184343213.52818,1.1631398902859799e+20,1.5357919101745596e+22,2.821768030022339e+19,0.8333040273493066,0.003268709373987638
mpp,275.0,0.6568986532249594,1.1899178578885228e-09,0.00010817435071713843,115865430564.19705,1.1614786338481807e+20,1.5357919101745596e+22,2.8343991760494227e+19,0.8332963427597359,0.003416106513677223
mpp,275.0,0.6568986532249594,1.243534762056797e-09,0.0001130486147324361,116569978480.11888,1.1597666988645068e+20,1.5357919101745596e+22,2.8474313276141003e+19,0.8332881016758391,0.0035680111089767047
mpp,275.0,0.6568986532249594,1.2988531015943882e-09,0.00011807755469039893,117298853512.76505,1.158002611480362e+20,1.5357919101745596e+22,2.860877184644715e+19,0.8332792704371395,0.003724555457478014
mpp,275.0,0.6568986532249594,1.3559268505321519e-09,0.00012326607732110473,118052957885.3924,1.156184859936829e+20,1.5357919101745596e+22,2.8747498452220625e+19,0.8332698136263736,0.003885875387169163
mpp,275.0,0.6568986532249594,1.4148116939419752e-09,0.00012861924490381593,118833231182.01768,1.1543118939564456e+20,1.5357919101745596e+22,2.889062817615042e+19,0.8332596939956869,0.004052110327879769
mpp,275.0,0.6568986532249594,1.475565082107555e-09,0.0001341422801915959,119640652128.89774,1.1523821241440924e+20,1.5357919101745596e+22,2.903830032624939e+19,0.8332488723911221,0.004223403382629446
mpp,275.0,0.6568986532249594,1.5382462863975932e-09,0.0001398405714906903,120476240474.09279,1.150393921407966e+20,1.5357919101745596e+22,2.9190658562418717e+19,0.8332373076754908,0.004399901398712101
mpp,275.0,0.6568986532249594,1.602916456910408e-09,0.0001457196779009462,121341058971.43613,1.1483456164124333e+20,1.5357919101745596e+22,2.9347851026431717e+19,0.8332249566497223,0.004581755038415039
mpp,275.0,0.6568986532249594,1.6696386819333165e-09,0.00015178533472121059,122236215475.27695,1.1462354990528263e+20,1.5357919101745596e+22,2.9510030474979705e+19,0.8332117739728091,0.004769118849183697
mpp,275.0,0.6568986532249594,1.738478049276626e-09,0.00015804345902514783,123162865153.02423,1.1440618179649502e+20,1.5357919101745596e+22,2.967735441603111e+19,0.8331977120804807,0.0049621513330728685
mpp,275.0,0.6568986532249594,1.8095017095494103e-09,0.00016450015541358276,124122212823.06691,1.1418227800757718e+20,1.5357919101745596e+22,2.984998524860122e+19,0.8331827211027482,0.005161015015328648
mpp,275.0,0.6568986532249594,1.8827789414216367e-09,0.00017116172194742152,125115515425.83385,1.1395165501860046e+20,1.5357919101745596e+22,3.0028090405529424e+19,0.8331667487804973,0.00536587651186397
mpp,275.0,0.6568986532249594,1.958381218950811e-09,0.00017803465626825554,126144084636.75392,1.1371412506094353e+20,1.5357919101745596e+22,3.021184249982602e+19,0.8331497403813078,0.005576906595466319
mpp,275.0,0.6568986532249594,2.0363822810287035e-09,0.00018512566191170032,127209289630.11798,1.1346949608540597e+20,1.5357919101745596e+22,3.0401419474016862e+19,0.8331316386147073,0.005794280260493272
mpp,275.0,0.6568986532249594,2.1168582030189895e-09,0.00019244165481990816,128312560003.69516,1.1321757173655885e+20,1.5357919101745596e+22,3.0597004752866456e+19,0.8331123835470897,0.006018176785834271
mpp,275.0,0.6568986532249594,2.199887470647477e-09,0.00019998977005886154,129455388874.46301,1.1295815133314276e+20,1.5357919101745596e+22,3.079878739921158e+19,0.8330919125165459,0.006248779795870473
mpp,275.0,0.6568986532249594,2.285551056227353e-09,0.00020777736874794117,130639336156.84212,1.1269102985518829e+20,1.5357919101745596e+22,3.1006962272893776e+19,0.8330701600478774,0.00648627731920066
mpp,275.0,0.6568986532249594,2.3739324972774643e-09,0.00021581204520704222,131866032035.226,1.1241599793903634e+20,1.5357919101745596e+22,3.122173019281243e+19,0.8330470577680941,0.0067308618448108
mpp,275.0,0.6568986532249594,2.4651179776252194e-09,0.00022410163432956542,133137180643.90327,1.1213284188012225e+20,1.5357919101745596e+22,3.144329810182447e+19,0.8330225343227086,0.006982730375434841
mpp,275.0,0.6568986532249594,2.5591964110509015e-09,0.00023265421918644558,134454563967.88503,1.1184134364523636e+20,1.5357919101745596e+22,3.1671879234578158e+19,0.8329965152931835,0.007242084477733872
mpp,275.0,0.6568986532249594,2.656259527577809e-09,0.0002414781388707099,135820045979.7643,1.1154128089424357e+20,1.5357919101745596e+22,3.1907693288005652e+19,0.8329689231158899,0.007509130329027819
mpp,275.0,0.6568986532249594,2.756401962466237e-09,0.00025058199658783975,137235577028.11267,1.1123242701254597e+20,1.5357919101745596e+22,3.215096659434686e+19,0.8329396770029871,0.007784078760159997
mpp,275.0,0.6568986532249594,2.8597213480120453e-09,0.00025997466800109503,138703198494.66602,1.1091455115540254e+20,1.5357919101745596e+22,3.2401932296652743e+19,0.8329086928656385,0.00806714529416678
mpp,275.0,0.6568986532249594,2.9663184082353023e-09,0.00026966530983957293,140225047738.50882,1.1058741830406724e+20,1.5357919101745596e+22,3.2660830526250557e+19,0.8328758832400186,0.008358550180355322
mpp,275.0,0.6568986532249594,3.0762970565353374e-09,0.0002796633687759398,141803363346.6516,1.1025078933647566e+20,1.5357919101745596e+22,3.292790858239414e+19,0.8328411572165915,0.008658518423339888
mpp,275.0,0.6568986532249594,3.189764496423941e-09,0.00028997859058399467,143440490712.30127,1.0990442111154248e+20,1.5357919101745596e+22,3.3203421113296744e+19,0.8328044203731594,0.008967279806656202
mpp,275.0,0.6568986532249594,3.306831325422199e-09,0.0003006210295838363,145138887963.2592,1.0954806656975123e+20,1.5357919101745596e+22,3.348763029866089e+19,0.8327655747122199,0.009285068910472346
mpp,275.0,0.6568986532249594,3.427611642213779e-09,0.00031160105838307084,146901132264.61243,1.0918147485077722e+20,1.5357919101745596e+22,3.3780806033207456e+19,0.8327245186031874,0.009612125122905987
mpp,275.0,0.6568986532249594,3.552223157170686e-09,0.00032292937792460785,148729926521.98337,1.0880439142871296e+20,1.5357919101745596e+22,3.4083226110657176e+19,0.8326811467300631,0.009948692644490957
mpp,275.0,0.6568986532249594,3.680787306341249e-09,0.00033461702784920444,150628106513.1328,1.0841655826720319e+20,1.5357919101745596e+22,3.4395176407974978e+19,0.8326353500451663,0.010295020485234925
mpp,275.0,0.6568986532249594,3.813429369018795e-09,0.0003466753971835268,152598648478.15286,1.0801771399546973e+20,1.5357919101745596e+22,3.471695106931261e+19,0.8325870157295578,0.01065136245375755
mpp,275.0,0.6568986532249594,3.950278588993605e-09,0.00035911623536305504,154644677200.50897,1.0760759410623796e+20,1.5357919101745596e+22,3.5048852688950235e+19,0.832536027160816,0.011017977137925093
mpp,275.0,0.6568986532249594,4.091468299609047e-09,0.00037195166360082244,156769474613.8012,1.0718593117756788e+20,1.5357919101745596e+22,3.5391192492810117e+19,0.8324822638888435,0.011395127876416632
mpp,275.0,0.6568986532249594,4.2371360527360675e-09,0.0003851941866123698,158976488971.64633,1.0675245512000378e+20,1.5357919101745596e+22,3.5744290517837062e+19,0.8324256016204019,0.011783082720608462
mpp,275.0,0.6568986532249594,4.387423751783914e-09,0.0003988567047076286,161269344620.89886,1.0630689345060395e+20,1.5357919101745596e+22,3.6108475788486636e+19,0.8323659122130983,0.012182114386143469
mpp,275.0,0.6568986532249594,4.5424777888789516e-09,0.00041295252626172285,163651852421.63528,1.0584897159534654e+20,1.5357919101745596e+22,3.64840864894873e+19,0.8323030636795478,0.012592500193560023
mpp,275.0,0.6568986532249594,4.702449186337998e-09,0.00042749538057618164,166128020860.5516,1.0537841322175247e+20,1.5357919101745596e+22,3.687147013403352e+19,0.8322369202024643,0.013014521997311375
mpp,275.0,0.6568986532249594,4.8674937425619564e-09,0.0004424994311419961,168702067907.8637,1.048949406034696e+20,1.5357919101745596e+22,3.7270983726430724e+19,0.8321673421614334,0.013448466102476991
mpp,275.0,0.6568986532249594,5.03777218249446e-09,0.0004579792893176782,171378433671.92908,1.0439827501852143e+20,1.5357919101745596e+22,3.768299391812434e+19,0.8320941861721332,0.013894623168490508
mpp,275.0,0.6568986532249594,5.213450312782919e-09,0.0004739500284348108,174161793909.77432,1.0388813718302525e+20,1.5357919101745596e+22,3.810787715596904e+19,0.8320173051387649,0.01435328809916369
mpp,275.0,0.6568986532249594,5.394699181784867e-09,0.0004904271983440789,177057074456.2587,1.0336424772219986e+20,1.5357919101745596e+22,3.854601982146749e+19,0.8319365483204644,0.014824759918276325
mpp,275.0,0.6568986532249594,5.581695244568585e-09,0.0005074268404153259,180069466639.43536,1.0282632768048744e+20,1.5357919101745596e+22,3.8997818359623385e+19,0.8318517614124531,0.01530934162999584
mpp,275.0,0.6568986532249594,5.7746205330643226e-09,0.0005249655030058475,183204443755.0088,1.0227409907260239e+20,1.5357919101745596e+22,3.9463679395931275e+19,0.8317627866426812,0.015807340063389425
mpp,275.0,0.6568986532249594,5.973662831521231e-09,0.000543060257411021,186467778678.33588,1.0170728547732072e+20,1.5357919101745596e+22,3.994401983991208e+19,0.8316694628846993,0.0163190657002707
mpp,275.0,0.6568986532249594,6.179015857431192e-09,0.0005617287143119265,189865562698.53885,1.0112561267578675e+20,1.5357919101745596e+22,4.043926697345636e+19,0.8315716257874776,0.016844832485624277
mpp,275.0,0.6568986532249594,6.390879448088693e-09,0.0005809890407353357,193404225665.97995,1.0052880933605548e+20,1.5357919101745596e+22,4.094985852213041e+19,0.8314691079228638,0.01738495761986068
mpp,275.0,0.6568986532249594,6.609459752962621e-09,0.0006008599775420564,197090557551.46347,9.991660774551334e+19,1.5357919101745596e+22,4.1476242707454984e+19,0.8313617389513372,0.01793976133216334
mpp,275.0,0.6568986532249594,6.83496943204237e-09,0.0006213608574583973,200931731522.9548,9.928874459278187e+19,1.5357919101745596e+22,4.201887827797787e+19,0.8312493458066896,0.018509566634151646
mpp,275.0,0.6568986532249594,7.067627860364078e-09,0.0006425116236694617,204935328654.5309,9.864496180053947e+19,1.5357919101745596e+22,4.257823451693065e+19,0.831131752900196,0.01909469905319524
mpp,275.0,0.6568986532249594,7.30766133887939e-09,0.0006643328489890354,209109364390.42227,9.798500741065022e+19,1.5357919101745596e+22,4.315479122395888e+19,0.8310087823448172,0.019695486344610224
mpp,275.0,0.6568986532249594,7.555303311878037e-09,0.0006868457556252761,213462316897.40973,9.730863652248712e+19,1.5357919101745596e+22,4.374903866827811e+19,0.8308802541998838,0.02031225818210319
mpp,275.0,0.6568986532249594,7.810794591152303e-09,0.0007100722355593003,218003157448.83292,9.661561228557658e+19,1.5357919101745596e+22,4.436147751051413e+19,0.8307459867366745,0.020945345825787127
mpp,275.0,0.6568986532249594,8.074383587114653e-09,0.0007340348715558775,222741382994.99277,9.590570694751271e+19,1.5357919101745596e+22,4.499261869042335e+19,0.8306057967251997,0.021595081767175273
mpp,275.0,0.6568986532249594,8.346326547068184e-09,0.0007587569588243803,227687051086.59006,9.517870295708995e+19,1.5357919101745596e+22,4.564298327712598e+19,0.8304594997424423,0.02226179935056041
mpp,275.0,0.6568986532249594,8.62688780086257e-09,0.0007842625273511428,232850817331.46805,9.443439412271777e+19,1.5357919101745596e+22,4.6313102278576546e+19,0.8303069105021927,0.022945832370306698
mpp,275.0,0.6568986532249594,8.916340014136991e-09,0.0008105763649215447,238243975578.3602,9.367258682687524e+19,1.5357919101745596e+22,4.700351640720736e+19,0.830147843206537,0.02364751464354991
mpp,275.0,0.6568986532249594,9.214964449395513e-09,0.0008377240408541375,243878501037.27628,9.289310129418168e+19,1.5357919101745596e+22,4.771477579731079e+19,0.8299821119189297,0.024367179557964424
mpp,275.0,0.6568986532249594,9.523051235139635e-09,0.0008657319304672395,249767096562.1292,9.209577291402315e+19,1.5357919101745596e+22,4.844743967128669e+19,0.829809530958679,0.025105159594267117
mpp,275.0,0.6568986532249594,9.840899643304701e-09,0.0008946272403004274,255923242339.13943,9.128045361407631e+19,1.5357919101745596e+22,4.920207594975775e+19,0.8296299153165362,0.025861785823254105
mpp,275.0,0.6568986532249594,1.0168818375244415e-08,0.0009244380341131286,262361249243.45914,9.044701328459245e+19,1.5357919101745596e+22,4.9979260802399986e+19,0.8294430810909523,0.02663738737724239
mpp,275.0,0.6568986532249594,1.050712585652297e-08,0.0009551932596839063,269096316147.17685,8.95953412487033e+19,1.5357919101745596e+22,5.0779578134159565e+19,0.8292488459444218,0.027432290895916818
mpp,275.0,0.6568986532249594,1.0856150540770048e-08,0.0009869227764336408,276144591483.6664,8.87253477769711e+19,1.5357919101745596e+22,5.160361900321635e+19,0.829047029579179,0.028246819946675064
mpp,275.0,0.6568986532249594,1.1216231222873463e-08,0.0010196573838975875,283523239397.26855,8.783696564117751e+19,1.5357919101745596e+22,5.24519809656427e+19,0.8288374542313571,0.029081294419722535
mpp,275.0,0.6568986532249594,1.1587717361786653e-08,0.001053428851071514,291250510832.74255,8.693015170244072e+19,1.5357919101745596e+22,5.3325267342011695e+19,0.8286199451825548,0.02993602989829798
mpp,275.0,0.6568986532249594,1.1970969413231335e-08,0.0010882699466573942,299345819946.2099,8.60048885284111e+19,1.5357919101745596e+22,5.4224086401344635e+19,0.8283943312875778,0.030811337004552047
mpp,275.0,0.6568986532249594,1.2366359172584106e-08,0.0011242144702349188,307829826248.86914,8.506118603274515e+19,1.5357919101745596e+22,5.514905045735803e+19,0.828160445516957,0.03170752072176645
mpp,275.0,0.6568986532249594,1.2774270128259657e-08,0.0011612972843872416,316724522926.58673,8.409908312938181e+19,1.5357919101745596e+22,5.610077487204895e+19,0.8279181255126457,0.03262487969381088
mpp,275.0,0.6568986532249594,1.3195097825883073e-08,0.001199554347807552,326053331811.8831,8.311864939329747e+19,1.5357919101745596e+22,5.707987696161999e+19,0.8276672141551296,0.033563705502854514
mpp,275.0,0.6568986532249594,1.3629250243573032e-08,0.0012390227494157302,335841205521.52673,8.211998671845283e+19,1.5357919101745596e+22,5.808697479981162e+19,0.8274075601399826,0.03452428192659147
mpp,275.0,0.6568986532249594,1.4077148178667454e-08,0.001279740743515223,346114737311.8577,8.11032309625808e+19,1.5357919101745596e+22,5.912268591371318e+19,0.827139018561715,0.03550688417644481
mpp,275.0,0.6568986532249594,1.4539225646207298e-08,0.0013217477860188453,356902279245.1198,8.006855356756181e+19,1.5357919101745596e+22,6.018762586720298e+19,0.8268614515025792,0.036511778118371765
mpp,275.0,0.6568986532249594,1.501593028953513e-08,0.0013650845717759208,368234069305.10583,7.901616314309452e+19,1.5357919101745596e+22,6.128240672736522e+19,0.8265747286237987,0.037539219478183
mpp,275.0,0.6568986532249594,1.55077238033528e-08,0.001409793073032073,380142368147.5958,7.794630700046307e+19,1.5357919101745596e+22,6.240763540941647e+19,0.8262787277565139,0.038589453033467516
mpp,275.0,0.6568986532249594,1.6015082369593702e-08,0.001455916579053973,392661606221.6321,7.685927262218566e+19,1.5357919101745596e+22,6.356391189587366e+19,0.8259733354895613,0.03966271179444914
mpp,275.0,0.6568986532249594,1.6538497106481364e-08,0.0015034997369528513,405828542051.8772,7.575538905248983e+19,1.5357919101745596e+22,6.475182732605842e+19,0.8256584477510307,0.04075921617634991
mpp,275.0,0.6568986532249594,1.7078474531153074e-08,0.0015525885937411887,419682432529.68567,7.463502819282169e+19,1.5357919101745596e+22,6.597196195248665e+19,0.8253339703803914,0.04187917316606356
mpp,275.0,0.6568986532249594,1.7635537036227667e-08,0.0016032306396570606,434265216121.38983,7.34986059860399e+19,1.5357919101745596e+22,6.7224882961296605e+19,0.8249998196878418,0.04302277548615732
mpp,275.0,0.6568986532249594,1.8210223380721703e-08,0.001655474852792882,449621709967.53076,7.234658347138803e+19,1.5357919101745596e+22,6.851114215360694e+19,0.8246559229974004,0.044190200759482545
mpp,275.0,0.6568986532249594,1.8803089195716493e-08,0.0017093717450651358,465799821915.2107,7.117946769355475e+19,1.5357919101745596e+22,6.983127348678778e+19,0.8243022191701549,0.045381610677874155
mpp,275.0,0.6568986532249594,1.9414707505186866e-08,0.0017649734095624425,482850778598.61896,6.999781244713751e+19,1.5357919101745596e+22,7.118579047384971e+19,0.8239386591040065,0.04659715017863209
mpp,275.0,0.6568986532249594,2.0045669262421574e-08,0.001822333569311052,500829370759.91895,6.880221883879794e+19,1.5357919101745596e+22,7.257518344100629e+19,0.8235652062061732,0.04783694663270012
mpp,275.0,0.6568986532249594,2.069658390247253e-08,0.0018815076274975029,519794217083.9427,6.759333564880259e+19,1.5357919101745596e+22,7.39999166436918e+19,0.8231818368346943,0.049101109048639714
mpp,275.0,0.6568986532249594,2.1368079911068928e-08,0.0019425527191880843,539808047905.4825,6.637185947478802e+19,1.5357919101745596e+22,7.546042524317563e+19,0.8227885407051712,0.05038972729664607
mpp,275.0,0.6568986532249594,2.2060805410459572e-08,0.002005527764587234,560938010238.5583,6.5138534639798665e+19,1.5357919101745596e+22,7.695711214563977e+19,0.8223853212590114,0.05170287135703642
mpp,275.0,0.6568986532249594,2.2775428762647043e-08,0.002070493523877004,583255995671.3906,6.389415284902843e+19,1.5357919101745596e+22,7.849034470839615e+19,0.8219721959895052,0.05304059059774519
mpp,275.0,0.6568986532249594,2.351263919048374e-08,0.00213751265368034,606838992769.903,6.263955257977597e+19,1.5357919101745596e+22,8.006045131812024e+19,0.8215491967221722,0.054402913085450734
mpp,275.0,0.6568986532249594,2.4273147417125106e-08,0.0022066497651931916,631769465736.7255,6.137561819076533e+19,1.5357919101745596e+22,8.16677178476446e+19,0.8211163698459504,0.05578984493505091
mpp,275.0,0.6568986532249594,2.5057686324324814e-08,0.0022779714840295284,658135761180.3584,6.010327873891629e+19,1.5357919101745596e+22,8.331238399947206e+19,0.8206737764919942,0.05720136970219631
mpp,275.0,0.6568986532249594,2.586701163008731e-08,0.002351546511826119,686032544962.5007,5.8823506493557015e+19,1.5357919101745596e+22,8.499463954572765e+19,0.820221492657055,0.05863744782361979
mpp,275.0,0.6568986532249594,2.670190258619126e-08,0.002427445689653751,715561271208.3147,5.753731514040712e+19,1.5357919101745596e+22,8.671462047580242e+19,0.8197596092687022,0.060098016109930416
mpp,275.0,0.6568986532249594,2.7563162696108976e-08,0.0025057420632826344,746830685685.8358,5.62457576703432e+19,1.5357919101745596e+22,8.847240506473021e+19,0.8192882321899361,0.061582987295451266
mpp,275.0,0.6568986532249594,2.84516204538629e-08,0.002586510950351173,779957365886.3014,5.494992395088555e+19,1.5357919101745596e+22,9.026800987711894e+19,0.8188074821611001,0.06309224964955411
mpp,275.0,0.6568986532249594,2.9368130104358903e-08,0.002669830009487173,815066300266.1458,5.365093798159413e+19,1.5357919101745596e+22,9.21013857233248e+19,0.8183174946773892,0.06462566665374156
mpp,275.0,0.6568986532249594,3.031357242576549e-08,0.0027557793114332263,852291509244.9022,5.2349954837890154e+19,1.5357919101745596e+22,9.397241358633283e+19,0.8178184198006656,0.06618307674852934
mpp,275.0,0.6568986532249594,3.12888555344934e-08,0.0028444414122266726,891776710688.4266,5.1048157311451595e+19,1.5357919101745596e+22,9.588090053957707e+19,0.8173104219047683,0.06776429315386033
mpp,275.0,0.6568986532249594,3.2294915713363566e-08,0.0029359014284875973,933676032746.6796,4.974675225919297e+19,1.5357919101745596e+22,9.782657567803777e+19,0.8167936793539775,0.06936910376649574
mpp,275.0,0.6568986532249594,3.3332718263538116e-08,0.0030302471148671017,978154777055.8918,4.8446966676814725e+19,1.5357919101745596e+22,9.980908608701792e+19,0.8162683841148209,0.07099727113741648
mpp,275.0,0.6568986532249594,3.44032583808237e-08,0.0031275689437112453,1025390235459.0144,4.7150043516023235e+19,1.5357919101745596e+22,1.018279928733308e+20,0.8157347413019378,0.07264853253188934
mpp,275.0,0.6568986532249594,3.550756205694139e-08,0.0032279601869946717,1075572563542.3083,4.585723726966365e+19,1.5357919101745596e+22,1.0388276728774907e+20,0.8151929686592704,0.07432260007435189
mpp,275.0,0.6568986532249594,3.664668700637741e-08,0.0033315170005797645,1128905714431.5698,4.456980935139152e+19,1.5357919101745596e+22,1.059727869665572e+20,0.8146432959784147,0.07601916097978598
mpp,275.0,0.6568986532249594,3.7821723619446636e-08,0.003438338510858785,1185608436437.892,4.328902330113084e+19,1.5357919101745596e+22,1.0809733232369513e+20,0.8140859644565083,0.07773787787272596
mpp,275.0,0.6568986532249594,3.9033795942180146e-08,0.003548526903834559,1245915338285.9905,4.201613984994983e+19,1.5357919101745596e+22,1.1025558312409262e+20,0.8135212259966085,0.07947838919443603
mpp,275.0,0.6568986532249594,4.0284062683698775e-08,0.0036621875166998885,1310078025804.67,4.0752411881956975e+19,1.5357919101745596e+22,1.1244661527247177e+20,0.812949342454026,0.0812403096982614
mpp,275.0,0.6568986532249594,4.157371825168804e-08,0.00377942893197164,1378366314097.273,3.94990793322307e+19,1.5357919101745596e+22,1.1466939784960895e+20,0.8123705848326258,0.08302323103246644
mpp,275.0,0.6568986532249594,4.290399381665122e-08,0.00390036307424102,1451069519352.0364,3.825736406287404e+19,1.5357919101745596e+22,1.1692279043129816e+20,0.8117852324355639,0.08482672240932694
mpp,275.0,0.6568986532249594,4.4276158405582135e-08,0.004025105309598376,1528497834584.881,3.70284647603676e+19,1.5357919101745596e+22,1.1920554072417038e+20,0.8111935719754022,0.08665033135855403
mpp,275.0,0.6568986532249594,4.5691520025717855e-08,0.0041537745477925325,1610983793738.6128,3.5813551898413404e+19,1.5357919101745596e+22,1.2151628255250792e+20,0.8105958966489422,0.0884935845625185
mpp,275.0,0.6568986532249594,4.715142681904483e-08,0.0042864933471858935,1698883828687.8093,3.461376281089391e+19,1.5357919101745596e+22,1.2385353423000897e+20,0.8099925051824569,0.0903559887701386
mpp,275.0,0.6568986532249594,4.865726824822575e-08,0.004423388022565977,1792579923817.3496,3.343019691933741e+19,1.5357919101745596e+22,1.2621569734969618e+20,0.8093837008533188,0.09223703178567955
mpp,275.0,0.6568986532249594,5.021047631461167e-08,0.0045645887558737885,1892481372953.819,3.2263911158272516e+19,1.5357919101745596e+22,1.2860105602379927e+20,0.8087697904942395,0.09413618352813355
mpp,275.0,0.6568986532249594,5.1812526809014605e-08,0.0047102297099104184,1999026643534.0269,3.1115915640272273e+19,1.5357919101745596e+22,1.3100777660388067e+20,0.8081510834865083,0.0960528971563198
mpp,275.0,0.6568986532249594,5.3464940595922046e-08,0.004860449145083823,2112685352990.4883,2.998716960024026e+19,1.5357919101745596e+22,1.3343390790945538e+20,0.807527890748708,0.09798661025435135
mpp,275.0,0.6568986532249594,5.516928493180878e-08,0.005015389539255344,2233960362419.508,2.8878577655643415e+19,1.5357919101745596e+22,1.3587738199087206e+20,0.8069005237274168,0.09993674607163212
mpp,275.0,0.6568986532249594,5.692717481823145e-08,0.005175197710748314,2363389992676.327,2.7790986415932445e+19,1.5357919101745596e+22,1.3833601544940375e+20,0.8062692933963487,0.1019027148111895
mpp,275.0,0.6568986532249594,5.8740274390359504e-08,0.005340024944578137,2501550368107.398,2.672518147045865e+19,1.5357919101745596e+22,1.4080751133412447e+20,0.8056345092702698,0.10388391495977396
mpp,275.0,0.6568986532249594,6.061029834160731e-08,0.0055100271219643004,2649057893188.93,2.5681884779786486e+19,1.5357919101745596e+22,1.4328946163165053e+20,0.8049964784398334,0.10587973465290282
mpp,275.0,0.6568986532249594,6.253901338502271e-08,0.005685364853183883,2806571867387.346,2.466175249049319e+19,1.5357919101745596e+22,1.4577935036044573e+20,0.8043555046332159,0.10788955306781291
mpp,275.0,0.6568986532249594,6.452823975206651e-08,0.005866203613824228,2974797243594.9546,2.3665373188547555e+19,1.5357919101745596e+22,1.4827455727732962e+20,0.803711887310123,0.1099127418371371
mpp,275.0,0.6568986532249594,6.657985272942628e-08,0.006052713884493299,3154487535523.3867,2.2693266601105342e+19,1.5357919101745596e+22,1.507723621990729e+20,0.8030659207933489,0.11194866647607395
mpp,275.0,0.6568986532249594,6.869578423447609e-08,0.006245071294043281,3346447879456.3857,2.1745882751283003e+19,1.5357919101745596e+22,1.532699499373946e+20,0.8024178934426478,0.11399668781580402
mpp,275.0,0.6568986532249594,7.087802442999102e-08,0.006443456766362821,3551538255777.1763,2.082360156501487e+19,1.5357919101745596e+22,1.5576441583966673e+20,0.8017680868752031,0.11605616343599698
mpp,275.0,0.6568986532249594,7.312862337869174e-08,0.006648056670790159,3770676875690.3936,1.992673292403245e+19,1.5357919101745596e+22,1.5825277192309562e+20,0.8011167752364773,0.11812644908938022
mpp,275.0,0.6568986532249594,7.544969273820284e-08,0.006859062976200259,4004843738564.9736,1.905551715408447e+19,1.5357919101745596e+22,1.6073195358585507e+20,0.8004642245246807,0.12020690011158147
mpp,275.0,0.6568986532249594,7.784340749694441e-08,0.007076673408813128,4255084365320.859,1.8210125932514679e+19,1.5357919101745596e+22,1.631988268710033e+20,0.7998106919715594,0.12229687280968861
mpp,275.0,0.6568986532249594,8.031200775148666e-08,0.007301091613771515,4522513713288.778,1.7390663595220085e+19,1.5357919101745596e+22,1.656501962557979e+20,0.7991564254816255,0.12439572582333758
mpp,275.0,0.6568986532249594,8.285780052584041e-08,0.007532527320530946,4808320277976.767,1.659716881913601e+19,1.5357919101745596e+22,1.6808281293457896e+20,0.7985016631314031,0.12650282145249495
mpp,275.0,0.6568986532249594,8.548316163314407e-08,0.007771196512104006,5113770387194.951,1.5829616652575674e+19,1.5357919101745596e+22,1.704933835550934e+20,0.7978466327296968,0.1286175269465497
mpp,275.0,0.6568986532249594,8.81905375801531e-08,0.008017321598195737,5440212693018.869,1.5087920863476976e+19,1.5357919101745596e+22,1.7287857936942658e+20,0.7971915514393538,0.13073921574977973
mpp,275.0,0.6568986532249594,9.098244751490158e-08,0.00827113159226378,5789082867119.954,1.4371936572586238e+19,1.5357919101745596e+22,1.7523504575010957e+20,0.7965366254604762,0.1328672686987646
mpp,275.0,0.6568986532249594,9.38614852178688e-08,0.008532862292533527,6161908505069.022,1.3681463137461445e+19,1.5357919101745596e+22,1.7755941202466485e+20,0.7958820497745374,0.13500107516784682
mpp,275.0,0.6568986532249594,9.683032113691836e-08,0.008802756466992578,6560314245324.231,1.3016247251470137e+19,1.5357919101745596e+22,1.798483015731324e+20,0.7952280079484212,0.13714003415927467
mpp,275.0,0.6568986532249594,9.989170446622597e-08,0.00908106404238418,6986027108766.904,1.2375986221758278e+19,1.5357919101745596e+22,1.820983421354581e+20,0.7945746719969703,0.139283555335219
mpp,275.0,0.6568986532249594,1.030484652693735e-07,0.009368042297215773,7440882064852.688,1.1760331389710119e+19,1.5357919101745596e+22,1.8430617626907604e+20,0.7939222023022642,0.14143105998942748
mpp,275.0,0.6568986532249594,1.0630351664667048e-07,0.009663956058788226,7926827830705.892,1.1168891658213908e+19,1.5357919101745596e+22,1.8646847190029356e+20,0.7932707475875301,0.14358198195680025
mpp,275.0,0.6568986532249594,1.0965985694675306e-07,0.009969077904250279,8445932909834.13,1.0601237090574135e+19,1.5357919101745596e+22,1.885819329071731e+20,0.7926204449432976,0.14573576845976094
mpp,275.0,0.6568986532249594,1.131205720223829e-07,0.010283688365671173,9000391877565.062,1.005690254764995e+19,1.5357919101745596e+22,1.906433096774619e+20,0.7919714199031944,0.14789188089079303
mpp,275.0,0.6568986532249594,1.1668883753031101e-07,0.010608076139119182,9592531920851.717,9.535391331060558e+18,1.5357919101745596e+22,1.9264940957878954e+20,0.7913237865665942,0.15004979553104308
mpp,275.0,0.6568986532249594,1.2036792127497026e-07,0.010942538297724569,10224819640754.54,9.036178802783067e+18,1.5357919101745596e+22,1.945971072871861e+20,0.7906776477652023,0.15220900420537412
mpp,275.0,0.6568986532249594,1.241611855956522e-07,0.011287380508695655,10899868126717.035,8.558715953284238e+18,1.5357919101745596e+22,1.9648335491360063e+20,0.7900330952705857,0.1543690148747058
mpp,275.0,0.6568986532249594,1.2807208979674554e-07,0.011642917254249596,11620444312738.758,8.10243289323303e+18,1.5357919101745596e+22,1.9830519187841915e+20,0.789390210039612,0.15652935216692404
mpp,275.0,0.6568986532249594,1.3210419262045697e-07,0.01200947205640518,12389476626715.998,7.666742246111043e+18,1.5357919101745596e+22,2.0005975447985475e+20,0.7887490624947786,0.1586895578480117
mpp,275.0,0.6568986532249594,1.3626115476134353e-07,0.012387377705576685,13210062945627.752,7.251042421999196e+18,1.5357919101745596e+22,2.0174428511060653e+20,0.7881097128364603,0.1608491912354294
mpp,275.0,0.6568986532249594,1.4054674142183642e-07,0.012776976492894221,14085478870901.611,6.85472075543502e+18,1.5357919101745596e+22,2.0335614107825072e+20,0.787472211384187,0.16300782955608653
mpp,275.0,0.6568986532249594,1.4496482490780489e-07,0.01317862044616408,15019186340249.406,6.477156492979e+18,1.5357919101745596e+22,2.04892802988888e+20,0.7868365989441858,0.16516506825153116
mpp,275.0,0.6568986532249594,1.4951938726302417e-07,0.013592671569365833,16014842594547.887,6.117723618917942e+18,1.5357919101745596e+22,2.0635188266101608e+20,0.7862029072005795,0.16732052123321633
mpp,275.0,0.6568986532249594,1.542145229413025e-07,0.014019502085572955,17076309521022.652,5.77579350992701e+18,1.5357919101745596e+22,2.0773113053567156e+20,0.7855711591278036,0.16947382109093317
mpp,275.0,0.6568986532249594,1.5905444151477943e-07,0.014459494683161767,18207663397086.746,5.450737412240026e+18,1.5357919101745596e+22,2.0902844256150402e+20,0.7849413694220114,0.17162461925763825
mpp,275.0,0.6568986532249594,1.6404347041678602e-07,0.014913042765162365,19413205062794.105,5.141928736914152e+18,1.5357919101745596e+22,2.1024186652937693e+20,0.7843135449494625,0.17377258613406604
mpp,275.0,0.6568986532249594,1.6918605771739475e-07,0.015380550701581341,20697470554009.57,4.848745171209532e+18,1.5357919101745596e+22,2.1136960784567334e+20,0.7836876852101247,0.17591741117658724
mpp,275.0,0.6568986532249594,1.744867749296319e-07,0.01586243408451199,22065242233185.92,4.5705706058144707e+18,1.5357919101745596e+22,2.1241003472931488e+20,0.7830637828149813,0.17805880295186519
mpp,275.0,0.6568986532249594,1.7995031984405312e-07,0.016359119985823012,23521560460108.55,4.306796879644276e+18,1.5357919101745596e+22,2.1336168283081785e+20,0.7824418239757961,0.18019648916187697
mpp,275.0,0.6568986532249594,1.855815193891665e-07,0.016871047217196955,25071735851249.95,4.0568253453327457e+18,1.5357919101745596e+22,2.1422325926923036e+20,0.78182178900637,0.18233021664288243
mpp,275.0,0.6568986532249594,1.9138533251492623e-07,0.01739866659226602,26721362183538.78,3.8200682600604104e+18,1.5357919101745596e+22,2.1499364609387027e+20,0.7812036528346009,0.18445975134190062
mpp,275.0,0.6568986532249594,1.9736685309624657e-07,0.01794244119056787,28476330006509.516,3.5959500074164864e+18,1.5357919101745596e+22,2.1567190317649415e+20,0.7805873855249553,0.1865848782742078
mpp,275.0,0.6568986532249594,2.0353131285319847e-07,0.018502846623018043,30342841036085.504,3.3839081570848425e+18,1.5357919101745596e+22,2.1625727054919867e+20,0.7799729528112433,0.18870540146530204
mpp,275.0,0.6568986532249594,2.0988408428425337e-07,0.019080371298568488,32327423413781.258,3.183394369842502e+18,1.5357919101745596e+22,2.1674917020174562e+20,0.7793603166398925,0.19082114388069452
mpp,275.0,0.6568986532249594,2.1643068360860024e-07,0.01967551669169093,34436947927043.383,2.9938751560919716e+18,1.5357919101745596e+22,2.171472073616595e+20,0.7787494357242115,0.19293194734677627
mpp,275.0,0.6568986532249594,2.2317677371326033e-07,0.020288797610296394,36678645299976.09,2.814832496499458e+18,1.5357919101745596e+22,2.1745117127683136e+20,0.7781402661104305,0.19503767246589834
mpp,275.0,0.6568986532249594,2.301281671003057e-07,0.020920742463664155,39060124678930.445,2.645764333754838e+18,1.5357919101745596e+22,2.176610355314406e+20,0.7775327617566158,0.1971381985286469
mpp,275.0,0.6568986532249594,2.372908288291805e-07,0.0215718935299255,41589393454689.89,2.486184944516231e+18,1.5357919101745596e+22,2.1777695791951236e+20,0.7769268751258446,0.1992334234261692
mpp,275.0,0.6568986532249594,2.446708794486748e-07,0.022242807222606797,44274878582375.09,2.335625200797546e+18,1.5357919101745596e+22,2.1779927991224526e+20,0.7763225577953472,0.20132326356522717
mpp,275.0,0.6568986532249594,2.522745979127007e-07,0.022934054355700062,47125449582051.695,2.1936327298967342e+18,1.5357919101745596e+22,2.1772852574856964e+20,0.7757197610836145,0.20340765378849085
mpp,275.0,0.6568986532249594,2.601084244735974e-07,0.023646220406690677,50150443427623.27,2.059771981907246e+18,1.5357919101745596e+22,2.1756540118631334e+20,0.7751184366977891,0.20548654730240812
mpp,275.0,0.6568986532249594,2.6817896354620375e-07,0.024379905776927613,53359691559217.01,1.9336242136059535e+18,1.5357919101745596e+22,2.173107919502911e+20,0.7745185374039669,0.20755991561479073
mpp,275.0,0.6568986532249594,2.7649298653549316e-07,0.025135726048681195,56763549285341.87,1.8147873972139715e+18,1.5357919101745596e+22,2.1696576191280818e+20,0.7739200177233521,0.20962774848407129
mpp,275.0,0.6568986532249594,2.850574346200175e-07,0.025914312238183412,60372927875938.29,1.7028760622415488e+18,1.5357919101745596e+22,2.165315510480071e+20,0.7733228346575348,0.21169005388197099
mpp,275.0,0.6568986532249594,2.9387942148292916e-07,0.026716311043902652,64194977094722.94,1.5975218812085573e+18,1.5357919101745596e+22,2.159950367327014e+20,0.7727253575943035,0.21374685797112158
mpp,275.0,0.6568986532249594,3.029662359817677e-07,0.02754238508925161,68226785261383.65,1.4983743544772536e+18,1.5357919101745596e+22,2.153134441038142e+20,0.7721226687294149,0.21579820506499645
mpp,275.0,0.6568986532249594,3.12325344747639e-07,0.028393213158876274,72477241664070.33,1.4050962200620872e+18,1.5357919101745596e+22,2.1448831143372692e+20,0.77151464426129,0.2178441575170463
mpp,275.0,0.6568986532249594,3.2196439470382796e-07,0.029269490427620726,76955444054395.31,1.3173656295152504e+18,1.5357919101745596e+22,2.135214868823601e+20,0.7709011603852712,0.21988479571557618
mpp,275.0,0.6568986532249594,3.318912154932562e-07,0.030171928681205107,81670696588301.33,1.2348757630477896e+18,1.5357919101745596e+22,2.1241512370102796e+20,0.7702820940189181,0.22192021809228285
mpp,275.0,0.6568986532249594,3.4211382180356256e-07,0.0311012565275966,86632508088508.42,1.1573344180342938e+18,1.5357919101745596e+22,2.1117167501981814e+20,0.7696573236066105,0.22395054114421745
mpp,275.0,0.6568986532249594,3.5264041557793443e-07,0.03205821959799404,91850590790151.45,1.0844635760456191e+18,1.5357919101745596e+22,2.0979388826648812e+20,0.7690267300119549,0.22597589946862986
mpp,275.0,0.6568986532249594,3.6347938809909277e-07,0.033043580736281164,97334859752157.69,1.0159989531154646e+18,1.5357919101745596e+22,2.0828479926138434e+20,0.7683901975072875,0.22799644580981984
mpp,275.0,0.6568986532249594,3.74639321933195e-07,0.034058120175745,103095433139193.23,9.516895375228797e+17,1.5357919101745596e+22,2.066477260301497e+20,0.7677476148704316,0.23001235111679572
mpp,275.0,0.6568986532249594,3.8612899271962657e-07,0.035102635701784235,109142633602448.17,8.912971189522618e+17,1.5357919101745596e+22,2.0488626237050447e+20,0.7670988765997767,0.2320238046101801
mpp,275.0,0.6568986532249594,3.9795737079193217e-07,0.03617794279926656,115486991012251.16,8.345958124968795e+17,1.5357919101745596e+22,2.030042712047568e+20,0.7664438842597243,0.23403101385644287
mpp,275.0,0.6568986532249594,4.1013362261439735e-07,0.03728487478312703,122139246821391.0,7.813715805972407e+17,1.5357919101745596e+22,2.0100587774516848e+20,0.7657825479695697,0.2360342048471665
mpp,275.0,0.6568986532249594,4.2266711201795267e-07,0.03842428291072297,129110360365049.08,7.314217556537315e+17,1.5357919101745596e+22,1.9889546249504398e+20,0.765114788049968,0.23803362208064852
mpp,275.0,0.6568986532249594,4.3556740121832605e-07,0.03959703647439328,136411517431420.16,6.84554565717495e+17,1.5357919101745596e+22,1.96677654103126e+20,0.764440536842261,0.24002952864274654
mpp,275.0,0.6568986532249594,4.4884425159851984e-07,0.040804022872592716,144054141466301.5,6.405886653551191e+17,1.5357919101745596e+22,1.943573220843706e+20,0.7637597407170894,0.2420222062834441
mpp,275.0,0.6568986532249594,4.625076242368779e-07,0.04204614765789799,152049907805376.0,5.993526734952444e+17,1.5357919101745596e+22,1.9193956941593893e+20,0.7630723622899139,0.24401195548518456
mpp,275.0,0.6568986532249594,4.765676801611914e-07,0.04332433456010831,160410761359123.12,5.6068471980083846e+17,1.5357919101745596e+22,1.894297250128687e+20,0.762378382862233,0.2459990955185759
mpp,275.0,0.6568986532249594,4.910347803083952e-07,0.04463952548258138,169148938207589.62,5.244320008691538e+17,1.5357919101745596e+22,1.8683333608450792e+20,0.7616778051084653,0.24798396448060445
mpp,275.0,0.6568986532249594,5.059194851686406e-07,0.045992680469876424,178276991595993.7,4.904503473389354e+17,1.5357919101745596e+22,1.8415616036956383e+20,0.7609706560295538,0.24996691931004272
mpp,275.0,0.6568986532249594,5.212325540916164e-07,0.0473847776446924,187807822856660.44,4.5860380278440435e+17,1.5357919101745596e+22,1.8140415824521016e+20,0.7602569901953621,0.25194833577425574
mpp,275.0,0.6568986532249594,5.369849442321835e-07,0.04881681311201669,197754717817936.88,4.2876421509442925e+17,1.5357919101745596e+22,1.7858348470318973e+20,0.7595368932987752,0.25392860842114356
mpp,275.0,0.6568986532249594,5.531878091115703e-07,0.05028980082832457,208131389298977.97,4.0081084087304205e+17,1.5357919101745596e+22,1.75700481186165e+20,0.7588104860450331,0.25590815048948984
mpp,275.0,0.6568986532249594,5.698524967695082e-07,0.05180477243359166,218952026326880.0,3.746299632529562e+17,1.5357919101745596e+22,1.7276166727656522e+20,0.7580779284001175,0.25788739377051645
mpp,275.0,0.6568986532249594,5.869905474819483e-07,0.05336277704381348,230231350753343.12,3.501145233855251e+17,1.5357919101745596e+22,1.69773732231724e+20,0.7573394242218822,0.25986678841300614
mpp,275.0,0.6568986532249594,6.0461369101819e-07,0.05496488100165364,241984681991359.3,3.271637657582712e+17,1.5357919101745596e+22,1.667435263621737e+20,0.756595226296898,0.26184680266391863
mpp,275.0,0.6568986532249594,6.227338434105047e-07,0.056612167582773154,254228010635646.1,3.056828973929502e+17,1.5357919101745596e+22,1.636780522524212e+20,0.755845641804544,0.263827922536028
mpp,275.0,0.6568986532249594,6.413631032086649e-07,0.058305736655333174,266978081781262.97,2.855827608923017e+17,1.5357919101745596e+22,1.6058445583085365e+20,0.7550910382274791,0.2658106513937467
mpp,275.0,0.6568986532249594,6.605137471910994e-07,0.06004670429009995,280252488903581.66,2.6677952123124538e+17,1.5357919101745596e+22,1.574700173003102e+20,0.7543318497240593,0.26779550944798247
mpp,275.0,0.6568986532249594,6.80198225503809e-07,0.0618362023185281,294069779222008.1,2.491943661270737e+17,1.5357919101745596e+22,1.5434214195180588e+20,0.7535685839732156,0.26978303315061436
mpp,275.0,0.6568986532249594,7.004291561976294e-07,0.06367537783614813,308449571528789.0,2.3275321977225843e+17,1.5357919101745596e+22,1.5120835089298706e+20,0.7528018294954726,0.27177377447898327
mpp,275.0,0.6568986532249594,7.212193191339467e-07,0.06556539264854061,323412687533162.6,2.1738646967192205e+17,1.5357919101745596e+22,1.4807627173663025e+20,0.7520322634447597,0.2737683001006769
mpp,275.0,0.6568986532249594,7.425816492286187e-07,0.06750742265714715,338981297846801.1,2.0302870629476243e+17,1.5357919101745596e+22,1.4495362930952698e+20,0.7512606598540551,0.2757671904088753
mpp,275.0,0.6568986532249594,7.645292290034978e-07,0.06950265718213616,355179083817510.44,1.8961847522058506e+17,1.5357919101745596e+22,1.4184823645817197e+20,0.7504878983032169,0.27777103841860457
mpp,275.0,0.6568986532249594,7.870752804148289e-07,0.07155229821952991,372031416515312.3,1.7709804144850595e+17,1.5357919101745596e+22,1.3876798504869475e+20,0.7497149729591246,0.279780448514456
mpp,275.0,0.6568986532249594,8.10233155927669e-07,0.0736575596297881,389565554277300.44,1.654131655167297e+17,1.5357919101745596e+22,1.3572083727903536e+20,0.74894300191598,0.28179603504066747
mpp,275.0,0.6568986532249594,8.34016328805534e-07,0.07581966625504855,407810860335704.44,1.5451289107667862e+17,1.5357919101745596e+22,1.3271481744561188e+20,0.7481732367368142,0.2838184207249432
mpp,275.0,0.6568986532249594,8.584383825846971e-07,0.0780398529622452,426799042188074.1,1.4434934356040534e+17,1.5357919101745596e+22,1.297580043339972e+20,0.747407072065538,0.2858482349280342
mpp,275.0,0.6568986532249594,8.835129997028664e-07,0.08031936360935149,446564414514862.2,1.3487753958001275e+17,1.5357919101745596e+22,1.2685852443093062e+20,0.746646055141982,0.28788611171190726
mpp,275.0,0.6568986532249594,9.092539492525114e-07,0.08265944993204649,467144187615973.3,1.2605520670044848e+17,1.5357919101745596e+22,1.240245461861283e+20,0.7458918950102503,0.2899326877203166
mpp,275.0,0.6568986532249594,9.356750738297962e-07,0.0850613703481633,488578783523857.75,1.1784261323187314e+17,1.5357919101745596e+22,1.212642755855752e+20,0.7451464711636444,0.2919885998667631
mpp,275.0,0.6568986532249594,9.627902754509441e-07,0.08752638867735857,510912182156199.9,1.1020240769426333e+17,1.5357919101745596e+22,1.1858595333282438e+20,0.744411841318131,0.29405448282618074
mpp,275.0,0.6568986532249594,9.906135005090058e-07,0.09005577277354598,534192300096263.44,1.0309946761431782e+17,1.5357919101745596e+22,1.1599785397103873e+20,0.7436902479521613,0.2961309663282411
mpp,275.0,0.6568986532249594,1.0191587237452651e-06,0.09265079306775137,558471404837786.0,9.650075732253626e+16,1.5357919101745596e+22,1.1350828731678202e+20,0.7429841231956938,0.29821867225189636
mpp,275.0,0.6568986532249594,1.0484399312111567e-06,0.09531272101919608,583806567600494.8,9.037519442602277e+16,1.5357919101745596e+22,1.1112560261573542e+20,0.7422960915985242,0.30031821152270094
mpp,275.0,0.6568986532249594,1.0784711021983284e-06,0.09804282747257531,610260158112492.2,8.469352463944016e+16,1.5357919101745596e+22,1.0885819587033686e+20,0.7416289702615586,0.3024301808165326
mpp,275.0,0.6568986532249594,1.1092661901166052e-06,0.10084238091969139,637900385061905.5,7.942820466258808e+16,1.5357919101745596e+22,1.0671452082937838e+20,0.7409857657796265,0.3045551590755783
mpp,275.0,0.6568986532249594,1.140839102302004e-06,0.10371264566381855,666801886243581.9,7.455329279790565e+16,1.5357919101745596e+22,1.0470310417042983e+20,0.7403696674270397,0.30669370384482464
mpp,275.0,0.6568986532249594,1.1732036787395748e-06,0.10665487988541589,697046372758358.1,7.00443470034134e+16,1.5357919101745596e+22,1.0283256544475172e+20,0.7397840360245436,0.3088463474397796
mpp,275.0,0.6568986532249594,1.2063736696888767e-06,0.1096703336080797,728723331958260.4,6.587833007820374e+16,1.5357919101745596e+22,1.0111164239389134e+20,0.7392323879661351,0.3110135929587233
mpp,275.0,0.6568986532249594,1.2403627122032033e-06,0.11276024656392758,761930794158544.5,6.203352167602688e+16,1.5357919101745596e+22,9.954922228327567e+19,0.7387183739639265,0.31319591015540743
mpp,275.0,0.6568986532249594,1.275184305537256e-06,0.11592584595793237,796776168445591.6,5.84894368398061e+16,1.5357919101745596e+22,9.815437993298105e+19,0.7382457521951921,0.3153937311907521
mpp,275.0,0.6568986532249594,1.3108517854420548e-06,0.1191683441310959,833377153184452.9,5.5226750744632904e+16,1.5357919101745596e+22,9.693642315686132e+19,0.7378183557120128,0.31760744628470844
mpp,275.0,0.6568986532249594,1.3473782973500965e-06,0.12248893612273604,871862727048648.0,5.222722933054275e+16,1.5357919101745596e+22,9.590494634917298e+19,0.7374400542010597,0.31983739929199506
mpp,275.0,0.6568986532249594,1.384776768458562e-06,0.12588879713259654,912374226536987.4,4.947366549830197e+16,1.5357919101745596e+22,9.506989298032884e+19,0.7371147104544759,0.32208388322786613
mpp,275.0,0.6568986532249594,1.4230598787233641e-06,0.1293690798839422,955066515969779.4,4.6949820532923336e+16,1.5357919101745596e+22,9.44416277800442e+19,0.7368461322219062,0.3243471357723723
mpp,275.0,0.6568986532249594,1.462240030782253e-06,0.13293091188929573,1000109255843537.8,4.464037041081847e+16,1.5357919101745596e+22,9.403101939616173e+19,0.7366380204410558,0.3266273347836994
mpp,275.0,0.6568986532249594,1.5023293188310152e-06,0.13657539262100138,1047688275125512.1,4.253085663819005e+16,1.5357919101745596e+22,9.38495343194271e+19,0.7364939151658139,0.3289245938530959
mpp,275.0,0.6568986532249594,1.5433394964828389e-06,0.140303590589349,1098007052533241.2,4.060764126122891e+16,1.5357919101745596e+22,9.39093428565956e+19,0.7364171407978581,0.33123895793557395
mpp,275.0,0.6568986532249594,1.585281943647488e-06,0.14411654033158983,1151288311005524.0,3.8857865683619176e+16,1.5357919101745596e+22,9.422343791407582e+19,0.7364107524480568,0.33357039909201047
mpp,275.0,0.6568986532249594,1.6281676324736676e-06,0.14801523931578797,1207775728389154.5,3.726941292461514e+16,1.5357919101745596e+22,9.480576732231438e+19,0.7364774853773578,0.33591881237943017
mpp,275.0,0.6568986532249594,1.6720070924050911e-06,0.1520006447640992,1267735765750418.5,3.5830872952080836e+16,1.5357919101745596e+22,9.56713803826283e+19,0.736619709468213,0.338284011927149
mpp,275.0,0.6568986532249594,1.7168103744082338e-06,0.15607367040074854,1331459612562858.5,3.453151073011724e+16,1.5357919101745596e+22,9.683658924864219e+19,0.7368393905419093,0.3406657272370834
mpp,275.0,0.6568986532249594,1.762587014437358e-06,0.16023518313066892,1399265245324737.0,3.336123663045585e+16,1.5357919101745596e+22,9.831914566693257e+19,0.7371380600631801,0.34306359974689377
mpp,275.0,0.6568986532249594,1.8093459962104148e-06,0.16448599965549227,1471499592701752.8,3.2310578871002292e+16,1.5357919101745596e+22,1.0013843348148006e+20,0.7375167943753752,0.3454771796947638
mpp,275.0,0.6568986532249594,1.857095713377516e-06,0.16882688303431964,1548540796107569.5,3.137065766362668e+16,1.5357919101745596e+22,1.0231567715886676e+20,0.7379762041167713,0.34790592332451764
mpp,275.0,0.6568986532249594,1.9058439311719748e-06,0.17325853919745227,1630800549532327.0,3.053316077626267e+16,1.5357919101745596e+22,1.048741664015246e+20,0.7385164339230403,0.35034919046948776
mpp,275.0,0.6568986532249594,1.9555977476423834e-06,0.17778161342203486,1718726496401533.2,2.979032024108461e+16,1.5357919101745596e+22,1.0783949668352508e+20,0.7391371719714319,0.352806242553078
mpp,275.0,0.6568986532249594,2.0063635545726346e-06,0.1823966867793304,1812804654141954.0,2.913488997002555e+16,1.5357919101745596e+22,1.1123982525257074e+20,0.7398376684185298,0.3552762410433401
mpp,275.0,0.6568986532249594,2.0581469982053558e-06,0.18710427256412326,1913561829021573.2,2.856012407072642e+16,1.5357919101745596e+22,1.1510614179356757e+20,0.7406167613693282,0.3577582463981126
mpp,275.0,0.6568986532249594,2.110952939892684e-06,0.19190481271751675,2021567974531233.2,2.805975568855004e+16,1.5357919101745596e+22,1.1947255252055915e+20,0.7414729087231885,0.36025121753636197
mpp,275.0,0.6568986532249594,2.164785416806599e-06,0.19679867425514536,2137438436305004.0,2.762797623306793e+16,1.5357919101745596e+22,1.2437657595909865e+20,0.7424042240893236,0.3627540118703022
mpp,275.0,0.6568986532249594,2.2196476028493208e-06,0.20178614571357462,2261836015301172.5,2.725941487911376e+16,1.5357919101745596e+22,1.2985944808204137e+20,0.7434085149521364,0.3652653859316434
mpp,275.0,0.6568986532249594,2.2755417699120383e-06,0.20686743362836713,2395472768882559.0,2.6949118262303236e+16,1.5357919101745596e+22,1.3596643376283843e+20,0.744483321381666,0.3677839966238706
mpp,275.0,0.6568986532249594,2.3324692496379275e-06,0.2120426590579934,2539111456855770.5,2.669253031605059e+16,1.5357919101745596e+22,1.4274714070923472e+20,0.7456259538019865,0.3703084031307507
mpp,275.0,0.6568986532249594,2.390430395852468e-06,0.2173118541684062,2693566526778709.0,2.648547222115645e+16,1.5357919101745596e+22,1.5025583113312793e+20,0.746833528619219,0.3728370695092129
mpp,275.0,0.6568986532249594,2.449424547830708e-06,0.22267495889370076,2859704520447162.0,2.632412245921936e+16,1.5357919101745596e+22,1.5855172540214588e+20,0.7481030008372413,0.3753683679922649
mpp,275.0,0.6568986532249594,2.509449994577191e-06,0.22813181768883556,3038443772062354.5,2.620499697789927e+16,1.5357919101745596e+22,1.6769929081856236e+20,0.7494311931215587,0.3779005830245889
mpp,275.0,0.6568986532249594,2.5705039402994796e-06,0.2336821763908618,3230753258942697.0,2.6124929488640508e+16,1.5357919101745596e+22,1.777685074954013e+20,0.7508148210833951,0.3804319160497755
mpp,275.0,0.6568986532249594,2.632582471260859e-06,0.23932567920553266,3437650458695112.0,2.6081051926823628e+16,1.5357919101745596e+22,1.888351020796843e+20,0.7522505148269812,0.3829604910636934
mpp,275.0,0.6568986532249594,2.6956805242013664e-06,0.24506186583648787,3660198063551365.0,2.6070775110067428e+16,1.5357919101745596e+22,2.0098073884345847e+20,0.7537348370206405,0.3854843609430999
mpp,275.0,0.6568986532249594,2.7597918565189673e-06,0.2508901687744516,3899499404239299.5,2.6091769633407996e+16,1.5357919101745596e+22,2.1429315647634322e+20,0.755264297911005,0.3880015145521709
mpp,275.0,0.6568986532249594,2.8249090184044093e-06,0.2568099107640372,4156692443485649.0,2.6141947040633804e+16,1.5357919101745596e+22,2.2886623783006326e+20,0.7568353677997677,0.3905098846220467
mpp,275.0,0.6568986532249594,2.891023327123599e-06,0.26282030246578175,4432942214198533.0,2.6219441309709576e+16,1.5357919101745596e+22,2.4479999895916904e+20,0.7584444875485891,0.393007356389655
mpp,275.0,0.6568986532249594,2.9581248436407344e-06,0.26892044033097584,4729431600602612.0,2.632259068754747e+16,1.5357919101745596e+22,2.6220048315675682e+20,0.7600880776778516,0.3954917769719586
mpp,275.0,0.6568986532249594,3.026202351773268e-06,0.27510930470666073,5047350392980988.0,2.6449919905909276e+16,1.5357919101745596e+22,2.811795453938415e+20,0.7617625465883058,0.3979609654403523
mpp,275.0,0.6568986532249594,3.095243340066364e-06,0.2813857581878513,5387882588661155.0,2.6600122806495172e+16,1.5357919101745596e+22,3.018545127298539e+20,0.763464298371138,0.4004127235472801
mpp,275.0,0.6568986532249594,3.165233986569728e-06,0.2877485442336116,5752191963525916.0,2.6772045399741644e+16,1.5357919101745596e+22,3.24347706966262e+20,0.7651897405910792,0.4028448470433868
mpp,275.0,0.6568986532249594,3.2361591466932353e-06,0.2941962860630214,6141405999128630.0,2.6964669378885068e+16,1.5357919101745596e+22,3.487858171568472e+20,0.7669352923373143,0.4052551375088702
mpp,275.0,0.6568986532249594,3.3080023443101186e-06,0.30072748584637443,6556598319259327.0,2.7177096108854532e+16,1.5357919101745596e+22,3.7529911164512417e+20,0.7686973927453106,0.4076414146074738
mpp,275.0,0.6568986532249594,3.3807457662670037e-06,0.30734052420609126,6998769864279148.0,2.7408531108841612e+16,1.5357919101745596e+22,4.040204821112745e+20,0.770472510104813,0.4100015286561486
mpp,275.0,0.6568986532249594,3.4543702604492223e-06,0.3140336600408384,7468829109172337.0,2.7658269047725324e+16,1.5357919101745596e+22,4.350843157081835e+20,0.7722571515892916,0.41233337338831555
mpp,275.0,0.6568986532249594,3.528855337537518e-06,0.3208050306852289,7967571708461496.0,2.7925679273593424e+16,1.5357919101745596e+22,4.686251957366678e+20,0.7740478735728147,0.4146348987744402
mpp,275.0,0.6568986532249594,3.604179176578205e-06,0.32765265241620045,8495660023435258.0,2.8210191901643908e+16,1.5357919101745596e+22,5.0477643636582534e+20,0.7758412924431365,0.41690412375092406
mpp,275.0,0.6568986532249594,3.680318634473621e-06,0.33457442131578374,9053603050014758.0,2.851128448909167e+16,1.5357919101745596e+22,5.436684625406367e+20,0.7776340957753066,0.41913914869780866
mpp,275.0,0.6568986532249594,3.7572492594828904e-06,0.3415681144984446,9641737314294730.0,2.8828469330799068e+16,1.5357919101745596e+22,5.8542705226629317e+20,0.7794230536980636,0.42133816749813974
mpp,275.0,0.6568986532249594,3.834945308804896e-06,0.34863139170953605,1.0260209332537484e+16,2.916128141499137e+16,1.5357919101745596e+22,6.301714646878504e+20,0.7812050302649118,0.42349947900771484
mpp,275.0,0.6568986532249594,3.913379770296197e-06,0.3557617972996543,1.0908960239026892e+16,2.9509267083917484e+16,1.5357919101745596e+22,6.780124835170851e+20,0.7829769946319783,0.4256214977639111
mpp,275.0,0.6568986532249594,3.992524388356007e-06,0.3629567625778189,1.158771316581145e+16,2.9871973449639836e+16,1.5357919101745596e+22,7.29050411114674e+20,0.7847360318441355,0.42770276376680016
mpp,275.0,0.6568986532249594,4.072349693989162e-06,0.37021360854446933,1.2295963911200108e+16,3.0248938619073224e+16,1.5357919101745596e+22,7.833730535780812e+20,0.7864793530380986,0.4297419511751259
mpp,275.0,0.6568986532249594,4.152825039035608e-06,0.37752954900323704,1.3032975358858298e+16,3.063968278517091e+16,1.5357919101745596e+22,8.410537412115937e+20,0.7882043048848434,0.4317378757740169
mpp,275.0,0.6568986532249594,4.233918634532076e-06,0.3849016940483706,1.3797776008391092e+16,3.1043700241723772e+16,1.5357919101745596e+22,9.021494314657082e+20,0.7899083781124226,0.4336895010904159
mpp,275.0,0.6568986532249594,4.315597593148279e-06,0.39232705392257083,1.4589162855132288e+16,3.14604523773739e+16,1.5357919101745596e+22,9.66698942589288e+20,0.7915892149728638,0.43559594305576893
mpp,275.0,0.6568986532249594,4.397827975616047e-06,0.39980254323782244,1.5405708716998976e+16,3.188936169996428e+16,1.5357919101745596e+22,1.0347213656698209e+21,0.7932446155421823,0.4374564731429049
mpp,275.0,0.6568986532249594,4.480574841046197e-06,0.40732498554965424,1.6245773956649748e+16,3.2329806934848316e+16,1.5357919101745596e+22,1.1062147003517387e+21,0.7948725427696218,0.4392705199344511
mpp,275.0,0.6568986532249594,4.563802301004022e-06,0.4148911182730929,1.710752239561194e+16,3.2781119230302944e+16,1.5357919101745596e+22,1.18115475532489e+21,0.796471126220137,0.44103766911254183
mpp,275.0,0.6568986532249594,4.6474735771908545e-06,0.4224975979264413,1.798894107227278e+16,3.324257948994782e+16,1.5357919101745596e+22,1.2594943488139353e+21,0.79803866448201,0.4427576618928605
mpp,275.0,0.6568986532249594,4.731551062556339e-06,0.43014100568693997,1.888786336480332e+16,3.3713416836291724e+16,1.5357919101745596e+22,1.3411628369258141e+21,0.7995736262386243,0.4444303919589857
mpp,275.0,0.6568986532249594,4.8159963856436705e-06,0.4378178532403337,1.9801994890826508e+16,3.4192808191650864e+16,1.5357919101745596e+22,1.4260659891593601e+21,0.8010746500290974,0.44605590098436787
mpp,275.0,0.6568986532249594,4.900770477948971e-06,0.4455245889044519,2.0728941514700492e+16,3.4679878943381492e+16,1.5357919101745596e+22,1.514086221099687e+21,0.8025405427461654,0.44763437285789875
mpp,275.0,0.6568986532249594,4.985833644055812e-06,0.45325760400507387,2.166623874118166e+16,3.5173704640353516e+16,1.5357919101745596e+22,1.6050831844931081e+21,0.8039702769408786,0.4491661267539177
mpp,275.0,0.6568986532249594,5.071145634287101e-06,0.46101323948064554,2.2611381757218876e+16,3.567331364764621e+16,1.5357919101745596e+22,1.6988947052832655e+21,0.8053629870219134,0.45065160920779834
mpp,275.0,0.6568986532249594,5.156665719599517e-06,0.4687877926908652,2.356185539718625e+16,3.617769066739972e+16,1.5357919101745596e+22,1.795338050922304e+21,0.8067179644523685,0.45209138537336624
mpp,275.0,0.6568986532249594,5.242352768430057e-06,0.4765775244027325,2.4515163350544436e+16,3.668578101641712e+16,1.5357919101745596e+22,1.894211499881279e+21,0.8080346520585577,0.45348612964796364
mpp,275.0,0.6568986532249594,5.3281653251908174e-06,0.48437866592643797,2.5468856000515896e+16,3.7196495536273064e+16,1.5357919101745596e+22,1.9952961790988292e+21,0.8093126375735076,0.45483661585492097
mpp,275.0,0.6568986532249594,5.414061690096534e-06,0.4921874263724122,2.6420556371602684e+16,3.770871599993436e+16,1.5357919101745596e+22,2.0983581293132676e+21,0.8105516465426443,0.4561437071716761
mpp,275.0,0.6568986532249594,5.5e-06,0.5,2.7367983767068492e+16,3.82213008707724e+16,1.5357919101745596e+22,2.2031505540260257e+21,0.8117515347206464,0.45740834598520697
mpp,275.0,0.6568986532249594,5.585938309903469e-06,0.5078125736275881,2.8308974788260316e+16,3.873309126563791e+16,1.5357919101745596e+22,2.3094162053016584e+21,0.8129122800869212,0.45863154384539473
mpp,275.0,0.6568986532249594,5.671834674809185e-06,0.5156213340735623,2.9241501539601104e+16,3.9242916973590264e+16,1.5357919101745596e+22,2.416889858702935e+21,0.8140339746029168,0.45981437167213746
mpp,275.0,0.6568986532249594,5.757647231569949e-06,0.5234224755972681,3.0163686930478804e+16,3.97496023858565e+16,1.5357919101745596e+22,2.5253008302741725e+21,0.8151168158279203,0.460957950354322
mpp,275.0,0.6568986532249594,5.8433342804004825e-06,0.5312122073091348,3.107381708465086e+16,4.0251972200434504e+16,1.5357919101745596e+22,2.634375490557842e+21,0.8161610985015119,0.4620634418589707
mpp,275.0,0.6568986532249594,5.928854365712899e-06,0.5389867605193545,3.1970350953117836e+16,4.0748856776108936e+16,1.5357919101745596e+22,2.743839733743627e+21,0.8171672061908911,0.46313204094788535
mpp,275.0,0.6568986532249594,6.01416635594419e-06,0.5467423959949264,3.285192729832979e+16,4.123909702507216e+16,1.5357919101745596e+22,2.8534213642029687e+21,0.8181356030902945,0.46416496757768705
mpp,275.0,0.6568986532249594,6.099229522051031e-06,0.5544754110955483,3.3717369273361196e+16,4.172154875024997e+16,1.5357919101745596e+22,2.9628523674856136e+21,0.8190668260480987,0.465163460038028
mpp,275.0,0.6568986532249594,6.184003614356336e-06,0.5621821467596669,3.4565686858589436e+16,4.2195086352180424e+16,1.5357919101745596e+22,3.0718710380304846e+21,0.8199614768853257,0.4661287688625233
mpp,275.0,0.6568986532249594,6.26844893744366e-06,0.56985899431306,3.5396077442456036e+16,4.26586058503298e+16,1.5357919101745596e+22,3.1802239412537613e+21,0.8208202150574879,0.46706215152811387
mpp,275.0,0.6568986532249594,6.352526422809144e-06,0.5775024020735586,3.620792484386922e+16,4.311102718440301e+16,1.5357919101745596e+22,3.2876676931421513e+21,0.8216437507002876,0.4679648679414689
mpp,275.0,0.6568986532249594,6.4361976989959805e-06,0.5851088817269073,3.700079707064839e+16,4.355129578187698e+16,1.5357919101745596e+22,3.3939705455562137e+21,0.8224328380888908,0.46883817669591954
mpp,275.0,0.6568986532249594,6.5194251589538055e-06,0.592675014450346,3.777444309723229e+16,4.397838339831329e+16,1.5357919101745596e+22,3.498913770352071e+21,0.8231882695304598,0.4696833320693975
mpp,275.0,0.6568986532249594,6.602172024383959e-06,0.6001974567621781,3.85287889250253e+16,4.439128825634372e+16,1.5357919101745596e+22,3.602292839786145e+21,0.8239108697005062,0.47050158172296336
mpp,275.0,0.6568986532249594,6.684402406851721e-06,0.6076729460774292,3.926393316349294e+16,4.478903452740321e+16,1.5357919101745596e+22,3.703918404511241e+21,0.8246014904254918,0.4712941650506943
mpp,275.0,0.6568986532249594,6.766081365467923e-06,0.6150983059516294,3.998014234133587e+16,4.5170671216900344e+16,1.5357919101745596e+22,3.8036170737412415e+21,0.8252610059069636,0.4720623121248418
mpp,275.0,0.6568986532249594,6.847174960964395e-06,0.6224704509967632,4.0677846126577176e+16,4.553527052844038e+16,1.5357919101745596e+22,3.9012320048527835e+21,0.8258903083764024,0.47280724317510814
mpp,275.0,0.6568986532249594,6.92765030601084e-06,0.629786391455531,4.135763260365194e+16,4.588192579574833e+16,1.5357919101745596e+22,3.9966233118038305e+21,0.8264903041648092,0.4735301685374416
mpp,275.0,0.6568986532249594,7.0074756116439974e-06,0.6370432374221816,4.202024372589135e+16,4.620974908204686e+16,1.5357919101745596e+22,4.089668303324236e+21,0.8270619101668486,0.474232289005707
mpp,275.0,0.6568986532249594,7.086620229703803e-06,0.6442382027003457,4.266657103409045e+16,4.651786855570091e+16,1.5357919101745596e+22,4.1802615629052924e+21,0.8276060506759968,0.4749147965187686
mpp,275.0,0.6568986532249594,7.165054691195103e-06,0.651368608290464,4.329765170686615e+16,4.680542575792773e+16,1.5357919101745596e+22,4.268314883243425e+21,0.8281236545645676,0.4755788751157328
mpp,275.0,0.6568986532249594,7.242750740517112e-06,0.6584318855015556,4.391466498662452e+16,4.707157288329172e+16,1.5357919101745596e+22,4.3537570680288423e+21,0.8286156527805874,0.4762257020931698
mpp,275.0,0.6568986532249594,7.3196813655263815e-06,0.6654255786842165,4.4518929006956904e+16,4.731547019641598e+16,1.5357919101745596e+22,4.4365336139119707e+21,0.8290829761322348,0.47685644929993365
mpp,275.0,0.6568986532249594,7.3958208234218e-06,0.6723473475838,4.511189803262513e+16,4.753628370889543e+16,1.5357919101745596e+22,4.516606285141572e+21,0.8295265533298131,0.4774722845076017
mpp,275.0,0.6568986532249594,7.471144662462482e-06,0.6791949693147711,4.5695160111874216e+16,4.7733183238678024e+16,1.5357919101745596e+22,4.593952592781261e+21,0.8299473092549746,0.4780743727974646
mpp,275.0,0.6568986532249594,7.545629739550777e-06,0.6859663399591616,4.627043513355268e+16,4.790534097010286e+16,1.5357919101745596e+22,4.668565189746205e+21,0.8303461634270707,0.47866387790835546
mpp,275.0,0.6568986532249594,7.619254233732998e-06,0.692659475793909,4.6839573278235656e+16,4.805193062631096e+16,1.5357919101745596e+22,4.740451192204319e+21,0.8307240286370404,0.47924196349334747
mpp,275.0,0.6568986532249594,7.691997655689884e-06,0.6992725141536258,4.7404553849876664e+16,4.81721273568023e+16,1.5357919101745596e+22,4.809631436901205e+21,0.8310818097201242,0.47980979423745573
mpp,275.0,0.6568986532249594,7.763840853306769e-06,0.705803713936979,4.796748447720852e+16,4.826510843144146e+16,1.5357919101745596e+22,4.876139683234046e+21,0.8314204024399001,0.4803685367929134
mpp,275.0,0.6568986532249594,7.834766013430272e-06,0.7122514557663884,4.853060067908782e+16,4.8330054818247544e+16,1.5357919101745596e+22,4.940021768188443e+21,0.8317406924576649,0.48091936049335615
mpp,275.0,0.6568986532249594,7.904756659933636e-06,0.7186142418121487,4.909626579177595e+16,4.836615370588137e+16,1.5357919101745596e+22,5.001334721278457e+21,0.832043554363027,0.48146343781331113
mpp,275.0,0.6568986532249594,7.973797648226734e-06,0.7248906952933395,4.966697126683079e+16,4.837260201300764e+16,1.5357919101745596e+22,5.060145846278035e+21,0.8323298507437564,0.4820019445447537
mpp,275.0,0.6568986532249594,8.041875156359268e-06,0.7310795596690244,5.024533735563882e+16,4.834861090585897e+16,1.5357919101745596e+22,5.116531775825873e+21,0.8326004312754401,0.4825360596681221
mpp,275.0,0.6568986532249594,8.108976672876405e-06,0.7371796975342186,5.083411420636435e+16,4.829341132267643e+16,1.5357919101745596e+22,5.170577504569276e+21,0.8328561318143181,0.4830669649010588
mpp,275.0,0.6568986532249594,8.175090981595591e-06,0.7431900892359629,5.143618341152792e+16,4.8206260479608984e+16,1.5357919101745596e+22,5.22237540645126e+21,0.8330977734798264,0.4835958439142138
mpp,275.0,0.6568986532249594,8.240208143481032e-06,0.7491098312255484,5.205456005132435e+16,4.808644930759528e+16,1.5357919101745596e+22,5.272024241258687e+21,0.8333261617167818,0.4841238812096613
mpp,275.0,0.6568986532249594,8.304319475798637e-06,0.7549381341635124,5.269239529081021e+16,4.793331074424143e+16,1.5357919101745596e+22,5.319628155836847e+21,0.8335420853307872,0.4846522606637659
mpp,275.0,0.6568986532249594,8.367417528739142e-06,0.7606743207944675,5.335297959621988e+16,4.774622877933225e+16,1.5357919101745596e+22,5.365295685243726e+21,0.8337463154942165,0.48518216374260387
mpp,275.0,0.6568986532249594,8.429496059700524e-06,0.7663178236091386,5.403974664327707e+16,4.752464812797044e+16,1.5357919101745596e+22,5.409138759212025e+21,0.8339396047239465,0.4857147674042184
mpp,275.0,0.6568986532249594,8.490550005422808e-06,0.7718681823111644,5.4756277999018616e+16,4.72680843820826e+16,1.5357919101745596e+22,5.451271719658608e+21,0.8341226858357514,0.4862512417079403
mpp,275.0,0.6568986532249594,8.550575452169292e-06,0.7773250411062993,5.550630866115968e+16,4.697613446977137e+16,1.5357919101745596e+22,5.491810354883885e+21,0.834296270883792,0.48679274715665716
mpp,275.0,0.6568986532249594,8.609569604147534e-06,0.782688145831594,5.6293733543925016e+16,4.664848723339837e+16,1.5357919101745596e+22,5.53087095637158e+21,0.8344610500968164,0.4873404318031191
mpp,275.0,0.6568986532249594,8.667530750362075e-06,0.7879573409420069,5.7122615001903336e+16,4.628493392196055e+16,1.5357919101745596e+22,5.568569404227504e+21,0.8346176908254149,0.4878954281560645
mpp,275.0,0.6568986532249594,8.724458230087965e-06,0.7931325663716332,5.799719148272309e+16,4.588537838187283e+16,1.5357919101745596e+22,5.605020287134935e+21,0.8347668365168086,0.4884588499259901
mpp,275.0,0.6568986532249594,8.78035239715068e-06,0.7982138542864254,5.892188739977522e+16,4.544984672321116e+16,1.5357919101745596e+22,5.640336062671201e+21,0.8349091057351549,0.4890317886537214
mpp,275.0,0.6568986532249594,8.835214583193402e-06,0.8032013257448547,5.990132431479704e+16,4.497849623640343e+16,1.5357919101745596e+22,5.674626263595895e+21,0.8350450912461441,0.4896153102674688
mpp,275.0,0.6568986532249594,8.889047060107317e-06,0.8080951872824834,6.094033351800843e+16,4.447162333753179e+16,1.5357919101745596e+22,5.707996755351444e+21,0.8351753591847412,0.4902104516157277
mpp,275.0,0.6568986532249594,8.941853001794646e-06,0.8128957274358769,6.204397009078157e+16,4.392967032928576e+16,1.5357919101745596e+22,5.740549049515787e+21,0.8353004483242946,0.49081821702416467
mpp,275.0,0.6568986532249594,8.99363644542737e-06,0.8176033132206699,6.321752853364886e+16,4.335323077920688e+16,1.5357919101745596e+22,5.772379677397185e+21,0.835420869463961,0.4914395749245035
mpp,275.0,0.6568986532249594,9.044402252357615e-06,0.8222183865779651,6.446656004009808e+16,4.274305333725807e+16,1.5357919101745596e+22,5.803579627282521e+21,0.8355371049495123,0.49207545460239
mpp,275.0,0.6568986532249594,9.094156068828025e-06,0.8267414608025477,6.579689149477423e+16,4.210004384062711e+16,1.5357919101745596e+22,5.834233848106554e+21,0.8356496083402296,0.49272674310931064
mpp,275.0,0.6568986532249594,9.142904286622484e-06,0.8311731169656804,6.721464627356229e+16,4.142526558467106e+16,1.5357919101745596e+22,5.864420821522601e+21,0.8357588042318246,0.49339428238089883
mpp,275.0,0.6568986532249594,9.190654003789586e-06,0.8355140003445078,6.872626692276044e+16,4.071993767428088e+16,1.5357919101745596e+22,5.894212203534609e+21,0.8358650882422725,0.49407886660046907
mpp,275.0,0.6568986532249594,9.237412985562645e-06,0.8397648168693314,7.0338539795261736e+16,3.998543140887679e+16,1.5357919101745596e+22,5.923672536029042e+21,0.8359688271642282,0.4947812398424478
mpp,275.0,0.6568986532249594,9.283189625591765e-06,0.8439263295992514,7.205862172344114e+16,3.922326469562417e+16,1.5357919101745596e+22,5.952859027731053e+21,0.8360703592844071,0.4955020940256328
mpp,275.0,0.6568986532249594,9.32799290759491e-06,0.8479993552359009,7.389406881122594e+16,3.843509452809907e+16,1.5357919101745596e+22,5.981821403314591e+21,0.836169994867079,0.4962420672010102
mpp,275.0,0.6568986532249594,9.371832367526334e-06,0.8519847606842121,7.585286743259099e+16,3.762270761019383e+16,1.5357919101745596e+22,6.010601818713356e+21,0.8362680167957225,0.49700174219332915
mpp,275.0,0.6568986532249594,9.414718056352513e-06,0.8558834596684103,7.794346752844421e+16,3.678800924620138e+16,1.5357919101745596e+22,6.039234839954401e+21,0.8363646813640272,0.49778164560989063
mpp,275.0,0.6568986532249594,9.456660503517164e-06,0.8596964094106513,8.017481829962363e+16,3.5933010656388356e+16,1.5357919101745596e+22,6.067747482172084e+21,0.8364602192048557,0.49858224722419386
mpp,275.0,0.6568986532249594,9.497670681168985e-06,0.8634246073789986,8.255640640398395e+16,3.5059814911753536e+16,1.5357919101745596e+22,6.096159305144498e+21,0.8365548363435851,0.49940395973630736
mpp,275.0,0.6568986532249594,9.537759969217746e-06,0.8670690881107043,8.509829677028734e+16,3.417060171093253e+16,1.5357919101745596e+22,6.124482560937865e+21,0.8366487153604363,0.5002471389062432
mpp,275.0,0.6568986532249594,9.576940121276638e-06,0.870630920116058,8.781117615527923e+16,3.3267611245486364e+16,1.5357919101745596e+22,6.152722389203501e+21,0.8367420166450531,0.5011120840512876
mpp,275.0,0.6568986532249594,9.61522323154144e-06,0.8741112028674036,9.070639957688504e+16,3.2353127416317264e+16,1.5357919101745596e+22,6.180877055086808e+21,0.8368348797256668,0.5019990388933179
mpp,275.0,0.6568986532249594,9.652621702649905e-06,0.8775110638772642,9.379603977200816e+16,3.142946067357563e+16,1.5357919101745596e+22,6.208938224855976e+21,0.8369274246547234,0.502908192737667
mpp,275.0,0.6568986532249594,9.689148214557948e-06,0.8808316558689044,9.709293983539954e+16,3.049893075454699e+16,1.5357919101745596e+22,6.236891273935009e+21,0.8370197534328138,0.5038396819611748
mpp,275.0,0.6568986532249594,9.724815694462743e-06,0.8840741540420676,1.0061076921155445e+17,2.956384958940254e+16,1.5357919101745596e+22,6.264715622243707e+21,0.8371119514531159,0.5047935917837348
mpp,275.0,0.6568986532249594,9.759637287796798e-06,0.8872397534360725,1.0436408322421915e+17,2.8626504633080636e+16,1.5357919101745596e+22,6.292385091721148e+21,0.8372040889492918,0.505769958294938
mpp,275.0,0.6568986532249594,9.793626330311123e-06,0.8903296663919203,1.083683863412466e+17,2.7689142864296628e+16,1.5357919101745596e+22,6.319868281042907e+21,0.837296222430832,0.5067687707053545
mpp,275.0,0.6568986532249594,9.826796321260428e-06,0.8933451201145843,1.1264019938731802e+17,2.6753955669862164e+16,1.5357919101745596e+22,6.347128952748535e+21,0.8373883960911521,0.5077899737905788
mpp,275.0,0.6568986532249594,9.859160897697999e-06,0.8962873543361817,1.1719713093145464e+17,2.582306480566872e+16,1.5357919101745596e+22,6.374126428261131e+21,0.8374806431752693,0.5088334704953706
mpp,275.0,0.6568986532249594,9.890733809883394e-06,0.8991576190803086,1.2205795309095166e+17,2.4898509595585636e+16,1.5357919101745596e+22,6.40081598657615e+21,0.8375729872955483,0.509899124665038
mpp,275.0,0.6568986532249594,9.921528897801673e-06,0.9019571725274248,1.2724268200835896e+17,2.3982235497329996e+16,1.5357919101745596e+22,6.427149262739956e+21,0.8376654436857719,0.5109867638715683
mpp,275.0,0.6568986532249594,9.951560068788844e-06,0.904687278980804,1.3277266327302728e+17,2.307608413116777e+16,1.5357919101745596e+22,6.453074642602317e+21,0.837758020385578,0.5120961823028866
mpp,275.0,0.6568986532249594,9.980841276254737e-06,0.9073492069322489,1.3867066257388448e+17,2.218178483413994e+16,1.5357919101745596e+22,6.47853765072324e+21,0.8378507193490955,0.513227143684931
mpp,275.0,0.6568986532249594,1.0009386499490995e-05,0.9099442272264542,1.4496096188552102e+17,2.1300947770315996e+16,1.5357919101745596e+22,6.503481328736818e+21,0.837943537473326,0.5143793842079294
mpp,275.0,0.6568986532249594,1.0037209724549056e-05,0.9124736113226415,1.5166946150377472e+17,2.043505859716591e+16,1.5357919101745596e+22,6.527846601843373e+21,0.8380364675434615,0.5155526154302615
mpp,275.0,0.6568986532249594,1.0064324926170204e-05,0.9149386296518368,1.588237882610839e+17,1.9585474660244404e+16,1.5357919101745596e+22,6.55157263148725e+21,0.8381294990938292,0.5167465271355451
mpp,275.0,0.6568986532249594,1.009074605074749e-05,0.9173405500679536,1.664534102690638e+17,1.8753422663474204e+16,1.5357919101745596e+22,6.574597152798781e+21,0.8382226191845185,0.5179607901210016
mpp,275.0,0.6568986532249594,1.0116487000297136e-05,0.9196806363906487,1.745897585444609e+17,1.7939997740816788e+16,1.5357919101745596e+22,6.596856795528995e+21,0.8383158130949562,0.5191950588976973
mpp,275.0,0.6568986532249594,1.0141561617415305e-05,0.921960147037755,1.8326635589312906e+17,1.7146163837230292e+16,1.5357919101745596e+22,6.618287387784731e+21,0.838409064936723,0.5204489742858462
mpp,275.0,0.6568986532249594,1.0165983671194466e-05,0.9241803337449515,1.9251895343386208e+17,1.6372755292755978e+16,1.5357919101745596e+22,6.638824242022688e+21,0.8385023581887731,0.5217221658909438
mpp,275.0,0.6568986532249594,1.0189766844072332e-05,0.9263424403702121,2.0238567516019514e+17,1.5620479512947936e+16,1.5357919101745596e+22,6.658402423204362e+21,0.8385956761589185,0.523014254449047
mpp,275.0,0.6568986532249594,1.0212924719585172e-05,0.9284477017804702,2.1290717094292995e+17,1.4889920602011568e+16,1.5357919101745596e+22,6.676956999109812e+21,0.8386890023759681,0.5243248540319599
mpp,275.0,0.6568986532249594,1.0235470770996504e-05,0.930497342817864,2.241267783899546e+17,1.418154383136474e+16,1.5357919101745596e+22,6.694423273247803e+21,0.8387823209173069,0.5256535741054146
mpp,275.0,0.6568986532249594,1.0257418350771382e-05,0.932492577342853,2.3609069398330387e+17,1.3495700815528984e+16,1.5357919101745596e+22,6.710737000817904e+21,0.8388756166769412,0.5270000214355065
mpp,275.0,0.6568986532249594,1.0278780680866053e-05,0.9344346073514593,2.488481539194241e+17,1.283263526936417e+16,1.5357919101745596e+22,6.725834588464073e+21,0.8389688755791695,0.5283638018406545
mpp,275.0,0.6568986532249594,1.029957084380237e-05,0.9363246221638519,2.6245162508146576e+17,1.2192489224744226e+16,1.5357919101745596e+22,6.739653278664693e+21,0.8390620847430508,0.5297445217881668
mpp,275.0,0.6568986532249594,1.0319801774496192e-05,0.938163797681472,2.7695700657200106e+17,1.1575309590812786e+16,1.5357919101745596e+22,6.752131319693017e+21,0.8391552326027762,0.5311417898361235
mpp,275.0,0.6568986532249594,1.03394862528089e-05,0.9399532957099002,2.9242384223103405e+17,1.0981054949597344e+16,1.5357919101745596e+22,6.763208122228255e+21,0.8392483089889017,0.5325552179227127
mpp,275.0,0.6568986532249594,1.0358636896791337e-05,0.941694263344667,3.0891554455737734e+17,1.0409602487212974e+16,1.5357919101745596e+22,6.772824403677434e+21,0.839341305175188,0.5339844225063903
mpp,275.0,0.6568986532249594,1.0377266156589495e-05,0.9433878324172269,3.264996304403904e+17,9860754970339814.0,1.5357919101745596e+22,6.780922321347605e+21,0.8394342138955455,0.5354290255612749
mpp,275.0,0.6568986532249594,1.0395386308981809e-05,0.9450351189983464,3.452479690932725e+17,9334247687437722.0,1.5357919101745596e+22,6.787445595615727e+21,0.8395270293352909,0.5368886554330469
mpp,275.0,0.6568986532249594,1.0413009452518051e-05,0.9466372229561866,3.652370425579707e+17,8829755284103692.0,1.5357919101745596e+22,6.792339624231515e+21,0.8396197471006113,0.5383629475613134
mpp,275.0,0.6568986532249594,1.0430147503230494e-05,0.9481952275664085,3.865482191246789e+17,8346898431832803.0,1.5357919101745596e+22,6.795551588855764e+21,0.8397123641698101,0.5398515450749242
mpp,275.0,0.6568986532249594,1.044681219088843e-05,0.9497101991716755,4.0926803997509824e+17,7885250279051605.0,1.5357919101745596e+22,6.797030554909506e+21,0.8398048788295818,0.5413540992671069
mpp,275.0,0.6568986532249594,1.0463015055767816e-05,0.9511831868879833,4.334885193173105e+17,7444342642439831.0,1.5357919101745596e+22,6.796727565754214e+21,0.8398972905992332,0.5428702699575451
mpp,275.0,0.6568986532249594,1.0478767445908384e-05,0.9526152223553077,4.5930745823056576e+17,7023671905147410.0,1.5357919101745596e+22,6.794595732164311e+21,0.8399896001454612,0.544399725748651
mpp,275.0,0.6568986532249594,1.0494080514831359e-05,0.9540073195301236,4.868287723792121e+17,6622704596460155.0,1.5357919101745596e+22,6.790590317977931e+21,0.8400818091899823,0.5459421441833195
mpp,275.0,0.6568986532249594,1.0508965219691605e-05,0.9553604745174187,5.1616283368613715e+17,6240882634704671.0,1.5357919101745596e+22,6.784668822739859e+21,0.8401739204120341,0.547497211811398
mpp,275.0,0.6568986532249594,1.052343231983881e-05,0.9566756654398918,5.4742682597591514e+17,5877628221687667.0,1.5357919101745596e+22,6.776791062066564e+21,0.8402659373474891,0.5490646241719687
mpp,275.0,0.6568986532249594,1.0537492375763123e-05,0.9579538523421021,5.807451145057965e+17,5532348382718112.0,1.5357919101745596e+22,6.766919246383063e+21,0.8403578642860796,0.5506440856983583
mpp,275.0,0.6568986532249594,1.055115574840148e-05,0.9591959771274073,6.162496291956737e+17,5204439151279928.0,1.5357919101745596e+22,6.755018058571483e+21,0.840449706168004,0.5522353095525446
mpp,275.0,0.6568986532249594,1.0564432598781674e-05,0.9604029635256067,6.540802612499215e+17,4893289401728033.0,1.5357919101745596e+22,6.741054731006323e+21,0.8405414684809746,0.5538380173953502
mpp,275.0,0.6568986532249594,1.0577332887982049e-05,0.9615757170892771,6.943852727291146e+17,4598284337007899.0,1.5357919101745596e+22,6.724999122355205e+21,0.8406331571585892,0.5554519390985129
mpp,275.0,0.6568986532249594,1.0589866377385603e-05,0.9627151252168731,7.373217184725165e+17,4318808641402180.5,1.5357919101745596e+22,6.706823794391293e+21,0.8407247784807345,0.5570768124043926
mpp,275.0,0.6568986532249594,1.0602042629208068e-05,0.9638220572007334,7.830558796113354e+17,4054249310714383.5,1.5357919101745596e+22,6.686504089054086e+21,0.8408163389765945,0.558712382538741
mpp,275.0,0.6568986532249594,1.0613871007280374e-05,0.9648973642982158,8.317637077162007e+17,3803998174182946.0,1.5357919101745596e+22,6.664018205816102e+21,0.8409078453307015,0.5603584017816164
mpp,275.0,0.6568986532249594,1.0625360678066804e-05,0.965941879824255,8.83631278417027e+17,3567454123824626.0,1.5357919101745596e+22,6.639347279351399e+21,0.8409993042923641,0.5620146290011891
mpp,275.0,0.6568986532249594,1.0636520611900908e-05,0.9669564192637189,9.388552531105121e+17,3344025067906789.0,1.5357919101745596e+22,6.612475457474226e+21,0.8410907225887075,0.5636808291548546
mpp,275.0,0.6568986532249594,1.0647359584422066e-05,0.9679417804020061,9.97643347105957e+17,3133129625869667.5,1.5357919101745596e+22,6.583389979123473e+21,0.841182106841491,0.5653567727617412
mpp,275.0,0.6568986532249594,1.0657886178196438e-05,0.9688987434724035,1.060214802309917e+18,2934198582291938.5,1.5357919101745596e+22,6.552081252193655e+21,0.8412734634877898,0.5670422353504028
mpp,275.0,0.6568986532249594,1.0668108784506744e-05,0.969828071318795,1.1268008622302208e+18,2746676117558526.5,1.5357919101745596e+22,6.518542930789498e+21,0.8413647987045855,0.5687369968851904
mpp,275.0,0.6568986532249594,1.0678035605296172e-05,0.9707305095723793,1.1976452467879153e+18,2570020832714230.0,1.5357919101745596e+22,6.482771991630695e+21,0.8414561183372593,0.5704408411745323
mpp,275.0,0.6568986532249594,1.0687674655252362e-05,0.9716067868411238,1.2730046240692014e+18,2403706585543707.5,1.5357919101745596e+22,6.444768808981642e+21,0.8415474278319528,0.5721535552640984
mpp,275.0,0.6568986532249594,1.0697033764018233e-05,0.9724576149107484,1.3531490757902764e+18,2247223154471869.0,1.5357919101745596e+22,6.40453722760644e+21,0.8416387321717276,0.5738749288176034
mpp,275.0,0.6568986532249594,1.0706120578517071e-05,0.9732836889560974,1.438362552886061e+18,2100076746196748.5,1.5357919101745596e+22,6.362084633198784e+21,0.8417300358164492,0.575604753487798
mpp,275.0,0.6568986532249594,1.0714942565379982e-05,0.9740856877618166,1.5289433171921782e+18,1961790362222572.5,1.5357919101745596e+22,6.317422019408164e+21,0.8418213426462935,0.5773428222800167
mpp,275.0,0.6568986532249594,1.0723507013464508e-05,0.9748642739513189,1.625204364815675e+18,1831904038737439.8,1.5357919101745596e+22,6.270564050955482e+21,0.841912655908778,0.5790889289104961
mpp,275.0,0.6568986532249594,1.0731821036453796e-05,0.9756200942230724,1.7274738263304627e+18,1709974973347685.8,1.5357919101745596e+22,6.221529121844862e+21,0.8420039781692118,0.5808428671615417
mpp,275.0,0.6568986532249594,1.0739891575526403e-05,0.9763537795933094,1.836095338479266e+18,1595577551438764.0,1.5357919101745596e+22,6.170339407962963e+21,0.842095311264461,0.5826044302355159
mpp,275.0,0.6568986532249594,1.07477254020873e-05,0.9770659456442999,1.9514283816399183e+18,1488303283954904.0,1.5357919101745596e+22,6.117020913067727e+21,0.8421866562599278,0.5843734101095229
mpp,275.0,0.6568986532249594,1.0755329120551326e-05,0.9777571927773933,2.073848576841013e+18,1387760667640865.0,1.5357919101745596e+22,6.061603507430786e+21,0.8422780134096524,0.5861495968926079
mpp,275.0,0.6568986532249594,1.0762709171170821e-05,0.9784281064700746,2.2037476198485148e+18,1293638597905653.2,1.5357919101745596e+22,6.004415389700378e+21,0.8423705610852484,0.5879327781872314
mpp,275.0,0.6568986532249594,1.0769871832899693e-05,0.9790792575363358,2.341534044874447e+18,1205580461954761.2,1.5357919101745596e+22,5.945557530702748e+21,0.842464586740409,0.5897227384465427
mpp,275.0,0.6568986532249594,1.077682322628674e-05,0.9797112023897037,2.487633171316247e+18,1123231815681809.9,1.5357919101745596e+22,5.88507014780206e+21,0.8425601266184777,0.5915192583500389
mpp,275.0,0.6568986532249594,1.07835693163914e-05,0.9803244833083091,2.6424871013218166e+18,1046255487204327.6,1.5357919101745596e+22,5.82299655199937e+21,0.8426572170443511,0.5933221141907511
mpp,275.0,0.6568986532249594,1.0790115915715747e-05,0.9809196287014316,2.80655470593446e+18,974331061706304.4,1.5357919101745596e+22,5.759383107306045e+21,0.8427558943353456,0.5951310772732187
mpp,275.0,0.6568986532249594,1.0796468687146801e-05,0.981497153376982,2.9803115245984666e+18,907154346281560.2,1.5357919101745596e+22,5.69427918012037e+21,0.8428561947069945,0.5969459133240959
mpp,275.0,0.6568986532249594,1.0802633146903754e-05,0.9820575588094322,3.164249569142406e+18,844436820142731.0,1.5357919101745596e+22,5.627737078215577e+21,0.8429581541734074,0.5987663819172666
mpp,275.0,0.6568986532249594,1.0808614667485075e-05,0.982601333407734,3.358877023162642e+18,785905074932025.0,1.5357919101745596e+22,5.55981197878015e+21,0.843061808441841,0.6005922359154
mpp,275.0,0.6568986532249594,1.0814418480610833e-05,0.9831289527828031,3.564717827623302e+18,731300249358309.5,1.5357919101745596e+22,5.490561845220584e+21,0.8431671928011584,0.6024232209299225
mpp,275.0,0.6568986532249594,1.0820049680155946e-05,0.9836408800141769,3.7823111434750597e+18,680377461859431.5,1.5357919101745596e+22,5.420047332389341e+21,0.8432743420038793,0.6042590748014391
mpp,275.0,0.6568986532249594,1.0825513225070368e-05,0.9841375659154881,4.012210682194066e+18,632905244523139.0,1.5357919101745596e+22,5.348331679949557e+21,0.8433832901415652,0.6060995271027125
mpp,275.0,0.6568986532249594,1.0830813942282604e-05,0.9846194492984186,4.2549838953714104e+18,588664981093062.5,1.5357919101745596e+22,5.275480593811213e+21,0.8434940705133195,0.6079442986663497
mpp,275.0,0.6568986532249594,1.0835956529583215e-05,0.9850869572348377,4.5112110148464123e+18,547450351479391.3,1.5357919101745596e+22,5.201562115516724e+21,0.8436067154872304,0.6097931011394447
mpp,275.0,0.6568986532249594,1.084094555848522e-05,0.9855405053168382,4.781483935389867e+18,509066784851657.1,1.5357919101745596e+22,5.126646479604294e+21,0.8437212563546385,0.6116456365674349
mpp,275.0,0.6568986532249594,1.0845785477058698e-05,0.9859804979144271,5.066404932634895e+18,473330923078390.56,1.5357919101745596e+22,5.050805959148256e+21,0.8438377231771722,0.6135015970095409
mpp,275.0,0.6568986532249594,1.0850480612736976e-05,0.9864073284306342,5.366585209807199e+18,440070095980426.75,1.5357919101745596e+22,4.974114699673905e+21,0.8439561446265597,0.6153606641881504
mpp,275.0,0.6568986532249594,1.0855035175092196e-05,0.986821379553836,5.682643267862081e+18,409121809613411.44,1.5357919101745596e+22,4.896648541815587e+21,0.8440765478172984,0.617222509174579
mpp,275.0,0.6568986532249594,1.0859453258578164e-05,0.9872230235071058,6.015203094876132e+18,380333248568687.75,1.5357919101745596e+22,4.818484833249638e+21,0.8441989581323485,0.6190867921136399
mpp,275.0,0.6568986532249594,1.0863738845238655e-05,0.9876126222944233,6.364892171988633e+18,353560793067351.5,1.5357919101745596e+22,4.739702230463458e+21,0.8443233990421053,0.6209531619894679
mpp,275.0,0.6568986532249594,1.0867895807379541e-05,0.9879905279435948,6.732339294832145e+18,328669551444669.25,1.5357919101745596e+22,4.66038049108608e+21,0.8444498919169946,0.6228212564350241
mpp,275.0,0.6568986532249594,1.0871927910203254e-05,0.9883570827457504,7.118172211236112e+18,305532908463437.4,1.5357919101745596e+22,4.5806002576690423e+21,0.8445784558341474,0.6246907015876654
mpp,275.0,0.6568986532249594,1.0875838814404348e-05,0.9887126194913044,7.523015078027909e+18,284032089746077.2,1.5357919101745596e+22,4.5004428338453015e+21,0.8447091073787117,0.6265611119931213
mpp,275.0,0.6568986532249594,1.087963207872503e-05,0.9890574617022755,7.94748574197073e+18,264055742493553.44,1.5357919101745596e+22,4.419989953936356e+21,0.8448418604404799,0.628432090560115
mpp,275.0,0.6568986532249594,1.088331116246969e-05,0.9893919238608808,8.392192852260253e+18,245499532552866.16,1.5357919101745596e+22,4.3393235472285104e+21,0.8449767260066238,0.6303032285677641
mpp,275.0,0.6568986532249594,1.0886879427977617e-05,0.9897163116343288,8.857732814525716e+18,228265757795489.0,1.5357919101745596e+22,4.2585254981689195e+21,0.8451137119514593,0.6321741057277511
mpp,275.0,0.6568986532249594,1.0890340143053247e-05,0.9900309220957497,9.344686598918994e+18,212262977689123.5,1.5357919101745596e+22,4.177677403835729e+21,0.8452528228242882,0.6340442903030877
mpp,275.0,0.6568986532249594,1.0893696483353328e-05,0.9903360439412118,9.853616417590053e+18,197405658877964.0,1.5357919101745596e+22,4.0968603301656805e+21,0.8453940596364862,0.6359133392850852
mpp,275.0,0.6568986532249594,1.0896951534730626e-05,0.9906319577027842,1.03850622896079e+19,183613836522791.9,1.5357919101745596e+22,4.016154568409067e+21,0.8455374196491474,0.6377807986299195
mpp,275.0,0.6568986532249594,1.0900108295533774e-05,0.9909189359576158,1.0939538514138014e+19,170812791103803.75,1.5357919101745596e+22,3.9356393933530296e+21,0.8456828961627076,0.6396462035559086
mpp,275.0,0.6568986532249594,1.0903169678863081e-05,0.9911972435330074,1.1517530075388912e+19,158932740349398.38,1.5357919101745596e+22,3.855392824931057e+21,0.8458304783100987,0.6415090789023233
mpp,275.0,0.6568986532249594,1.090613851478213e-05,0.9914671377074664,1.2119489005436332e+19,147908545915645.25,1.5357919101745596e+22,3.7754913947634085e+21,0.8459801508550984,0.6433689395502347
mpp,275.0,0.6568986532249594,1.0909017552485099e-05,0.9917288684077362,1.2745830733462608e+19,137679434416306.36,1.5357919101745596e+22,3.6960099192218714e+21,0.8461318939976473,0.6452252909055335
mpp,275.0,0.6568986532249594,1.0911809462419846e-05,0.9919826784018042,1.3396930452165038e+19,128188732381415.73,1.5357919101745596e+22,3.617021280595979e+21,0.8462856831879988,0.6470776294438976
mpp,275.0,0.6568986532249594,1.0914516838366856e-05,0.992228803487896,1.4073119534014996e+19,119383614702791.25,1.5357919101745596e+22,3.538596217816885e+21,0.8464414889516488,0.648925443317065
mpp,275.0,0.6568986532249594,1.091714219947416e-05,0.9924674726794691,1.477468203164307e+19,111214866116673.52,1.5357919101745596e+22,3.460803128232942e+21,0.8465992767270526,0.6507682130193495
mpp,275.0,0.6568986532249594,1.0919687992248514e-05,0.9926989083862285,1.5501851297830193e+19,103636655261719.7,1.5357919101745596e+22,3.3837078817513433e+21,0.8467590067181888,0.6526054121129137
mpp,275.0,0.6568986532249594,1.0922156592503055e-05,0.9929233265911869,1.6254806761327735e+19,96606320847988.05,1.5357919101745596e+22,3.3073736486133506e+21,0.8469206337640427,0.6544365080098464
mpp,275.0,0.6568986532249594,1.0924550307261798e-05,0.9931409370237998,1.703367089500975e+19,90084169470254.48,1.5357919101745596e+22,3.2318607419441896e+21,0.847084107227086,0.6562609628086487
mpp,275.0,0.6568986532249594,1.0926871376621309e-05,0.9933519433292098,1.7838506412586279e+19,84033284598905.5,1.5357919101745596e+22,3.157226476048975e+21,0.8472493709027984,0.6580782341822683
mpp,275.0,0.6568986532249594,1.0929121975570008e-05,0.9935565432336372,1.8669313729294365e+19,78419346286415.33,1.5357919101745596e+22,3.083525041339545e+21,0.847416362952222,0.6598877763143889
mpp,275.0,0.6568986532249594,1.0931304215765523e-05,0.9937549287059567,1.9526028720577946e+19,73210461130432.6,1.5357919101745596e+22,3.010807396545185e+21,0.8475850158594477,0.6616890408802091
mpp,275.0,0.6568986532249594,1.0933420147270573e-05,0.9939472861155068,2.040852081083467e+19,68377002043004.65,1.5357919101745596e+22,2.939121178769183e+21,0.847755256415821,0.6634814780675574
mpp,275.0,0.6568986532249594,1.0935471760247933e-05,0.9941337963861758,2.13165914216729e+19,63891457381946.64,1.5357919101745596e+22,2.8685106317064636e+21,0.8479270057325001,0.6652645376337678
mpp,275.0,0.6568986532249594,1.0937460986614977e-05,0.9943146351468162,2.2249972806049464e+19,59728289010544.67,1.5357919101745596e+22,2.799016552208318e+21,0.8481001792828247,0.667037669993367
mpp,275.0,0.6568986532249594,1.0939389701658392e-05,0.9944899728780356,2.3208327291089814e+19,55863798861647.77,1.5357919101745596e+22,2.7306762552003144e+21,0.8482746869757313,0.6688003273312996
mpp,275.0,0.6568986532249594,1.094125972560964e-05,0.9946599750554219,2.4191246948326203e+19,52276003592657.49,1.5357919101745596e+22,2.6635235567636615e+21,0.8484504332612302,0.6705519647361176
mpp,275.0,0.6568986532249594,1.0943072825181768e-05,0.9948248022892516,2.519825370541069e+19,48944516930517.984,1.5357919101745596e+22,2.5975887750455964e+21,0.8486273172686671,0.6722920413472832
mpp,275.0,0.6568986532249594,1.0944830715068192e-05,0.9949846104607447,2.6228799908471337e+19,45850439316788.05,1.5357919101745596e+22,2.5328987484577097e+21,0.8488052329782267,0.6740200215105921
mpp,275.0,0.6568986532249594,1.0946535059404077e-05,0.9951395508549161,2.728226933960811e+19,42976254476018.12,1.5357919101745596e+22,2.469476870545184e+21,0.8489840694258008,0.6757353759354832
mpp,275.0,0.6568986532249594,1.0948187473190986e-05,0.9952897702900896,2.8357978688332423e+19,40305732543199.125,1.5357919101745596e+22,2.40734314071454e+21,0.8491637109410298,0.6774375828480188
mpp,275.0,0.6568986532249594,1.0949789523685387e-05,0.9954354112441262,2.9455179470011367e+19,37823839398927.016,1.5357919101745596e+22,2.3465142298570604e+21,0.8493440374179779,0.679126129133164
mpp,275.0,0.6568986532249594,1.0951342731751775e-05,0.9955766119774341,3.0573060380482966e+19,35516651873850.83,1.5357919101745596e+22,2.2870035599163534e+21,0.8495249246175549,0.6808005114601444
mpp,275.0,0.6568986532249594,1.0952848573180955e-05,0.9957135066528141,3.171075006865909e+19,33371278497248.312,1.5357919101745596e+22,2.228821396182707e+21,0.8497062445004459,0.6824602373846207
mpp,275.0,0.6568986532249594,1.0954308479974282e-05,0.9958462254522075,3.2867320306134872e+19,31375785477339.39,1.5357919101745596e+22,2.1719749511963502e+21,0.8498878655889696,0.6841048264216945
mpp,275.0,0.6568986532249594,1.0955723841594418e-05,0.9959748946904017,3.4041789526254682e+19,29519127614084.09,1.5357919101745596e+22,2.1164684989444606e+21,0.8500696533559406,0.6857338110838347
mpp,275.0,0.6568986532249594,1.0957096006183349e-05,0.996099636925759,3.5233126702388883e+19,27791083857848.64,1.5357919101745596e+22,2.0623034981084742e+21,0.8502514706382924,0.6873467378781729
mpp,275.0,0.6568986532249594,1.0958426281748313e-05,0.9962205710680284,3.644025552976083e+19,26182197240031.98,1.5357919101745596e+22,2.009478722991757e+21,0.8504331780729257,0.6889431682578955
mpp,275.0,0.6568986532249594,1.09597159373163e-05,0.9963378124833001,3.7662058873912e+19,24683718914197.297,1.5357919101745596e+22,1.9579904008853208e+21,0.8506146345519578,0.6905226795227822
mpp,275.0,0.6568986532249594,1.0960966204057819e-05,0.9964514730961654,3.889738344375843e+19,23287556058361.57,1.5357919101745596e+22,1.9078323544859728e+21,0.8507956976943177,0.6920848656644198
mpp,275.0,0.6568986532249594,1.0962178276380554e-05,0.9965616614891413,4.014504464753336e+19,21986223401099.547,1.5357919101745596e+22,1.8589961481572956e+21,0.8509762243304217,0.693629338151991
mpp,275.0,0.6568986532249594,1.0963353312993623e-05,0.9966684829994202,4.14038315872132e+19,20772798145703.094,1.5357919101745596e+22,1.811471236779123e+21,0.8511560709964934,0.6951557266550693
mpp,275.0,0.6568986532249594,1.0964492437943059e-05,0.9967720398130053,4.267251214621391e+19,19640878078013.598,1.5357919101745596e+22,1.7652451159906905e+21,0.8513350944349688,0.6966636797003112
mpp,275.0,0.6568986532249594,1.0965596741619176e-05,0.9968724310562888,4.394983812598174e+19,18584542654546.867,1.5357919101745596e+22,1.7203034727380044e+21,0.8515131520973499,0.698152865259483
mpp,275.0,0.6568986532249594,1.0966667281736461e-05,0.9969697528851329,4.523455038709141e+19,17598316878223.113,1.5357919101745596e+22,1.6766303350778678e+21,0.8516901026458241,0.6996229712667752
mpp,275.0,0.6568986532249594,1.0967705084286636e-05,0.9970640985715125,4.652538395180351e+19,16677137779338.238,1.5357919101745596e+22,1.6342082202770145e+21,0.8518658064499911,0.7010737060639223
mpp,275.0,0.6568986532249594,1.0968711144465507e-05,0.9971555585877734,4.7821073026834784e+19,15816323329420.863,1.5357919101745596e+22,1.5930182803333018e+21,0.8520401260750838,0.702504798772141
mpp,275.0,0.6568986532249594,1.0969686427574233e-05,0.9972442206885668,4.912035590743484e+19,15011543625245.21,1.5357919101745596e+22,1.5530404441358554e+21,0.8522129267581765,0.7039159995904887
mpp,275.0,0.6568986532249594,1.0970631869895642e-05,0.9973301699905128,5.042197972657507e+19,14258794189555.906,1.5357919101745596e+22,1.5142535555725606e+21,0.8523840768690143,0.7053070800207174
mpp,275.0,0.6568986532249594,1.0971548379546137e-05,0.9974134890496489,5.17247050161714e+19,13554371243902.623,1.5357919101745596e+22,1.47663550697878e+21,0.8525534483522759,0.7066778330192046
mpp,275.0,0.6568986532249594,1.0972436837303892e-05,0.9974942579367174,5.302731005072099e+19,12894848817622.043,1.5357919101745596e+22,1.440163367421936e+21,0.852720917148304,0.7080280730770543
mpp,275.0,0.6568986532249594,1.0973298097413808e-05,0.9975725543103462,5.432859494734642e+19,12277057565068.51,1.5357919101745596e+22,1.4048135053933302e+21,0.852886363589584,0.7093576362298706
mpp,275.0,0.6568986532249594,1.0974132988369913e-05,0.9976484534881739,5.562738550007464e+19,11698065171094.74,1.5357919101745596e+22,1.3705617055723453e+21,0.8530496727705248,0.7106663799991555
mpp,275.0,0.6568986532249594,1.0974942313675674e-05,0.9977220285159705,5.692253673000568e+19,11155158232184.049,1.5357919101745596e+22,1.3373832794034177e+21,0.8532107348883893,0.7119541832676077
mpp,275.0,0.6568986532249594,1.0975726852582875e-05,0.9977933502348069,5.821293613722722e+19,10645825507756.02,1.5357919101745596e+22,1.305253169310248e+21,0.8533694455535514,0.713220946091056
mpp,275.0,0.6568986532249594,1.0976487360809517e-05,0.9978624873463197,5.949750664396193e+19,10167742442896.52,1.5357919101745596e+22,1.2741460464342435e+21,0.8535257060675597,0.7144665894499279
mpp,275.0,0.6568986532249594,1.0977224571237352e-05,0.997929506476123,6.0775209221454905e+19,9718756870206.828,1.5357919101745596e+22,1.244036401837732e+21,0.8536794236678368,0.715691054943545
mpp,275.0,0.6568986532249594,1.097793919458954e-05,0.9979944722354128,6.204504519862986e+19,9296875804514.914,1.5357919101745596e+22,1.2148986312115804e+21,0.8538305117381716,0.7168943044306587
mpp,275.0,0.6568986532249594,1.097863192008893e-05,0.9980574472808119,6.330605825186454e+19,8900253249943.246,1.5357919101745596e+22,1.1867071131316123e+21,0.8539788899844882,0.7180763196198932
mpp,275.0,0.6568986532249594,1.0979303416097527e-05,0.9981184923725025,6.45573360789973e+19,8527178944275.585,1.5357919101745596e+22,1.1594362809737188e+21,0.8541244845757081,0.7192371016138981
mpp,275.0,0.6568986532249594,1.0979954330737578e-05,0.998177666430689,6.579801176482562e+19,8176067970702.998,1.5357919101745596e+22,1.13306068866112e+21,0.85426722824982,0.7203766704110498
mpp,275.0,0.6568986532249594,1.0980585292494814e-05,0.9982350265904376,6.702726484540789e+19,7845451171833.098,1.5357919101745596e+22,1.107555070400125e+21,0.8544070603855795,0.7214950643687114
mpp,275.0,0.6568986532249594,1.0981196910804284e-05,0.9982906282549349,6.824432208299394e+19,7533966305433.313,1.5357919101745596e+22,1.0828943946372788e+21,0.8545439270405303,0.7225923396319953
mpp,275.0,0.6568986532249594,1.0981789776619278e-05,0.9983445251472072,6.944845796476369e+19,7240349885630.648,1.5357919101745596e+22,1.0590539124767638e+21,0.8546777809563006,0.7236685695320374
mpp,275.0,0.6568986532249594,1.0982364462963772e-05,0.9983967693603429,7.063899493852941e+19,6963429657326.502,1.5357919101745596e+22,1.0360092007927619e+21,0.8548085815323528,0.7247238439576955
mpp,275.0,0.6568986532249594,1.0982921525468846e-05,0.9984474114062588,7.181530340264049e+19,6702117655325.441,1.5357919101745596e+22,1.013736200326626e+21,0.854936294769585,0.7257582687045993
mpp,275.0,0.6568986532249594,1.0983461502893518e-05,0.9984965002630471,7.297680146631815e+19,6455403803232.077,1.5357919101745596e+22,9.922112490389395e+20,0.855060893185351,0.726771964805283
mpp,275.0,0.6568986532249594,1.0983984917630406e-05,0.998544083420946,7.412295449786129e+19,6222350010434.989,1.5357919101745596e+22,9.714111109955201e+20,0.8551823557016357,0.7277650678441367
mpp,275.0,0.6568986532249594,1.0984492276196647e-05,0.9985902069269679,7.525327447880252e+19,6002084728601.618,1.5357919101745596e+22,9.513130010755828e+20,0.8553006675082376,0.7287377272606861
mpp,275.0,0.6568986532249594,1.0984984069710465e-05,0.9986349154282241,7.636731918236041e+19,5793797931968.197,1.5357919101745596e+22,9.318946057874208e+20,0.8554158199029253,0.7296901056446101
mpp,275.0,0.6568986532249594,1.0985460774353792e-05,0.9986782522139812,7.746469119426735e+19,5596736488396.64,1.5357919101745596e+22,9.131341004711886e+20,0.8555278101105976,0.7306223780257077
mpp,275.0,0.6568986532249594,1.0985922851821332e-05,0.9987202592564848,7.854503679401696e+19,5410199890652.498,1.5357919101745596e+22,8.950101631632213e+20,0.8556366410835503,0.7315347311619139
mpp,275.0,0.6568986532249594,1.0986370749756428e-05,0.9987609772505843,7.960804471407231e+19,5233536319697.721,1.5357919101745596e+22,8.775019853906417e+20,0.8557423212849512,0.7324273628281835
mpp,275.0,0.6568986532249594,1.0986804902174117e-05,0.9988004456521924,8.065344479411655e+19,5066139013931.285,1.5357919101745596e+22,8.605892801537146e+20,0.8558448644576586,0.7333004811089402
mpp,275.0,0.6568986532249594,1.098722572987174e-05,0.9988387027156127,8.168100654683297e+19,4907442920319.606,1.5357919101745596e+22,8.442522873448772e+20,0.8559442893804916,0.7341543036966129
mpp,275.0,0.6568986532249594,1.0987633640827416e-05,0.9988757855297651,8.269053765081147e+19,4756921605236.23,1.5357919101745596e+22,8.284717768444349e+20,0.8560406196140206,0.7349890571984564
mpp,275.0,0.6568986532249594,1.0988029030586768e-05,0.9989117300533426,8.368188238522381e+19,4614084404510.3125,1.5357919101745596e+22,8.132290495122507e+20,0.8561338832379113,0.7358049764538398
mpp,275.0,0.6568986532249594,1.0988412282638214e-05,0.9989465711489285,8.46549200201482e+19,4478473793829.869,1.5357919101745596e+22,7.985059362934808e+20,0.8562241125817849,0.736602303863845
mpp,275.0,0.6568986532249594,1.0988783768777126e-05,0.9989803426161024,8.560956317573456e+19,4349662962088.501,1.5357919101745596e+22,7.842847956397954e+20,0.8563113439514636,0.7373812887348484
mpp,275.0,0.6568986532249594,1.098914384945923e-05,0.9990130772235664,8.654575616236059e+19,4227253571642.4526,1.5357919101745596e+22,7.705485094362833e+20,0.8563956173524149,0.7381421866376802
mpp,275.0,0.6568986532249594,1.0989492874143477e-05,0.9990448067403161,8.746347331112197e+19,4110873690714.361,1.5357919101745596e+22,7.572804775961248e+20,0.856476976212071,0.7388852587835764
mpp,275.0,0.6568986532249594,1.0989831181624756e-05,0.9990755619658869,8.836271730718646e+19,4000175884339.4946,1.5357919101745596e+22,7.444646115101641e+20,0.8565554671026243,0.7396107714181647
mpp,275.0,0.6568986532249594,1.0990159100356695e-05,0.9991053727596996,8.924351753270659e+19,3894835451324.7935,1.5357919101745596e+22,7.320853264806993e+20,0.8566311394657742,0.7403189952344341
mpp,275.0,0.6568986532249594,1.099047694876486e-05,0.9991342680695328,9.010592842839822e+19,3794548795704.768,1.5357919101745596e+22,7.201275332918116e+20,0.8567040453407843,0.7410102048054795
mpp,275.0,0.6568986532249594,1.0990785035550604e-05,0.9991622759591459,9.095002788083166e+19,3699031922073.202,1.5357919101745596e+22,7.085766290422454e+20,0.8567742390970997,0.7416846780377294
mpp,275.0,0.6568986532249594,1.0991083659985862e-05,0.9991894236350785,9.177591564140498e+19,3608019045027.5044,1.5357919101745596e+22,6.974184873568747e+20,0.856841777172649,0.7423426956451646
mpp,275.0,0.6568986532249594,1.0991373112199139e-05,0.9992157374726489,9.258371178196735e+19,3521261303743.469,1.5357919101745596e+22,6.866394480818423e+20,0.8569067178188362,0.7429845406449161
mpp,275.0,0.6568986532249594,1.0991653673452932e-05,0.9992412430411757,9.337355519331634e+19,3438525573412.767,1.5357919101745596e+22,6.762263065735856e+20,0.8569691208531156,0.7436104978745046
mpp,275.0,0.6568986532249594,1.0991925616412885e-05,0.9992659651284441,9.414560212770105e+19,3359593365935.065,1.5357919101745596e+22,6.661663026491092e+20,0.8570290474199254,0.7442208535308832
mpp,275.0,0.6568986532249594,1.0992189205408847e-05,0.9992899277644407,9.490002479097458e+19,3284259812870.6426,1.5357919101745596e+22,6.564471092969431e+20,0.8570865597606412,0.7448158947313199
mpp,275.0,0.6568986532249594,1.0992444696688121e-05,0.9993131542443747,9.563700998595612e+19,3212332724219.531,1.5357919101745596e+22,6.470568212134878e+20,0.8571417209931075,0.7453959090960415
mpp,275.0,0.6568986532249594,1.099269233866112e-05,0.999335667151011,9.635675780824977e+19,3143631717099.912,1.5357919101745596e+22,6.379839432231793e+20,0.8571945949012024,0.7459611843525551
mpp,275.0,0.6568986532249594,1.0992932372139636e-05,0.9993574883763305,9.705948039684142e+19,3077987408887.191,1.5357919101745596e+22,6.292173786480805e+20,0.8572452457347886,0.7465120079613605
mpp,275.0,0.6568986532249594,1.0993165030567958e-05,0.9993786391425417,9.774540074011637e+19,3015240669797.667,1.5357919101745596e+22,6.207464176742041e+20,0.8572937380203157,0.7470486667628049
mpp,275.0,0.6568986532249594,1.0993390540247038e-05,0.999399140022458,9.84147515376353e+19,2955241930311.833,1.5357919101745596e+22,6.125607257597752e+20,0.8573401363822524,0.7475714466446924
mpp,275.0,0.6568986532249594,1.0993609120551912e-05,0.9994190109592647,9.906777411780965e+19,2897850539192.0176,1.5357919101745596e+22,6.046503321237844e+20,0.8573845053754439,0.7480806322302719
mpp,275.0,0.6568986532249594,1.0993820984142568e-05,0.9994382712856881,9.970471741113021e+19,2842934168198.0215,1.5357919101745596e+22,5.970056183499391e+20,0.8574269093284212,0.7485765065860965
mpp,275.0,0.6568986532249594,1.0994026337168478e-05,0.999456939742589,1.003258369785242e+20,2790368259905.016,1.5357919101745596e+22,5.8961730713529575e+20,0.857467412197616,0.7490593509492964
mpp,275.0,0.6568986532249594,1.0994225379466936e-05,0.9994750344969942,1.0093139409394149e+20,2740035515324.157,1.5357919101745596e+22,5.824764512095268e+20,0.8575060774323752,0.7495294444736872
mpp,275.0,0.6568986532249594,1.0994418304755431e-05,0.9994925731595847,1.0152165488015265e+20,2691825418280.256,1.5357919101745596e+22,5.755744224456406e+20,0.8575429678506183,0.7499870639941834
mpp,275.0,0.6568986532249594,1.0994605300818213e-05,0.9995095728016559,1.0209688949647832e+20,2645633793751.005,1.5357919101745596e+22,5.6890290118104515e+20,0.8575781455249246,0.7504324838088875
mpp,275.0,0.6568986532249594,1.0994786549687217e-05,0.9995260499715652,1.0265737137711697e+20,2601362397584.9556,1.5357919101745596e+22,5.62453865763029e+20,0.8576116716788005,0.7508659754782943
mpp,275.0,0.6568986532249594,1.0994962227817505e-05,0.9995420207106823,1.0320337651843691e+20,2558918535233.5674,1.5357919101745596e+22,5.56219582332474e+20,0.8576436065928307,0.7512878076408966
mpp,275.0,0.6568986532249594,1.0995132506257437e-05,0.999557500568858,1.0373518281380323e+20,2518214707298.238,1.5357919101745596e+22,5.5019259485352775e+20,0.8576740095204014,0.7516982458446902
mpp,275.0,0.6568986532249594,1.0995297550813662e-05,0.9995725046194238,1.0425306943402921e+20,2479168279891.447,1.5357919101745596e+22,5.443657153986385e+20,0.8577029386126337,0.7520975523938033
mpp,275.0,0.6568986532249594,1.099545752221112e-05,0.9995870474737383,1.0475731625174691e+20,2441701177949.628,1.5357919101745596e+22,5.387320146930416e+20,0.8577304508521648,0.7524859862096794
mpp,275.0,0.6568986532249594,1.0995612576248216e-05,0.9996011432952924,1.0524820330792768e+20,2405739599786.7427,1.5357919101745596e+22,5.3328481292264813e+20,0.8577566019953834,0.75286380270618
mpp,275.0,0.6568986532249594,1.0995762863947264e-05,0.9996148058133876,1.0572601031865215e+20,2371213751316.661,1.5357919101745596e+22,5.280176708077821e+20,0.8577814465227179,0.753231253677921
mpp,275.0,0.6568986532249594,1.099590853170039e-05,0.9996280483363992,1.0619101622038833e+20,2338057598488.6836,1.5357919101745596e+22,5.2292438094368643e+20,0.8578050375965636,0.7535885872012446
mpp,275.0,0.6568986532249594,1.0996049721411005e-05,0.9996408837646369,1.066434987521507e+20,2306208636596.986,1.5357919101745596e+22,5.179989594085263e+20,0.8578274270264331,0.7539360475471781
mpp,275.0,0.6568986532249594,1.0996186570630982e-05,0.9996533246028165,1.0708373407207345e+20,2275607675223.0503,1.5357919101745596e+22,5.1323563763307033e+20,0.8578486652409085,0.7542738751058167
mpp,275.0,0.6568986532249594,1.0996319212693658e-05,0.9996653829721508,1.075119964068689e+20,2246198637680.309,1.5357919101745596e+22,5.086288545334405e+20,0.857868801265971,0.7546023063214246
mpp,275.0,0.6568986532249594,1.0996447776842829e-05,0.9996770706220754,1.0792855773306231e+20,2217928373895.2896,1.5357919101745596e+22,5.041732489038629e+20,0.8578878827092992,0.7549215736378059
mpp,275.0,0.6568986532249594,1.0996572388357787e-05,0.999688398941617,1.0833368748778919e+20,2190746485764.4084,1.5357919101745596e+22,4.998636520656402e+20,0.857905955750114,0.755231905453232
mpp,275.0,0.6568986532249594,1.0996693168674577e-05,0.9996993789704162,1.0872765230648287e+20,2164605164081.3083,1.5357919101745596e+22,4.956950807616801e+20,0.8579230651341717,0.7555335260844699
mpp,275.0,0.6568986532249594,1.0996810235503576e-05,0.999710021409416,1.0911071578779229e+20,2139459036208.8877,1.5357919101745596e+22,4.916627303017327e+20,0.8579392541735107,0.7558266557393203
mpp,275.0,0.6568986532249594,1.0996923702943464e-05,0.9997203366312241,1.094831382831509e+20,2115265023729.7131,1.5357919101745596e+22,4.877619679480751e+20,0.8579545647505604,0.7561115104971337
mpp,275.0,0.6568986532249594,1.0997033681591765e-05,0.9997303346901605,1.0984517670817892e+20,2091982209364.6091,1.5357919101745596e+22,4.8398832652999773e+20,0.8579690373262487,0.7563883022968451
mpp,275.0,0.6568986532249594,1.0997140278651987e-05,0.9997400253319989,1.101970843777241e+20,2069571712507.5276,1.5357919101745596e+22,4.8033749829651405e+20,0.8579827109517418,0.7566572389319697
mpp,275.0,0.6568986532249594,1.0997243598037532e-05,0.9997494180034121,1.1053911085934014e+20,2047996572767.3835,1.5357919101745596e+22,4.7680532898341185e+20,0.8579956232834753,0.7569185240521658
mpp,275.0,0.6568986532249594,1.0997343740472423e-05,0.9997585218611293,1.1087150184675203e+20,2027221640959.2249,1.5357919101745596e+22,4.733878121019633e+20,0.8580078106011474,0.7571723571708562
mpp,275.0,0.6568986532249594,1.099744080358895e-05,0.9997673457808136,1.111944990507966e+20,2007213477028.5554,1.5357919101745596e+22,4.700810834381592e+20,0.8580193078283511,0.7574189336784615
mpp,275.0,0.6568986532249594,1.0997534882022375e-05,0.9997758983656704,1.1150834010610049e+20,1987940254420.6453,1.5357919101745596e+22,4.6688141575200945e+20,0.8580301485555605,0.7576584448609185
mpp,275.0,0.6568986532249594,1.0997626067502723e-05,0.999784187954793,1.1181325849432143e+20,1969371670457.8435,1.5357919101745596e+22,4.637852136809563e+20,0.8580403650651743,0.7578910779230026
mpp,275.0,0.6568986532249594,1.0997714448943772e-05,0.9997922226312521,1.1210948347978108e+20,1951478862313.2656,1.5357919101745596e+22,4.6078900882799526e+20,0.8580499883583561,0.758117016016065
mpp,275.0,0.6568986532249594,1.0997800112529352e-05,0.9998000102299411,1.1239724006006384e+20,1934234328191.8594,1.5357919101745596e+22,4.578894550418476e+20,0.8580590481834199,0.7583364382699241
mpp,275.0,0.6568986532249594,1.099788314179698e-05,0.9998075583451801,1.1267674892700508e+20,1917611853372.5498,1.5357919101745596e+22,4.550833238697344e+20,0.8580675730655251,0.7585495198284632
mpp,275.0,0.6568986532249594,1.0997963617718971e-05,0.9998148743380884,1.1294822644011858e+20,1901586440780.8655,1.5357919101745596e+22,4.5236750018833724e+20,0.8580755903374577,0.758756431888656
mpp,275.0,0.6568986532249594,1.0998041618781049e-05,0.9998219653437317,1.1321188460964566e+20,1886134245787.1567,1.5357919101745596e+22,4.4973897799893136e+20,0.8580831261712997,0.7589573417426952
mpp,275.0,0.6568986532249594,1.0998117221058578e-05,0.9998288382780526,1.1346793108887713e+20,1871232514946.6104,1.5357919101745596e+22,4.4719485638236366e+20,0.8580902056107902,0.7591524128229781
mpp,275.0,0.6568986532249594,1.099819049829045e-05,0.9998354998445864,1.1371656917621449e+20,1856859528425.1567,1.5357919101745596e+22,4.4473233561459445e+20,0.8580968526042074,0.7593418047495617
mpp,275.0,0.6568986532249594,1.0998261521950722e-05,0.9998419565409749,1.1395799782324593e+20,1842994545859.0493,1.5357919101745596e+22,4.4234871342312535e+20,0.8581030900376087,0.7595256733799621
mpp,275.0,0.6568986532249594,1.0998330361318067e-05,0.9998482146652787,1.1419241165229369e+20,1829617755429.5688,1.5357919101745596e+22,4.400413813970358e+20,0.8581089397682805,0.7597041708609445
mpp,275.0,0.6568986532249594,1.099839708354309e-05,0.9998542803220991,1.1442000097870866e+20,1816710225937.0916,1.5357919101745596e+22,4.378078215278251e+20,0.858114422658264,0.7598774456821363
mpp,275.0,0.6568986532249594,1.0998461753713601e-05,0.9998601594285093,1.1464095183971248e+20,1804253861686.7397,1.5357919101745596e+22,4.3564560288712445e+20,0.8581195586078323,0.7600456427311657
mpp,275.0,0.6568986532249594,1.0998524434917892e-05,0.9998658577198084,1.1485544602955381e+20,1792231359992.0056,1.5357919101745596e+22,4.335523784345511e+20,0.8581243665888115,0.7602089033502586
mpp,275.0,0.6568986532249594,1.0998585188306059e-05,0.9998713807550962,1.1506366113775662e+20,1780626171141.8562,1.5357919101745596e+22,4.315258819438109e+20,0.8581288646776409,0.7603673653939168
mpp,275.0,0.6568986532249594,1.0998644073149468e-05,0.9998767339226788,1.1526577059306353e+20,1769422460662.4912,1.5357919101745596e+22,4.295639250516115e+20,0.8581330700880871,0.7605211632876591
mpp,275.0,0.6568986532249594,1.0998701146898405e-05,0.9998819224453096,1.1546194371132136e+20,1758605073732.597,1.5357919101745596e+22,4.276643944207118e+20,0.8581369992035315,0.7606704280875751
mpp,275.0,0.6568986532249594,1.0998756465237942e-05,0.9998869513852675,1.156523457456912e+20,1748159501617.5964,1.5357919101745596e+22,4.258252490089399e+20,0.8581406676087587,0.7608152875405122
mpp,275.0,0.6568986532249594,1.099881008214211e-05,0.9998918256492828,1.1583713794091165e+20,1738071849989.915,1.5357919101745596e+22,4.2404451744622576e+20,0.8581440901211893,0.760955866144842
mpp,275.0,0.6568986532249594,1.0998862049926409e-05,0.9998965499933099,1.1601647759044244e+20,1728328809023.9072,1.5357919101745596e+22,4.22320295514138e+20,0.8581472808214979,0.7610922852115606
mpp,275.0,0.6568986532249594,1.0998912419298702e-05,0.9999011290271548,1.1619051809498967e+20,1718917625150.743,1.5357919101745596e+22,4.2065074371868085e+20,0.858150253083575,0.7612246629256603
mpp,275.0,0.6568986532249594,1.0998961239408573e-05,0.9999055672189612,1.1635940902358491e+20,1709826074371.1035,1.5357919101745596e+22,4.1903408495806415e+20,0.858153019603793,0.7613531144076529
mpp,275.0,0.6568986532249594,1.0999008557895145e-05,0.9999098688995587,1.1652329617681785e+20,1701042437032.0042,1.5357919101745596e+22,4.174686022819185e+20,0.8581555924295425,0.7614777517750969
mpp,275.0,0.6568986532249594,1.099905442093346e-05,0.9999140382666782,1.1668232165104071e+20,1692555473975.3667,1.5357919101745596e+22,4.159526367342851e+20,0.8581579829870153,0.7615986842040693
mpp,275.0,0.6568986532249594,1.0999098873279417e-05,0.999918079389038,1.1683662390360447e+20,1684354403977.3098,1.5357919101745596e+22,4.144845852787726e+20,0.8581602021082108,0.7617160179904519
mpp,275.0,0.6568986532249594,1.0999141958313349e-05,0.9999219962103045,1.1698633781943883e+20,1676428882398.236,1.5357919101745596e+22,4.130628988040025e+20,0.8581622600571521,0.7618298566109821
mpp,275.0,0.6568986532249594,1.0999183718082255e-05,0.9999257925529323,1.1713159477861071e+20,1668768980972.5942,1.5357919101745596e+22,4.11686080206043e+20,0.8581641665553004,0.7619403007839558
mpp,275.0,0.6568986532249594,1.0999224193340739e-05,0.9999294721218854,1.1727252272401152e+20,1661365168669.617,1.5357919101745596e+22,4.1035268254233376e+20,0.8581659308061583,0.7620474485295199
mpp,275.0,0.6568986532249594,1.0999263423590703e-05,0.9999330385082457,1.1740924622945447e+20,1654208293559.5854,1.5357919101745596e+22,4.0906130725525114e+20,0.8581675615190635,0.7621513952295185
mpp,275.0,0.6568986532249594,1.0999301447119812e-05,0.9999364951927101,1.1754188656816716e+20,1647289565628.9458,1.5357919101745596e+22,4.078106024638756e+20,0.8581690669321689,0.7622522336867913
mpp,275.0,0.6568986532249594,1.0999338301038783e-05,0.9999398455489803,1.1767056178144012e+20,1640600540489.016,1.5357919101745596e+22,4.06599261320941e+20,0.8581704548346138,0.7623500541838627
mpp,275.0,0.6568986532249594,1.0999374021317546e-05,0.9999430928470496,1.1779538674723693e+20,1634133103920.7012,1.5357919101745596e+22,4.05426020430766e+20,0.8581717325878949,0.762444944541053
mpp,275.0,0.6568986532249594,1.0999408642820265e-05,0.9999462402563877,1.1791647324826716e+20,1627879457214.8086,1.5357919101745596e+22,4.042896583265811e+20,0.858172907146439,0.7625369901738445
mpp,275.0,0.6568986532249594,1.0999442199339309e-05,0.9999492908490282,1.180339300399923e+20,1621832103255.497,1.5357919101745596e+22,4.031889940050959e+20,0.8581739850773957,0.7626262741495635
mpp,275.0,0.6568986532249594,1.0999474723628188e-05,0.9999522476025626,1.1814786291826791e+20,1615983833306.0276,1.5357919101745596e+22,4.021228855158328e+20,0.8581749725796568,0.7627128772433196
mpp,275.0,0.6568986532249594,1.0999506247433445e-05,0.9999551134030404,1.1825837478647834e+20,1610327714460.5376,1.5357919101745596e+22,4.010902286038454e+20,0.8581758755021189,0.7627968779931051
mpp,275.0,0.6568986532249594,1.0999536801525606e-05,0.9999578910477824,1.1836556572219584e+20,1604857077716.5078,1.5357919101745596e+22,4.000899554021064e+20,0.8581766993612039,0.7628783527541538
mpp,275.0,0.6568986532249594,1.0999566415729164e-05,0.9999605832481058,1.184695330429002e+20,1599565506641.667,1.5357919101745596e+22,3.9912103317250304e+20,0.8581774493576546,0.7629573757523912
mpp,275.0,0.6568986532249594,1.0999595118951634e-05,0.9999631926319668,1.1857037137114748e+20,1594446826595.2852,1.5357919101745596e+22,3.9818246309331324e+20,0.8581781303926216,0.7630340191370694
mpp,275.0,0.6568986532249594,1.0999622939211742e-05,0.9999657217465221,1.186681726989708e+20,1589495094476.1333,1.5357919101745596e+22,3.972732790915399e+20,0.8581787470830616,0.7631083530325142
mpp,275.0,0.6568986532249594,1.0999649903666725e-05,0.9999681730606114,1.1876302645143565e+20,1584704588968.201,1.5357919101745596e+22,3.963925467183168e+20,0.8581793037764631,0.7631804455889735
mpp,275.0,0.6568986532249594,1.0999676038638799e-05,0.9999705489671635,1.1885501954936013e+20,1580069801255.4126,1.5357919101745596e+22,3.955393620655485e+20,0.8581798045649253,0.7632503630325691
mpp,275.0,0.6568986532249594,1.0999701369640831e-05,0.9999728517855301,1.1894423647115112e+20,1575585426179.5088,1.5357919101745596e+22,3.947128507219664e+20,0.8581802532985987,0.7633181697143523
mpp,275.0,0.6568986532249594,1.0999725921401199e-05,0.9999750837637453,1.190307593135177e+20,1571246353820.396,1.5357919101745596e+22,3.939121667673765e+20,0.8581806535985226,0.7633839281583997
mpp,275.0,0.6568986532249594,1.09997497178879e-05,0.9999772470807182,1.1911466785130483e+20,1567047661471.988,1.5357919101745596e+22,3.931364918032587e+20,0.8581810088688635,0.7634476991090142
mpp,275.0,0.6568986532249594,1.099977278233193e-05,0.9999793438483573,1.1919603959635042e+20,1562984605993.1914,1.5357919101745596e+22,3.9238503401840647e+20,0.8581813223085896,0.7635095415770088
mpp,275.0,0.6568986532249594,1.0999795137249921e-05,0.9999813761136291,1.1927494985526385e+20,1559052616517.5479,1.5357919101745596e+22,3.9165702728879886e+20,0.8581815969225889,0.763569512885024
mpp,275.0,0.6568986532249594,1.0999816804466099e-05,0.9999833458605545,1.1935147178619437e+20,1555247287498.2756,1.5357919101745596e+22,3.909517303095722e+20,0.8581818355322601,0.763627668711941
mpp,275.0,0.6568986532249594,1.0999837805133577e-05,0.9999852550121434,1.1942567645455819e+20,1551564372072.0786,1.5357919101745596e+22,3.902684257580355e+20,0.8581820407855919,0.7636840631363808
mpp,275.0,0.6568986532249594,1.0999858159754965e-05,0.9999871054322695,1.1949763288766089e+20,1547999775728.7524,1.5357919101745596e+22,3.896064194873095e+20,0.8581822151667494,0.7637387486792306
mpp,275.0,0.6568986532249594,1.0999877888202374e-05,0.9999888989274885,1.1956740812827078e+20,1544549550264.1003,1.5357919101745596e+22,3.8896503974791886e+20,0.8581823610051914,0.7637917763453105
mpp,275.0,0.6568986532249594,1.0999897009736801e-05,0.9999906372488001,1.1963506728707362e+20,1541209888006.6775,1.5357919101745596e+22,3.883436364373655e+20,0.8581824804843314,0.7638431956641016
mpp,275.0,0.6568986532249594,1.09999155430269e-05,0.9999923220933546,1.1970067359402934e+20,1537977116304.8108,1.5357919101745596e+22,3.877415803767741e+20,0.8581825756497673,0.7638930547295383
mpp,275.0,0.6568986532249594,1.0999933506167206e-05,0.9999939551061097,1.1976428844872584e+20,1534847692254.6953,1.5357919101745596e+22,3.871582626123914e+20,0.8581826484170921,0.7639414002389615
mpp,275.0,0.6568986532249594,1.0999950916695772e-05,0.9999955378814338,1.198259714695945e+20,1531818197664.2607,1.5357919101745596e+22,3.865930937423329e+20,0.8581827005793078,0.7639882775311405
mpp,275.0,0.6568986532249594,1.0999967791611283e-05,0.999997071964662,1.1988578054206787e+20,1528885334236.9678,1.5357919101745596e+22,3.860455032667928e+20,0.8581827338138567,0.7640337306234265
mpp,275.0,0.6568986532249594,1.099998414738963e-05,0.9999985588536029,1.1994377186565931e+20,1526045918965.9421,1.5357919101745596e+22,3.855149389611164e+20,0.858182749689289,0.7640778022480326
mpp,275.0,0.6568986532249594,1.1e-05,1.0,1.2e+20,1523296879726.785,1.5357919101745596e+22,3.850008662706871e+20,0.8581827496715814,0.7641205338874696
