topology,T_K,F_MVcm,span_nm,voltage_drop_V,delta_mu_eV,mode,decay_nm,epsr,internal_total_H2_eV2,internal_H_eV,bath_H2_eV2_each,bath_left_scale,bath_right_scale,number_states,R_pair_s,conditional_J_for_Npair_1e15_and_d100nm_Acm2,required_Npair_for_50mA_at_d100nm_cm3,pair_probability,neutral_probability,pair_minus_neutral_eV,min_probability,normalization_error,generator_residual,continuity_relative,heat_eV_s,phonon_heat_eV_s,electron_heat_eV_s,chemical_power_eV_s,heat_vs_power_relative,heat_partition_relative,state_energy_derivative_eV_s,entropy_kB_s,entropy_balance_relative,electron_displacement_nm_s,displacement_relative,direct_DB_max_log_error,conditional_spectrum_mean_error_eV,equilibrium_probability_relative,equilibrium_edge_net_over_gross,precision_dps,quadrature_order,reuse_source,scenario
direct,300.0,0.0,10.0,0.0,0.0,fixed_budget,,3.5,2e-10,1.4142135623730951e-05,1.0475768654282459e-10,1.0,1.0,4.0,-3.7192480984611648e-239,-5.958892399403409e-248,,7.113998352358166e-22,0.999999999975928,1.2588581557771428,7.113998352358166e-22,0.0,1.8942423915206432e-221,1.4426798152387123e-221,-1.3719131587293506e-227,5.957818401068083e-229,-1.4314913427400315e-227,0.0,9.377418798967921e-72,0.0,1.3719131587293506e-227,0.0,3.627347546199663e-70,-3.719248098461165e-238,0.0,7.105427357601002e-15,5.204170427930421e-17,3.541058984203562e-220,1.7918238828631862e-220,220.0,24.0,fixed_budget_comparison.csv,direct_fixed
direct,300.0,0.5,10.0,0.5,0.5,fixed_budget,,3.5,2e-10,1.4142135623730951e-05,1.0475768654282459e-10,1.0,1.0,4.0,3.4071313052906327e-09,5.458826166306572e-18,9.15947833411773e+30,1.1855039347147503e-13,0.9999999999757535,0.7588581557771429,1.1855039347147503e-13,0.0,3.295439602123336e-222,2.9037931396240273e-220,1.7035656526453164e-09,-2.902580647452922e-09,4.606146300098238e-09,1.7035656526453164e-09,4.597672471071377e-220,0.0,-7.72937852351656e-229,6.589686162457758e-08,6.806243272704001e-220,3.4071313052906325e-08,0.0,3.552713678800501e-15,5.204170427930421e-17,,,220.0,24.0,fixed_budget_comparison.csv,direct_fixed
direct,300.0,1.0,10.0,1.0,1.0,fixed_budget,,3.5,2e-10,1.4142135623730951e-05,1.0475768654282459e-10,1.0,1.0,4.0,1.2768614250238486,2.0457575400291527e-09,2.444082400854183e+22,4.442811558266443e-05,0.9999345625860419,0.2588581557771429,1.0504649187715723e-05,0.0,3.4416463487512315e-222,9.186398504407177e-220,1.2768614250238486,-0.4493445827924754,1.726206007816324,1.2768614250238486,1.5599544630125395e-220,1.7332827366805994e-221,-1.950348893643368e-220,49.39120515132606,7.169411990159732e-221,12.768614250238485,0.0,3.552713678800501e-15,5.204170427930421e-17,,,220.0,24.0,fixed_budget_comparison.csv,direct_fixed
direct,300.0,1.2,10.0,1.2,1.2,fixed_budget,,3.5,2e-10,1.4142135623730951e-05,1.0475768654282459e-10,1.0,1.0,4.0,2550.499976980173,4.0863514681351705e-06,1.2235854010574811e+19,0.08874409199787806,0.8692903880106074,0.05885815577714286,0.020982759995757244,0.0,3.893455877148126e-222,1.5994118747777644e-219,3060.5999723762075,-387.45499812800307,3448.0549705042104,3060.5999723762075,1.4809369210905226e-221,0.0,4.532555499780559e-218,118389.29280752038,4.900503163872755e-221,25504.99976980173,0.0,3.552713678800501e-15,5.204170427930421e-17,,,220.0,24.0,fixed_budget_comparison.csv,direct_fixed
direct,300.0,1.3,10.0,1.3,1.3,fixed_budget,,3.5,2e-10,1.4142135623730951e-05,1.0475768654282459e-10,1.0,1.0,4.0,17088.950176598162,2.737951667253575e-05,1.8261827116237862e+18,0.5946063047664835,0.12421483367980331,-0.041141844222857146,0.12421483367980331,0.0,9.249425872445888e-222,3.8193568664165235e-220,22215.635229577612,-887.1446680660271,23102.77989764364,22215.635229577612,0.0,0.0,2.3795916373847935e-217,859339.1386779504,1.3502634242040208e-221,170889.5017659816,0.0,3.552713678800501e-15,5.204170427930421e-17,,,220.0,24.0,fixed_budget_comparison.csv,direct_fixed
direct,300.0,1.5,10.0,1.5000000000000002,1.5000000000000002,fixed_budget,,3.5,2e-10,1.4142135623730951e-05,1.0475768654282459e-10,1.0,1.0,4.0,19422.367961062086,3.1118064124163894e-05,1.606783757514461e+18,0.6757970690883609,0.004630385174384374,-0.24114184422285714,0.004630385174384374,0.0,1.5247426971828158e-221,1.866942489759195e-221,29133.551941593134,2876.193387763798,26257.358553829334,29133.551941593134,0.0,1.24462832650613e-221,6.798833249670839e-218,1126936.104837817,2.059272398785755e-221,194223.67961062086,0.0,3.552713678800501e-15,5.204170427930421e-17,,,220.0,24.0,fixed_budget_comparison.csv,direct_fixed
direct,300.0,2.0,10.0,2.0,2.0,fixed_budget,,3.5,2e-10,1.4142135623730951e-05,1.0475768654282459e-10,1.0,1.0,4.0,15263.861812623883,2.445540274079087e-05,2.0445379914599204e+18,0.5311027520753911,0.2177480993181563,-0.7411418442228571,0.12557457430322627,0.0,1.977716255360566e-221,1.7816810275491108e-221,30527.723625247767,9892.305053543803,20635.418571703965,30527.723625247767,0.0,1.1877873516994072e-221,2.2662777498902796e-217,1180865.0733962252,0.0,152638.61812623884,0.0,7.105427357601002e-15,5.204170427930421e-17,,,220.0,24.0,fixed_budget_comparison.csv,direct_fixed
direct,300.0,3.0,10.0,3.0000000000000004,3.0000000000000004,fixed_budget,,3.5,2e-10,1.4142135623730951e-05,1.0475768654282459e-10,1.0,1.0,4.0,0.10481125393484812,1.679261420346542e-10,2.9774994765068628e+23,3.6468847855549027e-06,0.9999946285434815,-1.7411418442228572,8.622858664824348e-07,0.0,1.1032776873084691e-221,6.598652882086238e-222,0.3144337618045444,0.17273802827910098,0.14169573352544343,0.3144337618045444,1.7596407685563299e-221,1.7596407685563299e-221,2.7664523314090327e-222,12.162840956293577,1.455687448733458e-221,1.0481125393484814,0.0,1.4210854715202004e-14,5.204170427930421e-17,,,220.0,24.0,fixed_budget_comparison.csv,direct_fixed
trap,300.0,0.0,10.0,0.0,0.0,fixed_budget,,3.5,2.0000000000000003e-10,1e-05,1.0475768654282459e-10,1.0,1.0,8.0,-2.4272309731263987e-226,-3.888852750464198e-235,,3.556999175704782e-22,0.4999999999212925,1.2588581557771428,3.556999175704782e-22,0.0,9.610076035103565e-222,1.4297508741955044e-221,-6.386792395764342e-226,-2.7413032194905937e-226,-3.645489176273748e-226,0.0,9.945821219500261e-72,0.0,6.386792395764342e-226,0.0,3.8472154191796837e-70,2.163401519465344e-225,7.148754370977522e-222,7.105427357601002e-15,5.204170427930421e-17,9.516596020047072e-219,4.8451208211370497e-219,220.0,24.0,fixed_budget_comparison.csv,trap_fixed
trap,300.0,0.5,10.0,0.5,0.5,fixed_budget,,3.5,2.0000000000000003e-10,1e-05,1.0475768654282459e-10,1.0,1.0,8.0,0.005480494120110964,8.780719622016176e-12,5.69429410712915e+24,8.365861909748957e-14,0.4957401598306678,0.7588581557771429,7.572415092691852e-14,0.0,6.860254759282507e-222,7.381743735550184e-219,0.002740247060055482,-0.004678163980305705,0.007418411040361187,0.002740247060055482,4.3064176213102934e-219,1.5774423521283126e-221,1.1775126407003e-221,0.10599748888646279,8.051610969330076e-219,0.054804941201109646,1.438627425141021e-219,3.552713678800501e-15,5.204170427930421e-17,,,220.0,24.0,fixed_budget_comparison.csv,trap_fixed
trap,300.0,1.0,10.0,1.0,1.0,fixed_budget,,3.5,2.0000000000000003e-10,1e-05,1.0475768654282459e-10,1.0,1.0,8.0,87.06273177522166,1.3948987454246947e-07,3.584489567002719e+20,2.1844740000796787e-05,0.4929707857910721,0.2588581557771429,3.282048085056113e-08,1.1065809325636131e-221,1.579384485510199e-221,3.463815696515351e-218,87.06273177522166,-30.814822050473953,117.87755382569561,87.06273177522166,6.035799044446773e-219,1.6269000119802622e-221,5.222630175781648e-217,3367.736828657449,1.2826196377740284e-218,870.6273177522166,2.407812017730788e-219,3.552713678800501e-15,5.204170427930421e-17,,,220.0,24.0,fixed_budget_comparison.csv,trap_fixed
trap,300.0,1.2,10.0,1.2,1.2,fixed_budget,,3.5,2.0000000000000003e-10,1e-05,1.0475768654282459e-10,1.0,1.0,8.0,2201.8433198182206,3.527741918741742e-06,1.4173372415472431e+19,0.019695560400040217,0.1947518916906505,0.05885815577714286,1.3204046253867208e-05,0.0,4.184168953346607e-222,1.6665832346307906e-219,2642.2119837818645,-349.433435741271,2991.645419523136,2642.2119837818645,1.029263857919454e-220,1.7154397631990897e-221,-3.15580283253154e-217,102205.32282258024,1.8448580131015832e-220,22018.433198182207,6.587288690684505e-220,3.552713678800501e-15,5.204170427930421e-17,,,220.0,24.0,fixed_budget_comparison.csv,trap_fixed
trap,300.0,1.3,10.0,1.3,1.3,fixed_budget,,3.5,2.0000000000000003e-10,1e-05,1.0475768654282459e-10,1.0,1.0,8.0,6132.101396590795,9.824709574936538e-06,5.089208960186792e+18,0.15042512973912167,0.031990180796287744,-0.041141844222857146,3.921857984325063e-05,1.1065809325636131e-221,5.667153551797154e-222,9.461146619239881e-220,7971.731815568033,-357.57296033998824,8329.304775908022,7971.731815568033,9.097256364653733e-221,0.0,7.888262177779716e-217,308360.3543796616,1.5051665254155056e-220,61321.01396590795,8.278503291834897e-221,3.552713678800501e-15,5.204170427930421e-17,,,220.0,24.0,fixed_budget_comparison.csv,trap_fixed
trap,300.0,1.5,10.0,1.5000000000000002,1.5000000000000002,fixed_budget,,3.5,2.0000000000000003e-10,1e-05,1.0475768654282459e-10,1.0,1.0,8.0,20008.878973677627,3.2057758364160194e-05,1.5596848485793943e+18,0.6886626357605806,0.003867547644928802,-0.24114184422285714,0.00010637330439177633,2.2131618651272261e-221,4.9738050086924296e-222,9.967197175449204e-221,30013.318460516442,2864.5515729966446,27148.7668875198,30013.318460516442,2.416290224351322e-221,0.0,4.992118561074228e-217,1160966.9932097462,1.9989098996446513e-221,200088.78973677626,2.899548269221587e-221,3.552713678800501e-15,5.204170427930421e-17,,,220.0,24.0,fixed_budget_comparison.csv,trap_fixed
trap,300.0,2.0,10.0,2.0,2.0,fixed_budget,,3.5,2.0000000000000003e-10,1e-05,1.0475768654282459e-10,1.0,1.0,8.0,20822.79888540187,3.336180182867212e-05,1.4987200108906744e+18,0.722130460703884,0.019478273347902142,-0.7411418442228571,4.845572529432528e-05,1.1065809325636131e-221,1.0780350407645643e-221,3.4827636954862386e-221,41645.59777080374,13395.955322741069,28249.642448062674,41645.59777080374,3.4827636954862386e-221,0.0,-1.5377048638903967e-217,1610923.6467136256,2.881165001981242e-221,208227.9888540187,0.0,3.552713678800501e-15,5.204170427930421e-17,,,220.0,24.0,fixed_budget_comparison.csv,trap_fixed
trap,300.0,3.0,10.0,3.0000000000000004,3.0000000000000004,fixed_budget,,3.5,2.0000000000000003e-10,1e-05,1.0475768654282459e-10,1.0,1.0,8.0,3276.6526286407566,5.2497762793428986e-06,9.524215383566473e+18,0.10351272967804302,0.6990906588987126,-1.7411418442228572,1.9125894849334236e-06,0.0,9.917226980765239e-222,1.0374662834630684e-221,9829.957885922271,5397.933431535031,4432.02445438724,9829.957885922271,1.8443845039343438e-221,0.0,-4.758298010023536e-218,380239.7480708716,1.5257928896580697e-221,32766.526286407563,0.0,1.0658141036401503e-14,5.204170427930421e-17,,,220.0,24.0,fixed_budget_comparison.csv,trap_fixed
direct,300.0,1.0,10.0,1.0,1.0,distance,0.5,3.5,2.0611536224385585e-19,4.539992976248486e-10,1.0475768654282459e-10,1.0,1.0,4.0,1.556255771722289e-07,2.493396633981089e-16,2.0052966831902452e+29,5.414958111845119e-12,0.9999999999679525,0.2588581557771429,5.414958111845119e-12,0.0,3.7241889550098604e-222,6.781133497374195e-221,1.556255771722289e-07,-5.476671835785725e-08,2.1039229553008614e-07,1.556255771722289e-07,0.0,1.6952833743435488e-221,-1.4840406765151795e-228,6.0198661015728606e-06,4.2073406814217184e-221,1.556255771722289e-06,0.0,3.552713678800501e-15,5.204170427930421e-17,,,220.0,24.0,distance_law_comparison.csv,direct_a05
direct,300.0,1.0,10.0,1.0,1.0,distance,1.0,3.5,4.539992976248485e-15,6.737946999085467e-08,1.0475768654282459e-10,1.0,1.0,4.0,0.003418781359715372,5.477491611290718e-12,9.128265919556194e+24,1.1895575387004677e-07,0.9999998247680908,0.2588581557771429,2.8138077655933488e-08,0.0,6.856687879959936e-222,1.2643633251195937e-221,0.003418781359715372,-0.0012031148044990888,0.004621896164214461,0.003418781359715372,1.2643633251195937e-221,1.2643633251195937e-221,0.0,0.13224436747478494,2.091924506301951e-221,0.03418781359715372,0.0,3.552713678800501e-15,5.204170427930421e-17,,,220.0,24.0,distance_law_comparison.csv,direct_a10
direct,300.0,1.0,10.0,1.0,1.0,distance,2.0,3.5,6.73794699908547e-13,8.208499862389881e-07,1.0475768654282459e-10,1.0,1.0,4.0,0.3646736199106413,5.842715528570267e-10,8.557664626235051e+22,1.2688739292939326e-05,0.999981310955037,0.2588581557771429,3.0001528350318707e-06,0.0,1.0052452035208187e-221,1.5172209780827676e-221,0.3646736199106413,-0.12833351558968764,0.49300713550032893,0.3646736199106413,0.0,0.0,6.916130828522582e-223,14.106205435681302,2.510284569687706e-221,3.646736199106413,0.0,3.552713678800501e-15,5.204170427930421e-17,,,220.0,24.0,distance_law_comparison.csv,direct_a20
direct,300.0,1.5,10.0,1.5000000000000002,1.5000000000000002,distance,0.5,3.5,2.0611536224385585e-19,4.539992976248486e-10,1.0475768654282459e-10,1.0,1.0,4.0,0.00437963905756344,7.016955363381924e-12,7.12559755772791e+24,1.5238858849240176e-07,0.9999997755254568,-0.24114184422285714,3.604297733616342e-08,0.0,1.2549163543144677e-221,1.9739442958714638e-221,0.006569458586345162,0.0006485660720366255,0.005920892514308536,0.006569458586345162,1.3159628639143091e-221,0.0,-1.8911295234241434e-224,0.25411800404672263,0.0,0.043796390575634406,0.0,3.552713678800501e-15,5.204170427930421e-17,,,220.0,24.0,distance_law_comparison.csv,direct_a05
direct,300.0,1.5,10.0,1.5000000000000002,1.5000000000000002,distance,1.0,3.5,4.539992976248485e-15,6.737946999085467e-08,1.0475768654282459e-10,1.0,1.0,4.0,95.9933858306687,1.5379835979644405e-07,3.2510099630565786e+20,0.00334006898264359,0.9950804711280902,-0.24114184422285714,0.0007897299446331409,0.0,2.414515252292659e-221,2.951085809557714e-221,143.99007874600306,14.215338837609503,129.77473990839357,143.99007874600306,1.9673905397051427e-221,1.9673905397051427e-221,2.6557942381526714e-220,5569.784927104834,1.6275513539933308e-221,959.933858306687,0.0,3.552713678800501e-15,5.204170427930421e-17,,,220.0,24.0,distance_law_comparison.csv,direct_a10
direct,300.0,1.5,10.0,1.5000000000000002,1.5000000000000002,distance,2.0,3.5,6.73794699908547e-13,8.208499862389881e-07,1.0475768654282459e-10,1.0,1.0,4.0,8257.763130036026,1.3230395136050424e-05,3.779176622152356e+18,0.28732707215166514,0.5768010099071149,-0.24114184422285714,0.06793595897060996,0.0,3.3500099330222376e-222,2.1955366984525191e-221,12386.64469505404,1222.8644704881037,11163.780224565937,12386.64469505404,2.9273822646033587e-221,1.4636911323016793e-221,3.3994166248354193e-218,479136.80942986585,2.4217179417388684e-221,82577.63130036026,0.0,3.552713678800501e-15,5.204170427930421e-17,,,220.0,24.0,distance_law_comparison.csv,direct_a20
direct,300.0,2.0,10.0,2.0,2.0,distance,0.5,3.5,2.0611536224385585e-19,4.539992976248486e-10,1.0475768654282459e-10,1.0,1.0,4.0,7.22421092280437e-05,1.157446193960474e-13,4.3198552348177205e+26,2.513648478855061e-09,0.9999999962736195,-0.7411418442228571,6.063660296431988e-10,0.0,1.11722067078377e-221,9.349165029095291e-222,0.0001444842184560874,4.681914648914082e-05,9.766507196694657e-05,0.0001444842184560874,0.0,0.0,0.0,0.005588899104505672,0.0,0.000722421092280437,0.0,3.552713678800501e-15,5.204170427930421e-17,,,220.0,24.0,distance_law_comparison.csv,direct_a05
direct,300.0,2.0,10.0,2.0,2.0,distance,1.0,3.5,4.539992976248485e-15,6.737946999085467e-08,1.0475768654282459e-10,1.0,1.0,4.0,1.5911086007907818,2.5492370223434243e-09,1.9613711695602457e+22,5.536227771873053e-05,0.9999184578509795,-0.7411418442228571,1.3089935650837732e-05,0.0,3.3112360308778986e-222,6.954779403578372e-222,3.1822172015815635,1.0311762413442587,2.151040960237305,3.1822172015815635,0.0,1.3909558807156744e-221,-2.2131618651272261e-221,123.09365727487469,0.0,15.911086007907818,0.0,7.105427357601002e-15,5.204170427930421e-17,,,220.0,24.0,distance_law_comparison.csv,direct_a10
direct,300.0,2.0,10.0,2.0,2.0,distance,2.0,3.5,6.73794699908547e-13,8.208499862389881e-07,1.0475768654282459e-10,1.0,1.0,4.0,233.3366580979574,3.7384654146019425e-07,1.3374471729685322e+20,0.008118898270777566,0.9880418175361931,-0.7411418442228571,0.0019196420965146488,0.0,6.326795725608902e-222,0.0,466.6733161959148,151.2223728447563,315.4509433511585,466.6733161959148,1.2140600668813846e-221,0.0,7.082117968407124e-220,18051.729848798255,0.0,2333.3665809795743,0.0,7.105427357601002e-15,5.204170427930421e-17,,,220.0,24.0,distance_law_comparison.csv,direct_a20
direct,300,0.6,10.0,0.6,0.6,fixed_budget,,3.5,2e-10,1.4142135623730951e-05,1.0475768654282459e-10,1.0,1.0,4,2.1886589389532873e-07,3.506618211786189e-16,1.4258752159543247e+29,7.615391178264765e-12,0.9999999999647116,0.6588581557771429,7.615391178264765e-12,0.0,2.3653701105458723e-222,1.3259827458624537e-220,1.3131953633719725e-07,-1.6456818768982478e-07,2.9588772402702203e-07,1.3131953633719725e-07,1.0045323832291316e-220,2.0090647664582631e-221,1.5170193582155168e-227,5.0796664637953045e-06,4.986080823687657e-221,2.1886589389532875e-06,0.0,3.552713678800501e-15,5.204170427930421e-17,,,220,24,new_300K_solve,direct_fixed
direct,300,0.7,10.0,0.7,0.7,fixed_budget,,3.5,2e-10,1.4142135623730951e-05,1.0475768654282459e-10,1.0,1.0,4,1.1134284799956893e-05,1.78390909427923e-14,2.8028334044791663e+27,3.874150180505747e-10,0.9999999994053114,0.5588581557771428,1.0363682961392402e-10,0.0,1.7820659117681415e-222,2.4263916842706352e-220,7.793999359969825e-06,-7.258588914489624e-06,1.5052588274459449e-05,7.793999359969825e-06,1.949779032003189e-220,2.16642114667021e-221,1.4352322275986803e-225,0.0003014853560404048,2.150642650408187e-220,0.00011134284799956893,0.0,3.552713678800501e-15,5.204170427930421e-17,,,220,24,new_300K_solve,direct_fixed
direct,300,0.8,10.0,0.8000000000000002,0.8000000000000002,fixed_budget,,3.5,2e-10,1.4142135623730951e-05,1.0475768654282459e-10,1.0,1.0,4,0.0005457289368649455,8.743541511426769e-13,5.7185066182457014e+25,1.898851966914768e-08,0.9999999720080716,0.45885815577714284,4.501704414049683e-09,0.0,2.921915502137856e-222,1.980187175275418e-220,0.0004365831494919565,-0.00030119508626130033,0.0007377782357532568,0.0004365831494919565,9.900935876377088e-221,3.712850953641408e-221,4.727823808560359e-224,0.01688779023280974,1.0238359686464284e-220,0.005457289368649455,0.0,3.552713678800501e-15,5.204170427930421e-17,,,220,24,new_300K_solve,direct_fixed
direct,300,0.9,10.0,0.9000000000000001,0.9000000000000001,fixed_budget,,3.5,2e-10,1.4142135623730951e-05,1.0475768654282459e-10,1.0,1.0,4,0.026635666500394187,4.267504249794811e-11,1.171644996074792e+24,9.26782222964183e-07,0.9999986349346953,0.35885815577714286,2.1914154084878018e-07,0.0,2.5897167092360975e-222,2.0772540693645427e-220,0.02397209985035477,-0.012037013303262258,0.03600911315361703,0.02397209985035477,2.8850750963396423e-221,1.4425375481698212e-221,9.077421712435888e-223,0.9272822237501857,0.0,0.2663566650039419,0.0,3.552713678800501e-15,5.204170427930421e-17,,,220,24,new_300K_solve,direct_fixed
direct,300,1.1,10.0,1.1,1.1,fixed_budget,,3.5,2e-10,1.4142135623730951e-05,1.0475768654282459e-10,1.0,1.0,4,61.04851670838971,9.781050701054058e-08,5.111925244862674e+20,0.002124169861596297,0.9968713475540371,0.15885815577714285,0.0005022412921833185,0.0,5.3998007653765774e-222,1.3688947173997337e-219,67.15336837922868,-15.378936415184913,82.5323047944136,67.15336837922868,4.218473705392092e-221,0.0,2.877110424665394e-219,2597.6082675996786,1.046937420776429e-220,610.4851670838972,0.0,3.552713678800501e-15,5.204170427930421e-17,,,220,24,new_300K_solve,direct_fixed
direct,300,1.4,10.0,1.4,1.4,fixed_budget,,3.5,2e-10,1.4142135623730951e-05,1.0475768654282459e-10,1.0,1.0,4,19360.36929968519,3.101873131756655e-05,1.6119292400487045e+18,0.6736398391496682,0.007807731202255611,-0.14114184422285714,0.007807731202255611,0.0,8.813443985260506e-222,1.8729210913778433e-221,27104.517019559262,930.9752837870461,26173.541735772218,27104.517019559262,0.0,1.3378007795556023e-221,2.2662777498902796e-218,1048449.5297644819,0.0,193603.69299685187,0.0,3.552713678800501e-15,5.204170427930421e-17,,,220,24,new_300K_solve,direct_fixed
direct,300,1.6,10.0,1.6000000000000003,1.6000000000000003,fixed_budget,,3.5,2e-10,1.4142135623730951e-05,1.0475768654282459e-10,1.0,1.0,4,19379.56119987827,3.104948013161796e-05,1.610332919844431e+18,0.6743076171428934,0.006824172743225616,-0.34114184422285715,0.006824172743225616,0.0,7.627850104462254e-222,1.8710663066237145e-221,31007.297919805234,4807.810397931684,26199.48752187355,31007.297919805234,1.1694164416398213e-221,1.1694164416398213e-221,1.5863944249231957e-217,1199415.8353689648,1.9348322303696792e-221,193795.61199878267,0.0,3.552713678800501e-15,5.204170427930421e-17,,,220,24,new_300K_solve,direct_fixed
direct,300,1.7,10.0,1.7000000000000002,1.7000000000000002,fixed_budget,,3.5,2e-10,1.4142135623730951e-05,1.0475768654282459e-10,1.0,1.0,4,19148.22126422172,3.067883269219798e-05,1.629788215922428e+18,0.6662581943952031,0.018680025907181475,-0.4411418442228571,0.018680025907181475,0.0,3.724052630139214e-222,1.8936716626518614e-221,32551.976149176928,6665.240174927833,25886.735974249095,32551.976149176928,1.1139245074422713e-221,0.0,1.5863944249231957e-217,1259166.657051325,0.0,191482.2126422172,0.0,3.552713678800501e-15,5.204170427930421e-17,,,220,24,new_300K_solve,direct_fixed
direct,300,1.8,10.0,1.8000000000000003,1.8000000000000003,fixed_budget,,3.5,2e-10,1.4142135623730951e-05,1.0475768654282459e-10,1.0,1.0,4,18976.28713917335,3.0403363854458245e-05,1.644554866999303e+18,0.6602757839076198,0.027491413074994003,-0.5411418442228572,0.027491413074994003,1.1065809325636131e-221,5.3239173752224396e-222,1.9108292224030954e-221,34157.316850512034,8503.020915401561,25654.295935110476,34157.316850512034,2.1231435804478835e-221,2.1231435804478835e-221,1.8130221999122236e-217,1321264.0079176768,1.7564002364259048e-221,189762.8713917335,0.0,3.552713678800501e-15,5.204170427930421e-17,,,220,24,new_300K_solve,direct_fixed
direct,300,1.9,10.0,1.9,1.9,fixed_budget,,3.5,2e-10,1.4142135623730951e-05,1.0475768654282459e-10,1.0,1.0,4,18087.19832116019,2.897888652468688e-05,1.7253941057191895e+18,0.6293401318503065,0.07305599078685217,-0.6411418442228571,0.07305599078685217,0.0,5.365599071218153e-222,2.00475736232866e-221,34365.676810204364,9913.351918355667,24452.324891848697,34365.676810204364,0.0,2.110270907714379e-221,0.0,1329323.731011194,1.7457511377776679e-221,180871.9832116019,0.0,3.552713678800501e-15,5.204170427930421e-17,,,220,24,new_300K_solve,direct_fixed
direct,300,2.1,10.0,2.1,2.1,fixed_budget,,3.5,2e-10,1.4142135623730951e-05,1.0475768654282459e-10,1.0,1.0,4,12450.591629650557,1.99480469885021e-05,2.50651103984363e+18,0.43321562790914264,0.36192432252496354,-0.8411418442228571,0.10243002478294691,0.0,1.1110900590098053e-221,1.4561735328260128e-221,26146.24242226617,9314.12137078323,16832.12105148294,26146.24242226617,1.3868319360247743e-221,1.3868319360247743e-221,1.3597666499341677e-217,1011381.8133321184,0.0,124505.91629650557,0.0,3.552713678800501e-15,5.204170427930421e-17,,,220,24,new_300K_solve,direct_fixed
direct,300,2.2,10.0,2.2,2.2,fixed_budget,,3.5,2e-10,1.4142135623730951e-05,1.0475768654282459e-10,1.0,1.0,4,5981.590557424772,9.583564625261003e-06,5.217265386639815e+18,0.20812814252609937,0.6934517201276214,-0.9411418442228572,0.049210068673139616,0.0,2.1294513171016002e-221,2.2732526355324165e-221,13159.499226334498,5072.907091772064,8086.592134562434,13159.499226334498,0.0,0.0,-6.798833249670839e-218,509032.15747508703,1.1397454865124234e-221,59815.905574247714,0.0,3.552713678800501e-15,5.204170427930421e-17,,,220,24,new_300K_solve,direct_fixed
direct,300,2.3,10.0,2.3,2.3,fixed_budget,,3.5,2e-10,1.4142135623730951e-05,1.0475768654282459e-10,1.0,1.0,4,1914.9387074677318,3.068070052646961e-06,1.6296889947758123e+19,0.06662987585164568,0.9018620279509922,-1.041141844222857,0.015754048098681063,0.0,3.665689067964853e-222,5.91736367606029e-222,4404.359027175783,1815.5278222789127,2588.83120489687,4404.359027175783,0.0,0.0,5.665694374725699e-219,170368.21381558373,1.7026858795382967e-221,19149.387074677317,0.0,3.552713678800501e-15,5.204170427930421e-17,,,220,24,new_300K_solve,direct_fixed
direct,300,2.4,10.0,2.4,2.4,fixed_budget,,3.5,2e-10,1.4142135623730951e-05,1.0475768654282459e-10,1.0,1.0,4,787.9797277838768,1.262482707921008e-06,3.960450284688449e+19,0.027417583252720368,0.95961712391838,-1.1411418442228571,0.006482646414449806,0.0,9.122649124813017e-222,1.438030491129502e-221,1891.1513466813044,825.8710324039785,1065.280314277326,1891.1513466813044,2.3967174852158366e-221,0.0,-5.665694374725699e-219,73153.0002438583,1.982718077310235e-221,7879.797277838768,0.0,3.552713678800501e-15,5.204170427930421e-17,,,220,24,new_300K_solve,direct_fixed
direct,300,2.5,10.0,2.5,2.5,fixed_budget,,3.5,2e-10,1.4142135623730951e-05,1.0475768654282459e-10,1.0,1.0,4,159.4946556505505,2.5553861053118803e-07,1.9566514780707704e+20,0.005549581855311801,0.9918261184864996,-1.2411418442228572,0.0013121498290942738,0.0,7.483750119406585e-222,8.880696271007222e-222,398.73663912637625,183.11368474553277,215.62295438084345,398.73663912637625,1.4209114033611554e-221,0.0,2.8328471873628494e-219,15423.821848227013,1.1754688414795408e-221,1594.946556505505,0.0,3.552713678800501e-15,5.204170427930421e-17,,,220,24,new_300K_solve,direct_fixed
direct,300,2.6,10.0,2.6,2.6,fixed_budget,,3.5,2e-10,1.4142135623730951e-05,1.0475768654282459e-10,1.0,1.0,4,35.81218108285227,5.7377439743522724e-08,8.714226396907931e+20,0.0012460770520861747,0.998164675006228,-1.341141844222857,0.00029462397084295316,0.0,1.106647066283706e-221,1.9775723662355239e-221,93.1116708154159,44.69670508248912,48.41496573292679,93.1116708154159,1.5212095124888645e-221,1.5212095124888645e-221,-5.311588476305343e-220,3601.720237684407,0.0,358.1218108285227,0.0,3.552713678800501e-15,5.204170427930421e-17,,,220,24,new_300K_solve,direct_fixed
direct,300,2.7,10.0,2.7,2.7,fixed_budget,,3.5,2e-10,1.4142135623730951e-05,1.0475768654282459e-10,1.0,1.0,4,11.453416409870266,1.8350396151366306e-08,2.724736816991124e+21,0.00039851913300975285,0.9994130281554523,-1.4411418442228572,9.422635576894844e-05,0.0,1.5183473254261875e-221,1.5458527209191338e-221,30.924224306649723,15.44019774803483,15.484026558614891,30.924224306649723,0.0,0.0,1.770529492101781e-220,1196.2024045380122,0.0,114.53416409870268,0.0,7.105427357601002e-15,5.204170427930421e-17,,,220,24,new_300K_solve,direct_fixed
direct,300,2.8,10.0,2.8,2.8,fixed_budget,,3.5,2e-10,1.4142135623730951e-05,1.0475768654282459e-10,1.0,1.0,4,1.8629274651527057,2.984738855504514e-09,1.675188430900379e+22,6.482015598707478e-05,0.999904527508456,-1.541141844222857,1.5326167778432957e-05,0.0,4.646865967306657e-222,1.1880021667648833e-221,5.216196902427575,2.6976803904164366,2.5185165120111392,5.216196902427575,0.0,0.0,3.319742797690839e-221,201.7715049326515,0.0,18.629274651527055,0.0,3.552713678800501e-15,5.204170427930421e-17,,,220,24,new_300K_solve,direct_fixed
direct,300,2.9,10.0,2.9,2.9,fixed_budget,,3.5,2e-10,1.4142135623730951e-05,1.0475768654282459e-10,1.0,1.0,4,0.3849364334164095,6.16736159195068e-10,8.107194503603843e+22,1.3393779481969571e-05,0.9999802725137452,-1.6411418442228571,3.166853386384099e-06,0.0,8.283060073590446e-222,7.186777065647072e-222,1.1163156569075874,0.5959149533007857,0.5204007036068018,1.1163156569075874,0.0,1.9825591905233302e-221,-5.5329046628180653e-222,43.18101756651483,0.0,3.8493643341640946,0.0,1.4210854715202004e-14,5.204170427930421e-17,,,220,24,new_300K_solve,direct_fixed
direct,300,1.47639320225,10.0,1.4763932022500001,1.4763932022500001,fixed_budget,,3.5,2e-10,1.4142135623730951e-05,1.0475768654282459e-10,1.0,1.0,4,19438.25016329627,3.114351021747997e-05,1.60547091997152e+18,0.6763496868609233,0.0038164441785319262,-0.21753504647285715,0.0038164441785319262,0.0,1.8589855521932997e-221,3.7308341742316127e-221,28698.500404725568,2419.6704896531846,26278.829915072383,28698.500404725568,0.0,0.0,1.3597666499341677e-217,1110107.5600265237,2.0904896961806105e-221,194382.5016329627,0.0,3.552713678800501e-15,5.204170427930421e-17,,,220,24,new_300K_solve,direct_fixed
direct,300,1.52360679775,10.0,1.52360679775,1.52360679775,fixed_budget,,3.5,2e-10,1.4142135623730951e-05,1.0475768654282459e-10,1.0,1.0,4,19391.08538486378,3.106794391152765e-05,1.6093758937632074e+18,0.6747085986531015,0.006233574130691333,-0.26474864197285713,0.006233574130691333,0.0,8.418634508198751e-222,9.349771629222082e-222,29544.389508129134,3329.322286714732,26215.067221414403,29544.389508129134,1.227320807839587e-221,0.0,-2.2662777498902796e-218,1142828.011457419,2.0306366247779994e-221,193910.85384863784,0.0,3.552713678800501e-15,5.204170427930421e-17,,,220,24,new_300K_solve,direct_fixed
direct,300,1.4472135955,10.0,1.4472135955,1.4472135955,fixed_budget,,3.5,2e-10,1.4142135623730951e-05,1.0475768654282459e-10,1.0,1.0,4,19434.892990587552,3.113813143380976e-05,1.6057482481337992e+18,0.6762328747666656,0.0039884946572685655,-0.18835543972285715,0.0039884946572685655,0.0,2.407996420902835e-221,2.7986089773536943e-221,28126.44136306596,1852.1500545999743,26274.29130846598,28126.44136306596,1.2891941618273695e-221,1.2891941618273695e-221,0.0,1087979.3283080715,0.0,194348.9299058755,0.0,3.552713678800501e-15,5.204170427930421e-17,,,220,24,new_300K_solve,direct_fixed
direct,300,1.46574821476,10.0,1.46574821476,1.46574821476,fixed_budget,,3.5,2e-10,1.4142135623730951e-05,1.0475768654282459e-10,1.0,1.0,4,19439.97803707446,3.114627857647388e-05,1.6053282217082312e+18,0.676409807853245,0.0037278930265575876,-0.20689005898285714,0.0037278930265575876,0.0,8.73033617097195e-222,1.865251284188248e-221,28494.113102815496,2212.947252113608,26281.165850701887,28494.113102815496,0.0,2.545118275301686e-221,-2.2662777498902796e-218,1102201.5061970896,2.1054847075056319e-221,194399.7803707446,0.0,3.552713678800501e-15,5.204170427930421e-17,,,220,24,new_300K_solve,direct_fixed
direct,300,1.46564744245,10.0,1.46564744245,1.46564744245,fixed_budget,,3.5,2e-10,1.4142135623730951e-05,1.0475768654282459e-10,1.0,1.0,4,19439.978631671733,3.114627952912374e-05,1.6053281726071598e+18,0.6764098285421278,0.0037278625542659424,-0.20678928667285715,0.0037278625542659424,0.0,1.5403647780463233e-221,3.730502454274176e-221,28492.154962792327,2210.988308246444,26281.166654545883,28492.154962792327,0.0,1.272646595022268e-221,-1.0198249874506258e-217,1102125.7619591448,0.0,194399.78631671733,0.0,3.552713678800501e-15,5.204170427930421e-17,,,220,24,new_300K_solve,direct_fixed
direct,300,1.46549515227,10.0,1.46549515227,1.46549515227,fixed_budget,,3.5,2e-10,1.4142135623730951e-05,1.0475768654282459e-10,1.0,1.0,4,19439.97896608545,3.1146280064913585e-05,1.60532814499171e+18,0.6764098401779804,0.00372784541602342,-0.20663699649285713,0.00372784541602342,0.0,3.026986567025731e-221,3.7305023901006914e-221,28489.194935028994,2208.027828384743,26281.16710664425,28489.194935028994,2.545557646043575e-221,2.545557646043575e-221,6.798833249670839e-218,1102011.2629730788,0.0,194399.7896608545,0.0,3.552713678800501e-15,5.204170427930421e-17,,,220,24,new_300K_solve,direct_fixed
direct,300,1.46549629416,10.0,1.46549629416,1.46549629416,fixed_budget,,3.5,2e-10,1.4142135623730951e-05,1.0475768654282459e-10,1.0,1.0,4,19439.978966105227,3.114628006494527e-05,1.6053281449900767e+18,0.6764098401786685,0.003727845415009944,-0.20663813838285713,0.003727845415009944,0.0,6.689871352541053e-222,0.0,28489.217133375558,2208.0500267045704,26281.167106670986,28489.217133375558,0.0,1.2727778312926964e-221,1.1331388749451398e-218,1102012.1216434618,0.0,194399.78966105226,0.0,3.552713678800501e-15,5.204170427930421e-17,,,220,24,new_300K_solve,direct_fixed
direct,300,1.46549638257,10.0,1.46549638257,1.46549638257,fixed_budget,,3.5,2e-10,1.4142135623730951e-05,1.0475768654282459e-10,1.0,1.0,4,19439.978966105165,3.1146280064945176e-05,1.6053281449900818e+18,0.6764098401786663,0.003727845415013117,-0.20663822679285715,0.003727845415013117,0.0,1.2996996705335774e-221,3.7305023900969085e-221,28489.21885206401,2208.051745393104,26281.167106670902,28489.21885206401,1.272777754508964e-221,1.272777754508964e-221,-1.5863944249231957e-217,1102012.1881252993,0.0,194399.78966105165,0.0,3.552713678800501e-15,5.204170427930421e-17,,,220,24,new_300K_solve,direct_fixed
direct,300,1.46549620576,10.0,1.46549620576,1.46549620576,fixed_budget,,3.5,2e-10,1.4142135623730951e-05,1.0475768654282459e-10,1.0,1.0,4,19439.97896610506,3.114628006494501e-05,1.6053281449900905e+18,0.6764098401786627,0.0037278454150185014,-0.20663804998285715,0.0037278454150185014,0.0,4.898931965160301e-222,1.8652511950484643e-221,28489.21541488117,2208.048308210411,26281.16710667076,28489.21541488117,1.2727779080677682e-221,1.2727779080677682e-221,-9.065110999561118e-218,1102012.0551691311,2.1058466692830164e-221,194399.7896610506,0.0,3.552713678800501e-15,5.204170427930421e-17,,,220,24,new_300K_solve,direct_fixed
direct,300,1.17563711966,10.0,1.17563711966,1.17563711966,fixed_budget,,3.5,2e-10,1.4142135623730951e-05,1.0475768654282459e-10,1.0,1.0,4,1079.310178694803,1.7292455491431778e-06,2.8914343613476094e+19,0.037554362931516455,0.9446868394502594,0.08322103611714286,0.008879398809112062,1.1065809325636131e-221,4.3976844400358994e-222,3.716551271810136e-219,1268.877109700478,-190.256730704702,1459.1338404051799,1268.877109700478,1.786049833009629e-220,3.572099666019258e-221,2.344181047542758e-217,49082.35804513197,1.1820277734790963e-220,10793.10178694803,0.0,3.552713678800501e-15,5.204170427930421e-17,,,220,24,new_300K_solve,direct_fixed
direct,300,1.18995633492,10.0,1.18995633492,1.18995633492,fixed_budget,,3.5,2e-10,1.4142135623730951e-05,1.0475768654282459e-10,1.0,1.0,4,1805.0619079687408,2.8920280118709744e-06,1.7288905845574054e+19,0.06280673650987785,0.9074930626328702,0.06890182085714286,0.014850100428625973,0.0,6.21394421060907e-222,1.531725223750066e-219,2147.944852310185,-292.3424403831778,2440.287292693363,2147.944852310185,2.1101824355060357e-221,0.0,-3.895164882623918e-218,83086.21654241424,1.0474067687431858e-220,18050.61907968741,0.0,3.552713678800501e-15,5.204170427930421e-17,,,220,24,new_300K_solve,direct_fixed
direct,300,1.19182828994,10.0,1.19182828994,1.19182828994,fixed_budget,,3.5,2e-10,1.4142135623730951e-05,1.0475768654282459e-10,1.0,1.0,4,1927.3125851931393,3.087895190410582e-06,1.6192259424890567e+19,0.06706042223594097,0.9012278837555041,0.06702986583714286,0.015855847004277432,0.0,7.104820010250368e-222,1.975469183912442e-219,2297.02566259058,-308.533952806423,2605.5596153970027,2297.02566259058,0.0,0.0,-2.2662777498902796e-218,88852.91975732839,1.1426663690104638e-220,19273.125851931392,0.0,3.552713678800501e-15,5.204170427930421e-17,,,220,24,new_300K_solve,direct_fixed
direct,300,1.19207694202,10.0,1.19207694202,1.19207694202,fixed_budget,,3.5,2e-10,1.4142135623730951e-05,1.0475768654282459e-10,1.0,1.0,4,1944.094314587751,3.1147824851247393e-06,1.6052485282290145e+19,0.06764433886041482,0.900367843231264,0.06678121375714285,0.015993908954160613,0.0,1.243885946178128e-221,3.637059440275688e-219,2317.5100055322337,-310.7370538855522,2628.247059417786,2317.5100055322337,1.5646294476263538e-220,0.0,-3.555223220140376e-217,89645.28952024331,3.5594944128380045e-220,19440.943145877507,0.0,3.552713678800501e-15,5.204170427930421e-17,,,220,24,new_300K_solve,direct_fixed
direct,300,1.19207551341,10.0,1.19207551341,1.19207551341,fixed_budget,,3.5,2e-10,1.4142135623730951e-05,1.0475768654282459e-10,1.0,1.0,4,1943.9975269107042,3.1146274141701163e-06,1.6053284502834299e+19,0.06764097115424207,0.9003728034664429,0.06678264236714286,0.015993112689657505,0.0,3.638005337194134e-222,3.141783079148357e-219,2317.391849959848,-310.7243609051303,2628.1162108649783,2317.391849959848,1.7602978753348004e-220,1.9558865281497783e-221,-3.7535225232557755e-217,89640.71905864027,2.2652482992392585e-220,19439.975269107043,0.0,3.552713678800501e-15,5.204170427930421e-17,,,220,24,new_300K_solve,direct_fixed
direct,300,1.19207551886,10.0,1.1920755188600003,1.1920755188600003,fixed_budget,,3.5,2e-10,1.4142135623730951e-05,1.0475768654282459e-10,1.0,1.0,4,1943.9978961375905,3.1146280057368065e-06,1.6053281453806178e+19,0.06764098400141128,0.9003727845440734,0.06678263691714285,0.015993115727257663,0.0,3.303721437217339e-222,3.7305023910044464e-220,2317.392300700967,-310.72440932676886,2628.1167100277357,2317.392300700967,1.9558861477228292e-221,1.9558861477228292e-221,-7.082117968407124e-220,89640.73649408521,1.6180341847430962e-221,19439.978961375906,0.0,3.552713678800501e-15,5.204170427930421e-17,,,220,24,new_300K_solve,direct_fixed
direct,300,1.19207552386,10.0,1.19207552386,1.19207552386,fixed_budget,,3.5,2e-10,1.4142135623730951e-05,1.0475768654282459e-10,1.0,1.0,4,1943.9982348779079,3.1146285484586277e-06,1.6053278656533242e+19,0.06764099578780695,0.9003727671840985,0.06678263191714286,0.01599311851404725,0.0,6.468586622288075e-222,1.7953039628403898e-219,2317.3927142249972,-310.72445375029565,2628.117167975293,2317.3927142249972,1.9558857987073529e-221,1.9558857987073529e-221,-2.2662777498902796e-218,89640.75248990889,1.2944271168121276e-220,19439.982348779078,0.0,3.552713678800501e-15,5.204170427930421e-17,,,220,24,new_300K_solve,direct_fixed
direct,300,1.24931398744,10.0,1.24931398744,1.24931398744,fixed_budget,,3.5,2e-10,1.4142135623730951e-05,1.0475768654282459e-10,1.0,1.0,4,9809.50580244559,1.5716560987765745e-05,3.1813575526428165e+18,0.3413196209539575,0.49727633458410847,0.009544168337142857,0.08070202223096702,0.0,1.575853909163189e-222,1.497066224847719e-219,12255.152808869116,-1006.4490517825956,13261.601860651712,12255.152808869116,0.0,0.0,7.790329765247836e-218,474050.47617629997,1.2238509043415594e-221,98095.0580244559,0.0,3.552713678800501e-15,5.204170427930421e-17,,,220,24,new_300K_solve,direct_fixed
direct,300,1.24870585918,10.0,1.24870585918,1.24870585918,fixed_budget,,3.5,2e-10,1.4142135623730951e-05,1.0475768654282459e-10,1.0,1.0,4,9695.082887749712,1.5533235267445833e-05,3.218904441934821e+18,0.3373383005226359,0.5031403514101535,0.010152296597142858,0.07976067403360529,0.0,3.8781648474971955e-222,2.6180602159516474e-220,12106.30680716882,-1000.6051874497091,13106.911994618527,12106.30680716882,0.0,0.0,-1.0198249874506258e-217,468292.85576279525,2.477796092049647e-221,96950.82887749712,0.0,3.552713678800501e-15,5.204170427930421e-17,,,220,24,new_300K_solve,direct_fixed
direct,300,1.2488382313,10.0,1.2488382313,1.2488382313,fixed_budget,,3.5,2e-10,1.4142135623730951e-05,1.0475768654282459e-10,1.0,1.0,4,9719.989810182005,1.5573140556591704e-05,3.2106561819244805e+18,0.3382049314717303,0.5018639059305381,0.010019924477142858,0.0799655812988658,0.0,3.371528154298109e-222,1.1564557020091469e-219,12138.69488280172,-1001.8891127843681,13140.583995586087,12138.69488280172,1.4935890698438594e-221,0.0,-1.147303110881954e-217,469545.68246480904,2.4711849161360067e-221,97199.89810182006,0.0,3.552713678800501e-15,5.204170427930421e-17,,,220,24,new_300K_solve,direct_fixed
direct,300,1.2488382263,10.0,1.2488382263,1.2488382263,fixed_budget,,3.5,2e-10,1.4142135623730951e-05,1.0475768654282459e-10,1.0,1.0,4,9719.988869386218,1.5573139049270675e-05,3.210656492683254e+18,0.3382048987369455,0.5018639541450268,0.010019929477142857,0.07996557355901385,0.0,2.985996595080842e-222,5.689016504070816e-220,12138.693659300026,-1001.8890644116739,13140.5827237117,12138.693659300026,0.0,1.493589220387963e-221,-1.1189746390083255e-217,469545.6351376505,1.2355925826077197e-221,97199.88869386217,0.0,3.552713678800501e-15,5.204170427930421e-17,,,220,24,new_300K_solve,direct_fixed
direct,300,1.3179196736,10.0,1.3179196736,1.3179196736,fixed_budget,,3.5,2e-10,1.4142135623730951e-05,1.0475768654282459e-10,1.0,1.0,4,18191.00908814578,2.914520970990881e-05,1.715547786331452e+18,0.632952204910055,0.06773583191879573,-0.059061517822857144,0.06773583191879573,0.0,1.3074182694336698e-222,3.98663359712944e-220,23974.28875990372,-618.3792938062545,24592.66805370998,23974.28875990372,0.0,1.5124721471983343e-221,-3.498566276393119e-217,927366.894551943,1.251213748043527e-221,181910.0908814578,0.0,3.552713678800501e-15,5.204170427930421e-17,,,220,24,new_300K_solve,direct_fixed
direct,300,1.3066183946,10.0,1.3066183946,1.3066183946,fixed_budget,,3.5,2e-10,1.4142135623730951e-05,1.0475768654282459e-10,1.0,1.0,4,17570.43953249525,2.815094766807377e-05,1.7761391406622316e+18,0.6113596221871416,0.09953916716626869,-0.04776023882285714,0.09953916716626869,0.0,2.873965678533997e-222,2.1669045972209513e-220,22957.85949436532,-795.8522918610149,23753.711786226333,22957.85949436532,1.5794348775043285e-221,1.5794348775043285e-221,-4.567966089622595e-218,888049.6551145614,1.3066096037097565e-221,175704.3953249525,0.0,3.552713678800501e-15,5.204170427930421e-17,,,220,24,new_300K_solve,direct_fixed
direct,300,1.30559491301,10.0,1.30559491301,1.30559491301,fixed_budget,,3.5,2e-10,1.4142135623730951e-05,1.0475768654282459e-10,1.0,1.0,4,17502.22505552799,2.8041656026976298e-05,1.7830615977850808e+18,0.6089861142968427,0.10303506518441521,-0.04673675723285714,0.10303506518441521,0.0,5.680042444279348e-222,7.354754940321767e-220,22850.815998853508,-810.6757252319911,23661.4917240855,22850.815998853508,1.5868336605600326e-221,1.5868336605600326e-221,-3.158624613909577e-217,883909.0278363585,1.3127303505249868e-221,175022.2505552799,0.0,3.552713678800501e-15,5.204170427930421e-17,,,220,24,new_300K_solve,direct_fixed
direct,300,1.30550264445,10.0,1.3055026444500002,1.3055026444500002,fixed_budget,,3.5,2e-10,1.4142135623730951e-05,1.0475768654282459e-10,1.0,1.0,4,17495.967478911894,2.8031630283936523e-05,1.7836993244253944e+18,0.6087683832794285,0.10335575736975756,-0.04664448867285714,0.10335575736975756,0.0,7.975229239759457e-222,5.595757931835666e-220,22841.03181093068,-812.0002117828633,23653.03202271354,22841.03181093068,0.0,0.0,6.409316761408447e-218,883530.5585495081,1.3132926719011774e-221,174959.67478911893,0.0,3.552713678800501e-15,5.204170427930421e-17,,,220,24,new_300K_solve,direct_fixed
direct,300,1.30550284484,10.0,1.30550284484,1.30550284484,fixed_budget,,3.5,2e-10,1.4142135623730951e-05,1.0475768654282459e-10,1.0,1.0,4,17495.981088695182,2.80316520892133e-05,1.7836979369203935e+18,0.6087688568288782,0.10335505988710363,-0.046644689062857146,0.10335505988710363,0.0,4.551404795073093e-222,3.31600212089152e-220,22841.053084558403,-811.9973374028708,23653.050421961274,22841.053084558403,0.0,0.0,-2.772649184631389e-217,883531.3814501695,1.3132914487308056e-221,174959.81088695183,0.0,3.552713678800501e-15,5.204170427930421e-17,,,220,24,new_300K_solve,direct_fixed
direct,300,1.30550283984,10.0,1.3055028398400002,1.3055028398400002,fixed_budget,,3.5,2e-10,1.4142135623730951e-05,1.0475768654282459e-10,1.0,1.0,4,17495.98074911382,2.8031651545143975e-05,1.7836979715403773e+18,0.6087688450132185,0.10335507729018092,-0.04664468406285714,0.10335507729018092,0.0,5.8965624693082e-222,3.1087520486739003e-220,22841.052553754067,-811.9974091226317,23653.049962876696,22841.052553754067,0.0,0.0,-4.3909131404124166e-218,883531.360917741,1.3132914792504498e-221,174959.8074911382,0.0,3.552713678800501e-15,5.204170427930421e-17,,,220,24,new_300K_solve,direct_fixed
trap,300,0.6,10.0,0.6,0.6,fixed_budget,,3.5,2.0000000000000003e-10,1e-05,1.0475768654282459e-10,1.0,1.0,8,0.038343158127669835,6.14325120259198e-11,8.139012772081312e+23,4.161073729218515e-12,0.5012269697191898,0.6588581557771429,2.5522910528434393e-13,0.0,6.736243494348896e-222,3.36788526782052e-219,0.0230058948766019,-0.028895508103393842,0.051901402979995744,0.0230058948766019,9.469665156126289e-220,0.0,2.204355494581335e-221,0.8899077466600283,4.476521720572119e-220,0.38343158127669835,1.0245275826056631e-219,3.552713678800501e-15,5.204170427930421e-17,,,220,24,new_300K_solve,trap_fixed
trap,300,0.7,10.0,0.7,0.7,fixed_budget,,3.5,2.0000000000000003e-10,1e-05,1.0475768654282459e-10,1.0,1.0,8,0.26458335318721116,4.2390926622191913e-10,1.1794976893433768e+23,2.0004863114508987e-10,0.4996147352924342,0.5588581557771428,5.591526625140691e-13,0.0,6.103730911343281e-222,1.5479851677759307e-218,0.1852083472310478,-0.1729326352682295,0.3581409824992773,0.1852083472310478,2.4496637928801986e-219,2.9873948693660957e-221,4.592191513694184e-220,7.164178739016928,8.760986120178907e-219,2.6458335318721113,9.87035264838558e-220,3.552713678800501e-15,5.204170427930421e-17,,,220,24,new_300K_solve,trap_fixed
trap,300,0.8,10.0,0.8000000000000002,0.8000000000000002,fixed_budget,,3.5,2.0000000000000003e-10,1e-05,1.0475768654282459e-10,1.0,1.0,8,1.8444126927514377,2.9550749197793746e-09,1.6920044789840046e+22,9.621105344734021e-09,0.5034359658003771,0.45885815577714284,1.568160181494313e-11,0.0,6.94553708853415e-222,1.3860925201660003e-218,1.4755301542011505,-1.0210853769556725,2.4966155311568228,1.4755301542011505,3.389795729315656e-219,2.999819229482881e-221,4.9691692939999094e-219,57.07605471107063,8.524441762706461e-219,18.444126927514375,1.4399132301517834e-219,3.552713678800501e-15,5.204170427930421e-17,,,220,24,new_300K_solve,trap_fixed
trap,300,0.9,10.0,0.9000000000000001,0.9000000000000001,fixed_budget,,3.5,2.0000000000000003e-10,1e-05,1.0475768654282459e-10,1.0,1.0,8,12.797040090506872,2.0503118617371355e-08,2.4386534035674597e+21,4.6561047039099306e-07,0.5046201311962736,0.35885815577714286,7.286101561524954e-10,1.1065809325636131e-221,4.169542489206834e-222,5.79437239129929e-219,11.517336081456186,-5.805419584901978,17.322755666358166,11.517336081456186,1.5065279765981847e-219,0.0,-1.7283607482867687e-218,445.51045089747896,3.26834859063627e-219,127.97040090506873,1.992306385378824e-219,3.552713678800501e-15,5.204170427930421e-17,,,220,24,new_300K_solve,trap_fixed
trap,300,1.1,10.0,1.1,1.1,fixed_budget,,3.5,2.0000000000000003e-10,1e-05,1.0475768654282459e-10,1.0,1.0,8,546.400656438236,8.754303645476032e-07,5.711476551974357e+19,0.0009054380070335721,0.4288194370058042,0.15885815577714285,1.1782125458694917e-06,2.2131618651272261e-221,5.200996865646295e-222,8.964904834393144e-219,601.0407220820596,-139.61156236616372,740.6522844482233,601.0407220820596,1.3762651153560545e-219,1.8852946785699376e-221,8.274763233000872e-217,23249.2931706365,2.6357855229091026e-219,5464.00656438236,4.977177951424636e-220,3.552713678800501e-15,5.204170427930421e-17,,,220,24,new_300K_solve,trap_fixed
trap,300,1.4,10.0,1.4,1.4,fixed_budget,,3.5,2.0000000000000003e-10,1e-05,1.0475768654282459e-10,1.0,1.0,8,14661.139511326439,2.34897351528614e-05,2.1285893465643976e+18,0.4801999999524605,0.005917068029596041,-0.14114184422285714,8.120267660435426e-05,0.0,8.066834543484436e-222,1.1095260875914415e-219,20525.595315857016,628.6419332970872,19896.95338255993,20525.595315857016,8.83298229363207e-221,0.0,-1.7321864627884517e-216,793965.4759949037,1.1691533126070294e-220,146611.39511326439,1.7807292303962254e-220,3.552713678800501e-15,5.204170427930421e-17,,,220,24,new_300K_solve,trap_fixed
trap,300,1.6,10.0,1.6000000000000003,1.6000000000000003,fixed_budget,,3.5,2.0000000000000003e-10,1e-05,1.0475768654282459e-10,1.0,1.0,8,21119.57933997117,3.383729653841095e-05,1.477659420670375e+18,0.7319612722931222,0.004580138330161505,-0.34114184422285715,5.105769050382384e-05,1.1065809325636131e-221,7.943629616982083e-222,2.996211384189626e-221,33791.32694395388,5135.41497629046,28655.91196766342,33791.32694395388,0.0,0.0,-1.2393706444712466e-218,1307106.886241148,0.0,211195.7933997117,1.3735290240224632e-221,3.552713678800501e-15,5.204170427930421e-17,,,220,24,new_300K_solve,trap_fixed
trap,300,1.7,10.0,1.7000000000000002,1.7000000000000002,fixed_budget,,3.5,2.0000000000000003e-10,1e-05,1.0475768654282459e-10,1.0,1.0,8,21233.49852433947,3.4019815193770174e-05,1.4697316759426775e+18,0.73682111426931,0.008303009562427799,-0.4411418442228571,2.2562707049656113e-05,1.1065809325636131e-221,3.963778852472454e-222,1.7076999325702247e-221,36096.9474913771,7287.300414251764,28809.647077125337,36096.9474913771,4.0181174884005277e-221,2.0090587442002638e-221,4.023528270801297e-218,1396292.2709877866,1.662021959232019e-221,212334.98524339468,1.3661599460561797e-221,3.552713678800501e-15,5.204170427930421e-17,,,220,24,new_300K_solve,trap_fixed
trap,300,1.8,10.0,1.8000000000000003,1.8000000000000003,fixed_budget,,3.5,2.0000000000000003e-10,1e-05,1.0475768654282459e-10,1.0,1.0,8,21256.591745350564,3.4056814612877954e-05,1.4681349553194394e+18,0.7378979885325367,0.00796402842060118,-0.5411418442228572,2.6576310300648597e-05,2.2131618651272261e-221,2.5239342891458744e-221,3.411689365128414e-221,38261.865141631024,9422.88673442656,28838.97840720446,38261.865141631024,1.8953829806268963e-221,1.8953829806268963e-221,-9.118226884324172e-219,1480035.0246679059,0.0,212565.91745350562,2.729351492102731e-221,3.552713678800501e-15,5.204170427930421e-17,,,220,24,new_300K_solve,trap_fixed
trap,300,1.9,10.0,1.9,1.9,fixed_budget,,3.5,2.0000000000000003e-10,1e-05,1.0475768654282459e-10,1.0,1.0,8,21145.845343819234,3.387937931604487e-05,1.4758239675400604e+18,0.7336555930664538,0.009436192212825222,-0.6411418442228571,4.8633912020204414e-05,0.0,2.0329709570033079e-221,2.572167965527312e-221,40177.10615325654,11487.766160319978,28689.33999293657,40177.10615325654,0.0,0.0,-1.5943618076376537e-217,1554119.8547563883,1.4932364507056735e-221,211458.45343819234,1.3718229149479e-221,3.552713678800501e-15,5.204170427930421e-17,,,220,24,new_300K_solve,trap_fixed
trap,300,2.1,10.0,2.1,2.1,fixed_budget,,3.5,2.0000000000000003e-10,1e-05,1.0475768654282459e-10,1.0,1.0,8,20643.853868836897,3.307510030436098e-05,1.5117112129636524e+18,0.7160934477290688,0.023672092651851172,-0.8411418442228571,6.902020116608879e-05,0.0,1.3493986370409295e-221,1.9691748157558163e-221,43352.09312455748,15350.536527344084,28001.5565972134,43352.09312455748,3.3456695061124205e-221,1.6728347530562102e-221,9.472332782744528e-218,1676933.8342368812,1.3838759577200062e-221,206438.53868836895,0.0,3.552713678800501e-15,5.204170427930421e-17,,,220,24,new_300K_solve,trap_fixed
trap,300,2.2,10.0,2.2,2.2,fixed_budget,,3.5,2.0000000000000003e-10,1e-05,1.0475768654282459e-10,1.0,1.0,8,20309.560945134777,3.253950399309389e-05,1.5365937972075999e+18,0.703602069017618,0.029067419396495646,-0.9411418442228572,9.842449929326307e-05,0.0,1.26499722538623e-221,2.406089137722857e-221,44681.03407929651,17133.321411186374,27547.712668110136,44681.03407929651,3.2461597852809037e-221,1.6230798926404519e-221,-1.3863245923156944e-217,1728339.5655426795,0.0,203095.6094513478,1.4283103055235975e-221,3.552713678800501e-15,5.204170427930421e-17,,,220,24,new_300K_solve,trap_fixed
trap,300,2.3,10.0,2.3,2.3,fixed_budget,,3.5,2.0000000000000003e-10,1e-05,1.0475768654282459e-10,1.0,1.0,8,19189.46684864632,3.074491540381875e-05,1.6262851708412777e+18,0.6634516752137772,0.06379952808730474,-1.041141844222857,8.917641308173321e-05,1.1065809325636131e-221,1.3771024516586867e-221,1.8896014300054607e-221,44135.77375188654,18110.805532165083,26024.968219721457,44135.77375188654,1.643131678265618e-221,1.643131678265618e-221,-1.3385202960289464e-217,1707247.954374708,1.359303673459435e-221,191894.66848646323,0.0,3.552713678800501e-15,5.204170427930421e-17,,,220,24,new_300K_solve,trap_fixed
trap,300,2.4,10.0,2.4,2.4,fixed_budget,,3.5,2.0000000000000003e-10,1e-05,1.0475768654282459e-10,1.0,1.0,8,18291.645998396063,2.9306447816029772e-05,1.7061091918704476e+18,0.632507568891031,0.09416168576894235,-1.1411418442228571,7.13548761240179e-05,0.0,1.1446004099004388e-221,1.5641980276063538e-221,43899.950396150554,19105.213003140918,24794.737393009636,43899.950396150554,1.651958312983608e-221,1.651958312983608e-221,-1.7174136073387275e-218,1698125.8996909645,4.0998168916273686e-221,182916.45998396064,1.5858799804642638e-221,1.0658141036401503e-14,5.204170427930421e-17,,,220,24,new_300K_solve,trap_fixed
trap,300,2.5,10.0,2.5,2.5,fixed_budget,,3.5,2.0000000000000003e-10,1e-05,1.0475768654282459e-10,1.0,1.0,8,17193.43806317528,2.7546924722945647e-05,1.8150846420381622e+18,0.5921365240293995,0.11743332975106976,-1.2411418442228572,6.326822314653007e-05,0.0,5.563973448125016e-222,1.8618250229871936e-221,42983.595157938194,19680.894906722973,23302.70025121522,42983.595157938194,0.0,0.0,4.527243911304254e-217,1662679.6964655882,0.0,171934.38063175278,3.3743519000688253e-221,3.552713678800501e-15,5.204170427930421e-17,,,220,24,new_300K_solve,trap_fixed
trap,300,2.6,10.0,2.6,2.6,fixed_budget,,3.5,2.0000000000000003e-10,1e-05,1.0475768654282459e-10,1.0,1.0,8,13801.747205581552,2.2112836881157558e-05,2.261130051685282e+18,0.47106650400807243,0.23747461655549112,-1.341141844222857,4.476680006458856e-05,2.2131618651272261e-221,1.2987230447173727e-221,1.5445272810303743e-221,35884.54273451203,17184.03392307558,18700.508811436455,35884.54273451203,2.0209505951636896e-221,4.041901190327379e-221,-9.268721891152823e-218,1388076.0881539728,3.3437193186923128e-221,138017.4720558155,0.0,7.105427357601002e-15,5.204170427930421e-17,,,220,24,new_300K_solve,trap_fixed
trap,300,2.7,10.0,2.7,2.7,fixed_budget,,3.5,2.0000000000000003e-10,1e-05,1.0475768654282459e-10,1.0,1.0,8,11260.877158676816,1.8041914261976305e-05,2.7713245542561966e+18,0.38375581924554303,0.35567314831227514,-1.4411418442228572,2.2829601814826188e-05,0.0,1.5134609379085874e-221,1.8081263894688436e-221,30404.3683284274,15159.186197486148,15245.182130941255,30404.3683284274,0.0,0.0,4.629934621846157e-218,1176093.477471755,1.9732006514281342e-221,112608.77158676815,1.2880149028285883e-221,7.105427357601002e-15,5.204170427930421e-17,,,220,24,new_300K_solve,trap_fixed
trap,300,2.8,10.0,2.8,2.8,fixed_budget,,3.5,2.0000000000000003e-10,1e-05,1.0475768654282459e-10,1.0,1.0,8,9228.40674815784,1.4785537660946414e-05,3.381682908431991e+18,0.3092930648395503,0.4031200489077346,-1.541141844222857,1.5279487042936266e-05,0.0,8.09080641821836e-222,1.9646101969596605e-221,25839.538894841953,13348.863946874812,12490.674947967142,25839.538894841953,1.403292997828329e-221,0.0,-1.603657087471188e-217,999517.9911923261,0.0,92284.0674815784,0.0,7.105427357601002e-15,5.204170427930421e-17,,,220,24,new_300K_solve,trap_fixed
trap,300,2.9,10.0,2.9,2.9,fixed_budget,,3.5,2.0000000000000003e-10,1e-05,1.0475768654282459e-10,1.0,1.0,8,5126.841335085346,8.214105393299105e-06,6.087090146273135e+18,0.16438017069060587,0.5748232206046725,-1.6411418442228571,6.624235561526402e-06,0.0,2.1568423211079075e-221,2.2102085882598833e-221,14867.839871747503,7930.003698805058,6937.836172942445,14867.839871747503,1.219425428005453e-221,1.219425428005453e-221,-2.1666854659595544e-218,575113.7240666744,2.017573497879704e-221,51268.41335085346,0.0,7.105427357601002e-15,5.204170427930421e-17,,,220,24,new_300K_solve,trap_fixed
trap,300,1.77639320225,10.0,1.77639320225,1.77639320225,fixed_budget,,3.5,2.0000000000000003e-10,1e-05,1.0475768654282459e-10,1.0,1.0,8,21255.41623690586,3.405493124071478e-05,1.468216148979385e+18,0.7378531137275655,0.00830640677387602,-0.5175350464728572,2.3279550109021045e-05,0.0,6.851280488692808e-222,8.529695112553318e-222,37757.97691423385,8920.305022002949,28837.671892230897,37757.97691423385,1.920677269367955e-221,1.920677269367955e-221,-1.203960054629211e-218,1460543.757781018,1.5889071474403497e-221,212554.1623690586,1.364751218008531e-221,3.552713678800501e-15,5.204170427930421e-17,,,220,24,new_300K_solve,trap_fixed
trap,300,1.82360679775,10.0,1.8236067977500001,1.8236067977500001,fixed_budget,,3.5,2.0000000000000003e-10,1e-05,1.0475768654282459e-10,1.0,1.0,8,21252.11397289948,3.404964043048445e-05,1.468444288041153e+18,0.7377094107064932,0.00779265747428298,-0.5647486419728571,3.140732807754069e-05,1.1065809325636131e-221,2.691717682445282e-221,4.265510250472435e-221,38755.49950753725,9922.606148218892,28832.893359318354,38755.49950753725,1.8712412152599127e-221,1.8712412152599127e-221,2.5637267045633788e-217,1499129.6544831686,0.0,212521.13972899478,1.3649632801511792e-221,3.552713678800501e-15,5.204170427930421e-17,,,220,24,new_300K_solve,trap_fixed
trap,300,1.7472135955,10.0,1.7472135955,1.7472135955,fixed_budget,,3.5,2.0000000000000003e-10,1e-05,1.0475768654282459e-10,1.0,1.0,8,21249.144500053906,3.404488281047598e-05,1.468649496558539e+18,0.7375792904240628,0.008718618490139347,-0.48835543972285717,2.1284618038003125e-05,0.0,1.5117169851295288e-221,1.139850286767588e-221,37126.794163238235,8296.987840148415,28829.806323089822,37126.794163238235,1.9533301926805413e-221,1.9533301926805413e-221,-2.3902148143374042e-219,1436128.518874556,3.2318394703369214e-221,212491.44500053907,0.0,3.552713678800501e-15,5.204170427930421e-17,,,220,24,new_300K_solve,trap_fixed
trap,300,1.79062201645,10.0,1.79062201645,1.79062201645,fixed_budget,,3.5,2.0000000000000003e-10,1e-05,1.0475768654282459e-10,1.0,1.0,8,21256.63973043511,3.405689149345919e-05,1.4681316411276928e+18,0.7379024553895354,0.008086631333724318,-0.5317638606728572,2.5078169333082234e-05,0.0,4.7200300946946065e-222,7.779567074542565e-222,38062.6070970629,9223.48245030649,28839.12464675641,38062.6070970629,1.9053053252908946e-221,1.9053053252908946e-221,-7.657540053340202e-218,1472327.3793710545,3.152380983200875e-221,212566.3973043511,0.0,3.552713678800501e-15,5.204170427930421e-17,,,220,24,new_300K_solve,trap_fixed
trap,300,1.79260227216,10.0,1.79260227216,1.79260227216,fixed_budget,,3.5,2.0000000000000003e-10,1e-05,1.0475768654282459e-10,1.0,1.0,8,21256.692166358644,3.405697550507066e-05,1.4681280195464105e+18,0.737904170382821,0.008058816500277073,-0.5337441163828571,2.537369057840829e-05,0.0,4.537578920097512e-222,8.529183119006429e-222,38104.79467602018,9265.619851628451,28839.174824391728,38104.79467602018,3.8063917474473227e-221,3.8063917474473227e-221,-7.126381205709668e-218,1473959.2677861012,4.723336254820615e-221,212566.92166358646,1.3646692990410288e-221,3.552713678800501e-15,5.204170427930421e-17,,,220,24,new_300K_solve,trap_fixed
trap,300,1.79521845255,10.0,1.7952184525500001,1.7952184525500001,fixed_budget,,3.5,2.0000000000000003e-10,1e-05,1.0475768654282459e-10,1.0,1.0,8,21256.711911789058,3.4057007140737894e-05,1.4681266557974088e+18,0.7379043180664159,0.00802355282385822,-0.5363602967728571,2.5781218506487385e-05,0.0,1.9636699503759442e-221,1.9790351822478882e-221,38160.44146458311,9321.264417006849,28839.17704757626,38160.44146458311,0.0,0.0,8.950026582574502e-218,1476111.7816737166,0.0,212567.1191178906,1.3646680313951766e-221,3.552713678800501e-15,5.204170427930421e-17,,,220,24,new_300K_solve,trap_fixed
trap,300,1.79482657222,10.0,1.7948265722200003,1.7948265722200003,fixed_budget,,3.5,2.0000000000000003e-10,1e-05,1.0475768654282459e-10,1.0,1.0,8,21256.712653805695,3.4057008329579616e-05,1.46812660454892e+18,0.7379044533010855,0.008028721061389237,-0.5359684164428571,2.5718934291538358e-05,2.2131618651272261e-221,2.405107323708005e-221,3.4116699593953995e-221,38152.11270909558,9312.931203298325,28839.181505797256,38152.11270909558,1.9008354412624637e-221,0.0,-9.764470148941322e-218,1475789.6110271001,0.0,212567.12653805694,0.0,3.552713678800501e-15,5.204170427930421e-17,,,220,24,new_300K_solve,trap_fixed
trap,300,1.79479945842,10.0,1.79479945842,1.79479945842,fixed_budget,,3.5,2.0000000000000003e-10,1e-05,1.0475768654282459e-10,1.0,1.0,8,21256.71265614149,3.405700833332197e-05,1.4681266043875945e+18,0.7379044605795582,0.00802908017411735,-0.5359413026428571,2.5714641071226833e-05,1.1065809325636131e-221,5.035647214443386e-222,8.529174897551269e-222,38151.53636303231,9312.354612277864,28839.181750754447,38151.53636303231,1.9008641567252715e-221,1.9008641567252715e-221,6.807685897131348e-218,1475767.3169659816,0.0,212567.12656141492,1.364667983608203e-221,3.552713678800501e-15,5.204170427930421e-17,,,220,24,new_300K_solve,trap_fixed
trap,300,1.79480302946,10.0,1.7948030294600001,1.7948030294600001,fixed_budget,,3.5,2.0000000000000003e-10,1e-05,1.0475768654282459e-10,1.0,1.0,8,21256.712656195374,3.40570083334083e-05,1.4681266043838733e+18,0.737904459636283,0.008029032865704317,-0.5359448736828571,2.5715206392890673e-05,1.1065809325636131e-221,1.1992369831536063e-221,2.348854805765001e-221,38151.61227170018,9312.430552739552,28839.18171896063,38151.61227170018,3.801720749310663e-221,3.801720749310663e-221,2.036108915917048e-219,1475770.2532443546,1.5725133439882362e-221,212567.12656195374,0.0,3.552713678800501e-15,5.204170427930421e-17,,,220,24,new_300K_solve,trap_fixed
trap,300,1.79480293618,10.0,1.79480293618,1.79480293618,fixed_budget,,3.5,2.0000000000000003e-10,1e-05,1.0475768654282459e-10,1.0,1.0,8,21256.71265619536,3.405700833340828e-05,1.4681266043838743e+18,0.7379044596609817,0.008029034101415448,-0.5359447804028571,2.5715191625525174e-05,0.0,6.998901520735261e-222,9.628638849164336e-222,38151.610288874,9312.428569081072,28839.181719792927,38151.610288874,1.9008604734473794e-221,1.9008604734473794e-221,1.7324631080215926e-217,1475770.1765452134,3.145026851430681e-221,212567.1265619536,0.0,3.552713678800501e-15,5.204170427930421e-17,,,220,24,new_300K_solve,trap_fixed
trap,300,1.79480312275,10.0,1.7948031227500003,1.7948031227500003,fixed_budget,,3.5,2.0000000000000003e-10,1e-05,1.0475768654282459e-10,1.0,1.0,8,21256.712656195312,3.4057008333408205e-05,1.4681266043838774e+18,0.7379044596115785,0.00802903162986306,-0.5359449669728571,2.5715221161864023e-05,1.1065809325636131e-221,1.179978984312118e-221,2.580408577397161e-221,38151.6142547388,9312.432536610651,28839.181718128148,38151.6142547388,1.9008602758527092e-221,1.9008602758527092e-221,-3.0010474891125186e-218,1475770.329951713,3.145026524504769e-221,212567.1265619531,0.0,3.552713678800501e-15,5.204170427930421e-17,,,220,24,new_300K_solve,trap_fixed
trap,300,1.19539868967,10.0,1.19539868967,1.19539868967,fixed_budget,,3.5,2.0000000000000003e-10,1e-05,1.0475768654282459e-10,1.0,1.0,8,2095.3881188329105,3.3571818831553046e-06,1.4893443888421872e+19,0.017529003112374132,0.20712201731199445,0.06345946610714286,1.22797553519845e-05,0.0,7.375574088168434e-222,6.013446471390792e-219,2504.8242116029473,-341.97569161072096,2846.799903213668,2504.8242116029473,5.7904972061955305e-220,0.0,1.469113444785441e-216,96890.926516148,9.730235614964756e-220,20953.881188329105,1.03829291592359e-219,3.552713678800501e-15,5.204170427930421e-17,,,220,24,new_300K_solve,trap_fixed
trap,300,1.19670761732,10.0,1.19670761732,1.19670761732,fixed_budget,,3.5,2.0000000000000003e-10,1e-05,1.0475768654282459e-10,1.0,1.0,8,2125.349573589189,3.4051854258864615e-06,1.4683488194180688e+19,0.018124404627726562,0.20357598496917326,0.062150538457142857,1.2540164039391085e-05,0.0,4.2265488824994504e-222,2.1326164674765457e-219,2543.422024181996,-344.145104436747,2887.567128618743,2543.422024181996,1.603862792339572e-220,0.0,-3.9403133846725134e-217,98383.95656790059,3.243332737531522e-220,21253.49573589189,1.0577777678683667e-219,3.552713678800501e-15,5.204170427930421e-17,,,220,24,new_300K_solve,trap_fixed
trap,300,1.196721612,10.0,1.196721612,1.196721612,fixed_budget,,3.5,2.0000000000000003e-10,1e-05,1.0475768654282459e-10,1.0,1.0,8,2125.671272732519,3.405700844737083e-06,1.4681265994711861e+19,0.018130858852897377,0.20353818238958135,0.06213654377714286,1.2542959329871606e-05,0.0,6.625355308416592e-222,3.2665948467356546e-219,2543.8367520865518,-344.16809465426877,2888.0048467408205,2543.8367520865518,3.919914314996089e-220,1.7817792340891312e-221,-9.990655291557324e-217,98399.99895951367,7.370009020663446e-220,21256.71272732519,1.3646679790382531e-219,3.552713678800501e-15,5.204170427930421e-17,,,220,24,new_300K_solve,trap_fixed
trap,300,1.196721607,10.0,1.196721607,1.196721607,fixed_budget,,3.5,2.0000000000000003e-10,1e-05,1.0475768654282459e-10,1.0,1.0,8,2125.671157791122,3.405700660580662e-06,1.4681266788571824e+19,0.01813085654660459,0.2035381958952079,0.06213654877714286,1.2542958331132594e-05,0.0,3.081901902712323e-222,3.838128898584184e-219,2543.836603905342,-344.16808644113047,2888.004690346472,2543.836603905342,1.0690676027278091e-220,1.7817793378796819e-221,-3.0729752497291535e-217,98399.99322760856,2.505803212991287e-220,21256.71157791122,1.9105352739619052e-219,3.552713678800501e-15,5.204170427930421e-17,,,220,24,new_300K_solve,trap_fixed
trap,300,1.35271702238,10.0,1.35271702238,1.35271702238,fixed_budget,,3.5,2.0000000000000003e-10,1e-05,1.0475768654282459e-10,1.0,1.0,8,10349.492276942796,1.6581714699881202e-05,3.0153696951714053e+18,0.3125124226130055,0.010826258455296863,-0.09385886660285714,6.0573276165156435e-05,1.1065809325636131e-221,4.777722986943033e-222,9.158962141488352e-220,13999.934376010864,-49.87236840488152,14049.806744415746,13999.934376010864,1.2950219274019379e-221,1.2950219274019379e-221,-2.0786016237274908e-217,541541.6405564445,2.1426500217999067e-221,103494.92276942795,4.204315693324699e-220,3.552713678800501e-15,5.204170427930421e-17,,,220,24,new_300K_solve,trap_fixed
trap,300,1.35577513961,10.0,1.3557751396100002,1.3557751396100002,fixed_budget,,3.5,2.0000000000000003e-10,1e-05,1.0475768654282459e-10,1.0,1.0,8,10631.185555985268,1.7033037089517893e-05,2.9354717973795717e+18,0.3234385424211821,0.010256232636381535,-0.09691698383285714,6.19467112624596e-05,0.0,7.769641590144861e-222,1.0488093233574283e-219,14413.497081385745,-18.34697113000778,14431.844052515753,14413.497081385745,1.1320777814762801e-220,1.2578642016403113e-221,1.687867896439279e-216,557538.9602528452,1.6649372196950814e-220,106311.85555985269,4.7750668380500806e-220,3.552713678800501e-15,5.204170427930421e-17,,,220,24,new_300K_solve,trap_fixed
trap,300,1.35574442496,10.0,1.3557444249600001,1.3557444249600001,fixed_budget,,3.5,2.0000000000000003e-10,1e-05,1.0475768654282459e-10,1.0,1.0,8,10628.346953568753,1.7028489147052937e-05,2.9362557986333937e+18,0.3233284100357568,0.010261713082880259,-0.09688626918285714,6.193289211572762e-05,0.0,6.319560607868143e-222,5.009228816116494e-220,14409.322128841439,-18.672182601515033,14427.994311442953,14409.322128841439,5.032914619302767e-221,0.0,-4.642881618757151e-217,557377.4658779884,2.0817745226137717e-221,106283.46953568753,1.5011361060122697e-220,3.552713678800501e-15,5.204170427930421e-17,,,220,24,new_300K_solve,trap_fixed
trap,300,1.35574452639,10.0,1.35574452639,1.35574452639,fixed_budget,,3.5,2.0000000000000003e-10,1e-05,1.0475768654282459e-10,1.0,1.0,8,10628.356327291012,1.7028504165411713e-05,2.936253208990603e+18,0.3233287737173924,0.010261694976632985,-0.09688637061285714,6.193293775043608e-05,0.0,3.6570148263854504e-222,1.2618847627673977e-219,14409.335915247315,-18.67110893248153,14428.007024179797,14409.335915247315,6.291137254957617e-221,0.0,-8.507172893362545e-217,557377.9991599778,6.245317592509347e-221,106283.56327291013,4.094003951124959e-220,3.552713678800501e-15,5.204170427930421e-17,,,220,24,new_300K_solve,trap_fixed
trap,300,1.35574453139,10.0,1.35574453139,1.35574453139,fixed_budget,,3.5,2.0000000000000003e-10,1e-05,1.0475768654282459e-10,1.0,1.0,8,10628.356789369454,1.7028504905743e-05,2.936253081334058e+18,0.3233287916451099,0.010261694084085445,-0.09688637561285714,6.193294000000282e-05,0.0,8.234948781254233e-222,1.113057275820818e-219,14409.336594849416,-18.67105600583098,14428.007650855247,14409.336594849416,1.3840501308133178e-220,0.0,1.725878951472839e-216,557378.0254481608,1.8735951893865368e-220,106283.56789369455,5.595138489949858e-220,3.552713678800501e-15,5.204170427930421e-17,,,220,24,new_300K_solve,trap_fixed
trap,300,1.48358488499,10.0,1.48358488499,1.48358488499,fixed_budget,,3.5,2.0000000000000003e-10,1e-05,1.0475768654282459e-10,1.0,1.0,8,19539.26906988326,3.130536034920587e-05,1.5971705625572956e+18,0.6703683629233053,0.00401412697709518,-0.22472672921285713,0.00010400524782776969,0.0,5.865699993630031e-222,1.6701955166133041e-220,28988.16425583142,2476.3589383965045,26511.805317434915,28988.16425583142,1.2508706545965607e-221,0.0,6.311937639342849e-217,1121312.2580575768,4.1392010106224764e-221,195392.6906988326,2.9692364739792074e-221,3.552713678800501e-15,5.204170427930421e-17,,,220,24,new_300K_solve,trap_fixed
trap,300,1.47050952093,10.0,1.47050952093,1.47050952093,fixed_budget,,3.5,2.0000000000000003e-10,1e-05,1.0475768654282459e-10,1.0,1.0,8,19068.22150522182,3.055065894760271e-05,1.6366259099600689e+18,0.6520104121088247,0.00417508787959257,-0.21165136515285715,0.0001017222828871014,1.1065809325636131e-221,7.888299393886378e-223,3.0635709809857588e-220,28040.001270630863,2167.021955665229,25872.979314965636,28040.001270630863,1.2931684149466753e-221,1.2931684149466753e-221,-2.1252993390816753e-217,1084635.676244433,0.0,190682.2150522182,1.3691638557684308e-220,3.552713678800501e-15,5.204170427930421e-17,,,220,24,new_300K_solve,trap_fixed
trap,300,1.47225327874,10.0,1.47225327874,1.47225327874,fixed_budget,,3.5,2.0000000000000003e-10,1e-05,1.0475768654282459e-10,1.0,1.0,8,19136.51069055753,3.066007028470248e-05,1.630785563624327e+18,0.6546721925612479,0.004151422636195669,-0.21339512296285715,0.00010204910228355906,0.0,9.708970391286202e-222,3.789660987270407e-220,28173.790607816387,2208.2026071572623,25965.588000659125,28173.790607816387,6.435137625425626e-221,1.2870275250851254e-221,1.1553285890953716e-216,1089810.878870565,4.2588461188654884e-221,191365.10690557532,1.5158643949081628e-221,3.552713678800501e-15,5.204170427930421e-17,,,220,24,new_300K_solve,trap_fixed
trap,300,1.47211362069,10.0,1.47211362069,1.47211362069,fixed_budget,,3.5,2.0000000000000003e-10,1e-05,1.0475768654282459e-10,1.0,1.0,8,19131.105689195607,3.065141051781367e-05,1.6312463000990287e+18,0.6544615200856158,0.0041532932868169675,-0.21325546491285716,0.00010202319124675335,2.2131618651272261e-221,6.690190965107323e-222,2.7867800707555705e-220,28163.1612639248,2204.9031623741425,25958.25810155066,28163.1612639248,5.15005310070667e-221,1.2875132751766674e-221,1.0515008666452592e-216,1089399.717491198,0.0,191311.05689195608,1.3646633970288702e-220,3.552713678800501e-15,5.204170427930421e-17,,,220,24,new_300K_solve,trap_fixed
trap,300,1.472111961,10.0,1.472111961,1.472111961,fixed_budget,,3.5,2.0000000000000003e-10,1e-05,1.0475768654282459e-10,1.0,1.0,8,19131.041389412752,3.0651307498204005e-05,1.631251782747921e+18,0.6544590138480505,0.004153315543435474,-0.21325380522285714,0.00010202288304633184,0.0,9.644241482773576e-222,3.316901349240961e-220,28163.03485574057,2204.8639531853237,25958.170902555248,28163.03485574057,2.5750381082139217e-221,0.0,1.0842017164286797e-216,1089394.827804316,6.390708923866396e-221,191310.41389412753,0.0,3.552713678800501e-15,5.204170427930421e-17,,,220,24,new_300K_solve,trap_fixed
trap,300,1.472111966,10.0,1.4721119660000002,1.4721119660000002,fixed_budget,,3.5,2.0000000000000003e-10,1e-05,1.0475768654282459e-10,1.0,1.0,8,19131.041583125338,3.065130780856578e-05,1.6312517662305766e+18,0.6544590213984611,0.004153315476384028,-0.21325381022285714,0.00010202288397482945,0.0,3.1753547136394513e-222,2.1589473742078873e-220,28163.035236562395,2204.864071307304,25958.17116525509,28163.035236562395,2.5750380733941414e-221,1.2875190366970707e-221,-1.579768771589471e-217,1089394.8425351619,0.0,191310.41583125337,9.097786465797845e-221,3.552713678800501e-15,5.204170427930421e-17,,,220,24,new_300K_solve,trap_fixed
direct,300,0.5,10.0,0.5,0.5,distance,0.5,3.5,2.0611536224385585e-19,4.539992976248486e-10,1.0475768654282459e-10,1.0,1.0,4,1.044989382823759e-17,1.6742575719383076e-26,2.9863983199499236e+39,1.075001618270996e-21,0.999999999975928,0.7588581557771429,1.075001618270996e-21,0.0,1.3137176827572033e-221,2.2450388587817107e-210,5.224946914118795e-18,-8.902404068396426e-18,1.412735098251522e-17,5.224946914118795e-18,1.9762481468005676e-210,0.0,1.032579165612022e-227,2.0210997049676662e-16,3.211403238581975e-210,1.0449893828237589e-16,0.0,3.552713678800501e-15,5.204170427930421e-17,,,220,24,new_300K_solve,direct_a05
direct,300,0.6,10.0,0.6,0.6,distance,0.5,3.5,2.0611536224385585e-19,4.539992976248486e-10,1.0475768654282459e-10,1.0,1.0,4,2.074980302621696e-15,3.32448495687073e-24,1.5039923671985565e+37,7.290988818326221e-20,0.999999999975928,0.6588581557771429,7.290988818326221e-20,0.0,9.729346507214358e-222,8.469059664717639e-213,1.2449881815730175e-15,-1.5602053925215288e-15,2.805193574094546e-15,1.2449881815730175e-15,6.913784519071039e-213,3.1577530405560657e-221,-8.607580040756964e-228,4.815829304726688e-14,1.2839885544144684e-212,2.0749803026216957e-14,0.0,3.552713678800501e-15,5.204170427930421e-17,,,220,24,new_300K_solve,direct_a05
direct,300,0.7,10.0,0.7,0.7,distance,0.5,3.5,2.0611536224385585e-19,4.539992976248486e-10,1.0475768654282459e-10,1.0,1.0,4,2.185758457205436e-13,3.5019711277024383e-22,1.4277673394984221e+35,7.606010414228723e-18,0.999999999975928,0.5588581557771428,7.606010414228723e-18,0.0,3.7573787228118393e-222,3.5547992846207513e-215,1.5300309200438052e-13,-1.424925120227277e-13,2.954956040271082e-13,1.5300309200438052e-13,3.0469727887405025e-215,0.0,-4.661960063231332e-228,5.918423846060216e-12,6.601772696077755e-215,2.185758457205436e-12,0.0,3.552713678800501e-15,5.204170427930421e-17,,,220,24,new_300K_solve,direct_a05
direct,300,0.8,10.0,0.8000000000000002,0.8000000000000002,distance,0.5,3.5,2.0611536224385585e-19,4.539992976248486e-10,1.0475768654282459e-10,1.0,1.0,4,1.902649259844685e-11,3.048380186820549e-20,1.6402153581817448e+33,6.620233833438308e-16,0.9999999999759271,0.45885815577714284,6.620233833438308e-16,0.0,7.780785989675006e-222,3.930993000332332e-217,1.5221194078757486e-11,-1.0500975287035944e-11,2.572216936579343e-11,1.5221194078757486e-11,7.236202586354649e-218,0.0,1.1013156680616798e-228,5.88782075061919e-10,1.8814678247021953e-217,1.9026492598446853e-10,0.0,3.552713678800501e-15,5.204170427930421e-17,,,220,24,new_300K_solve,direct_a05
direct,300,0.9,10.0,0.9000000000000001,0.9000000000000001,distance,0.5,3.5,2.0611536224385585e-19,4.539992976248486e-10,1.0475768654282459e-10,1.0,1.0,4,2.680720816369344e-09,4.294988254264368e-18,1.1641475375481288e+31,9.327509849445588e-14,0.9999999999757907,0.35885815577714286,9.327509849445588e-14,0.0,3.2883644364111546e-222,2.921765241647968e-220,2.4126487347324097e-09,-1.2114535271153178e-09,3.6241022618477276e-09,2.4126487347324097e-09,1.1960442509670043e-220,0.0,3.040222219249847e-229,9.332541987712568e-08,4.099126564097866e-220,2.6807208163693438e-08,0.0,3.552713678800501e-15,5.204170427930421e-17,,,220,24,new_300K_solve,direct_a05
direct,300,1.1,10.0,1.1,1.1,distance,0.5,3.5,2.0611536224385585e-19,4.539992976248486e-10,1.0475768654282459e-10,1.0,1.0,4,9.997542909520823e-06,1.6017829647046636e-14,3.121521523311929e+27,3.4786233119968415e-10,0.9999999994635678,0.15885815577714285,9.42849447028319e-11,0.0,7.364223695428927e-222,8.44461743419614e-222,1.0997297200472904e-05,-2.5185145357098234e-06,1.3515811736182728e-05,1.0997297200472904e-05,0.0,0.0,0.0,0.00042539444883654145,1.27016871624939e-221,9.997542909520822e-05,0.0,3.552713678800501e-15,5.204170427930421e-17,,,220,24,new_300K_solve,direct_a05
direct,300,1.2,10.0,1.2,1.2,distance,0.5,3.5,2.0611536224385585e-19,4.539992976248486e-10,1.0475768654282459e-10,1.0,1.0,4,0.0005846498169363767,9.367122757678404e-13,5.337818377474991e+25,2.0342763226439164e-08,0.99999997001343,0.05885815577714286,4.821903391608972e-09,0.0,8.529105942600473e-222,9.241818013553337e-222,0.0007015797803236521,-8.881611282930904e-05,0.0007903958931529611,0.0007015797803236521,1.5403030022588894e-221,0.0,-3.377017006114542e-226,0.027138317581597047,0.0,0.005846498169363767,0.0,3.552713678800501e-15,5.204170427930421e-17,,,220,24,new_300K_solve,direct_a05
direct,300,1.3,10.0,1.3,1.3,distance,0.5,3.5,2.0611536224385585e-19,4.539992976248486e-10,1.0475768654282459e-10,1.0,1.0,4,0.005620258187176259,9.004646344541e-12,5.552688921571265e+24,1.9555566128847544e-07,0.9999997119454347,-0.041141844222857146,4.624945201282692e-08,0.0,7.541357140776967e-222,1.5382146598494162e-221,0.007306335643329137,-0.0002917664357600928,0.00759810207908923,0.007306335643329137,1.1832420460380127e-221,2.3664840920760253e-221,-2.7016136048916335e-225,0.2826216812504733,0.0,0.056202581871762594,0.0,3.552713678800501e-15,5.204170427930421e-17,,,220,24,new_300K_solve,direct_a05
direct,300,1.4,10.0,1.4,1.4,distance,0.5,3.5,2.0611536224385585e-19,4.539992976248486e-10,1.0475768654282459e-10,1.0,1.0,4,0.004037914411715279,6.469452120542076e-12,7.728629730675014e+24,1.4049835376085786e-07,0.9999997930383744,-0.14114184422285714,3.323163591719822e-08,0.0,1.435753730248198e-221,1.0704986106900691e-221,0.0056530801764013905,0.0001941697731672692,0.005458910403234121,0.0056530801764013905,1.5292837295572416e-221,1.5292837295572416e-221,-2.7016136048916335e-225,0.21867090449875606,1.2651213647971945e-221,0.040379144117152786,0.0,3.552713678800501e-15,5.204170427930421e-17,,,220,24,new_300K_solve,direct_a05
direct,300,1.6,10.0,1.6000000000000003,1.6000000000000003,distance,0.5,3.5,2.0611536224385585e-19,4.539992976248486e-10,1.0475768654282459e-10,1.0,1.0,4,0.0029272106280904607,4.689908471123e-12,1.0661188871352854e+25,1.0185165717350934e-07,0.9999998499604139,-0.34114184422285715,2.4093964435073824e-08,0.0,4.8910837519371395e-222,7.383448471978271e-222,0.004683537004944738,0.0007262018757554662,0.0039573351291892715,0.004683537004944738,0.0,1.8458621179945674e-221,0.0,0.1811673001561091,0.0,0.029272106280904608,0.0,3.552713678800501e-15,5.204170427930421e-17,,,220,24,new_300K_solve,direct_a05
direct,300,1.7,10.0,1.7000000000000002,1.7000000000000002,distance,0.5,3.5,2.0611536224385585e-19,4.539992976248486e-10,1.0475768654282459e-10,1.0,1.0,4,0.001056408549368532,1.6925530937560973e-12,2.954117078185151e+25,3.675750571992124e-08,0.9999999458364446,-0.4411418442228571,8.703024874530459e-09,0.0,2.5218245559540995e-221,2.045885453317486e-221,0.0017958945339265045,0.00036772171196626096,0.0014281728219602435,0.0017958945339265045,0.0,0.0,8.1048408146749e-225,0.0694683022111443,1.9911616113782256e-221,0.01056408549368532,0.0,3.552713678800501e-15,5.204170427930421e-17,,,220,24,new_300K_solve,direct_a05
direct,300,1.8,10.0,1.8000000000000003,1.8000000000000003,distance,0.5,3.5,2.0611536224385585e-19,4.539992976248486e-10,1.0475768654282459e-10,1.0,1.0,4,0.0007113683499274743,1.1397377484209349e-12,4.386974114814849e+25,2.475190702220307e-08,0.9999999635192797,-0.5411418442228572,5.864406660473789e-09,0.0,6.853566156509507e-222,0.0,0.001280463029869454,0.000318754660151686,0.0009617083697177681,0.001280463029869454,0.0,1.6878979193437978e-221,5.403227209783267e-225,0.04953052144698437,0.0,0.007113683499274744,0.0,7.105427357601002e-15,5.204170427930421e-17,,,220,24,new_300K_solve,direct_a05
direct,300,1.9,10.0,1.9,1.9,distance,0.5,3.5,2.0611536224385585e-19,4.539992976248486e-10,1.0475768654282459e-10,1.0,1.0,4,0.00025515014891289194,4.087956067498559e-13,1.2231051208579953e+26,8.877893939528471e-09,0.9999999868998343,-0.6411418442228571,2.1111358906271943e-09,0.0,1.4554829211947129e-221,1.0588328544593413e-221,0.0004847852829344947,0.00013984439011956965,0.000344940892814925,0.0004847852829344947,1.1145608994308856e-221,0.0,2.026210203668725e-225,0.018752332002914145,1.8440722005795875e-221,0.0025515014891289195,0.0,3.552713678800501e-15,5.204170427930421e-17,,,220,24,new_300K_solve,direct_a05
direct,300,2.1,10.0,2.1,2.1,distance,0.5,3.5,2.0611536224385585e-19,4.539992976248486e-10,1.0475768654282459e-10,1.0,1.0,4,3.545296681455166e-05,5.680191503625208e-14,8.802520120684142e+26,1.2335782697458785e-09,0.9999999981590123,-0.8411418442228571,3.0370468785278275e-10,0.0,9.070668088515604e-222,9.525343883853598e-222,7.445123031055848e-05,2.6521891142802836e-05,4.792933916775564e-05,7.445123031055848e-05,0.0,0.0,-8.442542515286355e-227,0.0028799021710353085,1.5009474319305333e-221,0.0003545296681455166,0.0,7.105427357601002e-15,5.204170427930421e-17,,,220,24,new_300K_solve,direct_a05
direct,300,2.2,10.0,2.2,2.2,distance,0.5,3.5,2.0611536224385585e-19,4.539992976248486e-10,1.0475768654282459e-10,1.0,1.0,4,8.889571315215552e-06,1.4242663447515006e-14,3.5105793368110356e+27,3.0931070054549305e-10,0.9999999995203498,-0.9411418442228572,8.516975072442818e-11,0.0,1.677206893524332e-221,1.8994262413612554e-221,1.9557056893474214e-05,7.539126748117889e-06,1.2017930145356327e-05,1.9557056893474214e-05,0.0,0.0,8.442542515286355e-227,0.0007565007370817072,1.4284790337751333e-221,8.889571315215553e-05,0.0,3.552713678800501e-15,5.204170427930421e-17,,,220,24,new_300K_solve,direct_a05
direct,300,2.3,10.0,2.3,2.3,distance,0.5,3.5,2.0611536224385585e-19,4.539992976248486e-10,1.0475768654282459e-10,1.0,1.0,4,2.188240956365989e-06,3.505948529851401e-15,1.4261475767335133e+28,7.613936816302588e-11,0.9999999998637837,-1.041141844222857,3.003844009495221e-11,0.0,6.965712285573288e-222,9.645352915461013e-222,5.032954199641774e-06,2.074642035611792e-06,2.958312164029982e-06,5.032954199641774e-06,0.0,0.0,-2.1106356288215886e-227,0.0001946833607155859,0.0,2.188240956365989e-05,0.0,3.552713678800501e-15,5.204170427930421e-17,,,220,24,new_300K_solve,direct_a05
direct,300,2.4,10.0,2.4,2.4,distance,0.5,3.5,2.0611536224385585e-19,4.539992976248486e-10,1.0475768654282459e-10,1.0,1.0,4,8.462475448481552e-07,1.3558380429355813e-15,3.687756090081594e+28,2.944499927567784e-11,0.9999999999325591,-1.1411418442228571,1.8997967282655094e-11,0.0,3.2283406917540884e-222,1.2470556881794596e-221,2.0309941076355725e-06,8.869407535377184e-07,1.144053354097854e-06,2.0309941076355725e-06,2.078426146965766e-221,0.0,5.276589072053972e-228,7.856235975606309e-05,0.0,8.462475448481552e-06,0.0,3.552713678800501e-15,5.204170427930421e-17,,,220,24,new_300K_solve,direct_a05
direct,300,2.5,10.0,2.5,2.5,distance,0.5,3.5,2.0611536224385585e-19,4.539992976248486e-10,1.0475768654282459e-10,1.0,1.0,4,1.6572611928423055e-07,2.6552251596069095e-16,1.883079475165948e+29,5.766404277893403e-12,0.9999999999674348,-1.2411418442228572,5.766404277893403e-12,0.0,7.457132007356886e-222,1.1143724255387306e-220,4.1431529821057637e-07,1.902679449473354e-07,2.24047353263241e-07,4.1431529821057637e-07,2.5471369726599555e-221,0.0,-1.121275177811469e-227,1.60264312870672e-05,4.2143094062864557e-221,1.6572611928423055e-06,0.0,3.552713678800501e-15,5.204170427930421e-17,,,220,24,new_300K_solve,direct_a05
direct,300,2.6,10.0,2.6,2.6,distance,0.5,3.5,2.0611536224385585e-19,4.539992976248486e-10,1.0475768654282459e-10,1.0,1.0,4,3.69750646424997e-08,5.924058461085258e-17,8.440159787153796e+29,1.2865393333431954e-12,0.9999999999740332,-1.341141844222857,1.2865393333431954e-12,0.0,1.318675589983411e-221,6.600184392970345e-220,9.613516807049923e-08,4.6148084527672486e-08,4.998708354282675e-08,9.613516807049923e-08,1.921051590469539e-220,0.0,-1.7808488118182154e-227,3.718674333307981e-06,2.0432787554694506e-220,3.6975064642499703e-07,0.0,7.105427357601002e-15,5.204170427930421e-17,,,220,24,new_300K_solve,direct_a05
direct,300,2.7,10.0,2.7,2.7,distance,0.5,3.5,2.0611536224385585e-19,4.539992976248486e-10,1.0475768654282459e-10,1.0,1.0,4,1.1810557825871586e-08,1.8922599783117292e-17,2.6423430486866766e+30,4.109457916172252e-13,0.9999999999753229,-1.4411418442228572,4.109457916172252e-13,0.0,4.571104365425058e-222,8.795761291520226e-220,3.188850612985328e-08,1.592165532276523e-08,1.596685080708805e-08,3.188850612985328e-08,2.27521162155726e-220,0.0,-7.337756678325054e-228,1.233502490843503e-06,2.0533098014694185e-220,1.1810557825871585e-07,0.0,7.105427357601002e-15,5.204170427930421e-17,,,220,24,new_300K_solve,direct_a05
direct,300,2.8,10.0,2.8,2.8,distance,0.5,3.5,2.0611536224385585e-19,4.539992976248486e-10,1.0475768654282459e-10,1.0,1.0,4,1.920073160692089e-09,3.0762963536313924e-18,1.6253310556695178e+31,6.680852874630907e-14,0.9999999999758297,-1.541141844222857,6.680852874630907e-14,0.0,1.1683352853984805e-221,9.800907918775284e-219,5.376204849937849e-09,2.780432309177088e-09,2.5957725407607615e-09,5.376204849937849e-09,2.3156581062980252e-219,1.533548414766904e-221,-1.2408228989751918e-227,2.0796088868756834e-07,2.0044660287950703e-219,1.920073160692089e-08,0.0,7.105427357601002e-15,5.204170427930421e-17,,,220,24,new_300K_solve,direct_a05
direct,300,2.9,10.0,2.9,2.9,distance,0.5,3.5,2.0611536224385585e-19,4.539992976248486e-10,1.0475768654282459e-10,1.0,1.0,4,3.9671438824048983e-10,6.356065232105171e-19,7.866502021949776e+31,1.380359156991864e-14,0.9999999999759077,-1.6411418442228571,1.380359156991864e-14,0.0,4.126115796410998e-222,2.0340757526695863e-218,1.1504717258974204e-09,6.141482479169337e-10,5.363234779804869e-10,1.1504717258974204e-09,1.1215320572256671e-218,0.0,1.2915791512796172e-227,4.45022333050263e-08,9.129819525310577e-219,3.9671438824048985e-09,0.0,7.105427357601002e-15,5.204170427930421e-17,,,220,24,new_300K_solve,direct_a05
direct,300,3.0,10.0,3.0000000000000004,3.0000000000000004,distance,0.5,3.5,2.0611536224385585e-19,4.539992976248486e-10,1.0475768654282459e-10,1.0,1.0,4,1.0801662806409022e-10,1.73061717567754e-19,2.8891427117857483e+32,3.758415792653811e-15,0.9999999999759226,-1.7411418442228572,3.758415792653811e-15,0.0,1.3091945617718666e-221,1.511230596561902e-217,3.2404988419227073e-10,1.7802076258668117e-10,1.4602912160558954e-10,3.2404988419227073e-10,3.0260788123029883e-218,1.5901622765648914e-221,-9.810513690973394e-228,1.2534809177984962e-08,2.3165673146541654e-218,1.0801662806409022e-09,0.0,1.4210854715202004e-14,5.204170427930421e-17,,,220,24,new_300K_solve,direct_a05
direct,300,1.27639320225,10.0,1.27639320225,1.27639320225,distance,0.5,3.5,2.0611536224385585e-19,4.539992976248486e-10,1.0475768654282459e-10,1.0,1.0,4,0.004628203046099441,7.415198777868149e-12,6.742907573729921e+24,1.6103731841402126e-07,0.9999997627868947,-0.017535046472857144,3.808789345422692e-08,0.0,6.130786952158609e-222,0.0,0.00590740690667407,-0.00034952258230430314,0.006256929488978373,0.00590740690667407,1.463444735097915e-221,1.463444735097915e-221,-6.754034012229084e-226,0.2285087016662359,0.0,0.04628203046099441,0.0,3.552713678800501e-15,5.204170427930421e-17,,,220,24,new_300K_solve,direct_a05
direct,300,1.32360679775,10.0,1.32360679775,1.32360679775,distance,0.5,3.5,2.0611536224385585e-19,4.539992976248486e-10,1.0475768654282459e-10,1.0,1.0,4,0.005593806224990399,8.962265628803364e-12,5.578946448463609e+24,1.9463527101718212e-07,0.9999997133010613,-0.06474864197285714,4.6031833828685024e-08,0.0,1.079893423538287e-221,1.5454885614433428e-221,0.007403999944693558,-0.0001583413735575022,0.00756234131825106,0.007403999944693558,0.0,0.0,-6.754034012229084e-225,0.28639950510051326,0.0,0.05593806224990399,0.0,3.552713678800501e-15,5.204170427930421e-17,,,220,24,new_300K_solve,direct_a05
direct,300,1.3527864045,10.0,1.3527864045000002,1.3527864045000002,distance,0.5,3.5,2.0611536224385585e-19,4.539992976248486e-10,1.0475768654282459e-10,1.0,1.0,4,0.0045420187397185036,7.277116295967114e-12,6.870853503840439e+24,1.5803855421748166e-07,0.9999997672037217,-0.09392824872285714,3.7378862036278874e-08,0.0,1.2830006932702016e-221,9.516873477484838e-222,0.006144381200075416,3.96542553671129e-06,0.006140415774538705,0.006144381200075416,1.4070031227143128e-221,0.0,-4.05242040733745e-225,0.2376752766066276,0.0,0.045420187397185036,0.0,3.552713678800501e-15,5.204170427930421e-17,,,220,24,new_300K_solve,direct_a05
direct,300,1.31382707121,10.0,1.31382707121,1.31382707121,distance,0.5,3.5,2.0611536224385585e-19,4.539992976248486e-10,1.0475768654282459e-10,1.0,1.0,4,0.005732341273363803,9.184223246297292e-12,5.444118534483358e+24,1.994555678957323e-07,0.9999997062013308,-0.054968915432857146,4.717155062758267e-08,0.0,1.1335562789774174e-221,7.5406915982343e-222,0.0075313051463597675,-0.00021832355336327103,0.007749628699723039,0.0075313051463597675,0.0,0.0,-2.026210203668725e-225,0.2913238901661904,0.0,0.05732341273363803,0.0,3.552713678800501e-15,5.204170427930421e-17,,,220,24,new_300K_solve,direct_a05
direct,300,1.3110579003,10.0,1.3110579003,1.3110579003,distance,0.5,3.5,2.0611536224385585e-19,4.539992976248486e-10,1.0475768654282459e-10,1.0,1.0,4,0.005739965145740974,9.196438036480592e-12,5.436887608186899e+24,1.9972083887700117e-07,0.9999997058106179,-0.052199744522857146,4.723427161785145e-08,0.0,5.691448175252732e-222,7.530675985086683e-222,0.007525426651770345,-0.0002345088628054107,0.007759935514575755,0.007525426651770345,0.0,0.0,-1.0131051018343625e-225,0.2910964998428891,1.90071150488044e-221,0.05739965145740974,0.0,3.552713678800501e-15,5.204170427930421e-17,,,220,24,new_300K_solve,direct_a05
direct,300,1.31092884055,10.0,1.31092884055,1.31092884055,distance,0.5,3.5,2.0611536224385585e-19,4.539992976248486e-10,1.0475768654282459e-10,1.0,1.0,4,0.005739959686538726,9.19642928987431e-12,5.43689277914117e+24,1.9972064892524626e-07,0.9999997058108977,-0.052070684772857145,4.723422670542976e-08,0.0,8.331735546405421e-222,1.5061366294832602e-221,0.007524678696677953,-0.00023524943752939735,0.007759928134207351,0.007524678696677953,0.0,0.0,4.3901221079489044e-225,0.29106756764814323,0.0,0.05739959686538726,0.0,3.552713678800501e-15,5.204170427930421e-17,,,220,24,new_300K_solve,direct_a05
direct,300,1.31101529815,10.0,1.31101529815,1.31101529815,distance,0.5,3.5,2.0611536224385585e-19,4.539992976248486e-10,1.0475768654282459e-10,1.0,1.0,4,0.005739966926307286,9.196440889262333e-12,5.436885921637301e+24,1.9972090083141874e-07,0.9999997058105267,-0.052157142372857145,4.723428626642855e-08,1.1065809325636131e-221,1.0281049301331126e-221,1.5061347298067015e-221,0.0075251844512638855,-0.00023475347048323937,0.007759937921747125,0.0075251844512638855,1.1488307817094418e-221,2.2976615634188836e-221,2.026210203668725e-225,0.2910871311090016,1.9007726798977566e-221,0.05739966926307286,0.0,3.552713678800501e-15,5.204170427930421e-17,,,220,24,new_300K_solve,direct_a05
direct,300,1.31101511452,10.0,1.31101511452,1.31101511452,distance,0.5,3.5,2.0611536224385585e-19,4.539992976248486e-10,1.0475768654282459e-10,1.0,1.0,4,0.005739966926341831,9.196440889317681e-12,5.43688592160458e+24,1.9972090083262073e-07,0.9999997058105267,-0.05215695874285714,4.723428626671275e-08,0.0,6.250872024135474e-222,1.506134729797637e-221,0.007525183397279049,-0.00023475452451477888,0.007759937921793827,0.007525183397279049,1.1488309426158492e-221,0.0,-5.403227209783267e-225,0.2910870903390478,0.0,0.057399669263418315,0.0,3.552713678800501e-15,5.204170427930421e-17,,,220,24,new_300K_solve,direct_a05
direct,300,1.3110150284,10.0,1.3110150284,1.3110150284,distance,0.5,3.5,2.0611536224385585e-19,4.539992976248486e-10,1.0475768654282459e-10,1.0,1.0,4,0.0057399669263354346,9.196440889307432e-12,5.436885921610638e+24,1.9972090083239815e-07,0.9999997058105267,-0.05215687262285714,4.723428626666012e-08,0.0,5.223418945011385e-222,7.530673648996578e-222,0.0075251829029447095,-0.00023475501884046896,0.007759937921785179,0.0075251829029447095,1.1488310180833283e-221,1.1488310180833283e-221,3.377017006114542e-226,0.2910870712173418,0.0,0.05739966926335434,0.0,3.552713678800501e-15,5.204170427930421e-17,,,220,24,new_300K_solve,direct_a05
direct,300,1.31101520063,10.0,1.31101520063,1.31101520063,distance,0.5,3.5,2.0611536224385585e-19,4.539992976248486e-10,1.0475768654282459e-10,1.0,1.0,4,0.005739966926333798,9.19644088930481e-12,5.436885921612188e+24,1.9972090083234121e-07,0.9999997058105267,-0.052157044852857146,4.723428626664666e-08,0.0,4.976442490076816e-222,0.0,0.0075251838915370685,-0.0002347540302458983,0.0077599379217829665,0.0075251838915370685,0.0,0.0,0.0,0.2910871094578016,0.0,0.05739966926333798,0.0,3.552713678800501e-15,5.204170427930421e-17,,,220,24,new_300K_solve,direct_a05
direct,300,1.47639320225,10.0,1.4763932022500001,1.4763932022500001,distance,0.5,3.5,2.0611536224385585e-19,4.539992976248486e-10,1.0475768654282459e-10,1.0,1.0,4,0.0054635900696694455,8.753636347378817e-12,5.711911943311646e+24,1.9010442821313904e-07,0.99999971997446,-0.21753504647285715,4.496055589974436e-08,0.0,1.7029692465660975e-221,1.5823228729486783e-221,0.008066407238740574,0.0006801068793786698,0.007386300359361904,0.008066407238740574,0.0,2.1434979117178854e-221,-2.7016136048916335e-225,0.3120225632592323,0.0,0.05463590069669445,0.0,3.552713678800501e-15,5.204170427930421e-17,,,220,24,new_300K_solve,direct_a05
direct,300,1.52360679775,10.0,1.52360679775,1.52360679775,distance,0.5,3.5,2.0611536224385585e-19,4.539992976248486e-10,1.0475768654282459e-10,1.0,1.0,4,0.0032182940375446406,5.156275508295542e-12,9.69692172568335e+24,1.1197984109854632e-07,0.99999983504279,-0.26474864197285713,2.6488684439365676e-08,0.0,1.5199076517615538e-221,1.3431282901435805e-221,0.0049034146727613085,0.0005525599960877992,0.004350854676673509,0.0049034146727613085,0.0,0.0,0.0,0.18967254809178113,1.4585412381713598e-221,0.03218294037544641,0.0,3.552713678800501e-15,5.204170427930421e-17,,,220,24,new_300K_solve,direct_a05
direct,300,1.4472135955,10.0,1.4472135955,1.4472135955,distance,0.5,3.5,2.0611536224385585e-19,4.539992976248486e-10,1.0475768654282459e-10,1.0,1.0,4,0.005681716167470938,9.103112884541967e-12,5.492626603027763e+24,1.9769407834650354e-07,0.9999997087957978,-0.18835543972285715,4.675506191725608e-08,0.0,9.241807023366805e-222,1.521576101451296e-221,0.008222656883336095,0.0005414689401634165,0.00768118794317268,0.008222656883336095,0.0,2.1027664557360715e-221,1.3508068024458167e-224,0.31806656936654737,1.7395429748675714e-221,0.05681716167470938,0.0,3.552713678800501e-15,5.204170427930421e-17,,,220,24,new_300K_solve,direct_a05
direct,300,1.45467952709,10.0,1.4546795270900001,1.4546795270900001,distance,0.5,3.5,2.0611536224385585e-19,4.539992976248486e-10,1.0475768654282459e-10,1.0,1.0,4,0.00577286007625087,9.2491415255206e-12,5.405907117113302e+24,2.0086541082986605e-07,0.999999704124798,-0.19582137131285715,4.750489558875913e-08,0.0,7.505483267069021e-222,2.24632939863348e-221,0.008397661365677357,0.0005932547553663516,0.007804406610311006,0.008397661365677357,0.0,0.0,-3.24193632586996e-224,0.3248360449888197,3.4065829504902994e-221,0.0577286007625087,0.0,3.552713678800501e-15,5.204170427930421e-17,,,220,24,new_300K_solve,direct_a05
direct,300,1.45768019953,10.0,1.4576801995300002,1.4576801995300002,distance,0.5,3.5,2.0611536224385585e-19,4.539992976248486e-10,1.0475768654282459e-10,1.0,1.0,4,0.005781446067709637,9.262897800415561e-12,5.397878836335305e+24,2.0116415853533047e-07,0.9999997036847778,-0.19882204375285714,4.757553185601169e-08,0.0,1.6729881712875145e-221,1.495328925394278e-221,0.008427499457550919,0.0006114853307555715,0.007816014126795348,0.008427499457550919,0.0,0.0,-5.403227209783267e-225,0.3259902339150172,1.6972608646492292e-221,0.05781446067709638,0.0,3.552713678800501e-15,5.204170427930421e-17,,,220,24,new_300K_solve,direct_a05
direct,300,1.45778197613,10.0,1.4577819761300002,1.4577819761300002,distance,0.5,3.5,2.0611536224385585e-19,4.539992976248486e-10,1.0475768654282459e-10,1.0,1.0,4,0.005781445307679491,9.262896582713021e-12,5.397879545941713e+24,2.011641320902468e-07,0.9999997036848167,-0.19892382035285713,4.757552560330426e-08,0.0,1.7219580204243586e-221,2.9906582439411337e-221,0.008428086765516525,0.0006120736662160796,0.007816013099300445,0.008428086765516525,0.0,0.0,3.24193632586996e-224,0.3260129520014498,0.0,0.057814453076794906,0.0,3.552713678800501e-15,5.204170427930421e-17,,,220,24,new_300K_solve,direct_a05
direct,300,1.45772704995,10.0,1.45772704995,1.45772704995,distance,0.5,3.5,2.0611536224385585e-19,4.539992976248486e-10,1.0475768654282459e-10,1.0,1.0,4,0.005781448110819785,9.2629010738389e-12,5.397876928774981e+24,2.0116422962490366e-07,0.9999997036846731,-0.19886889417285714,4.757554866451599e-08,0.0,6.044541427523719e-222,7.476641984794515e-222,0.008427773299024326,0.0006117564101210931,0.007816016888903233,0.008427773299024326,2.051589009081217e-221,2.051589009081217e-221,-8.1048408146749e-225,0.32600082657615237,0.0,0.05781448110819784,0.0,3.552713678800501e-15,5.204170427930421e-17,,,220,24,new_300K_solve,direct_a05
direct,300,1.45772713824,10.0,1.45772713824,1.45772713824,distance,0.5,3.5,2.0611536224385585e-19,4.539992976248486e-10,1.0475768654282459e-10,1.0,1.0,4,0.00578144811081656,9.262901073833734e-12,5.397876928777992e+24,2.0116422962479148e-07,0.9999997036846731,-0.19886898246285714,4.757554866448946e-08,0.0,4.8752983644000984e-222,7.476641984798685e-222,0.008427773809463678,0.0006117569205648057,0.007816016888898873,0.008427773809463678,0.0,0.0,2.7016136048916335e-225,0.32600084632082815,0.0,0.0578144811081656,0.0,3.552713678800501e-15,5.204170427930421e-17,,,220,24,new_300K_solve,direct_a05
direct,300,1.45772696166,10.0,1.45772696166,1.45772696166,distance,0.5,3.5,2.0611536224385585e-19,4.539992976248486e-10,1.0475768654282459e-10,1.0,1.0,4,0.005781448110808503,9.262901073820824e-12,5.397876928785515e+24,2.0116422962451114e-07,0.9999997036846731,-0.19886880588285713,4.7575548664423176e-08,0.0,4.1636536982468985e-222,0.0,0.008427772788563825,0.0006117558996758457,0.00781601688888798,0.008427772788563825,0.0,0.0,-8.1048408146749e-225,0.3260008068306587,1.6972058187856374e-221,0.05781448110808503,0.0,3.552713678800501e-15,5.204170427930421e-17,,,220,24,new_300K_solve,direct_a05
direct,300,1.19886801007,10.0,1.19886801007,1.19886801007,distance,0.5,3.5,2.0611536224385585e-19,4.539992976248486e-10,1.0475768654282459e-10,1.0,1.0,4,0.0005580956545763144,8.94167817299106e-13,5.591791499612271e+25,1.9418816922311718e-08,0.9999999713742942,0.05999014570714286,4.603444414781354e-09,0.0,7.327860140036635e-222,0.0,0.0006690830268306201,-8.541393970419718e-05,0.0007544969665348174,0.0006690830268306201,1.6151141168168075e-221,3.230228233633615e-221,-3.377017006114542e-226,0.025881287032258903,0.0,0.005580956545763144,0.0,3.552713678800501e-15,5.204170427930421e-17,,,220,24,new_300K_solve,direct_a05
direct,300,1.19972269503,10.0,1.19972269503,1.19972269503,distance,0.5,3.5,2.0611536224385585e-19,4.539992976248486e-10,1.0475768654282459e-10,1.0,1.0,4,0.0005780518124693484,9.261411071797397e-13,5.398745354502044e+25,2.0113187095990554e-08,0.9999999703515686,0.059135460747142855,4.7676221348543275e-09,0.0,5.652623868277543e-222,1.8694612120327107e-221,0.0006935018783227029,-8.7974084501585e-05,0.0007814759628242879,0.0006935018783227029,1.5582444341323088e-221,0.0,-5.065525509171813e-226,0.026825850381083306,0.0,0.005780518124693485,0.0,3.552713678800501e-15,5.204170427930421e-17,,,220,24,new_300K_solve,direct_a05
direct,300,1.19972660364,10.0,1.19972660364,1.19972660364,distance,0.5,3.5,2.0611536224385585e-19,4.539992976248486e-10,1.0475768654282459e-10,1.0,1.0,4,0.0005781443896499227,9.262894321752976e-13,5.397880863498574e+25,2.0116408298854284e-08,0.9999999703468242,0.059131552137142857,4.768383759938622e-09,0.0,1.225702224755583e-221,1.869161858702814e-221,0.0006936152050082225,-8.798591414247797e-05,0.0007816011191507005,0.0006936152050082225,1.5579898395448852e-221,1.5579898395448852e-221,3.377017006114542e-226,0.026830234053002534,1.288868895973833e-221,0.005781443896499227,0.0,3.552713678800501e-15,5.204170427930421e-17,,,220,24,new_300K_solve,direct_a05
direct,300,1.19972662143,10.0,1.19972662143,1.19972662143,distance,0.5,3.5,2.0611536224385585e-19,4.539992976248486e-10,1.0475768654282459e-10,1.0,1.0,4,0.0005781448110415612,9.262901073191345e-13,5.397876929152338e+25,2.0116422961084698e-08,0.9999999703468025,0.059131534347142856,4.7683872266940384e-09,0.0,8.77571687608522e-222,9.345802481646495e-222,0.000693615720848178,-8.798596798750461e-05,0.0007816016888356827,0.000693615720848178,1.5579886808724602e-221,0.0,-3.377017006114542e-226,0.026830254006582902,0.0,0.005781448110415612,0.0,3.552713678800501e-15,5.204170427930421e-17,,,220,24,new_300K_solve,direct_a05
direct,300,1.19972662643,10.0,1.19972662643,1.19972662643,distance,0.5,3.5,2.0611536224385585e-19,4.539992976248486e-10,1.0475768654282459e-10,1.0,1.0,4,0.0005781449294765805,9.26290297072955e-13,5.397875823378292e+25,2.0116427082005435e-08,0.9999999703467966,0.05913152934714286,4.7683882010495e-09,0.0,8.885618865333707e-222,1.8691601134252069e-221,0.0006936158658285481,-8.798598312101821e-05,0.0007816018489495664,0.0006936158658285481,0.0,0.0,3.377017006114542e-226,0.026830259614674012,0.0,0.005781449294765805,0.0,3.552713678800501e-15,5.204170427930421e-17,,,220,24,new_300K_solve,direct_a05
direct,300,1.24579534525,10.0,1.24579534525,1.24579534525,distance,0.5,3.5,2.0611536224385585e-19,4.539992976248486e-10,1.0475768654282459e-10,1.0,1.0,4,0.002628660168531226,4.211577900747232e-12,1.1872034942326208e+25,9.146365886405496e-08,0.9999998652607139,0.013062810527142856,2.1637813604843955e-08,0.0,8.337734299404576e-222,1.64440494042327e-221,0.003274772602200282,-0.0002789481747754356,0.0035537207769757175,0.003274772602200282,0.0,0.0,-6.754034012229084e-226,0.12667386002063225,2.1839172904010674e-221,0.026286601685312258,0.0,3.552713678800501e-15,5.204170427930421e-17,,,220,24,new_300K_solve,direct_a05
direct,300,1.25115245714,10.0,1.25115245714,1.25115245714,distance,0.5,3.5,2.0611536224385585e-19,4.539992976248486e-10,1.0475768654282459e-10,1.0,1.0,4,0.0029782064371119406,4.7716127647691415e-12,1.0478637405191675e+25,1.0362604525747505e-07,0.9999998473469489,0.007705698637142857,2.451350289048692e-08,0.0,6.465602757273829e-222,7.257021732882888e-222,0.0037261903016627693,-0.0003000867425856775,0.004026277044248447,0.0037261903016627693,0.0,1.1600539472977833e-221,0.0,0.14413547626663556,1.9193417214589039e-221,0.029782064371119403,0.0,3.552713678800501e-15,5.204170427930421e-17,,,220,24,new_300K_solve,direct_a05
direct,300,1.24981171072,10.0,1.24981171072,1.24981171072,distance,0.5,3.5,2.0611536224385585e-19,4.539992976248486e-10,1.0475768654282459e-10,1.0,1.0,4,0.0028895527174683552,4.629573846639002e-12,1.0800130132128514e+25,1.0054135836352744e-07,0.99999985189033,0.009046445057142857,2.37841558064897e-08,0.0,8.144778650304883e-222,7.479672791043225e-222,0.00361139682503475,-0.00029502807201521554,0.003906424897049965,0.00361139682503475,1.1969279415271737e-221,2.3938558830543474e-221,0.0,0.13969506633408352,0.0,0.028895527174683553,0.0,3.552713678800501e-15,5.204170427930421e-17,,,220,24,new_300K_solve,direct_a05
direct,300,1.24982942534,10.0,1.24982942534,1.24982942534,distance,0.5,3.5,2.0611536224385585e-19,4.539992976248486e-10,1.0475768654282459e-10,1.0,1.0,4,0.002890719597514546,4.63144339458369e-12,1.0795770506117649e+25,1.0058195970095315e-07,0.999999851830529,0.009028730437142857,2.379375563560556e-08,0.0,6.130167088425761e-222,1.495330702965168e-221,0.003612906413380681,-0.0002950960043826991,0.00390800241776338,0.003612906413380681,0.0,0.0,-6.754034012229084e-226,0.13975345981847162,0.0,0.028907195975145458,0.0,3.552713678800501e-15,5.204170427930421e-17,,,220,24,new_300K_solve,direct_a05
direct,300,1.24982949301,10.0,1.24982949301,1.24982949301,distance,0.5,3.5,2.0611536224385585e-19,4.539992976248486e-10,1.0475768654282459e-10,1.0,1.0,4,0.002890724055246338,4.631450536657408e-12,1.0795753858160775e+25,1.0058211480676136e-07,0.9999998518303006,0.009028662767142858,2.379379230900964e-08,0.0,6.038821546911933e-222,0.0,0.0036129121804003416,-0.00029509626383016297,0.003908008444230505,0.0036129121804003416,0.0,1.1964259168202739e-221,0.0,0.13975368289675216,0.0,0.028907240552463378,0.0,3.552713678800501e-15,5.204170427930421e-17,,,220,24,new_300K_solve,direct_a05
direct,300,1.24982949802,10.0,1.24982949802,1.24982949802,distance,0.5,3.5,2.0611536224385585e-19,4.539992976248486e-10,1.0475768654282459e-10,1.0,1.0,4,0.002890724385277981,4.6314510654263936e-12,1.0795752625618372e+25,1.0058212629014059e-07,0.9999998518302836,0.009028657757142858,2.3793795024153656e-08,0.0,7.067040495765162e-222,2.99065645264617e-221,0.003612912607366152,-0.00029509628303853717,0.003908008890404689,0.003612912607366152,0.0,0.0,-6.754034012229084e-226,0.1397536994125271,1.9795199290166742e-221,0.028907243852779808,0.0,3.552713678800501e-15,5.204170427930421e-17,,,220,24,new_300K_solve,direct_a05
direct,300,1.29171987063,10.0,1.2917198706300002,1.2917198706300002,distance,0.5,3.5,2.0611536224385585e-19,4.539992976248486e-10,1.0475768654282459e-10,1.0,1.0,4,0.005375543484667139,8.612570166184626e-12,5.805467942231004e+24,1.8704086643699068e-07,0.9999997244867262,-0.032861714852857146,4.423620366403992e-08,0.0,2.435478781807048e-221,1.6082399036138663e-221,0.006943696334580177,-0.00032357267101062136,0.0072672690055907985,0.006943696334580177,1.245037674329104e-221,1.245037674329104e-221,2.5327627545859064e-225,0.26859416648392737,0.0,0.05375543484667139,0.0,3.552713678800501e-15,5.204170427930421e-17,,,220,24,new_300K_solve,direct_a05
direct,300,1.28610149993,10.0,1.28610149993,1.28610149993,distance,0.5,3.5,2.0611536224385585e-19,4.539992976248486e-10,1.0475768654282459e-10,1.0,1.0,4,0.005140889832723078,8.236613567957083e-12,6.07045596924871e+24,1.788761436517673e-07,0.9999997365124028,-0.027243344152857143,4.230572677618062e-08,0.0,6.68822248214468e-222,1.6816473056132327e-221,0.006611706124840038,-0.0003383314758359212,0.006950037600675959,0.006611706124840038,1.3075541127234216e-221,1.3075541127234216e-221,2.7016136048916335e-225,0.2557522118002382,0.0,0.051408898327230786,0.0,3.552713678800501e-15,5.204170427930421e-17,,,220,24,new_300K_solve,direct_a05
direct,300,1.28759588108,10.0,1.2875958810800001,1.2875958810800001,distance,0.5,3.5,2.0611536224385585e-19,4.539992976248486e-10,1.0475768654282459e-10,1.0,1.0,4,0.00520826966854786,8.344567966518306e-12,5.991921954572088e+24,1.8122061038503745e-07,0.999999733059279,-0.028737725302857144,4.2860055313963207e-08,0.0,1.601477950729178e-221,1.6598916887618882e-221,0.006706146572776122,-0.0003349827275368937,0.007041129300313016,0.006706146572776122,1.2891402598846592e-221,2.5782805197693185e-221,1.688508503057271e-225,0.25940533143184363,2.1329186382862702e-221,0.0520826966854786,0.0,3.552713678800501e-15,5.204170427930421e-17,,,220,24,new_300K_solve,direct_a05
direct,300,1.28748573466,10.0,1.28748573466,1.28748573466,distance,0.5,3.5,2.0611536224385585e-19,4.539992976248486e-10,1.0475768654282459e-10,1.0,1.0,4,0.0052034217178274994,8.33680069315136e-12,5.997504539250261e+24,1.8105192699408985e-07,0.9999997333077297,-0.028627578882857142,4.28201716098674e-08,0.0,1.346893084654548e-221,1.6614381851914748e-221,0.006699331233122938,-0.0003352440578864232,0.007034575291009361,0.006699331233122938,2.580903446872331e-221,2.580903446872331e-221,2.026210203668725e-225,0.25914170232347733,2.1350884914352916e-221,0.052034217178275,0.0,3.552713678800501e-15,5.204170427930421e-17,,,220,24,new_300K_solve,direct_a05
direct,300,1.28748304927,10.0,1.28748304927,1.28748304927,distance,0.5,3.5,2.0611536224385585e-19,4.539992976248486e-10,1.0475768654282459e-10,1.0,1.0,4,0.005203303285550512,8.33661094372446e-12,5.997641048325331e+24,1.8104780616876957e-07,0.9999997333137993,-0.028624893492857142,4.2819197276966097e-08,0.0,2.656747796493036e-222,1.6614760011511733e-221,0.006699164780357183,-0.00033525040047573384,0.007034415180832917,0.006699164780357183,0.0,0.0,-6.754034012229084e-226,0.25913526364302203,2.1351415415387272e-221,0.052033032855505125,0.0,3.552713678800501e-15,5.204170427930421e-17,,,220,24,new_300K_solve,direct_a05
direct,300,1.28748305427,10.0,1.28748305427,1.28748305427,distance,0.5,3.5,2.0611536224385585e-19,4.539992976248486e-10,1.0475768654282459e-10,1.0,1.0,4,0.005203303506073294,8.336611297040907e-12,5.99764079413749e+24,1.810478138418118e-07,0.999999733313788,-0.028624898492857143,4.281919909118944e-08,0.0,1.875330626020771e-221,3.3229518614713115e-221,0.006699165090293044,-0.0003352503886675657,0.0070344154789606095,0.006699165090293044,2.580967454639951e-221,2.580967454639951e-221,-4.3901221079489044e-225,0.25913527563187644,2.1351414427567263e-221,0.05203303506073294,0.0,3.552713678800501e-15,5.204170427930421e-17,,,220,24,new_300K_solve,direct_a05
direct,300,0.5,10.0,0.5,0.5,distance,1.0,3.5,4.539992976248485e-15,6.737946999085467e-08,1.0475768654282459e-10,1.0,1.0,4,2.3016390505594437e-13,3.687632306708285e-22,1.3558835545790037e+35,8.009214418549194e-18,0.999999999975928,0.7588581557771429,8.009214418549194e-18,0.0,2.0290247202230098e-222,4.049176799373513e-215,1.1508195252797219e-13,-1.9607970362638801e-13,3.111616561543602e-13,1.1508195252797219e-13,2.8106218172385084e-215,6.558996479084716e-221,-3.2345222395658564e-228,4.4515686785808235e-12,4.5672596462879183e-215,2.3016390505594436e-12,0.0,3.552713678800501e-15,5.204170427930421e-17,,,220,24,new_300K_solve,direct_a10
direct,300,0.6,10.0,0.6,0.6,distance,1.0,3.5,4.539992976248485e-15,6.737946999085467e-08,1.0475768654282459e-10,1.0,1.0,4,4.569597792039738e-11,7.321302809184058e-20,6.829385602966526e+32,1.5899823248489046e-15,0.9999999999759257,0.6588581557771429,1.5899823248489046e-15,0.0,1.191187345869961e-221,3.040433431630167e-217,2.741758675223843e-11,-3.43594158835478e-11,6.177700263578622e-11,2.741758675223843e-11,8.527873092889436e-218,0.0,2.3379759746445195e-228,1.0605596077184295e-09,1.5839294527959431e-217,4.569597792039738e-10,0.0,3.552713678800501e-15,5.204170427930421e-17,,,220,24,new_300K_solve,direct_a10
direct,300,0.7,10.0,0.7,0.7,distance,1.0,3.5,4.539992976248485e-15,6.737946999085467e-08,1.0475768654282459e-10,1.0,1.0,4,4.812481809788878e-09,7.710445907193772e-18,6.484709263487664e+30,1.6744925862971853e-13,0.9999999999756815,0.5588581557771428,1.6744925862971853e-13,0.0,1.0209329481135426e-221,2.8181889065381644e-219,3.3687372668522148e-09,-3.1373211430564226e-09,6.506058409908637e-09,3.3687372668522148e-09,5.629035592737974e-220,3.67111016917694e-221,1.8241333315499082e-228,1.3030857553309474e-07,1.154051358004026e-219,4.812481809788878e-08,0.0,7.105427357601002e-15,5.204170427930421e-17,,,220,24,new_300K_solve,direct_a10
direct,300,0.8,10.0,0.8000000000000002,0.8000000000000002,distance,1.0,3.5,4.539992976248485e-15,6.737946999085467e-08,1.0475768654282459e-10,1.0,1.0,4,4.187743157280001e-07,6.709504235787405e-16,7.452115423567084e+28,1.4571161238405847e-11,0.9999999999544665,0.45885815577714284,1.4571161238405847e-11,0.0,3.5761135401244994e-222,2.520015614081352e-221,3.350194525824002e-07,-2.311271358896748e-07,5.66146588472075e-07,3.350194525824002e-07,0.0,4.725029276402534e-221,0.0,1.2959131028547772e-05,1.3029488623408793e-221,4.1877431572800015e-06,0.0,3.552713678800501e-15,5.204170427930421e-17,,,220,24,new_300K_solve,direct_a10
direct,300,0.9,10.0,0.9000000000000001,0.9000000000000001,distance,1.0,3.5,4.539992976248485e-15,6.737946999085467e-08,1.0475768654282459e-10,1.0,1.0,4,5.8917538361032334e-05,9.439630329484465e-14,5.296817592933292e+26,2.0500229334612628e-09,0.9999999969564853,0.35885815577714286,4.967458473605005e-10,0.0,7.091246951018455e-222,1.146353734407912e-221,5.302578452492911e-05,-2.6625622191084092e-05,7.96514067160132e-05,5.302578452492911e-05,1.2737263715643466e-221,1.2737263715643466e-221,3.377017006114542e-226,0.002051128924763208,2.1074159286821195e-221,0.0005891753836103234,0.0,3.552713678800501e-15,5.204170427930421e-17,,,220,24,new_300K_solve,direct_a10
direct,300,1.1,10.0,1.1,1.1,distance,1.0,3.5,4.539992976248485e-15,6.737946999085467e-08,1.0475768654282459e-10,1.0,1.0,4,0.21942406028373415,3.5155610232400624e-10,1.4222481040570383e+23,7.634812455643877e-06,0.9999887547949697,0.15885815577714285,1.8051962873352235e-06,0.0,3.845563569257106e-222,1.2607789354694158e-221,0.24136646631210756,-0.05527585030745719,0.29664231661956475,0.24136646631210756,2.2923253372171196e-221,2.2923253372171196e-221,5.187098121391936e-223,9.336471774178058,1.8963582121016487e-221,2.1942406028373416,0.0,3.552713678800501e-15,5.204170427930421e-17,,,220,24,new_300K_solve,direct_a10
direct,300,1.2,10.0,1.2,1.2,distance,1.0,3.5,4.539992976248485e-15,6.737946999085467e-08,1.0475768654282459e-10,1.0,1.0,4,12.813366811474499,2.0529276908215523e-08,2.435546084917911e+21,0.00044583831146174127,0.9993433325699239,0.05885815577714286,0.0001054145593071478,0.0,2.0832439846273598e-221,1.3817831941845712e-221,15.376040173769399,-1.9465214894184892,17.322561663187887,15.376040173769399,2.3029719903076187e-221,1.1514859951538093e-221,-5.5329046628180653e-222,594.7717894473092,1.905165804851147e-221,128.13366811474498,0.0,3.552713678800501e-15,5.204170427930421e-17,,,220,24,new_300K_solve,direct_a10
direct,300,1.3,10.0,1.3,1.3,distance,1.0,3.5,4.539992976248485e-15,6.737946999085467e-08,1.0475768654282459e-10,1.0,1.0,4,122.90690250756214,1.9691856735493204e-07,2.5391206462455353e+20,0.004276518942070201,0.9937011904563748,-0.041141844222857146,0.0010111453007774572,0.0,2.500713398754901e-221,2.3048723298421355e-221,159.77897325983076,-6.380509165355892,166.15948242518667,159.77897325983076,0.0,0.0,-8.852647460508905e-221,6180.526635454701,0.0,1229.0690250756213,0.0,3.552713678800501e-15,5.204170427930421e-17,,,220,24,new_300K_solve,direct_a10
direct,300,1.4,10.0,1.4,1.4,distance,1.0,3.5,4.539992976248485e-15,6.737946999085467e-08,1.0475768654282459e-10,1.0,1.0,4,88.53627868056402,1.4185075696331202e-07,3.5248313840815034e+20,0.0030806005611811937,0.9954626376016331,-0.14114184422285714,0.000728380918592842,0.0,6.454023820125426e-222,7.999114119037205e-222,123.95079015278962,4.257412960166383,119.69337719262325,123.95079015278962,1.1427305884338865e-221,0.0,-4.4263237302544523e-221,4794.630635028428,0.0,885.3627868056402,0.0,3.552713678800501e-15,5.204170427930421e-17,,,220,24,new_300K_solve,direct_a10
direct,300,1.6,10.0,1.6000000000000003,1.6000000000000003,distance,1.0,3.5,4.539992976248485e-15,6.737946999085467e-08,1.0475768654282459e-10,1.0,1.0,4,64.26376663755062,1.0296190531951233e-07,4.856164990812819e+20,0.002236043783605685,0.9967065704223353,-0.34114184422285715,0.0005286928970294943,0.0,1.0830403389940954e-221,4.4081561595045994e-221,102.822026620081,15.942982519759624,86.87904410032138,102.822026620081,1.377548799845187e-221,1.377548799845187e-221,-8.852647460508905e-220,3977.3335706908656,0.0,642.6376663755062,0.0,3.552713678800501e-15,5.204170427930421e-17,,,220,24,new_300K_solve,direct_a10
direct,300,1.7,10.0,1.7000000000000002,1.7000000000000002,distance,1.0,3.5,4.539992976248485e-15,6.737946999085467e-08,1.0475768654282459e-10,1.0,1.0,4,23.24123283093359,3.723656018707547e-08,1.34276634975952e+21,0.0008086736416812397,0.9988089187948477,-0.4411418442228571,0.00019120378173552118,0.0,9.058386172919944e-222,2.285415973818622e-221,39.51009581258711,8.089962855664055,31.420132956923055,39.51009581258711,0.0,1.7924831167204877e-221,8.852647460508905e-221,1528.3187428045221,0.0,232.41232830933592,0.0,3.552713678800501e-15,5.204170427930421e-17,,,220,24,new_300K_solve,direct_a10
direct,300,1.8,10.0,1.8000000000000003,1.8000000000000003,distance,1.0,3.5,4.539992976248485e-15,6.737946999085467e-08,1.0475768654282459e-10,1.0,1.0,4,15.656358967612473,2.5084252511425063e-08,1.9932824379449467e+21,0.0005447596052201044,0.9991976331365174,-0.5411418442228572,0.00012880362913120493,0.0,6.287426853138335e-222,0.0,28.181446141702455,7.01540542595536,21.166040715747094,28.181446141702455,0.0,1.2565213887173657e-221,-6.639485595381678e-221,1090.1070081429352,0.0,156.56358967612474,0.0,7.105427357601002e-15,5.204170427930421e-17,,,220,24,new_300K_solve,direct_a10
direct,300,1.9,10.0,1.9,1.9,distance,1.0,3.5,4.539992976248485e-15,6.737946999085467e-08,1.0475768654282459e-10,1.0,1.0,4,5.618437877811998,9.00172988741093e-09,5.554487929028601e+21,0.00019549232402003928,0.9997120627708749,-0.6411418442228571,4.622245255256476e-05,0.0,4.746844037542977e-222,1.5756421363078972e-221,10.675031967842797,3.07939078928599,7.595641178556806,10.675031967842797,0.0,0.0,-4.4263237302544523e-221,412.9286730632024,1.3720757952447913e-221,56.18437877811998,0.0,3.552713678800501e-15,5.204170427930421e-17,,,220,24,new_300K_solve,direct_a10
direct,300,2.1,10.0,2.1,2.1,distance,1.0,3.5,4.539992976248485e-15,6.737946999085467e-08,1.0475768654282459e-10,1.0,1.0,4,0.7808723115926531,1.2510953717713159e-09,3.996497879231173e+22,2.717028225211892e-05,0.999959981345164,-0.8411418442228571,6.424186291970954e-06,0.0,2.1923353036335188e-221,1.4171086823486551e-221,1.6398318543445716,0.5841601509069945,1.055671703437577,1.6398318543445716,0.0,1.3496273165225287e-221,-2.7664523314090327e-222,63.431528233456824,0.0,7.808723115926531,0.0,7.105427357601002e-15,5.204170427930421e-17,,,220,24,new_300K_solve,direct_a10
direct,300,2.2,10.0,2.2,2.2,distance,1.0,3.5,4.539992976248485e-15,6.737946999085467e-08,1.0475768654282459e-10,1.0,1.0,4,0.19580387374557387,3.1371239136184446e-10,1.593816545879714e+23,6.812953202137272e-06,0.9999899652970065,-0.9411418442228572,1.610874895696648e-06,0.0,3.65386078096979e-222,7.064345251421688e-222,0.43076852224026246,0.16605865115381657,0.2647098710864459,0.43076852224026246,0.0,0.0,2.0748392485567745e-222,16.662870408435264,0.0,1.9580387374557386,0.0,3.552713678800501e-15,5.204170427930421e-17,,,220,24,new_300K_solve,direct_a10
direct,300,2.3,10.0,2.3,2.3,distance,1.0,3.5,4.539992976248485e-15,6.737946999085467e-08,1.0475768654282459e-10,1.0,1.0,4,0.04819909552291904,7.722346462675488e-11,6.474715974175156e+23,1.6770770460327249e-06,0.9999975298386492,-1.041141844222857,3.965421523717679e-07,0.0,1.0471307106189534e-221,1.4349088408171286e-221,0.11085791970271379,0.04569691896105404,0.06516100074165976,0.11085791970271379,1.247746818101851e-221,0.0,-6.916130828522582e-223,4.288175793691709,2.0644320304060163e-221,0.4819909552291904,0.0,3.552713678800501e-15,5.204170427930421e-17,,,220,24,new_300K_solve,direct_a10
direct,300,2.4,10.0,2.4,2.4,distance,1.0,3.5,4.539992976248485e-15,6.737946999085467e-08,1.0475768654282459e-10,1.0,1.0,4,0.018639824795349615,2.9864291748962985e-11,1.6742402739799181e+24,6.485686498305331e-07,0.999999044710573,-1.1411418442228571,1.5336038857312843e-07,0.0,1.7666527736857826e-221,1.8552027458562978e-221,0.04473557950883907,0.01953615150843941,0.025199428000399666,0.04473557950883907,0.0,0.0,-8.645163535653227e-224,1.730449476961261,0.0,0.18639824795349616,0.0,3.552713678800501e-15,5.204170427930421e-17,,,220,24,new_300K_solve,direct_a10
direct,300,2.5,10.0,2.5,2.5,distance,1.0,3.5,4.539992976248485e-15,6.737946999085467e-08,1.0475768654282459e-10,1.0,1.0,4,0.0036503600148565596,5.848521521491072e-12,8.549169190242215e+24,1.270134828102867e-07,0.9999998129000036,-1.2411418442228572,3.0043256790235545e-08,0.0,8.617266779768448e-222,1.1841521795752162e-221,0.009125900037141399,0.004190929597244065,0.004934970439897334,0.009125900037141399,0.0,0.0,0.0,0.35300557452154707,0.0,0.036503600148565594,0.0,3.552713678800501e-15,5.204170427930421e-17,,,220,24,new_300K_solve,direct_a10
direct,300,2.6,10.0,2.6,2.6,distance,1.0,3.5,4.539992976248485e-15,6.737946999085467e-08,1.0475768654282459e-10,1.0,1.0,4,0.0008144299626173145,1.3048606561349548e-12,3.8318267751364224e+25,2.8337913421162527e-08,0.9999999582375139,-1.341141844222857,6.71228633195946e-09,0.0,8.314934810929403e-222,1.3268733857529117e-221,0.002117517902805018,0.0010164791629203242,0.0011010387398846936,0.002117517902805018,0.0,2.0413436703890948e-221,0.0,0.08190924958602687,0.0,0.008144299626173145,0.0,7.105427357601002e-15,5.204170427930421e-17,,,220,24,new_300K_solve,direct_a10
direct,300,2.7,10.0,2.7,2.7,distance,1.0,3.5,4.539992976248485e-15,6.737946999085467e-08,1.0475768654282459e-10,1.0,1.0,4,0.00026014484450103667,4.1679799131512435e-13,1.1996219041803634e+26,9.051683286235513e-09,0.999999986643863,-1.4411418442228572,2.152226853051699e-09,0.0,2.091555190837518e-221,2.0770072227057858e-221,0.000702391080152799,0.0003506977916882771,0.0003516932884645219,0.000702391080152799,0.0,0.0,0.0,0.027169700060161533,1.2727653991778115e-221,0.002601448445010367,0.0,7.105427357601002e-15,5.204170427930421e-17,,,220,24,new_300K_solve,direct_a10
direct,300,2.8,10.0,2.8,2.8,distance,1.0,3.5,4.539992976248485e-15,6.737946999085467e-08,1.0475768654282459e-10,1.0,1.0,4,4.2292425705849025e-05,6.775993626109226e-14,7.378991592810867e+26,1.4715557543736765e-09,0.9999999978084995,-1.541141844222857,3.5997237090704403e-10,0.0,4.6270439226338275e-222,7.984921530872375e-222,0.00011841879197637728,6.12430970201305e-05,5.717569495624677e-05,0.00011841879197637728,1.1407030758389107e-221,0.0,3.377017006114542e-226,0.00458064339140656,1.887325163070289e-221,0.00042292425705849025,0.0,7.105427357601002e-15,5.204170427930421e-17,,,220,24,new_300K_solve,direct_a10
direct,300,2.9,10.0,2.9,2.9,distance,1.0,3.5,4.539992976248485e-15,6.737946999085467e-08,1.0475768654282459e-10,1.0,1.0,4,8.738215898973837e-06,1.4000165336183185e-14,3.57138639432892e+27,3.040443217552311e-10,0.9999999995281066,-1.6411418442228571,8.392456178112288e-11,0.0,1.1019510777310759e-221,1.9323263725442616e-221,2.5340826107024128e-05,1.3527515369625176e-05,1.1813310737398954e-05,2.5340826107024128e-05,0.0,0.0,0.0,0.0009802269192467233,0.0,8.738215898973838e-05,0.0,7.105427357601002e-15,5.204170427930421e-17,,,220,24,new_300K_solve,direct_a10
direct,300,3.0,10.0,3.0000000000000004,3.0000000000000004,distance,1.0,3.5,4.539992976248485e-15,6.737946999085467e-08,1.0475768654282459e-10,1.0,1.0,4,2.3792245630339523e-06,3.8119380019318586e-15,1.3116687620486068e+28,8.278460122054417e-11,0.9999999998539961,-1.7411418442228572,3.160964700171872e-11,0.0,1.0341239497497362e-221,3.5484429029769885e-221,7.1376736891018574e-06,3.921168237402846e-06,3.216505451699012e-06,7.1376736891018574e-06,2.365628601984659e-221,0.0,1.0553178144107943e-226,0.00027609754556965146,0.0,2.3792245630339523e-05,0.0,1.4210854715202004e-14,5.204170427930421e-17,,,220,24,new_300K_solve,direct_a10
direct,300,1.27639320225,10.0,1.27639320225,1.27639320225,distance,1.0,3.5,4.539992976248485e-15,6.737946999085467e-08,1.0475768654282459e-10,1.0,1.0,4,101.23188181990783,1.621913556677057e-07,3.082778351174212e+20,0.003522341311283241,0.9948120054216736,-0.017535046472857144,0.0008328266335215823,0.0,1.4658615091077955e-221,1.3991872601965966e-221,129.21168580590572,-7.645046769293793,136.8567325751995,129.21168580590572,0.0,0.0,-1.1065809325636131e-221,4998.131164835664,0.0,1012.3188181990782,0.0,3.552713678800501e-15,5.204170427930421e-17,,,220,24,new_300K_solve,direct_a10
direct,300,1.32360679775,10.0,1.32360679775,1.32360679775,distance,1.0,3.5,4.539992976248485e-15,6.737946999085467e-08,1.0475768654282459e-10,1.0,1.0,4,122.3960814728559,1.9610014182897002e-07,2.5497176867729048e+20,0.004258745035264644,0.9937273693310398,-0.06474864197285714,0.0010069428168477893,0.0,5.697201448036022e-222,1.7358687998466054e-221,162.0042854554349,-3.4646111929808963,165.4688966484158,162.0042854554349,1.7486248461878657e-221,0.0,1.106580932563613e-220,6266.605554454685,0.0,1223.960814728559,0.0,3.552713678800501e-15,5.204170427930421e-17,,,220,24,new_300K_solve,direct_a10
direct,300,1.3527864045,10.0,1.3527864045000002,1.3527864045000002,distance,1.0,3.5,4.539992976248485e-15,6.737946999085467e-08,1.0475768654282459e-10,1.0,1.0,4,99.52520720963561,1.594569614852865e-07,3.1356423409970486e+20,0.003462957939398734,0.994899470145482,-0.09392824872285714,0.0008187859575596662,0.0,2.095042076949757e-221,1.4231807532919083e-221,134.63634721824045,0.08689083441342892,134.54945638382702,134.63634721824045,0.0,2.1040731168760176e-221,4.4263237302544523e-221,5207.966437044708,1.7406239285799179e-221,995.2520720963561,0.0,3.552713678800501e-15,5.204170427930421e-17,,,220,24,new_300K_solve,direct_a10
direct,300,1.31389719401,10.0,1.31389719401,1.31389719401,distance,1.0,3.5,4.539992976248485e-15,6.737946999085467e-08,1.0475768654282459e-10,1.0,1.0,4,125.37805537012831,2.0087779073037778e-07,2.489075562719176e+20,0.0043625021684790275,0.993574547274768,-0.05503903823285714,0.0010314752783764786,0.0,1.0252237658035069e-221,1.1297220949072814e-221,164.733875141242,-4.766391831112397,169.50026697235438,164.733875141242,0.0,0.0,6.086195129099872e-221,6372.19079769917,1.4226050800039278e-221,1253.780553701283,0.0,3.552713678800501e-15,5.204170427930421e-17,,,220,24,new_300K_solve,direct_a10
direct,300,1.31112797895,10.0,1.31112797895,1.31112797895,distance,1.0,3.5,4.539992976248485e-15,6.737946999085467e-08,1.0475768654282459e-10,1.0,1.0,4,125.54437336313994,2.011442615325948e-07,2.485778098715367e+20,0.00436828916687383,0.993566023706634,-0.052269823172857145,0.0010328435632460473,0.0,9.58805396631251e-222,0.0,164.60474051615788,-5.1203739714539065,169.7251144876118,164.60474051615788,1.7209997588646435e-221,1.7209997588646435e-221,6.086195129099872e-221,6367.195647376142,0.0,1255.4437336313995,0.0,3.552713678800501e-15,5.204170427930421e-17,,,220,24,new_300K_solve,direct_a10
direct,300,1.3109957803,10.0,1.3109957803000003,1.3109957803000003,distance,1.0,3.5,4.539992976248485e-15,6.737946999085467e-08,1.0475768654282459e-10,1.0,1.0,4,125.5442622294577,2.0114408347680586e-07,2.4857802991637856e+20,0.004368285300001527,0.9935660294020823,-0.05213762452285714,0.0010328426489581031,0.0,6.604599952248214e-222,5.641132332645446e-222,164.58799802369575,-5.136966220807314,169.72496424450307,164.58799802369575,1.7211748252475882e-221,1.7211748252475882e-221,4.979614196536259e-221,6366.54801885222,0.0,1255.442622294577,0.0,3.552713678800501e-15,5.204170427930421e-17,,,220,24,new_300K_solve,direct_a10
direct,300,1.31108190493,10.0,1.3110819049300002,1.3110819049300002,distance,1.0,3.5,4.539992976248485e-15,6.737946999085467e-08,1.0475768654282459e-10,1.0,1.0,4,125.5444186282874,2.0114433405535637e-07,2.4857772024659486e+20,0.004368290741864791,0.9935660213868576,-0.052223749152857143,0.001032843935638807,0.0,1.4772776696495196e-221,1.1282250610241617e-221,164.59901552850445,-5.126160153664553,169.725175682169,164.59901552850445,1.7210596176817783e-221,1.7210596176817783e-221,4.979614196536259e-221,6366.974194966242,2.847541303600079e-221,1255.444186282874,0.0,3.552713678800501e-15,5.204170427930421e-17,,,220,24,new_300K_solve,direct_a10
direct,300,1.31108173625,10.0,1.3110817362500002,1.3110817362500002,distance,1.0,3.5,4.539992976248485e-15,6.737946999085467e-08,1.0475768654282459e-10,1.0,1.0,4,125.54441862892736,2.0114433405638173e-07,2.4857772024532772e+20,0.004368290741887058,0.9935660213868248,-0.05222358047285714,0.0010328439356440719,0.0,1.0661415018653365e-221,1.1282250610184106e-221,164.59899435251097,-5.126181330523218,169.72517568303417,164.59899435251097,0.0,0.0,-3.319742797690839e-221,6366.973375842242,1.423770834971013e-221,1255.4441862892736,0.0,3.552713678800501e-15,5.204170427930421e-17,,,220,24,new_300K_solve,direct_a10
direct,300,1.31108165013,10.0,1.3110816501300002,1.3110816501300002,distance,1.0,3.5,4.539992976248485e-15,6.737946999085467e-08,1.0475768654282459e-10,1.0,1.0,4,125.54441862878971,2.0114433405616118e-07,2.4857772024560026e+20,0.0043682907418822695,0.9935660213868318,-0.05222349435285714,0.0010328439356429395,0.0,1.362902291496891e-221,1.1282250610196478e-221,164.59898354044518,-5.12619214240293,169.7251756828481,164.59898354044518,1.7210599521513837e-221,1.7210599521513837e-221,8.299356994227098e-221,6366.972957612863,0.0,1255.4441862878973,0.0,3.552713678800501e-15,5.204170427930421e-17,,,220,24,new_300K_solve,direct_a10
direct,300,1.47639320225,10.0,1.4763932022500001,1.4763932022500001,distance,1.0,3.5,4.539992976248485e-15,6.737946999085467e-08,1.0475768654282459e-10,1.0,1.0,4,119.6058401242827,1.916296823370654e-07,2.609199127724531e+20,0.004161659194382872,0.9938703653581926,-0.21753504647285715,0.0009839877237122518,0.0,2.1751795819125877e-221,1.184242836478232e-221,176.5852493088913,14.888517192013907,161.69673211687737,176.5852493088913,1.6042377256593492e-221,0.0,-1.770529492101781e-220,6830.6224186783675,1.327128106916367e-221,1196.058401242827,0.0,3.552713678800501e-15,5.204170427930421e-17,,,220,24,new_300K_solve,direct_a10
direct,300,1.52360679775,10.0,1.52360679775,1.52360679775,distance,1.0,3.5,4.539992976248485e-15,6.737946999085467e-08,1.0475768654282459e-10,1.0,1.0,4,70.63105382902926,1.131634240796669e-07,4.418388751192264e+20,0.0024575921566296005,0.9963802557210683,-0.26474864197285713,0.0005810760611510668,0.0,1.0043765677992246e-221,2.0053836335360987e-221,107.61395374615515,12.126889082273355,95.4870646638818,107.61395374615515,0.0,1.3162081164888256e-221,2.213161865127226e-220,4162.693587929785,2.1777031645678805e-221,706.3105382902926,0.0,3.552713678800501e-15,5.204170427930421e-17,,,220,24,new_300K_solve,direct_a10
direct,300,1.4472135955,10.0,1.4472135955,1.4472135955,distance,1.0,3.5,4.539992976248485e-15,6.737946999085467e-08,1.0475768654282459e-10,1.0,1.0,4,124.35025069126517,1.992310660895874e-07,2.509648770213211e+20,0.004326739928212366,0.9936272208493466,-0.18835543972285715,0.0010230196112204783,0.0,8.043486228091391e-222,5.695298504858261e-222,179.96137340423223,11.850609299412687,168.11076410481954,179.96137340423223,0.0,0.0,-3.541058984203562e-220,6961.2167294949895,1.302230824268383e-221,1243.5025069126516,0.0,3.552713678800501e-15,5.204170427930421e-17,,,220,24,new_300K_solve,direct_a10
direct,300,1.45470330927,10.0,1.45470330927,1.45470330927,distance,1.0,3.5,4.539992976248485e-15,6.737946999085467e-08,1.0475768654282459e-10,1.0,1.0,4,126.33509803938854,2.0241114213280752e-07,2.4702197454719966e+20,0.004395802260011389,0.9935255001557473,-0.19584515349285714,0.0010393487921206521,0.0,3.0033941160939425e-222,5.605819822294413e-222,183.7800851948484,12.985979460482124,170.79410573436627,183.7800851948484,0.0,1.5414331669067362e-221,1.770529492101781e-220,7108.931096745601,1.2751721568536566e-221,1263.3509803938855,0.0,3.552713678800501e-15,5.204170427930421e-17,,,220,24,new_300K_solve,direct_a10
direct,300,1.45767967711,10.0,1.45767967711,1.45767967711,distance,1.0,3.5,4.539992976248485e-15,6.737946999085467e-08,1.0475768654282459e-10,1.0,1.0,4,126.51891069350792,2.0270564247227112e-07,2.4666308934562434e+20,0.00440219798133457,0.9935160800103204,-0.19882152133285713,0.0010408610041724726,0.0,2.5518140795488973e-221,1.1195350844528776e-221,184.42404488802154,13.381440372475783,171.04260451554575,184.42404488802154,0.0,0.0,8.852647460508905e-221,7133.840569842187,1.2707195949799106e-221,1265.189106935079,0.0,3.552713678800501e-15,5.204170427930421e-17,,,220,24,new_300K_solve,direct_a10
direct,300,1.45778153021,10.0,1.4577815302100001,1.4577815302100001,distance,1.0,3.5,4.539992976248485e-15,6.737946999085467e-08,1.0475768654282459e-10,1.0,1.0,4,126.51889715168466,2.027056207758783e-07,2.4666311574696074e+20,0.004402197510149775,0.9935160807043203,-0.19892337443285715,0.0010408608927649724,0.0,1.1008469562957579e-221,2.239070408562385e-221,184.4369114902645,13.394325282090367,171.04258620817413,184.4369114902645,1.5359437351630026e-221,0.0,-7.082117968407124e-220,7134.33827223849,1.270630947629124e-221,1265.1889715168466,0.0,3.552713678800501e-15,5.204170427930421e-17,,,220,24,new_300K_solve,direct_a10
direct,300,1.4577272973,10.0,1.4577272973,1.4577272973,distance,1.0,3.5,4.539992976248485e-15,6.737946999085467e-08,1.0475768654282459e-10,1.0,1.0,4,126.51895657721596,2.0270571598607601e-07,2.4666299989011916e+20,0.004402199577848212,0.9935160776588436,-0.19886914152285715,0.0010408613816540809,0.0,1.0960995510788782e-221,1.1195346784392467e-221,184.43013662852107,13.38747008217782,171.04266654634324,184.43013662852107,1.5360001565626806e-221,1.5360001565626806e-221,2.6557942381526714e-220,7134.076208885582,2.541355246043043e-221,1265.1895657721595,0.0,3.552713678800501e-15,5.204170427930421e-17,,,220,24,new_300K_solve,direct_a10
direct,300,1.45772738559,10.0,1.45772738559,1.45772738559,distance,1.0,3.5,4.539992976248485e-15,6.737946999085467e-08,1.0475768654282459e-10,1.0,1.0,4,126.51895657713065,2.0270571598593932e-07,2.4666299989028553e+20,0.004402199577845244,0.993516077658848,-0.19886922981285715,0.001040861381653379,0.0,1.5420616184565502e-221,1.1195346784400015e-221,184.4301477987554,13.38748125252747,171.04266654622793,184.4301477987554,3.0720001270659577e-221,0.0,2.6557942381526714e-220,7134.076640969537,1.2706775460613988e-221,1265.1895657713064,0.0,3.552713678800501e-15,5.204170427930421e-17,,,220,24,new_300K_solve,direct_a10
direct,300,1.45772720901,10.0,1.45772720901,1.45772720901,distance,1.0,3.5,4.539992976248485e-15,6.737946999085467e-08,1.0475768654282459e-10,1.0,1.0,4,126.51895657698627,2.02705715985708e-07,2.46662999890567e+20,0.00440219957784022,0.9935160776588554,-0.19886905323285714,0.001040861381652191,0.0,2.900751926468858e-221,2.2390693568825584e-221,184.43012545782756,13.38745891179484,171.04266654603273,184.43012545782756,1.536000249596218e-221,0.0,-2.6557942381526714e-220,7134.075776783864,1.270677699984817e-221,1265.1895657698626,0.0,3.552713678800501e-15,5.204170427930421e-17,,,220,24,new_300K_solve,direct_a10
direct,300,1.19871786654,10.0,1.19871786654,1.19871786654,distance,1.0,3.5,4.539992976248485e-15,6.737946999085467e-08,1.0475768654282459e-10,1.0,1.0,4,12.156423955306057,1.9476738414189224e-08,2.56716493987381e+21,0.0004229801276580351,0.9993769999867396,0.06014028923714286,0.00010000994280120147,0.0,1.2868400954180112e-221,7.282279306032994e-222,14.572122588460223,-1.8623092566553539,16.43443184511558,14.572122588460223,2.430022779939934e-221,3.6450341699099007e-221,0.0,563.6748688241315,0.0,121.56423955306056,0.0,3.552713678800501e-15,5.204170427930421e-17,,,220,24,new_300K_solve,direct_a10
direct,300,1.19968486214,10.0,1.19968486214,1.19968486214,distance,1.0,3.5,4.539992976248485e-15,6.737946999085467e-08,1.0475768654282459e-10,1.0,1.0,4,12.649283012447068,2.026638567939582e-08,2.4671394688216843e+21,0.0004401290513607109,0.9993517416386926,0.059173293637142854,0.00010406465497337626,0.0,1.3253510853164294e-221,0.0,15.175153346957403,-1.9255812376489625,17.100734584606368,15.175153346957403,1.1667292261377836e-221,2.333458452275567e-221,-5.5329046628180653e-222,587.0011400402407,0.0,126.49283012447067,0.0,3.552713678800501e-15,5.204170427930421e-17,,,220,24,new_300K_solve,direct_a10
direct,300,1.19968987996,10.0,1.19968987996,1.19968987996,distance,1.0,3.5,4.539992976248485e-15,6.737946999085467e-08,1.0475768654282459e-10,1.0,1.0,4,12.651882231726816,2.027055008779248e-08,2.466632616453338e+21,0.0004402194906302528,0.9993516084322834,0.05916827581714286,0.00010408603854317992,0.0,8.536977342631743e-222,6.997099165458035e-222,15.1783350758484,-1.925913428004332,17.104248503852734,15.1783350758484,0.0,2.3329693055979875e-221,-1.1065809325636131e-221,587.1242148088188,0.0,126.51882231726816,0.0,3.552713678800501e-15,5.204170427930421e-17,,,220,24,new_300K_solve,direct_a10
direct,300,1.19968990588,10.0,1.19968990588,1.19968990588,distance,1.0,3.5,4.539992976248485e-15,6.737946999085467e-08,1.0475768654282459e-10,1.0,1.0,4,12.65189565935312,2.0270571601221593e-08,2.466629998583108e+21,0.00044021995784158973,0.999351607744136,0.05916824989714286,0.00010408614901119107,0.0,1.4782641854839261e-221,1.3994183478685964e-221,15.178351512772926,-1.9259151440670799,17.104266656840004,15.178351512772926,2.33296677918131e-221,1.166483389590655e-221,0.0,587.1248506174471,1.9299794136689658e-221,126.5189565935312,0.0,3.552713678800501e-15,5.204170427930421e-17,,,220,24,new_300K_solve,direct_a10
direct,300,1.19968990087,10.0,1.19968990087,1.19968990087,distance,1.0,3.5,4.539992976248485e-15,6.737946999085467e-08,1.0475768654282459e-10,1.0,1.0,4,12.651893063966119,2.027056744295318e-08,2.4666305045832296e+21,0.00044021986753566347,0.999351607877146,0.05916825490714286,0.00010408612765914913,0.0,6.42884746545236e-222,0.0,15.178348335727353,-1.9259148123743135,17.104263148101666,15.178348335727353,1.1664836337523259e-221,0.0,-5.5329046628180653e-222,587.1247277238375,0.0,126.51893063966119,0.0,3.552713678800501e-15,5.204170427930421e-17,,,220,24,new_300K_solve,direct_a10
direct,300,1.24582113851,10.0,1.24582113851,1.24582113851,distance,1.0,3.5,4.539992976248485e-15,6.737946999085467e-08,1.0475768654282459e-10,1.0,1.0,4,57.57332153036572,9.224263049772107e-08,5.420487222687702e+20,0.0020032512011874865,0.9970494465218172,0.013037017267142858,0.0004736511384976869,0.0,1.7054153760653077e-221,6.150520571122359e-222,71.72606097676251,-6.108081059286531,77.83414203604904,71.72606097676251,1.97476840968628e-221,0.0,2.2131618651272261e-221,2774.48791464088,0.0,575.7332153036572,0.0,3.552713678800501e-15,5.204170427930421e-17,,,220,24,new_300K_solve,direct_a10
direct,300,1.25113549026,10.0,1.25113549026,1.25113549026,distance,1.0,3.5,4.539992976248485e-15,6.737946999085467e-08,1.0475768654282459e-10,1.0,1.0,4,65.15520278380852,1.0439014348374975e-07,4.7897242336661235e+20,0.00226706111043876,0.996660885547283,0.007722665517142857,0.0005360266711391062,0.0,9.069641330694056e-222,1.086961234992438e-221,81.51798657790998,-6.5662019500663025,88.08418852797628,81.51798657790998,1.7375595903950503e-221,0.0,-1.1065809325636131e-221,3153.256508252174,0.0,651.5520278380851,0.0,3.552713678800501e-15,5.204170427930421e-17,,,220,24,new_300K_solve,direct_a10
direct,300,1.24980672416,10.0,1.24980672416,1.24980672416,distance,1.0,3.5,4.539992976248485e-15,6.737946999085467e-08,1.0475768654282459e-10,1.0,1.0,4,63.23445860935768,1.0131277204755301e-07,4.935211917460079e+20,0.0022002292346260523,0.9967593210414971,0.009051431617142856,0.0005202248619384053,0.0,7.902125665511895e-222,0.0,79.03085156859242,-6.456657266163965,85.4875088347564,79.03085156859242,0.0,1.7922413406517362e-221,-1.1065809325636131e-221,3057.0498306309482,1.4826567281845973e-221,632.3445860935768,0.0,3.552713678800501e-15,5.204170427930421e-17,,,220,24,new_300K_solve,direct_a10
direct,300,1.24982403271,10.0,1.2498240327100003,1.2498240327100003,distance,1.0,3.5,4.539992976248485e-15,6.737946999085467e-08,1.0475768654282459e-10,1.0,1.0,4,63.25938452457923,1.0135270776650203e-07,4.93326730995592e+20,0.0022010965264251184,0.9967580436226632,0.009034123067142857,0.0005204299254558289,0.0,1.0337812867961322e-221,5.597681689153479e-222,79.06309907326221,-6.458107439067144,85.52120651232934,79.06309907326221,0.0,0.0,-1.1065809325636131e-221,3058.297219805332,0.0,632.5938452457923,0.0,3.552713678800501e-15,5.204170427930421e-17,,,220,24,new_300K_solve,direct_a10
direct,300,1.24982409782,10.0,1.24982409782,1.24982409782,distance,1.0,3.5,4.539992976248485e-15,6.737946999085467e-08,1.0475768654282459e-10,1.0,1.0,4,63.25947829391015,1.0135285800153303e-07,4.9332599973888963e+20,0.0022010997891085938,0.9967580388171141,0.009034057957142858,0.000520430696888639,0.0,8.533299838652644e-222,0.0,79.06322038725013,-6.458112893089578,85.5213332803397,79.06322038725013,1.7915075894250315e-221,0.0,-1.1065809325636131e-221,3058.301912439903,0.0,632.5947829391015,0.0,3.552713678800501e-15,5.204170427930421e-17,,,220,24,new_300K_solve,direct_a10
direct,300,1.24982409282,10.0,1.24982409282,1.24982409282,distance,1.0,3.5,4.539992976248485e-15,6.737946999085467e-08,1.0475768654282459e-10,1.0,1.0,4,63.25947109306942,1.0135284646451425e-07,4.9332605589430626e+20,0.0022010995385569067,0.9967580391861472,0.009034062957142857,0.0005204306376478964,0.0,1.3966449767567922e-221,1.1195348057823117e-221,79.06321107116851,-6.458112474258481,85.52132354542698,79.06321107116851,1.7915078005198086e-221,1.7915078005198086e-221,-1.1065809325636131e-221,3058.3015520777763,0.0,632.5947109306942,0.0,3.552713678800501e-15,5.204170427930421e-17,,,220,24,new_300K_solve,direct_a10
direct,300,1.29178894425,10.0,1.29178894425,1.29178894425,distance,1.0,3.5,4.539992976248485e-15,6.737946999085467e-08,1.0475768654282459e-10,1.0,1.0,4,117.61096691693913,1.8843354309646688e-07,2.6534553868895276e+20,0.0040922480149927784,0.9939725998632721,-0.032930788472857145,0.000967576060867539,0.0,4.89401027915295e-222,0.0,151.92854678585448,-7.071289608541516,158.999836394396,151.92854678585448,1.864591775076865e-221,1.864591775076865e-221,4.702968963395356e-221,5876.858581190848,0.0,1176.1096691693915,0.0,3.552713678800501e-15,5.204170427930421e-17,,,220,24,new_300K_solve,direct_a10
direct,300,1.28619159896,10.0,1.2861915989600001,1.2861915989600001,distance,1.0,3.5,4.539992976248485e-15,6.737946999085467e-08,1.0475768654282459e-10,1.0,1.0,4,112.51965852063445,1.8027636774741952e-07,2.773519381644836e+20,0.0039150970466378604,0.9942335224082175,-0.02733344318285714,0.0009256902725723146,0.0,1.1486659295154715e-221,1.2588232245849497e-221,144.72183950708802,-7.394989092485858,152.1168285995739,144.72183950708802,0.0,0.0,4.979614196536259e-221,5598.090697147,1.6193219242019503e-221,1125.1965852063445,0.0,3.552713678800501e-15,5.204170427930421e-17,,,220,24,new_300K_solve,direct_a10
direct,300,1.2876729228,10.0,1.2876729228000001,1.2876729228000001,distance,1.0,3.5,4.539992976248485e-15,6.737946999085467e-08,1.0475768654282459e-10,1.0,1.0,4,113.9743939560835,1.826071108707478e-07,2.7381190010388362e+20,0.003965714249727946,0.9941589692202167,-0.02881476702285714,0.000937658265027654,0.0,5.622569826118269e-222,0.0,146.7617409897887,-7.321763867084234,154.08350485687293,146.7617409897887,0.0,0.0,2.7664523314090327e-221,5676.997609554259,0.0,1139.743939560835,0.0,3.552713678800501e-15,5.204170427930421e-17,,,220,24,new_300K_solve,direct_a10
direct,300,1.28756362802,10.0,1.28756362802,1.28756362802,distance,1.0,3.5,4.539992976248485e-15,6.737946999085467e-08,1.0475768654282459e-10,1.0,1.0,4,113.86960638059385,1.8243922266576474e-07,2.740638732691917e+20,0.003962068188828743,0.9941643394391756,-0.028705472242857143,0.0009367961859978088,0.0,1.9244153651580227e-221,1.2438996135169022e-221,146.61436351260676,-7.3274776219469215,153.9418411345537,146.61436351260676,0.0,0.0,-4.979614196536259e-221,5671.296794205372,1.5984194318349492e-221,1138.6960638059386,0.0,3.552713678800501e-15,5.204170427930421e-17,,,220,24,new_300K_solve,direct_a10
direct,300,1.28756097808,10.0,1.28756097808,1.28756097808,distance,1.0,3.5,4.539992976248485e-15,6.737946999085467e-08,1.0475768654282459e-10,1.0,1.0,4,113.86706062264824,1.824351439118685e-07,2.7407000059239793e+20,0.003961979609734694,0.994164469905765,-0.02870282230285714,0.000936775242250139,0.0,5.2566756652551155e-222,1.2439274237309126e-221,146.61078394639162,-7.327615544007073,153.9383994903987,146.61078394639162,0.0,0.0,7.746066527945291e-221,5671.158330402001,1.5984584579423187e-221,1138.6706062264823,0.0,3.552713678800501e-15,5.204170427930421e-17,,,220,24,new_300K_solve,direct_a10
direct,300,1.28756098308,10.0,1.2875609830800003,1.2875609830800003,distance,1.0,3.5,4.539992976248485e-15,6.737946999085467e-08,1.0475768654282459e-10,1.0,1.0,4,113.86706542630091,1.8243515160816854e-07,2.7406998903034456e+20,0.003961979776876744,0.9941644696595845,-0.028702827302857142,0.0009367752817694066,0.0,1.5526229198717713e-221,1.2439273712539715e-221,146.61079070072273,-7.3276152837981945,153.93840598452093,146.61079070072273,1.9322228424137984e-221,0.0,1.1065809325636131e-221,5671.158591671194,1.598458384301643e-221,1138.670654263009,0.0,3.552713678800501e-15,5.204170427930421e-17,,,220,24,new_300K_solve,direct_a10
direct,300,0.5,10.0,0.5,0.5,distance,2.0,3.5,6.73794699908547e-13,8.208499862389881e-07,1.0475768654282459e-10,1.0,1.0,4,3.393496872723903e-11,5.436981397030308e-20,9.196279396377945e+32,1.1807605678421418e-15,0.9999999999759264,0.7588581557771429,1.1807605678421418e-15,0.0,7.204854300734807e-222,1.7366537491494493e-217,1.6967484363619513e-11,-2.8909652923165526e-11,4.587713728678504e-11,1.6967484363619513e-11,2.778797845515923e-217,3.79617192010372e-221,-4.7147598706258617e-228,6.563315992491479e-10,4.5153193716208385e-217,3.3934968727239027e-10,0.0,3.552713678800501e-15,5.204170427930421e-17,,,220,24,new_300K_solve,direct_a20
direct,300,0.6,10.0,0.6,0.6,distance,2.0,3.5,6.73794699908547e-13,8.208499862389881e-07,1.0475768654282459e-10,1.0,1.0,4,6.60081068888376e-09,1.0575664651187004e-17,4.727835237701873e+30,2.2967377303915036e-13,0.9999999999755899,0.6588581557771429,2.2967377303915036e-13,0.0,3.5135353980384137e-222,1.6549767639350505e-219,3.960486413330256e-09,-4.9632376841351655e-09,8.923724097465422e-09,3.960486413330256e-09,1.9151932362518826e-219,4.16346355706931e-221,-7.564485115014873e-228,1.531984545121493e-07,3.5476119922506004e-219,6.60081068888376e-08,0.0,3.552713678800501e-15,5.204170427930421e-17,,,220,24,new_300K_solve,direct_a20
direct,300,0.7,10.0,0.7,0.7,distance,2.0,3.5,6.73794699908547e-13,8.208499862389881e-07,1.0475768654282459e-10,1.0,1.0,4,6.735718954145505e-07,1.0791811521522846e-15,4.6331424432572405e+28,2.3436787608382353e-11,0.9999999999414084,0.5588581557771428,1.7577378480537773e-11,0.0,2.1458004528422302e-221,7.050368635000485e-221,4.715003267901854e-07,-4.391105114525856e-07,9.10610838242771e-07,4.715003267901854e-07,3.357318397619279e-221,0.0,5.276589072053972e-228,1.8238446955178682e-05,5.554777247887865e-221,6.7357189541455055e-06,0.0,3.552713678800501e-15,5.204170427930421e-17,,,220,24,new_300K_solve,direct_a20
direct,300,0.8,10.0,0.8000000000000002,0.8000000000000002,distance,2.0,3.5,6.73794699908547e-13,8.208499862389881e-07,1.0475768654282459e-10,1.0,1.0,4,5.600374147702667e-05,8.972788601106877e-14,5.572403655406752e+26,1.9486380045958665e-09,0.9999999971058134,0.45885815577714284,4.727742726848574e-10,0.0,5.152191753790475e-222,0.0,4.4802993181621345e-05,-3.090921262491719e-05,7.571220580653853e-05,4.4802993181621345e-05,3.014992317522062e-221,3.014992317522062e-221,-8.442542515286355e-227,0.0017330571542527346,3.741291875936808e-221,0.0005600374147702666,0.0,3.552713678800501e-15,5.204170427930421e-17,,,220,24,new_300K_solve,direct_a20
direct,300,0.9,10.0,0.9000000000000001,0.9000000000000001,distance,2.0,3.5,6.73794699908547e-13,8.208499862389881e-07,1.0475768654282459e-10,1.0,1.0,4,0.006610645482963381,1.0591421728461575e-11,4.7208015393852706e+24,2.3001597184880967e-07,0.9999996611894495,0.35885815577714286,5.43972893411899e-08,0.0,9.613538907848195e-222,6.538819513111921e-222,0.005949580934667044,-0.0029874389522185664,0.008937019886885611,0.005949580934667044,1.45307100291376e-221,4.35921300874128e-221,1.0806454419566534e-224,0.23014006590658004,1.2020733202240452e-221,0.06610645482963382,0.0,3.552713678800501e-15,5.204170427930421e-17,,,220,24,new_300K_solve,direct_a20
direct,300,1.1,10.0,1.1,1.1,distance,2.0,3.5,6.73794699908547e-13,8.208499862389881e-07,1.0475768654282459e-10,1.0,1.0,4,21.333298478091283,3.417971234774561e-08,1.4628560793987444e+21,0.000742287480825428,0.9989066978033426,0.15885815577714285,0.00017550735791598942,0.0,3.756741524516649e-222,3.319748221626518e-221,23.466628325900412,-5.374142706658742,28.840771032559154,23.466628325900412,0.0,1.50897646437569e-221,8.852647460508905e-221,907.729712198658,2.49664379102565e-221,213.33298478091282,0.0,3.552713678800501e-15,5.204170427930421e-17,,,220,24,new_300K_solve,direct_a20
direct,300,1.2,10.0,1.2,1.2,distance,2.0,3.5,6.73794699908547e-13,8.208499862389881e-07,1.0475768654282459e-10,1.0,1.0,4,1094.6424625017992,1.7538105760046037e-06,2.850935025942548e+19,0.038087846412005126,0.9439010810166022,0.05885815577714286,0.009005536285696324,0.0,8.942696690655956e-222,2.0703360480925569e-221,1313.5709550021588,-166.2908045824163,1479.861759584575,1313.5709550021588,1.7252800400771308e-221,1.7252800400771308e-221,-7.082117968407124e-220,50811.19317088238,1.4272620552836658e-221,10946.424625017991,0.0,3.552713678800501e-15,5.204170427930421e-17,,,220,24,new_300K_solve,direct_a20
direct,300,1.3,10.0,1.3,1.3,distance,2.0,3.5,6.73794699908547e-13,8.208499862389881e-07,1.0475768654282459e-10,1.0,1.0,4,8868.19825693142,1.420842003293505e-05,3.5190401103078477e+18,0.3085670296301523,0.5455170501789637,-0.041141844222857146,0.072957960095442,1.1065809325636131e-221,2.436882026641042e-221,2.0444087371357061e-221,11528.657734010847,-460.3778885003032,11989.03562251115,11528.657734010847,1.5726221054890049e-221,1.5726221054890049e-221,0.0,445948.3919716005,1.3009736427278307e-221,88681.9825693142,0.0,3.552713678800501e-15,5.204170427930421e-17,,,220,24,new_300K_solve,direct_a20
direct,300,1.4,10.0,1.4,1.4,distance,2.0,3.5,6.73794699908547e-13,8.208499862389881e-07,1.0475768654282459e-10,1.0,1.0,4,7864.468691482617,1.2600267976318003e-05,3.9681695733752786e+18,0.27364247769871297,0.59695680834484,-0.14114184422285714,0.06470035697822353,0.0,6.567117741954898e-222,1.152666677836587e-221,11010.256168075664,378.17594584863747,10632.080222227027,11010.256168075664,0.0,0.0,0.0,425895.72408448416,1.362228055280557e-221,78644.68691482616,0.0,3.552713678800501e-15,5.204170427930421e-17,,,220,24,new_300K_solve,direct_a20
direct,300,1.6,10.0,1.6000000000000003,1.6000000000000003,distance,2.0,3.5,6.73794699908547e-13,8.208499862389881e-07,1.0475768654282459e-10,1.0,1.0,4,6420.476421985917,1.0286737302453758e-05,4.86062767327335e+18,0.22339908073143827,0.6709594238831124,-0.34114184422285715,0.052820747692724684,0.0,8.192681220475054e-222,1.4119062829230342e-221,10272.762275177469,1592.834480766933,8679.927794410536,10272.762275177469,0.0,0.0,2.2662777498902796e-218,397368.1866022515,0.0,64204.76421985917,0.0,3.552713678800501e-15,5.204170427930421e-17,,,220,24,new_300K_solve,direct_a20
direct,300,1.7,10.0,1.7000000000000002,1.7000000000000002,distance,2.0,3.5,6.73794699908547e-13,8.208499862389881e-07,1.0475768654282459e-10,1.0,1.0,4,2934.12759813555,4.70099067890732e-06,1.0636055975252816e+19,0.10209233164187495,0.8496300006540197,-0.4411418442228571,0.024138833852052684,0.0,1.780854126986229e-221,1.544771094024918e-221,4988.0169168304365,1021.3306434890134,3966.6862733414227,4988.0169168304365,1.817377757676374e-221,0.0,2.2662777498902796e-218,192945.10900652787,0.0,29341.275981355502,0.0,3.552713678800501e-15,5.204170427930421e-17,,,220,24,new_300K_solve,direct_a20
direct,300,1.8,10.0,1.8000000000000003,1.8000000000000003,distance,2.0,3.5,6.73794699908547e-13,8.208499862389881e-07,1.0475768654282459e-10,1.0,1.0,4,2077.843543209361,3.3290723740378073e-06,1.5019198858496238e+19,0.07229811418155599,0.8935133794274686,-0.5411418442228572,0.017094253195487748,0.0,1.481969628411241e-221,2.1813747789594108e-221,3740.1183777768506,931.0539505048267,2809.064427272024,3740.1183777768506,1.2118748771996725e-221,0.0,-2.8328471873628494e-218,144674.2383055162,0.0,20778.43543209361,0.0,3.552713678800501e-15,5.204170427930421e-17,,,220,24,new_300K_solve,direct_a20
direct,300,1.9,10.0,1.9,1.9,distance,2.0,3.5,6.73794699908547e-13,8.208499862389881e-07,1.0475768654282459e-10,1.0,1.0,4,799.8978635086339,1.2815776665000544e-06,3.901441270941333e+19,0.027832272193221097,0.9590063358729014,-0.6411418442228571,0.006580695966938759,0.0,2.638717074177099e-222,0.0,1519.8059406664045,438.4133395842188,1081.3926010821856,1519.8059406664045,1.4911625815178496e-221,1.4911625815178496e-221,2.8328471873628494e-219,58788.71859901041,1.2335851116460581e-221,7998.97863508634,0.0,3.552713678800501e-15,5.204170427930421e-17,,,220,24,new_300K_solve,direct_a20
direct,300,2.1,10.0,2.1,2.1,distance,2.0,3.5,6.73794699908547e-13,8.208499862389881e-07,1.0475768654282459e-10,1.0,1.0,4,115.2120592536479,1.8459006929121813e-07,2.7087047635871246e+20,0.004008778544580315,0.9940955405778926,-0.8411418442228571,0.0009478404387635357,0.0,6.877253322843785e-222,6.147028370368171e-222,241.94532443266056,86.18860333598971,155.75672109667084,241.94532443266056,1.1708625467367946e-221,0.0,0.0,9358.863006010604,1.9372248517237987e-221,1152.1205925364789,0.0,3.552713678800501e-15,5.204170427930421e-17,,,220,24,new_300K_solve,direct_a20
direct,300,2.2,10.0,2.2,2.2,distance,2.0,3.5,6.73794699908547e-13,8.208499862389881e-07,1.0475768654282459e-10,1.0,1.0,4,29.01694832850095,4.6490276601909576e-08,1.0754937086768432e+21,0.0010096384062747946,0.998512921328342,-0.9411418442228572,0.00023872013269162133,0.0,7.57343864994323e-222,1.220341623838325e-221,63.83728632270209,24.608886473267656,39.22839984943443,63.83728632270209,1.109401476216659e-221,1.109401476216659e-221,8.852647460508905e-221,2469.3364865413096,0.0,290.1694832850095,0.0,3.552713678800501e-15,5.204170427930421e-17,,,220,24,new_300K_solve,direct_a20
direct,300,2.3,10.0,2.3,2.3,distance,2.0,3.5,6.73794699908547e-13,8.208499862389881e-07,1.0475768654282459e-10,1.0,1.0,4,7.150776215010617,1.145680656665297e-08,4.3642178742489815e+21,0.00024880970319886167,0.9996335325410131,-1.041141844222857,5.882887789406286e-05,0.0,7.307812126450387e-222,1.237998112977692e-221,16.446785294524418,6.779555459720027,9.667229834804392,16.446785294524418,0.0,0.0,-2.2131618651272261e-221,636.1900599718532,1.7811326303892157e-221,71.50776215010616,0.0,3.552713678800501e-15,5.204170427930421e-17,,,220,24,new_300K_solve,direct_a20
direct,300,2.4,10.0,2.4,2.4,distance,2.0,3.5,6.73794699908547e-13,8.208499862389881e-07,1.0475768654282459e-10,1.0,1.0,4,2.766005777703433,4.4316298265454375e-09,1.1282530797247613e+22,9.624256946428662e-05,0.9998582459884117,-1.1411418442228571,2.2755721062017737e-05,0.0,1.5202295629569126e-221,8.001291548149896e-222,6.63841386648824,2.899013726776798,3.739400139711442,6.63841386648824,0.0,0.0,-1.1065809325636131e-221,256.78531337337904,2.2063934655357366e-221,27.660057777034332,0.0,3.552713678800501e-15,5.204170427930421e-17,,,220,24,new_300K_solve,direct_a20
direct,300,2.5,10.0,2.5,2.5,distance,2.0,3.5,6.73794699908547e-13,8.208499862389881e-07,1.0475768654282459e-10,1.0,1.0,4,0.5417465216773378,8.67973618582205e-10,5.760543745750325e+22,1.8849952398818568e-05,0.9999722362126381,-1.2411418442228572,4.456917481542799e-06,0.0,8.304138864042966e-222,0.0,1.3543663041933447,0.621971948701283,0.7323943554920617,1.3543663041933447,0.0,0.0,-1.1065809325636131e-221,52.38922773409601,0.0,5.417465216773379,0.0,3.552713678800501e-15,5.204170427930421e-17,,,220,24,new_300K_solve,direct_a20
direct,300,2.6,10.0,2.6,2.6,distance,2.0,3.5,6.73794699908547e-13,8.208499862389881e-07,1.0475768654282459e-10,1.0,1.0,4,0.12087137992343076,1.9365730063265746e-10,2.5818804577289578e+23,4.205693376455497e-06,0.9999938054841382,-1.341141844222857,9.944112426707341e-07,0.0,8.558526922020041e-222,5.72189283592509e-222,0.31426558780091995,0.15085795553340234,0.16340763226751764,0.31426558780091995,1.7605824110538737e-221,0.0,1.3832261657045163e-222,12.156335695384799,0.0,1.2087137992343076,0.0,3.552713678800501e-15,5.204170427930421e-17,,,220,24,new_300K_solve,direct_a20
direct,300,2.7,10.0,2.7,2.7,distance,2.0,3.5,6.73794699908547e-13,8.208499862389881e-07,1.0475768654282459e-10,1.0,1.0,4,0.03860884231784661,6.185818502744424e-11,8.083004694983665e+23,1.3433862715197288e-06,0.9999980213259209,-1.4411418442228572,3.176439037925196e-07,0.0,3.0404270863164024e-222,8.956666936016441e-222,0.10424387425818583,0.05204806486355623,0.0521958093946296,0.10424387425818583,0.0,1.3269136201505838e-221,-5.187098121391936e-223,4.032333092965769,2.1954157199840375e-221,0.3860884231784661,0.0,7.105427357601002e-15,5.204170427930421e-17,,,220,24,new_300K_solve,direct_a20
direct,300,2.8,10.0,2.8,2.8,distance,2.0,3.5,6.73794699908547e-13,8.208499862389881e-07,1.0475768654282459e-10,1.0,1.0,4,0.0062767504996472205,1.0056462987982601e-11,4.971927014473143e+24,2.1839816852221518e-07,0.9999996783011076,-1.541141844222857,5.1650361931691596e-08,0.0,8.560728226678333e-222,1.377331078579453e-221,0.017574901399012216,0.009089278597890493,0.008485622801121723,0.017574901399012216,0.0,0.0,-8.645163535653227e-224,0.6798275392309913,0.0,0.0627675049964722,0.0,1.4210854715202004e-14,5.204170427930421e-17,,,220,24,new_300K_solve,direct_a20
direct,300,2.9,10.0,2.9,2.9,distance,2.0,3.5,6.73794699908547e-13,8.208499862389881e-07,1.0475768654282459e-10,1.0,1.0,4,0.0012968661408747214,2.077808628335231e-12,2.4063813826810748e+25,4.5124175319926244e-08,0.9999999335133241,-1.6411418442228571,1.0681250310474972e-08,0.0,3.0109007007662046e-221,3.3330978669171525e-221,0.0037609118085366925,0.0020076611582794,0.0017532506502572923,0.0037609118085366925,0.0,1.1493440920403973e-221,2.161290883913307e-224,0.14547856411905546,0.0,0.012968661408747214,0.0,1.4210854715202004e-14,5.204170427930421e-17,,,220,24,new_300K_solve,direct_a20
direct,300,3.0,10.0,3.0000000000000004,3.0000000000000004,distance,2.0,3.5,6.73794699908547e-13,8.208499862389881e-07,1.0475768654282459e-10,1.0,1.0,4,0.00035310822726741396,5.657417510010123e-13,8.837954757896333e+25,1.2286323971244025e-08,0.9999999818796177,-1.7411418442228572,2.9170291919920343e-09,0.0,6.678810281391402e-222,1.5301901209147767e-221,0.001059324681802242,0.0005819529550253936,0.00047737172677684854,0.001059324681802242,0.0,2.0402534945530354e-221,-1.0806454419566534e-224,0.040976508221932155,3.3756565059493335e-221,0.00353108227267414,0.0,1.4210854715202004e-14,5.204170427930421e-17,,,220,24,new_300K_solve,direct_a20
direct,300,1.27639320225,10.0,1.27639320225,1.27639320225,distance,2.0,3.5,6.73794699908547e-13,8.208499862389881e-07,1.0475768654282459e-10,1.0,1.0,4,7407.311948030844,1.1867822123884039e-05,4.2130729191984435e+18,0.25773580823605735,0.6203854619748084,-0.017535046472857144,0.06093936489456715,0.0,7.322914162901886e-222,1.2238057561449108e-221,9454.642617411775,-559.4012998611279,10014.043917272902,9454.642617411775,0.0,0.0,2.8328471873628494e-219,365721.90528845636,1.5863613734438892e-221,74073.11948030844,0.0,3.552713678800501e-15,5.204170427930421e-17,,,220,24,new_300K_solve,direct_a20
direct,300,1.32360679775,10.0,1.32360679775,1.32360679775,distance,2.0,3.5,6.73794699908547e-13,8.208499862389881e-07,1.0475768654282459e-10,1.0,1.0,4,9193.072770542662,1.4728926387625094e-05,3.394680554721819e+18,0.3198709676752009,0.5288676786852122,-0.06474864197285714,0.07563067681979344,1.1065809325636131e-221,2.1176244375900152e-222,0.0,12168.013611300692,-260.22420354832644,12428.237814849019,12168.013611300692,0.0,0.0,-4.9574825778849865e-219,470679.7815186995,0.0,91930.7277054266,0.0,3.552713678800501e-15,5.204170427930421e-17,,,220,24,new_300K_solve,direct_a20
direct,300,1.3527864045,10.0,1.3527864045000002,1.3527864045000002,distance,2.0,3.5,6.73794699908547e-13,8.208499862389881e-07,1.0475768654282459e-10,1.0,1.0,4,8366.968237684201,1.3405361007837784e-05,3.729851062628319e+18,0.29112684012156825,0.5712043985077199,-0.09392824872285714,0.06883438068535594,0.0,5.09878629623987e-222,2.1668807008810036e-221,11318.720878822513,7.304811233918745,11311.416067588594,11318.720878822513,1.6017907140942168e-221,1.6017907140942168e-221,-1.8413506717858521e-218,437827.67183688615,0.0,83669.68237684201,0.0,3.552713678800501e-15,5.204170427930421e-17,,,220,24,new_300K_solve,direct_a20
direct,300,1.32184519123,10.0,1.32184519123,1.32184519123,distance,2.0,3.5,6.73794699908547e-13,8.208499862389881e-07,1.0475768654282459e-10,1.0,1.0,4,9206.477755431735,1.4750403541193492e-05,3.389737769571176e+18,0.32033739120900334,0.5281806916673466,-0.06298703545285714,0.075740958561825,0.0,1.276252892412029e-221,9.846448598882225e-222,12169.538349183404,-276.8218437065799,12446.360192889982,12169.538349183404,0.0,1.4898035963984456e-221,-2.8328471873628494e-219,470738.7610133346,1.2324608721895268e-221,92064.77755431735,0.0,3.552713678800501e-15,5.204170427930421e-17,,,220,24,new_300K_solve,direct_a20
direct,300,1.31703926025,10.0,1.31703926025,1.31703926025,distance,2.0,3.5,6.73794699908547e-13,8.208499862389881e-07,1.0475768654282459e-10,1.0,1.0,4,9214.013679134609,1.4762477422065843e-05,3.3869653832807055e+18,0.3205996020352777,0.527794485953999,-0.05818110447285714,0.07580295600536163,0.0,7.411592613245993e-222,1.967679084325502e-221,12135.217759900825,-321.3303488548923,12456.548108755716,12135.217759900825,0.0,0.0,1.4164235936814247e-219,469411.1813457614,1.2359464943051048e-221,92140.13679134609,0.0,3.552713678800501e-15,5.204170427930421e-17,,,220,24,new_300K_solve,direct_a20
direct,300,1.3015138476,10.0,1.3015138476,1.3015138476,distance,2.0,3.5,6.73794699908547e-13,8.208499862389881e-07,1.0475768654282459e-10,1.0,1.0,4,8923.462589858518,1.4296963255844443e-05,3.4972461707601116e+18,0.3104899400750646,0.5426848292114591,-0.042655691822857146,0.07341261535673815,0.0,1.7432916588669787e-221,2.0317474093214854e-221,11614.01012924142,-449.7380827858042,12063.748212027225,11614.01012924142,1.5610647655175094e-221,1.5610647655175094e-221,3.2754795603882947e-219,449249.97002883686,1.2914126715126352e-221,89234.62589858519,0.0,3.552713678800501e-15,5.204170427930421e-17,,,220,24,new_300K_solve,direct_a20
direct,300,1.31858993364,10.0,1.31858993364,1.31858993364,distance,2.0,3.5,6.73794699908547e-13,8.208499862389881e-07,1.0475768654282459e-10,1.0,1.0,4,9216.340532660079,1.476620545241509e-05,3.386110274648944e+18,0.3206805643976356,0.5276752379147285,-0.05973177786285714,0.07582209884381798,0.0,1.488581737967487e-221,9.835911517632138e-222,12152.573851363895,-307.1199617386355,12459.69381310253,12152.573851363895,0.0,1.4918833015022133e-221,-3.541058984203562e-219,470082.54493876966,1.2341813373382771e-221,92163.40532660078,0.0,3.552713678800501e-15,5.204170427930421e-17,,,220,24,new_300K_solve,direct_a20
direct,300,1.3186105091,10.0,1.3186105091,1.3186105091,distance,2.0,3.5,6.73794699908547e-13,8.208499862389881e-07,1.0475768654282459e-10,1.0,1.0,4,9216.340489847727,1.4766205383822141e-05,3.3861102903783265e+18,0.32068056290798913,0.5276752401088025,-0.059752353322857145,0.07582209849160416,0.0,5.54391442282717e-222,0.0,12152.763425357054,-306.9303298668864,12459.693755223941,12152.763425357054,0.0,1.4918600292418315e-221,-2.8328471873628494e-219,470089.877988233,1.2341620850352239e-221,92163.40489847727,0.0,3.552713678800501e-15,5.204170427930421e-17,,,220,24,new_300K_solve,direct_a20
direct,300,1.31859913348,10.0,1.3185991334800002,1.3185991334800002,distance,2.0,3.5,6.73794699908547e-13,8.208499862389881e-07,1.0475768654282459e-10,1.0,1.0,4,9216.340612943177,1.4766205581042795e-05,3.386110245152701e+18,0.3206805671910685,0.5276752338003302,-0.05974097770285714,0.07582209950430062,0.0,8.134716042563567e-222,4.917955715975994e-221,12152.658746083407,-307.03517555491806,12459.693921638325,12152.658746083407,1.4918728796663772e-221,1.4918728796663772e-221,-2.124635390522137e-218,470085.8288131397,0.0,92163.40612943177,0.0,3.552713678800501e-15,5.204170427930421e-17,,,220,24,new_300K_solve,direct_a20
direct,300,1.31859904726,10.0,1.3185990472600002,1.3185990472600002,distance,2.0,3.5,6.73794699908547e-13,8.208499862389881e-07,1.0475768654282459e-10,1.0,1.0,4,9216.340612937332,1.476620558103343e-05,3.3861102451548483e+18,0.3206805671908652,0.5276752338006298,-0.05974089148285714,0.07582209950425255,0.0,1.0342732467297687e-221,9.835911431958224e-222,12152.657951442814,-307.03597018761104,12459.693921630424,12152.657951442814,0.0,0.0,7.082117968407124e-220,470085.7980750691,0.0,92163.40612937332,0.0,3.552713678800501e-15,5.204170427930421e-17,,,220,24,new_300K_solve,direct_a20
direct,300,1.31859921971,10.0,1.3185992197100003,1.3185992197100003,distance,2.0,3.5,6.73794699908547e-13,8.208499862389881e-07,1.0475768654282459e-10,1.0,1.0,4,9216.340612934906,1.4766205581029544e-05,3.3861102451557396e+18,0.32068056719078075,0.5276752338007541,-0.05974106393285714,0.07582209950423258,0.0,1.5734001781848016e-221,1.967182286392163e-221,12152.659540797553,-307.03438082959144,12459.693921627144,12152.659540797553,1.491872782106458e-221,0.0,1.203960054629211e-218,470085.8595540554,0.0,92163.40612934905,0.0,3.552713678800501e-15,5.204170427930421e-17,,,220,24,new_300K_solve,direct_a20
direct,300,1.47639320225,10.0,1.4763932022500001,1.4763932022500001,distance,2.0,3.5,6.73794699908547e-13,8.208499862389881e-07,1.0475768654282459e-10,1.0,1.0,4,9324.394486774572,1.493932697290864e-05,3.346870986268075e+18,0.3244402782306954,0.5221376215488791,-0.21753504647285715,0.07671105011021277,0.0,7.687415099323761e-222,1.944385989335562e-221,13766.472635371356,1160.6992390773567,12605.773396293998,13766.472635371356,1.3169838403294924e-221,1.3169838403294924e-221,1.1331388749451398e-218,532510.9372233117,2.1789866213719286e-221,93243.94486774571,0.0,3.552713678800501e-15,5.204170427930421e-17,,,220,24,new_300K_solve,direct_a20
direct,300,1.52360679775,10.0,1.52360679775,1.52360679775,distance,2.0,3.5,6.73794699908547e-13,8.208499862389881e-07,1.0475768654282459e-10,1.0,1.0,4,6835.2266476176,1.095124042290707e-05,4.5656928410971013e+18,0.23783022462941955,0.6497040459007004,-0.26474864197285713,0.05623286473494002,0.0,1.4671675277887437e-221,1.3262341494880405e-221,10414.19778447212,1173.5636227161897,9240.63416175593,10414.19778447212,0.0,0.0,-1.6997083124177097e-218,402839.1563710531,0.0,68352.26647617601,0.0,3.552713678800501e-15,5.204170427930421e-17,,,220,24,new_300K_solve,direct_a20
direct,300,1.4472135955,10.0,1.4472135955,1.4472135955,distance,2.0,3.5,6.73794699908547e-13,8.208499862389881e-07,1.0475768654282459e-10,1.0,1.0,4,9513.641603353057,1.5242534281142563e-05,3.2802944102187745e+18,0.3310250904932147,0.5124389674038914,-0.18835543972285715,0.07826797105144695,0.0,6.898164328044224e-222,0.0,13768.271471086964,906.6523712597117,12861.619099827252,13768.271471086964,0.0,0.0,-5.665694374725699e-219,532580.5192955099,0.0,95136.41603353058,0.0,3.552713678800501e-15,5.204170427930421e-17,,,220,24,new_300K_solve,direct_a20
direct,300,1.45644548241,10.0,1.4564454824100002,1.4564454824100002,distance,2.0,3.5,6.73794699908547e-13,8.208499862389881e-07,1.0475768654282459e-10,1.0,1.0,4,9597.826044201449,1.537741262521621e-05,3.2515222956304707e+18,0.3339542698034946,0.5081246307263277,-0.19758732663285714,0.07896054973508883,0.0,2.444661118787988e-221,1.8889925609847507e-221,13978.710383034244,1003.2812136808963,12975.429169353349,13978.710383034244,1.2969881700336693e-221,1.2969881700336693e-221,5.665694374725699e-219,540720.6598527484,0.0,95978.26044201449,0.0,3.552713678800501e-15,5.204170427930421e-17,,,220,24,new_300K_solve,direct_a20
direct,300,1.45765802201,10.0,1.45765802201,1.45765802201,distance,2.0,3.5,6.73794699908547e-13,8.208499862389881e-07,1.0475768654282459e-10,1.0,1.0,4,9599.178225790762,1.5379579058963532e-05,3.251064272195342e+18,0.3340013186678125,0.5080553332817322,-0.19879986623285714,0.07897167402522765,1.1065809325636131e-221,2.0643044166305867e-221,1.8887264693565687e-221,13992.319145527623,1015.0619438307627,12977.25720169686,13992.319145527623,1.2957267348291734e-221,1.2957267348291734e-221,1.1331388749451398e-218,541247.0702893027,0.0,95991.78225790762,0.0,3.552713678800501e-15,5.204170427930421e-17,,,220,24,new_300K_solve,direct_a20
direct,300,1.4577793682,10.0,1.4577793682000002,1.4577793682000002,distance,2.0,3.5,6.73794699908547e-13,8.208499862389881e-07,1.0475768654282459e-10,1.0,1.0,4,9599.186687578898,1.5379592616242767e-05,3.2510614063466e+18,0.33400161309389037,0.5080548996267414,-0.19892121242285715,0.07897174363968407,0.0,1.1922493407743792e-221,9.44362402211756e-222,13993.496304652619,1016.2276633514022,12977.268641301218,13993.496304652619,0.0,0.0,-5.665694374725699e-219,541292.604837296,2.1436358035827987e-221,95991.86687578898,0.0,3.552713678800501e-15,5.204170427930421e-17,,,220,24,new_300K_solve,direct_a20
direct,300,1.45776318166,10.0,1.45776318166,1.45776318166,distance,2.0,3.5,6.73794699908547e-13,8.208499862389881e-07,1.0475768654282459e-10,1.0,1.0,4,9599.186895563409,1.5379592949470692e-05,3.2510613359062154e+18,0.3340016203306662,0.5080548889678217,-0.19890502588285713,0.07897174535075605,0.0,1.7815967029170185e-221,1.8887247635007226e-221,13993.341230225493,1016.0723077472414,12977.268922478252,13993.341230225493,1.2956320939248674e-221,0.0,-5.665694374725699e-219,541286.6062906301,2.1436595593884162e-221,95991.8689556341,0.0,3.552713678800501e-15,5.204170427930421e-17,,,220,24,new_300K_solve,direct_a20
direct,300,1.45776309337,10.0,1.45776309337,1.45776309337,distance,2.0,3.5,6.73794699908547e-13,8.208499862389881e-07,1.0475768654282459e-10,1.0,1.0,4,9599.186895569297,1.5379592949480124e-05,3.251061335904221e+18,0.3340016203308711,0.5080548889675199,-0.19890493759285716,0.07897174535080449,0.0,7.755234805626573e-222,9.44362381749782e-222,13993.340382721866,1016.0714602356537,12977.268922486213,13993.340382721866,0.0,0.0,-3.3994166248354193e-218,541286.5735077261,0.0,95991.86895569297,0.0,3.552713678800501e-15,5.204170427930421e-17,,,220,24,new_300K_solve,direct_a20
direct,300,1.45776300508,10.0,1.45776300508,1.45776300508,distance,2.0,3.5,6.73794699908547e-13,8.208499862389881e-07,1.0475768654282459e-10,1.0,1.0,4,9599.186895562952,1.537959294946996e-05,3.25106133590637e+18,0.3340016203306503,0.5080548889678451,-0.19890484930285715,0.07897174535075228,0.0,3.9087299929770586e-222,1.8887247635008128e-221,13993.339535200404,1016.070612722771,12977.268922477633,13993.339535200404,2.5912645017317643e-221,1.2956322508658821e-221,1.6997083124177097e-218,541286.5407241322,2.1436598190517173e-221,95991.86895562951,0.0,3.552713678800501e-15,5.204170427930421e-17,,,220,24,new_300K_solve,direct_a20
direct,300,1.18744781304,10.0,1.18744781304,1.18744781304,distance,2.0,3.5,6.73794699908547e-13,8.208499862389881e-07,1.0475768654282459e-10,1.0,1.0,4,667.9535357475021,1.0701795475723314e-06,4.672113208799722e+19,0.023241298004977422,0.9657683009928159,0.07141034273714286,0.005495200501103354,0.0,8.405440097630928e-222,1.696433680341331e-221,793.1599652357067,-109.85533756268275,903.0153027983895,793.1599652357067,0.0,1.4286385150672601e-221,-7.082117968407124e-220,30680.797299553276,1.181861202765172e-221,6679.535357475021,0.0,3.552713678800501e-15,5.204170427930421e-17,,,220,24,new_300K_solve,direct_a20
direct,300,1.19603674274,10.0,1.19603674274,1.19603674274,distance,2.0,3.5,6.73794699908547e-13,8.208499862389881e-07,1.0475768654282459e-10,1.0,1.0,4,940.502698939734,1.5068514484551783e-06,3.3181771203299377e+19,0.032724586862291585,0.9518005316597968,0.06282141303714285,0.007737440738955803,0.0,5.4214642522909643e-222,2.4096451317419337e-221,1124.8757845780583,-146.60237073305018,1271.4781553111086,1124.8757845780583,0.0,0.0,-1.0623176952610685e-219,43512.13808876404,0.0,9405.02698939734,0.0,3.552713678800501e-15,5.204170427930421e-17,,,220,24,new_300K_solve,direct_a20
direct,300,1.19653596866,10.0,1.19653596866,1.19653596866,distance,2.0,3.5,6.73794699908547e-13,8.208499862389881e-07,1.0475768654282459e-10,1.0,1.0,4,958.8698942561099,1.53627893962319e-06,3.2546172905464496e+19,0.033363669428694655,0.9508592381901386,0.06232218711714286,0.007888546190583353,0.0,1.8206790188511342e-221,2.3634882724610465e-221,1147.3223177426462,-148.98669413637194,1296.309011879018,1147.3223177426462,0.0,0.0,-7.082117968407124e-220,44380.40875834551,0.0,9588.6989425611,0.0,3.552713678800501e-15,5.204170427930421e-17,,,220,24,new_300K_solve,direct_a20
direct,300,1.19656425503,10.0,1.19656425503,1.19656425503,distance,2.0,3.5,6.73794699908547e-13,8.208499862389881e-07,1.0475768654282459e-10,1.0,1.0,4,959.9194391087443,1.537960495862416e-06,3.25105879731731e+19,0.033400188113579476,0.9508054504615888,0.062293900747142854,0.007897180712415835,0.0,6.28814982357612e-222,2.3609041108641874e-221,1148.60528854597,-149.12261703175653,1297.7279055777267,1148.60528854597,0.0,0.0,-7.082117968407124e-220,44430.03628480082,1.6322491283064243e-221,9599.194391087443,0.0,3.552713678800501e-15,5.204170427930421e-17,,,220,24,new_300K_solve,direct_a20
direct,300,1.19656423483,10.0,1.19656423483,1.19656423483,distance,2.0,3.5,6.73794699908547e-13,8.208499862389881e-07,1.0475768654282459e-10,1.0,1.0,4,959.9186892627994,1.5379592944767638e-06,3.2510613369003848e+19,0.033400162022852904,0.950805488890161,0.06229392094714286,0.007897174543493023,0.0,1.4196198184676955e-221,2.3609059550978645e-221,1148.604371916758,-149.1225199342244,1297.7268918509826,1148.604371916758,0.0,0.0,-3.541058984203562e-220,44430.000827999815,0.0,9599.186892627993,0.0,3.552713678800501e-15,5.204170427930421e-17,,,220,24,new_300K_solve,direct_a20
direct,300,1.19656423983,10.0,1.19656423983,1.19656423983,distance,2.0,3.5,6.73794699908547e-13,8.208499862389881e-07,1.0475768654282459e-10,1.0,1.0,4,959.9188748681859,1.537959591849377e-06,3.251060708290497e+19,0.03340016848095197,0.9508054793781405,0.062293915947142856,0.00789717607045374,0.0,3.952660514768428e-222,1.1804527493021116e-221,1148.6045988051198,-149.1225439682628,1297.7271427733826,1148.6045988051198,0.0,0.0,-1.0623176952610685e-219,44430.0096044335,0.0,9599.18874868186,0.0,3.552713678800501e-15,5.204170427930421e-17,,,220,24,new_300K_solve,direct_a20
direct,300,1.24766095572,10.0,1.24766095572,1.24766095572,distance,2.0,3.5,6.73794699908547e-13,8.208499862389881e-07,1.0475768654282459e-10,1.0,1.0,4,4625.620602905746,7.411061247724577e-06,6.746672079569108e+18,0.16094746286474435,0.7629433132236809,0.011197200057142857,0.03805461195578738,0.0,1.3464398945801065e-221,9.798805152617306e-222,5771.206222219505,-482.23202732721376,6253.43824954672,5771.206222219505,0.0,0.0,3.541058984203562e-219,223240.22396316743,0.0,46256.20602905746,0.0,3.552713678800501e-15,5.204170427930421e-17,,,220,24,new_300K_solve,direct_a20
direct,300,1.2499129376,10.0,1.2499129376,1.2499129376,distance,2.0,3.5,6.73794699908547e-13,8.208499862389881e-07,1.0475768654282459e-10,1.0,1.0,4,4853.200724749689,7.775684801305816e-06,6.430301803334828e+18,0.16886606370853652,0.751280145340628,0.008945218177142857,0.0399268954754177,0.0,1.0057781705995056e-221,1.8678623682989467e-221,6066.078374634332,-495.02848004645426,6561.1068546807865,6066.078374634332,1.4943939790602476e-221,1.4943939790602476e-221,2.124635390522137e-219,234646.38808396208,0.0,48532.007247496884,0.0,3.552713678800501e-15,5.204170427930421e-17,,,220,24,new_300K_solve,direct_a20
direct,300,1.24938247556,10.0,1.24938247556,1.24938247556,distance,2.0,3.5,6.73794699908547e-13,8.208499862389881e-07,1.0475768654282459e-10,1.0,1.0,4,4799.44093002122,7.689552114343228e-06,6.502329297792989e+18,0.1669955033430277,0.7540352607970937,0.009475680217142858,0.03948461792993928,1.1065809325636131e-221,1.014457649317123e-221,2.8331771757594185e-221,5996.337390453901,-492.0908799885678,6488.428270442469,5996.337390453901,0.0,0.0,3.541058984203562e-219,231948.68636817354,2.5012735060331787e-221,47994.4093002122,0.0,3.552713678800501e-15,5.204170427930421e-17,,,220,24,new_300K_solve,direct_a20
direct,300,1.24938398049,10.0,1.24938398049,1.24938398049,distance,2.0,3.5,6.73794699908547e-13,8.208499862389881e-07,1.0475768654282459e-10,1.0,1.0,4,4799.593330627785,7.689796287034073e-06,6.502122830523618e+18,0.16700080608898793,0.754027450475852,0.009474175287142858,0.03948587171758004,0.0,1.9195687988108728e-221,3.7774496192057193e-221,5996.535020152998,-492.09928270417936,6488.634302857177,5996.535020152998,1.511724849283016e-221,3.023449698566032e-221,3.541058984203562e-219,231956.3310262553,0.0,47995.933306277846,0.0,3.552713678800501e-15,5.204170427930421e-17,,,220,24,new_300K_solve,direct_a20
direct,300,1.24938398549,10.0,1.24938398549,1.24938398549,distance,2.0,3.5,6.73794699908547e-13,8.208499862389881e-07,1.0475768654282459e-10,1.0,1.0,4,4799.593836966799,7.689797098278611e-06,6.502122144574228e+18,0.16700082370694383,0.7540274245266747,0.009474170287142857,0.039485875883190746,0.0,4.1193746567165197e-222,2.8330869155242935e-221,5996.535676762821,-492.0993106208306,6488.634987383652,5996.535676762821,1.5117246837518763e-221,1.5117246837518763e-221,2.124635390522137e-219,231956.35642505725,1.2505953984480648e-221,47995.93836966799,0.0,3.552713678800501e-15,5.204170427930421e-17,,,220,24,new_300K_solve,direct_a20
direct,300,1.29705501502,10.0,1.29705501502,1.29705501502,distance,2.0,3.5,6.73794699908547e-13,8.208499862389881e-07,1.0475768654282459e-10,1.0,1.0,4,8746.811507325428,1.401393701903912e-05,3.56787674527656e+18,0.3043434040776784,0.5517379539554526,-0.038196859242857144,0.07195932098343451,0.0,1.509526213502404e-221,2.0727806908766958e-221,11345.095731011093,-479.8355240780048,11824.931255089097,11345.095731011093,1.5980669030023639e-221,1.5980669030023639e-221,2.6557942381526714e-220,438847.89667080477,2.644046415048061e-221,87468.11507325429,0.0,3.552713678800501e-15,5.204170427930421e-17,,,220,24,new_300K_solve,direct_a20
direct,300,1.2944825569,10.0,1.2944825569000002,1.2944825569000002,distance,2.0,3.5,6.73794699908547e-13,8.208499862389881e-07,1.0475768654282459e-10,1.0,1.0,4,8625.863709797757,1.3820157283906522e-05,3.6179038322685844e+18,0.3001350517673032,0.5579363620423329,-0.03562440112285714,0.07096429309518193,0.0,9.148489503419311e-222,2.1018442452932423e-221,11166.030110529922,-495.39020231223816,11661.420312842161,11166.030110529922,1.623694528821381e-221,0.0,-7.613276816037658e-219,431921.32921140344,1.3432240195944326e-221,86258.63709797758,0.0,3.552713678800501e-15,5.204170427930421e-17,,,220,24,new_300K_solve,direct_a20
direct,300,1.29476765928,10.0,1.2947676592800001,1.2947676592800001,distance,2.0,3.5,6.73794699908547e-13,8.208499862389881e-07,1.0475768654282459e-10,1.0,1.0,4,8639.948998614875,1.384272440453245e-05,3.612005739536992e+18,0.3006251463283245,0.5572145103848847,-0.03590950350285714,0.07108017164339539,0.0,1.2885551891166474e-221,2.0984177108023218e-221,11186.72654123516,-493.7358616109944,11680.462402846155,11186.72654123516,0.0,1.620690550742686e-221,6.196853222356233e-219,432721.9028953046,1.3407389366936686e-221,86399.48998614874,0.0,3.552713678800501e-15,5.204170427930421e-17,,,220,24,new_300K_solve,direct_a20
direct,300,1.29475387926,10.0,1.29475387926,1.29475387926,distance,2.0,3.5,6.73794699908547e-13,8.208499862389881e-07,1.0475768654282459e-10,1.0,1.0,4,8639.272094484082,1.3841639884550635e-05,3.6122887473620495e+18,0.3006015935963116,0.5572492007895394,-0.03589572348285714,0.07107460280707445,0.0,7.022626756341615e-222,0.0,11185.731058315932,-493.81622879848635,11679.547287114417,11185.731058315932,0.0,1.620834785370911e-221,0.0,432683.3958967183,1.3408582568081668e-221,86392.72094484082,0.0,3.552713678800501e-15,5.204170427930421e-17,,,220,24,new_300K_solve,direct_a20
direct,300,1.29475380012,10.0,1.29475380012,1.29475380012,distance,2.0,3.5,6.73794699908547e-13,8.208499862389881e-07,1.0475768654282459e-10,1.0,1.0,4,8639.268205816335,1.3841633654218035e-05,3.6122903733088783e+18,0.3006014582909631,0.5572494000784071,-0.03589564434285714,0.0710745708153149,0.0,5.068055842934728e-222,0.0,11185.725339736595,-493.8166902359781,11679.542029972574,11185.725339736595,0.0,1.6208356140049091e-221,-3.71811193341374e-219,432683.17469219316,0.0,86392.68205816337,0.0,3.552713678800501e-15,5.204170427930421e-17,,,220,24,new_300K_solve,direct_a20
direct,300,1.29475380512,10.0,1.29475380512,1.29475380512,distance,2.0,3.5,6.73794699908547e-13,8.208499862389881e-07,1.0475768654282459e-10,1.0,1.0,4,8639.268451499549,1.3841634047845938e-05,3.6122902705826913e+18,0.30060146683945704,0.5572493874874808,-0.03589564934285714,0.07107457283653111,0.0,3.077671733977745e-221,2.098583010923258e-221,11185.72570103221,-493.8166610827779,11679.54236211499,11185.72570103221,0.0,0.0,6.019800273146055e-219,432683.18866773153,1.3408588989978918e-221,86392.68451499549,0.0,3.552713678800501e-15,5.204170427930421e-17,,,220,24,new_300K_solve,direct_a20
